Date,Open,High,Low,Close,Adj Close,Volume
2010-01-04,46.45000076293945,46.65999984741211,45.529998779296875,45.810001373291016,26.637310028076172,16952700
2010-01-05,45.810001373291016,45.959999084472656,45.290000915527344,45.91999816894531,26.701263427734375,14523000
2010-01-06,45.939998626708984,46.22999954223633,45.709999084472656,45.900001525878906,26.689632415771484,14859100
2010-01-07,45.869998931884766,46.52000045776367,45.369998931884766,46.310001373291016,26.928043365478516,16364700
2010-01-08,46.189998626708984,46.22999954223633,45.59000015258789,46.0,26.747785568237305,10629500
2010-01-11,46.25,46.470001220703125,45.93000030517578,46.220001220703125,26.875713348388672,7873900
2010-01-12,45.75,46.13999938964844,45.18000030517578,45.439998626708984,26.422161102294922,15196600
2010-01-13,45.47999954223633,46.36000061035156,45.41999816894531,46.290000915527344,26.916410446166992,14826100
2010-01-14,46.220001220703125,46.310001373291016,45.880001068115234,46.130001068115234,26.82337760925293,7233200
2010-01-15,46.0,46.09000015258789,45.560001373291016,45.709999084472656,26.57917022705078,15106200
2010-01-19,45.65999984741211,46.7400016784668,45.619998931884766,46.619998931884766,27.108299255371094,15621900
2010-01-20,46.22999954223633,46.2599983215332,45.68000030517578,46.13999938964844,26.82918930053711,13033200
2010-01-21,46.130001068115234,46.41999816894531,44.7400016784668,44.83000183105469,26.067455291748047,30837300
2010-01-22,44.709999084472656,45.13999938964844,43.66999816894531,43.79999923706055,25.46855354309082,26533200
2010-01-25,44.29999923706055,44.31999969482422,43.290000915527344,44.119998931884766,25.654619216918945,21265300
2010-01-26,43.7400016784668,44.43000030517578,43.630001068115234,43.7400016784668,25.433650970458984,16188000
2010-01-27,43.91999816894531,44.20000076293945,43.119998931884766,44.13999938964844,25.66625213623047,23190400
2010-01-28,44.40999984741211,44.4900016784668,43.36000061035156,43.720001220703125,25.422012329101562,19931500
2010-01-29,44.029998779296875,44.43000030517578,43.209999084472656,43.43000030517578,25.253402709960938,21419500
2010-02-01,43.77000045776367,44.29999923706055,43.68000030517578,44.220001220703125,25.712757110595703,13240700
2010-02-02,44.34000015258789,45.15999984741211,43.95000076293945,44.95000076293945,26.137235641479492,18533500
2010-02-03,44.779998779296875,44.84000015258789,44.119998931884766,44.43000030517578,25.834869384765625,15642000
2010-02-04,44.0099983215332,44.09000015258789,42.7400016784668,42.77000045776367,24.86962890625,27627500
2010-02-05,42.90999984741211,43.72999954223633,42.27000045776367,43.56999969482422,25.33480453491211,32914100
2010-02-08,43.709999084472656,43.84000015258789,42.4900016784668,42.58000183105469,24.75914764404297,15343700
2010-02-09,43.09000015258789,43.18000030517578,42.119998931884766,42.45000076293945,24.683557510375977,22262300
2010-02-10,42.529998779296875,43.029998779296875,41.709999084472656,42.47999954223633,24.70099639892578,16652800
2010-02-11,42.40999984741211,42.880001068115234,41.959999084472656,42.849998474121094,24.91614532470703,11875700
2010-02-12,42.34000015258789,43.27000045776367,42.189998626708984,43.2400016784668,25.14292335510254,14060900
2010-02-16,43.72999954223633,44.5,43.650001525878906,44.400001525878906,25.817420959472656,16756500
2010-02-17,44.5,45.0,44.4900016784668,44.81999969482422,26.061643600463867,13239000
2010-02-18,44.65999984741211,45.540000915527344,44.5099983215332,45.41999816894531,26.410531997680664,14092700
2010-02-19,45.220001220703125,45.68000030517578,45.04999923706055,45.40999984741211,26.404726028442383,12580700
2010-02-22,45.5099983215332,45.84000015258789,45.31999969482422,45.599998474121094,26.51518440246582,12070700
2010-02-23,45.349998474121094,45.709999084472656,45.119998931884766,45.2400016784668,26.305862426757812,9630700
2010-02-24,45.25,45.709999084472656,45.20000076293945,45.68000030517578,26.561716079711914,9650500
2010-02-25,45.150001525878906,45.93000030517578,44.900001525878906,45.90999984741211,26.695459365844727,13051400
2010-02-26,45.95000076293945,46.349998474121094,45.61000061035156,45.79999923706055,26.631492614746094,11251800
2010-03-01,46.08000183105469,46.459999084472656,45.97999954223633,46.27000045776367,26.904781341552734,6993900
2010-03-02,46.40999984741211,46.5,46.18000030517578,46.290000915527344,26.916410446166992,8746600
2010-03-03,46.349998474121094,46.4900016784668,46.09000015258789,46.189998626708984,26.8582706451416,7785000
2010-03-04,46.20000076293945,46.43000030517578,46.099998474121094,46.380001068115234,26.968753814697266,7619900
2010-03-05,46.5,47.61000061035156,46.45000076293945,47.439998626708984,27.585113525390625,13059100
2010-03-08,47.54999923706055,48.15999984741211,47.459999084472656,48.029998779296875,27.928165435791016,8495800
2010-03-09,47.81999969482422,48.77000045776367,47.689998626708984,48.189998626708984,28.02121925354004,12243200
2010-03-10,48.290000915527344,48.63999938964844,48.0,48.45000076293945,28.17239761352539,10583500
2010-03-11,48.150001525878906,48.70000076293945,48.0099983215332,48.689998626708984,28.311941146850586,8604100
2010-03-12,49.040000915527344,49.29999923706055,48.619998931884766,49.04999923706055,28.521276473999023,12207300
2010-03-15,48.939998626708984,49.2400016784668,48.400001525878906,48.90999984741211,28.439878463745117,12572400
2010-03-16,49.09000015258789,50.25,48.95000076293945,50.18000030517578,29.1783504486084,18134600
2010-03-17,50.290000915527344,50.959999084472656,50.11000061035156,50.790000915527344,29.53304100036621,20060300
2010-03-18,50.709999084472656,51.06999969482422,50.54999923706055,50.59000015258789,29.416751861572266,12631000
2010-03-19,50.15999984741211,50.869998931884766,50.04999923706055,50.15999984741211,29.16671371459961,14273200
2010-03-22,49.810001373291016,50.849998474121094,49.65999984741211,50.68000030517578,29.46907615661621,15289000
2010-03-23,50.630001068115234,50.7400016784668,50.060001373291016,50.540000915527344,29.387676239013672,16105700
2010-03-24,50.31999969482422,51.02000045776367,50.27000045776367,50.70000076293945,29.48070526123047,11596300
2010-03-25,50.529998779296875,51.15999984741211,50.290000915527344,50.290000915527344,29.52708625793457,18328500
2010-03-26,50.439998626708984,50.7599983215332,49.90999984741211,50.11000061035156,29.421405792236328,13100800
2010-03-29,50.43000030517578,50.5,50.0099983215332,50.33000183105469,29.550579071044922,12065300
2010-03-30,50.36000061035156,50.5099983215332,50.06999969482422,50.22999954223633,29.49187660217285,8298000
2010-03-31,50.02000045776367,50.34000015258789,49.72999954223633,49.779998779296875,29.227643966674805,8337300
2010-04-01,50.119998931884766,50.189998626708984,49.63999938964844,50.0099983215332,29.362689971923828,11865900
2010-04-05,50.33000183105469,51.099998474121094,50.11000061035156,51.04999923706055,29.973316192626953,14636500
2010-04-06,50.939998626708984,52.189998626708984,50.72999954223633,52.08000183105469,30.578065872192383,16859700
2010-04-07,51.939998626708984,52.06999969482422,50.72999954223633,50.959999084472656,29.920473098754883,15275300
2010-04-08,50.720001220703125,51.11000061035156,50.63999938964844,50.97999954223633,29.93222427368164,8579900
2010-04-09,51.15999984741211,51.83000183105469,50.95000076293945,51.790000915527344,30.40779685974121,11460200
2010-04-12,51.900001525878906,51.95000076293945,51.380001068115234,51.45000076293945,30.20817756652832,7833400
2010-04-13,51.40999984741211,52.77000045776367,51.380001068115234,52.619998931884766,30.8951416015625,13847500
2010-04-14,53.09000015258789,53.130001068115234,52.369998931884766,52.66999816894531,30.924476623535156,17132900
2010-04-15,52.38999938964844,52.58000183105469,51.33000183105469,51.36000061035156,30.155332565307617,19222200
2010-04-16,51.27000045776367,51.689998626708984,50.13999938964844,50.290000915527344,29.52708625793457,32486100
2010-04-19,49.91999816894531,50.86000061035156,49.75,50.47999954223633,29.638643264770508,20990600
2010-04-20,50.810001373291016,51.310001373291016,50.27000045776367,51.27000045776367,30.102493286132812,12239200
2010-04-21,51.2400016784668,52.52000045776367,51.18000030517578,52.22999954223633,30.6661376953125,21471400
2010-04-22,51.900001525878906,53.20000076293945,51.59000015258789,52.9900016784668,31.112354278564453,18688400
2010-04-23,53.150001525878906,53.75,52.66999816894531,53.68000030517578,31.517475128173828,13173900
2010-04-26,53.849998474121094,54.40999984741211,53.619998931884766,54.02000045776367,31.717121124267578,11956700
2010-04-27,53.599998474121094,53.970001220703125,52.22999954223633,52.310001373291016,30.71309471130371,22098000
2010-04-28,52.83000183105469,52.91999816894531,52.220001220703125,52.4900016784668,30.818809509277344,15187700
2010-04-29,53.20000076293945,54.72999954223633,53.09000015258789,54.65999984741211,32.092872619628906,20216600
2010-04-30,54.56999969482422,55.0,52.86000061035156,52.959999084472656,31.094755172729492,20171100
2010-05-03,53.38999938964844,54.900001525878906,53.380001068115234,54.599998474121094,32.05765151977539,20332100
2010-05-04,53.86000061035156,53.97999954223633,52.779998779296875,53.31999969482422,31.306114196777344,25009300
2010-05-05,52.41999816894531,53.529998779296875,51.810001373291016,52.56999969482422,30.865772247314453,21721100
2010-05-06,52.189998626708984,52.59000015258789,43.15999984741211,50.459999084472656,29.626911163330078,40853400
2010-05-07,50.599998474121094,51.65999984741211,48.810001373291016,49.61000061035156,29.12784194946289,31771300
2010-05-10,52.25,52.939998626708984,51.77000045776367,52.880001068115234,31.04779052734375,24930800
2010-05-11,52.130001068115234,53.540000915527344,51.9900016784668,52.939998626708984,31.0830078125,19801500
2010-05-12,53.369998931884766,54.0,52.939998626708984,53.79999923706055,31.58794403076172,13551200
2010-05-13,53.86000061035156,53.95000076293945,52.880001068115234,53.09000015258789,31.171085357666016,12836800
2010-05-14,52.59000015258789,52.59000015258789,50.810001373291016,51.45000076293945,30.20817756652832,21810900
2010-05-17,51.45000076293945,52.31999969482422,49.90999984741211,51.369998931884766,30.161205291748047,19768900
2010-05-18,52.08000183105469,52.22999954223633,49.849998474121094,50.060001373291016,29.39205551147461,17861700
2010-05-19,49.720001220703125,50.72999954223633,48.400001525878906,49.63999938964844,29.14546012878418,23569300
2010-05-20,48.380001068115234,48.88999938964844,47.16999816894531,47.2400016784668,27.736330032348633,31029900
2010-05-21,46.5,48.88999938964844,46.25,48.77000045776367,28.634647369384766,23970300
2010-05-24,48.91999816894531,49.13999938964844,47.70000076293945,47.790000915527344,28.059261322021484,19137900
2010-05-25,46.41999816894531,48.310001373291016,45.93000030517578,48.290000915527344,28.352825164794922,23967400
2010-05-26,48.970001220703125,49.630001068115234,47.7599983215332,48.099998474121094,28.241270065307617,20304200
2010-05-27,49.25,50.72999954223633,48.75,50.709999084472656,29.773691177368164,20292700
2010-05-28,50.66999816894531,51.02000045776367,49.779998779296875,49.95000076293945,29.327472686767578,15463200
2010-06-01,49.29999923706055,50.209999084472656,48.91999816894531,48.97999954223633,28.757930755615234,15112900
2010-06-02,49.400001525878906,50.119998931884766,48.54999923706055,50.060001373291016,29.39205551147461,16033600
2010-06-03,50.25,50.380001068115234,49.5,49.93000030517578,29.31572723388672,10995700
2010-06-04,48.900001525878906,49.369998931884766,47.0099983215332,47.220001220703125,27.724590301513672,26058700
2010-06-07,47.36000061035156,48.25,46.88999938964844,46.97999954223633,27.58367347717285,21973000
2010-06-08,47.119998931884766,47.880001068115234,46.0,47.79999923706055,28.06512451171875,26149600
2010-06-09,48.310001373291016,49.439998626708984,47.810001373291016,48.040000915527344,28.206031799316406,22432100
2010-06-10,49.04999923706055,50.25,48.63999938964844,50.04999923706055,29.386186599731445,25055600
2010-06-11,49.5099983215332,50.720001220703125,49.40999984741211,50.56999969482422,29.691503524780273,14358300
2010-06-14,51.2400016784668,51.72999954223633,50.66999816894531,51.16999816894531,30.043773651123047,16673400
2010-06-15,51.43000030517578,52.380001068115234,51.13999938964844,52.279998779296875,30.695497512817383,21950200
2010-06-16,51.880001068115234,52.29999923706055,51.59000015258789,51.900001525878906,30.472387313842773,12538600
2010-06-17,51.97999954223633,52.209999084472656,51.38999938964844,51.97999954223633,30.51935577392578,15515800
2010-06-18,52.130001068115234,52.20000076293945,51.56999969482422,51.83000183105469,30.431283950805664,10951600
2010-06-21,52.54999923706055,52.689998626708984,51.2400016784668,51.459999084472656,30.214033126831055,12016600
2010-06-22,51.54999923706055,51.7599983215332,49.849998474121094,50.0099983215332,29.362689971923828,20543300
2010-06-23,49.869998931884766,50.650001525878906,49.20000076293945,50.040000915527344,29.38031578063965,17497500
2010-06-24,49.43000030517578,49.54999923706055,48.47999954223633,48.59000015258789,28.775083541870117,20028200
2010-06-25,48.86000061035156,50.0099983215332,48.540000915527344,49.83000183105469,29.509414672851562,20899200
2010-06-28,50.04999923706055,50.06999969482422,49.04999923706055,49.2599983215332,29.171863555908203,10955200
2010-06-29,48.439998626708984,48.58000183105469,47.310001373291016,47.68000030517578,28.236177444458008,26764200
2010-06-30,47.709999084472656,48.40999984741211,47.06999969482422,47.209999084472656,27.95784568786621,16863600
2010-07-01,47.18000030517578,47.5,45.939998626708984,47.119998931884766,27.904544830322266,20930400
2010-07-02,47.33000183105469,47.439998626708984,46.0,46.220001220703125,27.371557235717773,14099300
2010-07-06,47.0,47.400001525878906,44.849998474121094,45.31999969482422,26.838571548461914,25757200
2010-07-07,45.45000076293945,47.540000915527344,45.369998931884766,47.47999954223633,28.11774253845215,22771600
2010-07-08,48.02000045776367,48.41999816894531,47.16999816894531,47.9900016784668,28.419769287109375,15471500
2010-07-09,47.88999938964844,48.72999954223633,47.810001373291016,48.619998931884766,28.792848587036133,13585800
2010-07-12,48.5099983215332,48.970001220703125,48.06999969482422,48.79999923706055,28.89943504333496,10050700
2010-07-13,49.5099983215332,50.119998931884766,49.2599983215332,49.869998931884766,29.533096313476562,17309700
2010-07-14,49.630001068115234,50.02000045776367,48.939998626708984,49.58000183105469,29.361364364624023,12125900
2010-07-15,49.59000015258789,49.65999984741211,48.52000045776367,49.470001220703125,29.29620933532715,16308800
2010-07-16,49.13999938964844,49.220001220703125,47.58000183105469,47.95000076293945,28.39606285095215,22010900
2010-07-19,48.040000915527344,48.779998779296875,47.290000915527344,48.5,28.72178077697754,16259600
2010-07-20,47.75,49.5,47.61000061035156,49.33000183105469,29.213315963745117,19416900
2010-07-21,49.5099983215332,49.7599983215332,48.150001525878906,48.380001068115234,28.650718688964844,18512300
2010-07-22,48.95000076293945,50.5,48.91999816894531,50.119998931884766,29.68115234375,21544600
2010-07-23,50.06999969482422,50.79999923706055,49.310001373291016,50.709999084472656,30.03054428100586,13185300
2010-07-26,50.720001220703125,52.13999938964844,50.47999954223633,52.02000045776367,30.806331634521484,14626000
2010-07-27,52.459999084472656,52.630001068115234,51.290000915527344,52.0099983215332,30.8004093170166,17355900
2010-07-28,51.779998779296875,52.4900016784668,51.59000015258789,51.93000030517578,30.75302505493164,13959800
2010-07-29,52.31999969482422,52.400001525878906,50.93000030517578,51.470001220703125,30.48062515258789,15297300
2010-07-30,50.869998931884766,51.9900016784668,50.79999923706055,51.650001525878906,30.58721160888672,11730300
2010-08-02,52.439998626708984,53.45000076293945,52.279998779296875,53.220001220703125,31.516971588134766,18843400
2010-08-03,53.11000061035156,53.189998626708984,52.459999084472656,52.939998626708984,31.351158142089844,10431400
2010-08-04,53.0,53.16999816894531,52.59000015258789,53.11000061035156,31.45182991027832,9319200
2010-08-05,52.83000183105469,53.09000015258789,52.310001373291016,52.45000076293945,31.06096649169922,7449400
2010-08-06,51.869998931884766,52.41999816894531,51.459999084472656,52.279998779296875,30.960309982299805,11075000
2010-08-09,52.58000183105469,53.0,52.220001220703125,52.79999923706055,31.268247604370117,8254900
2010-08-10,52.34000015258789,52.869998931884766,51.810001373291016,52.38999938964844,31.025442123413086,15500900
2010-08-11,51.470001220703125,51.75,50.720001220703125,51.130001068115234,30.279264450073242,20175400
2010-08-12,50.459999084472656,51.040000915527344,50.29999923706055,50.540000915527344,29.929874420166016,10760300
2010-08-13,50.45000076293945,50.90999984741211,50.349998474121094,50.43000030517578,29.864728927612305,9818100
2010-08-16,50.34000015258789,50.91999816894531,50.0099983215332,50.47999954223633,29.894338607788086,11577500
2010-08-17,50.93000030517578,51.900001525878906,50.65999984741211,51.58000183105469,30.545753479003906,13384800
2010-08-18,51.630001068115234,51.95000076293945,51.220001220703125,51.59000015258789,30.551694869995117,9191000
2010-08-19,51.41999816894531,51.470001220703125,50.15999984741211,50.41999816894531,29.858800888061523,18212900
2010-08-20,50.189998626708984,50.34000015258789,49.7599983215332,50.27000045776367,29.769983291625977,15910500
2010-08-23,50.459999084472656,50.65999984741211,50.0,50.029998779296875,29.627851486206055,11039300
2010-08-24,49.36000061035156,50.130001068115234,48.95000076293945,49.810001373291016,29.497560501098633,15820700
2010-08-25,49.47999954223633,50.70000076293945,49.310001373291016,50.459999084472656,29.88249397277832,13757000
2010-08-26,50.77000045776367,51.11000061035156,50.099998474121094,50.18000030517578,29.71668815612793,11290600
2010-08-27,50.5,51.04999923706055,49.459999084472656,50.97999954223633,30.190441131591797,17038300
2010-08-30,50.83000183105469,51.310001373291016,50.5099983215332,50.5099983215332,29.91211700439453,10888000
2010-08-31,50.349998474121094,51.119998931884766,50.18000030517578,50.97999954223633,30.190441131591797,11610200
2010-09-01,51.63999938964844,52.720001220703125,51.56999969482422,52.59000015258789,31.143888473510742,17775000
2010-09-02,52.63999938964844,53.31999969482422,52.5099983215332,53.25,31.53473663330078,10102100
2010-09-03,53.95000076293945,54.040000915527344,53.439998626708984,53.95000076293945,31.94929313659668,10942500
2010-09-07,53.61000061035156,53.720001220703125,53.13999938964844,53.20000076293945,31.505125045776367,9147200
2010-09-08,53.349998474121094,53.650001525878906,53.11000061035156,53.22999954223633,31.522890090942383,9256500
2010-09-09,53.849998474121094,53.970001220703125,52.63999938964844,52.83000183105469,31.286020278930664,7312700
2010-09-10,52.97999954223633,53.27000045776367,52.63999938964844,53.040000915527344,31.410381317138672,9708400
2010-09-13,53.459999084472656,53.93000030517578,53.38999938964844,53.869998931884766,31.901899337768555,8810500
2010-09-14,53.650001525878906,54.060001373291016,53.40999984741211,53.709999084472656,31.80716323852539,9984600
2010-09-15,53.45000076293945,54.290000915527344,53.34000015258789,54.130001068115234,32.05589294433594,9842700
2010-09-16,54.02000045776367,54.18000030517578,53.650001525878906,53.84000015258789,31.884143829345703,9198500
2010-09-17,54.0099983215332,54.209999084472656,53.54999923706055,54.0,31.978866577148438,7559200
2010-09-20,54.18000030517578,55.40999984741211,54.08000183105469,55.209999084472656,32.69544982910156,14170600
2010-09-21,55.279998779296875,55.279998779296875,54.290000915527344,54.34000015258789,32.18023681640625,14413000
2010-09-22,54.150001525878906,54.529998779296875,53.63999938964844,53.779998779296875,31.848608016967773,11476400
2010-09-23,52.91999816894531,53.06999969482422,51.939998626708984,52.119998931884766,31.134166717529297,14622000
2010-09-24,52.779998779296875,53.599998474121094,52.709999084472656,53.540000915527344,31.982421875,11956700
2010-09-27,53.7400016784668,53.779998779296875,52.779998779296875,53.0099983215332,31.665813446044922,7172900
2010-09-28,53.060001373291016,53.29999923706055,52.22999954223633,53.150001525878906,31.749435424804688,9984300
2010-09-29,53.09000015258789,53.099998474121094,52.56999969482422,52.7599983215332,31.51647186279297,8977400
2010-09-30,53.18000030517578,53.619998931884766,52.52000045776367,52.880001068115234,31.588157653808594,10119400
2010-10-01,53.15999984741211,53.40999984741211,52.540000915527344,53.13999938964844,31.743478775024414,8272400
2010-10-04,53.04999923706055,53.599998474121094,52.9900016784668,53.59000015258789,32.01229476928711,11356500
2010-10-05,53.97999954223633,54.52000045776367,53.59000015258789,54.290000915527344,32.43042755126953,11265200
2010-10-06,54.15999984741211,54.290000915527344,53.810001373291016,54.130001068115234,32.334869384765625,8326400
2010-10-07,54.349998474121094,54.56999969482422,53.9900016784668,54.25,32.40652084350586,6120600
2010-10-08,54.189998626708984,54.4900016784668,53.95000076293945,54.31999969482422,32.44835662841797,6750800
2010-10-11,54.36000061035156,54.52000045776367,54.18000030517578,54.2400016784668,32.400569915771484,5457700
2010-10-12,54.119998931884766,54.88999938964844,53.970001220703125,54.709999084472656,32.68131637573242,7765400
2010-10-13,55.0,55.75,54.86000061035156,55.25,33.00389099121094,9291200
2010-10-14,55.099998474121094,55.45000076293945,54.75,55.08000183105469,32.902339935302734,8283600
2010-10-15,55.31999969482422,55.560001373291016,54.91999816894531,55.04999923706055,32.88441848754883,10031100
2010-10-18,54.900001525878906,55.79999923706055,54.77000045776367,54.77000045776367,32.717166900634766,10987400
2010-10-19,54.959999084472656,55.790000915527344,54.790000915527344,55.040000915527344,32.87845230102539,18057400
2010-10-20,55.09000015258789,56.56999969482422,55.060001373291016,56.13999938964844,33.53553009033203,20963800
2010-10-21,56.400001525878906,56.66999816894531,55.70000076293945,56.029998779296875,33.46984100341797,12328700
2010-10-22,56.25,56.38999938964844,55.709999084472656,56.040000915527344,33.475807189941406,5044900
2010-10-25,56.400001525878906,56.4900016784668,56.099998474121094,56.150001525878906,33.54151916503906,8215500
2010-10-26,55.68000030517578,55.93000030517578,55.47999954223633,55.81999969482422,33.344383239746094,9226500
2010-10-27,55.529998779296875,55.66999816894531,54.900001525878906,55.2599983215332,33.00986099243164,10602600
2010-10-28,55.439998626708984,55.65999984741211,54.380001068115234,54.91999816894531,32.8067626953125,8119800
2010-10-29,54.790000915527344,55.15999984741211,54.689998626708984,54.959999084472656,32.830657958984375,5958400
2010-11-01,55.13999938964844,55.88999938964844,55.040000915527344,55.36000061035156,33.069610595703125,6971600
2010-11-02,55.689998626708984,55.900001525878906,55.41999816894531,55.66999816894531,33.2547721862793,5907600
2010-11-03,55.81999969482422,55.84000015258789,55.25,55.61000061035156,33.21894073486328,9241600
2010-11-04,56.18000030517578,57.15999984741211,56.119998931884766,57.04999923706055,34.079132080078125,10704000
2010-11-05,57.06999969482422,57.970001220703125,56.86000061035156,57.619998931884766,34.41963195800781,10082800
2010-11-08,57.5099983215332,57.63999938964844,56.88999938964844,57.34000015258789,34.252376556396484,5943100
2010-11-09,57.54999923706055,57.59000015258789,54.849998474121094,55.27000045776367,33.015838623046875,15955700
2010-11-10,55.40999984741211,55.95000076293945,55.27000045776367,55.93000030517578,33.410099029541016,11988200
2010-11-11,55.61000061035156,55.970001220703125,55.31999969482422,55.47999954223633,33.141292572021484,6478700
2010-11-12,55.189998626708984,55.63999938964844,54.70000076293945,54.959999084472656,32.830657958984375,8962200
2010-11-15,55.099998474121094,55.38999938964844,54.36000061035156,54.36000061035156,32.472251892089844,9312700
2010-11-16,54.130001068115234,54.150001525878906,52.27000045776367,52.650001525878906,31.450769424438477,25248100
2010-11-17,52.81999969482422,53.400001525878906,52.630001068115234,53.11000061035156,31.72554588317871,8071000
2010-11-18,53.849998474121094,54.0,53.36000061035156,53.47999954223633,31.946557998657227,9727700
2010-11-19,53.31999969482422,53.83000183105469,52.88999938964844,53.72999954223633,32.09590530395508,8482900
2010-11-22,53.540000915527344,54.0099983215332,53.5099983215332,53.84000015258789,32.161624908447266,18122300
2010-11-23,53.20000076293945,53.560001373291016,53.150001525878906,53.459999084472656,31.934616088867188,7534200
2010-11-24,53.900001525878906,54.52000045776367,53.810001373291016,54.4900016784668,32.5499153137207,8095300
2010-11-26,54.099998474121094,54.52000045776367,54.040000915527344,54.33000183105469,32.4543342590332,2880400
2010-11-29,53.959999084472656,54.41999816894531,53.54999923706055,54.29999923706055,32.436405181884766,7317300
2010-11-30,53.72999954223633,54.41999816894531,53.720001220703125,54.09000015258789,32.31096267700195,9645100
2010-12-01,54.66999816894531,54.790000915527344,54.029998779296875,54.5,32.55588912963867,10578100
2010-12-02,54.68000030517578,55.310001373291016,54.5099983215332,55.2400016784668,32.997920989990234,9225100
2010-12-03,54.93000030517578,55.45000076293945,54.810001373291016,55.31999969482422,33.04570770263672,6490700
2010-12-06,55.25,55.540000915527344,54.7400016784668,55.349998474121094,33.063629150390625,5690600
2010-12-07,55.93000030517578,55.9900016784668,55.439998626708984,55.529998779296875,33.17115783691406,9683100
2010-12-08,55.54999923706055,55.66999816894531,54.34000015258789,54.70000076293945,32.67535400390625,11524900
2010-12-09,54.849998474121094,55.040000915527344,54.08000183105469,54.11000061035156,32.32289505004883,9680300
2010-12-10,54.2599983215332,54.91999816894531,54.220001220703125,54.66999816894531,32.657440185546875,8561300
2010-12-13,54.90999984741211,55.09000015258789,54.61000061035156,54.810001373291016,32.74105453491211,4916500
2010-12-14,54.790000915527344,55.33000183105469,54.02000045776367,54.25,32.40652084350586,11468300
2010-12-15,54.189998626708984,54.56999969482422,53.630001068115234,53.650001525878906,32.04812240600586,14739600
2010-12-16,53.79999923706055,54.02000045776367,53.459999084472656,53.790000915527344,32.131752014160156,8022100
2010-12-17,53.88999938964844,54.2599983215332,53.720001220703125,54.209999084472656,32.38264083862305,9081800
2010-12-20,54.529998779296875,55.0,54.20000076293945,54.83000183105469,32.75300979614258,8590600
2010-12-21,55.0099983215332,55.47999954223633,54.91999816894531,55.43000030517578,33.111412048339844,7888500
2010-12-22,54.63999938964844,55.529998779296875,54.63999938964844,55.220001220703125,33.34207534790039,8385100
2010-12-23,55.15999984741211,55.380001068115234,54.97999954223633,55.04999923706055,33.23942565917969,5137200
2010-12-27,54.91999816894531,55.619998931884766,54.790000915527344,55.4900016784668,33.505096435546875,3042600
2010-12-28,55.7599983215332,55.849998474121094,55.36000061035156,55.709999084472656,33.637935638427734,4406700
2010-12-29,55.86000061035156,56.0099983215332,55.59000015258789,55.959999084472656,33.78889083862305,4285200
2010-12-30,55.95000076293945,56.25,55.849998474121094,56.029998779296875,33.83115005493164,2882900
2010-12-31,55.939998626708984,56.290000915527344,55.86000061035156,55.959999084472656,33.78889083862305,3975100
2011-01-03,56.290000915527344,56.93000030517578,56.25,56.83000183105469,34.31420135498047,8221200
2011-01-04,57.0,57.08000183105469,55.560001373291016,55.81999969482422,33.704349517822266,11275100
2011-01-05,55.63999938964844,56.16999816894531,55.599998474121094,56.04999923706055,33.84323501586914,9167100
2011-01-06,56.13999938964844,56.22999954223633,55.619998931884766,55.75,33.662078857421875,6797500
2011-01-07,55.900001525878906,56.099998474121094,55.22999954223633,55.72999954223633,33.65001678466797,10495700
2011-01-10,55.52000045776367,55.83000183105469,55.150001525878906,55.709999084472656,33.637935638427734,5989200
2011-01-11,55.81999969482422,56.040000915527344,55.20000076293945,55.61000061035156,33.57756042480469,8320200
2011-01-12,55.97999954223633,56.060001373291016,55.61000061035156,55.86000061035156,33.72850799560547,7137800
2011-01-13,55.88999938964844,56.189998626708984,55.70000076293945,56.02000045776367,33.82511901855469,6677700
2011-01-14,55.9900016784668,56.40999984741211,55.869998931884766,56.400001525878906,34.054561614990234,6098100
2011-01-18,56.36000061035156,56.939998626708984,56.18000030517578,56.93000030517578,34.37458038330078,7070500
2011-01-19,56.93000030517578,56.93000030517578,55.95000076293945,56.25,33.9640007019043,8252400
2011-01-20,56.130001068115234,56.63999938964844,55.970001220703125,56.130001068115234,33.891536712646484,7770300
2011-01-21,56.5099983215332,56.5099983215332,56.16999816894531,56.349998474121094,34.02436447143555,5531800
2011-01-24,56.38999938964844,56.900001525878906,56.25,56.630001068115234,34.19343948364258,6358700
2011-01-25,56.47999954223633,57.22999954223633,56.33000183105469,57.22999954223633,34.55571746826172,8312200
2011-01-26,57.36000061035156,57.56999969482422,57.0,57.38999938964844,34.65232467651367,5947400
2011-01-27,57.849998474121094,58.29999923706055,57.54999923706055,58.189998626708984,35.13536071777344,9976400
2011-01-28,58.16999816894531,58.43000030517578,57.099998474121094,57.279998779296875,34.58589172363281,11241800
2011-01-31,57.40999984741211,58.18000030517578,57.349998474121094,57.959999084472656,34.99649429321289,7034900
2011-02-01,58.380001068115234,58.380001068115234,57.599998474121094,58.22999954223633,35.1595344543457,10015600
2011-02-02,58.15999984741211,58.54999923706055,58.09000015258789,58.2400016784668,35.16556167602539,5691800
2011-02-03,58.099998474121094,58.47999954223633,57.93000030517578,58.38999938964844,35.256126403808594,4660700
2011-02-04,58.470001220703125,58.470001220703125,57.65999984741211,57.86000061035156,34.93611526489258,7869000
2011-02-07,57.939998626708984,58.560001373291016,57.880001068115234,58.5099983215332,35.328590393066406,8855600
2011-02-08,58.5099983215332,58.83000183105469,58.439998626708984,58.65999984741211,35.419166564941406,3782600
2011-02-09,58.650001525878906,58.81999969482422,58.470001220703125,58.79999923706055,35.503684997558594,4637000
2011-02-10,58.56999969482422,59.09000015258789,58.52000045776367,58.9900016784668,35.61841583251953,7841500
2011-02-11,58.88999938964844,59.439998626708984,58.72999954223633,59.36000061035156,35.84181594848633,5034600
2011-02-14,59.470001220703125,59.56999969482422,58.97999954223633,59.349998474121094,35.835792541503906,4617700
2011-02-15,59.09000015258789,59.36000061035156,58.83000183105469,59.150001525878906,35.715023040771484,4658100
2011-02-16,59.36000061035156,59.75,59.08000183105469,59.31999969482422,35.81766891479492,4536500
2011-02-17,59.27000045776367,59.61000061035156,59.2599983215332,59.400001525878906,35.8659553527832,3049000
2011-02-18,59.529998779296875,59.779998779296875,59.38999938964844,59.630001068115234,36.00484848022461,5717600
2011-02-22,59.15999984741211,59.7400016784668,58.959999084472656,59.09000015258789,35.67879104614258,11044000
2011-02-23,59.02000045776367,59.310001373291016,58.2400016784668,58.619998931884766,35.39500427246094,10140100
2011-02-24,58.540000915527344,58.7599983215332,57.779998779296875,58.29999923706055,35.20178985595703,6473500
2011-02-25,58.599998474121094,59.369998931884766,58.470001220703125,59.34000015258789,35.829742431640625,5754400
2011-02-28,59.86000061035156,60.630001068115234,59.689998626708984,60.58000183105469,36.578453063964844,7632300
2011-03-01,60.790000915527344,60.790000915527344,58.939998626708984,58.95000076293945,35.594268798828125,10545700
2011-03-02,58.849998474121094,59.09000015258789,58.279998779296875,58.47999954223633,35.310462951660156,11167400
2011-03-03,59.08000183105469,59.349998474121094,58.880001068115234,59.31999969482422,35.81766891479492,4923100
2011-03-04,59.349998474121094,59.400001525878906,58.470001220703125,58.810001373291016,35.509742736816406,5794200
2011-03-07,58.7599983215332,59.15999984741211,58.029998779296875,58.43000030517578,35.28029251098633,8418300
2011-03-08,58.43000030517578,59.43000030517578,58.380001068115234,59.15999984741211,35.72105026245117,8610100
2011-03-09,59.060001373291016,59.470001220703125,58.70000076293945,59.189998626708984,35.73917007446289,5716000
2011-03-10,58.70000076293945,58.75,58.0099983215332,58.27000045776367,35.183692932128906,9453000
2011-03-11,58.0099983215332,59.06999969482422,58.0099983215332,58.93000030517578,35.5821647644043,7274400
2011-03-14,58.54999923706055,58.75,58.2400016784668,58.529998779296875,35.34065628051758,6182800
2011-03-15,57.349998474121094,58.5099983215332,57.09000015258789,58.060001373291016,35.056880950927734,9021200
2011-03-16,58.060001373291016,58.209999084472656,56.95000076293945,57.29999923706055,34.59797286987305,10512300
2011-03-17,57.95000076293945,58.16999816894531,57.2400016784668,57.779998779296875,34.887813568115234,7135300
2011-03-18,58.20000076293945,58.54999923706055,58.060001373291016,58.290000915527344,35.19574737548828,7457600
2011-03-21,58.65999984741211,59.18000030517578,58.65999984741211,58.93000030517578,35.5821647644043,7374800
2011-03-22,58.93000030517578,59.0,58.33000183105469,58.400001525878906,35.26216506958008,4561200
2011-03-23,58.290000915527344,58.33000183105469,57.54999923706055,57.959999084472656,34.99649429321289,9350000
2011-03-24,58.25,58.400001525878906,57.619998931884766,58.22999954223633,35.1595344543457,5258300
2011-03-25,57.95000076293945,58.33000183105469,57.720001220703125,58.02000045776367,35.33796691894531,5726100
2011-03-28,58.130001068115234,58.33000183105469,57.88999938964844,58.02000045776367,35.33796691894531,4996500
2011-03-29,57.95000076293945,58.40999984741211,57.5,58.279998779296875,35.496341705322266,6396500
2011-03-30,58.529998779296875,59.029998779296875,58.34000015258789,58.959999084472656,35.910491943359375,6588600
2011-03-31,58.790000915527344,59.41999816894531,58.790000915527344,59.400001525878906,36.178470611572266,5485100
2011-04-01,59.54999923706055,59.900001525878906,59.2599983215332,59.540000915527344,36.26375198364258,7773600
2011-04-04,59.599998474121094,59.77000045776367,59.380001068115234,59.4900016784668,36.23331832885742,3413200
2011-04-05,59.4900016784668,59.790000915527344,59.380001068115234,59.59000015258789,36.29419708251953,4292400
2011-04-06,59.790000915527344,59.79999923706055,59.369998931884766,59.5099983215332,36.245479583740234,4166500
2011-04-07,59.40999984741211,59.59000015258789,58.619998931884766,58.88999938964844,35.86787414550781,5959800
2011-04-08,59.130001068115234,59.33000183105469,58.2599983215332,58.45000076293945,35.59987258911133,6171500
2011-04-11,58.52000045776367,58.880001068115234,58.220001220703125,58.38999938964844,35.56332778930664,5972100
2011-04-12,58.22999954223633,58.560001373291016,58.13999938964844,58.27000045776367,35.49026107788086,4973900
2011-04-13,58.459999084472656,58.650001525878906,58.060001373291016,58.20000076293945,35.44761276245117,5453600
2011-04-14,57.9900016784668,59.150001525878906,57.939998626708984,58.9900016784668,35.92877197265625,9900800
2011-04-15,59.099998474121094,59.689998626708984,59.04999923706055,59.63999938964844,36.324676513671875,10167200
2011-04-18,59.15999984741211,59.18000030517578,58.709999084472656,59.04999923706055,35.96531677246094,6723200
2011-04-19,59.13999938964844,59.54999923706055,59.04999923706055,59.5099983215332,36.245479583740234,5154500
2011-04-20,60.060001373291016,60.25,59.59000015258789,60.20000076293945,36.66574478149414,6934100
2011-04-21,60.400001525878906,60.650001525878906,59.91999816894531,60.630001068115234,36.92765808105469,6289600
2011-04-25,60.720001220703125,61.09000015258789,60.400001525878906,60.93000030517578,37.1103515625,3678600
2011-04-26,61.0,61.68000030517578,60.83000183105469,61.5,37.4575309753418,7500000
2011-04-27,61.5,61.86000061035156,61.27000045776367,61.779998779296875,37.6280632019043,5758400
2011-04-28,61.88999938964844,62.66999816894531,61.7599983215332,62.470001220703125,38.048309326171875,6937100
2011-04-29,62.59000015258789,62.59000015258789,61.459999084472656,62.16999816894531,37.86559295654297,8025200
2011-05-02,62.369998931884766,62.61000061035156,61.709999084472656,62.15999984741211,37.859519958496094,6406100
2011-05-03,62.130001068115234,62.41999816894531,61.040000915527344,61.7400016784668,37.60369873046875,8359000
2011-05-04,61.720001220703125,61.77000045776367,61.099998474121094,61.400001525878906,37.39661407470703,7183600
2011-05-05,60.970001220703125,61.790000915527344,60.88999938964844,61.310001373291016,37.341800689697266,7161900
2011-05-06,61.7599983215332,61.900001525878906,60.72999954223633,60.97999954223633,37.14080810546875,9640400
2011-05-09,60.88999938964844,61.34000015258789,60.66999816894531,61.220001220703125,37.2869758605957,4173200
2011-05-10,61.470001220703125,62.20000076293945,61.400001525878906,62.06999969482422,37.80467987060547,9880500
2011-05-11,62.029998779296875,62.040000915527344,61.22999954223633,61.380001068115234,37.384429931640625,6799300
2011-05-12,61.13999938964844,61.540000915527344,60.7400016784668,61.369998931884766,37.378334045410156,5726500
2011-05-13,61.40999984741211,61.529998779296875,60.68000030517578,60.810001373291016,37.037269592285156,4520400
2011-05-16,60.56999969482422,61.31999969482422,60.5,60.95000076293945,37.12254333496094,4892000
2011-05-17,60.77000045776367,61.04999923706055,60.4900016784668,60.86000061035156,37.067726135253906,7169300
2011-05-18,60.93000030517578,61.54999923706055,60.61000061035156,61.540000915527344,37.48188781738281,5997000
2011-05-19,61.619998931884766,61.97999954223633,61.25,61.65999984741211,37.554969787597656,5112300
2011-05-20,61.45000076293945,61.65999984741211,60.97999954223633,61.029998779296875,37.17127227783203,5737100
2011-05-23,60.38999938964844,60.689998626708984,60.290000915527344,60.38999938964844,36.781471252441406,10880900
2011-05-24,60.47999954223633,60.779998779296875,60.349998474121094,60.56999969482422,36.89107894897461,5952100
2011-05-25,60.45000076293945,61.130001068115234,60.06999969482422,60.81999969482422,37.043373107910156,7244500
2011-05-26,60.79999923706055,61.7400016784668,60.54999923706055,61.61000061035156,37.52452087402344,5439200
2011-05-27,61.720001220703125,61.880001068115234,61.40999984741211,61.720001220703125,37.59151840209961,4434300
2011-05-31,62.189998626708984,62.79999923706055,62.029998779296875,62.79999923706055,38.249305725097656,8053800
2011-06-01,62.65999984741211,62.65999984741211,60.939998626708984,61.029998779296875,37.17127227783203,11081400
2011-06-02,61.09000015258789,61.529998779296875,60.61000061035156,60.68000030517578,36.95808792114258,9761900
2011-06-03,60.08000183105469,61.18000030517578,60.0,60.900001525878906,37.092063903808594,8633900
2011-06-06,60.7400016784668,61.02000045776367,60.0099983215332,60.029998779296875,36.56219482421875,9572100
2011-06-07,60.40999984741211,61.25,60.25,60.75,37.0007209777832,10586800
2011-06-08,60.459999084472656,61.040000915527344,60.36000061035156,60.459999084472656,36.82408905029297,10070500
2011-06-09,60.599998474121094,60.709999084472656,59.630001068115234,59.900001525878906,36.483028411865234,14752700
2011-06-10,59.65999984741211,59.77000045776367,58.369998931884766,58.47999954223633,35.61813735961914,19779400
2011-06-13,58.58000183105469,59.09000015258789,58.2599983215332,58.59000015258789,35.685142517089844,11480900
2011-06-14,59.16999816894531,59.650001525878906,59.02000045776367,59.5099983215332,36.245479583740234,9474700
2011-06-15,59.099998474121094,59.310001373291016,58.11000061035156,58.529998779296875,35.64859390258789,13796400
2011-06-16,58.58000183105469,59.20000076293945,58.11000061035156,58.939998626708984,35.8983154296875,16150300
2011-06-17,59.529998779296875,59.619998931884766,58.93000030517578,59.439998626708984,36.20285415649414,10435600
2011-06-20,59.290000915527344,60.22999954223633,59.220001220703125,60.06999969482422,36.58657455444336,9671800
2011-06-21,60.40999984741211,60.689998626708984,60.06999969482422,60.599998474121094,36.909366607666016,10822700
2011-06-22,60.45000076293945,61.02000045776367,60.380001068115234,60.470001220703125,36.83018493652344,7047900
2011-06-23,59.630001068115234,59.689998626708984,58.77000045776367,59.36000061035156,36.15412139892578,16433100
2011-06-24,59.02000045776367,59.27000045776367,58.43000030517578,58.7599983215332,36.114784240722656,6841000
2011-06-27,58.79999923706055,59.25,58.709999084472656,59.06999969482422,36.305320739746094,6923700
2011-06-28,59.16999816894531,59.56999969482422,58.869998931884766,59.560001373291016,36.606483459472656,9195700
2011-06-29,59.75,60.31999969482422,59.54999923706055,60.220001220703125,37.012123107910156,9353500
2011-06-30,60.34000015258789,60.63999938964844,60.09000015258789,60.29999923706055,37.0612907409668,7668800
2011-07-01,60.369998931884766,61.5099983215332,60.36000061035156,61.380001068115234,37.725074768066406,8979800
2011-07-05,61.4900016784668,61.900001525878906,61.060001373291016,61.7599983215332,37.95863723754883,7364000
2011-07-06,61.529998779296875,62.209999084472656,61.459999084472656,62.13999938964844,38.19219207763672,6769600
2011-07-07,62.52000045776367,63.0,62.470001220703125,62.91999816894531,38.671592712402344,8554700
2011-07-08,62.29999923706055,62.7400016784668,62.0,62.70000076293945,38.536376953125,6190600
2011-07-11,61.900001525878906,62.16999816894531,61.470001220703125,61.52000045776367,37.811119079589844,9516800
2011-07-12,61.38999938964844,62.52000045776367,61.2599983215332,61.72999954223633,37.9401969909668,13880700
2011-07-13,61.9900016784668,62.02000045776367,61.16999816894531,61.209999084472656,37.62059783935547,11903500
2011-07-14,61.400001525878906,61.40999984741211,60.349998474121094,60.529998779296875,37.20266342163086,10699900
2011-07-15,60.709999084472656,61.209999084472656,60.40999984741211,61.189998626708984,37.608299255371094,7770700
2011-07-18,61.130001068115234,61.130001068115234,60.20000076293945,60.63999938964844,37.270263671875,7655000
2011-07-19,60.9900016784668,61.75,60.88999938964844,61.689998626708984,37.91561508178711,7002100
2011-07-20,61.88999938964844,62.15999984741211,61.560001373291016,62.150001525878906,38.198333740234375,6354000
2011-07-21,62.33000183105469,62.880001068115234,62.33000183105469,62.54999923706055,38.44417953491211,7590700
2011-07-22,62.630001068115234,62.95000076293945,62.380001068115234,62.869998931884766,38.64085388183594,5746900
2011-07-25,62.2400016784668,62.56999969482422,62.0,62.15999984741211,38.204490661621094,5592900
2011-07-26,62.2599983215332,62.400001525878906,61.709999084472656,62.15999984741211,38.204490661621094,5486200
2011-07-27,61.88999938964844,61.91999816894531,60.43000030517578,60.4900016784668,37.17807388305664,11892500
2011-07-28,60.5,60.9900016784668,59.86000061035156,60.400001525878906,37.12276077270508,9457100
2011-07-29,59.900001525878906,60.529998779296875,59.04999923706055,60.43000030517578,37.14120864868164,10842500
2011-08-01,61.099998474121094,61.099998474121094,59.220001220703125,59.630001068115234,36.649505615234375,10917400
2011-08-02,59.189998626708984,59.630001068115234,57.81999969482422,57.880001068115234,35.57392120361328,13317000
2011-08-03,57.86000061035156,57.97999954223633,56.08000183105469,57.52000045776367,35.352664947509766,18340600
2011-08-04,56.869998931884766,57.060001373291016,54.279998779296875,54.7400016784668,33.64404296875,19706200
2011-08-05,55.400001525878906,55.5,52.7599983215332,53.61000061035156,32.949527740478516,26113300
2011-08-08,51.869998931884766,52.54999923706055,49.04999923706055,49.04999923706055,30.14687728881836,33376700
2011-08-09,49.869998931884766,53.59000015258789,49.349998474121094,53.59000015258789,32.937232971191406,38397600
2011-08-10,52.310001373291016,54.7599983215332,51.90999984741211,52.33000183105469,32.16282272338867,40944700
2011-08-11,52.630001068115234,55.810001373291016,52.33000183105469,54.77000045776367,33.6624870300293,26720500
2011-08-12,55.5,56.0,54.439998626708984,54.689998626708984,33.613304138183594,14799300
2011-08-15,55.119998931884766,56.65999984741211,55.0,56.63999938964844,34.81178283691406,13562900
2011-08-16,55.97999954223633,56.779998779296875,55.529998779296875,56.43000030517578,34.68274688720703,10901200
2011-08-17,56.72999954223633,57.189998626708984,56.04999923706055,56.5,34.72575378417969,10481300
2011-08-18,54.66999816894531,55.13999938964844,53.47999954223633,54.06999969482422,33.23224639892578,23216900
2011-08-19,53.22999954223633,54.4900016784668,52.869998931884766,52.9900016784668,32.568450927734375,16993800
2011-08-22,54.11000061035156,54.25,52.380001068115234,53.09000015258789,32.629913330078125,13008800
2011-08-23,53.2400016784668,54.45000076293945,52.81999969482422,54.400001525878906,33.435062408447266,15574300
2011-08-24,54.369998931884766,55.16999816894531,53.77000045776367,55.0099983215332,33.80998229980469,11725700
2011-08-25,55.34000015258789,55.869998931884766,53.36000061035156,53.849998474121094,33.097015380859375,12918200
2011-08-26,53.529998779296875,54.790000915527344,52.5,54.650001525878906,33.58872985839844,16861300
2011-08-29,55.41999816894531,56.41999816894531,55.27000045776367,56.38999938964844,34.65814208984375,8022200
2011-08-30,56.20000076293945,56.970001220703125,55.45000076293945,56.61000061035156,34.79336929321289,10478200
2011-08-31,57.04999923706055,57.459999084472656,56.470001220703125,57.220001220703125,35.16828536987305,11908400
2011-09-01,57.060001373291016,57.380001068115234,56.029998779296875,56.2599983215332,34.578250885009766,12358900
2011-09-02,54.970001220703125,55.90999984741211,54.790000915527344,54.900001525878906,33.74237060546875,9481000
2011-09-06,53.18000030517578,54.9900016784668,53.150001525878906,54.779998779296875,33.66862869262695,11734100
2011-09-07,55.65999984741211,56.7599983215332,54.81999969482422,56.619998931884766,34.79951858520508,10823500
2011-09-08,56.25,57.02000045776367,55.9900016784668,56.209999084472656,34.547523498535156,10736300
2011-09-09,55.650001525878906,56.02000045776367,54.20000076293945,54.630001068115234,33.57643127441406,13274200
2011-09-12,53.75,54.86000061035156,53.619998931884766,54.79999923706055,33.680912017822266,12596300
2011-09-13,55.0,55.15999984741211,54.29999923706055,54.849998474121094,33.71164321899414,11288700
2011-09-14,55.209999084472656,55.7400016784668,54.34000015258789,55.15999984741211,33.90216827392578,12922800
2011-09-15,55.86000061035156,56.290000915527344,55.47999954223633,56.22999954223633,34.55980682373047,10275200
2011-09-16,56.349998474121094,56.75,55.56999969482422,56.689998626708984,34.842533111572266,11013800
2011-09-19,55.59000015258789,56.08000183105469,55.380001068115234,55.56999969482422,34.15415573120117,10208500
2011-09-20,55.56999969482422,56.22999954223633,55.34000015258789,55.40999984741211,34.055824279785156,9032000
2011-09-21,55.38999938964844,55.56999969482422,52.68000030517578,52.7599983215332,32.42709732055664,14467800
2011-09-22,51.209999084472656,52.369998931884766,50.68000030517578,51.43000030517578,31.60966682434082,15332300
2011-09-23,50.869998931884766,51.4900016784668,50.43000030517578,51.290000915527344,31.863754272460938,14364200
2011-09-26,51.61000061035156,52.04999923706055,50.91999816894531,51.939998626708984,32.26754379272461,8212400
2011-09-27,53.02000045776367,53.36000061035156,52.13999938964844,52.4900016784668,32.6092414855957,9619700
2011-09-28,52.4900016784668,52.84000015258789,51.08000183105469,51.18000030517578,31.79541015625,7815100
2011-09-29,52.18000030517578,52.2400016784668,51.150001525878906,51.939998626708984,32.26754379272461,7147200
2011-09-30,51.099998474121094,51.93000030517578,50.52000045776367,50.56999969482422,31.41645622253418,8890400
2011-10-03,50.18000030517578,50.91999816894531,48.18000030517578,48.189998626708984,29.93787956237793,14392400
2011-10-04,47.599998474121094,50.08000183105469,46.70000076293945,50.0099983215332,31.068538665771484,22400000
2011-10-05,50.150001525878906,50.150001525878906,47.68000030517578,49.630001068115234,30.83248519897461,17783800
2011-10-06,49.54999923706055,51.060001373291016,49.08000183105469,51.0,31.683589935302734,14341600
2011-10-07,51.290000915527344,51.400001525878906,49.45000076293945,49.560001373291016,30.788997650146484,12756200
2011-10-10,50.630001068115234,51.95000076293945,50.43000030517578,51.95000076293945,32.27377700805664,10483300
2011-10-11,51.540000915527344,51.779998779296875,50.77000045776367,50.9900016784668,31.677371978759766,11825600
2011-10-12,51.459999084472656,52.5099983215332,51.0099983215332,51.81999969482422,32.193016052246094,10793700
2011-10-13,51.54999923706055,51.880001068115234,50.4900016784668,51.459999084472656,31.9693546295166,8153400
2011-10-14,52.0099983215332,52.84000015258789,51.849998474121094,52.650001525878906,32.708641052246094,8252800
2011-10-17,52.43000030517578,52.43000030517578,51.2599983215332,51.439998626708984,31.956939697265625,9316500
2011-10-18,51.41999816894531,53.369998931884766,51.27000045776367,53.13999938964844,33.01305389404297,14139700
2011-10-19,53.04999923706055,53.45000076293945,52.31999969482422,52.47999954223633,32.60304260253906,8868300
2011-10-20,52.61000061035156,52.880001068115234,51.61000061035156,52.79999923706055,32.80183792114258,8817000
2011-10-21,53.41999816894531,54.38999938964844,53.310001373291016,54.36000061035156,33.77097702026367,10177900
2011-10-24,54.54999923706055,55.86000061035156,54.2400016784668,55.79999923706055,34.665565490722656,12133900
2011-10-25,55.459999084472656,55.4900016784668,54.709999084472656,54.939998626708984,34.13129806518555,7113500
2011-10-26,55.439998626708984,55.619998931884766,54.540000915527344,55.45000076293945,34.44813919067383,8169400
2011-10-27,57.06999969482422,58.18000030517578,56.34000015258789,57.81999969482422,35.92047882080078,13735800
2011-10-28,57.04999923706055,58.08000183105469,57.04999923706055,58.0,36.032318115234375,9622000
2011-10-31,57.150001525878906,58.08000183105469,56.93000030517578,57.2400016784668,35.5601806640625,9761100
2011-11-01,55.720001220703125,56.70000076293945,55.27000045776367,55.310001373291016,34.36116027832031,19179600
2011-11-02,56.20000076293945,56.880001068115234,55.529998779296875,56.43000030517578,35.05696105957031,8193000
2011-11-03,57.04999923706055,57.31999969482422,55.630001068115234,57.06999969482422,35.454566955566406,10310200
2011-11-04,56.619998931884766,56.790000915527344,55.810001373291016,56.63999938964844,35.18741989135742,8657800
2011-11-07,56.5,57.34000015258789,55.97999954223633,56.779998779296875,35.27439498901367,5380500
2011-11-08,56.9900016784668,57.529998779296875,55.869998931884766,57.459999084472656,35.696842193603516,10558200
2011-11-09,56.16999816894531,56.4900016784668,54.790000915527344,54.880001068115234,34.09402084350586,11109400
2011-11-10,55.599998474121094,55.7400016784668,54.58000183105469,54.93000030517578,34.125083923339844,11025500
2011-11-11,55.689998626708984,56.459999084472656,55.2400016784668,56.349998474121094,35.00724792480469,7448200
2011-11-14,55.88999938964844,56.040000915527344,54.970001220703125,55.220001220703125,34.30524826049805,6435000
2011-11-15,55.0099983215332,56.08000183105469,54.84000015258789,55.70000076293945,34.60344696044922,6904900
2011-11-16,55.08000183105469,56.040000915527344,55.060001373291016,55.16999816894531,34.27418899536133,8387500
2011-11-17,55.060001373291016,55.15999984741211,53.88999938964844,54.18000030517578,33.65914535522461,9973300
2011-11-18,54.439998626708984,54.599998474121094,53.91999816894531,54.56999969482422,33.90143966674805,6609100
2011-11-21,53.56999969482422,53.709999084472656,52.849998474121094,53.130001068115234,33.00684356689453,6026800
2011-11-22,53.08000183105469,53.41999816894531,52.61000061035156,52.97999954223633,32.91364669799805,5615100
2011-11-23,52.41999816894531,52.560001373291016,51.41999816894531,51.41999816894531,31.94450569152832,5859800
2011-11-25,51.22999954223633,52.59000015258789,51.22999954223633,51.599998474121094,32.05632400512695,2807900
2011-11-28,53.279998779296875,53.41999816894531,52.40999984741211,52.86000061035156,32.8390998840332,6585800
2011-11-29,53.09000015258789,53.09000015258789,52.40999984741211,52.709999084472656,32.74589538574219,5156100
2011-11-30,54.06999969482422,55.209999084472656,53.91999816894531,55.13999938964844,34.25555419921875,10623200
2011-12-01,54.9900016784668,55.09000015258789,54.20000076293945,54.58000183105469,33.90764617919922,5156600
2011-12-02,55.02000045776367,55.560001373291016,54.59000015258789,54.66999816894531,33.96355438232422,4369400
2011-12-05,55.45000076293945,55.70000076293945,54.72999954223633,55.18000030517578,34.280391693115234,4134400
2011-12-06,55.04999923706055,55.36000061035156,54.650001525878906,55.13999938964844,34.25555419921875,5008000
2011-12-07,54.75,55.790000915527344,54.529998779296875,55.65999984741211,34.5786018371582,6718000
2011-12-08,55.310001373291016,55.4900016784668,54.22999954223633,54.33000183105469,33.75233840942383,8026800
2011-12-09,54.63999938964844,55.65999984741211,54.52000045776367,55.40999984741211,34.42327880859375,5869400
2011-12-12,54.9900016784668,54.9900016784668,54.060001373291016,54.41999816894531,33.808250427246094,7176900
2011-12-13,54.7400016784668,55.22999954223633,53.63999938964844,53.939998626708984,33.51004409790039,7736900
2011-12-14,53.65999984741211,54.68000030517578,53.5099983215332,54.25,33.70262908935547,8105400
2011-12-15,54.81999969482422,55.20000076293945,54.4900016784668,54.9900016784668,34.16236114501953,5899600
2011-12-16,55.33000183105469,55.95000076293945,55.119998931884766,55.45000076293945,34.44813919067383,7465500
2011-12-19,55.7599983215332,55.77000045776367,54.7599983215332,54.90999984741211,34.11266326904297,5410800
2011-12-20,55.61000061035156,56.66999816894531,55.599998474121094,56.56999969482422,35.14393997192383,7494700
2011-12-21,56.47999954223633,56.83000183105469,56.20000076293945,56.650001525878906,35.193634033203125,4767600
2011-12-22,56.2599983215332,57.09000015258789,56.209999084472656,56.83000183105469,35.67512893676758,6089000
2011-12-23,57.130001068115234,57.150001525878906,56.68000030517578,57.11000061035156,35.85088348388672,2507300
2011-12-27,57.060001373291016,57.65999984741211,56.7400016784668,57.2400016784668,35.9325065612793,3620200
2011-12-28,57.33000183105469,57.41999816894531,56.58000183105469,56.619998931884766,35.543296813964844,3900300
2011-12-29,56.779998779296875,57.220001220703125,56.63999938964844,57.09000015258789,35.83832931518555,2951900
2011-12-30,57.04999923706055,57.470001220703125,56.779998779296875,56.810001373291016,35.66256332397461,4270000
2012-01-03,57.7400016784668,58.310001373291016,56.779998779296875,57.15999984741211,35.88227462768555,9054000
2012-01-04,56.97999954223633,57.040000915527344,56.290000915527344,56.52000045776367,35.480525970458984,12839200
2012-01-05,56.34000015258789,57.040000915527344,56.060001373291016,56.93000030517578,35.737892150878906,6432700
2012-01-06,57.099998474121094,57.25,56.56999969482422,56.83000183105469,35.67512893676758,4222200
2012-01-09,56.93000030517578,57.040000915527344,56.529998779296875,56.66999816894531,35.57466506958008,4740100
2012-01-10,57.2599983215332,57.59000015258789,57.209999084472656,57.29999923706055,35.970157623291016,4974000
2012-01-11,57.150001525878906,57.88999938964844,57.08000183105469,57.810001373291016,36.290321350097656,3815400
2012-01-12,57.790000915527344,57.880001068115234,57.119998931884766,57.43000030517578,36.05177688598633,5969400
2012-01-13,57.15999984741211,57.70000076293945,56.95000076293945,57.689998626708984,36.21497344970703,5269500
2012-01-17,58.220001220703125,58.41999816894531,57.83000183105469,57.9900016784668,36.40331268310547,3982100
2012-01-18,58.04999923706055,58.560001373291016,57.900001525878906,58.36000061035156,36.63557434082031,4770600
2012-01-19,58.52000045776367,58.90999984741211,58.36000061035156,58.72999954223633,36.867835998535156,4669000
2012-01-20,58.66999816894531,59.04999923706055,58.43000030517578,59.0099983215332,37.043617248535156,4834900
2012-01-23,59.119998931884766,59.45000076293945,58.849998474121094,59.189998626708984,37.15658950805664,4906000
2012-01-24,58.849998474121094,59.58000183105469,58.790000915527344,59.52000045776367,37.363765716552734,3989900
2012-01-25,59.45000076293945,60.369998931884766,59.27000045776367,60.279998779296875,37.84087371826172,6738800
2012-01-26,60.54999923706055,61.02000045776367,60.439998626708984,60.630001068115234,38.060577392578125,10459000
2012-01-27,60.459999084472656,60.91999816894531,60.2400016784668,60.779998779296875,38.15473175048828,4896000
2012-01-30,60.2599983215332,60.369998931884766,59.970001220703125,60.25,37.822021484375,4588300
2012-01-31,60.540000915527344,60.630001068115234,60.119998931884766,60.560001373291016,38.01663589477539,4973500
2012-02-01,61.0099983215332,61.119998931884766,60.72999954223633,61.0099983215332,38.29911804199219,4513700
2012-02-02,61.06999969482422,61.189998626708984,60.849998474121094,61.13999938964844,38.38072204589844,3502700
2012-02-03,61.79999923706055,62.040000915527344,61.45000076293945,62.02000045776367,38.93315124511719,7577900
2012-02-06,61.880001068115234,62.0,61.5,61.720001220703125,38.74482727050781,3969300
2012-02-07,61.619998931884766,61.81999969482422,61.43000030517578,61.66999816894531,38.71342849731445,3224800
2012-02-08,61.66999816894531,61.84000015258789,61.20000076293945,61.709999084472656,38.73854064941406,4331100
2012-02-09,61.630001068115234,61.81999969482422,60.90999984741211,61.2599983215332,38.4560546875,4309900
2012-02-10,60.650001525878906,61.09000015258789,60.56999969482422,60.75,38.13591766357422,3688700
2012-02-13,61.279998779296875,61.529998779296875,61.02000045776367,61.439998626708984,38.56905746459961,4356200
2012-02-14,61.38999938964844,61.40999984741211,60.470001220703125,60.83000183105469,38.18611145019531,4864400
2012-02-15,60.97999954223633,61.029998779296875,60.310001373291016,60.529998779296875,37.997798919677734,5679400
2012-02-16,60.459999084472656,61.15999984741211,60.459999084472656,61.029998779296875,38.311668395996094,5054600
2012-02-17,61.22999954223633,61.33000183105469,60.7400016784668,61.130001068115234,38.374446868896484,6292400
2012-02-21,61.2400016784668,61.2400016784668,60.150001525878906,60.369998931884766,37.8973503112793,6632600
2012-02-22,60.20000076293945,60.52000045776367,59.810001373291016,59.880001068115234,37.58975601196289,7764200
2012-02-23,59.939998626708984,61.099998474121094,59.83000183105469,60.58000183105469,38.0291862487793,5679800
2012-02-24,60.75,60.900001525878906,60.349998474121094,60.75,38.13591766357422,3372900
2012-02-27,60.310001373291016,60.779998779296875,59.900001525878906,60.68000030517578,38.09196853637695,6416000
2012-02-28,60.70000076293945,60.810001373291016,60.08000183105469,60.220001220703125,37.80318832397461,4905500
2012-02-29,60.310001373291016,60.68000030517578,59.97999954223633,60.13999938964844,37.75297164916992,7484900
2012-03-01,60.310001373291016,60.54999923706055,60.119998931884766,60.459999084472656,37.95384216308594,6113100
2012-03-02,60.22999954223633,60.70000076293945,60.22999954223633,60.439998626708984,37.94129943847656,4189600
2012-03-05,60.36000061035156,60.959999084472656,60.18000030517578,60.93000030517578,38.24889373779297,4755100
2012-03-06,60.34000015258789,60.689998626708984,60.0099983215332,60.11000061035156,37.7341423034668,6241600
2012-03-07,60.290000915527344,60.439998626708984,59.77000045776367,60.369998931884766,37.8973503112793,4925400
2012-03-08,60.4900016784668,60.619998931884766,60.040000915527344,60.22999954223633,37.80946731567383,6407200
2012-03-09,60.20000076293945,60.689998626708984,60.099998474121094,60.5099983215332,37.985225677490234,5175500
2012-03-12,60.54999923706055,61.04999923706055,60.54999923706055,60.93000030517578,38.24889373779297,8116200
2012-03-13,61.290000915527344,62.150001525878906,61.150001525878906,62.02000045776367,38.93315124511719,9652900
2012-03-14,62.09000015258789,62.34000015258789,61.540000915527344,61.869998931884766,38.838985443115234,8735500
2012-03-15,61.9900016784668,62.040000915527344,61.619998931884766,61.83000183105469,38.813880920410156,5472900
2012-03-16,61.9900016784668,62.220001220703125,61.84000015258789,62.20000076293945,39.046142578125,7662000
2012-03-19,62.13999938964844,62.810001373291016,61.959999084472656,62.56999969482422,39.27841567993164,7038400
2012-03-20,62.25,62.61000061035156,62.15999984741211,62.41999816894531,39.184242248535156,7067600
2012-03-21,62.529998779296875,62.61000061035156,62.279998779296875,62.279998779296875,39.09637451171875,3499100
2012-03-22,61.90999984741211,61.91999816894531,61.130001068115234,61.540000915527344,38.63182830810547,7378200
2012-03-23,61.41999816894531,62.060001373291016,61.22999954223633,61.790000915527344,38.78876495361328,4911300
2012-03-26,61.75,62.02000045776367,61.5099983215332,61.88999938964844,39.1895866394043,4056200
2012-03-27,61.849998474121094,62.25,61.7599983215332,61.86000061035156,39.17059326171875,4415300
2012-03-28,61.849998474121094,61.88999938964844,61.189998626708984,61.720001220703125,39.081939697265625,3666300
2012-03-29,61.43000030517578,61.84000015258789,61.04999923706055,61.779998779296875,39.11993408203125,4231900
2012-03-30,62.0,62.40999984741211,61.95000076293945,62.29999923706055,39.449195861816406,5252900
2012-04-02,62.25,62.77000045776367,62.130001068115234,62.70000076293945,39.70249938964844,5360000
2012-04-03,62.599998474121094,62.75,62.16999816894531,62.40999984741211,39.51886749267578,4991500
2012-04-04,62.0,62.029998779296875,61.52000045776367,61.779998779296875,39.11993408203125,5838800
2012-04-05,61.61000061035156,61.81999969482422,61.33000183105469,61.5099983215332,38.94895553588867,5302600
2012-04-09,60.70000076293945,61.16999816894531,60.54999923706055,60.91999816894531,38.57535934448242,3511800
2012-04-10,60.83000183105469,61.09000015258789,59.63999938964844,59.7400016784668,37.828189849853516,9535200
2012-04-11,60.25,60.5,60.0,60.45000076293945,38.27776336669922,5351500
2012-04-12,60.59000015258789,61.34000015258789,60.34000015258789,61.310001373291016,38.82232666015625,6803200
2012-04-13,61.209999084472656,61.36000061035156,60.83000183105469,60.9900016784668,38.61970138549805,5199100
2012-04-16,61.33000183105469,62.060001373291016,61.16999816894531,61.70000076293945,39.06929016113281,7840500
2012-04-17,62.13999938964844,62.4900016784668,61.59000015258789,62.22999954223633,39.40488052368164,7614800
2012-04-18,62.0,62.22999954223633,61.86000061035156,61.900001525878906,39.195926666259766,3587900
2012-04-19,61.939998626708984,62.22999954223633,61.56999969482422,61.869998931884766,39.17692184448242,5951100
2012-04-20,62.18000030517578,62.790000915527344,62.02000045776367,62.52000045776367,39.5885124206543,6339100
2012-04-23,62.06999969482422,62.09000015258789,61.4900016784668,61.939998626708984,39.22124481201172,5196400
2012-04-24,61.869998931884766,62.7599983215332,61.869998931884766,62.72999954223633,39.72148513793945,6723600
2012-04-25,63.08000183105469,63.470001220703125,63.029998779296875,63.41999816894531,40.158409118652344,6836800
2012-04-26,63.2400016784668,63.7599983215332,63.150001525878906,63.689998626708984,40.329376220703125,5822400
2012-04-27,63.90999984741211,64.12000274658203,63.470001220703125,64.0,40.52566909790039,5728200
2012-04-30,63.88999938964844,64.05999755859375,63.470001220703125,63.90999984741211,40.46868133544922,5658600
2012-05-01,63.849998474121094,64.87000274658203,63.810001373291016,64.47000122070312,40.82328796386719,7777000
2012-05-02,64.1500015258789,64.5199966430664,63.83000183105469,64.37000274658203,40.759971618652344,5012900
2012-05-03,64.52999877929688,64.77999877929688,64.1500015258789,64.1500015258789,40.620643615722656,5842200
2012-05-04,64.0,64.0199966430664,63.47999954223633,63.65999984741211,40.31037902832031,4720700
2012-05-07,63.52000045776367,64.19999694824219,63.380001068115234,64.0199966430664,40.5383186340332,5858900
2012-05-08,63.65999984741211,64.0199966430664,63.34000015258789,63.959999084472656,40.50034713745117,4987900
2012-05-09,63.38999938964844,64.18000030517578,63.2400016784668,63.810001373291016,40.405364990234375,7069200
2012-05-10,64.22000122070312,64.2300033569336,63.459999084472656,63.75,40.36737060546875,8529100
2012-05-11,63.47999954223633,64.20999908447266,63.33000183105469,64.0199966430664,40.5383186340332,5601700
2012-05-14,63.40999984741211,63.7599983215332,63.16999816894531,63.2400016784668,40.04443359375,7658300
2012-05-15,63.29999923706055,63.29999923706055,62.7400016784668,62.93000030517578,39.84812927246094,6046400
2012-05-16,63.16999816894531,63.20000076293945,62.150001525878906,62.15999984741211,39.36055374145508,6404100
2012-05-17,62.099998474121094,62.2400016784668,60.439998626708984,60.439998626708984,38.271419525146484,14643400
2012-05-18,60.63999938964844,60.91999816894531,59.650001525878906,59.81999969482422,37.87883377075195,11240700
2012-05-21,59.869998931884766,61.20000076293945,59.86000061035156,61.04999923706055,38.65768051147461,9739600
2012-05-22,61.150001525878906,61.58000183105469,60.93000030517578,61.18000030517578,38.74000549316406,6858000
2012-05-23,60.93000030517578,61.5,60.279998779296875,61.439998626708984,38.90462112426758,6889400
2012-05-24,61.58000183105469,61.959999084472656,60.97999954223633,61.630001068115234,39.024959564208984,5218200
2012-05-25,61.66999816894531,61.86000061035156,61.22999954223633,61.45000076293945,38.910972595214844,4495800
2012-05-29,61.91999816894531,62.29999923706055,61.630001068115234,62.290000915527344,39.442874908447266,5856900
2012-05-30,61.779998779296875,61.869998931884766,60.83000183105469,60.84000015258789,38.524723052978516,11691800
2012-05-31,60.90999984741211,61.68000030517578,60.310001373291016,61.220001220703125,38.76533126831055,7653300
2012-06-01,60.2599983215332,60.52000045776367,59.59000015258789,59.66999816894531,37.78384780883789,9818600
2012-06-04,59.689998626708984,59.84000015258789,58.880001068115234,59.25,37.51789474487305,8006900
2012-06-05,59.04999923706055,60.560001373291016,59.040000915527344,60.41999816894531,38.258766174316406,9489500
2012-06-06,60.790000915527344,61.72999954223633,60.65999984741211,61.709999084472656,39.075599670410156,9097400
2012-06-07,62.349998474121094,62.459999084472656,61.2599983215332,61.40999984741211,38.88564682006836,8512900
2012-06-08,61.34000015258789,62.18000030517578,61.209999084472656,62.18000030517578,39.37322235107422,6424900
2012-06-11,62.709999084472656,62.79999923706055,60.880001068115234,60.959999084472656,38.60069274902344,10317900
2012-06-12,61.16999816894531,61.650001525878906,60.689998626708984,61.529998779296875,38.961631774902344,9346100
2012-06-13,61.33000183105469,61.970001220703125,60.9900016784668,61.2400016784668,38.77800369262695,6322900
2012-06-14,61.400001525878906,62.31999969482422,61.22999954223633,62.06999969482422,39.30356216430664,8259900
2012-06-15,62.349998474121094,62.540000915527344,61.959999084472656,62.459999084472656,39.550533294677734,6536800
2012-06-18,62.099998474121094,63.220001220703125,62.099998474121094,62.95000076293945,39.86079025268555,7202500
2012-06-19,62.72999954223633,63.06999969482422,62.2400016784668,62.689998626708984,40.04668426513672,7039700
2012-06-20,62.75,62.88999938964844,62.2599983215332,62.61000061035156,39.99558639526367,8410800
2012-06-21,62.689998626708984,62.810001373291016,61.54999923706055,61.630001068115234,39.36955642700195,8898000
2012-06-22,61.93000030517578,62.04999923706055,61.290000915527344,61.68000030517578,39.401485443115234,6191400
2012-06-25,61.0,61.4900016784668,60.91999816894531,61.34000015258789,39.184303283691406,7217500
2012-06-26,61.52000045776367,61.86000061035156,61.150001525878906,61.61000061035156,39.356788635253906,6527600
2012-06-27,61.75,62.04999923706055,61.5,62.0,39.60590744018555,7841300
2012-06-28,61.70000076293945,62.59000015258789,61.38999938964844,62.52000045776367,39.93808364868164,7067700
2012-06-29,63.52000045776367,64.02999877929688,63.349998474121094,63.939998626708984,40.84519577026367,10343000
2012-07-02,64.27999877929688,64.66000366210938,63.900001525878906,64.62000274658203,41.27959060668945,6104100
2012-07-03,64.83999633789062,65.19000244140625,64.58999633789062,64.9800033569336,41.50953674316406,4649400
2012-07-05,64.91999816894531,65.08999633789062,64.5,64.68000030517578,41.317901611328125,4715600
2012-07-06,64.22000122070312,64.87999725341797,64.05000305175781,64.7699966430664,41.375396728515625,3931500
2012-07-09,64.81999969482422,64.94999694824219,64.5,64.9000015258789,41.45844268798828,5400600
2012-07-10,65.0999984741211,65.18000030517578,63.79999923706055,64.12999725341797,40.966556549072266,10502100
2012-07-11,64.12999725341797,64.4000015258789,63.779998779296875,64.2300033569336,41.03044891357422,8812100
2012-07-12,63.790000915527344,64.77999877929688,63.66999816894531,64.51000213623047,41.209320068359375,11274800
2012-07-13,64.58999633789062,65.31999969482422,64.55000305175781,65.20999908447266,41.65647506713867,5033100
2012-07-16,65.11000061035156,65.56999969482422,65.0999984741211,65.45999908447266,41.816184997558594,5701500
2012-07-17,65.62999725341797,66.20999908447266,65.18000030517578,66.01000213623047,42.16752243041992,7504000
2012-07-18,65.79000091552734,65.9000015258789,65.2699966430664,65.5,41.84174346923828,6567000
2012-07-19,65.66999816894531,65.68000030517578,64.51000213623047,64.94999694824219,41.49038314819336,7554200
2012-07-20,64.56999969482422,64.88999938964844,64.38999938964844,64.7300033569336,41.349849700927734,6163700
2012-07-23,63.9900016784668,64.4800033569336,63.849998474121094,64.33999633789062,41.100711822509766,5483500
2012-07-24,64.41999816894531,64.55000305175781,63.689998626708984,64.08000183105469,40.93464279174805,6932100
2012-07-25,64.33999633789062,64.44000244140625,63.72999954223633,64.06999969482422,40.92824935913086,3505700
2012-07-26,64.70999908447266,65.12999725341797,64.27999877929688,64.58999633789062,41.260414123535156,5363200
2012-07-27,64.80000305175781,65.73999786376953,64.80000305175781,65.31999969482422,41.726749420166016,5330500
2012-07-30,65.30000305175781,65.76000213623047,65.2300033569336,65.5,41.84174346923828,4587500
2012-07-31,65.54000091552734,65.6500015258789,65.22000122070312,65.43000030517578,41.7970085144043,6167500
2012-08-01,65.72000122070312,66.0999984741211,65.20999908447266,65.23999786376953,41.67564392089844,5236200
2012-08-02,64.94999694824219,65.31999969482422,64.70999908447266,65.30999755859375,41.72037124633789,5980800
2012-08-03,65.86000061035156,66.08999633789062,65.68000030517578,65.79000091552734,42.02698516845703,5105400
2012-08-06,65.95999908447266,66.12999725341797,65.56999969482422,65.5999984741211,41.905601501464844,4039300
2012-08-07,65.73999786376953,65.75,64.83000183105469,64.91999816894531,41.47121047973633,5956000
2012-08-08,64.66999816894531,64.7699966430664,64.29000091552734,64.52999877929688,41.222084045410156,5617900
2012-08-09,64.47000122070312,64.75,64.26000213623047,64.33999633789062,41.100711822509766,4924800
2012-08-10,64.33999633789062,64.5199966430664,64.19999694824219,64.4800033569336,41.19015884399414,2794500
2012-08-13,64.45999908447266,64.61000061035156,64.16999816894531,64.45999908447266,41.1773681640625,3482100
2012-08-14,64.69000244140625,64.73999786376953,64.33000183105469,64.43000030517578,41.158206939697266,3634100
2012-08-15,64.41000366210938,64.80999755859375,64.3499984741211,64.61000061035156,41.273193359375,2981300
2012-08-16,64.68000030517578,65.0999984741211,64.37999725341797,65.08000183105469,41.57343292236328,7335500
2012-08-17,65.08000183105469,65.19000244140625,64.87000274658203,65.05000305175781,41.55426788330078,6843700
2012-08-20,65.08999633789062,65.18000030517578,64.58999633789062,65.0,41.52232360839844,5358700
2012-08-21,65.12000274658203,65.27999877929688,64.88999938964844,65.0,41.52232360839844,3672300
2012-08-22,64.87999725341797,65.0,64.33000183105469,64.94000244140625,41.48398971557617,4938100
2012-08-23,64.9000015258789,65.02999877929688,64.58999633789062,64.7699966430664,41.375396728515625,4522700
2012-08-24,64.6500015258789,65.1500015258789,64.52999877929688,65.0199966430664,41.53510284423828,4141300
2012-08-27,65.19000244140625,65.30999755859375,64.87000274658203,65.16000366210938,41.62455368041992,2892800
2012-08-28,65.1500015258789,65.45999908447266,64.87999725341797,65.41999816894531,41.790618896484375,4204600
2012-08-29,65.48999786376953,65.58000183105469,65.26000213623047,65.44000244140625,41.80341339111328,3326800
2012-08-30,65.19000244140625,65.41000366210938,65.05999755859375,65.37000274658203,41.75868606567383,4427700
2012-08-31,65.58999633789062,65.6500015258789,65.0,65.62999725341797,41.924781799316406,4483800
2012-09-04,65.51000213623047,66.0199966430664,65.08000183105469,65.95999908447266,42.13557052612305,10329200
2012-09-05,65.98999786376953,66.05000305175781,65.56999969482422,65.91999816894531,42.11003494262695,7340300
2012-09-06,66.2300033569336,66.44999694824219,66.13999938964844,66.44000244140625,42.442203521728516,6484900
2012-09-07,66.5199966430664,66.68000030517578,66.33000183105469,66.55999755859375,42.518856048583984,5809300
2012-09-10,66.5,66.5,66.01000213623047,66.12999725341797,42.24419021606445,5922100
2012-09-11,66.12000274658203,66.41999816894531,66.0,66.38999938964844,42.41026306152344,5950900
2012-09-12,66.5,66.63999938964844,66.23999786376953,66.63999938964844,42.56996154785156,6643000
2012-09-13,66.69000244140625,67.55000305175781,66.54000091552734,67.44999694824219,43.08740234375,9459100
2012-09-14,67.55000305175781,68.26000213623047,67.55000305175781,67.80000305175781,43.31098937988281,8619400
2012-09-17,67.79000091552734,68.02999877929688,67.38999938964844,67.4800033569336,43.10657501220703,4141900
2012-09-18,67.30000305175781,67.36000061035156,66.70999908447266,66.9000015258789,42.73606491088867,8756800
2012-09-19,66.91999816894531,67.0199966430664,66.56999969482422,66.58999633789062,42.53803634643555,6769100
2012-09-20,66.25,66.26000213623047,65.55999755859375,65.80999755859375,42.039756774902344,14539200
2012-09-21,66.0199966430664,66.02999877929688,65.75,65.79000091552734,42.02698516845703,11144100
2012-09-24,65.47000122070312,66.04000091552734,65.44999694824219,65.72000122070312,41.98227310180664,10626600
2012-09-25,65.36000061035156,65.38999938964844,64.20999908447266,64.23999786376953,41.36602783203125,8619000
2012-09-26,64.12999725341797,64.54000091552734,64.05000305175781,64.18000030517578,41.32738494873047,10239100
2012-09-27,64.33999633789062,64.81999969482422,64.22000122070312,64.52999877929688,41.552764892578125,6640100
2012-09-28,64.27999877929688,64.62999725341797,63.9900016784668,64.37999725341797,41.45616912841797,9810800
2012-10-01,64.5,64.61000061035156,63.400001525878906,63.91999816894531,41.15995788574219,9355000
2012-10-02,64.04000091552734,64.45999908447266,63.939998626708984,64.45999908447266,41.5076904296875,9009600
2012-10-03,64.45999908447266,65.08999633789062,64.37000274658203,64.6500015258789,41.630043029785156,8690000
2012-10-04,64.83999633789062,65.0,64.26000213623047,64.41000366210938,41.475494384765625,8887000
2012-10-05,64.68000030517578,64.94000244140625,64.4000015258789,64.69000244140625,41.65580368041992,7700000
2012-10-08,64.36000061035156,64.4800033569336,64.19999694824219,64.41999816894531,41.481929779052734,4928500
2012-10-09,64.45999908447266,64.72000122070312,64.06999969482422,64.13999938964844,41.3016357421875,6859200
2012-10-10,64.11000061035156,64.38999938964844,63.95000076293945,64.22000122070312,41.353145599365234,7026600
2012-10-11,64.37999725341797,64.58999633789062,64.16999816894531,64.2300033569336,41.359588623046875,8131800
2012-10-12,64.19999694824219,64.5,63.849998474121094,63.95000076293945,41.17928695678711,5995300
2012-10-15,63.959999084472656,64.4000015258789,63.47999954223633,64.37999725341797,41.45616912841797,5998000
2012-10-16,64.56999969482422,64.77999877929688,64.51000213623047,64.68000030517578,41.649349212646484,6872500
2012-10-17,64.45999908447266,64.8499984741211,64.2699966430664,64.77999877929688,41.713741302490234,9204700
2012-10-18,64.69000244140625,65.41999816894531,64.66000366210938,65.38999938964844,42.10654830932617,8149100
2012-10-19,65.41999816894531,65.55999755859375,64.72000122070312,64.77999877929688,41.713741302490234,8886800
2012-10-22,64.72000122070312,64.77999877929688,64.1500015258789,64.55000305175781,41.56563949584961,6018800
2012-10-23,64.04000091552734,64.18000030517578,63.45000076293945,63.900001525878906,41.147090911865234,6985600
2012-10-24,64.05000305175781,64.26000213623047,63.689998626708984,63.939998626708984,41.17284393310547,4587900
2012-10-25,64.19999694824219,64.44000244140625,63.08000183105469,63.65999984741211,40.992549896240234,7451700
2012-10-26,63.630001068115234,63.68000030517578,62.86000061035156,63.290000915527344,40.75428009033203,9137000
2012-10-31,63.54999923706055,64.02999877929688,63.31999969482422,64.0,41.21147537231445,9157200
2012-11-01,64.0199966430664,64.37000274658203,63.75,64.06999969482422,41.25656509399414,12937500
2012-11-02,64.43000030517578,64.91000366210938,64.41000366210938,64.5,41.533447265625,8886300
2012-11-05,64.47000122070312,64.51000213623047,63.619998931884766,64.0199966430664,41.2243537902832,10212600
2012-11-06,64.2699966430664,64.29000091552734,63.77000045776367,64.16000366210938,41.31452178955078,5427400
2012-11-07,63.709999084472656,64.13999938964844,63.470001220703125,63.84000015258789,41.10845184326172,10656200
2012-11-08,63.810001373291016,63.880001068115234,63.13999938964844,63.189998626708984,40.68989181518555,9477400
2012-11-09,62.91999816894531,63.45000076293945,62.689998626708984,62.97999954223633,40.5546760559082,9952000
2012-11-12,63.150001525878906,63.189998626708984,62.709999084472656,62.880001068115234,40.490272521972656,5451600
2012-11-13,62.54999923706055,63.04999923706055,62.470001220703125,62.68000030517578,40.36149978637695,6953000
2012-11-14,62.880001068115234,62.880001068115234,61.22999954223633,61.459999084472656,39.57590103149414,15786400
2012-11-15,61.400001525878906,61.81999969482422,60.84000015258789,61.189998626708984,39.40205001831055,15085700
2012-11-16,61.34000015258789,61.95000076293945,61.040000915527344,61.88999938964844,39.852806091308594,13806600
2012-11-19,62.5099983215332,62.7599983215332,62.189998626708984,62.470001220703125,40.22627639770508,12087200
2012-11-20,62.560001373291016,62.86000061035156,62.16999816894531,62.86000061035156,40.4774055480957,12749700
2012-11-21,62.779998779296875,63.060001373291016,62.470001220703125,62.81999969482422,40.451629638671875,5904800
2012-11-23,63.060001373291016,63.349998474121094,62.849998474121094,63.33000183105469,40.780052185058594,3249100
2012-11-26,63.119998931884766,63.77000045776367,62.93000030517578,63.41999816894531,40.83800506591797,16980400
2012-11-27,62.939998626708984,63.59000015258789,62.540000915527344,63.08000183105469,40.61906814575195,22289900
2012-11-28,62.900001525878906,63.09000015258789,62.400001525878906,62.970001220703125,40.54823303222656,12290700
2012-11-29,63.34000015258789,63.43000030517578,62.869998931884766,63.380001068115234,40.81224060058594,15870300
2012-11-30,63.36000061035156,63.79999923706055,63.36000061035156,63.630001068115234,40.973228454589844,10611900
2012-12-03,63.93000030517578,64.12000274658203,63.599998474121094,63.810001373291016,41.08914566040039,9577100
2012-12-04,63.75,64.1500015258789,63.61000061035156,63.72999954223633,41.037628173828125,12665900
2012-12-05,63.91999816894531,63.970001220703125,63.2400016784668,63.560001373291016,40.92816162109375,10757800
2012-12-06,63.689998626708984,64.12999725341797,63.5,64.12000274658203,41.28875732421875,8008000
2012-12-07,64.22000122070312,64.38999938964844,64.11000061035156,64.37999725341797,41.45616912841797,13072600
2012-12-10,64.44999694824219,64.68000030517578,64.2699966430664,64.37999725341797,41.45616912841797,8719000
2012-12-11,64.63999938964844,64.76000213623047,64.38999938964844,64.45999908447266,41.5076904296875,6063400
2012-12-12,64.62999725341797,64.76000213623047,64.12999725341797,64.41999816894531,41.481929779052734,6419000
2012-12-13,64.45999908447266,64.45999908447266,63.7599983215332,63.9900016784668,41.20505142211914,9581700
2012-12-14,63.97999954223633,63.9900016784668,63.7400016784668,63.90999984741211,41.153526306152344,7085200
2012-12-17,64.19999694824219,64.33999633789062,63.91999816894531,64.30999755859375,41.41110610961914,12634700
2012-12-18,64.36000061035156,65.23999786376953,64.30000305175781,64.97000122070312,41.836090087890625,26053500
2012-12-19,64.41999816894531,64.51000213623047,64.02999877929688,64.08999633789062,41.77742385864258,8134800
2012-12-20,64.16000366210938,64.83999633789062,64.0199966430664,64.81999969482422,42.2532844543457,11100800
2012-12-21,64.12000274658203,64.80000305175781,64.12000274658203,64.62000274658203,42.122920989990234,10635700
2012-12-24,64.56999969482422,64.87000274658203,64.31999969482422,64.70999908447266,42.18156433105469,6645400
2012-12-26,64.77999877929688,64.77999877929688,64.22000122070312,64.38999938964844,41.972999572753906,5901700
2012-12-27,64.44999694824219,64.72000122070312,63.810001373291016,64.47000122070312,42.02513122558594,8055400
2012-12-28,64.27999877929688,64.6500015258789,64.02999877929688,64.08000183105469,41.77093505859375,3957300
2012-12-31,64.05000305175781,64.7300033569336,63.880001068115234,64.66999816894531,42.15550994873047,7477900
2013-01-02,65.62999725341797,65.88999938964844,65.29000091552734,65.72000122070312,42.83995056152344,12173500
2013-01-03,65.69000244140625,65.9800033569336,65.56999969482422,65.72000122070312,42.83995056152344,13888200
2013-01-04,65.87999725341797,66.13999938964844,65.63999938964844,66.12000274658203,43.10070037841797,14123400
2013-01-07,66.04000091552734,66.23999786376953,65.88999938964844,66.22000122070312,43.1658821105957,6133600
2013-01-08,66.0999984741211,66.27999877929688,65.9000015258789,66.08999633789062,43.081138610839844,5438600
2013-01-09,66.2300033569336,66.43000030517578,66.12999725341797,66.33999633789062,43.24409484863281,5562300
2013-01-10,66.69999694824219,66.69999694824219,66.2699966430664,66.5,43.34840393066406,6132700
2013-01-11,66.5,66.66999816894531,66.26000213623047,66.48999786376953,43.341880798339844,3889100
2013-01-14,66.5999984741211,66.68000030517578,66.4000015258789,66.58999633789062,43.40707015991211,5420400
2013-01-15,66.48999786376953,66.97000122070312,66.37000274658203,66.9000015258789,43.60914993286133,6783800
2013-01-16,66.7699966430664,66.8499984741211,66.58999633789062,66.83000183105469,43.56351852416992,5176000
2013-01-17,67.05999755859375,67.18000030517578,66.33000183105469,66.9800033569336,43.66128921508789,5652400
2013-01-18,67.37000274658203,67.43000030517578,66.93000030517578,67.37999725341797,43.92204284667969,17259600
2013-01-22,67.41000366210938,67.72000122070312,67.3499984741211,67.72000122070312,44.1436653137207,7006800
2013-01-23,67.72000122070312,67.86000061035156,67.5199966430664,67.7300033569336,44.150184631347656,4036600
2013-01-24,67.80999755859375,68.04000091552734,67.62000274658203,67.80999755859375,44.20233917236328,6017000
2013-01-25,68.05999755859375,68.13999938964844,67.76000213623047,68.08999633789062,44.38485336303711,6291100
2013-01-28,68.30000305175781,68.30000305175781,67.87999725341797,68.16000366210938,44.43049240112305,7967100
2013-01-29,68.05999755859375,68.30999755859375,68.05999755859375,68.29000091552734,44.515228271484375,4723200
2013-01-30,68.12999725341797,68.30999755859375,67.55000305175781,67.66000366210938,44.10456085205078,7716600
2013-01-31,67.6500015258789,67.66000366210938,67.16999816894531,67.2699966430664,43.85032653808594,8189600
2013-02-01,67.62999725341797,67.8499984741211,67.4000015258789,67.72000122070312,44.1436653137207,11330400
2013-02-04,67.4800033569336,67.79000091552734,67.31999969482422,67.58000183105469,44.05240249633789,14185200
2013-02-05,67.75,67.83999633789062,67.41000366210938,67.48999786376953,43.99374008178711,6245900
2013-02-06,67.31999969482422,67.69999694824219,67.19000244140625,67.61000061035156,44.071956634521484,4489500
2013-02-07,67.80999755859375,67.83999633789062,67.1500015258789,67.29000091552734,43.863365173339844,8388300
2013-02-08,67.41999816894531,67.9800033569336,67.41999816894531,67.95999908447266,44.300113677978516,8139600
2013-02-11,67.86000061035156,68.05999755859375,67.86000061035156,68.02999877929688,44.34572982788086,6097100
2013-02-12,68.12000274658203,68.43000030517578,67.97000122070312,68.43000030517578,44.60649871826172,7218400
2013-02-13,68.55000305175781,68.63999938964844,68.20999908447266,68.4000015258789,44.586917877197266,4418400
2013-02-14,68.38999938964844,68.38999938964844,68.06999969482422,68.12999725341797,44.41093063354492,4100400
2013-02-15,68.19999694824219,68.25,67.94999694824219,68.20999908447266,44.46307373046875,6449800
2013-02-19,68.43000030517578,68.69000244140625,68.27999877929688,68.68000030517578,44.769439697265625,12187000
2013-02-20,68.6500015258789,68.87999725341797,68.0999984741211,68.0999984741211,44.39137268066406,9973600
2013-02-21,67.95999908447266,68.08000183105469,67.4000015258789,67.56999969482422,44.04588317871094,13125300
2013-02-22,67.83999633789062,68.1500015258789,67.79000091552734,68.1500015258789,44.423973083496094,6630600
2013-02-25,68.31999969482422,68.45999908447266,66.98999786376953,67.0,43.67434310913086,9204800
2013-02-26,67.33000183105469,67.66999816894531,67.0,67.58999633789062,44.058921813964844,7439200
2013-02-27,67.58999633789062,68.41999816894531,67.44999694824219,68.11000061035156,44.39790725708008,7675200
2013-02-28,68.0999984741211,68.44000244140625,67.97000122070312,68.12000274658203,44.4044189453125,7917800
2013-03-01,67.8499984741211,68.33000183105469,67.58999633789062,68.25,44.48914337158203,11331300
2013-03-04,68.12000274658203,68.91000366210938,68.12000274658203,68.76000213623047,44.821590423583984,9589700
2013-03-05,69.12000274658203,69.41999816894531,68.7699966430664,69.29000091552734,45.167076110839844,6177000
2013-03-06,69.43000030517578,69.55000305175781,68.81999969482422,69.02999877929688,44.99759292602539,11622400
2013-03-07,69.13999938964844,69.2300033569336,68.69000244140625,68.77999877929688,44.834632873535156,6954600
2013-03-08,69.06999969482422,69.12999725341797,68.44000244140625,68.81999969482422,44.8607063293457,6934300
2013-03-11,68.97000122070312,69.08999633789062,68.63999938964844,69.08999633789062,45.03668975830078,11877900
2013-03-12,69.08000183105469,69.08999633789062,68.68000030517578,68.83999633789062,44.87373352050781,6247300
2013-03-13,68.81999969482422,69.0,68.55999755859375,68.86000061035156,44.88677978515625,6189700
2013-03-14,68.94999694824219,69.31999969482422,68.86000061035156,69.2300033569336,45.12797546386719,10380200
2013-03-15,69.13999938964844,69.29000091552734,68.86000061035156,69.26000213623047,45.14753341674805,7085100
2013-03-18,68.6500015258789,69.08999633789062,68.6500015258789,69.06999969482422,45.0236701965332,17335600
2013-03-19,69.06999969482422,69.13999938964844,68.2300033569336,68.58000183105469,44.704254150390625,8311400
2013-03-20,68.9800033569336,68.98999786376953,68.63999938964844,68.9800033569336,44.96500015258789,9476900
2013-03-21,68.69000244140625,69.22000122070312,68.69000244140625,68.75,44.8150749206543,4807000
2013-03-22,68.98999786376953,69.26000213623047,68.8499984741211,69.16999816894531,45.08885192871094,5176600
2013-03-25,68.93000030517578,69.0,68.41000366210938,68.54000091552734,45.05862045288086,10970400
2013-03-26,68.62999725341797,69.11000061035156,68.62999725341797,69.05000305175781,45.3939094543457,8879000
2013-03-27,68.81999969482422,69.20999908447266,68.68000030517578,69.16000366210938,45.466209411621094,5747800
2013-03-28,69.26000213623047,69.55000305175781,69.02999877929688,69.4800033569336,45.67659378051758,10163700
2013-04-01,69.51000213623047,69.69999694824219,69.16000366210938,69.69999694824219,45.82119369506836,10676100
2013-04-02,69.95999908447266,70.12000274658203,69.72000122070312,69.87999725341797,45.939537048339844,7683800
2013-04-03,70.11000061035156,70.11000061035156,69.27999877929688,69.51000213623047,45.69630432128906,5906600
2013-04-04,69.58999633789062,70.61000061035156,69.4800033569336,70.52999877929688,46.366851806640625,15045800
2013-04-05,69.88999938964844,70.72000122070312,69.75,70.72000122070312,46.49177551269531,9219300
2013-04-08,70.7300033569336,71.44999694824219,70.47000122070312,71.37999725341797,46.925655364990234,9494700
2013-04-09,71.4800033569336,71.6500015258789,71.01000213623047,71.41000366210938,46.94538116455078,6504500
2013-04-10,71.56999969482422,71.94000244140625,71.44000244140625,71.83000183105469,47.22148895263672,5585900
2013-04-11,71.9000015258789,72.52999877929688,71.83999633789062,72.18000030517578,47.45158004760742,11137100
2013-04-12,72.08000183105469,72.5999984741211,71.9800033569336,72.5999984741211,47.72767639160156,6908300
2013-04-15,72.0999984741211,72.25,70.79000091552734,70.79000091552734,46.537776947021484,10229500
2013-04-16,71.19999694824219,71.94999694824219,70.80000305175781,71.91000366210938,47.274078369140625,6787100
2013-04-17,71.62999725341797,71.66000366210938,70.56999969482422,71.04000091552734,46.702117919921875,8952700
2013-04-18,71.08000183105469,71.18000030517578,70.62999725341797,71.04000091552734,46.702117919921875,16557900
2013-04-19,71.44000244140625,71.9800033569336,71.02999877929688,71.86000061035156,47.2411994934082,16957600
2013-04-22,71.97000122070312,72.13999938964844,71.4800033569336,71.95999908447266,47.306941986083984,5361900
2013-04-23,72.22000122070312,72.5,71.8499984741211,72.37999725341797,47.58305740356445,6056000
2013-04-24,72.58000183105469,72.62000274658203,72.20999908447266,72.61000061035156,47.7342414855957,5241100
2013-04-25,72.48999786376953,72.79000091552734,71.98999786376953,72.5199966430664,47.67509078979492,8899900
2013-04-26,72.41000366210938,72.69999694824219,72.13999938964844,72.19000244140625,47.4581413269043,4196100
2013-04-29,72.43000030517578,72.7699966430664,72.19999694824219,72.75,47.82630157470703,4371600
2013-04-30,72.75,73.48999786376953,72.56999969482422,73.45999908447266,48.293052673339844,7901100
2013-05-01,73.44000244140625,73.5,72.76000213623047,72.95999908447266,47.964359283447266,19735200
2013-05-02,72.94000244140625,73.51000213623047,72.93000030517578,73.23999786376953,48.14842224121094,4746700
2013-05-03,73.5999984741211,73.7699966430664,73.1500015258789,73.30000305175781,48.1878662109375,6804300
2013-05-06,73.3499984741211,73.66999816894531,73.30000305175781,73.58999633789062,48.3785400390625,4539300
2013-05-07,73.87999725341797,74.05000305175781,73.48999786376953,74.0199966430664,48.66120910644531,7326500
2013-05-08,73.9000015258789,74.30999755859375,73.79000091552734,74.19999694824219,48.779537200927734,5550500
2013-05-09,74.19999694824219,74.25,73.5999984741211,73.81999969482422,48.52970886230469,12540900
2013-05-10,74.0,74.0,73.6500015258789,73.83999633789062,48.5428581237793,4807500
2013-05-13,73.83999633789062,74.02999877929688,73.6500015258789,73.94999694824219,48.615177154541016,5141500
2013-05-14,74.02999877929688,74.48999786376953,74.02999877929688,74.33999633789062,48.87157440185547,6114500
2013-05-15,74.33999633789062,75.01000213623047,73.97000122070312,75.0,49.30546569824219,12938900
2013-05-16,74.94000244140625,75.16999816894531,74.47000122070312,74.76000213623047,49.147674560546875,11084100
2013-05-17,74.9000015258789,75.23999786376953,74.69000244140625,75.2300033569336,49.45667266845703,11377800
2013-05-20,75.2300033569336,75.3499984741211,74.93000030517578,75.19000244140625,49.43037414550781,6560000
2013-05-21,75.4000015258789,75.69000244140625,75.33000183105469,75.54000091552734,49.66045379638672,5619400
2013-05-22,75.63999938964844,76.20999908447266,73.33000183105469,73.66999816894531,48.43110656738281,26250400
2013-05-23,73.08000183105469,73.08000183105469,72.02999877929688,72.63999938964844,47.75398635864258,17882300
2013-05-24,72.4000015258789,72.45999908447266,71.61000061035156,72.36000061035156,47.56991195678711,11804000
2013-05-28,73.05999755859375,73.22000122070312,71.19999694824219,71.63999938964844,47.09657287597656,15416700
2013-05-29,71.11000061035156,71.1500015258789,69.25,70.20999908447266,46.15648651123047,23698500
2013-05-30,70.20999908447266,70.69999694824219,69.45999908447266,69.54000091552734,45.71601867675781,13778600
2013-05-31,69.25,70.04000091552734,68.66000366210938,68.69000244140625,45.1572380065918,20832400
2013-06-03,68.70999908447266,69.33999633789062,68.05999755859375,68.86000061035156,45.26897430419922,25223500
2013-06-04,68.87000274658203,69.11000061035156,68.05000305175781,68.05999755859375,44.74306106567383,17821400
2013-06-05,68.11000061035156,68.30999755859375,67.20999908447266,67.33000183105469,44.263153076171875,19959500
2013-06-06,67.27999877929688,68.6500015258789,67.0199966430664,68.58999633789062,45.091468811035156,21649800
2013-06-07,68.7699966430664,68.83000183105469,67.63999938964844,68.55000305175781,45.06519317626953,16045900
2013-06-10,68.62999725341797,68.79000091552734,67.77999877929688,67.94999694824219,44.670745849609375,17666100
2013-06-11,67.33000183105469,67.66000366210938,66.87000274658203,66.91000366210938,43.9870491027832,17765800
2013-06-12,67.41000366210938,67.43000030517578,65.7699966430664,65.93000030517578,43.34278869628906,16537000
2013-06-13,65.83999633789062,68.12000274658203,65.79000091552734,67.94000244140625,44.664161682128906,21085000
2013-06-14,67.9000015258789,68.9800033569336,67.73999786376953,68.11000061035156,44.77592849731445,13991400
2013-06-17,68.43000030517578,68.83999633789062,67.73999786376953,68.19999694824219,44.8350944519043,10786100
2013-06-18,68.25,68.87999725341797,67.87000274658203,68.30999755859375,44.90740966796875,14319100
2013-06-19,68.47000122070312,68.66999816894531,66.12999725341797,66.26000213623047,43.559730529785156,34471300
2013-06-20,65.48999786376953,65.7699966430664,63.380001068115234,63.66999816894531,41.857032775878906,31601500
2013-06-21,64.22000122070312,65.08999633789062,63.310001373291016,64.41999816894531,42.35009765625,24105500
2013-06-24,63.4900016784668,65.43000030517578,62.709999084472656,64.01000213623047,42.08055877685547,30133200
2013-06-25,64.68000030517578,65.52999877929688,64.16000366210938,65.19000244140625,42.85630798339844,18040500
2013-06-26,65.26000213623047,65.7699966430664,65.08999633789062,65.55000305175781,43.497310638427734,16898500
2013-06-27,66.01000213623047,66.83999633789062,65.8499984741211,66.72000122070312,44.2736930847168,13893800
2013-06-28,66.44999694824219,66.88999938964844,65.91999816894531,66.43000030517578,44.081260681152344,12025100
2013-07-01,66.56999969482422,67.04000091552734,65.94999694824219,66.08000183105469,43.8490104675293,14941100
2013-07-02,65.9800033569336,67.0999984741211,65.91999816894531,66.8499984741211,44.359962463378906,12520400
2013-07-03,66.75,67.0,65.66999816894531,66.55999755859375,44.16752243041992,8076200
2013-07-05,66.41000366210938,66.44999694824219,64.62000274658203,65.86000061035156,43.70301818847656,16119500
2013-07-08,66.0199966430664,67.0999984741211,66.0199966430664,66.12000274658203,43.87555694580078,6958000
2013-07-09,66.56999969482422,67.23999786376953,66.19999694824219,66.95999908447266,44.43295669555664,9422400
2013-07-10,66.80999755859375,67.2300033569336,66.54000091552734,66.95999908447266,44.43295669555664,10060200
2013-07-11,67.94000244140625,68.86000061035156,67.86000061035156,68.80999755859375,45.66057586669922,16742100
2013-07-12,68.9000015258789,68.94000244140625,68.12000274658203,68.36000061035156,45.36195755004883,10555600
2013-07-15,68.23999786376953,68.7300033569336,68.18000030517578,68.61000061035156,45.5278434753418,6986300
2013-07-16,68.43000030517578,68.83999633789062,68.31999969482422,68.5,45.45486831665039,6891000
2013-07-17,68.77999877929688,68.91999816894531,68.36000061035156,68.86000061035156,45.69374084472656,14463800
2013-07-18,68.80999755859375,69.36000061035156,68.7699966430664,69.29000091552734,45.979087829589844,7176600
2013-07-19,69.2300033569336,69.41999816894531,68.94999694824219,69.22000122070312,45.9326286315918,7701100
2013-07-22,69.25,69.4800033569336,69.04000091552734,69.41999816894531,46.06534957885742,4684700
2013-07-23,69.5999984741211,69.5999984741211,69.06999969482422,69.38999938964844,46.045433044433594,4930000
2013-07-24,69.47000122070312,69.52999877929688,67.52999877929688,68.04000091552734,45.14961624145508,13685200
2013-07-25,67.93000030517578,68.08000183105469,67.52999877929688,67.95999908447266,45.09653091430664,10019400
2013-07-26,67.77999877929688,68.18000030517578,67.52999877929688,68.13999938964844,45.215965270996094,5577000
2013-07-29,68.02999877929688,68.20999908447266,67.48999786376953,67.5999984741211,44.85765075683594,6999900
2013-07-30,67.75,68.30000305175781,67.33999633789062,67.5199966430664,44.8045539855957,6200400
2013-07-31,67.33000183105469,67.68000030517578,66.0,66.58999633789062,44.187442779541016,17578300
2013-08-01,66.86000061035156,66.94999694824219,66.18000030517578,66.22000122070312,43.94190979003906,12801700
2013-08-02,66.55999755859375,66.81999969482422,65.91999816894531,65.93000030517578,43.749473571777344,16858500
2013-08-05,65.9000015258789,66.19000244140625,65.69999694824219,65.88999938964844,43.72293472290039,5471400
2013-08-06,65.79000091552734,66.13999938964844,65.5,65.66000366210938,43.570316314697266,5899900
2013-08-07,65.66000366210938,65.66000366210938,65.08000183105469,65.38999938964844,43.391143798828125,6218300
2013-08-08,65.55000305175781,65.69999694824219,65.12000274658203,65.44999694824219,43.43095779418945,6905300
2013-08-09,65.29000091552734,66.41000366210938,65.19999694824219,66.06999969482422,43.842369079589844,6247000
2013-08-12,65.93000030517578,65.94000244140625,65.33000183105469,65.52999877929688,43.48405075073242,8185500
2013-08-13,65.5999984741211,65.6500015258789,64.44000244140625,64.62999725341797,42.88682174682617,10889000
2013-08-14,64.5,64.8499984741211,64.37000274658203,64.48999786376953,42.79393768310547,13474200
2013-08-15,63.83000183105469,63.849998474121094,63.02000045776367,63.27000045776367,41.984378814697266,17106100
2013-08-16,63.0099983215332,63.2400016784668,61.790000915527344,61.810001373291016,41.01555633544922,22158900
2013-08-19,61.65999984741211,61.880001068115234,60.91999816894531,60.970001220703125,40.45814514160156,15340000
2013-08-20,61.279998779296875,62.709999084472656,61.2400016784668,62.400001525878906,41.40704345703125,20078000
2013-08-21,61.970001220703125,63.209999084472656,61.58000183105469,62.27000045776367,41.320796966552734,19768900
2013-08-22,62.470001220703125,62.650001525878906,61.939998626708984,62.619998931884766,41.55303955078125,15039600
2013-08-23,62.72999954223633,63.36000061035156,62.43000030517578,63.349998474121094,42.03744125366211,9662400
2013-08-26,63.459999084472656,63.47999954223633,63.0099983215332,63.11000061035156,41.878196716308594,5527400
2013-08-27,62.66999816894531,63.25,62.529998779296875,62.91999816894531,41.752105712890625,7907000
2013-08-28,62.779998779296875,62.93000030517578,62.45000076293945,62.619998931884766,41.55303955078125,5761700
2013-08-29,62.43000030517578,62.77000045776367,62.11000061035156,62.720001220703125,41.61939239501953,4663600
2013-08-30,62.75,63.11000061035156,62.11000061035156,62.2400016784668,41.30086898803711,6533700
2013-09-03,62.709999084472656,62.86000061035156,61.25,61.720001220703125,40.95582580566406,12854500
2013-09-04,61.709999084472656,62.47999954223633,61.52000045776367,62.15999984741211,41.24779510498047,11140200
2013-09-05,62.09000015258789,62.22999954223633,61.58000183105469,61.630001068115234,40.8961067199707,7406700
2013-09-06,62.459999084472656,63.209999084472656,62.38999938964844,62.7599983215332,41.645931243896484,12815100
2013-09-09,63.060001373291016,64.0,62.77000045776367,64.0,42.468780517578125,11123300
2013-09-10,64.12000274658203,64.2300033569336,63.52000045776367,63.91999816894531,42.415687561035156,8889000
2013-09-11,63.84000015258789,64.36000061035156,63.84000015258789,64.36000061035156,42.70765686035156,9867700
2013-09-12,64.55999755859375,64.73999786376953,63.86000061035156,63.95000076293945,42.43559265136719,9121300
2013-09-13,64.08999633789062,64.2699966430664,63.86000061035156,64.08999633789062,42.52849197387695,8046000
2013-09-16,65.20999908447266,65.62999725341797,64.55999755859375,64.72000122070312,42.94655227661133,13644600
2013-09-17,64.8499984741211,65.20999908447266,64.58000183105469,64.66999816894531,42.91337585449219,8761600
2013-09-18,64.6500015258789,66.97000122070312,63.97999954223633,66.93000030517578,44.413055419921875,37540300
2013-09-19,66.97000122070312,67.5,66.62000274658203,66.66999816894531,44.24051284790039,20322800
2013-09-20,66.7699966430664,66.79000091552734,65.38999938964844,65.5199966430664,43.477413177490234,17910100
2013-09-23,65.51000213623047,65.81999969482422,65.0199966430664,65.0999984741211,43.19868850708008,12152500
2013-09-24,64.45999908447266,64.61000061035156,64.0199966430664,64.06999969482422,42.91337966918945,13075000
2013-09-25,64.16000366210938,64.69000244140625,63.869998931884766,64.29000091552734,43.06071853637695,9013600
2013-09-26,64.37999725341797,64.70999908447266,64.19999694824219,64.68000030517578,43.32194900512695,4380700
2013-09-27,64.51000213623047,64.77999877929688,64.05999755859375,64.44000244140625,43.161197662353516,5971100
2013-09-30,64.06999969482422,64.5199966430664,63.56999969482422,63.790000915527344,42.725830078125,9374800
2013-10-01,63.779998779296875,65.23999786376953,63.650001525878906,64.76000213623047,43.37554168701172,16465300
2013-10-02,64.38999938964844,64.83000183105469,64.12999725341797,64.80000305175781,43.402320861816406,11800100
2013-10-03,64.52999877929688,64.6500015258789,63.400001525878906,63.79999923706055,42.7325439453125,23591100
2013-10-04,63.849998474121094,64.05000305175781,63.2400016784668,63.56999969482422,42.5784912109375,13296400
2013-10-07,63.22999954223633,64.06999969482422,63.189998626708984,63.849998474121094,42.766014099121094,7675500
2013-10-08,63.68000030517578,63.959999084472656,63.029998779296875,63.119998931884766,42.27708053588867,9526700
2013-10-09,63.18000030517578,63.61000061035156,62.9900016784668,63.099998474121094,42.26367950439453,9436400
2013-10-10,63.5099983215332,64.66000366210938,63.5099983215332,64.61000061035156,43.275062561035156,23726100
2013-10-11,64.58999633789062,65.27999877929688,64.37000274658203,65.2300033569336,43.69035720825195,11282500
2013-10-14,64.91000366210938,65.33000183105469,64.62999725341797,65.20999908447266,43.676918029785156,15004400
2013-10-15,65.0999984741211,65.44000244140625,64.81999969482422,65.0,43.536285400390625,8338500
2013-10-16,65.29000091552734,66.25,65.22000122070312,66.18000030517578,44.32663345336914,16177500
2013-10-17,65.93000030517578,67.41999816894531,65.87000274658203,67.19999694824219,45.00981903076172,19146900
2013-10-18,67.4800033569336,67.61000061035156,66.80000305175781,67.06999969482422,44.9227409362793,11933200
2013-10-21,67.0,67.08000183105469,66.45999908447266,66.72000122070312,44.688316345214844,9373400
2013-10-22,67.05999755859375,67.72000122070312,66.80999755859375,67.43000030517578,45.16386795043945,10465300
2013-10-23,67.33000183105469,67.61000061035156,67.0199966430664,67.56999969482422,45.25764465332031,13218500
2013-10-24,67.7300033569336,67.7300033569336,67.19000244140625,67.5199966430664,45.224151611328125,6881800
2013-10-25,67.73999786376953,68.25,67.5,68.18000030517578,45.666202545166016,7983500
2013-10-28,68.16999816894531,68.16999816894531,67.18000030517578,67.70999908447266,45.35141372680664,8219400
2013-10-29,67.44999694824219,67.48999786376953,66.87000274658203,67.13999938964844,44.96962356567383,8522000
2013-10-30,66.72000122070312,67.04000091552734,66.3499984741211,66.6500015258789,44.64142608642578,7474200
2013-10-31,66.72000122070312,66.86000061035156,65.86000061035156,66.16999816894531,44.31992721557617,9070700
2013-11-01,66.2699966430664,66.76000213623047,65.86000061035156,66.58999633789062,44.601253509521484,16618700
2013-11-04,66.8499984741211,66.9800033569336,66.1500015258789,66.68000030517578,44.66152572631836,4092900
2013-11-05,66.20999908447266,66.2699966430664,65.54000091552734,65.66999816894531,43.98503875732422,9774500
2013-11-06,66.01000213623047,66.19000244140625,65.55000305175781,65.66000366210938,43.97834777832031,4892000
2013-11-07,65.79000091552734,65.83999633789062,64.72000122070312,64.86000061035156,43.442508697509766,9769500
2013-11-08,64.2300033569336,64.4000015258789,63.13999938964844,63.9900016784668,42.859806060791016,17449800
2013-11-11,64.11000061035156,64.37000274658203,63.86000061035156,63.939998626708984,42.8262939453125,6158600
2013-11-12,63.900001525878906,63.900001525878906,63.2599983215332,63.720001220703125,42.67896270751953,10349700
2013-11-13,63.470001220703125,64.18000030517578,63.40999984741211,64.16999816894531,42.9803581237793,6905000
2013-11-14,64.63999938964844,65.0999984741211,64.30000305175781,64.68000030517578,43.32194900512695,7918300
2013-11-15,64.81999969482422,65.0,64.55000305175781,64.83999633789062,43.429100036621094,11699600
2013-11-18,65.05999755859375,65.05999755859375,64.36000061035156,64.38999938964844,43.12770462036133,6279000
2013-11-19,64.41000366210938,64.41999816894531,63.7400016784668,63.900001525878906,42.79951095581055,8551800
2013-11-20,63.970001220703125,64.5999984741211,63.09000015258789,63.34000015258789,42.42442321777344,10075700
2013-11-21,63.40999984741211,63.81999969482422,63.13999938964844,63.68000030517578,42.65216827392578,7412500
2013-11-22,63.849998474121094,63.849998474121094,63.18000030517578,63.4900016784668,42.52490234375,5750500
2013-11-25,63.5,63.66999816894531,63.18000030517578,63.220001220703125,42.344058990478516,5823800
2013-11-26,63.400001525878906,63.400001525878906,63.02000045776367,63.040000915527344,42.223506927490234,6277300
2013-11-27,63.31999969482422,63.779998779296875,63.02000045776367,63.689998626708984,42.65886688232422,5205300
2013-11-29,63.689998626708984,63.849998474121094,63.04999923706055,63.099998474121094,42.26367950439453,4961700
2013-12-02,62.9900016784668,63.29999923706055,62.560001373291016,62.77000045776367,42.04264831542969,9128400
2013-12-03,62.630001068115234,62.900001525878906,62.470001220703125,62.70000076293945,41.99577713012695,7106800
2013-12-04,62.0,63.22999954223633,61.939998626708984,62.84000015258789,42.089534759521484,15225500
2013-12-05,62.68000030517578,63.060001373291016,62.34000015258789,62.90999984741211,42.13642120361328,11587100
2013-12-06,63.470001220703125,63.540000915527344,63.06999969482422,63.400001525878906,42.464630126953125,9929900
2013-12-09,63.5,63.880001068115234,63.20000076293945,63.810001373291016,42.73923873901367,9697700
2013-12-10,63.86000061035156,64.12000274658203,63.7599983215332,63.810001373291016,42.73923873901367,6791800
2013-12-11,63.810001373291016,63.810001373291016,62.34000015258789,62.43000030517578,41.814937591552734,13703100
2013-12-12,62.38999938964844,62.5,61.900001525878906,62.0099983215332,41.53361511230469,8008900
2013-12-13,62.290000915527344,62.97999954223633,62.11000061035156,62.2599983215332,41.70106506347656,5952900
2013-12-16,62.650001525878906,62.650001525878906,62.130001068115234,62.33000183105469,41.74794387817383,6769100
2013-12-17,62.33000183105469,62.83000183105469,62.13999938964844,62.65999984741211,41.96897888183594,7415100
2013-12-18,62.70000076293945,63.90999984741211,62.02000045776367,63.7599983215332,42.70573043823242,20907600
2013-12-19,63.54999923706055,63.70000076293945,62.66999816894531,62.97999954223633,42.18331527709961,12584500
2013-12-20,63.150001525878906,63.4900016784668,62.900001525878906,63.470001220703125,42.51150131225586,14497800
2013-12-23,63.279998779296875,63.36000061035156,62.90999984741211,62.970001220703125,42.5716552734375,8197500
2013-12-24,63.04999923706055,63.20000076293945,62.88999938964844,63.08000183105469,42.64604187011719,3641500
2013-12-26,63.33000183105469,63.540000915527344,62.90999984741211,63.150001525878906,42.69336700439453,4603100
2013-12-27,63.209999084472656,63.22999954223633,62.720001220703125,63.22999954223633,42.74745178222656,11549200
2013-12-30,63.209999084472656,63.43000030517578,63.11000061035156,63.279998779296875,42.781246185302734,3941800
2013-12-31,63.290000915527344,63.52000045776367,62.9900016784668,63.08000183105469,42.64604187011719,6767300
2014-01-02,63.130001068115234,63.220001220703125,62.599998474121094,62.97999954223633,42.578426361083984,10310500
2014-01-03,62.95000076293945,63.59000015258789,62.91999816894531,63.349998474121094,42.828582763671875,6368400
2014-01-06,63.47999954223633,63.869998931884766,63.27000045776367,63.61000061035156,43.004364013671875,7108000
2014-01-07,63.88999938964844,64.11000061035156,63.41999816894531,63.83000183105469,43.15308380126953,9676100
2014-01-08,63.63999938964844,63.93000030517578,63.27000045776367,63.72999954223633,43.085472106933594,9098800
2014-01-09,63.91999816894531,63.91999816894531,63.20000076293945,63.70000076293945,43.06519317626953,8012900
2014-01-10,64.30000305175781,64.69999694824219,64.0199966430664,64.45999908447266,43.579010009765625,13050800
2014-01-13,64.51000213623047,64.51000213623047,63.849998474121094,64.04000091552734,43.295066833496094,8248200
2014-01-14,64.05000305175781,64.62000274658203,64.0,64.44000244140625,43.565486907958984,5319500
2014-01-15,64.43000030517578,64.94999694824219,64.41999816894531,64.73999786376953,43.768306732177734,7612600
2014-01-16,64.68000030517578,64.95999908447266,64.68000030517578,64.88999938964844,43.86970520019531,11237800
2014-01-17,64.9800033569336,65.01000213623047,64.51000213623047,64.68000030517578,43.72774124145508,8539200
2014-01-21,64.9000015258789,65.36000061035156,64.75,65.12999725341797,44.0319709777832,10145000
2014-01-22,65.23999786376953,65.62000274658203,65.13999938964844,65.30000305175781,44.14689254760742,8165500
2014-01-23,65.12999725341797,65.38999938964844,64.5199966430664,65.2699966430664,44.126609802246094,10437200
2014-01-24,65.05999755859375,65.05999755859375,64.2300033569336,64.30999755859375,43.47760772705078,13019600
2014-01-27,64.38999938964844,64.7300033569336,63.66999816894531,63.91999816894531,43.21393585205078,11158300
2014-01-28,64.05000305175781,64.68000030517578,64.0199966430664,64.56999969482422,43.65337371826172,7727800
2014-01-29,64.18000030517578,64.55999755859375,63.91999816894531,64.2699966430664,43.45055389404297,9226100
2014-01-30,64.48999786376953,65.2699966430664,64.48999786376953,65.05000305175781,43.97789001464844,9384200
2014-01-31,64.58000183105469,65.5999984741211,64.25,65.25,44.113094329833984,12207500
2014-02-03,65.29000091552734,65.3499984741211,64.05999755859375,64.30000305175781,43.47084045410156,16058300
2014-02-04,64.43000030517578,65.08000183105469,64.12999725341797,64.97000122070312,43.92380905151367,16129900
2014-02-05,64.69999694824219,65.04000091552734,64.58000183105469,64.94999694824219,43.910274505615234,12270400
2014-02-06,65.08000183105469,65.4800033569336,65.05999755859375,65.43000030517578,44.234779357910156,10567500
2014-02-07,65.7300033569336,65.95999908447266,65.38999938964844,65.87000274658203,44.53224563598633,10915400
2014-02-10,65.95999908447266,66.62000274658203,65.69000244140625,66.47000122070312,44.937904357910156,12611400
2014-02-11,66.5999984741211,66.98999786376953,66.29000091552734,66.69999694824219,45.0933837890625,13250700
2014-02-12,66.91000366210938,66.91000366210938,66.45999908447266,66.73999786376953,45.12042999267578,6358300
2014-02-13,66.66999816894531,67.37000274658203,66.38999938964844,67.0,45.29621124267578,10486100
2014-02-14,67.0,67.41000366210938,66.97000122070312,67.2699966430664,45.47874450683594,6953700
2014-02-18,67.41999816894531,67.69999694824219,67.0,67.66999816894531,45.749168395996094,12370800
2014-02-19,67.5,68.23999786376953,67.44999694824219,67.6500015258789,45.735652923583984,13736700
2014-02-20,67.55999755859375,68.08999633789062,67.25,67.52999877929688,45.6545295715332,7509200
2014-02-21,67.66999816894531,67.87999725341797,67.19999694824219,67.63999938964844,45.7288932800293,8399400
2014-02-24,67.72000122070312,68.3499984741211,67.70999908447266,67.75,45.803245544433594,11196700
2014-02-25,67.7699966430664,68.13999938964844,67.5999984741211,67.77999877929688,45.823543548583984,6091200
2014-02-26,67.8499984741211,68.26000213623047,67.77999877929688,67.97000122070312,45.95198059082031,10265300
2014-02-27,67.9000015258789,68.26000213623047,67.61000061035156,67.9000015258789,45.90467071533203,5632900
2014-02-28,68.22000122070312,68.68000030517578,67.8499984741211,68.3499984741211,46.20886993408203,14613500
2014-03-03,67.95999908447266,68.45999908447266,67.83000183105469,68.4000015258789,46.24270248413086,11517800
2014-03-04,68.75,69.31999969482422,68.75,69.23999786376953,46.810585021972656,15107900
2014-03-05,69.23999786376953,69.33000183105469,68.5999984741211,69.1500015258789,46.74973678588867,12690500
2014-03-06,69.06999969482422,69.12000274658203,68.56999969482422,68.81999969482422,46.52665328979492,8717000
2014-03-07,68.45999908447266,68.6500015258789,67.73999786376953,68.04000091552734,45.99931335449219,14545300
2014-03-10,67.91999816894531,68.13999938964844,67.48999786376953,67.79000091552734,45.830291748046875,11747500
2014-03-11,67.83999633789062,68.31999969482422,67.79000091552734,68.16000366210938,46.080448150634766,10502200
2014-03-12,67.87999725341797,68.3499984741211,67.87999725341797,68.30999755859375,46.18185043334961,6888400
2014-03-13,68.4000015258789,68.48999786376953,67.91000366210938,68.08999633789062,46.033111572265625,9383600
2014-03-14,67.91000366210938,68.47000122070312,67.86000061035156,68.11000061035156,46.04664993286133,8557400
2014-03-17,68.48999786376953,68.69000244140625,68.0999984741211,68.22000122070312,46.12099838256836,9020200
2014-03-18,68.26000213623047,68.5999984741211,68.08000183105469,68.5199966430664,46.32380676269531,10663100
2014-03-19,68.55000305175781,68.8499984741211,67.02999877929688,67.30999755859375,45.50578689575195,16403800
2014-03-20,67.16000366210938,67.43000030517578,66.6500015258789,67.4000015258789,45.566619873046875,15716900
2014-03-21,67.58000183105469,68.1500015258789,67.5199966430664,67.94999694824219,45.93846130371094,18908000
2014-03-24,68.48999786376953,68.48999786376953,67.16999816894531,67.55000305175781,45.66804122924805,10919300
2014-03-25,67.20999908447266,67.33999633789062,66.79000091552734,67.2699966430664,46.002445220947266,10306800
2014-03-26,67.11000061035156,67.36000061035156,66.48999786376953,66.5199966430664,45.48955154418945,10498200
2014-03-27,66.5,66.9000015258789,66.25,66.83999633789062,45.70839309692383,8288600
2014-03-28,67.05000305175781,67.51000213623047,66.95999908447266,67.27999877929688,46.00929641723633,8326600
2014-03-31,67.63999938964844,67.9000015258789,67.08000183105469,67.66999816894531,46.275978088378906,8762400
2014-04-01,67.88999938964844,68.11000061035156,67.31999969482422,68.0999984741211,46.57002258300781,15963700
2014-04-02,67.87999725341797,68.18000030517578,67.73999786376953,68.11000061035156,46.576881408691406,10488700
2014-04-03,68.0999984741211,68.19999694824219,67.70999908447266,67.87000274658203,46.41274642944336,10216600
2014-04-04,68.22000122070312,68.54000091552734,67.88999938964844,68.13999938964844,46.59738540649414,12050300
2014-04-07,67.91999816894531,68.69999694824219,67.91000366210938,68.20999908447266,46.64524459838867,15098800
2014-04-08,68.16000366210938,68.66999816894531,68.04000091552734,68.58999633789062,46.90511703491211,8741500
2014-04-09,68.76000213623047,68.77999877929688,68.12999725341797,68.54000091552734,46.87092971801758,7283500
2014-04-10,68.5999984741211,68.88999938964844,67.76000213623047,67.93000030517578,46.45377731323242,8403900
2014-04-11,67.79000091552734,68.12000274658203,67.41000366210938,67.5199966430664,46.173404693603516,9716100
2014-04-14,67.69999694824219,67.95999908447266,67.37999725341797,67.7699966430664,46.3443717956543,10463400
2014-04-15,67.87999725341797,68.55000305175781,67.80999755859375,68.48999786376953,46.83674240112305,10085800
2014-04-16,68.68000030517578,69.0,68.48999786376953,68.9000015258789,47.11712646484375,9370800
2014-04-17,68.69999694824219,68.87999725341797,68.37999725341797,68.70999908447266,46.987186431884766,16927900
2014-04-21,68.81999969482422,69.0,68.58999633789062,69.0,47.18549346923828,8530200
2014-04-22,68.94999694824219,69.30999755859375,68.62999725341797,69.2300033569336,47.34279251098633,6935500
2014-04-23,69.19999694824219,69.30000305175781,68.80999755859375,69.0199966430664,47.19916534423828,4599600
2014-04-24,69.0999984741211,69.30999755859375,68.94999694824219,69.25,47.35646057128906,6275800
2014-04-25,69.0,69.26000213623047,68.81999969482422,69.01000213623047,47.19233322143555,5370400
2014-04-28,69.11000061035156,69.47000122070312,68.79000091552734,69.37000274658203,47.43852233886719,10062200
2014-04-29,69.22000122070312,69.66000366210938,69.22000122070312,69.41000366210938,47.46589660644531,4539100
2014-04-30,69.29000091552734,69.75,69.26000213623047,69.72000122070312,47.677879333496094,6472600
2014-05-01,69.72000122070312,70.30000305175781,69.33999633789062,70.26000213623047,48.047142028808594,16973700
2014-05-02,69.94999694824219,70.5199966430664,69.87999725341797,70.2300033569336,48.02662658691406,9439500
2014-05-05,69.95999908447266,70.48999786376953,69.70999908447266,70.4800033569336,48.19759750366211,12375000
2014-05-06,70.41000366210938,70.41000366210938,69.95999908447266,70.22000122070312,48.019775390625,7561800
2014-05-07,70.37000274658203,71.08000183105469,70.27999877929688,71.04000091552734,48.580543518066406,16037200
2014-05-08,71.01000213623047,71.37000274658203,70.80000305175781,71.08000183105469,48.60789108276367,8538700
2014-05-09,70.95999908447266,71.2699966430664,70.69999694824219,71.06999969482422,48.6010627746582,5697000
2014-05-12,71.12999725341797,71.36000061035156,71.04000091552734,71.22000122070312,48.70365524291992,5852900
2014-05-13,71.0199966430664,71.7300033569336,70.75,70.80000305175781,48.41643142700195,9089000
2014-05-14,70.94999694824219,71.18000030517578,70.62000274658203,70.9800033569336,48.539520263671875,8881100
2014-05-15,70.97000122070312,70.9800033569336,70.29000091552734,70.86000061035156,48.45747375488281,19027700
2014-05-16,70.87999725341797,71.4000015258789,70.62000274658203,71.37999725341797,48.813053131103516,12725700
2014-05-19,71.27999877929688,71.30000305175781,70.80999755859375,71.12000274658203,48.63526916503906,7203000
2014-05-20,71.1500015258789,71.37999725341797,70.69999694824219,70.9000015258789,48.48480224609375,4401400
2014-05-21,70.94999694824219,71.1500015258789,70.4800033569336,70.62000274658203,48.2933235168457,6551900
2014-05-22,70.6500015258789,70.86000061035156,70.44000244140625,70.55999755859375,48.252296447753906,6768400
2014-05-23,70.63999938964844,71.0999984741211,70.62000274658203,71.08999633789062,48.614742279052734,5231400
2014-05-27,71.05000305175781,71.56999969482422,71.04000091552734,71.5199966430664,48.908782958984375,7870600
2014-05-28,71.37000274658203,71.37000274658203,70.80999755859375,71.2300033569336,48.710472106933594,7279400
2014-05-29,71.38999938964844,71.38999938964844,71.06999969482422,71.31999969482422,48.77203369140625,4650500
2014-05-30,71.22000122070312,71.75,71.20999908447266,71.66999816894531,49.011375427246094,11869100
2014-06-02,71.66999816894531,71.94000244140625,71.51000213623047,71.80000305175781,49.10028076171875,8329500
2014-06-03,71.69000244140625,71.76000213623047,71.4800033569336,71.70999908447266,49.03871536254883,4321300
2014-06-04,71.7300033569336,71.95999908447266,71.44999694824219,71.77999877929688,49.08658981323242,14897800
2014-06-05,71.75,72.9800033569336,71.68000030517578,72.9000015258789,49.852500915527344,19628800
2014-06-06,73.12999725341797,73.16000366210938,72.58000183105469,72.75,49.749916076660156,7067900
2014-06-09,72.63999938964844,72.94000244140625,71.88999938964844,71.97000122070312,49.21651840209961,8543900
2014-06-10,71.80000305175781,72.02999877929688,71.27999877929688,71.5999984741211,48.96348571777344,14633400
2014-06-11,71.43000030517578,71.58999633789062,70.98999786376953,71.30999755859375,48.76518249511719,11071200
2014-06-12,71.20999908447266,71.31999969482422,70.61000061035156,71.0999984741211,48.62158966064453,11311100
2014-06-13,71.23999786376953,71.36000061035156,70.61000061035156,71.27999877929688,48.74467468261719,5871800
2014-06-16,71.16000366210938,71.43000030517578,70.80000305175781,70.91999816894531,48.498470306396484,11354100
2014-06-17,70.80000305175781,71.12000274658203,70.61000061035156,71.0,48.553192138671875,5946000
2014-06-18,70.94000244140625,71.5999984741211,70.70999908447266,71.44000244140625,48.854087829589844,12276900
2014-06-19,71.4800033569336,71.98999786376953,71.37999725341797,71.98999786376953,49.230201721191406,8030000
2014-06-20,71.69999694824219,72.29000091552734,71.58000183105469,72.23999786376953,49.401180267333984,9347500
2014-06-23,72.23999786376953,72.48999786376953,72.02999877929688,72.06999969482422,49.28490447998047,7420400
2014-06-24,71.44999694824219,71.75,71.30000305175781,71.5,49.30767059326172,6881800
2014-06-25,71.48999786376953,71.63999938964844,71.27999877929688,71.5,49.30767059326172,7041800
2014-06-26,71.43000030517578,71.55000305175781,71.22000122070312,71.41999816894531,49.25249481201172,5258500
2014-06-27,71.26000213623047,71.9000015258789,71.26000213623047,71.8499984741211,49.54902648925781,6817900
2014-06-30,71.91999816894531,72.06999969482422,71.31999969482422,71.79000091552734,49.50767517089844,8877300
2014-07-01,71.7300033569336,72.18000030517578,71.58999633789062,71.97000122070312,49.631771087646484,7629500
2014-07-02,71.9800033569336,72.0,71.5,71.88999938964844,49.576622009277344,8719400
2014-07-03,71.5,71.69000244140625,71.22000122070312,71.55000305175781,49.3421630859375,5647500
2014-07-07,71.4800033569336,71.79000091552734,71.44999694824219,71.62000274658203,49.39042282104492,9888700
2014-07-08,71.5199966430664,72.02999877929688,71.48999786376953,71.83999633789062,49.54212951660156,9211300
2014-07-09,71.79000091552734,72.11000061035156,71.5199966430664,72.0,49.65247344970703,6034300
2014-07-10,71.66999816894531,72.44000244140625,71.58000183105469,72.2300033569336,49.81110382080078,9408700
2014-07-11,72.19999694824219,72.3499984741211,71.97000122070312,72.27999877929688,49.84556579589844,4181600
2014-07-14,72.36000061035156,72.63999938964844,72.1500015258789,72.61000061035156,50.073143005371094,11197000
2014-07-15,72.5199966430664,72.76000213623047,72.26000213623047,72.58999633789062,50.05934524536133,5842900
2014-07-16,72.76000213623047,72.88999938964844,72.41999816894531,72.86000061035156,50.24555587768555,14368800
2014-07-17,72.77999877929688,72.81999969482422,72.33999633789062,72.43000030517578,49.94902038574219,7140300
2014-07-18,72.62999725341797,73.13999938964844,72.44000244140625,73.06999969482422,50.39036560058594,9755300
2014-07-21,72.95999908447266,73.0,72.69000244140625,72.86000061035156,50.24555587768555,4800800
2014-07-22,73.08999633789062,73.30000305175781,73.0,73.16999816894531,50.45933532714844,7678700
2014-07-23,73.23999786376953,73.4000015258789,73.06999969482422,73.33000183105469,50.56968307495117,5012100
2014-07-24,73.4800033569336,73.51000213623047,72.94000244140625,73.13999938964844,50.43864440917969,7350400
2014-07-25,73.13999938964844,73.22000122070312,72.66000366210938,72.7300033569336,50.155887603759766,7043100
2014-07-28,72.76000213623047,73.36000061035156,72.75,73.16999816894531,50.45933532714844,7385900
2014-07-29,73.20999908447266,73.23999786376953,72.77999877929688,72.83000183105469,50.22486114501953,5042400
2014-07-30,72.58999633789062,73.27999877929688,72.37000274658203,72.76000213623047,50.176597595214844,10712100
2014-07-31,72.26000213623047,72.62000274658203,71.70999908447266,71.70999908447266,49.45248794555664,15782800
2014-08-01,71.5999984741211,72.26000213623047,71.5199966430664,71.56999969482422,49.35595703125,14631500
2014-08-04,71.55999755859375,72.16000366210938,71.30000305175781,72.0,49.65247344970703,8981900
2014-08-05,71.75,71.9800033569336,71.19999694824219,71.36000061035156,49.21112823486328,15723600
2014-08-06,70.88999938964844,71.77999877929688,70.83999633789062,71.48999786376953,49.3007698059082,9586500
2014-08-07,71.68000030517578,71.94999694824219,71.47000122070312,71.5999984741211,49.37662887573242,6944400
2014-08-08,71.88999938964844,72.16999816894531,71.5199966430664,72.13999938964844,49.749019622802734,6750200
2014-08-11,72.25,72.73999786376953,72.16999816894531,72.54000091552734,50.02486801147461,9721300
2014-08-12,72.47000122070312,72.66000366210938,72.22000122070312,72.33000183105469,49.88005447387695,3882900
2014-08-13,72.44999694824219,73.2300033569336,72.44999694824219,73.2300033569336,50.50071716308594,5739400
2014-08-14,73.19999694824219,73.5,73.06999969482422,73.20999908447266,50.48689651489258,6522600
2014-08-15,73.45999908447266,73.62000274658203,73.02999877929688,73.27999877929688,50.535194396972656,9707600
2014-08-18,73.58000183105469,73.95999908447266,73.4800033569336,73.95999908447266,51.00412368774414,15038000
2014-08-19,74.12000274658203,74.2300033569336,73.87999725341797,74.0199966430664,51.04551315307617,7827000
2014-08-20,74.08000183105469,74.45999908447266,73.68000030517578,74.37999725341797,51.29376220703125,15038100
2014-08-21,74.4800033569336,74.69000244140625,74.30999755859375,74.30999755859375,51.245487213134766,4645100
2014-08-22,74.4000015258789,74.4000015258789,73.61000061035156,73.80999755859375,50.90068054199219,8299600
2014-08-25,74.12000274658203,74.19000244140625,73.47000122070312,73.77999877929688,50.87999725341797,7306100
2014-08-26,73.77999877929688,74.02999877929688,73.69999694824219,73.77999877929688,50.87999725341797,3133800
2014-08-27,73.94000244140625,74.08000183105469,73.7300033569336,73.9000015258789,50.96274185180664,2845500
2014-08-28,73.88999938964844,74.01000213623047,73.63999938964844,73.83000183105469,50.91447067260742,4091100
2014-08-29,73.9800033569336,74.19999694824219,73.80000305175781,74.19999694824219,51.169620513916016,6178900
2014-09-02,74.05000305175781,74.33000183105469,74.0,74.23999786376953,51.197208404541016,5386100
2014-09-03,74.2300033569336,74.47000122070312,74.08000183105469,74.26000213623047,51.21100997924805,8656900
2014-09-04,74.25,74.54000091552734,73.8499984741211,74.12000274658203,51.114463806152344,10887000
2014-09-05,74.25,74.87999725341797,74.11000061035156,74.81999969482422,51.59718704223633,13249500
2014-09-08,74.83000183105469,74.94999694824219,74.5199966430664,74.69000244140625,51.50756072998047,8470200
2014-09-09,74.48999786376953,74.68000030517578,74.1500015258789,74.29000091552734,51.231693267822266,7008100
2014-09-10,74.0199966430664,74.06999969482422,73.19000244140625,73.26000213623047,50.52141189575195,14574000
2014-09-11,73.20999908447266,73.47000122070312,72.98999786376953,73.3499984741211,50.58345413208008,6952900
2014-09-12,72.87000274658203,72.95999908447266,70.86000061035156,71.23999786376953,49.12835693359375,26111300
2014-09-15,71.27999877929688,71.55999755859375,70.66000366210938,70.94999694824219,48.92839050292969,10270100
2014-09-16,70.95999908447266,71.69999694824219,70.91999816894531,71.4800033569336,49.293888092041016,12545200
2014-09-17,71.73999786376953,72.0999984741211,71.37000274658203,71.43000030517578,49.2593879699707,18717900
2014-09-18,71.58000183105469,71.6500015258789,70.77999877929688,70.91000366210938,48.90080261230469,14133700
2014-09-19,71.08999633789062,71.27999877929688,70.75,70.94999694824219,48.92839050292969,12906500
2014-09-22,70.87999725341797,70.9000015258789,70.31999969482422,70.31999969482422,48.49391174316406,16170500
2014-09-23,70.29000091552734,70.63999938964844,69.88999938964844,69.91999816894531,48.21807098388672,8117200
2014-09-24,69.26000213623047,69.91000366210938,69.0,69.22000122070312,48.16936492919922,14179000
2014-09-25,69.2300033569336,69.2699966430664,68.61000061035156,68.87999725341797,47.93276596069336,13587200
2014-09-26,68.77999877929688,69.7300033569336,68.58999633789062,69.63999938964844,48.461639404296875,11235300
2014-09-29,69.05999755859375,69.62000274658203,68.88999938964844,69.62000274658203,48.447723388671875,10652300
2014-09-30,69.56999969482422,69.7300033569336,69.0999984741211,69.19999694824219,48.15544509887695,13406000
2014-10-01,69.18000030517578,69.6500015258789,68.94000244140625,69.23999786376953,48.18327713012695,15034400
2014-10-02,69.13999938964844,69.55999755859375,68.66000366210938,69.12999725341797,48.10673904418945,11962700
2014-10-03,69.26000213623047,69.7300033569336,69.02999877929688,69.5999984741211,48.43380355834961,6240600
2014-10-06,69.58999633789062,70.06999969482422,69.54000091552734,69.69000244140625,48.49641799926758,11312400
2014-10-07,69.5999984741211,69.94999694824219,69.2300033569336,69.27999877929688,48.21110534667969,9329100
2014-10-08,69.2699966430664,70.62000274658203,69.2699966430664,70.5999984741211,49.12968063354492,13191700
2014-10-09,70.41000366210938,71.33000183105469,70.41000366210938,70.51000213623047,49.06706237792969,18339100
2014-10-10,70.69000244140625,71.33999633789062,70.37999725341797,70.41000366210938,48.99746322631836,11216900
2014-10-13,70.54000091552734,71.08999633789062,70.2300033569336,70.29000091552734,48.9139518737793,10469700
2014-10-14,70.75,71.86000061035156,70.5999984741211,71.3499984741211,49.65159606933594,15145100
2014-10-15,71.16000366210938,71.61000061035156,70.2300033569336,70.8499984741211,49.30366516113281,16837100
2014-10-16,70.51000213623047,71.33000183105469,70.11000061035156,71.04000091552734,49.435874938964844,19074200
2014-10-17,71.79000091552734,71.79000091552734,70.79000091552734,71.4000015258789,49.6864128112793,10453600
2014-10-20,71.37999725341797,72.43000030517578,71.27999877929688,72.41999816894531,50.39619445800781,12469500
2014-10-21,72.6500015258789,73.20999908447266,72.33999633789062,73.11000061035156,50.876373291015625,8566600
2014-10-22,73.18000030517578,73.62999725341797,73.0199966430664,73.08000183105469,50.85549545288086,20312600
2014-10-23,73.2699966430664,73.80999755859375,73.1500015258789,73.62999725341797,51.23822021484375,7534300
2014-10-24,73.61000061035156,73.91000366210938,73.20999908447266,73.66000366210938,51.25910949707031,6597300
2014-10-27,73.58000183105469,74.12000274658203,73.51000213623047,74.0999984741211,51.56528854370117,9239800
2014-10-28,73.83000183105469,74.3499984741211,73.55000305175781,74.33999633789062,51.732295989990234,5225400
2014-10-29,74.18000030517578,74.30999755859375,73.25,73.79000091552734,51.34960174560547,17115000
2014-10-30,73.55999755859375,74.5,73.55999755859375,74.41999816894531,51.78797912597656,9237500
2014-10-31,74.62999725341797,75.16999816894531,74.52999877929688,74.9800033569336,52.17765808105469,11739400
2014-11-03,74.9800033569336,75.5999984741211,74.91999816894531,75.55999755859375,52.581302642822266,12949400
2014-11-04,75.55000305175781,75.69999694824219,74.94000244140625,75.6500015258789,52.643924713134766,9954600
2014-11-05,75.73999786376953,75.9800033569336,75.19000244140625,75.6500015258789,52.643924713134766,15315300
2014-11-06,75.61000061035156,76.0,75.13999938964844,75.33000183105469,52.421234130859375,9263600
2014-11-07,75.43000030517578,75.55000305175781,74.91000366210938,75.2699966430664,52.379486083984375,11903100
2014-11-10,74.75,75.68000030517578,74.75,75.61000061035156,52.616085052490234,5578800
2014-11-11,75.63999938964844,75.87000274658203,75.08999633789062,75.41999816894531,52.48386001586914,4006400
2014-11-12,75.41999816894531,75.47000122070312,74.81999969482422,75.02999877929688,52.21246337890625,6982900
2014-11-13,75.19999694824219,75.55999755859375,75.08000183105469,75.33000183105469,52.421234130859375,4929900
2014-11-14,75.33999633789062,75.4800033569336,74.72000122070312,74.87000274658203,52.10113525390625,10126800
2014-11-17,74.80999755859375,75.26000213623047,74.80999755859375,75.1500015258789,52.29597091674805,5108100
2014-11-18,75.2300033569336,75.63999938964844,75.05999755859375,75.51000213623047,52.54649353027344,8649400
2014-11-19,75.45999908447266,75.54000091552734,75.0,75.04000091552734,52.219451904296875,6087700
2014-11-20,74.83999633789062,75.25,74.61000061035156,75.25,52.365570068359375,5225700
2014-11-21,75.88999938964844,75.88999938964844,75.51000213623047,75.80000305175781,52.74831008911133,11642100
2014-11-24,76.05999755859375,76.22000122070312,75.87999725341797,76.0199966430664,52.90138626098633,6410800
2014-11-25,76.16000366210938,76.37999725341797,75.91000366210938,76.2300033569336,53.04753875732422,5977200
2014-11-26,76.37999725341797,76.8499984741211,76.26000213623047,76.80000305175781,53.44418716430664,24093400
2014-11-28,76.66000366210938,77.72000122070312,76.62000274658203,77.0199966430664,53.59728240966797,6364800
2014-12-01,76.9000015258789,77.33999633789062,76.30000305175781,76.73999786376953,53.402435302734375,6441100
2014-12-02,76.58000183105469,77.0999984741211,76.16999816894531,77.01000213623047,53.59032440185547,8923600
2014-12-03,77.02999877929688,77.13999938964844,76.75,76.94000244140625,53.541622161865234,6650400
2014-12-04,77.08000183105469,77.12999725341797,76.52999877929688,77.05999755859375,53.62511444091797,11707200
2014-12-05,76.62999725341797,76.83999633789062,76.13999938964844,76.66000366210938,53.34675979614258,18115200
2014-12-08,76.62999725341797,77.41999816894531,76.44000244140625,77.0,53.5833740234375,13087400
2014-12-09,76.63999938964844,77.41999816894531,76.44999694824219,77.26000213623047,53.76431655883789,8587200
2014-12-10,76.9800033569336,77.37999725341797,76.76000213623047,77.08000183105469,53.63901901245117,8776700
2014-12-11,77.05000305175781,77.47000122070312,77.05000305175781,77.1500015258789,53.68775177001953,11043400
2014-12-12,77.0199966430664,77.36000061035156,76.43000030517578,76.44999694824219,53.20063018798828,12861800
2014-12-15,76.62000274658203,76.86000061035156,75.43000030517578,75.55000305175781,52.57434844970703,10420800
2014-12-16,75.6500015258789,75.97000122070312,74.91999816894531,75.19999694824219,52.33078384399414,14201200
2014-12-17,75.45999908447266,76.9000015258789,75.3499984741211,76.87999725341797,53.49987030029297,18752800
2014-12-18,77.20999908447266,77.56999969482422,76.9000015258789,77.56999969482422,53.98002243041992,14002900
2014-12-19,77.44999694824219,77.9800033569336,77.31999969482422,77.7300033569336,54.09136199951172,9311400
2014-12-22,77.69999694824219,79.01000213623047,77.6500015258789,79.01000213623047,54.98210525512695,15917300
2014-12-23,79.0199966430664,79.12999725341797,78.44999694824219,78.61000061035156,54.70375061035156,9392600
2014-12-24,77.97000122070312,78.26000213623047,77.43000030517578,77.4800033569336,54.47874450683594,4057500
2014-12-26,77.6500015258789,77.97000122070312,77.62999725341797,77.77999877929688,54.68967819213867,2903000
2014-12-29,77.69999694824219,78.44000244140625,77.4800033569336,78.12000274658203,54.92875289916992,3913300
2014-12-30,77.88999938964844,78.41000366210938,77.83000183105469,78.04000091552734,54.872501373291016,7674500
2014-12-31,78.26000213623047,78.62000274658203,76.76000213623047,76.83999633789062,54.02873992919922,9269300
2015-01-02,77.47000122070312,77.94000244140625,77.08000183105469,77.79000091552734,54.69671630859375,12872400
2015-01-05,77.58999633789062,78.22000122070312,77.44000244140625,78.05000305175781,54.8795280456543,17764500
2015-01-06,78.2300033569336,78.93000030517578,78.1500015258789,78.62000274658203,55.28031539916992,12123800
2015-01-07,78.6500015258789,79.80999755859375,78.48999786376953,79.63999938964844,55.99753189086914,10974600
2015-01-08,79.83999633789062,80.2699966430664,79.47000122070312,80.08999633789062,56.31391906738281,10114600
2015-01-09,80.1500015258789,80.43000030517578,79.61000061035156,80.12000274658203,56.33502197265625,7466600
2015-01-12,80.23999786376953,80.62999725341797,80.0,80.55999755859375,56.64439010620117,7158000
2015-01-13,80.68000030517578,81.02999877929688,79.88999938964844,80.3499984741211,56.49673843383789,12015700
2015-01-14,79.9800033569336,80.9000015258789,79.81999969482422,80.87999725341797,56.86940002441406,10170100
2015-01-15,81.16999816894531,81.2300033569336,80.58000183105469,80.98999786376953,56.946754455566406,12157200
2015-01-16,80.9000015258789,81.79000091552734,80.7300033569336,81.68000030517578,57.43190002441406,12006100
2015-01-20,81.9000015258789,82.05999755859375,80.80999755859375,81.04000091552734,56.981903076171875,14678600
2015-01-21,80.9800033569336,81.05000305175781,80.63999938964844,80.91999816894531,56.89753341674805,6809800
2015-01-22,81.26000213623047,82.55999755859375,81.1500015258789,82.5,58.00848388671875,10640200
2015-01-23,82.44999694824219,82.76000213623047,82.1500015258789,82.33000183105469,57.8889274597168,5036800
2015-01-26,82.37000274658203,83.16000366210938,82.12999725341797,83.13999938964844,58.458465576171875,8672500
2015-01-27,82.83999633789062,83.33000183105469,82.69999694824219,83.02999877929688,58.381126403808594,4193200
2015-01-28,83.20999908447266,83.54000091552734,82.41999816894531,82.44000244140625,57.966270446777344,12341600
2015-01-29,82.7300033569336,82.7300033569336,81.80999755859375,82.58000183105469,58.064720153808594,6878100
2015-01-30,82.56999969482422,82.56999969482422,81.16999816894531,81.2300033569336,57.11548614501953,10085200
2015-02-02,81.26000213623047,81.2699966430664,79.55999755859375,80.97000122070312,56.932674407958984,24404900
2015-02-03,80.72000122070312,81.80000305175781,80.54000091552734,81.72000122070312,57.46003723144531,9988800
2015-02-04,81.48999786376953,81.80000305175781,81.05999755859375,81.4800033569336,57.29126739501953,7781900
2015-02-05,81.55999755859375,82.41000366210938,81.43000030517578,82.33000183105469,57.8889274597168,10348300
2015-02-06,82.0999984741211,82.12999725341797,79.8499984741211,80.16000366210938,56.36314392089844,16536500
2015-02-09,80.05999755859375,80.55000305175781,79.75,79.77999877929688,56.09595489501953,8727900
2015-02-10,79.83999633789062,80.20999908447266,79.19999694824219,80.05999755859375,56.292823791503906,9174000
2015-02-11,80.06999969482422,80.43000030517578,79.33999633789062,79.88999938964844,56.17329025268555,7335800
2015-02-12,80.5,80.80999755859375,79.80000305175781,80.75,56.77800369262695,9485200
2015-02-13,80.79000091552734,81.0,79.9000015258789,80.30999755859375,56.4686164855957,8445900
2015-02-17,80.08000183105469,80.9800033569336,79.95999908447266,80.08000183105469,56.30689239501953,12515100
2015-02-18,80.2699966430664,80.87000274658203,79.58000183105469,80.76000213623047,56.785037994384766,14340800
2015-02-19,80.08000183105469,80.6500015258789,79.11000061035156,79.22000122070312,55.70219421386719,12481500
2015-02-20,79.69000244140625,80.1500015258789,79.12999725341797,79.94999694824219,56.21547317504883,11002900
2015-02-23,80.26000213623047,80.62000274658203,79.9000015258789,80.58000183105469,56.65845489501953,13375200
2015-02-24,80.08000183105469,80.12999725341797,78.77999877929688,79.05999755859375,55.58969497680664,20628500
2015-02-25,78.97000122070312,79.97000122070312,78.94000244140625,79.2300033569336,55.70923614501953,10763300
2015-02-26,78.95999908447266,79.2699966430664,78.37000274658203,78.55999755859375,55.23811721801758,9507800
2015-02-27,78.5999984741211,79.2300033569336,78.30000305175781,79.12000274658203,55.63188552856445,8342300
2015-03-02,79.13999938964844,80.22000122070312,79.13999938964844,79.43000030517578,55.849857330322266,14633600
2015-03-03,79.11000061035156,79.41999816894531,78.66999816894531,79.22000122070312,55.70219421386719,9993100
2015-03-04,79.23999786376953,79.33000183105469,78.44000244140625,78.55999755859375,55.23811721801758,8349000
2015-03-05,78.79000091552734,79.48999786376953,78.75,78.81999969482422,55.42094039916992,10928000
2015-03-06,77.70999908447266,77.83999633789062,76.33000183105469,76.41999816894531,53.733428955078125,20520000
2015-03-09,76.94000244140625,77.19000244140625,76.69999694824219,77.0999984741211,54.2115478515625,9657400
2015-03-10,76.81999969482422,77.18000030517578,76.66000366210938,76.72000122070312,53.94437026977539,12492000
2015-03-11,76.88999938964844,77.11000061035156,76.56999969482422,76.83000183105469,54.02172088623047,8404700
2015-03-12,77.25,78.1500015258789,77.16999816894531,78.0999984741211,54.914695739746094,8212300
2015-03-13,78.02999877929688,78.16000366210938,77.4000015258789,77.80999755859375,54.710777282714844,6949400
2015-03-16,78.1500015258789,79.05000305175781,78.1500015258789,78.66000366210938,55.308448791503906,7447800
2015-03-17,78.62000274658203,78.94000244140625,78.22000122070312,78.58999633789062,55.259239196777344,9367700
2015-03-18,78.56999969482422,80.44000244140625,78.20999908447266,80.13999938964844,56.34908676147461,18583800
2015-03-19,80.06999969482422,80.55000305175781,79.81999969482422,80.0199966430664,56.26470184326172,11850700
2015-03-20,80.54000091552734,82.04000091552734,80.30000305175781,81.95999908447266,57.62879180908203,17722200
2015-03-23,81.9000015258789,82.41000366210938,81.66999816894531,81.83999633789062,57.54439926147461,7329000
2015-03-24,81.55000305175781,81.80999755859375,81.13999938964844,81.18000030517578,57.08034133911133,12777500
2015-03-25,80.7300033569336,80.94999694824219,79.02999877929688,79.19000244140625,56.13750457763672,15304100
2015-03-26,78.95999908447266,79.19000244140625,78.52999877929688,78.73999786376953,55.81850814819336,10719700
2015-03-27,78.98999786376953,79.30999755859375,78.68000030517578,79.01000213623047,56.0098991394043,7485200
2015-03-30,79.66999816894531,80.02999877929688,79.0999984741211,79.9000015258789,56.64080810546875,11187600
2015-03-31,79.37000274658203,80.19999694824219,79.18000030517578,79.31999969482422,56.229679107666016,7088100
2015-04-01,79.19000244140625,79.72000122070312,78.70999908447266,79.30999755859375,56.222572326660156,11385800
2015-04-02,79.06999969482422,80.08000183105469,79.06999969482422,79.83999633789062,56.59828186035156,9028100
2015-04-06,80.20999908447266,80.81999969482422,79.95999908447266,80.63999938964844,57.1654052734375,10547300
2015-04-07,80.88999938964844,80.88999938964844,79.33000183105469,79.33000183105469,56.23674774169922,9165700
2015-04-08,79.4000015258789,79.69000244140625,79.22000122070312,79.55000305175781,56.392723083496094,5823400
2015-04-09,79.45999908447266,79.45999908447266,77.98999786376953,78.1500015258789,55.40025329589844,10568000
2015-04-10,78.63999938964844,78.93000030517578,77.86000061035156,78.0999984741211,55.36481475830078,8593000
2015-04-13,78.22000122070312,78.4000015258789,77.83999633789062,77.87999725341797,55.208839416503906,7430900
2015-04-14,78.16999816894531,78.43000030517578,77.87000274658203,78.04000091552734,55.3222770690918,5267000
2015-04-15,78.33000183105469,78.33000183105469,77.56999969482422,77.58000183105469,54.996185302734375,9424600
2015-04-16,77.37000274658203,78.13999938964844,77.16000366210938,77.9000015258789,55.223026275634766,7173900
2015-04-17,77.5,77.9800033569336,77.02999877929688,77.48999786376953,54.9323844909668,10724100
2015-04-20,77.88999938964844,78.0,77.37000274658203,77.58999633789062,55.00328063964844,10799100
2015-04-21,77.80000305175781,78.16999816894531,77.5,77.6500015258789,55.045806884765625,8797900
2015-04-22,77.80000305175781,78.12999725341797,77.61000061035156,77.87999725341797,55.208839416503906,5737300
2015-04-23,77.73999786376953,78.19000244140625,77.66000366210938,78.0199966430664,55.308082580566406,5199300
2015-04-24,78.13999938964844,78.58999633789062,77.87999725341797,78.1500015258789,55.40025329589844,4576400
2015-04-27,78.30999755859375,78.7300033569336,77.8499984741211,77.94000244140625,55.25138854980469,9280800
2015-04-28,78.18000030517578,78.19999694824219,77.47000122070312,77.91999816894531,55.237213134765625,5714900
2015-04-29,77.01000213623047,77.55999755859375,76.2699966430664,76.38999938964844,54.1525993347168,11455400
2015-04-30,76.33999633789062,76.3499984741211,75.0199966430664,75.5,53.52168273925781,17918700
2015-05-01,75.43000030517578,76.37999725341797,75.33000183105469,75.9000015258789,53.80523681640625,21746800
2015-05-04,76.26000213623047,76.63999938964844,75.94000244140625,76.0999984741211,53.946998596191406,14824500
2015-05-05,75.9000015258789,75.9000015258789,74.33999633789062,74.43000030517578,52.76316452026367,11862900
2015-05-06,74.44999694824219,74.69000244140625,73.88999938964844,74.2300033569336,52.62139129638672,12904800
2015-05-07,74.51000213623047,75.58000183105469,74.33999633789062,75.20999908447266,53.31609344482422,16791000
2015-05-08,76.33999633789062,77.20999908447266,76.19000244140625,76.36000061035156,54.13133239746094,13075500
2015-05-11,76.13999938964844,76.5,75.05999755859375,75.25,53.344459533691406,13330800
2015-05-12,74.83999633789062,75.66999816894531,74.2699966430664,75.47000122070312,53.50042724609375,11913400
2015-05-13,76.0,76.22000122070312,74.69000244140625,74.83999633789062,53.05379104614258,12145200
2015-05-14,75.27999877929688,76.2300033569336,75.22000122070312,76.19999694824219,54.017906188964844,7909700
2015-05-15,76.54000091552734,77.05999755859375,76.26000213623047,76.83000183105469,54.46451187133789,13163300
2015-05-18,76.6500015258789,76.83000183105469,76.31999969482422,76.5999984741211,54.30146789550781,7063100
2015-05-19,76.06999969482422,76.94999694824219,76.06999969482422,76.5,54.230567932128906,8381900
2015-05-20,76.55000305175781,76.9000015258789,76.33000183105469,76.33999633789062,54.117164611816406,8277000
2015-05-21,76.38999938964844,76.51000213623047,75.70999908447266,75.98999786376953,53.869022369384766,5536800
2015-05-22,75.95999908447266,76.4000015258789,75.55000305175781,76.01000213623047,53.88321304321289,4251100
2015-05-26,76.37999725341797,76.37999725341797,75.26000213623047,75.55000305175781,53.557132720947266,6393800
2015-05-27,75.7699966430664,76.2699966430664,75.44000244140625,76.12000274658203,53.9611930847168,5962500
2015-05-28,76.20999908447266,76.30000305175781,75.66000366210938,76.06999969482422,53.92575454711914,7022300
2015-05-29,75.97000122070312,76.1500015258789,75.1500015258789,75.25,53.344459533691406,15271600
2015-06-01,75.44999694824219,76.16999816894531,75.13999938964844,75.9800033569336,53.8619384765625,8459900
2015-06-02,75.72000122070312,75.77999877929688,75.1500015258789,75.36000061035156,53.422428131103516,9112700
2015-06-03,75.29000091552734,75.4000015258789,74.31999969482422,74.44999694824219,52.77730941772461,11585400
2015-06-04,74.3499984741211,74.7300033569336,74.16000366210938,74.37999725341797,52.72770309448242,8710300
2015-06-05,73.19999694824219,74.05000305175781,73.16999816894531,73.4800033569336,52.089717864990234,17844800
2015-06-08,73.63999938964844,73.70999908447266,73.23999786376953,73.33000183105469,51.9833869934082,7176200
2015-06-09,73.30000305175781,73.48999786376953,72.73999786376953,72.80000305175781,51.60767364501953,7886200
2015-06-10,72.69999694824219,73.94999694824219,72.66999816894531,73.31999969482422,51.976287841796875,12669800
2015-06-11,73.9000015258789,74.08000183105469,73.68000030517578,73.9000015258789,52.38743591308594,8347600
2015-06-12,73.79000091552734,74.06999969482422,73.62999725341797,73.76000213623047,52.2881965637207,4892600
2015-06-15,73.68000030517578,73.79000091552734,73.22000122070312,73.37999725341797,52.01881790161133,5062100
2015-06-16,73.58000183105469,74.08000183105469,73.33999633789062,74.0,52.458335876464844,5015000
2015-06-17,73.94999694824219,74.62000274658203,73.5,74.45999908447266,52.784423828125,15038300
2015-06-18,74.5,75.80999755859375,74.48999786376953,75.48999786376953,53.514583587646484,13450000
2015-06-19,75.43000030517578,75.5,74.79000091552734,75.0,53.167236328125,11366700
2015-06-22,74.80000305175781,75.30999755859375,74.25,74.26000213623047,52.64264678955078,9208800
2015-06-23,74.05000305175781,74.2300033569336,73.66000366210938,73.9000015258789,52.38743591308594,10518500
2015-06-24,73.27999877929688,73.47000122070312,72.7699966430664,72.83000183105469,52.0927619934082,7574800
2015-06-25,72.76000213623047,72.8499984741211,72.11000061035156,72.13999938964844,51.59920883178711,10651800
2015-06-26,72.05000305175781,72.68000030517578,71.8499984741211,72.48999786376953,51.84955978393555,9671100
2015-06-29,72.51000213623047,72.9000015258789,71.29000091552734,71.33000183105469,51.019866943359375,7226300
2015-06-30,71.8499984741211,72.0,71.23999786376953,71.30000305175781,50.99838638305664,13702600
2015-07-01,71.27999877929688,72.41000366210938,71.06999969482422,72.38999938964844,51.77802658081055,10856300
2015-07-02,72.79000091552734,73.38999938964844,72.47000122070312,72.55000305175781,51.89248275756836,7691800
2015-07-06,72.33000183105469,73.04000091552734,72.13999938964844,72.87999725341797,52.128517150878906,11054900
2015-07-07,73.44999694824219,74.1500015258789,73.19000244140625,74.0,52.92960739135742,12555400
2015-07-08,73.66999816894531,73.9800033569336,73.43000030517578,73.61000061035156,52.650665283203125,7358500
2015-07-09,73.86000061035156,74.05999755859375,73.08000183105469,73.26000213623047,52.40032958984375,8497100
2015-07-10,73.41999816894531,74.27999877929688,73.37000274658203,73.7699966430664,52.765098571777344,12232300
2015-07-13,73.91000366210938,74.69000244140625,73.58999633789062,73.87999725341797,52.843772888183594,9096300
2015-07-14,73.95999908447266,74.3499984741211,73.7300033569336,74.08000183105469,52.98683547973633,5039200
2015-07-15,73.80000305175781,74.37999725341797,73.7699966430664,74.1500015258789,53.03690719604492,5691900
2015-07-16,74.62999725341797,74.80999755859375,74.33999633789062,74.68000030517578,53.41598129272461,6128500
2015-07-17,74.9000015258789,74.9000015258789,74.18000030517578,74.38999938964844,53.20856475830078,11760900
2015-07-20,74.44000244140625,74.68000030517578,74.05000305175781,74.5199966430664,53.30154800415039,4780500
2015-07-21,74.44999694824219,74.83999633789062,74.25,74.25,53.108436584472656,5816200
2015-07-22,74.41000366210938,74.80999755859375,74.27999877929688,74.45999908447266,53.25863265991211,6674800
2015-07-23,74.56999969482422,74.61000061035156,73.48999786376953,73.93000030517578,52.879554748535156,8558000
2015-07-24,73.95999908447266,74.27999877929688,73.69999694824219,73.94999694824219,52.89384841918945,5632000
2015-07-27,74.05000305175781,74.5,73.9000015258789,74.11000061035156,53.008296966552734,6326100
2015-07-28,73.94000244140625,74.4800033569336,73.94000244140625,74.25,53.108436584472656,6276000
2015-07-29,74.29000091552734,74.77999877929688,73.80000305175781,74.62999725341797,53.3802375793457,7111000
2015-07-30,74.30999755859375,74.63999938964844,74.12000274658203,74.3499984741211,53.17995834350586,6573800
2015-07-31,74.98999786376953,75.37999725341797,74.69999694824219,74.83000183105469,53.523277282714844,10817000
2015-08-03,74.83999633789062,75.26000213623047,74.76000213623047,75.19999694824219,53.787933349609375,6576300
2015-08-04,75.06999969482422,75.58000183105469,74.63999938964844,74.80999755859375,53.508968353271484,11675200
2015-08-05,75.0,75.08999633789062,74.22000122070312,74.48999786376953,53.28008270263672,19488200
2015-08-06,74.4800033569336,74.62999725341797,73.44000244140625,74.48999786376953,53.28008270263672,12177900
2015-08-07,74.41000366210938,74.87999725341797,73.94999694824219,74.75,53.466060638427734,8922300
2015-08-10,75.01000213623047,75.16000366210938,74.44000244140625,74.76000213623047,53.47322463989258,6650700
2015-08-11,74.69000244140625,75.4800033569336,74.47000122070312,75.26000213623047,53.830848693847656,15118000
2015-08-12,74.98999786376953,75.41999816894531,74.51000213623047,75.37000274658203,53.9095344543457,9449200
2015-08-13,75.33999633789062,75.83999633789062,74.7300033569336,75.5199966430664,54.016807556152344,6766300
2015-08-14,75.37999725341797,76.0,75.0999984741211,75.94999694824219,54.32438659667969,6172000
2015-08-17,75.94999694824219,76.55000305175781,75.63999938964844,76.5199966430664,54.73207473754883,13312500
2015-08-18,76.26000213623047,76.69000244140625,76.20999908447266,76.58000183105469,54.77498245239258,7646100
2015-08-19,76.30999755859375,76.5199966430664,75.7300033569336,76.16000366210938,54.47458267211914,12455500
2015-08-20,75.73999786376953,76.05000305175781,75.43000030517578,75.56999969482422,54.05257797241211,10035600
2015-08-21,75.13999938964844,75.43000030517578,74.01000213623047,74.08999633789062,52.99397659301758,15775300
2015-08-24,71.7699966430664,72.91000366210938,70.38999938964844,70.62999725341797,50.51917266845703,30430400
2015-08-25,72.23999786376953,72.25,68.77999877929688,68.8499984741211,49.246002197265625,19250300
2015-08-26,69.52999877929688,70.7699966430664,69.1500015258789,70.56999969482422,50.47625732421875,15152900
2015-08-27,71.38999938964844,72.55000305175781,70.73999786376953,71.98999786376953,51.4919319152832,12395800
2015-08-28,71.80000305175781,72.06999969482422,71.4800033569336,71.91000366210938,51.434722900390625,8457300
2015-08-31,71.87000274658203,71.94000244140625,70.4800033569336,70.4800033569336,50.41188049316406,10548700
2015-09-01,69.77999877929688,70.0999984741211,68.69000244140625,69.13999938964844,49.453426361083984,12235700
2015-09-02,69.79000091552734,70.04000091552734,69.22000122070312,69.87999725341797,49.98271179199219,8836800
2015-09-03,69.80999755859375,70.54000091552734,69.7699966430664,70.0199966430664,50.082862854003906,8479800
2015-09-04,69.52999877929688,69.63999938964844,68.27999877929688,68.69000244140625,49.131561279296875,11283100
2015-09-08,68.94999694824219,69.94000244140625,68.94999694824219,69.7300033569336,49.875431060791016,11894600
2015-09-09,70.29000091552734,70.56999969482422,68.77999877929688,68.87999725341797,49.26746368408203,9367600
2015-09-10,68.69999694824219,69.6500015258789,68.69999694824219,68.95999908447266,49.324684143066406,8826100
2015-09-11,69.19999694824219,70.12000274658203,68.83000183105469,70.08999633789062,50.13292694091797,8895200
2015-09-14,70.30000305175781,70.30999755859375,69.88999938964844,70.05000305175781,50.104331970214844,6123800
2015-09-15,70.06999969482422,70.8499984741211,69.68000030517578,70.63999938964844,50.526329040527344,7419200
2015-09-16,70.5999984741211,71.69999694824219,70.58999633789062,71.55000305175781,51.1772346496582,6440100
2015-09-17,71.55999755859375,73.4800033569336,71.19999694824219,72.25,51.67790985107422,23255500
2015-09-18,71.48999786376953,72.88999938964844,71.27999877929688,72.01000213623047,51.5062370300293,15598900
2015-09-21,72.04000091552734,72.94999694824219,72.04000091552734,72.63999938964844,51.956844329833984,12965300
2015-09-22,72.23999786376953,72.4000015258789,71.4800033569336,71.68000030517578,51.27018737792969,7487300
2015-09-23,72.0199966430664,72.38999938964844,71.54000091552734,72.01000213623047,51.5062370300293,6846100
2015-09-24,71.91999816894531,72.18000030517578,70.97000122070312,71.3499984741211,51.03416442871094,9862500
2015-09-25,70.98999786376953,71.55999755859375,70.62999725341797,71.04000091552734,51.291202545166016,8098200
2015-09-28,70.79000091552734,70.87999725341797,69.30000305175781,69.76000213623047,50.36703109741211,11976500
2015-09-29,69.77999877929688,70.63999938964844,69.62999725341797,70.25,50.7208137512207,10142100
2015-09-30,70.7699966430664,71.05000305175781,70.31999969482422,70.94999694824219,51.22621536254883,9887100
2015-10-01,71.05999755859375,71.37000274658203,70.54000091552734,71.27999877929688,51.4644775390625,8296500
2015-10-02,71.54000091552734,71.9000015258789,70.55000305175781,71.9000015258789,51.9121208190918,12667900
2015-10-05,72.0199966430664,73.29000091552734,71.9800033569336,73.19000244140625,52.843502044677734,6663000
2015-10-06,73.20999908447266,73.51000213623047,72.86000061035156,73.01000213623047,52.71354293823242,4900900
2015-10-07,73.45999908447266,73.76000213623047,73.04000091552734,73.72000122070312,53.22618103027344,6780200
2015-10-08,73.62999725341797,74.44999694824219,73.41999816894531,74.33000183105469,53.666595458984375,8343400
2015-10-09,74.61000061035156,74.69999694824219,73.88999938964844,74.25,53.60881805419922,5761900
2015-10-12,74.29000091552734,74.91999816894531,74.11000061035156,74.6500015258789,53.89762496948242,5143600
2015-10-13,74.3499984741211,74.69000244140625,73.93000030517578,74.0999984741211,53.50053024291992,8391100
2015-10-14,74.2300033569336,74.3499984741211,73.44000244140625,73.62000274658203,53.15397644042969,8572800
2015-10-15,73.77999877929688,74.5,73.66999816894531,74.45999908447266,53.76044464111328,5692000
2015-10-16,74.56999969482422,75.16999816894531,74.54000091552734,75.05999755859375,54.19364547729492,5913700
2015-10-19,75.02999877929688,75.98999786376953,74.87999725341797,75.94999694824219,54.836238861083984,7806700
2015-10-20,75.55999755859375,76.16999816894531,75.55999755859375,76.04000091552734,54.901214599609375,10961400
2015-10-21,76.05000305175781,76.33999633789062,75.6500015258789,75.7699966430664,54.70627975463867,5887900
2015-10-22,75.88999938964844,76.7699966430664,75.7699966430664,76.5999984741211,55.30554962158203,8893900
2015-10-23,76.9800033569336,77.0,75.44000244140625,75.9000015258789,54.800140380859375,8063000
2015-10-26,75.95999908447266,76.0999984741211,75.31999969482422,75.88999938964844,54.792911529541016,6239000
2015-10-27,75.68000030517578,75.91999816894531,75.30000305175781,75.69999694824219,54.65571594238281,9751800
2015-10-28,75.73999786376953,76.36000061035156,74.6500015258789,75.98999786376953,54.86509704589844,16084400
2015-10-29,75.66999816894531,76.05999755859375,75.41999816894531,75.91000366210938,54.80735778808594,7657800
2015-10-30,75.91999816894531,76.12999725341797,75.2699966430664,75.36000061035156,54.410255432128906,9418500
2015-11-02,75.41999816894531,77.04000091552734,75.3499984741211,77.02999877929688,55.61601257324219,20538100
2015-11-03,76.75,76.7699966430664,76.01000213623047,76.2699966430664,55.06727600097656,7607300
2015-11-04,76.19999694824219,76.4800033569336,75.73999786376953,75.94000244140625,54.82901382446289,7163700
2015-11-05,75.94999694824219,76.22000122070312,75.45999908447266,76.16000366210938,54.98784637451172,8065900
2015-11-06,74.9800033569336,75.3499984741211,73.51000213623047,73.9800033569336,53.41389465332031,23851000
2015-11-09,73.38999938964844,73.70999908447266,72.4800033569336,72.9800033569336,52.691890716552734,13643800
2015-11-10,73.02999877929688,73.80000305175781,72.9800033569336,73.6500015258789,53.175636291503906,9734500
2015-11-11,73.66999816894531,74.08000183105469,73.48999786376953,73.73999786376953,53.2406005859375,4765400
2015-11-12,73.6500015258789,73.87000274658203,73.12000274658203,73.20999908447266,52.857940673828125,6101900
2015-11-13,73.38999938964844,73.61000061035156,72.43000030517578,72.44000244140625,52.30200958251953,11693000
2015-11-16,72.30000305175781,73.30999755859375,72.30000305175781,73.29000091552734,52.91569519042969,7639900
2015-11-17,73.19000244140625,73.95999908447266,72.95999908447266,73.33000183105469,52.944602966308594,9096300
2015-11-18,73.58999633789062,74.16999816894531,73.12000274658203,74.11000061035156,53.50774383544922,8297800
2015-11-19,74.27999877929688,74.62000274658203,74.0199966430664,74.31999969482422,53.65938186645508,6543000
2015-11-20,74.38999938964844,75.16999816894531,74.37999725341797,75.08000183105469,54.208099365234375,7804800
2015-11-23,75.08000183105469,75.51000213623047,74.95999908447266,75.20999908447266,54.30195617675781,5148700
2015-11-24,75.30999755859375,75.30999755859375,74.25,74.83999633789062,54.03480911254883,9755400
2015-11-25,74.91000366210938,75.27999877929688,74.83999633789062,75.08999633789062,54.21531295776367,4324400
2015-11-27,74.91000366210938,75.91000366210938,74.91000366210938,75.69000244140625,54.64852523803711,3255300
2015-11-30,75.80000305175781,76.08000183105469,74.98999786376953,75.20999908447266,54.30195617675781,12528300
2015-12-01,75.5,76.20999908447266,75.16999816894531,76.13999938964844,54.97340393066406,9098100
2015-12-02,75.80999755859375,76.04000091552734,74.62000274658203,74.69999694824219,53.93373489379883,8035600
2015-12-03,74.52999877929688,74.66000366210938,73.4000015258789,73.5999984741211,53.13953399658203,14229900
2015-12-04,73.79000091552734,75.05999755859375,73.5999984741211,74.83000183105469,54.027587890625,9648400
2015-12-07,74.72000122070312,75.0,74.3499984741211,74.62999725341797,53.8831901550293,9785600
2015-12-08,74.30000305175781,74.76000213623047,74.0999984741211,74.44999694824219,53.75322341918945,9961000
2015-12-09,74.04000091552734,74.8499984741211,73.66000366210938,73.98999786376953,53.42110061645508,13820000
2015-12-10,73.91000366210938,74.33999633789062,73.48999786376953,73.56999969482422,53.11787414550781,6709400
2015-12-11,73.27999877929688,73.62999725341797,72.80000305175781,73.2300033569336,52.87240219116211,10311100
2015-12-14,72.93000030517578,73.72000122070312,72.61000061035156,73.45999908447266,53.03843688964844,13501300
2015-12-15,73.91000366210938,74.62000274658203,73.7699966430664,74.2699966430664,53.623268127441406,10914100
2015-12-16,74.56999969482422,75.87000274658203,74.5,75.7300033569336,54.677398681640625,15076200
2015-12-17,75.9000015258789,75.9000015258789,75.0999984741211,75.36000061035156,54.410255432128906,9570800
2015-12-18,75.1500015258789,75.4000015258789,74.37000274658203,74.4000015258789,53.717132568359375,14399200
2015-12-21,74.91000366210938,75.11000061035156,74.36000061035156,74.77999877929688,53.99150466918945,9353700
2015-12-22,75.13999938964844,75.5,74.87999725341797,75.08999633789062,54.21531295776367,8286600
2015-12-23,75.18000030517578,75.97000122070312,75.13999938964844,75.94000244140625,54.82901382446289,7034200
2015-12-24,74.97000122070312,75.23999786376953,74.61000061035156,75.0,54.8436279296875,3726600
2015-12-28,74.75,75.31999969482422,74.56999969482422,75.22000122070312,55.0045166015625,6272800
2015-12-29,75.48999786376953,76.08999633789062,75.41000366210938,75.98999786376953,55.56757354736328,5219300
2015-12-30,76.05000305175781,76.12999725341797,75.56999969482422,75.6500015258789,55.318946838378906,4516300
2015-12-31,75.76000213623047,75.8499984741211,74.9800033569336,75.08000183105469,54.90216064453125,7588400
2016-01-04,74.70999908447266,74.70999908447266,73.56999969482422,74.3499984741211,54.36833190917969,14761900
2016-01-05,74.33000183105469,75.77999877929688,74.23999786376953,75.56999969482422,55.260459899902344,11206900
2016-01-06,74.94999694824219,75.44000244140625,74.83000183105469,75.31999969482422,55.07762908935547,11334600
2016-01-07,74.2300033569336,74.63999938964844,73.62000274658203,73.63999938964844,53.84916305541992,11830900
2016-01-08,74.22000122070312,74.31999969482422,72.63999938964844,72.7699966430664,53.21294021606445,10708700
2016-01-11,73.05999755859375,73.44999694824219,72.77999877929688,73.05999755859375,53.42499923706055,9585300
2016-01-12,73.5199966430664,73.62999725341797,72.16000366210938,72.55000305175781,53.052085876464844,10253000
2016-01-13,72.88999938964844,73.30999755859375,71.30999755859375,71.44999694824219,52.24771499633789,11502400
2016-01-14,71.41000366210938,72.0,70.80999755859375,71.3499984741211,52.174583435058594,10981100
2016-01-15,70.48999786376953,70.80999755859375,69.87000274658203,70.54000091552734,51.582275390625,14280200
2016-01-19,70.66000366210938,71.47000122070312,70.52999877929688,70.75,51.73583984375,15626800
2016-01-20,70.0,70.2300033569336,67.33000183105469,68.87000274658203,50.3610954284668,21693100
2016-01-21,69.0999984741211,70.31999969482422,68.69000244140625,69.33000183105469,50.697479248046875,13935300
2016-01-22,70.1500015258789,71.55000305175781,69.93000030517578,71.25,52.101463317871094,12986400
2016-01-25,71.06999969482422,71.7300033569336,70.5,70.55000305175781,51.5895881652832,10029600
2016-01-26,70.93000030517578,72.08999633789062,70.91000366210938,72.05999755859375,52.69375991821289,9312900
2016-01-27,71.94000244140625,71.94000244140625,70.41999816894531,70.94000244140625,51.874786376953125,11347200
2016-01-28,71.27999877929688,71.54000091552734,70.19000244140625,70.47000122070312,51.53108215332031,13330300
2016-01-29,70.7300033569336,72.01000213623047,70.41000366210938,72.0,52.64988327026367,16413000
2016-02-01,71.69999694824219,72.5999984741211,71.31999969482422,72.01000213623047,52.657203674316406,17044700
2016-02-02,71.62000274658203,71.91999816894531,70.91999816894531,71.25,52.101463317871094,10321700
2016-02-03,71.72000122070312,71.87999725341797,70.5999984741211,71.5999984741211,52.35738754272461,9725600
2016-02-04,71.22000122070312,72.08000183105469,70.95999908447266,71.68000030517578,52.41588592529297,6837700
2016-02-05,71.30999755859375,71.45999908447266,70.02999877929688,70.06999969482422,51.23857498168945,11681100
2016-02-08,69.30000305175781,69.76000213623047,67.05000305175781,68.01000213623047,49.73220443725586,14662000
2016-02-09,67.1500015258789,67.5999984741211,66.33999633789062,66.91000366210938,48.92783737182617,13482200
2016-02-10,67.16999816894531,68.20999908447266,67.0999984741211,67.26000213623047,49.18378829956055,9704500
2016-02-11,66.2699966430664,66.70999908447266,65.87999725341797,66.2699966430664,48.45984649658203,12573300
2016-02-12,66.87999725341797,67.27999877929688,66.54000091552734,67.12999725341797,49.088714599609375,9710500
2016-02-16,67.56999969482422,68.47000122070312,67.43000030517578,68.41999816894531,50.03203201293945,7284800
2016-02-17,68.75,69.75,68.56999969482422,69.04000091552734,50.485389709472656,8160800
2016-02-18,69.05999755859375,69.88999938964844,68.8499984741211,69.69999694824219,50.968013763427734,7608200
2016-02-19,69.44000244140625,70.19999694824219,69.13999938964844,69.8499984741211,51.07770919799805,7120900
2016-02-22,70.30999755859375,71.08000183105469,70.30000305175781,70.66000366210938,51.670021057128906,9057300
2016-02-23,70.33000183105469,71.19000244140625,70.33000183105469,70.48999786376953,51.54570770263672,4253300
2016-02-24,70.20999908447266,70.69999694824219,69.73999786376953,70.5199966430664,51.5676383972168,5452000
2016-02-25,70.88999938964844,71.83999633789062,70.72000122070312,71.80000305175781,52.5036506652832,6773800
2016-02-26,71.5,72.13999938964844,71.5,71.58000183105469,52.342769622802734,6575400
2016-02-29,71.47000122070312,72.36000061035156,71.30999755859375,71.45999908447266,52.2550163269043,8193700
2016-03-01,71.76000213623047,73.4000015258789,71.75,73.31999969482422,53.61513900756836,15292900
2016-03-02,72.7699966430664,73.87999725341797,72.76000213623047,73.87999725341797,54.024627685546875,6681000
2016-03-03,73.91000366210938,74.30000305175781,73.56999969482422,74.25,54.29520034790039,6396600
2016-03-04,74.0199966430664,74.58000183105469,73.9000015258789,74.44999694824219,54.44145584106445,5268100
2016-03-07,74.08999633789062,74.7699966430664,73.95999908447266,74.58999633789062,54.54383087158203,8084200
2016-03-08,75.02999877929688,75.02999877929688,73.70999908447266,73.81999969482422,53.98076248168945,7102900
2016-03-09,73.94000244140625,74.5,73.83999633789062,74.12000274658203,54.200138092041016,3474800
2016-03-10,74.58000183105469,74.81999969482422,73.11000061035156,73.93000030517578,54.061214447021484,8688600
2016-03-11,74.72000122070312,75.69999694824219,74.5,75.68000030517578,55.34089279174805,9317600
2016-03-14,75.43000030517578,75.66999816894531,75.1500015258789,75.58000183105469,55.26778030395508,5224000
2016-03-15,75.19000244140625,75.72000122070312,75.05999755859375,75.55999755859375,55.25313949584961,7123500
2016-03-16,75.43000030517578,76.62000274658203,75.12000274658203,76.5199966430664,55.955135345458984,8958600
2016-03-17,76.69000244140625,77.7699966430664,76.37000274658203,77.58999633789062,56.737579345703125,9731000
2016-03-18,77.81999969482422,77.93000030517578,77.26000213623047,77.29000091552734,56.51820373535156,7792700
2016-03-21,77.0,77.44999694824219,76.66000366210938,76.79000091552734,56.15257263183594,7313800
2016-03-22,76.54000091552734,76.98999786376953,76.33000183105469,76.80999755859375,56.16720962524414,9185800
2016-03-23,75.93000030517578,76.0199966430664,75.36000061035156,75.37000274658203,55.77130126953125,5198900
2016-03-24,75.08999633789062,75.4800033569336,74.72000122070312,75.43000030517578,55.81570053100586,5752000
2016-03-28,75.58000183105469,76.20999908447266,75.37000274658203,76.01000213623047,56.24489212036133,6314800
2016-03-29,76.37999725341797,77.55000305175781,75.81999969482422,77.5199966430664,57.362266540527344,9814900
2016-03-30,77.80000305175781,77.9000015258789,77.33999633789062,77.4000015258789,57.27346420288086,5648100
2016-03-31,77.33000183105469,77.95999908447266,77.26000213623047,77.86000061035156,57.61384582519531,5861100
2016-04-01,77.51000213623047,78.04000091552734,77.30999755859375,77.91000366210938,57.65085220336914,11121200
2016-04-04,77.94000244140625,78.0999984741211,77.54000091552734,77.80000305175781,57.569435119628906,6863400
2016-04-05,77.37999725341797,77.62999725341797,77.12999725341797,77.36000061035156,57.24386978149414,10308600
2016-04-06,77.29000091552734,77.62999725341797,76.91000366210938,77.55000305175781,57.38444900512695,5611900
2016-04-07,77.27999877929688,77.55000305175781,76.75,77.12999725341797,57.07367706298828,7933200
2016-04-08,77.44000244140625,77.87000274658203,77.4000015258789,77.56999969482422,57.399253845214844,6670700
2016-04-11,77.66999816894531,77.9800033569336,77.44000244140625,77.47000122070312,57.32524108886719,7993500
2016-04-12,77.6500015258789,78.1500015258789,77.44000244140625,78.0,57.71742630004883,8600300
2016-04-13,78.19999694824219,78.27999877929688,77.54000091552734,77.81999969482422,57.5842399597168,7197600
2016-04-14,77.62999725341797,77.77999877929688,77.18000030517578,77.31999969482422,57.214263916015625,5550200
2016-04-15,77.5,78.0199966430664,77.26000213623047,77.83000183105469,57.591644287109375,6525900
2016-04-18,77.73999786376953,78.19999694824219,77.61000061035156,78.16000366210938,57.8358268737793,6580800
2016-04-19,78.30000305175781,78.36000061035156,77.91999816894531,78.23999786376953,57.895023345947266,5342000
2016-04-20,77.95999908447266,78.26000213623047,77.08000183105469,77.13999938964844,57.08108139038086,11451500
2016-04-21,76.86000061035156,77.22000122070312,75.62000274658203,75.83000183105469,56.11171340942383,12773600
2016-04-22,76.19000244140625,76.79000091552734,76.0,76.63999938964844,56.7110595703125,6374100
2016-04-25,76.33000183105469,77.13999938964844,76.33000183105469,77.12000274658203,57.06625747680664,5130500
2016-04-26,77.30000305175781,77.80000305175781,77.1500015258789,77.4000015258789,57.27346420288086,6329600
2016-04-27,77.36000061035156,77.55999755859375,76.62000274658203,77.37999725341797,57.258663177490234,7181800
2016-04-28,76.8499984741211,77.68000030517578,76.8499984741211,77.19999694824219,57.125465393066406,6160000
2016-04-29,76.58000183105469,77.01000213623047,75.81999969482422,76.55999755859375,56.65187454223633,11074600
2016-05-02,76.26000213623047,77.7699966430664,76.19999694824219,77.58000183105469,57.406654357910156,10588200
2016-05-03,77.38999938964844,77.48999786376953,76.86000061035156,77.41000366210938,57.280860900878906,5919500
2016-05-04,76.88999938964844,78.61000061035156,76.88999938964844,78.44999694824219,58.0504035949707,10523700
2016-05-05,78.26000213623047,78.8499984741211,78.25,78.75,58.27240753173828,6963000
2016-05-06,78.6500015258789,79.55000305175781,78.30999755859375,79.5199966430664,58.842166900634766,9213600
2016-05-09,79.66999816894531,80.30000305175781,79.58999633789062,80.16000366210938,59.31576919555664,8998700
2016-05-10,80.5,80.52999877929688,79.9800033569336,80.30999755859375,59.426734924316406,7216700
2016-05-11,80.20999908447266,80.23999786376953,78.62999725341797,78.87999725341797,58.36861038208008,11123200
2016-05-12,78.94999694824219,79.52999877929688,78.44000244140625,79.2699966430664,58.65719223022461,6421300
2016-05-13,78.98999786376953,79.05000305175781,78.19000244140625,78.62999725341797,58.18361282348633,7285200
2016-05-16,78.55999755859375,79.5199966430664,78.44999694824219,79.25,58.64239501953125,6116200
2016-05-17,78.97000122070312,79.02999877929688,77.5999984741211,78.05000305175781,57.75443649291992,12037900
2016-05-18,77.6500015258789,77.8499984741211,76.06999969482422,76.95999908447266,56.947872161865234,13805000
2016-05-19,76.5,76.55999755859375,75.7300033569336,76.12999725341797,56.333702087402344,9722400
2016-05-20,76.0999984741211,76.83999633789062,76.0999984741211,76.73999786376953,56.78508377075195,8651100
2016-05-23,76.87000274658203,77.08000183105469,76.61000061035156,76.80999755859375,56.836875915527344,7270900
2016-05-24,77.19000244140625,77.76000213623047,77.19000244140625,77.7300033569336,57.517635345458984,8501300
2016-05-25,77.97000122070312,77.98999786376953,77.12000274658203,77.8499984741211,57.6064338684082,6782800
2016-05-26,77.58999633789062,78.13999938964844,77.51000213623047,77.9000015258789,57.64345932006836,7101200
2016-05-27,77.94000244140625,78.58000183105469,77.9000015258789,78.23999786376953,57.895023345947266,5950900
2016-05-31,78.26000213623047,78.5,77.79000091552734,78.25,57.90243148803711,9922800
2016-06-01,77.97000122070312,78.44000244140625,77.76000213623047,78.30000305175781,57.93942642211914,13566800
2016-06-02,78.2699966430664,78.7300033569336,77.93000030517578,78.72000122070312,58.25021743774414,6953900
2016-06-03,79.5999984741211,79.75,78.0,78.95999908447266,58.42779541015625,10328700
2016-06-06,79.08000183105469,79.22000122070312,78.1500015258789,78.47000122070312,58.06521224975586,11093200
2016-06-07,78.58999633789062,79.20999908447266,78.58999633789062,78.94999694824219,58.42040252685547,5535500
2016-06-08,78.76000213623047,79.41000366210938,78.69000244140625,79.37000274658203,58.7311897277832,5825100
2016-06-09,79.22000122070312,79.56999969482422,79.06999969482422,79.48999786376953,58.81998062133789,5074600
2016-06-10,79.30000305175781,79.4000015258789,78.93000030517578,79.0999984741211,58.53140640258789,7315500
2016-06-13,79.04000091552734,79.66000366210938,78.9000015258789,79.04000091552734,58.487003326416016,6856200
2016-06-14,78.94999694824219,79.16000366210938,78.41000366210938,78.61000061035156,58.1688117980957,5850100
2016-06-15,78.70999908447266,79.62999725341797,78.66999816894531,79.33000183105469,58.701595306396484,6816000
2016-06-16,79.12999725341797,79.77999877929688,78.81999969482422,79.7300033569336,58.99757385253906,6448500
2016-06-17,79.66000366210938,79.75,79.05000305175781,79.61000061035156,58.90877151489258,9294500
2016-06-20,79.88999938964844,80.63999938964844,79.69000244140625,79.76000213623047,59.01978302001953,10090800
2016-06-21,79.30000305175781,79.5999984741211,79.08000183105469,79.37000274658203,59.26244354248047,6669500
2016-06-22,79.45999908447266,79.55999755859375,79.0999984741211,79.33000183105469,59.232582092285156,6439100
2016-06-23,79.5199966430664,80.0,79.5199966430664,79.86000061035156,59.628299713134766,4847800
2016-06-24,78.69999694824219,79.75,77.83999633789062,78.88999938964844,58.904048919677734,14430400
2016-06-27,78.62999725341797,78.8499984741211,77.66999816894531,78.73999786376953,58.79203796386719,10629600
2016-06-28,79.30000305175781,80.45999908447266,79.01000213623047,80.44999694824219,60.068824768066406,10328500
2016-06-29,80.81999969482422,81.5999984741211,80.81999969482422,81.4800033569336,60.837886810302734,11383600
2016-06-30,81.5999984741211,82.38999938964844,81.02999877929688,82.38999938964844,61.51737976074219,10251600
2016-07-01,82.72000122070312,82.94999694824219,82.0999984741211,82.33000183105469,61.47255325317383,12802500
2016-07-05,82.30000305175781,83.19999694824219,82.23999786376953,82.95999908447266,61.94294357299805,9271300
2016-07-06,82.80000305175781,82.97000122070312,82.19999694824219,82.66000366210938,61.71897888183594,9176100
2016-07-07,82.5,82.52999877929688,81.58999633789062,81.93000030517578,61.173858642578125,8439900
2016-07-08,82.38999938964844,83.23999786376953,82.27999877929688,83.13999938964844,62.077362060546875,6783200
2016-07-11,83.37999725341797,83.86000061035156,82.80000305175781,83.73999786376953,62.52534103393555,7621300
2016-07-12,83.30999755859375,83.88999938964844,83.19000244140625,83.83999633789062,62.600032806396484,10153600
2016-07-13,84.0,84.19999694824219,83.6500015258789,84.19000244140625,62.861358642578125,8052000
2016-07-14,83.91999816894531,84.08999633789062,83.4000015258789,83.56999969482422,62.39841842651367,8967100
2016-07-15,83.16000366210938,83.69999694824219,83.06999969482422,83.63999938964844,62.4506950378418,8375800
2016-07-18,83.62999725341797,83.86000061035156,83.52999877929688,83.8499984741211,62.60747146606445,4564400
2016-07-19,83.9000015258789,84.2300033569336,83.45999908447266,84.2300033569336,62.89121627807617,6164200
2016-07-20,84.22000122070312,84.27999877929688,83.93000030517578,84.20999908447266,62.876277923583984,5427200
2016-07-21,83.9800033569336,84.41000366210938,83.72000122070312,84.33000183105469,62.96588897705078,6274800
2016-07-22,84.08999633789062,85.2699966430664,84.08999633789062,85.02999877929688,63.48854064941406,6486700
2016-07-25,85.0999984741211,85.58999633789062,84.58999633789062,84.94999694824219,63.42880630493164,3462900
2016-07-26,84.83000183105469,85.0,84.33000183105469,84.55999755859375,63.13760757446289,3788700
2016-07-27,84.3499984741211,84.45999908447266,83.2699966430664,83.95999908447266,62.68962097167969,6644900
2016-07-28,83.9000015258789,84.8499984741211,83.5999984741211,84.58000183105469,63.152557373046875,5188800
2016-07-29,84.7699966430664,85.80000305175781,84.41000366210938,85.4000015258789,63.76481246948242,8250700
2016-08-01,85.5,85.79000091552734,85.31999969482422,85.69999694824219,63.98881149291992,6392100
2016-08-02,85.44000244140625,85.73999786376953,84.30000305175781,84.4000015258789,63.01814270019531,9270700
2016-08-03,84.4000015258789,84.55999755859375,83.62999725341797,84.04000091552734,62.74934768676758,6842100
2016-08-04,83.93000030517578,84.20999908447266,83.58999633789062,83.83999633789062,62.600032806396484,6382100
2016-08-05,83.80000305175781,84.11000061035156,83.52999877929688,83.94999694824219,62.68212890625,8833000
2016-08-08,83.87000274658203,84.38999938964844,83.73999786376953,84.02999877929688,62.741886138916016,6819900
2016-08-09,83.95999908447266,84.3499984741211,83.55000305175781,84.33999633789062,62.97332000732422,5204300
2016-08-10,84.22000122070312,84.7300033569336,84.0199966430664,84.2300033569336,62.89121627807617,6626300
2016-08-11,84.2699966430664,84.31999969482422,83.08000183105469,83.43000030517578,62.29387283325195,7592300
2016-08-12,83.95999908447266,84.37999725341797,83.55000305175781,83.66000366210938,62.465614318847656,6637800
2016-08-15,83.51000213623047,84.08000183105469,83.51000213623047,83.5999984741211,62.42081832885742,5101600
2016-08-16,83.38999938964844,83.48999786376953,82.51000213623047,82.62000274658203,61.68910217285156,6807700
2016-08-17,82.79000091552734,82.9800033569336,81.94999694824219,82.86000061035156,61.868289947509766,10686600
2016-08-18,82.93000030517578,83.13999938964844,82.20999908447266,82.62000274658203,61.68910217285156,5918300
2016-08-19,82.1500015258789,82.52999877929688,81.80000305175781,82.0199966430664,61.24109649658203,6538000
2016-08-22,82.19000244140625,82.51000213623047,82.0199966430664,82.44000244140625,61.5546875,6701200
2016-08-23,82.95999908447266,82.98999786376953,82.56999969482422,82.62000274658203,61.68910217285156,4882500
2016-08-24,82.63999938964844,82.72000122070312,81.91999816894531,82.22000122070312,61.39041519165039,4554400
2016-08-25,82.11000061035156,83.05999755859375,82.11000061035156,82.5199966430664,61.61442565917969,5365800
2016-08-26,82.58999633789062,83.19999694824219,81.23999786376953,81.75,61.03949737548828,11479500
2016-08-29,82.63999938964844,82.77999877929688,81.91999816894531,82.5199966430664,61.61442565917969,4256900
2016-08-30,82.5999984741211,82.70999908447266,81.80000305175781,82.37999725341797,61.50988006591797,5068800
2016-08-31,82.37999725341797,82.73999786376953,82.08000183105469,82.54000091552734,61.62934112548828,6967000
2016-09-01,82.4800033569336,82.63999938964844,81.94999694824219,82.4000015258789,61.52482604980469,9000400
2016-09-02,82.66999816894531,83.9000015258789,82.63999938964844,83.05999755859375,62.01762390136719,7591700
2016-09-06,83.16000366210938,83.70999908447266,82.77999877929688,83.6500015258789,62.45814895629883,9714000
2016-09-07,83.7699966430664,84.2300033569336,83.37000274658203,84.12999725341797,62.81656265258789,7966300
2016-09-08,83.83000183105469,83.98999786376953,83.13999938964844,83.16999816894531,62.09975051879883,6694900
2016-09-09,81.86000061035156,82.11000061035156,79.86000061035156,79.86000061035156,59.628299713134766,17349400
2016-09-12,79.51000213623047,81.19000244140625,79.51000213623047,80.83000183105469,60.35256576538086,13320200
2016-09-13,80.33999633789062,80.4800033569336,78.66999816894531,78.86000061035156,58.88166427612305,14340900
2016-09-14,79.02999877929688,79.5999984741211,78.81999969482422,79.0999984741211,59.06085205078125,7384300
2016-09-15,79.05999755859375,79.62000274658203,78.68000030517578,79.45999908447266,59.32963562011719,7345700
2016-09-16,79.22000122070312,79.5,78.9000015258789,79.37999725341797,59.269901275634766,10133700
2016-09-19,79.6500015258789,80.20999908447266,79.5999984741211,80.12999725341797,59.82989501953125,6199200
2016-09-20,80.75,80.75,79.97000122070312,80.0,59.73283767700195,7847700
2016-09-21,80.12999725341797,81.12000274658203,79.12999725341797,80.91999816894531,60.41978073120117,12499400
2016-09-22,81.70999908447266,82.55000305175781,81.66000366210938,82.48999786376953,61.59203338623047,10324100
2016-09-23,82.3499984741211,84.36000061035156,81.63999938964844,82.69999694824219,61.748809814453125,9020800
2016-09-26,81.80000305175781,82.30999755859375,81.5199966430664,82.0999984741211,61.82112503051758,5762100
2016-09-27,82.30999755859375,82.37999725341797,81.27999877929688,81.45999908447266,61.33922576904297,6379700
2016-09-28,81.61000061035156,82.02999877929688,81.26000213623047,81.91000366210938,61.678043365478516,4672900
2016-09-29,81.66999816894531,81.87000274658203,80.72000122070312,81.02999877929688,61.01540756225586,7136000
2016-09-30,81.51000213623047,81.7699966430664,80.56999969482422,80.63999938964844,60.72172164916992,9896500
2016-10-03,80.2300033569336,80.33999633789062,79.08000183105469,79.18000030517578,59.622371673583984,15512600
2016-10-04,79.25,79.25,77.6500015258789,78.04000091552734,58.763946533203125,11730800
2016-10-05,78.25,78.58999633789062,76.5,76.52999877929688,57.626914978027344,15890000
2016-10-06,76.3499984741211,77.18000030517578,75.5999984741211,76.66000366210938,57.72480773925781,13203300
2016-10-07,77.1500015258789,77.80999755859375,76.13999938964844,76.55000305175781,57.64198303222656,10976900
2016-10-10,76.61000061035156,77.27999877929688,76.61000061035156,77.0,57.98084259033203,5210400
2016-10-11,76.83000183105469,77.0199966430664,76.05999755859375,76.2300033569336,57.401023864746094,8292700
2016-10-12,76.47000122070312,77.33000183105469,76.06999969482422,77.26000213623047,58.17658996582031,4880700
2016-10-13,77.04000091552734,77.88999938964844,76.7300033569336,77.69000244140625,58.5003776550293,9980300
2016-10-14,77.5199966430664,78.29000091552734,77.30999755859375,77.43000030517578,58.30461502075195,9223800
2016-10-17,77.5999984741211,78.02999877929688,77.5,77.52999877929688,58.379920959472656,5460800
2016-10-18,77.9800033569336,78.5,77.79000091552734,78.05999755859375,58.77898406982422,4949300
2016-10-19,78.0999984741211,78.38999938964844,77.68000030517578,78.38999938964844,59.027496337890625,4842900
2016-10-20,78.26000213623047,78.5999984741211,77.66999816894531,78.08999633789062,58.80157470703125,3795600
2016-10-21,77.62000274658203,78.08999633789062,77.43000030517578,77.98999786376953,58.726280212402344,4456500
2016-10-24,78.23999786376953,78.91999816894531,77.88999938964844,78.19999694824219,58.88441848754883,5336500
2016-10-25,78.04000091552734,78.16999816894531,77.7300033569336,78.05000305175781,58.7714729309082,3609000
2016-10-26,77.66000366210938,77.80999755859375,76.66999816894531,77.13999938964844,58.08625793457031,8385500
2016-10-27,76.98999786376953,77.0,75.16999816894531,75.37000274658203,56.753414154052734,12575200
2016-10-28,75.37000274658203,76.12000274658203,75.26000213623047,75.5199966430664,56.86637496948242,7028400
2016-10-31,75.94999694824219,76.70999908447266,75.52999877929688,76.63999938964844,57.709720611572266,9920800
2016-11-01,76.23999786376953,76.30999755859375,74.73999786376953,74.94999694824219,56.43718719482422,13173300
2016-11-02,74.87999725341797,75.01000213623047,73.88999938964844,73.98999786376953,55.71430587768555,11959300
2016-11-03,74.02999877929688,74.1500015258789,73.44000244140625,73.55999755859375,55.3905029296875,8040500
2016-11-04,73.55000305175781,74.2300033569336,73.36000061035156,73.94999694824219,55.68416976928711,9855600
2016-11-07,74.6500015258789,75.26000213623047,74.62999725341797,75.16000366210938,56.59529495239258,12150900
2016-11-08,75.13999938964844,75.83000183105469,74.93000030517578,75.62000274658203,56.94167709350586,6871400
2016-11-09,73.9000015258789,74.8499984741211,73.05000305175781,74.22000122070312,55.88749694824219,18535400
2016-11-10,74.02999877929688,74.16999816894531,72.11000061035156,72.87000274658203,54.870948791503906,26429700
2016-11-11,72.79000091552734,74.0199966430664,72.69999694824219,73.26000213623047,55.16462326049805,10174200
2016-11-14,73.0,74.7699966430664,72.5199966430664,74.5,56.098323822021484,19173600
2016-11-15,74.88999938964844,75.37000274658203,73.73999786376953,74.2300033569336,55.895015716552734,10743900
2016-11-16,74.0999984741211,74.4800033569336,73.61000061035156,74.06999969482422,55.77452087402344,7474500
2016-11-17,73.9800033569336,74.56999969482422,73.43000030517578,73.45999908447266,55.31520462036133,10301400
2016-11-18,73.63999938964844,73.94000244140625,73.29000091552734,73.68000030517578,55.480892181396484,6874900
2016-11-21,74.01000213623047,74.51000213623047,73.58000183105469,73.69000244140625,55.48838806152344,8475000
2016-11-22,73.91999816894531,74.98999786376953,73.86000061035156,74.94999694824219,56.43718719482422,7707100
2016-11-23,74.05000305175781,74.66999816894531,73.9800033569336,74.54000091552734,56.12844467163086,8504000
2016-11-25,74.55999755859375,75.30000305175781,74.55999755859375,74.91999816894531,56.41458511352539,3487600
2016-11-28,74.88999938964844,75.69000244140625,74.87999725341797,75.18000030517578,56.61035919189453,7222300
2016-11-29,75.2699966430664,76.12000274658203,75.19999694824219,75.80000305175781,57.07723617553711,7662400
2016-11-30,75.16999816894531,75.47000122070312,74.61000061035156,74.8499984741211,56.361873626708984,10068900
2016-12-01,74.29000091552734,74.68000030517578,73.38999938964844,73.66999816894531,55.47334289550781,12051600
2016-12-02,74.0999984741211,75.13999938964844,74.0999984741211,74.44999694824219,56.06068420410156,7779600
2016-12-05,74.5999984741211,75.1500015258789,74.33000183105469,75.04000091552734,56.504947662353516,9684400
2016-12-06,75.22000122070312,75.81999969482422,75.0,75.5199966430664,56.86637496948242,7492700
2016-12-07,75.55000305175781,77.05000305175781,75.48999786376953,76.98999786376953,57.973289489746094,10029900
2016-12-08,76.38999938964844,77.62999725341797,76.38999938964844,77.37999725341797,58.266963958740234,8365300
2016-12-09,77.37999725341797,77.98999786376953,77.20999908447266,77.31999969482422,58.2217903137207,7254700
2016-12-12,77.16999816894531,77.86000061035156,77.01000213623047,77.80000305175781,58.58321762084961,11162600
2016-12-13,78.12000274658203,78.22000122070312,77.30999755859375,77.80000305175781,58.58321762084961,10695500
2016-12-14,77.88999938964844,78.06999969482422,76.13999938964844,76.36000061035156,57.49889373779297,15504300
2016-12-15,76.3499984741211,76.66999816894531,75.56999969482422,75.79000091552734,57.06969451904297,10382200
2016-12-16,76.04000091552734,77.25,76.04000091552734,76.80000305175781,57.83021926879883,9811600
2016-12-19,77.19999694824219,77.8499984741211,77.12999725341797,77.6500015258789,58.47029495239258,10510500
2016-12-20,77.62000274658203,78.4000015258789,77.30000305175781,77.79000091552734,58.575687408447266,6843800
2016-12-21,76.7699966430664,77.18000030517578,75.72000122070312,75.7699966430664,57.85489273071289,8885800
2016-12-22,75.51000213623047,75.7300033569336,74.97000122070312,75.62999725341797,57.747989654541016,4245100
2016-12-23,75.81999969482422,75.87000274658203,75.5,75.83000183105469,57.90071487426758,2930900
2016-12-27,76.04000091552734,76.12999725341797,75.62000274658203,75.91999816894531,57.96940994262695,2740000
2016-12-28,76.0999984741211,76.0999984741211,75.16000366210938,75.47000122070312,57.62582778930664,5386600
2016-12-29,75.6500015258789,76.41999816894531,75.33999633789062,76.22000122070312,58.1984977722168,5736200
2016-12-30,76.33000183105469,77.08999633789062,75.95999908447266,76.94000244140625,58.74824523925781,5978900
2017-01-03,77.13999938964844,77.31999969482422,76.68000030517578,77.25,58.98493957519531,6305100
2017-01-04,77.2300033569336,78.44999694824219,77.2300033569336,78.30999755859375,59.79431915283203,10804600
2017-01-05,77.80999755859375,78.62999725341797,77.41999816894531,78.58000183105469,60.000484466552734,9419600
2017-01-06,78.08999633789062,78.83000183105469,78.08999633789062,78.41000366210938,59.87068557739258,6768300
2017-01-09,78.61000061035156,78.72000122070312,77.80999755859375,77.88999938964844,59.473609924316406,6589400
2017-01-10,77.86000061035156,77.97000122070312,77.12999725341797,77.16000366210938,58.9162483215332,7720800
2017-01-11,77.1500015258789,77.37999725341797,76.7699966430664,76.83000183105469,58.66424560546875,8190600
2017-01-12,76.8499984741211,77.19999694824219,76.20999908447266,77.18000030517578,58.93150329589844,9531700
2017-01-13,77.12999725341797,77.47000122070312,76.81999969482422,77.0999984741211,58.87041091918945,5200100
2017-01-17,77.36000061035156,77.69000244140625,77.20999908447266,77.62000274658203,59.267486572265625,6829200
2017-01-18,77.62000274658203,78.01000213623047,77.48999786376953,77.75,59.36672592163086,5592200
2017-01-19,77.33000183105469,77.5199966430664,76.79000091552734,76.94000244140625,58.74824523925781,9277900
2017-01-20,76.94999694824219,77.48999786376953,76.8499984741211,77.43000030517578,59.122398376464844,7716600
2017-01-23,77.44999694824219,78.16000366210938,77.3499984741211,78.0199966430664,59.5728759765625,5135900
2017-01-24,77.98999786376953,78.37999725341797,77.7300033569336,78.19999694824219,59.7103271484375,6270200
2017-01-25,78.05000305175781,78.43000030517578,77.55999755859375,77.77999877929688,59.389652252197266,7830000
2017-01-26,77.86000061035156,78.19999694824219,77.56999969482422,77.69999694824219,59.32855987548828,5819700
2017-01-27,77.83999633789062,77.9800033569336,76.69999694824219,76.97000122070312,58.77114486694336,5415400
2017-01-30,76.80000305175781,76.8499984741211,76.2300033569336,76.44000244140625,58.36647033691406,5317900
2017-01-31,76.12999725341797,77.4000015258789,76.08000183105469,77.04000091552734,58.824607849121094,7263300
2017-02-01,76.88999938964844,77.43000030517578,76.11000061035156,76.12999725341797,58.12976837158203,9419400
2017-02-02,76.23999786376953,77.08000183105469,76.20999908447266,76.9800033569336,58.778804779052734,7063000
2017-02-03,77.41000366210938,77.8499984741211,77.2300033569336,77.5,59.175838470458984,7572100
2017-02-06,77.69000244140625,77.69999694824219,77.12000274658203,77.23999786376953,58.977317810058594,6787300
2017-02-07,77.47000122070312,77.61000061035156,77.01000213623047,77.12999725341797,58.893348693847656,4041100
2017-02-08,77.44999694824219,77.80999755859375,77.11000061035156,77.69000244140625,59.32091522216797,7792200
2017-02-09,77.73999786376953,78.02999877929688,77.61000061035156,77.93000030517578,59.504150390625,3932800
2017-02-10,77.79000091552734,78.56999969482422,77.73999786376953,78.52999877929688,59.96229934692383,6092000
2017-02-13,78.6500015258789,78.91999816894531,78.29000091552734,78.79000091552734,60.160823822021484,6678900
2017-02-14,78.58999633789062,78.63999938964844,77.77999877929688,78.3499984741211,59.82487487792969,8255300
2017-02-15,77.93000030517578,78.33999633789062,77.5,78.27999877929688,59.77140808105469,10263200
2017-02-16,78.3499984741211,79.12000274658203,78.12999725341797,78.6500015258789,60.05390930175781,8259900
2017-02-17,78.81999969482422,78.93000030517578,78.2699966430664,78.77999877929688,60.153194427490234,6812900
2017-02-21,78.66000366210938,79.83000183105469,78.36000061035156,79.7699966430664,60.90910339355469,8555800
2017-02-22,79.80999755859375,80.05999755859375,79.16000366210938,79.56999969482422,60.756431579589844,8049000
2017-02-23,79.8499984741211,80.0199966430664,79.29000091552734,79.91000366210938,61.016029357910156,7428300
2017-02-24,79.87999725341797,80.37999725341797,79.52999877929688,80.30999755859375,61.32141876220703,6302100
2017-02-27,80.47000122070312,81.0199966430664,80.30999755859375,80.7300033569336,61.64215087890625,5330300
2017-02-28,80.72000122070312,80.7300033569336,80.19999694824219,80.41000366210938,61.39781188964844,6795400
2017-03-01,80.0,80.55000305175781,79.7699966430664,80.16000366210938,61.20692443847656,10800600
2017-03-02,79.98999786376953,80.12000274658203,79.61000061035156,79.83000183105469,60.95494079589844,5007200
2017-03-03,79.69000244140625,79.81999969482422,78.87999725341797,79.63999938964844,60.80989074707031,7677600
2017-03-06,79.4000015258789,79.58999633789062,78.9000015258789,79.2699966430664,60.52735137939453,9243900
2017-03-07,79.16000366210938,79.2300033569336,78.5999984741211,78.93000030517578,60.26772689819336,4543200
2017-03-08,78.62000274658203,78.6500015258789,77.61000061035156,77.72000122070312,59.34382629394531,9504200
2017-03-09,77.66999816894531,77.98999786376953,76.48999786376953,76.7300033569336,58.58791732788086,8785000
2017-03-10,77.06999969482422,77.62999725341797,76.19000244140625,76.54000091552734,58.44281768798828,11824100
2017-03-13,76.68000030517578,77.11000061035156,76.47000122070312,76.66000366210938,58.53446578979492,8000700
2017-03-14,76.62999725341797,76.77999877929688,76.19999694824219,76.58999633789062,58.48100280761719,6565300
2017-03-15,76.77999877929688,78.37999725341797,76.69000244140625,78.0,59.557613372802734,11876100
2017-03-16,77.87000274658203,78.36000061035156,77.73999786376953,77.87000274658203,59.45835876464844,6476300
2017-03-17,78.06999969482422,78.43000030517578,77.80000305175781,78.19999694824219,59.7103271484375,10065200
2017-03-20,78.25,78.47000122070312,78.0199966430664,78.16999816894531,59.68744659423828,5866600
2017-03-21,78.30999755859375,78.5999984741211,77.83999633789062,77.91999816894531,59.496551513671875,6592500
2017-03-22,78.16000366210938,78.16000366210938,77.29000091552734,77.95999908447266,59.52708053588867,7913100
2017-03-23,77.98999786376953,79.05000305175781,77.86000061035156,78.54000091552734,59.9699592590332,8322000
2017-03-24,78.0,78.19000244140625,77.5999984741211,77.73999786376953,59.92754364013672,7584800
2017-03-27,77.52999877929688,77.8499984741211,76.91999816894531,77.20999908447266,59.51899337768555,6831700
2017-03-28,77.05000305175781,77.62000274658203,76.73999786376953,77.55000305175781,59.78108215332031,4988300
2017-03-29,77.68000030517578,77.91999816894531,77.30999755859375,77.88999938964844,60.04317092895508,3844800
2017-03-30,77.88999938964844,78.18000030517578,77.3499984741211,78.12000274658203,60.220481872558594,4305100
2017-03-31,78.1500015258789,78.70999908447266,78.01000213623047,78.48999786376953,60.50569152832031,9809800
2017-04-03,78.5999984741211,78.69000244140625,78.2699966430664,78.55999755859375,60.55967330932617,7249000
2017-04-04,78.52999877929688,78.95999908447266,78.31999969482422,78.48999786376953,60.50569152832031,6348600
2017-04-05,78.62000274658203,79.04000091552734,78.5,78.51000213623047,60.5211181640625,7306100
2017-04-06,78.56999969482422,79.11000061035156,78.16000366210938,79.05000305175781,60.937381744384766,6964800
2017-04-07,79.12999725341797,79.43000030517578,78.91000366210938,79.13999938964844,61.00679397583008,5327800
2017-04-10,79.26000213623047,79.72000122070312,78.86000061035156,79.69000244140625,61.430747985839844,6903600
2017-04-11,79.7699966430664,80.22000122070312,79.61000061035156,80.12999725341797,61.769927978515625,9852500
2017-04-12,80.08000183105469,80.30999755859375,79.83000183105469,79.94999694824219,61.63118362426758,4267900
2017-04-13,79.95999908447266,80.1500015258789,79.75,79.79000091552734,61.5078239440918,3295200
2017-04-17,80.08999633789062,80.80999755859375,79.87999725341797,80.79000091552734,62.278690338134766,8190100
2017-04-18,80.79000091552734,81.0199966430664,80.6500015258789,80.9800033569336,62.4251594543457,4977700
2017-04-19,80.94999694824219,81.19000244140625,80.7300033569336,80.8499984741211,62.3249397277832,5894400
2017-04-20,80.62999725341797,80.97000122070312,80.4000015258789,80.9000015258789,62.363494873046875,10398600
2017-04-21,80.73999786376953,80.91000366210938,80.47000122070312,80.58000183105469,62.1168212890625,6489400
2017-04-24,80.95999908447266,81.05999755859375,79.29000091552734,79.87999725341797,61.57720947265625,10788500
2017-04-25,79.91999816894531,80.23999786376953,79.7699966430664,80.11000061035156,61.7545166015625,5210600
2017-04-26,80.0,80.19000244140625,79.41999816894531,79.58000183105469,61.34595489501953,6893200
2017-04-27,79.66999816894531,80.12999725341797,79.5199966430664,79.66999816894531,61.41531753540039,5482100
2017-04-28,79.52999877929688,79.70999908447266,78.69999694824219,78.93000030517578,60.84489059448242,10135500
2017-05-01,79.02999877929688,79.55000305175781,78.73999786376953,79.41000366210938,61.21493148803711,8783500
2017-05-02,79.51000213623047,79.63999938964844,79.01000213623047,79.20999908447266,61.06072998046875,9063300
2017-05-03,79.05000305175781,79.33999633789062,78.08000183105469,78.26000213623047,60.328392028808594,8193000
2017-05-04,77.79000091552734,78.04000091552734,77.19000244140625,77.91999816894531,60.06630325317383,8797100
2017-05-05,78.08000183105469,78.70999908447266,78.01000213623047,78.66999816894531,60.64445114135742,5709500
2017-05-08,78.69999694824219,78.91999816894531,77.83999633789062,78.22000122070312,60.29756164550781,8098200
2017-05-09,78.19999694824219,78.29000091552734,77.5199966430664,77.80000305175781,59.973793029785156,6412800
2017-05-10,77.76000213623047,78.5,77.58000183105469,78.22000122070312,60.29756164550781,5800600
2017-05-11,77.94000244140625,77.95999908447266,77.30999755859375,77.80000305175781,59.973793029785156,7453500
2017-05-12,77.94000244140625,77.95999908447266,77.4800033569336,77.58999633789062,59.811912536621094,4250500
2017-05-15,77.61000061035156,78.41000366210938,77.61000061035156,77.87000274658203,60.02775955200195,7994300
2017-05-16,77.80999755859375,77.9800033569336,77.31999969482422,77.43000030517578,59.688568115234375,5961400
2017-05-17,77.4000015258789,78.18000030517578,77.37999725341797,77.83999633789062,60.004634857177734,8283700
2017-05-18,77.80000305175781,78.2300033569336,77.2300033569336,78.05000305175781,60.166526794433594,5276500
2017-05-19,78.08999633789062,78.87999725341797,77.75,78.51000213623047,60.5211181640625,4662200
2017-05-22,78.70999908447266,79.01000213623047,78.41000366210938,78.73999786376953,60.69842529296875,5983300
2017-05-23,78.94999694824219,79.25,78.72000122070312,78.91999816894531,60.837162017822266,3021600
2017-05-24,79.0199966430664,79.55000305175781,78.98999786376953,79.44999694824219,61.245731353759766,4737100
2017-05-25,79.55000305175781,79.97000122070312,79.33999633789062,79.62000274658203,61.37678909301758,4379300
2017-05-26,79.7699966430664,79.80999755859375,78.94999694824219,79.12999725341797,60.99905776977539,4014200
2017-05-30,79.18000030517578,79.30000305175781,78.81999969482422,78.81999969482422,60.76008987426758,3242600
2017-05-31,78.98999786376953,79.23999786376953,78.58999633789062,78.83999633789062,60.775508880615234,8699800
2017-06-01,78.66999816894531,79.4000015258789,78.48999786376953,79.16000366210938,61.02219009399414,12433200
2017-06-02,79.8499984741211,80.16999816894531,79.56999969482422,79.94000244140625,61.62347412109375,7188000
2017-06-05,79.75,79.91000366210938,79.37000274658203,79.69000244140625,61.430747985839844,5909300
2017-06-06,79.63999938964844,79.63999938964844,79.19000244140625,79.29000091552734,61.12240219116211,4544800
2017-06-07,79.2699966430664,79.73999786376953,79.25,79.62000274658203,61.37678909301758,4284600
2017-06-08,79.62999725341797,79.75,78.77999877929688,79.48999786376953,61.27659225463867,6993900
2017-06-09,79.63999938964844,80.16999816894531,79.20999908447266,80.0,61.66970443725586,5393800
2017-06-12,79.80999755859375,80.52999877929688,79.69999694824219,80.52999877929688,62.07827377319336,9685800
2017-06-13,80.47000122070312,80.75,80.20999908447266,80.69999694824219,62.20932388305664,6308300
2017-06-14,81.18000030517578,81.41999816894531,80.63999938964844,80.95999908447266,62.40975570678711,6634600
2017-06-15,80.91000366210938,81.44000244140625,80.41000366210938,81.23999786376953,62.62557601928711,5414600
2017-06-16,81.27999877929688,81.37999725341797,80.81999969482422,81.19000244140625,62.58707046508789,13816600
2017-06-19,81.25,81.3499984741211,80.91000366210938,81.33000183105469,62.69496154785156,8272500
2017-06-20,81.37999725341797,81.52999877929688,80.56999969482422,81.05999755859375,62.486846923828125,6433800
2017-06-21,81.01000213623047,81.16999816894531,80.37000274658203,80.73999786376953,62.240150451660156,3503500
2017-06-22,80.70999908447266,81.08000183105469,80.47000122070312,80.9000015258789,62.363494873046875,5736800
2017-06-23,80.9800033569336,81.56999969482422,80.88999938964844,81.22000122070312,62.61018371582031,8753700
2017-06-26,81.44000244140625,81.94000244140625,81.22000122070312,81.73999786376953,63.01103210449219,12060500
2017-06-27,80.88999938964844,81.31999969482422,80.47000122070312,80.54000091552734,62.63850021362305,8252200
2017-06-28,80.44000244140625,80.91999816894531,80.38999938964844,80.6500015258789,62.724056243896484,4818500
2017-06-29,80.18000030517578,80.58999633789062,79.56999969482422,79.7699966430664,62.039642333984375,9719800
2017-06-30,80.11000061035156,80.33000183105469,79.58000183105469,79.7699966430664,62.039642333984375,7245400
2017-07-03,80.08000183105469,80.73999786376953,79.87999725341797,80.62000274658203,62.70071792602539,7238300
2017-07-05,80.7300033569336,80.7300033569336,79.5,79.70999908447266,61.99296569824219,9013000
2017-07-06,79.29000091552734,79.44999694824219,78.20999908447266,78.31999969482422,60.91191482543945,9553800
2017-07-07,78.30999755859375,78.9000015258789,78.20999908447266,78.69999694824219,61.20746612548828,4878600
2017-07-10,78.80999755859375,78.98999786376953,78.04000091552734,78.12000274658203,60.75640106201172,5061300
2017-07-11,78.20999908447266,78.22000122070312,77.5199966430664,78.02999877929688,60.68639373779297,6884600
2017-07-12,78.66999816894531,79.33000183105469,78.52999877929688,79.01000213623047,61.44856643676758,7192300
2017-07-13,79.05000305175781,79.2699966430664,78.88999938964844,79.04000091552734,61.471900939941406,4048600
2017-07-14,79.61000061035156,79.95999908447266,79.44000244140625,79.83999633789062,62.09408187866211,4688300
2017-07-17,79.98999786376953,80.30999755859375,79.66000366210938,80.16000366210938,62.34294891357422,4195200
2017-07-18,80.20999908447266,80.29000091552734,79.86000061035156,79.95999908447266,62.18742370605469,6258400
2017-07-19,79.94000244140625,80.5999984741211,79.79000091552734,80.5999984741211,62.68515396118164,4149900
2017-07-20,80.7699966430664,80.91000366210938,80.23999786376953,80.27999877929688,62.43629455566406,6707500
2017-07-21,80.26000213623047,80.44999694824219,80.0199966430664,80.44999694824219,62.56850051879883,4459100
2017-07-24,80.37000274658203,80.48999786376953,79.94000244140625,80.23999786376953,62.405181884765625,3506900
2017-07-25,80.0199966430664,80.37999725341797,79.83999633789062,80.33999633789062,62.482933044433594,5185100
2017-07-26,80.20999908447266,81.01000213623047,80.16999816894531,80.7699966430664,62.81733703613281,6179000
2017-07-27,80.66999816894531,81.0999984741211,80.08999633789062,80.83999633789062,62.871803283691406,6891400
2017-07-28,80.72000122070312,81.0199966430664,80.5,80.66999816894531,62.739620208740234,4834500
2017-07-31,80.80000305175781,80.83000183105469,80.11000061035156,80.66000366210938,62.7318229675293,7783700
2017-08-01,81.0199966430664,81.31999969482422,80.48999786376953,81.0199966430664,63.01179885864258,8396400
2017-08-02,80.75,80.87000274658203,80.23999786376953,80.51000213623047,62.61517333984375,6072200
2017-08-03,80.41999816894531,80.7300033569336,80.0999984741211,80.2300033569336,62.39739990234375,5425800
2017-08-04,80.25,80.7300033569336,80.20999908447266,80.5,62.60737228393555,6411600
2017-08-07,80.47000122070312,80.62999725341797,80.16000366210938,80.55999755859375,62.654052734375,5017500
2017-08-08,80.01000213623047,80.44000244140625,79.87999725341797,80.12000274658203,62.311851501464844,7241500
2017-08-09,80.30000305175781,80.30000305175781,79.7699966430664,79.9800033569336,62.20298385620117,4726500
2017-08-10,79.75,80.0,79.3499984741211,79.37000274658203,61.72856521606445,4871500
2017-08-11,79.37000274658203,79.52999877929688,78.66999816894531,78.98999786376953,61.43302536010742,7364500
2017-08-14,79.25,80.30999755859375,79.20999908447266,80.19999694824219,62.37406921386719,9812500
2017-08-15,79.77999877929688,80.02999877929688,79.51000213623047,79.97000122070312,62.19518280029297,5192600
2017-08-16,80.02999877929688,80.52999877929688,80.0199966430664,80.31999969482422,62.467384338378906,6831800
2017-08-17,80.12999725341797,80.48999786376953,79.73999786376953,79.7699966430664,62.039642333984375,5811800
2017-08-18,79.4800033569336,79.55999755859375,78.97000122070312,79.18000030517578,61.5807991027832,8746000
2017-08-21,79.29000091552734,80.06999969482422,79.06999969482422,79.88999938964844,62.13298416137695,4791300
2017-08-22,80.02999877929688,80.19999694824219,79.62000274658203,79.81999969482422,62.07853317260742,4997900
2017-08-23,79.77999877929688,80.63999938964844,79.66999816894531,80.4800033569336,62.59183120727539,3743500
2017-08-24,80.72000122070312,81.08000183105469,80.37000274658203,80.4000015258789,62.52961730957031,3041100
2017-08-25,80.69999694824219,81.05999755859375,80.41000366210938,80.77999877929688,62.825138092041016,5378100
2017-08-28,80.94000244140625,80.94000244140625,80.1500015258789,80.37000274658203,62.50627136230469,3669800
2017-08-29,80.30000305175781,80.62000274658203,80.18000030517578,80.25,62.41294860839844,3815000
2017-08-30,80.08999633789062,80.69999694824219,79.87999725341797,80.68000030517578,62.747371673583984,3266200
2017-08-31,80.81999969482422,81.44000244140625,80.80000305175781,81.19999694824219,63.15182113647461,7960500
2017-09-01,81.25,81.58999633789062,81.08999633789062,81.20999908447266,63.159576416015625,7941800
2017-09-05,81.3499984741211,81.55999755859375,80.6500015258789,81.04000091552734,63.027374267578125,7662200
2017-09-06,81.2300033569336,81.66000366210938,81.12999725341797,81.19999694824219,63.15182113647461,3944000
2017-09-07,81.37999725341797,81.83000183105469,81.23999786376953,81.7300033569336,63.56400680541992,7309300
2017-09-08,81.58000183105469,81.97000122070312,81.44999694824219,81.68000030517578,63.52510452270508,3636100
2017-09-11,81.9800033569336,82.43000030517578,81.72000122070312,82.37000274658203,64.061767578125,5891200
2017-09-12,82.29000091552734,82.37000274658203,81.26000213623047,81.54000091552734,63.41624069213867,8297900
2017-09-13,81.52999877929688,81.55999755859375,80.98999786376953,81.23999786376953,63.18290328979492,3795600
2017-09-14,81.19999694824219,81.7699966430664,80.87000274658203,81.73999786376953,63.57177734375,4584100
2017-09-15,81.77999877929688,82.08999633789062,81.3499984741211,82.08000183105469,63.83618927001953,11301500
2017-09-18,81.93000030517578,82.12999725341797,81.4000015258789,81.63999938964844,63.49399185180664,4952300
2017-09-19,81.66000366210938,81.69000244140625,80.87000274658203,81.01000213623047,63.0040397644043,6087200
2017-09-20,81.12000274658203,81.29000091552734,80.41000366210938,80.80999755859375,62.84849166870117,6771600
2017-09-21,80.75,81.18000030517578,80.55000305175781,80.55000305175781,62.646297454833984,7964000
2017-09-22,80.5199966430664,80.88999938964844,80.01000213623047,80.06999969482422,62.27296829223633,6471900
2017-09-25,80.19999694824219,80.76000213623047,80.16000366210938,80.5,62.60737228393555,4983700
2017-09-26,79.91000366210938,80.06999969482422,79.7300033569336,79.83999633789062,62.6246337890625,6180500
2017-09-27,79.4800033569336,79.77999877929688,78.97000122070312,79.19999694824219,62.12263870239258,7488300
2017-09-28,79.05999755859375,79.86000061035156,79.04000091552734,79.79000091552734,62.585418701171875,7166100
2017-09-29,79.77999877929688,79.9800033569336,79.54000091552734,79.87999725341797,62.656028747558594,5569400
2017-10-02,80.01000213623047,80.12000274658203,79.6500015258789,79.72000122070312,62.5305290222168,10777100
2017-10-03,79.7300033569336,79.87999725341797,79.56999969482422,79.77999877929688,62.57760238647461,2816600
2017-10-04,79.77999877929688,80.3499984741211,79.58000183105469,80.29000091552734,62.977596282958984,3594900
2017-10-05,80.33999633789062,80.87000274658203,80.08000183105469,80.54000091552734,63.17369842529297,7336800
2017-10-06,80.25,80.30000305175781,79.56999969482422,80.25,62.94624328613281,4752400
2017-10-09,80.27999877929688,80.55999755859375,80.19000244140625,80.41000366210938,63.07175064086914,2042800
2017-10-10,80.48999786376953,81.0199966430664,80.36000061035156,80.5199966430664,63.15801239013672,4599900
2017-10-11,80.62000274658203,81.04000091552734,80.30000305175781,80.86000061035156,63.42472839355469,5553500
2017-10-12,80.8499984741211,81.4000015258789,80.83000183105469,81.38999938964844,63.840431213378906,3952200
2017-10-13,81.69000244140625,81.77999877929688,81.23999786376953,81.56999969482422,63.98162078857422,2814900
2017-10-16,81.54000091552734,81.62000274658203,81.12000274658203,81.16000366210938,63.6600227355957,6232500
2017-10-17,81.16000366210938,81.36000061035156,81.0199966430664,81.2300033569336,63.714935302734375,3077700
2017-10-18,81.0,81.4000015258789,80.91999816894531,81.13999938964844,63.64434051513672,4559400
2017-10-19,81.12999725341797,81.30999755859375,80.7699966430664,81.08000183105469,63.59726333618164,3359600
2017-10-20,80.9800033569336,81.12000274658203,80.55000305175781,80.81999969482422,63.39333724975586,6599300
2017-10-23,80.95999908447266,81.01000213623047,80.36000061035156,80.44000244140625,63.09529113769531,5818400
2017-10-24,80.38999938964844,80.58000183105469,79.75,80.04000091552734,62.78152847290039,4442600
2017-10-25,79.6500015258789,80.01000213623047,79.26000213623047,79.7300033569336,62.538360595703125,7746500
2017-10-26,79.83999633789062,80.30000305175781,79.05000305175781,79.23999786376953,62.154022216796875,6420000
2017-10-27,79.41999816894531,79.76000213623047,78.76000213623047,79.5999984741211,62.43638229370117,6527000
2017-10-30,79.41999816894531,80.08999633789062,79.41999816894531,79.7699966430664,62.56973648071289,3909700
2017-10-31,79.7699966430664,79.95999908447266,79.20999908447266,79.91999816894531,62.6873779296875,4418600
2017-11-01,80.05000305175781,80.30999755859375,79.83000183105469,79.9800033569336,62.734466552734375,5343100
2017-11-02,80.16000366210938,80.9000015258789,80.02999877929688,80.4800033569336,63.12664031982422,6501500
2017-11-03,80.01000213623047,80.62000274658203,79.80999755859375,80.43000030517578,63.08742904663086,3662500
2017-11-06,80.75,81.58999633789062,80.54000091552734,81.36000061035156,63.81690216064453,11051000
2017-11-07,81.41000366210938,82.12999725341797,81.41000366210938,81.94000244140625,64.27183532714844,8746800
2017-11-08,81.8499984741211,82.58999633789062,81.7699966430664,82.48999786376953,64.70325469970703,8219800
2017-11-09,82.06999969482422,82.87999725341797,82.04000091552734,82.45999908447266,64.67970275878906,5785100
2017-11-10,82.04000091552734,82.69000244140625,81.80999755859375,82.51000213623047,64.71892547607422,4002700
2017-11-13,82.6500015258789,82.94999694824219,82.43000030517578,82.80999755859375,64.95423126220703,7762400
2017-11-14,82.62999725341797,83.0,82.44999694824219,82.68000030517578,64.85231018066406,6076100
2017-11-15,82.63999938964844,82.87000274658203,81.94000244140625,81.97000122070312,64.29534912109375,8903500
2017-11-16,81.93000030517578,82.62999725341797,81.93000030517578,82.5199966430664,64.72676849365234,10909600
2017-11-17,82.25,82.55000305175781,82.04000091552734,82.13999938964844,64.4287109375,5042600
2017-11-20,82.20999908447266,82.2699966430664,81.86000061035156,81.97000122070312,64.29534912109375,4312200
2017-11-21,82.18000030517578,82.76000213623047,82.08999633789062,82.55999755859375,64.75814819335938,11636200
2017-11-22,82.29000091552734,82.58999633789062,82.16000366210938,82.33000183105469,64.5777359008789,3216900
2017-11-24,82.43000030517578,82.63999938964844,82.41000366210938,82.5,64.7110824584961,1742500
2017-11-27,82.70999908447266,82.76000213623047,82.16000366210938,82.16000366210938,64.44441986083984,4947500
2017-11-28,82.16000366210938,82.30000305175781,81.62000274658203,81.9800033569336,64.3031997680664,9764100
2017-11-29,81.81999969482422,82.06999969482422,81.47000122070312,81.87999725341797,64.22479248046875,6179300
2017-11-30,81.94999694824219,82.16999816894531,81.7300033569336,81.97000122070312,64.29534912109375,8833300
2017-12-01,82.02999877929688,82.3499984741211,81.36000061035156,82.12000274658203,64.41301727294922,9899800
2017-12-04,82.22000122070312,82.56999969482422,81.44999694824219,81.48999786376953,63.918861389160156,9085300
2017-12-05,81.4800033569336,81.62000274658203,81.0,81.01000213623047,63.54237365722656,9503300
2017-12-06,81.12999725341797,81.30000305175781,80.6500015258789,80.9800033569336,63.51883316040039,3812900
2017-12-07,81.18000030517578,81.44000244140625,80.80999755859375,81.30999755859375,63.77764892578125,5994900
2017-12-08,81.56999969482422,81.7300033569336,81.30000305175781,81.58000183105469,63.98946762084961,3941900
2017-12-11,81.58000183105469,81.69000244140625,81.3499984741211,81.66999816894531,64.06005859375,4000400
2017-12-12,81.87999725341797,82.20999908447266,81.44000244140625,82.0,64.31887817382812,6639100
2017-12-13,82.06999969482422,82.52999877929688,82.0,82.16999816894531,64.45225524902344,6450200
2017-12-14,82.16999816894531,82.43000030517578,81.83000183105469,82.12000274658203,64.41301727294922,5853300
2017-12-15,82.2300033569336,82.6500015258789,82.22000122070312,82.45999908447266,64.67970275878906,7882600
2017-12-18,82.48999786376953,83.2699966430664,82.48999786376953,82.91999816894531,65.04052734375,6699300
2017-12-19,82.16000366210938,82.2699966430664,80.3499984741211,80.47000122070312,63.788063049316406,11906100
2017-12-20,80.38999938964844,80.61000061035156,79.61000061035156,79.62999725341797,63.12221145629883,8030000
2017-12-21,79.9000015258789,79.91999816894531,79.27999877929688,79.33999633789062,62.892311096191406,7529500
2017-12-22,79.62000274658203,79.95999908447266,79.33999633789062,79.83999633789062,63.28866958618164,4957800
2017-12-26,79.80000305175781,80.44000244140625,79.7300033569336,80.2300033569336,63.59783172607422,4963300
2017-12-27,80.36000061035156,80.69999694824219,80.23999786376953,80.5199966430664,63.827693939208984,6613500
2017-12-28,80.58000183105469,81.02999877929688,80.33999633789062,80.98999786376953,64.20027160644531,6764700
2017-12-29,81.1500015258789,81.27999877929688,80.86000061035156,81.01000213623047,64.21612548828125,4272100
2018-01-02,81.06999969482422,81.19000244140625,80.47000122070312,80.5999984741211,63.891117095947266,7091600
2018-01-03,80.69999694824219,80.83999633789062,80.2699966430664,80.47000122070312,63.788063049316406,4625700
2018-01-04,80.54000091552734,80.55000305175781,79.19000244140625,79.20999908447266,62.78927993774414,12178300
2018-01-05,79.45999908447266,79.45999908447266,79.08999633789062,79.29000091552734,62.85268783569336,9630200
2018-01-08,79.38999938964844,79.9000015258789,79.30999755859375,79.73999786376953,63.20940017700195,4756600
2018-01-09,79.79000091552734,79.91999816894531,78.81999969482422,78.81999969482422,62.480133056640625,10440100
2018-01-10,78.5,78.61000061035156,77.4800033569336,77.86000061035156,61.719146728515625,8933700
2018-01-11,78.06999969482422,78.20999908447266,77.38999938964844,77.58999633789062,61.505104064941406,5031900
2018-01-12,77.44999694824219,77.56999969482422,76.81999969482422,76.95999908447266,61.00571060180664,8923800
2018-01-16,77.2699966430664,78.43000030517578,77.13999938964844,77.16999816894531,61.172176361083984,9984500
2018-01-17,77.44000244140625,77.87000274658203,77.19000244140625,77.72000122070312,61.60816955566406,5153300
2018-01-18,77.5,77.63999938964844,76.83000183105469,76.95999908447266,61.00571060180664,5191500
2018-01-19,77.02999877929688,77.4800033569336,76.80999755859375,77.45999908447266,61.402069091796875,6809000
2018-01-22,77.52999877929688,78.16000366210938,77.44999694824219,78.08999633789062,61.90143966674805,10181900
2018-01-23,78.30000305175781,79.19000244140625,78.30000305175781,79.16999816894531,62.7575569152832,7584700
2018-01-24,78.9000015258789,79.26000213623047,78.58999633789062,78.88999938964844,62.53559875488281,7675100
2018-01-25,78.80000305175781,78.94999694824219,78.36000061035156,78.73999786376953,62.416717529296875,5540000
2018-01-26,78.87999725341797,78.98999786376953,78.26000213623047,78.7699966430664,62.440467834472656,6799200
2018-01-29,78.4800033569336,78.69000244140625,77.7300033569336,77.76000213623047,61.639869689941406,6094500
2018-01-30,77.44999694824219,77.69000244140625,77.13999938964844,77.33999633789062,61.30693435668945,5870100
2018-01-31,77.6500015258789,78.62000274658203,77.3499984741211,78.55999755859375,62.2740364074707,12266100
2018-02-01,78.4000015258789,78.94000244140625,77.18000030517578,77.25,61.235591888427734,11450000
2018-02-02,76.69000244140625,77.01000213623047,75.97000122070312,76.45999908447266,60.60935592651367,9794600
2018-02-05,76.20999908447266,76.81999969482422,74.0,74.0,58.65932846069336,12593500
2018-02-06,73.36000061035156,74.7300033569336,72.7300033569336,74.26000213623047,58.86544418334961,17411500
2018-02-07,74.08999633789062,75.33999633789062,73.93000030517578,73.97000122070312,58.635555267333984,9642100
2018-02-08,73.80999755859375,74.48999786376953,71.76000213623047,71.79000091552734,56.9074821472168,18137800
2018-02-09,72.25,73.91000366210938,71.2699966430664,73.27999877929688,58.088600158691406,14993100
2018-02-12,73.66999816894531,73.88999938964844,71.70999908447266,73.5,58.26301193237305,13618900
2018-02-13,73.44999694824219,74.27999877929688,73.02999877929688,74.05999755859375,58.70688247680664,8520800
2018-02-14,73.58000183105469,74.11000061035156,72.62000274658203,73.69999694824219,58.42152404785156,11068200
2018-02-15,73.9000015258789,74.61000061035156,73.62999725341797,74.43000030517578,59.00019073486328,9784000
2018-02-16,74.5199966430664,75.33000183105469,74.5,75.05999755859375,59.49959945678711,10139500
2018-02-20,74.70999908447266,75.37000274658203,74.0999984741211,74.12999725341797,58.762393951416016,9230100
2018-02-21,74.11000061035156,74.66999816894531,72.87999725341797,72.9000015258789,57.78737258911133,9805600
2018-02-22,73.19000244140625,74.18000030517578,73.05000305175781,73.58000183105469,58.326416015625,8770300
2018-02-23,73.98999786376953,74.86000061035156,73.70999908447266,74.83000183105469,59.317264556884766,7871500
2018-02-26,75.19999694824219,75.25,74.63999938964844,75.08999633789062,59.52336502075195,6058000
2018-02-27,75.1500015258789,75.22000122070312,73.5,73.51000213623047,58.270938873291016,10466900
2018-02-28,73.91000366210938,74.37000274658203,73.33000183105469,73.33000183105469,58.12824249267578,6702600
2018-03-01,73.23999786376953,74.08000183105469,72.75,73.0999984741211,57.945919036865234,14216800
2018-03-02,72.8499984741211,73.06999969482422,72.26000213623047,72.97000122070312,57.84286117553711,6744500
2018-03-05,72.5999984741211,74.19000244140625,72.5999984741211,73.79000091552734,58.49287796020508,11811100
2018-03-06,73.81999969482422,74.44999694824219,73.44000244140625,74.26000213623047,58.86544418334961,7440000
2018-03-07,73.91999816894531,74.73999786376953,73.7300033569336,74.63999938964844,59.16666793823242,8993600
2018-03-08,74.69999694824219,75.0999984741211,74.5,75.0199966430664,59.467872619628906,8446800
2018-03-09,75.13999938964844,75.48999786376953,74.6500015258789,75.48999786376953,59.84046173095703,7660100
2018-03-12,75.45999908447266,76.02999877929688,75.33999633789062,75.87000274658203,60.14168930053711,6980200
2018-03-13,76.2300033569336,76.41000366210938,75.7300033569336,75.98999786376953,60.236785888671875,6437300
2018-03-14,76.12000274658203,76.3499984741211,75.68000030517578,76.05000305175781,60.284366607666016,5750400
2018-03-15,76.12999725341797,76.38999938964844,75.6500015258789,76.02999877929688,60.26850891113281,9157300
2018-03-16,75.94000244140625,76.58999633789062,75.76000213623047,76.4800033569336,60.62520217895508,10879600
2018-03-19,76.37999725341797,76.44999694824219,75.33000183105469,75.7699966430664,60.06242752075195,8155600
2018-03-20,75.77999877929688,76.2699966430664,75.4000015258789,75.70999908447266,60.01484680175781,6567100
2018-03-21,75.63999938964844,75.93000030517578,74.7300033569336,75.12999725341797,59.555076599121094,7839300
2018-03-22,74.33000183105469,75.27999877929688,74.05999755859375,74.08000183105469,59.209808349609375,9099500
2018-03-23,74.0199966430664,74.27999877929688,72.75,72.9000015258789,58.266658782958984,10044000
2018-03-26,73.5,73.94999694824219,73.05000305175781,73.81999969482422,59.001983642578125,6054900
2018-03-27,73.94000244140625,74.98999786376953,73.19000244140625,74.0199966430664,59.161861419677734,10805600
2018-03-28,74.36000061035156,75.66999816894531,74.0199966430664,75.44999694824219,60.30480194091797,15032300
2018-03-29,75.5999984741211,75.83000183105469,75.19000244140625,75.47000122070312,60.320804595947266,9078800
2018-04-02,75.43000030517578,75.66999816894531,73.98999786376953,74.43000030517578,59.489524841308594,11055500
2018-04-03,74.63999938964844,75.20999908447266,74.1500015258789,74.91999816894531,59.881187438964844,11062800
2018-04-04,74.5999984741211,75.91000366210938,74.30999755859375,75.76000213623047,60.552574157714844,8767300
2018-04-05,75.7699966430664,75.97000122070312,75.20999908447266,75.83000183105469,60.60853958129883,12880100
2018-04-06,75.70999908447266,76.1500015258789,74.91999816894531,75.1500015258789,60.06502914428711,11896300
2018-04-09,75.0,75.63999938964844,74.88999938964844,75.0199966430664,59.96111297607422,8584000
2018-04-10,75.37000274658203,75.5,74.5199966430664,74.7300033569336,59.72932052612305,9125800
2018-04-11,74.52999877929688,75.51000213623047,74.52999877929688,74.9000015258789,59.865211486816406,4463000
2018-04-12,75.11000061035156,75.11000061035156,73.9800033569336,74.19000244140625,59.29771423339844,7667100
2018-04-13,73.95999908447266,74.58000183105469,73.95999908447266,74.44999694824219,59.505523681640625,4644700
2018-04-16,74.44999694824219,75.16000366210938,74.41000366210938,74.80999755859375,59.79327392578125,6894800
2018-04-17,75.0,76.19000244140625,74.83000183105469,75.77999877929688,60.56855010986328,8517400
2018-04-18,75.7699966430664,76.08000183105469,75.61000061035156,75.6500015258789,60.46466827392578,5600300
2018-04-19,75.29000091552734,75.37999725341797,74.08000183105469,74.56999969482422,59.6014404296875,8191800
2018-04-20,74.5,74.80999755859375,73.86000061035156,73.93000030517578,59.08991622924805,10076500
2018-04-23,74.01000213623047,74.2699966430664,73.62999725341797,73.9800033569336,59.12989044189453,5820000
2018-04-24,74.13999938964844,74.54000091552734,73.83000183105469,74.16000366210938,59.273746490478516,6190900
2018-04-25,73.91999816894531,74.23999786376953,73.2699966430664,74.0,59.14585876464844,7894600
2018-04-26,74.23999786376953,75.29000091552734,74.13999938964844,74.9000015258789,59.865211486816406,7028000
2018-04-27,74.77999877929688,76.11000061035156,74.68000030517578,75.87000274658203,60.64048767089844,8633000
2018-04-30,75.81999969482422,76.2699966430664,75.62000274658203,75.63999938964844,60.456661224365234,8889100
2018-05-01,75.69999694824219,76.2699966430664,75.41999816894531,76.16999816894531,60.88028335571289,7872300
2018-05-02,76.0,76.27999877929688,75.38999938964844,75.91000366210938,60.67247009277344,8745700
2018-05-03,75.76000213623047,76.23999786376953,75.5999984741211,75.94000244140625,60.69643783569336,4850100
2018-05-04,75.94999694824219,76.94999694824219,75.94000244140625,76.73999786376953,61.335845947265625,7379300
2018-05-07,76.87000274658203,77.29000091552734,76.73999786376953,77.16000366210938,61.671566009521484,10398100
2018-05-08,76.95999908447266,77.12000274658203,76.5199966430664,76.77999877929688,61.367828369140625,11142500
2018-05-09,76.6500015258789,77.2699966430664,76.51000213623047,77.25,61.74347686767578,8030200
2018-05-10,77.5999984741211,78.06999969482422,77.5,77.95999908447266,62.31095886230469,8522900
2018-05-11,77.97000122070312,78.26000213623047,77.54000091552734,77.63999938964844,62.055198669433594,7923200
2018-05-14,77.55999755859375,77.72000122070312,76.69000244140625,77.06999969482422,61.599609375,10030300
2018-05-15,76.5199966430664,76.70999908447266,75.69999694824219,75.93000030517578,60.688438415527344,11364200
2018-05-16,76.12000274658203,76.2699966430664,75.58000183105469,75.70999908447266,60.51261520385742,7299600
2018-05-17,75.58999633789062,75.87000274658203,75.16999816894531,75.31999969482422,60.20090866088867,9778200
2018-05-18,75.45999908447266,75.72000122070312,75.13999938964844,75.48999786376953,60.336761474609375,8443700
2018-05-21,75.61000061035156,76.41999816894531,75.22000122070312,76.30000305175781,60.984169006347656,7944100
2018-05-22,76.2699966430664,76.44000244140625,76.0,76.4000015258789,61.06410598754883,7426100
2018-05-23,76.55999755859375,77.2300033569336,76.33000183105469,77.05000305175781,61.58364486694336,6833200
2018-05-24,77.12000274658203,77.30000305175781,76.44000244140625,76.86000061035156,61.43177795410156,7142700
2018-05-25,76.80999755859375,77.37999725341797,76.73999786376953,77.12000274658203,61.639556884765625,5475900
2018-05-29,77.22000122070312,77.6500015258789,76.68000030517578,77.3499984741211,61.82341766357422,7454700
2018-05-30,77.20999908447266,78.62000274658203,77.13999938964844,78.33000183105469,62.60667419433594,10052900
2018-05-31,78.05999755859375,78.43000030517578,77.81999969482422,78.19000244140625,62.49477767944336,11575600
2018-06-01,78.18000030517578,78.62000274658203,77.83000183105469,78.45999908447266,62.71059799194336,9777800
2018-06-04,78.6500015258789,79.1500015258789,78.37999725341797,79.1500015258789,63.26209259033203,8022200
2018-06-05,79.29000091552734,79.44999694824219,78.7699966430664,79.05000305175781,63.18218231201172,12342700
2018-06-06,78.9000015258789,79.13999938964844,78.56999969482422,79.13999938964844,63.25412368774414,5980400
2018-06-07,79.1500015258789,79.31999969482422,78.68000030517578,79.19000244140625,63.294063568115234,7244200
2018-06-08,79.1500015258789,79.47000122070312,79.0199966430664,79.41999816894531,63.477882385253906,4491300
2018-06-11,79.33000183105469,79.54000091552734,79.25,79.44000244140625,63.49387741088867,10024600
2018-06-12,79.23999786376953,80.0199966430664,79.11000061035156,79.83999633789062,63.813594818115234,4860400
2018-06-13,79.87000274658203,79.98999786376953,78.13999938964844,78.2300033569336,62.526763916015625,10046100
2018-06-14,78.58999633789062,79.26000213623047,78.45999908447266,79.01000213623047,63.15019607543945,6749900
2018-06-15,79.0199966430664,79.48999786376953,78.80999755859375,79.08999633789062,63.214149475097656,12840300
2018-06-18,78.70999908447266,79.0199966430664,78.4800033569336,79.0199966430664,63.15815734863281,6088900
2018-06-19,78.83999633789062,79.31999969482422,78.76000213623047,79.01000213623047,63.15019607543945,6031100
2018-06-20,79.04000091552734,79.87000274658203,78.97000122070312,79.77999877929688,63.7656364440918,9409200
2018-06-21,79.80999755859375,80.23999786376953,79.62000274658203,80.19000244140625,64.09333038330078,8941900
2018-06-22,80.2300033569336,80.73999786376953,79.91999816894531,80.69999694824219,64.50096130371094,6692700
2018-06-25,80.94000244140625,80.94000244140625,80.01000213623047,80.41999816894531,64.27716064453125,6948000
2018-06-26,79.77999877929688,80.26000213623047,79.5199966430664,79.95999908447266,64.53137969970703,6122700
2018-06-27,80.23999786376953,80.3499984741211,79.52999877929688,79.52999877929688,64.18434143066406,6978500
2018-06-28,79.5999984741211,80.4800033569336,79.58000183105469,80.37999725341797,64.87032318115234,8832800
2018-06-29,80.19999694824219,80.9000015258789,79.76000213623047,80.58000183105469,65.03175354003906,8417700
2018-07-02,80.54000091552734,80.62000274658203,79.26000213623047,80.0999984741211,64.64437866210938,14329300
2018-07-03,80.29000091552734,81.26000213623047,80.02999877929688,80.69999694824219,65.12859344482422,7059800
2018-07-05,80.9000015258789,81.75,80.63999938964844,81.75,65.97599792480469,12157500
2018-07-06,81.93000030517578,82.16999816894531,81.75,82.08999633789062,66.2503890991211,8450500
2018-07-09,82.06999969482422,82.11000061035156,81.0199966430664,81.36000061035156,65.66123962402344,6359800
2018-07-10,81.43000030517578,81.73999786376953,81.05000305175781,81.61000061035156,65.8630142211914,6553900
2018-07-11,81.47000122070312,81.76000213623047,81.27999877929688,81.36000061035156,65.66123962402344,5535900
2018-07-12,81.16000366210938,81.72000122070312,81.16000366210938,81.5999984741211,65.85492706298828,4568200
2018-07-13,81.75,81.94999694824219,81.30000305175781,81.31999969482422,65.62895965576172,4581000
2018-07-16,81.2300033569336,81.30999755859375,80.5,80.94999694824219,65.33035278320312,5306200
2018-07-17,80.94999694824219,81.16000366210938,80.36000061035156,80.5199966430664,64.98331451416016,11247200
2018-07-18,80.29000091552734,80.61000061035156,79.75,80.13999938964844,64.67664337158203,6169300
2018-07-19,79.9800033569336,81.23999786376953,79.81999969482422,80.94999694824219,65.33035278320312,8434600
2018-07-20,80.69000244140625,80.83000183105469,79.97000122070312,80.2699966430664,64.78157806396484,9477800
2018-07-23,80.0999984741211,80.23999786376953,79.61000061035156,80.06999969482422,64.62015533447266,4977000
2018-07-24,80.19000244140625,80.37000274658203,79.47000122070312,79.68000030517578,64.30541229248047,6786400
2018-07-25,79.72000122070312,80.4800033569336,79.72000122070312,80.33000183105469,64.83000946044922,6448600
2018-07-26,80.61000061035156,80.98999786376953,80.2300033569336,80.55000305175781,65.0075454711914,5477800
2018-07-27,80.72000122070312,80.77999877929688,79.69000244140625,79.7699966430664,64.37803649902344,7163000
2018-07-30,79.8499984741211,80.01000213623047,79.25,79.87999725341797,64.46680450439453,10811000
2018-07-31,80.37000274658203,81.5,80.23999786376953,81.25,65.57247924804688,16050000
2018-08-01,80.54000091552734,81.66999816894531,80.1500015258789,81.5199966430664,65.79035949707031,18394300
2018-08-02,81.45999908447266,81.7699966430664,81.19999694824219,81.25,65.57247924804688,7756000
2018-08-03,81.51000213623047,82.26000213623047,81.31999969482422,82.20999908447266,66.34722900390625,8897000
2018-08-06,82.06999969482422,82.47000122070312,81.88999938964844,82.16000366210938,66.3069076538086,6988700
2018-08-07,82.0999984741211,82.18000030517578,81.52999877929688,81.87000274658203,66.07284545898438,5188300
2018-08-08,81.8499984741211,81.87000274658203,81.27999877929688,81.37999725341797,65.67738342285156,4143400
2018-08-09,81.37999725341797,81.72000122070312,81.31999969482422,81.4800033569336,65.75808715820312,4609000
2018-08-10,81.30000305175781,81.58999633789062,80.75,80.75,65.1689453125,6231700
2018-08-13,80.81999969482422,81.01000213623047,80.55999755859375,80.70999908447266,65.13665008544922,5135100
2018-08-14,80.80999755859375,81.30999755859375,80.76000213623047,81.1500015258789,65.49175262451172,4485400
2018-08-15,81.1500015258789,81.86000061035156,80.98999786376953,81.76000213623047,65.98407745361328,8520300
2018-08-16,81.87000274658203,82.41999816894531,81.75,82.41999816894531,66.51670837402344,6528800
2018-08-17,82.31999969482422,83.16999816894531,82.31999969482422,83.16000366210938,67.11393737792969,6872200
2018-08-20,83.2699966430664,83.62000274658203,83.08999633789062,83.29000091552734,67.21884155273438,6258900
2018-08-21,83.30000305175781,83.3499984741211,82.5199966430664,82.7300033569336,66.76689147949219,4894100
2018-08-22,82.58999633789062,82.73999786376953,81.94000244140625,82.2699966430664,66.3956527709961,6582800
2018-08-23,82.16000366210938,82.38999938964844,82.01000213623047,82.08999633789062,66.2503890991211,3381300
2018-08-24,81.91000366210938,82.51000213623047,81.87999725341797,82.51000213623047,66.58936309814453,4421800
2018-08-27,82.54000091552734,82.63999938964844,81.97000122070312,82.36000061035156,66.46827697753906,5850000
2018-08-28,82.33999633789062,83.26000213623047,82.18000030517578,83.23999786376953,67.17849731445312,8055400
2018-08-29,83.30999755859375,83.48999786376953,83.13999938964844,83.16000366210938,67.11393737792969,7278500
2018-08-30,83.26000213623047,83.43000030517578,82.72000122070312,82.87000274658203,66.87989044189453,3659900
2018-08-31,82.9000015258789,83.30999755859375,82.80999755859375,83.18000030517578,67.13005828857422,5541800
2018-09-04,82.75,83.16000366210938,82.12999725341797,82.30000305175781,66.41988372802734,9942300
2018-09-05,81.9000015258789,82.98999786376953,81.80000305175781,82.68000030517578,66.7265625,8536700
2018-09-06,82.94999694824219,83.16000366210938,82.80000305175781,83.0,66.98480224609375,7589000
2018-09-07,82.5199966430664,82.61000061035156,81.94000244140625,81.98999786376953,66.169677734375,8786400
2018-09-10,82.3499984741211,82.86000061035156,82.30000305175781,82.51000213623047,66.58936309814453,8121800
2018-09-11,82.20999908447266,82.66999816894531,82.06999969482422,82.33999633789062,66.45213317871094,8158500
2018-09-12,82.5199966430664,82.58000183105469,82.12000274658203,82.41000366210938,66.5086441040039,7789300
2018-09-13,82.70999908447266,83.05000305175781,82.47000122070312,82.9000015258789,66.90410614013672,6732900
2018-09-14,82.62000274658203,82.68000030517578,81.7300033569336,82.2300033569336,66.3633804321289,7777000
2018-09-17,82.05999755859375,82.66999816894531,81.98999786376953,82.5199966430664,66.59742736816406,6007700
2018-09-18,82.37000274658203,82.58999633789062,81.98999786376953,82.2300033569336,66.3633804321289,8338100
2018-09-19,82.12999725341797,82.19999694824219,81.0999984741211,81.13999938964844,65.48370361328125,8423500
2018-09-20,81.13999938964844,81.97000122070312,80.94000244140625,81.94999694824219,66.13740539550781,8962100
2018-09-21,81.7699966430664,82.30999755859375,81.68000030517578,81.91000366210938,66.10511016845703,8127600
2018-09-24,81.68000030517578,81.69999694824219,80.16000366210938,80.47000122070312,64.9429702758789,8941400
2018-09-25,80.43000030517578,80.87999725341797,80.23999786376953,80.33999633789062,64.83806610107422,8988400
2018-09-26,79.76000213623047,79.76000213623047,78.69999694824219,78.83000183105469,64.24473571777344,11455100
2018-09-27,78.95999908447266,79.44999694824219,78.8499984741211,79.04000091552734,64.41588592529297,7391600
2018-09-28,79.12999725341797,80.12999725341797,79.12999725341797,80.0199966430664,65.21456146240234,9308700
2018-10-01,80.02999877929688,80.25,79.36000061035156,79.36000061035156,64.67670440673828,12583000
2018-10-02,79.54000091552734,79.81999969482422,79.25,79.25,64.58705139160156,7365300
2018-10-03,79.22000122070312,79.62999725341797,78.11000061035156,78.69999694824219,64.13878631591797,13807100
2018-10-04,78.3499984741211,78.37999725341797,77.45999908447266,77.91000366210938,63.494964599609375,12966500
2018-10-05,77.88999938964844,78.37000274658203,77.80000305175781,77.80999755859375,63.4134635925293,11725300
2018-10-08,78.04000091552734,79.19999694824219,77.94999694824219,78.83999633789062,64.25291442871094,8456400
2018-10-09,78.86000061035156,79.33000183105469,78.55000305175781,79.01000213623047,64.39144134521484,7122500
2018-10-10,78.9000015258789,79.23999786376953,77.81999969482422,77.81999969482422,63.421627044677734,11699500
2018-10-11,78.02999877929688,78.02999877929688,75.5999984741211,75.69999694824219,61.69386672973633,19049500
2018-10-12,76.62999725341797,76.69999694824219,75.1500015258789,75.55000305175781,61.57164764404297,12504500
2018-10-15,75.47000122070312,76.73999786376953,75.47000122070312,75.95999908447266,61.90575408935547,9889100
2018-10-16,76.2300033569336,77.73999786376953,75.86000061035156,77.61000061035156,63.25047302246094,8111000
2018-10-17,77.47000122070312,77.69999694824219,76.79000091552734,77.2300033569336,62.9407958984375,8601900
2018-10-18,77.26000213623047,77.88999938964844,76.94999694824219,77.13999938964844,62.867454528808594,7128900
2018-10-19,77.12000274658203,78.08000183105469,77.12000274658203,77.7300033569336,63.348270416259766,6943800
2018-10-22,77.94000244140625,78.27999877929688,76.70999908447266,76.70999908447266,62.5169792175293,8100600
2018-10-23,76.4800033569336,77.56999969482422,76.19000244140625,77.19999694824219,62.916343688964844,10027200
2018-10-24,77.2699966430664,78.4800033569336,77.1500015258789,77.76000213623047,63.37273025512695,14149900
2018-10-25,77.88999938964844,79.19999694824219,77.58000183105469,78.72000122070312,64.15511322021484,9473500
2018-10-26,78.38999938964844,78.47000122070312,76.38999938964844,76.87000274658203,62.64739990234375,12416500
2018-10-29,77.44000244140625,78.37000274658203,77.31999969482422,77.76000213623047,63.37273025512695,9833500
2018-10-30,78.0999984741211,79.45999908447266,77.76000213623047,78.93000030517578,64.32624053955078,12266600
2018-10-31,78.76000213623047,79.05999755859375,77.86000061035156,78.11000061035156,63.65797805786133,11253000
2018-11-01,78.18000030517578,78.5199966430664,77.73999786376953,78.4000015258789,63.894290924072266,13821500
2018-11-02,78.51000213623047,78.51000213623047,76.87999725341797,77.7300033569336,63.348270416259766,9900600
2018-11-05,77.91999816894531,79.11000061035156,77.7300033569336,78.87000274658203,64.27734375,14536600
2018-11-06,78.80000305175781,79.26000213623047,78.73999786376953,79.20999908447266,64.55443572998047,5133400
2018-11-07,79.69999694824219,80.20999908447266,79.13999938964844,80.20999908447266,65.36943817138672,7704800
2018-11-08,80.0,80.2699966430664,79.5999984741211,80.23999786376953,65.39386749267578,5218800
2018-11-09,80.05000305175781,80.4800033569336,79.83000183105469,80.3499984741211,65.48351287841797,6148400
2018-11-12,80.3499984741211,81.05000305175781,80.18000030517578,80.26000213623047,65.41016387939453,5749800
2018-11-13,80.41000366210938,80.7300033569336,79.86000061035156,80.33000183105469,65.46723937988281,5401800
2018-11-14,80.66999816894531,80.81999969482422,79.79000091552734,80.19000244140625,65.3531265258789,6817300
2018-11-15,79.88999938964844,80.01000213623047,78.83000183105469,79.69000244140625,64.94562530517578,9149300
2018-11-16,79.54000091552734,80.6500015258789,79.4000015258789,80.6500015258789,65.72802734375,11869700
2018-11-19,80.62999725341797,81.16999816894531,80.08999633789062,80.6500015258789,65.72802734375,5518700
2018-11-20,80.48999786376953,80.80999755859375,79.79000091552734,79.79000091552734,65.0271224975586,12269600
2018-11-21,79.77999877929688,80.47000122070312,79.47000122070312,79.9000015258789,65.11679077148438,6545800
2018-11-23,79.77999877929688,80.0199966430664,79.20999908447266,79.62999725341797,64.89672088623047,2618000
2018-11-26,80.0,80.18000030517578,79.47000122070312,79.91000366210938,65.12494659423828,4867500
2018-11-27,79.68000030517578,80.16999816894531,79.47000122070312,80.16000366210938,65.32868957519531,7151500
2018-11-28,80.11000061035156,80.95999908447266,79.87000274658203,80.87000274658203,65.90731811523438,9827700
2018-11-29,80.83000183105469,81.30999755859375,80.37999725341797,80.9800033569336,65.99694061279297,6261900
2018-11-30,81.01000213623047,81.77999877929688,80.83000183105469,81.77999877929688,66.64893341064453,8392100
2018-12-03,82.22000122070312,82.22000122070312,81.37000274658203,82.16000366210938,66.95862579345703,11246200
2018-12-04,82.16000366210938,82.30999755859375,80.69000244140625,80.88999938964844,65.92361450195312,11586400
2018-12-06,80.51000213623047,82.98999786376953,79.7699966430664,82.91999816894531,67.57801055908203,18088000
2018-12-07,82.5999984741211,82.8499984741211,81.52999877929688,81.75,66.62447357177734,14480700
2018-12-10,81.80000305175781,81.87999725341797,80.30999755859375,81.29000091552734,66.2496109008789,11460600
2018-12-11,81.55999755859375,82.08999633789062,81.33999633789062,81.3499984741211,66.2984848022461,6209100
2018-12-12,81.83999633789062,81.91999816894531,80.0,80.01000213623047,65.20643615722656,7830400
2018-12-13,80.06999969482422,81.13999938964844,80.05999755859375,80.48999786376953,65.59761047363281,6059700
2018-12-14,80.23999786376953,80.69000244140625,79.93000030517578,80.33000183105469,65.46723937988281,7787900
2018-12-17,79.97000122070312,80.19999694824219,76.7300033569336,76.91000366210938,63.05046463012695,13336700
2018-12-18,77.47000122070312,78.13999938964844,77.2699966430664,77.5999984741211,63.616119384765625,9069300
2018-12-19,77.62000274658203,78.37000274658203,76.55000305175781,76.75,62.919307708740234,15919200
2018-12-20,76.72000122070312,76.91999816894531,75.0999984741211,75.62999725341797,62.00113296508789,13771500
2018-12-21,75.86000061035156,77.2300033569336,74.56999969482422,74.69000244140625,61.23051834106445,12539500
2018-12-24,74.4000015258789,74.66999816894531,71.97000122070312,72.0,59.025264739990234,9458300
2018-12-26,72.19999694824219,74.43000030517578,71.41000366210938,74.36000061035156,60.96000671386719,12387500
2018-12-27,73.80999755859375,74.56999969482422,72.4000015258789,74.4800033569336,61.058372497558594,11498600
2018-12-28,75.16999816894531,75.51000213623047,74.18000030517578,74.70999908447266,61.24690246582031,13789700
2018-12-31,74.8499984741211,75.06999969482422,73.66999816894531,74.94000244140625,61.435462951660156,10767400
2019-01-02,74.08000183105469,74.18000030517578,72.93000030517578,73.31999969482422,60.1074104309082,14797200
2019-01-03,73.31999969482422,74.9000015258789,73.18000030517578,73.79000091552734,60.492706298828125,10602800
2019-01-04,74.2699966430664,75.29000091552734,73.9000015258789,74.58000183105469,61.140350341796875,10159500
2019-01-07,74.9000015258789,75.88999938964844,74.5999984741211,75.33000183105469,61.75520324707031,16536000
2019-01-08,75.77999877929688,76.91000366210938,75.52999877929688,76.69999694824219,62.87831115722656,13641700
2019-01-09,76.80999755859375,76.9800033569336,75.91000366210938,76.5999984741211,62.796329498291016,7852400
2019-01-10,76.41000366210938,77.83000183105469,76.25,77.66000366210938,63.66531753540039,6851300
2019-01-11,77.5999984741211,77.97000122070312,77.20999908447266,77.93000030517578,63.88663864135742,11308300
2019-01-14,77.7300033569336,78.12999725341797,77.3499984741211,77.68000030517578,63.68170166015625,4450900
2019-01-15,77.7699966430664,78.58999633789062,77.73999786376953,78.44999694824219,64.31294250488281,9190300
2019-01-16,78.37999725341797,79.19999694824219,78.2699966430664,78.94000244140625,64.71464538574219,5954900
2019-01-17,78.86000061035156,79.36000061035156,78.77999877929688,79.36000061035156,65.05896759033203,4806400
2019-01-18,79.5999984741211,79.66000366210938,79.02999877929688,79.66000366210938,65.3049087524414,6722600
2019-01-22,79.51000213623047,79.69999694824219,78.7699966430664,79.43000030517578,65.11637115478516,8530800
2019-01-23,79.44999694824219,79.61000061035156,78.91000366210938,79.43000030517578,65.11637115478516,5900400
2019-01-24,79.33000183105469,79.86000061035156,78.91999816894531,79.70999908447266,65.34587860107422,5541900
2019-01-25,79.95999908447266,80.69000244140625,79.66999816894531,80.63999938964844,66.10829162597656,5070400
2019-01-28,80.45999908447266,81.47000122070312,80.25,81.37000274658203,66.70675659179688,9187600
2019-01-29,81.3499984741211,82.05000305175781,81.16000366210938,82.0199966430664,67.23961639404297,6891100
2019-01-30,82.11000061035156,82.95999908447266,81.9000015258789,82.66999816894531,67.77246856689453,13720500
2019-01-31,82.62999725341797,83.55999755859375,81.93000030517578,83.54000091552734,68.48570251464844,11413400
2019-02-01,83.5,83.80000305175781,81.86000061035156,82.97000122070312,68.01840209960938,22702800
2019-02-04,83.4000015258789,83.56999969482422,82.30000305175781,83.52999877929688,68.47753143310547,10299400
2019-02-05,83.62000274658203,84.06999969482422,83.12999725341797,84.04000091552734,68.89561462402344,13279100
2019-02-06,83.87999725341797,83.9000015258789,83.22000122070312,83.45999908447266,68.42012023925781,9819000
2019-02-07,83.22000122070312,84.22000122070312,82.9800033569336,84.0999984741211,68.94478607177734,11887100
2019-02-08,83.87999725341797,84.41999816894531,83.6500015258789,84.12000274658203,68.96119689941406,5007400
2019-02-11,84.08999633789062,84.4800033569336,83.97000122070312,84.36000061035156,69.15792846679688,9950400
2019-02-12,84.27999877929688,84.44999694824219,83.56999969482422,83.87000274658203,68.75624084472656,7465100
2019-02-13,83.47000122070312,84.33000183105469,83.44999694824219,84.26000213623047,69.0759506225586,5129300
2019-02-14,84.41999816894531,84.80000305175781,84.0199966430664,84.52999877929688,69.29729461669922,6725200
2019-02-15,84.61000061035156,85.05999755859375,84.5199966430664,85.05000305175781,69.72361755371094,8649100
2019-02-19,84.81999969482422,85.19000244140625,84.70999908447266,85.06999969482422,69.74000549316406,8170800
2019-02-20,84.86000061035156,84.91000366210938,83.87000274658203,84.47000122070312,69.24812316894531,10041500
2019-02-21,84.05000305175781,84.61000061035156,83.72000122070312,84.54000091552734,69.30550384521484,7637000
2019-02-22,84.63999938964844,85.33000183105469,84.44000244140625,84.98999786376953,69.67440795898438,4662100
2019-02-25,85.02999877929688,85.26000213623047,84.30000305175781,84.37000274658203,69.16614532470703,5676600
2019-02-26,84.47000122070312,84.77999877929688,84.0,84.13999938964844,68.97758483886719,8905300
2019-02-27,83.87000274658203,84.22000122070312,83.27999877929688,83.9000015258789,68.78083801269531,11890400
2019-02-28,83.81999969482422,85.05999755859375,83.5999984741211,84.1500015258789,68.98577117919922,13598100
2019-03-01,83.88999938964844,84.25,83.04000091552734,83.97000122070312,68.83821105957031,16198300
2019-03-04,84.12999725341797,84.38999938964844,83.37000274658203,84.31999969482422,69.12515258789062,7710500
2019-03-05,84.08000183105469,84.80999755859375,84.0,84.58000183105469,69.33828735351562,5404600
2019-03-06,84.66000366210938,84.75,84.05000305175781,84.16999816894531,69.002197265625,8273600
2019-03-07,84.16999816894531,84.73999786376953,83.76000213623047,84.0199966430664,68.87920379638672,13091800
2019-03-08,83.73999786376953,84.38999938964844,83.7300033569336,84.0999984741211,68.94478607177734,7727500
2019-03-11,84.31999969482422,85.37000274658203,84.02999877929688,85.33999633789062,69.9613265991211,6392500
2019-03-12,85.51000213623047,85.91000366210938,85.33999633789062,85.69000244140625,70.24825286865234,12312200
2019-03-13,85.63999938964844,86.31999969482422,85.63999938964844,86.08000183105469,70.5679931640625,4702600
2019-03-14,86.16000366210938,86.25,85.83000183105469,86.20999908447266,70.67455291748047,5380900
2019-03-15,86.30000305175781,86.4000015258789,85.80000305175781,86.01000213623047,70.5105972290039,13103500
2019-03-18,86.05999755859375,86.20999908447266,85.1500015258789,85.52999877929688,70.11709594726562,9872900
2019-03-19,85.58999633789062,85.70999908447266,85.04000091552734,85.27999877929688,69.9121322631836,9104800
2019-03-20,84.66999816894531,85.41999816894531,84.08000183105469,84.95999908447266,70.14581298828125,13586000
2019-03-21,84.80000305175781,86.44999694824219,84.80000305175781,86.4000015258789,71.334716796875,9319100
2019-03-22,86.4800033569336,86.98999786376953,85.76000213623047,85.87999725341797,70.90538024902344,10080500
2019-03-25,85.98999786376953,86.19000244140625,85.38999938964844,85.9000015258789,70.9218978881836,7164300
2019-03-26,86.08999633789062,86.56999969482422,85.91999816894531,86.54000091552734,71.4503173828125,5168900
2019-03-27,86.62000274658203,86.77999877929688,85.75,86.36000061035156,71.30171203613281,6074400
2019-03-28,86.45999908447266,87.11000061035156,86.2300033569336,87.11000061035156,71.92093658447266,8252600
2019-03-29,87.05999755859375,87.25,86.70999908447266,87.04000091552734,71.86312103271484,15615100
2019-04-01,87.04000091552734,87.1500015258789,86.08000183105469,87.01000213623047,71.83836364746094,15425400
2019-04-02,87.25,87.69000244140625,86.38999938964844,87.56999969482422,72.30068969726562,10591700
2019-04-03,87.48999786376953,87.83999633789062,86.91999816894531,87.4800033569336,72.22640991210938,6683300
2019-04-04,87.55999755859375,87.66999816894531,86.94999694824219,87.3499984741211,72.11907958984375,4385200
2019-04-05,87.44999694824219,88.0,87.2300033569336,87.94999694824219,72.61445617675781,7558200
2019-04-08,87.83000183105469,87.94000244140625,87.23999786376953,87.43000030517578,72.18513488769531,7045700
2019-04-09,87.45999908447266,87.66000366210938,86.88999938964844,87.01000213623047,71.83836364746094,6263700
2019-04-10,87.29000091552734,87.83999633789062,87.1500015258789,87.80000305175781,72.49059295654297,7705300
2019-04-11,87.7300033569336,88.16999816894531,87.37000274658203,87.70999908447266,72.41629791259766,8367300
2019-04-12,87.6500015258789,88.19000244140625,87.06999969482422,88.16999816894531,72.79608154296875,4510000
2019-04-15,88.20999908447266,88.2300033569336,87.5,87.72000122070312,72.42454528808594,5711500
2019-04-16,87.69000244140625,87.79000091552734,85.48999786376953,85.83999633789062,70.87235260009766,13216800
2019-04-17,86.11000061035156,86.22000122070312,84.80000305175781,85.05999755859375,70.22837829589844,11148300
2019-04-18,85.33999633789062,85.86000061035156,84.80000305175781,85.63999938964844,70.70724487304688,5205400
2019-04-22,85.44000244140625,85.68000030517578,84.05999755859375,84.80000305175781,70.01371765136719,9020000
2019-04-23,85.0,86.0199966430664,84.79000091552734,85.80999755859375,70.84759521484375,6966200
2019-04-24,86.05000305175781,86.75,85.91000366210938,86.37000274658203,71.30995178222656,6065000
2019-04-25,86.2300033569336,86.51000213623047,85.6500015258789,86.19999694824219,71.1695785522461,5007400
2019-04-26,86.5,87.0,86.26000213623047,86.8499984741211,71.70625305175781,5091200
2019-04-29,86.75,87.08999633789062,85.95999908447266,86.0199966430664,71.02096557617188,5900700
2019-04-30,86.0199966430664,87.06999969482422,85.62000274658203,87.0,71.83010864257812,6396900
2019-05-01,87.0199966430664,87.91000366210938,86.81999969482422,86.94000244140625,71.78056335449219,12961700
2019-05-02,86.7699966430664,87.81999969482422,86.7699966430664,86.97000122070312,71.80532836914062,7581900
2019-05-03,87.22000122070312,87.75,86.98999786376953,87.66000366210938,72.375,5162400
2019-05-06,87.19000244140625,87.62999725341797,86.83000183105469,87.37000274658203,72.1355972290039,5222600
2019-05-07,87.11000061035156,87.20999908447266,85.27999877929688,85.77999877929688,70.82281494140625,8734000
2019-05-08,85.94000244140625,86.58000183105469,85.72000122070312,85.7699966430664,70.8145523071289,5906600
2019-05-09,85.62000274658203,86.13999938964844,85.01000213623047,85.97000122070312,70.97969055175781,6865500
2019-05-10,85.86000061035156,87.13999938964844,85.76000213623047,86.87999725341797,71.73103332519531,5017300
2019-05-13,86.20999908447266,86.95999908447266,86.12999725341797,86.77999877929688,71.64846801757812,5577300
2019-05-14,87.0,87.44000244140625,86.83000183105469,87.13999938964844,71.94568634033203,3594300
2019-05-15,87.08999633789062,87.95999908447266,86.80999755859375,87.70999908447266,72.41629791259766,5232000
2019-05-16,87.62000274658203,88.5199966430664,87.52999877929688,88.2300033569336,72.84561920166016,5949300
2019-05-17,87.83000183105469,88.16999816894531,87.54000091552734,87.9800033569336,72.63922119140625,4416200
2019-05-20,87.55999755859375,87.81999969482422,86.33000183105469,86.68000030517578,71.56591033935547,6706300
2019-05-21,86.86000061035156,87.61000061035156,86.86000061035156,87.41000366210938,72.16862487792969,4618400
2019-05-22,87.38999938964844,87.7300033569336,87.26000213623047,87.72000122070312,72.42454528808594,3795200
2019-05-23,87.30999755859375,87.93000030517578,87.18000030517578,87.83999633789062,72.52363586425781,5606800
2019-05-24,88.25,88.55999755859375,88.0199966430664,88.12999725341797,72.7630615234375,3582700
2019-05-28,88.41999816894531,88.61000061035156,87.16000366210938,87.19999694824219,71.99523162841797,6724400
2019-05-29,87.05999755859375,87.69999694824219,85.79000091552734,86.16000366210938,71.13658142089844,8017000
2019-05-30,86.19999694824219,86.83000183105469,86.0999984741211,86.51000213623047,71.42554473876953,6830800
2019-05-31,86.16000366210938,87.37999725341797,85.93000030517578,86.87000274658203,71.7227783203125,7013900
2019-06-03,87.1500015258789,87.38999938964844,86.56999969482422,87.20999908447266,72.00347900390625,7063700
2019-06-04,87.19999694824219,87.25,86.08000183105469,86.93000030517578,71.77230834960938,7322300
2019-06-05,87.37999725341797,88.75,87.12999725341797,88.75,73.27494812011719,11722500
2019-06-06,88.8499984741211,89.0,88.19000244140625,88.87999725341797,73.38227081298828,6501900
2019-06-07,89.37999725341797,89.63999938964844,89.01000213623047,89.1500015258789,73.60521697998047,4795700
2019-06-10,89.12000274658203,89.41000366210938,88.51000213623047,88.87999725341797,73.38227081298828,4710400
2019-06-11,89.05000305175781,89.31999969482422,88.41999816894531,89.02999877929688,73.50613403320312,4045800
2019-06-12,89.06999969482422,89.62999725341797,89.0,89.31999969482422,73.7455825805664,5117200
2019-06-13,89.5,89.6500015258789,89.16000366210938,89.6500015258789,74.01802825927734,4883900
2019-06-14,89.63999938964844,90.18000030517578,89.4800033569336,89.80000305175781,74.14186096191406,4808300
2019-06-17,89.30999755859375,90.11000061035156,89.19000244140625,90.06999969482422,74.9364013671875,8171300
2019-06-18,90.43000030517578,90.87000274658203,89.4800033569336,89.91000366210938,74.80328369140625,8297400
2019-06-19,89.7699966430664,90.6500015258789,89.33999633789062,90.47000122070312,75.26921844482422,5955500
2019-06-20,90.88999938964844,91.11000061035156,90.6500015258789,90.87000274658203,75.60201263427734,6541800
2019-06-21,90.4800033569336,90.55000305175781,89.37999725341797,89.72000122070312,74.64520263671875,11471300
2019-06-24,90.16000366210938,90.16999816894531,89.0999984741211,89.16000366210938,74.17929077148438,7237200
2019-06-25,89.33000183105469,89.56999969482422,88.01000213623047,88.0199966430664,73.23084259033203,7967000
2019-06-26,88.0199966430664,88.18000030517578,86.18000030517578,86.36000061035156,71.84976196289062,11381000
2019-06-27,86.87000274658203,87.47000122070312,86.80999755859375,87.36000061035156,72.68175506591797,7115400
2019-06-28,87.5,88.22000122070312,87.30999755859375,87.30999755859375,72.6401596069336,10525800
2019-07-01,88.25,88.25,86.68000030517578,87.61000061035156,72.88975524902344,11876800
2019-07-02,87.91000366210938,89.05999755859375,87.76000213623047,88.9800033569336,74.02955627441406,9713700
2019-07-03,89.19999694824219,90.23999786376953,89.19000244140625,90.16000366210938,75.01130676269531,6897400
2019-07-05,89.30000305175781,90.12999725341797,88.51000213623047,89.75,74.67019653320312,7822200
2019-07-08,89.73999786376953,90.33999633789062,89.63999938964844,90.04000091552734,74.91146087646484,5098200
2019-07-09,90.02999877929688,90.63999938964844,89.80000305175781,90.4800033569336,75.27751922607422,4096600
2019-07-10,90.91999816894531,91.22000122070312,90.44000244140625,90.95999908447266,75.67687225341797,6911700
2019-07-11,90.8499984741211,90.9800033569336,89.58999633789062,89.94000244140625,74.8282470703125,7720500
2019-07-12,90.0199966430664,90.12999725341797,89.45999908447266,89.77999877929688,74.69512939453125,3445300
2019-07-15,89.95999908447266,90.3499984741211,89.63999938964844,89.77999877929688,74.69512939453125,4142800
2019-07-16,89.51000213623047,89.9000015258789,89.25,89.56999969482422,74.52042388916016,5347800
2019-07-17,89.75,90.0199966430664,88.75,89.20999908447266,74.22089385986328,5343700
2019-07-18,89.05999755859375,89.5,88.56999969482422,89.2300033569336,74.2375717163086,4721400
2019-07-19,89.38999938964844,89.51000213623047,87.76000213623047,87.91999816894531,73.14765930175781,7972100
2019-07-22,88.08000183105469,88.13999938964844,87.48999786376953,87.76000213623047,73.01454162597656,5280000
2019-07-23,88.02999877929688,88.75,87.7699966430664,88.6500015258789,73.75498962402344,5390400
2019-07-24,88.87999725341797,89.05000305175781,88.47000122070312,88.9000015258789,73.96299743652344,3278500
2019-07-25,88.7699966430664,88.93000030517578,88.06999969482422,88.48999786376953,73.62188720703125,5028700
2019-07-26,88.5199966430664,88.95999908447266,88.16000366210938,88.79000091552734,73.87147521972656,3679000
2019-07-29,88.98999786376953,89.63999938964844,88.88999938964844,89.05000305175781,74.0877914428711,5715300
2019-07-30,88.95999908447266,90.0199966430664,88.88999938964844,89.69000244140625,74.62025451660156,6447700
2019-07-31,89.77999877929688,90.38999938964844,88.83000183105469,89.38999938964844,74.37065887451172,8864800
2019-08-01,89.5999984741211,90.13999938964844,88.80000305175781,89.30000305175781,74.29581451416016,12385000
2019-08-02,89.37999725341797,90.2300033569336,89.12999725341797,89.69999694824219,74.62859344482422,6350300
2019-08-05,89.43000030517578,89.44999694824219,86.93000030517578,88.08999633789062,73.28910064697266,7142800
2019-08-06,88.16000366210938,89.45999908447266,88.02999877929688,89.0199966430664,74.06283569335938,7494200
2019-08-07,89.47000122070312,90.47000122070312,87.8499984741211,89.94999694824219,74.8365707397461,9553400
2019-08-08,90.43000030517578,91.4800033569336,89.43000030517578,91.45999908447266,76.09285736083984,5487800
2019-08-09,91.18000030517578,91.69999694824219,90.51000213623047,91.44999694824219,76.08452606201172,7709500
2019-08-12,91.33000183105469,91.5,90.63999938964844,91.0999984741211,75.79334259033203,6719600
2019-08-13,91.22000122070312,91.54000091552734,90.5,91.19999694824219,75.87653350830078,6177700
2019-08-14,90.87000274658203,90.94999694824219,89.54000091552734,89.72000122070312,74.64520263671875,6409100
2019-08-15,89.97000122070312,90.83000183105469,89.80999755859375,90.70999908447266,75.46886444091797,6122800
2019-08-16,90.91999816894531,91.72000122070312,90.75,91.5,76.12612915039062,6465000
2019-08-19,91.86000061035156,92.41000366210938,91.5199966430664,92.19000244140625,76.70021057128906,5782500
2019-08-20,92.41999816894531,92.66000366210938,91.47000122070312,91.5,76.12612915039062,5588100
2019-08-21,91.83000183105469,92.08999633789062,91.44999694824219,91.83999633789062,76.40901184082031,2803900
2019-08-22,91.86000061035156,92.4000015258789,91.37000274658203,92.3499984741211,76.83332061767578,4349200
2019-08-23,92.2300033569336,92.87999725341797,90.75,91.08000183105469,75.7767105102539,7401200
2019-08-26,91.55000305175781,91.83999633789062,91.12999725341797,91.75,76.3341293334961,4485100
2019-08-27,92.22000122070312,92.5199966430664,91.36000061035156,91.4000015258789,76.04293060302734,3808700
2019-08-28,91.33000183105469,91.7699966430664,91.1500015258789,91.61000061035156,76.21766662597656,4426800
2019-08-29,92.0199966430664,92.41000366210938,91.80999755859375,92.33999633789062,76.82500457763672,3587800
2019-08-30,92.52999877929688,92.68000030517578,91.98999786376953,92.45999908447266,76.92481994628906,5529200
2019-09-03,92.2300033569336,93.36000061035156,92.11000061035156,93.36000061035156,77.67363739013672,8582000
2019-09-04,93.5999984741211,94.19999694824219,93.58000183105469,94.08999633789062,78.28097534179688,7135800
2019-09-05,94.0,94.08000183105469,93.16999816894531,93.5,77.79011535644531,10590800
2019-09-06,93.63999938964844,93.94999694824219,93.37999725341797,93.68000030517578,77.93986511230469,5278400
2019-09-09,93.58000183105469,93.83999633789062,92.87000274658203,93.06999969482422,77.4323501586914,8232600
2019-09-10,92.79000091552734,92.81999969482422,91.3499984741211,92.08000183105469,76.60869598388672,10505900
2019-09-11,92.38999938964844,92.38999938964844,91.47000122070312,92.16999816894531,76.6835708618164,8804600
2019-09-12,92.70999908447266,93.18000030517578,92.0999984741211,92.62000274658203,77.05795288085938,8427900
2019-09-13,92.12000274658203,92.94999694824219,91.37000274658203,91.54000091552734,76.15941619873047,12695100
2019-09-16,91.6500015258789,92.56999969482422,91.5,92.4800033569336,76.94149780273438,6522800
2019-09-17,92.83999633789062,93.5199966430664,92.69000244140625,93.48999786376953,77.78179168701172,10399700
2019-09-18,93.70999908447266,93.97000122070312,92.44000244140625,93.16000366210938,77.50724792480469,8471300
2019-09-19,93.44999694824219,93.93000030517578,93.27999877929688,93.61000061035156,77.88162994384766,5704800
2019-09-20,93.73999786376953,94.01000213623047,93.30000305175781,93.56999969482422,77.84834289550781,8492400
2019-09-23,93.6500015258789,94.11000061035156,93.41000366210938,93.70999908447266,77.96481323242188,5251300
2019-09-24,93.3499984741211,93.52999877929688,92.55999755859375,92.93000030517578,77.86762237548828,7179600
2019-09-25,92.86000061035156,93.2699966430664,92.61000061035156,93.0,77.92627716064453,8321200
2019-09-26,93.38999938964844,93.98999786376953,93.19000244140625,93.76000213623047,78.56309509277344,5250000
2019-09-27,93.97000122070312,94.04000091552734,92.58999633789062,93.19000244140625,78.08550262451172,9394900
2019-09-30,93.27999877929688,93.83000183105469,93.18000030517578,93.54000091552734,78.37875366210938,6093800
2019-10-01,93.26000213623047,93.66999816894531,92.47000122070312,92.55000305175781,77.54920959472656,17022800
2019-10-02,92.58999633789062,92.66999816894531,91.58000183105469,92.19000244140625,77.24756622314453,6776900
2019-10-03,92.0999984741211,93.2699966430664,91.94999694824219,93.08999633789062,78.0016860961914,10349200
2019-10-04,93.2699966430664,93.63999938964844,93.12999725341797,93.58999633789062,78.42066192626953,9072100
2019-10-07,93.13999938964844,93.86000061035156,93.04000091552734,93.33000183105469,78.20279693603516,7241000
2019-10-08,93.27999877929688,93.62999725341797,92.48999786376953,92.8499984741211,77.80058288574219,5088300
2019-10-09,93.2699966430664,93.55000305175781,92.94999694824219,93.1500015258789,78.05195617675781,4839200
2019-10-10,93.05999755859375,93.52999877929688,92.76000213623047,93.33000183105469,78.20279693603516,4742600
2019-10-11,93.5199966430664,94.02999877929688,93.20999908447266,93.26000213623047,78.1441421508789,6580100
2019-10-14,93.58000183105469,93.80000305175781,92.9800033569336,93.27999877929688,78.16088104248047,6357500
2019-10-15,93.36000061035156,93.5199966430664,92.77999877929688,93.33000183105469,78.20279693603516,5582700
2019-10-16,93.2699966430664,93.4000015258789,92.76000213623047,93.4000015258789,78.26144409179688,5247400
2019-10-17,93.5199966430664,94.06999969482422,93.43000030517578,93.91999816894531,78.69715118408203,5892100
2019-10-18,93.8499984741211,94.80000305175781,93.80999755859375,94.66999816894531,79.32559967041016,7523000
2019-10-21,94.56999969482422,95.37000274658203,94.5199966430664,95.36000061035156,79.90376281738281,7276400
2019-10-22,95.55000305175781,96.0,94.8499984741211,95.05000305175781,79.64400482177734,5972500
2019-10-23,95.22000122070312,95.22000122070312,94.38999938964844,95.18000030517578,79.7529296875,5086800
2019-10-24,95.38999938964844,95.38999938964844,94.69999694824219,95.05999755859375,79.65237426757812,4463000
2019-10-25,94.70999908447266,94.8499984741211,93.91000366210938,94.08999633789062,78.839599609375,5311400
2019-10-28,94.01000213623047,94.0999984741211,93.4000015258789,93.58000183105469,78.4122543334961,5431200
2019-10-29,93.69999694824219,94.31999969482422,93.47000122070312,93.9000015258789,78.68040466308594,6162700
2019-10-30,93.95999908447266,94.41999816894531,93.41999816894531,94.41999816894531,79.1160888671875,7246400
2019-10-31,94.6500015258789,94.70999908447266,93.91999816894531,94.26000213623047,78.98204803466797,6379600
2019-11-01,94.37000274658203,94.7300033569336,93.4000015258789,94.19000244140625,78.92341613769531,11331100
2019-11-04,94.05000305175781,94.18000030517578,93.30999755859375,93.45999908447266,78.31171417236328,7240400
2019-11-05,93.1500015258789,93.45999908447266,91.5999984741211,91.94000244140625,77.0380859375,14543400
2019-11-06,92.12999725341797,92.58999633789062,91.97000122070312,92.20999908447266,77.26431274414062,6769600
2019-11-07,91.80000305175781,92.05999755859375,91.0199966430664,91.33000183105469,76.52693939208984,8692900
2019-11-08,91.19000244140625,91.70999908447266,90.94999694824219,91.16000366210938,76.38452911376953,5920100
2019-11-11,91.0999984741211,91.62000274658203,91.0999984741211,91.37000274658203,76.56045532226562,3298700
2019-11-12,91.38999938964844,91.93000030517578,90.63999938964844,90.7300033569336,76.0241928100586,6295100
2019-11-13,90.83999633789062,91.68000030517578,90.80000305175781,91.47000122070312,76.64425659179688,6741300
2019-11-14,91.7300033569336,92.19999694824219,91.52999877929688,92.19999694824219,77.25594329833984,5271700
2019-11-15,92.27999877929688,92.70999908447266,92.08000183105469,92.69000244140625,77.66651153564453,5697300
2019-11-18,92.7699966430664,93.58000183105469,92.70999908447266,93.16999816894531,78.06871795654297,5377200
2019-11-19,93.38999938964844,93.58000183105469,93.08999633789062,93.29000091552734,78.16927337646484,4933100
2019-11-20,93.33000183105469,93.5999984741211,92.88999938964844,93.2699966430664,78.15249633789062,5018400
2019-11-21,93.02999877929688,93.13999938964844,91.98999786376953,91.98999786376953,77.07996368408203,9731600
2019-11-22,92.25,92.26000213623047,91.22000122070312,91.69000244140625,76.82860565185547,6315000
2019-11-25,91.88999938964844,92.51000213623047,91.8499984741211,92.05000305175781,77.13026428222656,6197100
2019-11-26,92.19999694824219,93.29000091552734,92.13999938964844,93.16000366210938,78.06033325195312,8501900
2019-11-27,93.22000122070312,93.69000244140625,92.94999694824219,93.45999908447266,78.31171417236328,6540100
2019-11-29,93.55000305175781,93.97000122070312,93.16999816894531,93.19999694824219,78.09383392333984,5384600
2019-12-02,93.0999984741211,93.16999816894531,91.80000305175781,91.81999969482422,76.93755340576172,15918300
2019-12-03,91.75,92.51000213623047,91.69000244140625,92.37999725341797,77.40674591064453,8011800
2019-12-04,92.19000244140625,93.08000183105469,92.0999984741211,92.73999786376953,77.70840454101562,8346600
2019-12-05,92.55999755859375,92.86000061035156,92.29000091552734,92.81999969482422,77.77544403076172,8042000
2019-12-06,92.75,93.45999908447266,92.7300033569336,92.9800033569336,77.90951538085938,5488500
2019-12-09,93.08000183105469,93.33999633789062,92.73999786376953,93.16999816894531,78.06871795654297,4989200
2019-12-10,93.2699966430664,93.4000015258789,92.41999816894531,92.61000061035156,77.59947967529297,7777400
2019-12-11,92.58000183105469,92.7300033569336,91.43000030517578,91.70999908447266,76.8453598022461,10772300
2019-12-12,91.75,92.05000305175781,90.37000274658203,90.51000213623047,75.83988189697266,12401600
2019-12-13,90.66000366210938,90.9800033569336,89.91999816894531,90.5999984741211,75.915283203125,8585500
2019-12-16,89.91999816894531,90.55999755859375,89.38999938964844,90.29000091552734,76.4026870727539,9229100
2019-12-17,90.55000305175781,90.68000030517578,89.44999694824219,89.5199966430664,75.75111389160156,5680000
2019-12-18,89.58999633789062,90.83000183105469,89.58999633789062,90.68000030517578,76.73269653320312,7373300
2019-12-19,90.55999755859375,91.47000122070312,90.47000122070312,91.43000030517578,77.36734771728516,5837700
2019-12-20,91.70999908447266,92.33000183105469,91.54000091552734,92.0,77.84967041015625,11474600
2019-12-23,92.31999969482422,92.41999816894531,91.43000030517578,91.4800033569336,77.40966033935547,5863100
2019-12-24,91.77999877929688,91.91000366210938,91.41000366210938,91.7300033569336,77.6211929321289,2597600
2019-12-26,91.83999633789062,92.22000122070312,91.69999694824219,92.22000122070312,78.03582763671875,3042600
2019-12-27,92.30000305175781,92.62999725341797,92.16000366210938,92.47000122070312,78.24739074707031,4802800
2019-12-30,92.20999908447266,92.73999786376953,92.02999877929688,92.54000091552734,78.30659484863281,6634400
2019-12-31,92.47000122070312,93.18000030517578,92.2699966430664,93.08000183105469,78.76358032226562,6703000
2020-01-02,93.44000244140625,93.54000091552734,91.5999984741211,92.05000305175781,77.8919906616211,10936800
2020-01-03,91.80000305175781,92.94000244140625,91.55000305175781,92.70999908447266,78.45048522949219,7953900
2020-01-06,92.56999969482422,93.12999725341797,92.33999633789062,92.79000091552734,78.51815032958984,6055400
2020-01-07,92.58000183105469,92.58000183105469,91.38999938964844,91.8499984741211,77.72274017333984,7390800
2020-01-08,91.91000366210938,92.33000183105469,91.62000274658203,92.06999969482422,77.9089126586914,6224600
2020-01-09,92.08999633789062,92.4000015258789,91.87000274658203,92.12000274658203,77.95120239257812,5057800
2020-01-10,92.30000305175781,92.97000122070312,92.0999984741211,92.91999816894531,78.62816619873047,7226800
2020-01-13,93.12000274658203,93.93000030517578,92.95999908447266,93.91000366210938,79.46589660644531,8778300
2020-01-14,93.91999816894531,93.91999816894531,93.08999633789062,93.55000305175781,79.16129302978516,4770600
2020-01-15,93.83000183105469,94.61000061035156,93.80000305175781,94.37999725341797,79.86361694335938,8431700
2020-01-16,94.56999969482422,95.12000274658203,94.38999938964844,95.08000183105469,80.4559326171875,5844200
2020-01-17,95.0,95.52999877929688,95.0,95.19000244140625,80.54902648925781,5833300
2020-01-21,95.33000183105469,96.18000030517578,95.0999984741211,96.16000366210938,81.36983489990234,7160700
2020-01-22,96.3499984741211,96.62000274658203,95.36000061035156,95.61000061035156,80.9044418334961,7816000
2020-01-23,95.66000366210938,96.26000213623047,95.2300033569336,96.18000030517578,81.38675689697266,6064600
2020-01-24,96.33000183105469,96.52999877929688,95.62999725341797,95.95999908447266,81.20059204101562,3984300
2020-01-27,95.43000030517578,95.76000213623047,95.19999694824219,95.5,80.81134033203125,4866600
2020-01-28,95.5999984741211,96.16999816894531,95.4800033569336,95.91000366210938,81.15827178955078,6030700
2020-01-29,96.12999725341797,96.30999755859375,95.45999908447266,95.61000061035156,80.9044418334961,4804700
2020-01-30,95.23999786376953,95.8499984741211,95.16999816894531,95.7300033569336,81.00596618652344,7056700
2020-01-31,95.54000091552734,95.69999694824219,94.30000305175781,94.56999969482422,80.02438354492188,7803900
2020-02-03,94.70999908447266,95.56999969482422,94.55999755859375,94.86000061035156,80.2697525024414,10799800
2020-02-04,95.11000061035156,96.22000122070312,94.91999816894531,95.83000183105469,81.09059143066406,6893400
2020-02-05,95.91999816894531,96.2300033569336,95.6500015258789,95.8499984741211,81.10751342773438,8037200
2020-02-06,96.1500015258789,96.45999908447266,95.98999786376953,96.20999908447266,81.41213989257812,5207400
2020-02-07,96.29000091552734,96.41000366210938,95.94999694824219,96.16999816894531,81.3782958984375,4246700
2020-02-10,96.5999984741211,97.22000122070312,96.37999725341797,97.13999938964844,82.1990966796875,6186900
2020-02-11,97.44999694824219,98.5,97.44999694824219,97.93000030517578,82.86759948730469,7281700
2020-02-12,98.16999816894531,98.95999908447266,97.83999633789062,98.70999908447266,83.52761840820312,5726300
2020-02-13,98.62000274658203,99.45999908447266,98.48999786376953,99.37999725341797,84.09455108642578,6023500
2020-02-14,99.48999786376953,100.30999755859375,99.36000061035156,100.27999877929688,84.85612487792969,4262600
2020-02-18,100.36000061035156,100.4000015258789,99.6500015258789,100.20999908447266,84.79689025878906,5860000
2020-02-19,100.2300033569336,100.75,98.9000015258789,98.94999694824219,83.730712890625,7103500
2020-02-20,99.11000061035156,100.05999755859375,98.69000244140625,100.0199966430664,84.63613891601562,8793000
2020-02-21,99.79000091552734,100.38999938964844,99.79000091552734,100.20999908447266,84.79689025878906,6280100
2020-02-24,99.0,99.7699966430664,98.43000030517578,98.87000274658203,83.66300964355469,7534800
2020-02-25,99.06999969482422,99.29000091552734,95.95999908447266,96.22000122070312,81.42060089111328,9336400
2020-02-26,96.41000366210938,97.16000366210938,95.13999938964844,95.20999908447266,80.5659408569336,12259300
2020-02-27,93.9800033569336,93.9800033569336,90.19000244140625,90.22000122070312,76.34344482421875,18952900
2020-02-28,88.43000030517578,88.88999938964844,85.31999969482422,87.4000015258789,73.95719909667969,34732100
2020-03-02,88.48999786376953,91.95999908447266,87.95999908447266,91.61000061035156,77.51963806152344,21369400
2020-03-03,91.9000015258789,94.16000366210938,90.88999938964844,91.62000274658203,77.52812957763672,20821800
2020-03-04,93.06999969482422,95.29000091552734,92.95999908447266,95.12000274658203,80.4897689819336,12692300
2020-03-05,93.5999984741211,94.30999755859375,92.04000091552734,93.05000305175781,78.7381591796875,12086000
2020-03-06,90.7699966430664,91.80999755859375,88.58999633789062,91.47000122070312,77.40119171142578,16538800
2020-03-09,85.1500015258789,87.38999938964844,84.0999984741211,84.69000244140625,71.66400909423828,14725100
2020-03-10,86.79000091552734,88.18000030517578,83.4000015258789,87.95999908447266,74.43106842041016,18279800
2020-03-11,85.83999633789062,86.12000274658203,82.06999969482422,82.83999633789062,70.09854125976562,14714000
2020-03-12,78.0199966430664,79.95999908447266,73.36000061035156,74.7699966430664,63.269771575927734,11980900
2020-03-13,78.41000366210938,81.16999816894531,74.38999938964844,81.1500015258789,68.6684799194336,11713600
2020-03-16,72.8499984741211,74.31999969482422,66.8499984741211,67.45999908447266,57.08411407470703,12956800
2020-03-17,68.26000213623047,72.0199966430664,66.05999755859375,70.62999725341797,59.76654052734375,9973600
2020-03-18,66.30000305175781,68.41999816894531,61.029998779296875,63.68000030517578,53.88551330566406,8574700
2020-03-19,63.0099983215332,65.23999786376953,60.810001373291016,63.709999084472656,53.910884857177734,10115000
2020-03-20,64.37999725341797,66.31999969482422,60.5,60.91999816894531,51.550025939941406,12254800
2020-03-23,60.65999984741211,60.65999984741211,56.27000045776367,57.84000015258789,48.94374465942383,16261300
2020-03-24,60.90999984741211,62.61000061035156,59.290000915527344,62.470001220703125,52.86160659790039,12192800
2020-03-25,62.380001068115234,68.66999816894531,61.68000030517578,65.2699966430664,55.76386642456055,13699300
2020-03-26,66.12999725341797,70.44000244140625,65.5999984741211,70.11000061035156,59.898963928222656,11439200
2020-03-27,67.94000244140625,72.0199966430664,67.61000061035156,70.19999694824219,59.9758415222168,8318700
2020-03-30,70.79000091552734,71.81999969482422,68.48999786376953,71.5999984741211,61.171939849853516,10447900
2020-03-31,71.22000122070312,71.22000122070312,67.88999938964844,69.56999969482422,59.437591552734375,11231300
2020-04-01,66.33000183105469,69.72000122070312,63.709999084472656,64.9800033569336,55.516109466552734,11527300
2020-04-02,64.06999969482422,66.5199966430664,63.97999954223633,65.26000213623047,55.75532150268555,10395900
2020-04-03,64.70999908447266,65.55000305175781,63.0099983215332,64.23999786376953,54.883872985839844,8666500
2020-04-06,66.97000122070312,69.41999816894531,66.88999938964844,69.05999755859375,59.00188064575195,11485600
2020-04-07,71.7300033569336,73.12000274658203,69.72000122070312,69.7300033569336,59.574302673339844,9338600
2020-04-08,70.8499984741211,75.20999908447266,70.0999984741211,74.72000122070312,63.83753967285156,14284800
2020-04-09,76.33999633789062,80.12000274658203,76.33999633789062,78.87999725341797,67.39166259765625,15642200
2020-04-13,78.51000213623047,78.75,75.12999725341797,75.66999816894531,64.64917755126953,9757500
2020-04-14,77.3499984741211,78.48999786376953,76.7699966430664,77.66999816894531,66.35790252685547,8697500
2020-04-15,75.43000030517578,76.18000030517578,73.86000061035156,74.7300033569336,63.84609603881836,9204500
2020-04-16,74.5,75.31999969482422,73.36000061035156,73.88999938964844,63.12843322753906,9036800
2020-04-17,76.11000061035156,76.48999786376953,73.83000183105469,76.08999633789062,65.00798797607422,7339000
2020-04-20,74.66999816894531,75.0,73.2300033569336,73.33000183105469,62.64997863769531,7404300
2020-04-21,71.47000122070312,72.62999725341797,70.98999786376953,71.98999786376953,61.505149841308594,8919100
2020-04-22,73.31999969482422,73.76000213623047,72.45999908447266,73.13999938964844,62.487674713134766,6503500
2020-04-23,73.19000244140625,73.91999816894531,72.16999816894531,72.47000122070312,61.91523742675781,6051900
2020-04-24,72.80000305175781,73.05999755859375,71.80999755859375,72.7699966430664,62.17153549194336,4911700
2020-04-27,73.3499984741211,75.36000061035156,73.19000244140625,75.06999969482422,64.13655853271484,5471500
2020-04-28,76.7300033569336,77.5999984741211,75.66999816894531,75.75,64.717529296875,6052900
2020-04-29,77.3499984741211,77.8499984741211,75.76000213623047,76.91000366210938,65.70858001708984,7196600
2020-04-30,75.68000030517578,76.30000305175781,74.79000091552734,76.05000305175781,64.97383880615234,8778000
2020-05-01,74.41000366210938,74.41999816894531,72.77999877929688,73.47000122070312,62.76960372924805,5740600
2020-05-04,72.66000366210938,73.33999633789062,71.58999633789062,73.25,62.58164596557617,4894100
2020-05-05,73.87000274658203,74.76000213623047,73.55000305175781,73.5999984741211,62.88066864013672,7107700
2020-05-06,74.05000305175781,74.27999877929688,72.33000183105469,72.37999725341797,61.838348388671875,5740800
2020-05-07,73.02999877929688,74.38999938964844,72.93000030517578,73.33999633789062,62.65851593017578,6427100
2020-05-08,74.5199966430664,75.27999877929688,74.12000274658203,75.08999633789062,64.15364074707031,7870600
2020-05-11,74.19000244140625,75.19000244140625,73.6500015258789,74.02999877929688,63.248046875,5544300
2020-05-12,74.30000305175781,74.37999725341797,70.55000305175781,70.62999725341797,60.34321975708008,10986600
2020-05-13,70.16000366210938,70.47000122070312,68.56999969482422,68.95999908447266,58.91644287109375,13770700
2020-05-14,67.95999908447266,69.31999969482422,66.44000244140625,69.27999877929688,59.189842224121094,9536900
2020-05-15,68.80999755859375,69.06999969482422,67.83000183105469,68.95999908447266,58.91644287109375,9552500
2020-05-18,71.37000274658203,73.58000183105469,71.33000183105469,72.9800033569336,62.35097885131836,11786200
2020-05-19,72.72000122070312,73.18000030517578,72.13999938964844,72.16000366210938,61.65039825439453,4982900
2020-05-20,73.02999877929688,73.11000061035156,72.29000091552734,72.86000061035156,62.248435974121094,4393100
2020-05-21,72.5,73.25,72.0199966430664,72.76000213623047,62.16299819946289,4139400
2020-05-22,72.6500015258789,73.80999755859375,72.45999908447266,73.75,63.00880813598633,4405800
2020-05-26,75.94000244140625,76.88999938964844,75.72000122070312,76.44000244140625,65.30703735351562,7415800
2020-05-27,78.18000030517578,78.33999633789062,76.04000091552734,77.91000366210938,66.56295013427734,8143900
2020-05-28,78.83000183105469,78.87000274658203,77.5999984741211,78.2300033569336,66.83633422851562,6195400
2020-05-29,77.68000030517578,78.19999694824219,76.94999694824219,77.41999816894531,66.14429473876953,10074000
2020-06-01,77.36000061035156,79.7699966430664,77.19999694824219,79.20999908447266,67.67359924316406,6401800
2020-06-02,79.8499984741211,80.12000274658203,79.06999969482422,79.91999816894531,68.28020477294922,6300800
2020-06-03,80.7300033569336,82.68000030517578,80.5999984741211,82.31999969482422,70.33065795898438,9371500
2020-06-04,82.0,82.02999877929688,80.8499984741211,81.62000274658203,69.73262023925781,6583900
2020-06-05,84.33000183105469,86.11000061035156,84.2300033569336,84.58999633789062,72.27002716064453,10281900
2020-06-08,85.68000030517578,86.86000061035156,85.66000366210938,86.81999969482422,74.1752700805664,6919300
2020-06-09,85.33999633789062,85.91999816894531,84.30999755859375,85.41999816894531,72.97917175292969,10855200
2020-06-10,84.9800033569336,85.41000366210938,82.58000183105469,83.23999786376953,71.11666107177734,9362100
2020-06-11,79.58000183105469,80.73999786376953,77.80999755859375,77.9800033569336,66.62274169921875,9634500
2020-06-12,80.62999725341797,81.0199966430664,78.52999877929688,80.7699966430664,69.00639343261719,12788900
2020-06-15,77.8499984741211,81.61000061035156,77.4800033569336,81.16000366210938,69.8001937866211,8011900
2020-06-16,84.06999969482422,84.22000122070312,81.41000366210938,82.76000213623047,71.17626190185547,7372800
2020-06-17,83.20999908447266,83.29000091552734,81.58000183105469,81.63999938964844,70.21302032470703,4686800
2020-06-18,80.91000366210938,81.19999694824219,80.33000183105469,80.7699966430664,69.46479034423828,5687200
2020-06-19,81.97000122070312,81.9800033569336,79.23999786376953,79.75,68.58755493164062,9850800
2020-06-22,79.45999908447266,79.76000213623047,78.26000213623047,79.5999984741211,68.45854949951172,5325400
2020-06-23,80.38999938964844,80.5199966430664,79.11000061035156,79.36000061035156,68.25215148925781,4775900
2020-06-24,78.33999633789062,78.58000183105469,75.33999633789062,77.08999633789062,66.29987335205078,7585000
2020-06-25,76.48999786376953,78.08000183105469,76.4000015258789,78.04000091552734,67.11692810058594,4919500
2020-06-26,77.73999786376953,78.11000061035156,76.44000244140625,76.48999786376953,65.78384399414062,6942000
2020-06-29,77.3499984741211,77.98999786376953,76.16999816894531,77.91999816894531,67.01370239257812,6311100
2020-06-30,78.01000213623047,79.23999786376953,77.69999694824219,78.80999755859375,67.77912139892578,5965600
2020-07-01,79.0199966430664,80.91999816894531,78.91000366210938,80.58000183105469,69.3013916015625,6281500
2020-07-02,81.95999908447266,82.12999725341797,80.0199966430664,80.33000183105469,69.08636474609375,4294100
2020-07-06,82.01000213623047,82.01000213623047,80.2300033569336,80.33999633789062,69.0949935913086,5060000
2020-07-07,79.52999877929688,79.94000244140625,78.7300033569336,78.80999755859375,67.77912139892578,3941100
2020-07-08,79.0,79.25,78.0199966430664,78.7300033569336,67.7103271484375,3753800
2020-07-09,78.61000061035156,78.6500015258789,77.05999755859375,78.29000091552734,67.33193969726562,3988600
2020-07-10,78.19999694824219,78.87000274658203,77.94000244140625,78.51000213623047,67.52112579345703,3588700
2020-07-13,78.93000030517578,79.1500015258789,77.29000091552734,77.54000091552734,66.68688201904297,5494600
2020-07-14,77.36000061035156,78.33999633789062,77.2300033569336,78.12999725341797,67.1943130493164,4973400
2020-07-15,79.44000244140625,79.69999694824219,78.38999938964844,78.94000244140625,67.89094543457031,4716300
2020-07-16,78.55999755859375,78.81999969482422,77.81999969482422,78.08000183105469,67.15132141113281,4039300
2020-07-17,78.43000030517578,79.41000366210938,77.93000030517578,79.05999755859375,67.9941635131836,3474300
2020-07-20,78.94000244140625,79.38999938964844,77.8499984741211,78.12000274658203,67.18571472167969,3111900
2020-07-21,78.69999694824219,79.12999725341797,78.12999725341797,78.31999969482422,67.35771942138672,3804000
2020-07-22,78.01000213623047,79.55000305175781,77.81999969482422,79.5199966430664,68.3897476196289,3350000
2020-07-23,79.27999877929688,79.80999755859375,78.19999694824219,79.11000061035156,68.03714752197266,3681000
2020-07-24,78.9800033569336,79.3499984741211,78.45999908447266,78.51000213623047,67.52112579345703,3584300
2020-07-27,78.52999877929688,79.44000244140625,77.63999938964844,79.41999816894531,68.30374145507812,2592400
2020-07-28,79.30000305175781,81.29000091552734,79.16000366210938,80.83999633789062,69.52497100830078,4053500
2020-07-29,81.43000030517578,82.70999908447266,81.41000366210938,82.6500015258789,71.0816650390625,5100100
2020-07-30,81.62000274658203,82.23999786376953,81.12999725341797,82.2300033569336,70.720458984375,5807600
2020-07-31,82.1500015258789,82.19999694824219,80.81999969482422,82.05999755859375,70.5742416381836,6989600
2020-08-03,82.16000366210938,82.18000030517578,80.6500015258789,80.98999786376953,69.65399169921875,3616900
2020-08-04,80.80000305175781,82.27999877929688,80.79000091552734,82.01000213623047,70.53124237060547,3995000
2020-08-05,82.23999786376953,82.6500015258789,81.30999755859375,81.69999694824219,70.2646255493164,4036100
2020-08-06,81.45999908447266,81.98999786376953,81.22000122070312,81.70999908447266,70.27323150634766,3137900
2020-08-07,81.45999908447266,82.86000061035156,81.33000183105469,82.81999969482422,71.22785186767578,3941300
2020-08-10,83.0,83.5,82.5999984741211,83.0199966430664,71.39985656738281,4031300
2020-08-11,83.94999694824219,83.94999694824219,81.54000091552734,81.81999969482422,70.36781311035156,4076400
2020-08-12,82.3499984741211,82.76000213623047,82.11000061035156,82.61000061035156,71.04725646972656,2989300
2020-08-13,82.55999755859375,83.05999755859375,81.47000122070312,81.66999816894531,70.23883056640625,4181800
2020-08-14,81.47000122070312,82.43000030517578,81.38999938964844,81.68000030517578,70.24742126464844,2213900
2020-08-17,81.83999633789062,82.33000183105469,81.38999938964844,82.31999969482422,70.7978515625,3122400
2020-08-18,82.3499984741211,82.41999816894531,81.44000244140625,81.93000030517578,70.46244049072266,3523100
2020-08-19,82.01000213623047,82.08999633789062,80.33999633789062,80.45999908447266,69.19817352294922,4337000
2020-08-20,80.08000183105469,81.69999694824219,79.8499984741211,81.19000244140625,69.82601165771484,3036300
2020-08-21,81.08999633789062,81.68000030517578,80.41999816894531,81.30999755859375,69.92921447753906,2933300
2020-08-24,81.47000122070312,81.98999786376953,80.44999694824219,81.94999694824219,70.47962951660156,3110600
2020-08-25,82.13999938964844,82.33999633789062,81.3499984741211,82.1500015258789,70.65164184570312,3043100
2020-08-26,82.0,82.05999755859375,80.87999725341797,81.37999725341797,69.98942565917969,4668400
2020-08-27,81.48999786376953,82.79000091552734,81.48999786376953,82.54000091552734,70.987060546875,4541700
2020-08-28,82.7699966430664,83.08999633789062,81.9000015258789,83.05000305175781,71.42568969726562,3770000
2020-08-31,82.97000122070312,83.01000213623047,81.95999908447266,82.25,70.73765563964844,3392800
2020-09-01,81.98999786376953,82.41000366210938,81.4000015258789,82.33999633789062,70.8150405883789,3026500
2020-09-02,82.36000061035156,83.97000122070312,81.7699966430664,83.83999633789062,72.1050796508789,5049500
2020-09-03,83.87999725341797,84.52999877929688,82.18000030517578,82.80000305175781,71.21066284179688,5707500
2020-09-04,83.0,83.58000183105469,81.0199966430664,82.41999816894531,70.88383483886719,7279500
2020-09-08,82.06999969482422,82.06999969482422,80.79000091552734,81.38999938964844,69.99801635742188,5431300
2020-09-09,81.7300033569336,83.13999938964844,81.62999725341797,82.12999725341797,70.63442993164062,4645000
2020-09-10,82.0199966430664,82.30999755859375,80.98999786376953,81.02999877929688,69.68842315673828,4574500
2020-09-11,81.23999786376953,81.48999786376953,79.91000366210938,80.58000183105469,69.3013916015625,4298300
2020-09-14,81.16999816894531,82.94000244140625,80.94999694824219,82.73999786376953,71.1590576171875,4373400
2020-09-15,83.04000091552734,84.44999694824219,82.9800033569336,83.69999694824219,71.98470306396484,4166400
2020-09-16,84.19999694824219,84.97000122070312,83.75,84.1500015258789,72.37171173095703,3958900
2020-09-17,83.36000061035156,83.91999816894531,82.05999755859375,82.56999969482422,71.01286315917969,4258900
2020-09-18,82.5999984741211,82.5999984741211,80.63999938964844,80.79000091552734,69.48201751708984,6820100
2020-09-21,79.54000091552734,79.80999755859375,78.08999633789062,78.54000091552734,67.54692840576172,5721100
2020-09-22,78.68000030517578,80.06999969482422,78.4800033569336,79.45999908447266,68.3381576538086,4788600
2020-09-23,79.0199966430664,79.0199966430664,76.62000274658203,76.70999908447266,66.3731460571289,4149800
2020-09-24,76.70999908447266,78.12000274658203,76.36000061035156,77.05000305175781,66.6673583984375,7611800
2020-09-25,76.79000091552734,78.72000122070312,76.63999938964844,78.61000061035156,68.01714324951172,3292100
2020-09-28,79.75,80.51000213623047,79.51000213623047,80.18000030517578,69.37557983398438,3960900
2020-09-29,80.12000274658203,80.20999908447266,79.0,79.58000183105469,68.8564453125,4520900
2020-09-30,80.0,80.69000244140625,79.04000091552734,79.83999633789062,69.08140563964844,4276500
2020-10-01,80.12000274658203,81.44999694824219,79.80999755859375,81.37999725341797,70.41387939453125,18707600
2020-10-02,80.26000213623047,82.94000244140625,79.9000015258789,82.68000030517578,71.5387191772461,18898100
2020-10-05,82.9000015258789,83.41999816894531,81.63999938964844,83.13999938964844,71.93671417236328,12648700
2020-10-06,83.33000183105469,83.7699966430664,82.29000091552734,82.62000274658203,71.48678588867188,20491400
2020-10-07,83.12000274658203,83.16000366210938,82.33000183105469,82.70999908447266,71.56464385986328,3424200
2020-10-08,83.16999816894531,84.31999969482422,82.97000122070312,84.01000213623047,72.68949127197266,4177600
2020-10-09,84.33000183105469,84.56999969482422,83.4000015258789,83.6500015258789,72.37800598144531,10875100
2020-10-12,83.76000213623047,84.31999969482422,83.30000305175781,84.1500015258789,72.81061553955078,5738400
2020-10-13,84.04000091552734,84.04000091552734,82.31999969482422,82.80000305175781,71.64253997802734,4940500
2020-10-14,82.69999694824219,82.93000030517578,81.70999908447266,81.83000183105469,70.8032455444336,5918500
2020-10-15,81.02999877929688,82.81999969482422,81.02999877929688,82.16999816894531,71.0974349975586,4817100
2020-10-16,82.19000244140625,82.30999755859375,81.52999877929688,81.66000366210938,70.65618133544922,4338800
2020-10-19,81.8499984741211,82.06999969482422,80.22000122070312,80.33999633789062,69.51403045654297,4996400
2020-10-20,80.91000366210938,81.48999786376953,80.69000244140625,80.94000244140625,70.03317260742188,7054500
2020-10-21,80.63999938964844,81.04000091552734,80.33000183105469,80.62000274658203,69.75630187988281,4019900
2020-10-22,80.56999969482422,80.87999725341797,80.23999786376953,80.5199966430664,69.66976165771484,3928800
2020-10-23,80.7699966430664,81.30999755859375,80.38999938964844,81.01000213623047,70.09373474121094,2641500
2020-10-26,80.31999969482422,80.41000366210938,79.23999786376953,79.9800033569336,69.2025375366211,3991400
2020-10-27,80.08000183105469,80.48999786376953,78.77999877929688,78.80000305175781,68.1815414428711,3414500
2020-10-28,77.45999908447266,78.2699966430664,76.61000061035156,76.87000274658203,66.5116195678711,6085000
2020-10-29,76.97000122070312,78.58999633789062,76.33000183105469,78.04000091552734,67.52397155761719,5759000
2020-10-30,77.55000305175781,78.0999984741211,76.62000274658203,77.51000213623047,67.06537628173828,6507300
2020-11-02,78.36000061035156,79.4800033569336,77.87999725341797,79.45999908447266,68.75260925292969,6576200
2020-11-03,80.08000183105469,81.3499984741211,79.88999938964844,80.98999786376953,70.07643127441406,7949700
2020-11-04,81.38999938964844,82.44000244140625,80.5999984741211,81.16000366210938,70.22351837158203,6721800
2020-11-05,81.80000305175781,82.20999908447266,81.11000061035156,81.41999816894531,70.4485092163086,5409000
2020-11-06,81.45999908447266,82.06999969482422,80.6500015258789,80.95999908447266,70.05048370361328,6837600
2020-11-09,85.0,88.76000213623047,83.0999984741211,83.30000305175781,72.07516479492188,17599700
2020-11-10,83.30000305175781,84.48999786376953,82.95999908447266,84.2300033569336,72.8798599243164,9468700
2020-11-11,84.8499984741211,85.18000030517578,83.9800033569336,84.7699966430664,73.34708404541016,5307900
2020-11-12,84.33999633789062,84.79000091552734,83.22000122070312,83.75,72.46455383300781,3756800
2020-11-13,84.12999725341797,86.08000183105469,84.12999725341797,85.94000244140625,74.35942840576172,4854100
2020-11-16,87.4000015258789,87.80999755859375,85.72000122070312,86.63999938964844,74.96507263183594,7907600
2020-11-17,85.98999786376953,87.04000091552734,85.54000091552734,86.70999908447266,75.02566528320312,5134800
2020-11-18,86.94999694824219,87.37000274658203,85.0199966430664,85.1500015258789,73.67585754394531,7843200
2020-11-19,85.05000305175781,85.37999725341797,84.02999877929688,85.31999969482422,73.82295989990234,4440100
2020-11-20,85.27999877929688,85.44000244140625,84.47000122070312,84.91999816894531,73.47686004638672,3544800
2020-11-23,85.36000061035156,85.7300033569336,84.69000244140625,84.8499984741211,73.41629028320312,4796400
2020-11-24,85.87000274658203,86.2699966430664,84.9800033569336,85.08999633789062,73.62394714355469,4574200
2020-11-25,85.23999786376953,85.31999969482422,84.43000030517578,85.16000366210938,73.68453979492188,3380500
2020-11-27,85.36000061035156,85.43000030517578,84.52999877929688,84.9000015258789,73.45956420898438,1658900
2020-11-30,84.75,84.81999969482422,83.76000213623047,84.16000366210938,72.81928253173828,4633900
2020-12-01,85.18000030517578,85.48999786376953,84.77999877929688,85.12000274658203,73.64991760253906,4831100
2020-12-02,84.87999725341797,85.43000030517578,84.2300033569336,84.36000061035156,72.99232482910156,4372300
2020-12-03,84.43000030517578,85.38999938964844,84.29000091552734,84.98999786376953,73.53742980957031,4539200
2020-12-04,85.4000015258789,86.26000213623047,85.3499984741211,86.23999786376953,74.61900329589844,3714600
2020-12-07,85.94999694824219,86.33000183105469,85.23999786376953,85.56999969482422,74.03929138183594,8254400
2020-12-08,85.16999816894531,85.66999816894531,85.05999755859375,85.1500015258789,73.67585754394531,4100000
2020-12-09,85.23999786376953,85.37000274658203,83.95999908447266,84.5,73.11346435546875,7956700
2020-12-10,84.13999938964844,84.68000030517578,83.7300033569336,84.01000213623047,72.68949127197266,2823000
2020-12-11,83.63999938964844,84.1500015258789,83.22000122070312,84.05000305175781,72.72410583496094,2862700
2020-12-14,84.06999969482422,84.69999694824219,82.98999786376953,83.05999755859375,72.38507843017578,3817000
2020-12-15,83.4000015258789,84.68000030517578,82.88999938964844,84.66000366210938,73.77946472167969,3719700
2020-12-16,84.88999938964844,85.33000183105469,84.33000183105469,84.79000091552734,73.89275360107422,3965600
2020-12-17,85.25,85.69000244140625,84.8499984741211,85.62000274658203,74.61608123779297,3547200
2020-12-18,85.68000030517578,85.81999969482422,83.54000091552734,84.08000183105469,73.27400207519531,4291000
2020-12-21,82.91999816894531,83.68000030517578,82.56999969482422,83.54000091552734,72.80340576171875,4952200
2020-12-22,83.70999908447266,84.2699966430664,83.31999969482422,84.19999694824219,73.37857818603516,3383200
2020-12-23,84.55999755859375,85.01000213623047,83.55000305175781,83.62999725341797,72.8818359375,4579400
2020-12-24,83.93000030517578,84.31999969482422,83.68000030517578,84.29000091552734,73.4570541381836,981700
2020-12-28,84.66000366210938,85.2300033569336,84.26000213623047,85.05999755859375,74.1280517578125,6311700
2020-12-29,85.44999694824219,85.75,84.19000244140625,84.37000274658203,73.52674102783203,3138900
2020-12-30,84.29000091552734,85.31999969482422,84.29000091552734,84.75,73.85791778564453,4933800
2020-12-31,84.73999786376953,85.87999725341797,84.08000183105469,85.6500015258789,74.6422348022461,4171500
2021-01-04,85.86000061035156,85.98999786376953,82.70999908447266,82.73999786376953,72.10620880126953,14744100
2021-01-05,82.72000122070312,83.48999786376953,82.63999938964844,82.7300033569336,72.09751892089844,13595100
2021-01-06,82.66000366210938,83.26000213623047,82.1500015258789,82.69000244140625,72.06266021728516,18629400
2021-01-07,82.69999694824219,83.0,82.19000244140625,82.68000030517578,72.053955078125,10663300
2021-01-08,82.8499984741211,83.73999786376953,82.80999755859375,83.4800033569336,72.7510986328125,4345200
2021-01-11,83.08000183105469,83.37999725341797,82.06999969482422,82.30000305175781,71.7227783203125,3548500
2021-01-12,82.12999725341797,82.43000030517578,81.45999908447266,82.2699966430664,71.69662475585938,5314900
2021-01-13,82.19000244140625,83.43000030517578,82.19000244140625,83.27999877929688,72.57681274414062,8842500
2021-01-14,83.5,84.16999816894531,83.13999938964844,83.63999938964844,72.89056396484375,4538600
2021-01-15,83.54000091552734,84.88999938964844,83.26000213623047,84.58999633789062,73.71846008300781,6775200
2021-01-19,85.1500015258789,85.1500015258789,84.04000091552734,84.36000061035156,73.51803588867188,3413600
2021-01-20,84.38999938964844,86.37999725341797,84.13999938964844,86.05999755859375,74.9995346069336,6889500
2021-01-21,85.7300033569336,85.93000030517578,85.01000213623047,85.80000305175781,74.77294921875,4779600
2021-01-22,85.47000122070312,86.16000366210938,85.22000122070312,85.97000122070312,74.92109680175781,6286300
2021-01-25,86.01000213623047,87.20999908447266,85.54000091552734,86.61000061035156,75.4788589477539,5140000
2021-01-26,86.76000213623047,87.5,86.62000274658203,87.23999786376953,76.02787780761719,3790600
2021-01-27,86.69000244140625,87.30999755859375,85.31999969482422,85.79000091552734,74.76423645019531,5641100
2021-01-28,85.69999694824219,87.13999938964844,85.37999725341797,86.16000366210938,75.0866928100586,5032200
2021-01-29,85.86000061035156,86.55999755859375,84.81999969482422,85.27999877929688,74.31977081298828,5572600
2021-02-01,85.79000091552734,87.4000015258789,84.87000274658203,87.33999633789062,76.11502075195312,13611800
2021-02-02,87.87000274658203,88.11000061035156,87.12999725341797,87.80999755859375,76.52461242675781,12298500
2021-02-03,87.51000213623047,87.73999786376953,86.37000274658203,87.56999969482422,76.31546783447266,11551100
2021-02-04,87.5999984741211,88.56999969482422,87.37999725341797,88.06999969482422,76.75119018554688,11375300
2021-02-05,88.2300033569336,88.51000213623047,87.94999694824219,88.23999786376953,76.89936065673828,5332900
2021-02-08,88.23999786376953,88.5,87.80000305175781,88.4800033569336,77.10852813720703,5033800
2021-02-09,88.55000305175781,89.01000213623047,88.30000305175781,88.87000274658203,77.4483871459961,3279900
2021-02-10,89.33999633789062,89.98999786376953,88.94999694824219,89.44000244140625,77.94514465332031,5026400
2021-02-11,89.4800033569336,89.88999938964844,88.98999786376953,89.41999816894531,77.92769622802734,3177900
2021-02-12,89.4000015258789,89.58000183105469,88.76000213623047,89.54000091552734,78.03227233886719,2701900
2021-02-16,89.58999633789062,89.62000274658203,88.1500015258789,88.66000366210938,77.265380859375,3652000
2021-02-17,88.45999908447266,88.70999908447266,88.05000305175781,88.54000091552734,77.16080474853516,6557400
2021-02-18,88.16000366210938,88.55000305175781,88.05999755859375,88.30000305175781,76.95166778564453,6013800
2021-02-19,88.73999786376953,89.25,88.30000305175781,88.70999908447266,77.30894470214844,3839200
2021-02-22,88.41999816894531,89.55999755859375,88.1500015258789,89.23999786376953,77.77084350585938,5062000
2021-02-23,89.52999877929688,89.94999694824219,89.16999816894531,89.73999786376953,78.20657348632812,5684500
2021-02-24,89.63999938964844,90.4800033569336,89.33000183105469,90.22000122070312,78.62488555908203,6117200
2021-02-25,90.1500015258789,90.8499984741211,88.13999938964844,88.69999694824219,77.30022430419922,9618100
2021-02-26,88.93000030517578,89.04000091552734,87.29000091552734,87.3499984741211,76.12373352050781,9978600
2021-03-01,88.26000213623047,89.08000183105469,87.5,87.56999969482422,76.31546783447266,12062500
2021-03-02,87.55999755859375,87.55999755859375,86.30000305175781,86.86000061035156,75.69670867919922,14819900
2021-03-03,86.76000213623047,87.01000213623047,85.9800033569336,86.0999984741211,75.0344009399414,15991200
2021-03-04,86.36000061035156,86.91999816894531,84.38999938964844,85.25,74.29362487792969,18710500
2021-03-05,86.05000305175781,86.69000244140625,84.05000305175781,86.33000183105469,75.23483276367188,7882500
2021-03-08,86.62000274658203,87.9000015258789,86.08999633789062,87.04000091552734,75.85359191894531,8494900
2021-03-09,87.48999786376953,88.30999755859375,87.41000366210938,87.58999633789062,76.33289337158203,4385100
2021-03-10,87.77999877929688,88.87000274658203,87.52999877929688,88.43000030517578,77.06494903564453,5016100
2021-03-11,88.56999969482422,89.91999816894531,88.4000015258789,89.37999725341797,77.8928451538086,4329100
2021-03-12,89.25,90.87000274658203,89.25,90.87000274658203,79.19135284423828,5521800
2021-03-15,90.9000015258789,92.3499984741211,90.56999969482422,92.12000274658203,80.28069305419922,5335500
2021-03-16,92.11000061035156,92.47000122070312,91.45999908447266,91.91999816894531,80.10639190673828,4162000
2021-03-17,91.75,91.95999908447266,90.93000030517578,91.95999908447266,80.1412582397461,5849400
2021-03-18,91.37000274658203,91.56999969482422,90.66999816894531,91.1500015258789,79.43536376953125,7539500
2021-03-19,90.97000122070312,91.51000213623047,89.91000366210938,90.04000091552734,78.46803283691406,9974900
2021-03-22,89.8499984741211,91.0199966430664,89.69000244140625,90.83999633789062,79.16519165039062,3748200
2021-03-23,90.8499984741211,91.55999755859375,90.44999694824219,90.8499984741211,79.1739273071289,3981800
2021-03-24,90.72000122070312,91.54000091552734,90.37999725341797,90.43000030517578,78.80789947509766,4046300
2021-03-25,89.83999633789062,90.93000030517578,88.87999725341797,90.7300033569336,79.45948028564453,4701600
2021-03-26,91.12000274658203,92.79000091552734,91.0,92.73999786376953,81.21980285644531,5190300
2021-03-29,92.44999694824219,92.83000183105469,91.45999908447266,92.38999938964844,80.91326141357422,5668600
2021-03-30,92.22000122070312,92.58000183105469,91.97000122070312,92.31999969482422,80.8519515991211,7171800
2021-03-31,92.22000122070312,92.88999938964844,91.4800033569336,91.94000244140625,80.51917266845703,8863600
2021-04-01,92.44999694824219,93.62000274658203,92.01000213623047,93.58000183105469,81.95542907714844,15804700
2021-04-05,94.13999938964844,94.13999938964844,93.01000213623047,93.94999694824219,82.27947998046875,18032000
2021-04-06,94.0,94.19999694824219,93.4800033569336,94.19999694824219,82.49842834472656,15602600
2021-04-07,94.36000061035156,94.44999694824219,93.44000244140625,94.19999694824219,82.49842834472656,14850600
2021-04-08,94.2699966430664,94.66999816894531,93.83999633789062,93.97000122070312,82.29701232910156,5862600
2021-04-09,94.12999725341797,94.12999725341797,93.62999725341797,93.95999908447266,82.28826904296875,5877900
2021-04-12,94.11000061035156,94.4800033569336,93.37999725341797,94.47000122070312,82.73489379882812,4359100
2021-04-13,94.43000030517578,95.13999938964844,94.26000213623047,95.04000091552734,83.23409271240234,7435300
2021-04-14,95.08999633789062,95.48999786376953,94.36000061035156,94.45999908447266,82.72614288330078,7114900
2021-04-15,95.05999755859375,96.12999725341797,94.87000274658203,96.12999725341797,84.18867492675781,9781300
2021-04-16,96.4000015258789,96.61000061035156,95.98999786376953,96.31999969482422,84.35507202148438,4035100
2021-04-19,96.37999725341797,96.58000183105469,95.8499984741211,96.55000305175781,84.5565185546875,4047600
2021-04-20,96.33000183105469,97.69999694824219,96.33000183105469,97.55999755859375,85.44105529785156,5150300
2021-04-21,97.66999816894531,98.19999694824219,97.31999969482422,98.01000213623047,85.83515930175781,4585600
2021-04-22,97.94999694824219,98.41000366210938,97.36000061035156,97.61000061035156,85.48484802246094,6062500
2021-04-23,97.80999755859375,98.33999633789062,97.51000213623047,98.19999694824219,86.00154876708984,5015400
2021-04-26,98.68000030517578,98.87000274658203,98.0999984741211,98.36000061035156,86.14167785644531,4457100
2021-04-27,98.68000030517578,98.68000030517578,98.08999633789062,98.38999938964844,86.1679458618164,3843900
2021-04-28,98.44000244140625,98.56999969482422,97.80000305175781,97.9800033569336,85.80889129638672,5307300
2021-04-29,98.55999755859375,99.08000183105469,98.08000183105469,98.77999877929688,86.5094985961914,4774900
2021-04-30,98.48999786376953,99.37000274658203,98.2699966430664,99.19000244140625,86.86857604980469,4994700
2021-05-03,99.61000061035156,99.62000274658203,98.66999816894531,99.02999877929688,86.72844696044922,15941100
2021-05-04,98.75,99.23999786376953,97.7699966430664,98.12999725341797,85.94023895263672,15545400
2021-05-05,98.0999984741211,98.0999984741211,96.37999725341797,96.70999908447266,84.69664001464844,17545900
2021-05-06,96.77999877929688,97.36000061035156,96.44000244140625,97.2300033569336,85.15205383300781,16013800
2021-05-07,97.54000091552734,98.58999633789062,97.25,98.58999633789062,86.34310913085938,6441200
2021-05-10,98.80000305175781,99.75,98.62999725341797,98.62999725341797,86.37814331054688,7486800
2021-05-11,97.9000015258789,97.9000015258789,96.72000122070312,97.51000213623047,85.39727020263672,8099300
2021-05-12,97.30999755859375,97.44000244140625,95.01000213623047,95.0999984741211,83.28662109375,9227200
2021-05-13,95.27999877929688,96.87999725341797,95.27999877929688,96.26000213623047,84.30254364013672,10680600
2021-05-14,96.77999877929688,97.62000274658203,96.56999969482422,97.33000183105469,85.2396240234375,5704900
2021-05-17,97.54000091552734,97.61000061035156,96.93000030517578,97.41999816894531,85.31842041015625,4665200
2021-05-18,97.37000274658203,98.0999984741211,96.80999755859375,97.55000305175781,85.43229675292969,3801600
2021-05-19,96.7699966430664,97.27999877929688,95.88999938964844,97.27999877929688,85.19583129882812,8013300
2021-05-20,97.30000305175781,98.7300033569336,97.05000305175781,98.4800033569336,86.24677276611328,6117200
2021-05-21,98.61000061035156,98.86000061035156,98.08000183105469,98.30999755859375,86.0978775024414,6711200
2021-05-24,98.80000305175781,99.81999969482422,98.66999816894531,99.41999816894531,87.06999969482422,4352500
2021-05-25,99.55000305175781,99.88999938964844,99.01000213623047,99.51000213623047,87.14881896972656,8828700
2021-05-26,99.70999908447266,100.33999633789062,99.45999908447266,99.83999633789062,87.43785095214844,6120900
2021-05-27,100.05000305175781,100.08999633789062,99.3499984741211,99.5,87.14007568359375,7308900
2021-05-28,100.02999877929688,100.47000122070312,99.77999877929688,100.19000244140625,87.7443618774414,7383300
2021-06-01,100.62999725341797,101.8499984741211,100.27999877929688,101.7699966430664,89.1280746459961,12740100
2021-06-02,102.22000122070312,103.08999633789062,101.79000091552734,102.98999786376953,90.196533203125,15539800
2021-06-03,102.94999694824219,102.94999694824219,102.18000030517578,102.79000091552734,90.02137756347656,14727100
2021-06-04,103.12000274658203,103.20999908447266,102.27999877929688,102.80000305175781,90.03013610839844,13005500
2021-06-07,102.9000015258789,104.0999984741211,102.9000015258789,103.80999755859375,90.91466522216797,6510100
2021-06-08,103.86000061035156,104.66999816894531,103.86000061035156,104.4800033569336,91.5014419555664,6112100
2021-06-09,104.79000091552734,105.01000213623047,104.51000213623047,104.70999908447266,91.702880859375,5928800
2021-06-10,104.1500015258789,105.22000122070312,103.86000061035156,104.97000122070312,92.3929443359375,5998100
2021-06-11,104.94999694824219,104.97000122070312,103.97000122070312,104.44999694824219,91.93524169921875,7348300
2021-06-14,104.38999938964844,104.91999816894531,104.26000213623047,104.91000366210938,92.34014892578125,5301700
2021-06-15,104.91000366210938,104.91000366210938,103.75,103.80999755859375,91.37191772460938,7924200
2021-06-16,104.04000091552734,104.41999816894531,102.83999633789062,102.87999725341797,90.55335998535156,8696000
2021-06-17,102.72000122070312,103.19000244140625,102.33999633789062,103.04000091552734,90.69417572021484,9029000
2021-06-18,102.76000213623047,102.9800033569336,101.37999725341797,101.41000366210938,89.25949096679688,7828200
2021-06-21,101.69999694824219,103.7300033569336,101.45999908447266,103.47000122070312,91.07266998291016,6758900
2021-06-22,103.51000213623047,103.54000091552734,102.93000030517578,102.97000122070312,90.63256072998047,6023100
2021-06-23,102.91999816894531,103.25,102.63999938964844,102.69999694824219,90.3949203491211,6447800
2021-06-24,103.0,103.02999877929688,101.94999694824219,102.36000061035156,90.09565734863281,4016200
2021-06-25,102.44999694824219,103.2300033569336,102.29000091552734,103.2300033569336,90.8614273071289,6519600
2021-06-28,103.44000244140625,103.47000122070312,102.08000183105469,102.81999969482422,90.50054931640625,4205000
2021-06-29,102.88999938964844,103.4000015258789,102.48999786376953,102.5199966430664,90.23648071289062,4639000
2021-06-30,102.56999969482422,103.11000061035156,101.81999969482422,101.94000244140625,89.72596740722656,7737400
2021-07-01,102.0,103.0999984741211,101.61000061035156,102.33999633789062,90.07804870605469,16376200
2021-07-02,102.7300033569336,103.16000366210938,102.27999877929688,102.68000030517578,90.3773193359375,16421400
2021-07-06,102.68000030517578,103.70999908447266,101.95999908447266,103.45999908447266,91.06385803222656,15654200
2021-07-07,103.41999816894531,104.3499984741211,103.04000091552734,103.83999633789062,91.39833068847656,14413500
2021-07-08,103.18000030517578,104.1500015258789,102.95999908447266,103.87999725341797,91.43354034423828,9538400
2021-07-09,104.3499984741211,105.44000244140625,104.02999877929688,105.4000015258789,92.77143096923828,9087900
2021-07-12,105.33000183105469,106.33000183105469,105.19000244140625,106.16999816894531,93.44915008544922,6150500
2021-07-13,105.93000030517578,106.08000183105469,104.37999725341797,104.63999938964844,92.10248565673828,10277000
2021-07-14,104.81999969482422,105.80000305175781,104.51000213623047,105.48999786376953,92.85062408447266,6584500
2021-07-15,105.30999755859375,105.87000274658203,105.26000213623047,105.76000213623047,93.0882797241211,5393200
2021-07-16,106.22000122070312,106.54000091552734,105.69999694824219,105.77999877929688,93.10588073730469,7061100
2021-07-19,104.83000183105469,104.88999938964844,103.16999816894531,103.93000030517578,91.4775390625,12408200
2021-07-20,104.5199966430664,106.6500015258789,104.37999725341797,106.2699966430664,93.53718566894531,8337700
2021-07-21,106.5199966430664,106.80999755859375,105.94000244140625,106.0999984741211,93.3875503540039,7475900
2021-07-22,105.6500015258789,105.76000213623047,104.83000183105469,105.30999755859375,92.69219207763672,4917100
2021-07-23,105.68000030517578,106.41000366210938,105.44000244140625,106.25,93.51956176757812,5695600
2021-07-26,106.13999938964844,106.47000122070312,105.48999786376953,106.18000030517578,93.45797729492188,4069000
2021-07-27,106.1500015258789,107.08999633789062,105.7699966430664,106.95999908447266,94.1445083618164,6394500
2021-07-28,106.81999969482422,106.98999786376953,106.08000183105469,106.44999694824219,93.69561767578125,7576300
2021-07-29,106.72000122070312,107.5,106.36000061035156,106.44999694824219,93.69561767578125,5299900
2021-07-30,106.66000366210938,107.98999786376953,106.5,106.72000122070312,93.9332504272461,5865600
2021-08-02,107.08999633789062,107.94000244140625,106.37000274658203,106.4800033569336,93.72201538085938,7787900
2021-08-03,106.79000091552734,106.9000015258789,105.98999786376953,106.69000244140625,93.90687561035156,6865200
2021-08-04,106.5199966430664,107.0199966430664,105.86000061035156,106.2699966430664,93.53718566894531,5810300
2021-08-05,106.83000183105469,107.37999725341797,106.41999816894531,107.33999633789062,94.47896575927734,5536800
2021-08-06,107.54000091552734,107.80000305175781,106.88999938964844,107.08000183105469,94.2501220703125,4280800
2021-08-09,106.94999694824219,106.94999694824219,106.33999633789062,106.5,93.73960876464844,3233400
2021-08-10,106.69999694824219,106.70999908447266,105.33999633789062,105.43000030517578,92.79781341552734,5110400
2021-08-11,105.94000244140625,106.19000244140625,105.47000122070312,106.02999877929688,93.32594299316406,5440000
2021-08-12,106.30000305175781,106.44000244140625,105.80999755859375,106.44000244140625,93.68682098388672,4141700
2021-08-13,106.69999694824219,107.06999969482422,106.29000091552734,107.05000305175781,94.22373962402344,6924600
2021-08-16,106.95999908447266,107.45999908447266,106.66000366210938,106.91000366210938,94.10047912597656,5347500
2021-08-17,106.4800033569336,106.9800033569336,106.06999969482422,106.91999816894531,94.1092758178711,4903400
2021-08-18,106.76000213623047,106.76000213623047,105.83000183105469,105.87999725341797,93.19391632080078,4409500
2021-08-19,105.62000274658203,106.61000061035156,105.23999786376953,106.45999908447266,93.70440673828125,6925900
2021-08-20,106.44000244140625,107.43000030517578,105.68000030517578,107.0,94.17969512939453,5076600
2021-08-23,107.19999694824219,107.38999938964844,106.5,106.76000213623047,93.96847534179688,4496400
2021-08-24,106.94000244140625,106.98999786376953,105.86000061035156,106.27999877929688,93.5459976196289,3597100
2021-08-25,106.26000213623047,106.7699966430664,105.79000091552734,106.2699966430664,93.53718566894531,4231900
2021-08-26,106.36000061035156,106.56999969482422,105.7699966430664,106.13999938964844,93.42274475097656,4458700
2021-08-27,106.52999877929688,107.48999786376953,106.47000122070312,107.16999816894531,94.329345703125,3620800
2021-08-30,107.31999969482422,108.33000183105469,106.9800033569336,108.27999877929688,95.30635833740234,6983800
2021-08-31,108.02999877929688,108.97000122070312,107.77999877929688,108.79000091552734,95.75525665283203,8709400
2021-09-01,109.08000183105469,110.75,109.04000091552734,110.75,97.48040008544922,16250300
2021-09-02,110.88999938964844,111.26000213623047,110.0,111.23999786376953,97.91168212890625,16311700
2021-09-03,110.97000122070312,111.44000244140625,110.02999877929688,111.2699966430664,97.93809509277344,15133700
2021-09-07,111.08999633789062,111.19000244140625,109.1500015258789,110.02999877929688,96.84668731689453,14891200
2021-09-08,109.75,110.97000122070312,109.41999816894531,110.63999938964844,97.38358306884766,10358700
2021-09-09,110.0199966430664,110.12000274658203,108.44000244140625,108.48999786376953,95.49118041992188,6180500
2021-09-10,108.66999816894531,108.69999694824219,107.02999877929688,107.05000305175781,94.22373962402344,7861100
2021-09-13,107.94999694824219,108.5,107.27999877929688,107.4800033569336,94.6021957397461,7833200
2021-09-14,108.0,108.12000274658203,106.80999755859375,107.20999908447266,94.36456298828125,6397200
2021-09-15,107.43000030517578,108.16999816894531,106.95999908447266,107.61000061035156,94.71662902832031,6245100
2021-09-16,107.48999786376953,108.29000091552734,106.94999694824219,107.80999755859375,94.89266204833984,6076200
2021-09-17,107.55999755859375,108.0199966430664,106.66000366210938,106.79000091552734,93.99486541748047,10076900
2021-09-20,105.7699966430664,106.83000183105469,105.0,106.2300033569336,93.5019760131836,12678100
2021-09-21,106.77999877929688,107.51000213623047,106.22000122070312,106.2300033569336,93.5019760131836,8385000
2021-09-22,106.94999694824219,107.8499984741211,106.45999908447266,107.2699966430664,94.41736602783203,7071900
2021-09-23,107.48999786376953,107.83000183105469,106.80000305175781,106.9000015258789,94.09170532226562,6242600
2021-09-24,106.29000091552734,106.72000122070312,105.20999908447266,105.38999938964844,93.01496124267578,7605200
2021-09-27,105.43000030517578,106.12000274658203,103.87000274658203,103.95999908447266,91.75286865234375,6814500
2021-09-28,103.4000015258789,103.80999755859375,102.62999725341797,103.22000122070312,91.09974670410156,11006100
2021-09-29,103.75,104.51000213623047,103.63999938964844,104.01000213623047,91.79698181152344,7849800
2021-09-30,104.45999908447266,104.48999786376953,102.37999725341797,102.38999938964844,90.36721801757812,11283100
2021-10-01,102.87999725341797,104.4000015258789,102.33999633789062,103.83000183105469,91.63811492919922,10761400
2021-10-04,103.56999969482422,104.18000030517578,103.05000305175781,103.62000274658203,91.45277404785156,10771600
2021-10-05,103.80000305175781,103.81999969482422,102.62999725341797,103.02999877929688,90.93207550048828,8068400
2021-10-06,102.55000305175781,104.13999938964844,101.55999755859375,104.05000305175781,91.83229064941406,8038400
2021-10-07,104.6500015258789,105.48999786376953,104.0999984741211,104.23999786376953,91.99998474121094,6938100
2021-10-08,104.06999969482422,104.29000091552734,103.20999908447266,103.33000183105469,91.19681549072266,4286100
2021-10-11,103.29000091552734,104.01000213623047,102.83000183105469,103.61000061035156,91.44396209716797,3609400
2021-10-12,103.80000305175781,105.41000366210938,103.52999877929688,105.0199966430664,92.68839263916016,6262300
2021-10-13,104.86000061035156,105.8499984741211,104.22000122070312,105.76000213623047,93.34149932861328,6317500
2021-10-14,106.43000030517578,107.22000122070312,106.1500015258789,107.19000244140625,94.60358428955078,4335100
2021-10-15,107.87000274658203,108.05999755859375,106.63999938964844,107.16999816894531,94.58592987060547,5649200
2021-10-18,106.62000274658203,107.80000305175781,106.5199966430664,107.41999816894531,94.80657196044922,6011700
2021-10-19,107.83999633789062,108.20999908447266,107.51000213623047,107.66000366210938,95.0184097290039,4084000
2021-10-20,107.75,109.26000213623047,107.75,109.26000213623047,96.43052673339844,4710100
2021-10-21,109.19000244140625,109.5,108.95999908447266,109.43000030517578,96.58057403564453,5806100
2021-10-22,109.62999725341797,110.33000183105469,109.54000091552734,110.0199966430664,97.1012954711914,8094900
2021-10-25,110.23999786376953,110.66000366210938,109.41999816894531,110.37000274658203,97.41019439697266,4816600
2021-10-26,110.56999969482422,111.08000183105469,110.3499984741211,110.69999694824219,97.70144653320312,6085900
2021-10-27,111.0999984741211,111.18000030517578,109.55000305175781,109.69000244140625,96.8100357055664,7741400
2021-10-28,109.62999725341797,111.01000213623047,109.5999984741211,110.95999908447266,97.930908203125,7503100
2021-10-29,110.56999969482422,110.9000015258789,109.25,109.83999633789062,96.94242858886719,8811200
2021-11-01,110.0,110.30000305175781,108.36000061035156,110.04000091552734,97.11891174316406,9795700
2021-11-02,110.51000213623047,110.93000030517578,109.63999938964844,110.47000122070312,97.49844360351562,6165200
2021-11-03,110.5199966430664,111.0,109.87000274658203,110.69000244140625,97.69261932373047,4774700
2021-11-04,110.80999755859375,111.19999694824219,109.36000061035156,109.72000122070312,96.83648681640625,4961600
2021-11-05,110.56999969482422,111.47000122070312,109.93000030517578,110.23999786376953,97.29544830322266,6082900
2021-11-08,110.51000213623047,110.51000213623047,109.26000213623047,110.0199966430664,97.1012954711914,4248800
2021-11-09,110.25,110.47000122070312,109.93000030517578,110.26000213623047,97.31311798095703,3419100
2021-11-10,110.06999969482422,110.62000274658203,109.70999908447266,109.76000213623047,96.87181854248047,4840900
2021-11-11,109.9000015258789,110.05999755859375,109.20999908447266,109.98999786376953,97.07481384277344,2752100
2021-11-12,110.27999877929688,110.33000183105469,109.62999725341797,110.04000091552734,97.11891174316406,4328300
2021-11-15,110.06999969482422,110.72000122070312,109.75,110.69000244140625,97.69261932373047,4996900
2021-11-16,110.80999755859375,110.88999938964844,109.76000213623047,110.04000091552734,97.11891174316406,4826700
2021-11-17,109.73999786376953,110.52999877929688,108.3499984741211,110.43000030517578,97.46315002441406,6854100
2021-11-18,110.5999984741211,110.5999984741211,109.86000061035156,110.37999725341797,97.41899871826172,5395200
2021-11-19,110.44000244140625,110.70999908447266,109.44000244140625,109.87999725341797,96.97772216796875,6454800
2021-11-22,109.91999816894531,110.13999938964844,109.02999877929688,109.13999938964844,96.32462310791016,4993300
2021-11-23,109.23999786376953,110.31999969482422,108.95999908447266,110.0199966430664,97.1012954711914,6294200
2021-11-24,110.05000305175781,111.54000091552734,109.79000091552734,111.3499984741211,98.2751235961914,5042300
2021-11-26,109.76000213623047,109.94000244140625,108.01000213623047,108.2699966430664,95.55675506591797,7050900
2021-11-29,109.16999816894531,110.25,108.43000030517578,109.41000366210938,96.56291198730469,9997900
2021-11-30,108.93000030517578,109.0999984741211,106.91999816894531,107.19000244140625,94.60358428955078,13914200
2021-12-01,108.31999969482422,109.51000213623047,105.51000213623047,105.54000091552734,93.1473388671875,17616800
2021-12-02,106.13999938964844,109.30999755859375,106.01000213623047,108.75,95.98042297363281,15008700
2021-12-03,109.0,109.37999725341797,107.43000030517578,108.26000213623047,95.5479507446289,14207500
2021-12-06,109.06999969482422,110.80000305175781,109.0199966430664,110.0,97.08363342285156,12441800
2021-12-07,110.94999694824219,111.93000030517578,110.58000183105469,111.6500015258789,98.53990173339844,7534800
2021-12-08,111.8499984741211,112.6500015258789,111.37999725341797,112.33999633789062,99.14885711669922,9311200
2021-12-09,112.04000091552734,112.05999755859375,110.83999633789062,110.91000366210938,97.88680267333984,5102300
2021-12-10,111.23999786376953,111.58999633789062,110.76000213623047,111.18000030517578,98.12507629394531,3593700
2021-12-13,109.79000091552734,111.73999786376953,109.62999725341797,111.25,99.20138549804688,7406800
2021-12-14,111.11000061035156,111.11000061035156,109.25,109.88999938964844,97.98863983154297,11908600
2021-12-15,110.0,111.58000183105469,109.94999694824219,111.4000015258789,99.3351058959961,11106400
2021-12-16,111.66999816894531,112.36000061035156,110.83000183105469,111.43000030517578,99.36186218261719,8093000
2021-12-17,111.2300033569336,112.4800033569336,110.93000030517578,111.20999908447266,99.16568756103516,9501900
2021-12-20,110.13999938964844,110.79000091552734,109.23999786376953,110.31999969482422,98.3720703125,15275200
2021-12-21,111.1500015258789,111.9800033569336,111.0,111.43000030517578,99.36186218261719,7384800
2021-12-22,111.79000091552734,112.5999984741211,111.69000244140625,112.51000213623047,100.32489013671875,5007700
2021-12-23,112.94999694824219,112.94999694824219,111.83999633789062,112.41000366210938,100.2357177734375,7972000
2021-12-27,112.5,114.33000183105469,112.36000061035156,114.29000091552734,101.91212463378906,8782300
2021-12-28,114.36000061035156,114.86000061035156,113.97000122070312,114.68000030517578,102.2598648071289,7629000
2021-12-29,114.87000274658203,115.73999786376953,114.41999816894531,115.43000030517578,102.92865753173828,6502600
2021-12-30,115.43000030517578,116.37000274658203,115.08999633789062,115.94999694824219,103.39231872558594,7116800
2021-12-31,115.91999816894531,116.88999938964844,115.87999725341797,116.13999938964844,103.56175231933594,3877400
2022-01-03,116.5,116.75,113.58000183105469,115.26000213623047,102.7770767211914,13194000
2022-01-04,115.58000183105469,116.13999938964844,114.88999938964844,115.04000091552734,102.58088684082031,9363000
2022-01-05,114.75,114.91000366210938,111.55000305175781,111.62999725341797,99.54019927978516,12110000
2022-01-06,111.73999786376953,112.12999725341797,110.51000213623047,111.61000061035156,99.52236938476562,7920600
2022-01-07,111.30000305175781,111.62999725341797,110.55000305175781,110.86000061035156,98.85359191894531,7883300
2022-01-10,110.25,110.33000183105469,108.8499984741211,110.30000305175781,98.354248046875,10109200
2022-01-11,110.27999877929688,110.66000366210938,108.87999725341797,110.58000183105469,98.60392761230469,7339300
2022-01-12,110.5,111.38999938964844,110.5,110.69000244140625,98.70201110839844,5936600
2022-01-13,111.08000183105469,111.4800033569336,110.22000122070312,110.33999633789062,98.38990783691406,6922600
2022-01-14,109.79000091552734,109.94000244140625,108.0999984741211,109.29000091552734,97.45362091064453,12194800
2022-01-18,108.58000183105469,108.80999755859375,107.55999755859375,108.30999755859375,96.57978057861328,9457200
2022-01-19,108.77999877929688,109.37000274658203,106.94000244140625,106.94999694824219,95.36707305908203,7194100
2022-01-20,107.19999694824219,108.38999938964844,105.58000183105469,105.62000274658203,94.18109893798828,12901400
2022-01-21,106.2300033569336,106.75,105.12999725341797,105.37000274658203,93.95819091796875,16205400
2022-01-24,104.63999938964844,105.79000091552734,101.7300033569336,105.54000091552734,94.10977172851562,19913600
2022-01-25,104.33999633789062,105.88999938964844,103.19999694824219,105.05999755859375,93.6817398071289,14780800
2022-01-26,105.77999877929688,106.88999938964844,102.76000213623047,103.36000061035156,92.16588592529297,15672600
2022-01-27,104.08999633789062,104.95999908447266,101.4000015258789,101.80999755859375,90.78373718261719,11946500
2022-01-28,101.98999786376953,105.12000274658203,100.80000305175781,104.9800033569336,93.61042022705078,13488400
2022-01-31,104.66000366210938,106.6500015258789,104.33000183105469,106.58000183105469,95.03711700439453,8569000
2022-02-01,106.58999633789062,106.75,105.36000061035156,105.98999786376953,94.51102447509766,11087000
2022-02-02,106.56999969482422,107.70999908447266,106.37000274658203,107.45999908447266,95.82183837890625,7393800
2022-02-03,106.79000091552734,107.19000244140625,106.11000061035156,106.11000061035156,94.61803436279297,7099600
2022-02-04,105.55999755859375,106.38999938964844,104.20999908447266,105.12999725341797,93.74417877197266,9197300
2022-02-07,105.2699966430664,105.70999908447266,104.7300033569336,104.94999694824219,93.58365631103516,7632100
2022-02-08,104.83000183105469,105.26000213623047,104.1500015258789,104.4000015258789,93.09322357177734,8280000
2022-02-09,105.52999877929688,106.87000274658203,105.5199966430664,106.79000091552734,95.22437286376953,7728600
2022-02-10,105.30000305175781,106.69999694824219,103.55999755859375,104.12000274658203,92.84356689453125,11837300
2022-02-11,104.66999816894531,104.98999786376953,102.44000244140625,103.04000091552734,91.88050842285156,10952300
2022-02-14,103.13999938964844,103.80999755859375,101.66000366210938,102.08000183105469,91.02449798583984,8473000
2022-02-15,103.05999755859375,103.54000091552734,102.55999755859375,102.86000061035156,91.72000885009766,6383600
2022-02-16,103.04000091552734,103.4800033569336,102.1500015258789,103.19999694824219,92.023193359375,7205200
2022-02-17,102.87000274658203,103.16000366210938,101.9000015258789,102.04000091552734,90.98883056640625,7504500
2022-02-18,101.93000030517578,102.83999633789062,101.33000183105469,101.51000213623047,90.51622772216797,8281700
2022-02-22,101.2300033569336,101.81999969482422,100.44999694824219,100.98999786376953,90.05255126953125,10853700
2022-02-23,101.45999908447266,102.19999694824219,99.16000366210938,99.20999908447266,88.4653091430664,10679800
2022-02-24,97.31999969482422,101.33999633789062,97.05000305175781,100.97000122070312,90.03469848632812,15484100
2022-02-25,101.48999786376953,103.52999877929688,100.83999633789062,103.4000015258789,92.20152282714844,9811200
2022-02-28,102.30000305175781,102.86000061035156,100.75,101.69000244140625,90.67671966552734,13154700
2022-03-01,102.11000061035156,102.68000030517578,100.8499984741211,101.43000030517578,90.44487762451172,11661600
2022-03-02,101.91000366210938,103.69000244140625,101.79000091552734,103.18000030517578,92.0053482055664,10335700
2022-03-03,103.80999755859375,104.38999938964844,102.70999908447266,104.02999877929688,92.7633056640625,7639500
2022-03-04,103.16999816894531,104.6500015258789,102.91000366210938,104.54000091552734,93.21807098388672,9952700
2022-03-07,104.31999969482422,104.5199966430664,102.4000015258789,102.4000015258789,91.30984497070312,10114100
2022-03-08,102.25,103.7699966430664,101.62999725341797,101.83000183105469,90.80157470703125,9401700
2022-03-09,103.66999816894531,104.55000305175781,103.27999877929688,103.45999908447266,92.2550277709961,9432400
2022-03-10,102.30999755859375,103.95999908447266,102.06999969482422,103.70999908447266,92.47795867919922,8782900
2022-03-11,104.33999633789062,104.94000244140625,102.80000305175781,102.83999633789062,91.7021713256836,5966300
2022-03-14,103.48999786376953,103.62000274658203,101.66000366210938,102.11000061035156,91.05121612548828,8515900
2022-03-15,103.16000366210938,103.55999755859375,101.91000366210938,102.81999969482422,91.6843490600586,6331600
2022-03-16,103.62000274658203,104.58000183105469,101.86000061035156,104.11000061035156,92.83465576171875,8138300
2022-03-17,103.76000213623047,105.62999725341797,103.6500015258789,105.62999725341797,94.19001007080078,7172800
2022-03-18,105.62999725341797,106.1500015258789,105.1500015258789,105.83000183105469,94.36835479736328,7229100
2022-03-21,105.8499984741211,106.37000274658203,104.75,105.2699966430664,93.86900329589844,6595600
2022-03-22,105.77999877929688,106.08000183105469,105.30000305175781,105.55999755859375,94.12759399414062,4695000
2022-03-23,105.22000122070312,105.58999633789062,104.19999694824219,104.41999816894531,93.11104583740234,4720800
2022-03-24,104.0199966430664,104.68000030517578,103.63999938964844,104.6500015258789,93.70471954345703,3886600
2022-03-25,105.11000061035156,105.91999816894531,104.66999816894531,105.87000274658203,94.797119140625,5140500
2022-03-28,106.12000274658203,107.08000183105469,105.83000183105469,107.06999969482422,95.87161254882812,5069500
2022-03-29,108.19999694824219,110.33999633789062,108.06999969482422,110.12000274658203,98.60260772705078,11486900
2022-03-30,109.73999786376953,109.8499984741211,108.87999725341797,109.37000274658203,97.9310531616211,6047100
2022-03-31,109.86000061035156,110.0999984741211,107.91999816894531,108.22000122070312,96.9013442993164,11802300
2022-04-01,108.47000122070312,110.11000061035156,108.08999633789062,110.02999877929688,98.52202606201172,8195800
2022-04-04,110.11000061035156,110.36000061035156,108.69999694824219,109.62999725341797,98.16384887695312,6140300
2022-04-05,109.29000091552734,110.75,108.87999725341797,109.2699966430664,97.84152221679688,8433700
2022-04-06,108.68000030517578,110.70999908447266,108.26000213623047,110.55000305175781,98.9876480102539,9412400
2022-04-07,109.97000122070312,110.12000274658203,108.86000061035156,109.72000122070312,98.24444580078125,8487900
2022-04-08,109.75,110.27999877929688,109.01000213623047,109.8499984741211,98.3608627319336,7789900
2022-04-11,109.62999725341797,110.12000274658203,108.36000061035156,108.62999725341797,97.26844024658203,7436300
2022-04-12,108.6500015258789,109.37000274658203,107.95999908447266,108.38999938964844,97.05355072021484,9739400
2022-04-13,108.38999938964844,109.16000366210938,108.06999969482422,109.02999877929688,97.6266098022461,7387700
2022-04-14,109.20999908447266,109.86000061035156,108.43000030517578,108.5,97.15206146240234,5112400
2022-04-18,108.27999877929688,108.8499984741211,107.56999969482422,108.11000061035156,96.80282592773438,6909300
2022-04-19,108.76000213623047,110.6500015258789,108.72000122070312,110.37999725341797,98.83541107177734,10807200
2022-04-20,110.62000274658203,112.5999984741211,110.61000061035156,112.37999725341797,100.6262435913086,9078600
2022-04-21,112.69999694824219,113.12999725341797,111.41000366210938,111.48999786376953,99.82933044433594,7741400
2022-04-22,111.19999694824219,111.30999755859375,109.44000244140625,109.55999755859375,98.1011734008789,8384400
2022-04-25,109.30999755859375,109.66999816894531,107.44000244140625,109.19000244140625,97.76988220214844,8750500
2022-04-26,108.81999969482422,109.58000183105469,107.31999969482422,107.41000366210938,96.17604064941406,12086000
2022-04-27,107.48999786376953,108.41000366210938,106.66999816894531,106.7699966430664,95.60298919677734,7418700
2022-04-28,107.3499984741211,109.08000183105469,106.19999694824219,108.76000213623047,97.38484954833984,10374600
2022-04-29,108.20999908447266,108.20999908447266,103.44999694824219,103.75,92.89884185791016,17174200
2022-05-02,104.06999969482422,104.36000061035156,99.29000091552734,101.19000244140625,90.60660552978516,20384100
2022-05-03,101.83999633789062,103.30999755859375,101.12999725341797,102.70999908447266,91.96761322021484,10678900
2022-05-04,102.62999725341797,104.05999755859375,100.91000366210938,103.83999633789062,92.97943115234375,11560800
2022-05-05,103.25,103.97000122070312,100.37999725341797,101.12999725341797,90.55286407470703,11247800
2022-05-06,100.44999694824219,100.68000030517578,98.87999725341797,99.83000183105469,89.38883209228516,13089000
2022-05-09,99.05999755859375,99.05999755859375,95.2300033569336,95.5999984741211,85.60124969482422,13663300
2022-05-10,96.68000030517578,97.37000274658203,93.05999755859375,93.75,83.94474029541016,16636100
2022-05-11,93.98999786376953,95.69000244140625,93.38999938964844,93.55000305175781,83.76567077636719,14684100
2022-05-12,93.37999725341797,94.37999725341797,92.88999938964844,94.22000122070312,84.3656005859375,11695300
2022-05-13,95.19000244140625,96.8499984741211,94.52999877929688,96.7699966430664,86.64888763427734,9053100
2022-05-16,96.66999816894531,96.98999786376953,95.97000122070312,96.12999725341797,86.0758056640625,6916400
2022-05-17,97.08999633789062,97.30000305175781,95.87000274658203,97.19999694824219,87.03389739990234,6838500
2022-05-18,96.9000015258789,97.12000274658203,94.11000061035156,94.38999938964844,84.51781463623047,7983200
2022-05-19,93.69999694824219,95.2699966430664,93.69999694824219,94.16000366210938,84.3118667602539,8900600
2022-05-20,95.04000091552734,95.19000244140625,93.43000030517578,94.87999725341797,84.9565658569336,11305000
2022-05-23,95.76000213623047,96.3499984741211,94.41000366210938,96.04000091552734,85.9952392578125,7684400
2022-05-24,95.66000366210938,97.0999984741211,94.25,96.95999908447266,86.81900787353516,8120500
2022-05-25,96.58999633789062,97.94000244140625,96.27999877929688,97.6500015258789,87.43684387207031,5831100
2022-05-26,98.06999969482422,98.7300033569336,97.58999633789062,97.73999786376953,87.51742553710938,5817900
2022-05-27,98.31999969482422,100.41999816894531,98.25,100.36000061035156,89.86341857910156,5921700
2022-05-31,99.4800033569336,99.81999969482422,98.63999938964844,99.13999938964844,88.77101135253906,6680400
2022-06-01,99.47000122070312,99.51000213623047,97.08000183105469,98.26000213623047,87.9830551147461,8342600
2022-06-02,97.76000213623047,99.73999786376953,96.72000122070312,99.68000030517578,89.25452423095703,6916000
2022-06-03,98.76000213623047,99.41999816894531,98.12000274658203,98.3499984741211,88.06362915039062,6051800
2022-06-06,99.08999633789062,99.30000305175781,97.83000183105469,98.01000213623047,87.75919342041016,7749900
2022-06-07,97.7300033569336,99.37000274658203,97.13999938964844,99.31999969482422,88.93218231201172,6406600
2022-06-08,98.73999786376953,98.94999694824219,96.80999755859375,97.04000091552734,86.89064025878906,5968800
2022-06-09,96.29000091552734,96.95999908447266,94.5,94.55000305175781,84.963134765625,8054300
2022-06-10,93.5,93.52999877929688,92.4000015258789,92.47000122070312,83.09403991699219,8669300
2022-06-13,90.5,90.5,87.52999877929688,87.91000366210938,78.99639892578125,11994400
2022-06-14,88.23999786376953,88.37999725341797,86.5999984741211,87.22000122070312,78.37635803222656,10648500
2022-06-15,87.98999786376953,90.44000244140625,87.80000305175781,89.19000244140625,80.14659881591797,10030500
2022-06-16,87.3499984741211,87.91999816894531,86.56999969482422,86.94999694824219,78.13372802734375,11127100
2022-06-17,87.19000244140625,88.7300033569336,86.80999755859375,87.66000366210938,78.77174377441406,12095000
2022-06-21,88.5999984741211,89.86000061035156,88.5,89.02999877929688,80.0028305053711,5267800
2022-06-22,88.26000213623047,91.41000366210938,88.0999984741211,90.30999755859375,81.15303802490234,7123000
2022-06-23,90.69000244140625,92.31999969482422,90.52999877929688,92.08000183105469,82.74359130859375,5966300
2022-06-24,92.72000122070312,94.33000183105469,92.44000244140625,94.04000091552734,84.50485229492188,5548800
2022-06-27,93.87999725341797,94.87999725341797,93.3499984741211,93.83000183105469,84.31613159179688,6886500
2022-06-28,94.38999938964844,95.0,92.56999969482422,92.72000122070312,83.31868743896484,5507200
2022-06-29,92.12999725341797,92.3499984741211,91.0999984741211,92.16000366210938,82.81548309326172,5278200
2022-06-30,91.55999755859375,93.12999725341797,90.87999725341797,91.9800033569336,82.65372467041016,7746000
2022-07-01,91.79000091552734,93.95999908447266,91.72000122070312,93.70999908447266,84.20831298828125,7157500
2022-07-05,92.8499984741211,93.41000366210938,91.2300033569336,93.31999969482422,83.85784912109375,6353900
2022-07-06,93.66999816894531,94.54000091552734,93.02999877929688,93.30999755859375,83.8488540649414,9022000
2022-07-07,93.73999786376953,94.30000305175781,93.19000244140625,93.47000122070312,83.99263763427734,4296500
2022-07-08,93.08999633789062,93.68000030517578,92.55999755859375,93.01000213623047,83.57926940917969,4098400
2022-07-11,92.7300033569336,93.19999694824219,92.13999938964844,92.83000183105469,83.41754913330078,4060800
2022-07-12,92.33000183105469,93.33999633789062,91.69999694824219,92.36000061035156,82.99519348144531,7560800
2022-07-13,91.44999694824219,92.62999725341797,90.76000213623047,91.97000122070312,82.64473724365234,6089000
2022-07-14,90.51000213623047,91.47000122070312,90.4000015258789,91.06999969482422,81.83598327636719,5904200
2022-07-15,92.58000183105469,93.06999969482422,91.70999908447266,92.62000274658203,83.22882080078125,4818200
2022-07-18,93.29000091552734,93.33000183105469,91.52999877929688,91.87000274658203,82.55487060546875,4728500
2022-07-19,92.55999755859375,94.31999969482422,92.52999877929688,94.23999786376953,84.6845703125,4771100
2022-07-20,94.12000274658203,95.1500015258789,93.56999969482422,93.95999908447266,84.43296813964844,6332600
2022-07-21,94.08000183105469,94.83000183105469,93.2300033569336,94.77999877929688,85.16981506347656,4335100
2022-07-22,95.0,95.95999908447266,94.66000366210938,95.3499984741211,85.68201446533203,4629200
2022-07-25,95.4800033569336,95.9800033569336,94.9800033569336,95.48999786376953,85.80781555175781,4302200
2022-07-26,95.41000366210938,96.08000183105469,95.2300033569336,95.55000305175781,85.86174011230469,2895000
2022-07-27,95.7699966430664,96.58999633789062,95.19999694824219,96.3499984741211,86.58061981201172,5050500
2022-07-28,97.05999755859375,99.63999938964844,97.0199966430664,99.55000305175781,89.45616912841797,8515600
2022-07-29,99.55999755859375,100.45999908447266,99.16999816894531,100.12999725341797,89.97735595703125,7852900
2022-08-01,99.66999816894531,99.87999725341797,98.83999633789062,99.29000091552734,89.2225341796875,6820100
2022-08-02,99.16000366210938,99.47000122070312,97.91999816894531,98.01000213623047,88.07231140136719,4568800
2022-08-03,98.55000305175781,99.29000091552734,98.2699966430664,98.31999969482422,88.35088348388672,4496000
2022-08-04,98.52999877929688,98.62000274658203,97.66000366210938,98.2699966430664,88.30593872070312,3993900
2022-08-05,97.29000091552734,98.56999969482422,97.19999694824219,98.55000305175781,88.55757141113281,4444900
2022-08-08,99.3499984741211,100.19999694824219,98.80999755859375,99.33999633789062,89.26746368408203,6310300
2022-08-09,99.62999725341797,99.94000244140625,99.05000305175781,99.93000030517578,89.79762268066406,3584900
2022-08-10,101.0,101.55999755859375,100.62999725341797,101.41999816894531,91.13654327392578,6627300
2022-08-11,101.79000091552734,102.26000213623047,100.76000213623047,101.06999969482422,90.822021484375,5766600
2022-08-12,101.69000244140625,102.80000305175781,101.56999969482422,102.69000244140625,92.27779388427734,4908000
2022-08-15,102.52999877929688,103.33000183105469,102.38999938964844,103.19000244140625,92.72708129882812,4630900
2022-08-16,102.73999786376953,103.36000061035156,102.47000122070312,102.80999755859375,92.38561248779297,4132300
2022-08-17,101.9800033569336,102.91999816894531,101.68000030517578,102.37999725341797,91.99919891357422,3552800
2022-08-18,102.44999694824219,102.5999984741211,101.12000274658203,101.58999633789062,91.28929901123047,3164100
2022-08-19,101.27999877929688,101.41999816894531,100.27999877929688,100.66000366210938,90.45361328125,4611100
2022-08-22,99.87999725341797,99.87999725341797,98.44999694824219,98.55999755859375,88.5665512084961,5565500
2022-08-23,98.33000183105469,98.58000183105469,96.87000274658203,97.25,87.38937377929688,5346700
2022-08-24,97.4000015258789,98.41999816894531,97.2699966430664,97.83000183105469,87.9105453491211,3863600
2022-08-25,98.1500015258789,99.33999633789062,97.93000030517578,99.33999633789062,89.26746368408203,3076900
2022-08-26,99.33999633789062,99.41999816894531,96.81999969482422,96.9000015258789,87.07483673095703,5300100
2022-08-29,96.30999755859375,97.02999877929688,95.83999633789062,96.04000091552734,86.30206298828125,3996300
2022-08-30,96.33000183105469,96.45999908447266,94.38999938964844,94.63999938964844,85.04400634765625,4343900
2022-08-31,95.19999694824219,95.6500015258789,93.94999694824219,94.26000213623047,84.7025375366211,5569100
2022-09-01,93.7699966430664,94.54000091552734,92.81999969482422,94.43000030517578,84.85530090332031,7122900
2022-09-02,95.26000213623047,95.5,93.0,93.20999908447266,83.75900268554688,5736100
2022-09-06,93.69000244140625,94.72000122070312,93.30000305175781,94.27999877929688,84.72051239013672,7616200
2022-09-07,94.30000305175781,96.27999877929688,94.11000061035156,96.12000274658203,86.37394714355469,4111500
2022-09-08,95.6500015258789,96.69000244140625,95.30000305175781,96.4000015258789,86.62554931640625,4503000
2022-09-09,96.63999938964844,97.6500015258789,96.22000122070312,97.31999969482422,87.45226287841797,4086300
2022-09-12,97.4800033569336,98.37999725341797,97.4800033569336,98.16000366210938,88.20709991455078,3640700
2022-09-13,96.26000213623047,96.55999755859375,94.22000122070312,94.52999877929688,84.9451675415039,7338700
2022-09-14,94.19000244140625,94.2699966430664,92.70999908447266,93.29000091552734,83.83090209960938,7836600
2022-09-15,93.62999725341797,93.62999725341797,91.47000122070312,91.58000183105469,82.29426574707031,7526100
2022-09-16,91.08999633789062,91.56999969482422,90.41999816894531,91.51000213623047,82.23137664794922,8387900
2022-09-19,90.69999694824219,91.43000030517578,90.06999969482422,91.38999938964844,82.12354278564453,6203600
2022-09-20,90.69000244140625,90.69000244140625,88.72000122070312,89.16000366210938,80.11967468261719,9755300
2022-09-21,89.75,90.38999938964844,87.80999755859375,87.80999755859375,78.90653228759766,7923700
2022-09-22,87.6500015258789,87.6500015258789,86.5999984741211,86.94000244140625,78.12474822998047,8593800
2022-09-23,86.12999725341797,86.48999786376953,84.8499984741211,85.80000305175781,77.10033416748047,12200900
2022-09-26,84.4800033569336,84.4800033569336,81.72000122070312,82.61000061035156,75.0145263671875,14629400
2022-09-27,83.31999969482422,83.83000183105469,81.20999908447266,81.43000030517578,73.94303131103516,10180200
2022-09-28,82.19999694824219,83.3499984741211,81.37000274658203,83.01000213623047,75.37776184082031,12138700
2022-09-29,82.2300033569336,82.23999786376953,80.08999633789062,80.63999938964844,73.22566223144531,11420000
2022-09-30,81.30999755859375,82.08000183105469,80.87999725341797,81.41999816894531,73.93394470214844,13320100
2022-10-03,82.66000366210938,83.41999816894531,81.29000091552734,82.94000244140625,75.31420135498047,9489600
2022-10-04,83.80000305175781,85.19999694824219,83.75,84.55000305175781,76.77618408203125,8849400
2022-10-05,83.48999786376953,83.55000305175781,81.54000091552734,82.86000061035156,75.24154663085938,8640700
2022-10-06,82.76000213623047,82.98999786376953,80.4000015258789,80.5199966430664,73.11669158935547,11077100
2022-10-07,79.87000274658203,80.22000122070312,78.11000061035156,78.62999725341797,71.40045928955078,10456000
2022-10-10,78.80000305175781,79.37000274658203,77.6500015258789,77.75,70.60137939453125,6640200
2022-10-11,77.76000213623047,79.13999938964844,76.83999633789062,78.61000061035156,71.38231658935547,8368000
2022-10-12,78.56999969482422,78.58000183105469,77.23999786376953,77.72000122070312,70.57414245605469,7080300
2022-10-13,75.98999786376953,79.4000015258789,75.66000366210938,78.98999786376953,71.72735595703125,10562200
2022-10-14,80.04000091552734,80.18000030517578,76.93000030517578,76.97000122070312,69.89309692382812,9995700
2022-10-17,78.41000366210938,80.1500015258789,78.31999969482422,79.80999755859375,72.47196197509766,7878200
2022-10-18,81.20999908447266,81.8499984741211,80.0,80.70999908447266,73.28922271728516,7811700
2022-10-19,80.0,80.16000366210938,78.2699966430664,78.69999694824219,71.46401977539062,6603000
2022-10-20,78.80000305175781,79.61000061035156,78.13999938964844,78.33000183105469,71.1280517578125,6245700
2022-10-21,78.48999786376953,78.91000366210938,77.23999786376953,78.87000274658203,71.6183853149414,9357400
2022-10-24,79.5199966430664,79.83999633789062,78.23999786376953,78.80999755859375,71.56392669677734,4703400
2022-10-25,79.12000274658203,82.0999984741211,79.01000213623047,81.94999694824219,74.41520690917969,8088000
2022-10-26,82.04000091552734,82.83999633789062,81.55000305175781,82.11000061035156,74.56048583984375,8517600
2022-10-27,82.4800033569336,83.18000030517578,81.94000244140625,82.26000213623047,74.69673156738281,6276500
2022-10-28,81.76000213623047,84.30999755859375,81.63999938964844,84.08999633789062,76.35844421386719,6150400
2022-10-31,83.31999969482422,84.43000030517578,83.08000183105469,83.98999786376953,76.26764678955078,6648600
2022-11-01,84.87000274658203,85.12999725341797,83.6500015258789,83.83000183105469,76.12236785888672,5529200
2022-11-02,83.37000274658203,84.38999938964844,81.45999908447266,81.58000183105469,74.07923889160156,9168500
2022-11-03,80.93000030517578,82.18000030517578,80.01000213623047,81.5199966430664,74.02474975585938,7062500
2022-11-04,82.44000244140625,83.13999938964844,81.05000305175781,82.6500015258789,75.05084991455078,7030500
2022-11-07,83.12999725341797,83.54000091552734,82.16999816894531,82.69999694824219,75.09626007080078,5931000
2022-11-08,82.88999938964844,83.9000015258789,82.5,83.08000183105469,75.44133758544922,6634400
2022-11-09,82.9000015258789,83.79000091552734,82.08000183105469,82.26000213623047,74.69673156738281,5438500
2022-11-10,85.33999633789062,88.44000244140625,85.1500015258789,88.25,80.1359634399414,10527900
2022-11-11,88.43000030517578,89.12000274658203,87.87000274658203,88.04000091552734,79.94527435302734,9455500
2022-11-14,87.69000244140625,87.80999755859375,85.93000030517578,86.0199966430664,78.11099243164062,6217700
2022-11-15,87.20999908447266,87.5199966430664,85.9800033569336,87.01000213623047,79.00997924804688,6334900
2022-11-16,86.7300033569336,87.05999755859375,85.97000122070312,86.22000122070312,78.29261016845703,6578000
2022-11-17,85.12000274658203,85.7300033569336,84.76000213623047,85.52999877929688,77.66605377197266,4469300
2022-11-18,86.8499984741211,86.88999938964844,85.6500015258789,86.58999633789062,78.62857818603516,4822800
2022-11-21,86.2699966430664,87.16999816894531,86.05999755859375,87.05999755859375,79.05538177490234,4889800
2022-11-22,87.38999938964844,87.56999969482422,86.87000274658203,87.5,79.4549331665039,3302700
2022-11-23,87.41000366210938,88.02999877929688,86.93000030517578,87.62000274658203,79.56388854980469,3266100
2022-11-25,87.97000122070312,88.20999908447266,87.66999816894531,88.19999694824219,80.09056091308594,2441800
2022-11-28,87.70999908447266,88.08000183105469,85.61000061035156,85.7699966430664,77.88398742675781,4659500
2022-11-29,85.9000015258789,87.25,85.62999725341797,87.19999694824219,79.18250274658203,4084500
2022-11-30,86.95999908447266,89.22000122070312,86.37000274658203,89.16999816894531,80.97138214111328,7413100
2022-12-01,90.04000091552734,90.47000122070312,88.33000183105469,89.05999755859375,80.87149810791016,8371800
2022-12-02,87.91000366210938,89.22000122070312,87.62999725341797,88.77999877929688,80.61724090576172,5360200
2022-12-05,88.16999816894531,88.37999725341797,87.01000213623047,87.19000244140625,79.17343139648438,10561400
2022-12-06,87.44000244140625,87.44000244140625,86.0,86.37000274658203,78.4288101196289,7308500
2022-12-07,86.11000061035156,87.44000244140625,86.06999969482422,86.54000091552734,78.58319854736328,5575500
2022-12-08,87.01000213623047,87.94000244140625,86.69000244140625,87.19999694824219,79.18250274658203,5272200
2022-12-09,87.0199966430664,87.91000366210938,86.75,87.08999633789062,79.08262634277344,5124600
2022-12-12,87.30000305175781,87.7699966430664,86.33000183105469,87.7300033569336,79.66378021240234,5613700
2022-12-13,89.75,89.95999908447266,87.5999984741211,88.56999969482422,81.1517562866211,10901600
2022-12-14,88.56999969482422,89.58999633789062,87.55000305175781,87.97000122070312,80.60202026367188,8411200
2022-12-15,86.77999877929688,87.58000183105469,86.27999877929688,86.70999908447266,79.44754791259766,8088300
2022-12-16,85.91999816894531,85.91999816894531,83.6500015258789,84.5199966430664,77.44094848632812,7904000
2022-12-19,84.25,84.4800033569336,83.02999877929688,83.5199966430664,76.52472686767578,4759000
2022-12-20,83.1500015258789,83.80000305175781,82.3499984741211,83.29000091552734,76.3139877319336,4732000
2022-12-21,83.87999725341797,85.0199966430664,83.80000305175781,84.1500015258789,77.10195922851562,4836000
2022-12-22,83.44000244140625,83.87999725341797,82.27999877929688,83.80999755859375,76.7904281616211,5294100
2022-12-23,83.80000305175781,84.55000305175781,83.22000122070312,84.52999877929688,77.45014190673828,2958900
2022-12-27,84.55999755859375,84.76000213623047,83.73999786376953,84.47000122070312,77.39515686035156,3787800
2022-12-28,84.72000122070312,85.05999755859375,82.97000122070312,83.04000091552734,76.08493041992188,3734900
2022-12-29,83.72000122070312,85.08000183105469,83.43000030517578,84.88999938964844,77.77998352050781,3904000
2022-12-30,84.30999755859375,84.66999816894531,83.23999786376953,84.19000244140625,77.13861083984375,4576300
2023-01-03,84.95999908447266,85.61000061035156,83.41999816894531,84.33999633789062,77.27603912353516,8371700
2023-01-04,85.0999984741211,86.97000122070312,84.7699966430664,86.1500015258789,78.93445587158203,8849000
2023-01-05,85.51000213623047,85.51000213623047,83.72000122070312,83.8499984741211,76.82708740234375,7553900
2023-01-06,84.58000183105469,86.48999786376953,83.91999816894531,86.20999908447266,78.98942565917969,5508400
2023-01-09,86.5,87.19000244140625,85.87000274658203,86.20999908447266,78.98942565917969,5028500
2023-01-10,86.12000274658203,86.44000244140625,85.31999969482422,86.4000015258789,79.16351318359375,3950500
2023-01-11,87.16000366210938,89.55000305175781,87.13999938964844,89.54000091552734,82.04051971435547,7431800
2023-01-12,89.98999786376953,90.66999816894531,88.97000122070312,90.51000213623047,82.92928314208984,6204500
2023-01-13,89.77999877929688,90.3499984741211,89.3499984741211,90.01000213623047,82.47115325927734,5779600
2023-01-17,90.11000061035156,90.63999938964844,89.8499984741211,90.0999984741211,82.5536117553711,4915600
2023-01-18,90.56999969482422,90.66999816894531,88.72000122070312,88.8499984741211,81.4083023071289,5395000
2023-01-19,88.4800033569336,89.37999725341797,88.1500015258789,88.37000274658203,80.96851348876953,4160500
2023-01-20,88.41000366210938,89.51000213623047,87.37999725341797,89.47000122070312,81.97638702392578,4729000
2023-01-23,89.51000213623047,90.30999755859375,88.88999938964844,89.80000305175781,82.27873992919922,5141800
2023-01-24,89.68000030517578,90.4000015258789,88.41999816894531,90.06999969482422,82.526123046875,3608000
2023-01-25,89.5,90.23999786376953,89.16999816894531,89.97000122070312,82.43452453613281,3782900
2023-01-26,90.4800033569336,91.0199966430664,90.01000213623047,90.97000122070312,83.35075378417969,3765500
2023-01-27,90.80999755859375,92.26000213623047,90.75,91.9000015258789,84.20285034179688,3790000
2023-01-30,91.2300033569336,92.16999816894531,90.75,90.80000305175781,83.19499969482422,3465700
2023-01-31,90.76000213623047,92.66999816894531,90.7300033569336,92.58999633789062,84.83506774902344,6607000
2023-02-01,92.2300033569336,93.80999755859375,91.18000030517578,93.19000244140625,85.38482666015625,9861300
2023-02-02,93.98999786376953,96.0199966430664,93.97000122070312,95.23999786376953,87.26310729980469,7677400
2023-02-03,93.98999786376953,93.98999786376953,92.23999786376953,93.30999755859375,85.4947509765625,7994000
2023-02-06,92.20999908447266,92.81999969482422,91.7300033569336,92.73999786376953,84.97249603271484,5769400
2023-02-07,92.16000366210938,92.98999786376953,91.31999969482422,92.58000183105469,84.8259048461914,6626200
2023-02-08,92.20999908447266,92.66000366210938,91.81999969482422,92.19000244140625,84.46857452392578,3648700
2023-02-09,92.68000030517578,93.0999984741211,90.87999725341797,91.12000274658203,83.4881820678711,4531700
2023-02-10,90.7300033569336,91.62999725341797,90.25,91.41000366210938,83.75391387939453,5992100
2023-02-13,91.75,92.37999725341797,91.62000274658203,92.27999877929688,84.55103302001953,3022000
2023-02-14,91.98999786376953,92.62999725341797,90.91999816894531,91.47000122070312,83.8088607788086,4286700
2023-02-15,90.81999969482422,91.87999725341797,90.68000030517578,91.87000274658203,84.17536926269531,3061000
2023-02-16,90.8499984741211,91.80999755859375,89.88999938964844,91.08000183105469,83.45153045654297,5476100
2023-02-17,90.72000122070312,90.94000244140625,89.79000091552734,90.66000366210938,83.06670379638672,5494700
2023-02-21,90.11000061035156,90.12999725341797,88.5,88.86000061035156,81.41747283935547,4577500
2023-02-22,89.26000213623047,89.26000213623047,87.56999969482422,87.94999694824219,80.58367919921875,8041600
2023-02-23,88.45999908447266,88.8499984741211,87.63999938964844,88.48999786376953,81.07847595214844,8262700
2023-02-24,87.51000213623047,87.62999725341797,86.56999969482422,86.9800033569336,79.69493103027344,8579100
2023-02-27,88.06999969482422,88.41999816894531,86.73999786376953,87.16000366210938,79.85985565185547,5895700
2023-02-28,87.19999694824219,88.13999938964844,86.8499984741211,87.06999969482422,79.77739715576172,6287800
2023-03-01,86.41999816894531,86.6500015258789,85.25,85.87999725341797,78.68705749511719,7388100
2023-03-02,85.27999877929688,87.05999755859375,85.18000030517578,86.9000015258789,79.62162017822266,6459900
2023-03-03,87.48999786376953,88.48999786376953,87.33999633789062,88.31999969482422,80.9227066040039,6044200
2023-03-06,88.68000030517578,88.77999877929688,87.80999755859375,87.97000122070312,80.60202026367188,6009600
2023-03-07,88.0,88.02999877929688,85.79000091552734,85.9000015258789,78.70540618896484,7663500
2023-03-08,86.13999938964844,87.43000030517578,85.8499984741211,86.91000366210938,79.63078308105469,6873400
2023-03-09,86.95999908447266,87.12999725341797,84.7300033569336,84.88999938964844,77.77998352050781,8018000
2023-03-10,84.7300033569336,84.98999786376953,81.72000122070312,82.0999984741211,75.2236557006836,15665600
2023-03-13,81.61000061035156,84.3499984741211,81.41000366210938,83.23999786376953,76.2681884765625,20371400
2023-03-14,84.55999755859375,85.0,83.18000030517578,84.06999969482422,77.02865600585938,9897000
2023-03-15,83.06999969482422,84.27999877929688,82.69000244140625,83.91999816894531,76.8912353515625,15743700
2023-03-16,83.36000061035156,84.27999877929688,82.44999694824219,83.94000244140625,76.90955352783203,11693900
2023-03-17,83.44000244140625,83.66999816894531,81.91000366210938,82.05999755859375,75.18701934814453,11823400
2023-03-20,82.36000061035156,83.2699966430664,81.91000366210938,82.98999786376953,76.03911590576172,9923600
2023-03-21,83.55999755859375,83.66999816894531,81.83999633789062,82.5199966430664,75.60848236083984,8059000
2023-03-22,82.13999938964844,82.13999938964844,79.58999633789062,79.6500015258789,72.97886657714844,11555300
2023-03-23,79.58000183105469,80.61000061035156,78.41000366210938,78.7300033569336,72.54669952392578,10029600
2023-03-24,78.33999633789062,80.7300033569336,78.11000061035156,80.69000244140625,74.35276794433594,10335800
2023-03-27,81.29000091552734,81.4800033569336,80.5,80.58000183105469,74.25141143798828,5936500
2023-03-28,80.01000213623047,80.76000213623047,79.75,80.31999969482422,74.01181030273438,5155800
2023-03-29,81.4000015258789,82.25,81.18000030517578,82.12000274658203,75.67044830322266,6142200
2023-03-30,83.0,83.4000015258789,82.77999877929688,83.1500015258789,76.61954498291016,7304400
2023-03-31,83.62000274658203,85.11000061035156,83.47000122070312,84.9000015258789,78.23212432861328,9879300
2023-04-03,84.80000305175781,85.41000366210938,83.77999877929688,84.2300033569336,77.61473846435547,16471000
2023-04-04,84.41000366210938,84.56999969482422,83.5999984741211,84.16999816894531,77.5594482421875,14169100
2023-04-05,83.87999725341797,84.51000213623047,83.63999938964844,83.70999908447266,77.13558197021484,13544600
2023-04-06,84.02999877929688,84.30000305175781,83.33999633789062,84.22000122070312,77.60552215576172,13907800
2023-04-10,83.77999877929688,84.68000030517578,83.37999725341797,84.62999725341797,77.98331451416016,7395700
2023-04-11,84.87999725341797,85.72000122070312,84.51000213623047,85.08000183105469,78.39796447753906,6484000
2023-04-12,85.88999938964844,85.93000030517578,84.58000183105469,84.66000366210938,78.0109634399414,6572200
2023-04-13,84.83000183105469,84.83000183105469,83.62999725341797,84.41999816894531,77.78980255126953,4839900
2023-04-14,84.56999969482422,84.94999694824219,82.51000213623047,83.05999755859375,76.53662872314453,7371600
2023-04-17,83.16999816894531,84.86000061035156,83.1500015258789,84.86000061035156,78.19525909423828,6174700
2023-04-18,84.97000122070312,84.97000122070312,84.22000122070312,84.69999694824219,78.04782104492188,4257400
2023-04-19,84.25,85.36000061035156,83.94000244140625,85.12000274658203,78.43484497070312,5031500
2023-04-20,84.69000244140625,84.7300033569336,83.93000030517578,84.25,77.63316345214844,4444100
2023-04-21,84.26000213623047,84.79000091552734,83.69999694824219,84.41999816894531,77.78980255126953,5031500
2023-04-24,84.4800033569336,84.77999877929688,83.44999694824219,84.18000030517578,77.56865692138672,4270900
2023-04-25,83.68000030517578,83.98999786376953,83.22000122070312,83.29000091552734,76.7485580444336,3879800
2023-04-26,83.22000122070312,83.95999908447266,82.5,82.63999938964844,76.14962768554688,4950100
2023-04-27,82.87999725341797,84.88999938964844,82.80000305175781,84.66999816894531,78.02017211914062,6338900
2023-04-28,84.88999938964844,86.05000305175781,84.63999938964844,85.68000030517578,78.95086669921875,5242300
2023-05-01,85.36000061035156,85.88999938964844,84.80000305175781,84.91999816894531,78.25054168701172,4390000
2023-05-02,84.69999694824219,84.88999938964844,82.91000366210938,83.47000122070312,76.9144287109375,5962600
2023-05-03,83.91000366210938,84.72000122070312,83.0,83.06999969482422,76.54584503173828,6510100
2023-05-04,83.08000183105469,84.2699966430664,82.55999755859375,83.75,77.17243194580078,6806900
2023-05-05,84.4000015258789,85.30000305175781,84.23999786376953,85.13999938964844,78.45326232910156,6020500
2023-05-08,84.87999725341797,85.19000244140625,84.30999755859375,84.66000366210938,78.0109634399414,3514600
2023-05-09,84.20999908447266,84.62000274658203,83.4000015258789,84.2699966430664,77.65159606933594,3581800
2023-05-10,85.19999694824219,85.38999938964844,84.23999786376953,85.08000183105469,78.39796447753906,6104000
2023-05-11,84.4800033569336,84.55000305175781,83.66000366210938,84.1500015258789,77.54102325439453,5522900
2023-05-12,84.31999969482422,84.41999816894531,83.51000213623047,84.16999816894531,77.5594482421875,5352800
2023-05-15,84.38999938964844,84.54000091552734,83.83000183105469,84.02999877929688,77.43045043945312,6693400
2023-05-16,83.94999694824219,83.9800033569336,81.97000122070312,81.9800033569336,75.54145050048828,7454200
2023-05-17,82.5,83.19000244140625,81.7300033569336,83.04000091552734,76.51819610595703,5566400
2023-05-18,82.66000366210938,83.05999755859375,82.0,82.66999816894531,76.17726135253906,5176100
2023-05-19,83.13999938964844,83.41000366210938,82.16000366210938,82.55999755859375,76.07591247558594,5054900
2023-05-22,82.75,83.58999633789062,82.2300033569336,83.08000183105469,76.55506134033203,5847400
2023-05-23,82.9000015258789,83.68000030517578,82.12000274658203,82.19000244140625,75.73495483398438,5888800
2023-05-24,81.93000030517578,82.02999877929688,80.43000030517578,80.51000213623047,74.18690490722656,5649000
2023-05-25,80.98999786376953,81.11000061035156,79.94000244140625,80.5199966430664,74.19610595703125,6282500
2023-05-26,80.70999908447266,81.6500015258789,80.31999969482422,81.44999694824219,75.0530776977539,5791800
2023-05-30,82.05000305175781,82.69999694824219,81.56999969482422,81.80000305175781,75.37559509277344,5191700
2023-05-31,81.87000274658203,82.38999938964844,81.33000183105469,82.2300033569336,75.77180480957031,6593100
2023-06-01,82.08999633789062,82.66999816894531,81.36000061035156,82.27999877929688,75.81788635253906,6137700
2023-06-02,83.22000122070312,84.37999725341797,82.93000030517578,84.12000274658203,77.51338958740234,6739000
2023-06-05,84.12000274658203,84.51000213623047,83.41999816894531,83.55999755859375,76.99734497070312,5701300
2023-06-06,84.0999984741211,84.43000030517578,83.37999725341797,84.27999877929688,77.66082000732422,5344500
2023-06-07,84.27999877929688,85.44000244140625,83.75,85.19999694824219,78.87916564941406,6594200
2023-06-08,84.83000183105469,84.98999786376953,83.8499984741211,84.76000213623047,78.4718246459961,4701000
2023-06-09,84.87999725341797,84.93000030517578,83.91000366210938,84.23999786376953,77.99039459228516,5801400
2023-06-12,84.68000030517578,84.68000030517578,83.55000305175781,84.33999633789062,78.08296966552734,5775300
2023-06-13,84.4000015258789,85.08000183105469,84.04000091552734,84.95999908447266,78.6570053100586,6487300
2023-06-14,85.31999969482422,85.91999816894531,84.66000366210938,85.38999938964844,79.05508422851562,7965600
2023-06-15,85.01000213623047,86.02999877929688,84.55000305175781,85.83999633789062,79.47169494628906,7261500
2023-06-16,86.16000366210938,86.58000183105469,85.66000366210938,85.80999755859375,79.44392395019531,7814300
2023-06-20,85.44000244140625,85.5999984741211,84.36000061035156,84.91000366210938,78.6106948852539,5985900
2023-06-21,84.45999908447266,84.80999755859375,83.83000183105469,84.54000091552734,78.26815032958984,6214300
2023-06-22,84.66000366210938,84.66000366210938,82.8499984741211,83.30000305175781,77.1201400756836,7309100
2023-06-23,83.0199966430664,83.55999755859375,82.22000122070312,82.23999786376953,76.13877868652344,6717200
2023-06-26,82.30000305175781,84.19999694824219,82.18000030517578,84.11000061035156,77.87004089355469,5030600
2023-06-27,84.41999816894531,85.33000183105469,83.87000274658203,85.12000274658203,78.80511474609375,5045000
2023-06-28,85.16000366210938,85.44999694824219,84.5199966430664,85.25,78.92546844482422,5234900
2023-06-29,84.97000122070312,86.11000061035156,84.62000274658203,86.11000061035156,79.72167205810547,5753600
2023-06-30,86.94000244140625,87.04000091552734,85.45999908447266,86.54000091552734,80.11978149414062,6301300
2023-07-03,86.44000244140625,87.69999694824219,86.08000183105469,87.27999877929688,80.80487060546875,3903200
2023-07-05,87.12000274658203,88.08000183105469,86.38999938964844,87.58000183105469,81.08261108398438,6291600
2023-07-06,86.44000244140625,86.98999786376953,85.2699966430664,86.87999725341797,80.43453979492188,7128600
2023-07-07,86.4800033569336,87.19999694824219,86.2300033569336,86.6500015258789,80.22160339355469,6739300
2023-07-10,86.43000030517578,87.08999633789062,86.18000030517578,87.01000213623047,80.55490112304688,5419000
2023-07-11,87.30000305175781,88.22000122070312,87.0199966430664,88.18000030517578,81.63809967041016,4294300
2023-07-12,89.2300033569336,89.45999908447266,88.58000183105469,88.66000366210938,82.08248901367188,7678700
2023-07-13,88.68000030517578,89.29000091552734,88.13999938964844,89.27999877929688,82.656494140625,5869200
2023-07-14,89.19999694824219,89.37999725341797,88.54000091552734,89.1500015258789,82.53614044189453,5566600
2023-07-17,88.83999633789062,89.2300033569336,88.41000366210938,88.55000305175781,81.98064422607422,4058400
2023-07-18,88.8499984741211,88.8499984741211,87.2699966430664,88.02999877929688,81.49922943115234,7295300
2023-07-19,88.69999694824219,89.4000015258789,88.47000122070312,89.0,82.39727020263672,5853400
2023-07-20,88.6500015258789,88.73999786376953,87.5999984741211,88.7300033569336,82.14730834960938,6771000
2023-07-21,88.94999694824219,89.37999725341797,88.70999908447266,89.13999938964844,82.5268783569336,6570200
2023-07-24,89.25,89.94000244140625,89.0999984741211,89.86000061035156,83.19346618652344,5716400
2023-07-25,89.75,90.1500015258789,89.19000244140625,89.2300033569336,82.61021423339844,6629100
2023-07-26,89.16000366210938,89.83000183105469,89.11000061035156,89.69000244140625,83.03607177734375,7138900
2023-07-27,90.05000305175781,90.33999633789062,87.62999725341797,87.72000122070312,81.21222686767578,10635500
2023-07-28,88.86000061035156,88.94000244140625,87.37000274658203,87.55000305175781,81.0548324584961,5812400
2023-07-31,87.72000122070312,88.55999755859375,87.5199966430664,88.05000305175781,81.51776123046875,6546900
2023-08-01,87.83000183105469,88.22000122070312,87.47000122070312,87.87999725341797,81.36036682128906,6867100
2023-08-02,87.33999633789062,87.62000274658203,86.87000274658203,87.37000274658203,80.88819122314453,6499600
2023-08-03,86.54000091552734,86.73999786376953,85.23999786376953,86.41000366210938,79.99942016601562,8494900
2023-08-04,86.08999633789062,87.01000213623047,85.4800033569336,85.75,79.38836669921875,8059900
2023-08-07,85.86000061035156,86.83000183105469,85.86000061035156,86.79000091552734,80.3512191772461,4650900
2023-08-08,86.02999877929688,86.45999908447266,85.44999694824219,86.20999908447266,79.81424713134766,4185900
2023-08-09,85.9800033569336,86.70999908447266,85.66000366210938,86.25,79.8512954711914,3850600
2023-08-10,86.62000274658203,87.12999725341797,85.69000244140625,85.91999816894531,79.54576110839844,4186300
2023-08-11,85.5199966430664,86.18000030517578,85.33999633789062,86.08999633789062,79.7031478881836,3340900
2023-08-14,85.87000274658203,85.93000030517578,85.23999786376953,85.48999786376953,79.14766693115234,3785400
2023-08-15,84.83999633789062,85.1500015258789,84.37999725341797,84.47000122070312,78.20333099365234,4457300
2023-08-16,84.56999969482422,84.69000244140625,83.5,83.51000213623047,77.31455993652344,5295300
2023-08-17,83.70999908447266,84.18000030517578,82.87000274658203,82.93000030517578,76.77758026123047,5909200
2023-08-18,82.37999725341797,83.33999633789062,82.12000274658203,83.12999725341797,76.96273803710938,5194600
2023-08-21,83.0,83.05000305175781,81.75,82.4000015258789,76.28691864013672,4746600
2023-08-22,82.7699966430664,83.0199966430664,82.41000366210938,82.66999816894531,76.53688049316406,5256200
2023-08-23,83.2300033569336,84.12000274658203,83.08000183105469,84.0,77.76820373535156,5131400
2023-08-24,84.2300033569336,85.1500015258789,83.62999725341797,83.63999938964844,77.4349136352539,5419200
2023-08-25,83.86000061035156,84.33999633789062,83.41000366210938,83.79000091552734,77.57378387451172,5789200
2023-08-28,84.23999786376953,84.97000122070312,84.16000366210938,84.48999786376953,78.22184753417969,4479100
2023-08-29,84.55999755859375,85.55999755859375,84.20999908447266,85.51000213623047,79.16618347167969,6630900
2023-08-30,85.48999786376953,86.05999755859375,85.44000244140625,85.83000183105469,79.46244812011719,5658500
2023-08-31,85.8499984741211,85.94999694824219,85.08999633789062,85.33999633789062,79.00878143310547,4463100
2023-09-01,85.72000122070312,86.0999984741211,85.12000274658203,85.38999938964844,79.05508422851562,5769900
2023-09-05,85.11000061035156,85.33999633789062,84.33000183105469,84.33000183105469,78.07373046875,6565700
2023-09-06,84.31999969482422,84.5199966430664,83.52999877929688,84.16000366210938,77.91633605957031,5332100
2023-09-07,84.08000183105469,85.08000183105469,83.93000030517578,84.70999908447266,78.42552947998047,5260600
2023-09-08,84.94000244140625,84.9800033569336,84.13999938964844,84.27999877929688,78.02742004394531,4260500
2023-09-11,84.38999938964844,84.58999633789062,83.91999816894531,84.27999877929688,78.02742004394531,4085900
2023-09-12,84.2300033569336,84.48999786376953,83.73999786376953,84.37999725341797,78.12000274658203,4518100
2023-09-13,84.31999969482422,84.41999816894531,83.25,83.4800033569336,77.2867660522461,5446500
2023-09-14,84.2300033569336,85.16999816894531,84.08999633789062,85.02999877929688,78.7217788696289,5846200
2023-09-15,84.56999969482422,84.91000366210938,84.31999969482422,84.58000183105469,78.30517578125,6497000
2023-09-18,84.61000061035156,84.6500015258789,83.73999786376953,83.91999816894531,77.69413757324219,4982500
2023-09-19,83.86000061035156,84.19999694824219,83.30000305175781,83.54000091552734,77.34232330322266,4389800
2023-09-20,84.12000274658203,84.6500015258789,83.62999725341797,83.62999725341797,77.42566680908203,5643400
2023-09-21,83.13999938964844,83.18000030517578,80.68000030517578,80.68000030517578,74.69451141357422,9010000
2023-09-22,80.76000213623047,81.26000213623047,80.12999725341797,80.19000244140625,74.2408676147461,8696000
2023-09-25,79.81999969482422,80.1500015258789,79.52999877929688,80.04000091552734,74.10198974609375,6067800
2023-09-26,78.58999633789062,78.86000061035156,77.47000122070312,77.68000030517578,72.73492431640625,7726200
2023-09-27,78.11000061035156,78.37999725341797,76.75,77.12000274658203,72.21058654785156,8713100
2023-09-28,77.45999908447266,78.18000030517578,77.2699966430664,77.87999725341797,72.92218017578125,8431500
2023-09-29,79.2300033569336,79.25,77.70999908447266,78.13999938964844,73.16564178466797,8764900
2023-10-02,77.88999938964844,78.19000244140625,76.20999908447266,76.69999694824219,71.81730651855469,11887600
2023-10-03,76.29000091552734,76.56999969482422,75.01000213623047,75.20999908447266,70.42217254638672,10290000
2023-10-04,75.76000213623047,76.12000274658203,74.69999694824219,76.02999877929688,71.1899642944336,7980400
2023-10-05,76.13999938964844,76.69000244140625,75.66999816894531,76.61000061035156,71.7330551147461,6656300
2023-10-06,75.94999694824219,77.30999755859375,75.20999908447266,76.7699966430664,71.88287353515625,7606700
2023-10-09,76.37999725341797,77.94999694824219,76.33000183105469,77.75,72.80046081542969,8146600
2023-10-10,77.68000030517578,78.69000244140625,77.30000305175781,78.0,73.03456115722656,5994400
2023-10-11,78.69000244140625,79.45999908447266,78.5,79.44000244140625,74.38290405273438,6364000
2023-10-12,79.41000366210938,79.41000366210938,77.8499984741211,78.19999694824219,73.22183227539062,9653000
2023-10-13,78.7300033569336,78.86000061035156,77.75,78.12000274658203,73.14693450927734,8625100
2023-10-16,78.75,79.20999908447266,77.80999755859375,79.0199966430664,73.9896240234375,6540200
2023-10-17,78.26000213623047,79.81999969482422,78.26000213623047,78.80000305175781,73.78364562988281,10660300
2023-10-18,78.26000213623047,78.48999786376953,77.02999877929688,77.08000183105469,72.17312622070312,8722600
2023-10-19,76.47000122070312,77.08000183105469,75.11000061035156,75.23999786376953,70.45025634765625,12199100
2023-10-20,75.37000274658203,75.87000274658203,74.72000122070312,74.75,69.99146270751953,9323700
2023-10-23,74.18000030517578,75.06999969482422,73.83999633789062,74.04000091552734,69.32665252685547,8808400
2023-10-24,74.30000305175781,75.12999725341797,74.11000061035156,74.91999816894531,70.15062713623047,8164400
2023-10-25,74.19999694824219,74.44000244140625,73.16999816894531,73.27999877929688,68.61502838134766,8236100
2023-10-26,73.62000274658203,75.23999786376953,73.5999984741211,74.7300033569336,69.97272491455078,10955200
2023-10-27,75.06999969482422,75.06999969482422,73.3499984741211,73.62000274658203,68.93339538574219,9656000
2023-10-30,74.19999694824219,74.54000091552734,72.87999725341797,73.95999908447266,69.25173950195312,8309600
2023-10-31,74.5999984741211,75.37999725341797,73.94000244140625,75.33000183105469,70.5345458984375,8676300
2023-11-01,75.3499984741211,75.86000061035156,74.94000244140625,75.83999633789062,71.01204681396484,10792900
2023-11-02,76.8499984741211,78.48999786376953,76.6500015258789,78.2300033569336,73.24990844726562,9187400
2023-11-03,79.54000091552734,81.11000061035156,79.48999786376953,80.02999877929688,74.9353256225586,10154000
2023-11-06,80.02999877929688,80.02999877929688,78.5,78.97000122070312,73.94281768798828,8434400
2023-11-07,78.83000183105469,78.97000122070312,78.13999938964844,78.27999877929688,73.29674530029297,8560900
2023-11-08,78.62000274658203,78.88999938964844,78.30999755859375,78.66000366210938,73.65254211425781,6482600
2023-11-09,78.94000244140625,78.9800033569336,77.26000213623047,77.41999816894531,72.4914779663086,9070100
2023-11-10,78.0199966430664,78.30999755859375,77.26000213623047,78.19000244140625,73.21245574951172,5418400
2023-11-13,77.62000274658203,77.81999969482422,77.05999755859375,77.55000305175781,72.61319732666016,4812700
2023-11-14,80.04000091552734,82.41000366210938,79.55999755859375,81.72000122070312,76.51776123046875,15751000
2023-11-15,81.55999755859375,82.63999938964844,81.41999816894531,81.94999694824219,76.73310089111328,7927800
2023-11-16,82.19999694824219,82.3499984741211,81.62999725341797,81.86000061035156,76.64884185791016,6620600
2023-11-17,82.55000305175781,82.58999633789062,81.44000244140625,81.69999694824219,76.49901580810547,4579400
2023-11-20,81.5999984741211,82.37000274658203,81.0199966430664,82.33999633789062,77.0982894897461,6169900
2023-11-21,82.0,82.19000244140625,81.66999816894531,81.94000244140625,76.72374725341797,4730700
2023-11-22,82.4800033569336,82.8499984741211,81.88999938964844,82.25,77.01400756835938,4303800
2023-11-24,82.06999969482422,82.55000305175781,81.68000030517578,82.55000305175781,77.29490661621094,2314400
2023-11-27,82.5999984741211,83.26000213623047,82.19000244140625,82.8499984741211,77.5758285522461,6466400
2023-11-28,82.61000061035156,83.43000030517578,82.18000030517578,83.33999633789062,78.03460693359375,7386200
2023-11-29,83.94999694824219,84.69000244140625,83.8499984741211,83.94999694824219,78.60579681396484,6359500
2023-11-30,83.87000274658203,84.63999938964844,83.5999984741211,84.58999633789062,79.20503997802734,8109100
2023-12-01,84.52999877929688,86.56999969482422,84.27999877929688,86.56999969482422,81.0589828491211,17020700
2023-12-04,86.0199966430664,87.08999633789062,85.95999908447266,87.08999633789062,81.5458984375,13459700
2023-12-05,86.66000366210938,86.77999877929688,86.11000061035156,86.55999755859375,81.04962921142578,13199600
2023-12-06,86.93000030517578,87.51000213623047,86.16999816894531,86.18000030517578,80.6938247680664,10876700
2023-12-07,86.23999786376953,86.72000122070312,85.87999725341797,86.47000122070312,80.96534729003906,8795100
2023-12-08,86.11000061035156,86.51000213623047,85.41000366210938,86.29000091552734,80.79681396484375,5477800
2023-12-11,85.98999786376953,86.6500015258789,85.81999969482422,86.48999786376953,80.98408508300781,4347300
2023-12-12,86.44999694824219,86.77999877929688,86.0,86.55000305175781,81.04027557373047,5163800
2023-12-13,86.5999984741211,90.05000305175781,86.37999725341797,89.77999877929688,84.06465148925781,11198900
2023-12-14,91.22000122070312,92.8499984741211,91.22000122070312,92.26000213623047,86.38677215576172,10613300
2023-12-15,92.1500015258789,92.1500015258789,90.36000061035156,91.11000061035156,85.30999755859375,12226800
2023-12-18,91.5,91.61000061035156,90.7699966430664,90.97000122070312,85.17889404296875,7094300
2023-12-19,91.30999755859375,91.79000091552734,91.12999725341797,91.58000183105469,85.75005340576172,6754200
2023-12-20,90.77999877929688,91.41999816894531,89.56999969482422,89.62999725341797,84.63301086425781,7895400
2023-12-21,90.41000366210938,90.6500015258789,89.44999694824219,90.4800033569336,85.43563079833984,6895300
2023-12-22,90.7699966430664,91.44000244140625,90.31999969482422,90.77999877929688,85.71890258789062,4737300
2023-12-26,90.83999633789062,91.68000030517578,90.66000366210938,91.47000122070312,86.37044525146484,3094100
2023-12-27,91.63999938964844,91.95999908447266,91.16000366210938,91.94999694824219,86.82366180419922,5522900
2023-12-28,91.73999786376953,92.47000122070312,91.68000030517578,92.45999908447266,87.30524444580078,4143700
2023-12-29,91.91999816894531,92.2300033569336,91.31999969482422,91.41000366210938,86.31378936767578,4854400
2024-01-02,91.0,92.31999969482422,90.70999908447266,92.22000122070312,87.07862854003906,4613800
2024-01-03,91.38999938964844,91.44999694824219,89.83000183105469,90.0199966430664,85.00125885009766,7145500
2024-01-04,90.06999969482422,90.44000244140625,89.47000122070312,89.86000061035156,84.85018920898438,6303700
2024-01-05,89.16000366210938,90.37000274658203,88.68000030517578,89.66000366210938,84.66134643554688,6890700
2024-01-08,89.5,90.9800033569336,89.37999725341797,90.94999694824219,85.87942504882812,4941900
2024-01-09,90.1500015258789,90.69000244140625,89.63999938964844,90.31999969482422,85.28453063964844,5348300
2024-01-10,90.5199966430664,90.81999969482422,90.08999633789062,90.38999938964844,85.35064697265625,5212200
2024-01-11,90.08999633789062,90.19000244140625,89.0999984741211,89.58999633789062,84.59524536132812,6250400
2024-01-12,90.54000091552734,90.73999786376953,89.69000244140625,90.16999816894531,85.14291381835938,5250900
2024-01-16,89.69999694824219,90.08000183105469,89.20999908447266,89.54000091552734,84.54803466796875,7090200
2024-01-17,88.3499984741211,89.41999816894531,86.98999786376953,87.94000244140625,83.0372314453125,8928100
2024-01-18,87.98999786376953,88.30999755859375,86.77999877929688,87.3499984741211,82.48014068603516,6415800
2024-01-19,87.55000305175781,88.63999938964844,86.91999816894531,88.31999969482422,83.39604949951172,7749000
2024-01-22,88.56999969482422,89.68000030517578,88.38999938964844,88.77999877929688,83.83039093017578,5674500
2024-01-23,89.08000183105469,89.36000061035156,87.9000015258789,88.23999786376953,83.32051086425781,4400900
2024-01-24,89.19000244140625,89.19000244140625,86.91999816894531,86.94999694824219,82.1024398803711,5461800
2024-01-25,88.13999938964844,88.48999786376953,87.61000061035156,88.08999633789062,83.17887115478516,5037700
2024-01-26,88.18000030517578,88.44999694824219,87.56999969482422,87.80999755859375,82.91448211669922,3705400
2024-01-29,87.8499984741211,88.51000213623047,87.5199966430664,88.41999816894531,83.49047088623047,4002600
2024-01-30,87.93000030517578,88.2699966430664,87.36000061035156,87.56999969482422,82.6878662109375,4935100
2024-01-31,87.94999694824219,88.47000122070312,86.54000091552734,86.75,81.91358184814453,9875200
2024-02-01,86.87000274658203,88.3499984741211,86.2300033569336,88.30999755859375,83.38660430908203,12125900
2024-02-02,87.37000274658203,87.77999877929688,85.77999877929688,87.11000061035156,82.25350952148438,15816800
2024-02-05,86.08999633789062,86.1500015258789,85.1500015258789,85.33999633789062,80.58218383789062,12253400
2024-02-06,85.4800033569336,86.72000122070312,85.22000122070312,86.5199966430664,81.6963882446289,10685600
2024-02-07,86.88999938964844,86.94000244140625,85.94999694824219,86.5,81.67752075195312,5407500
2024-02-08,86.22000122070312,87.30000305175781,86.22000122070312,87.0999984741211,82.24406433105469,4580600
2024-02-09,87.0199966430664,87.31999969482422,86.20999908447266,87.1500015258789,82.2912826538086,5128500
2024-02-12,87.36000061035156,87.80999755859375,86.93000030517578,87.08999633789062,82.23461151123047,3816100
2024-02-13,85.25,85.43000030517578,84.23999786376953,85.31999969482422,80.56329345703125,10341700
2024-02-14,85.79000091552734,86.55999755859375,85.41000366210938,86.0999984741211,81.29981994628906,7169700
2024-02-15,86.80000305175781,88.1500015258789,86.80000305175781,88.04000091552734,83.13166046142578,5352200
2024-02-16,86.94000244140625,87.63999938964844,86.44999694824219,87.0999984741211,82.24406433105469,7266700
2024-02-20,86.79000091552734,87.37999725341797,86.2699966430664,86.95999908447266,82.11186218261719,5858200
2024-02-21,87.3499984741211,87.63999938964844,86.88999938964844,87.5999984741211,82.71619415283203,5101000
2024-02-22,87.80000305175781,88.18000030517578,87.5,87.66000366210938,82.77285766601562,5262400
2024-02-23,87.93000030517578,88.19999694824219,87.47000122070312,87.7699966430664,82.87671661376953,5583900
2024-02-26,87.4800033569336,87.94999694824219,86.61000061035156,86.77999877929688,81.94190979003906,5589100
2024-02-27,87.27999877929688,87.63999938964844,86.63999938964844,86.94999694824219,82.1024398803711,5385500
2024-02-28,86.4000015258789,88.23999786376953,86.30000305175781,87.81999969482422,82.9239273071289,5674300
2024-02-29,88.48999786376953,88.98999786376953,88.12999725341797,88.5999984741211,83.66044616699219,8300400
2024-03-01,88.56999969482422,89.55999755859375,87.45999908447266,89.55999755859375,84.5669174194336,14064600
2024-03-04,89.30000305175781,90.4800033569336,88.68000030517578,90.43000030517578,85.38842010498047,12760500
2024-03-05,90.0,90.5999984741211,88.91999816894531,89.37999725341797,84.39693450927734,10980100
2024-03-06,89.9000015258789,90.08999633789062,89.26000213623047,89.6500015258789,84.65190887451172,10676300
2024-03-07,90.18000030517578,90.44999694824219,89.33999633789062,89.83999633789062,84.83130645751953,3898500
2024-03-08,90.25,91.06999969482422,90.1500015258789,90.8499984741211,85.78498840332031,6119400
2024-03-11,90.54000091552734,91.19999694824219,90.0199966430664,90.41999816894531,85.37898254394531,5528300
2024-03-12,90.23999786376953,90.54000091552734,89.43000030517578,90.19999694824219,85.1712417602539,5505100
2024-03-13,90.06999969482422,90.62999725341797,89.44999694824219,89.73999786376953,84.73689270019531,4356500
2024-03-14,89.37999725341797,89.55999755859375,87.62000274658203,88.33999633789062,83.41493225097656,8196000
2024-03-15,87.63999938964844,88.52999877929688,87.52999877929688,88.23999786376953,83.32051086425781,5869000
2024-03-18,88.38999938964844,88.70999908447266,88.05999755859375,88.16999816894531,83.25440216064453,4758500
2024-03-19,88.16999816894531,88.52999877929688,87.6500015258789,88.25,83.32994079589844,5295500
2024-03-20,87.55000305175781,89.0199966430664,87.33000183105469,88.79000091552734,83.83983612060547,6651400
2024-03-21,88.83999633789062,89.41000366210938,88.47000122070312,89.06999969482422,84.4246597290039,5545100
2024-03-22,88.98999786376953,89.20999908447266,87.83000183105469,87.88999938964844,83.30621337890625,4604500
2024-03-25,88.05999755859375,88.36000061035156,87.48999786376953,87.48999786376953,82.92706298828125,3989300
2024-03-26,87.63999938964844,87.7300033569336,87.0199966430664,87.06999969482422,82.52896881103516,3713200
2024-03-27,87.88999938964844,89.29000091552734,87.80999755859375,89.26000213623047,84.60475158691406,5766900
2024-03-28,89.6500015258789,90.12999725341797,89.54000091552734,89.9000015258789,85.21138000488281,6174700
2024-04-01,90.04000091552734,90.04000091552734,88.2300033569336,88.41999816894531,83.80855560302734,6770300
2024-04-02,87.72000122070312,87.8499984741211,87.04000091552734,87.31999969482422,82.76593017578125,6075100
2024-04-03,87.23999786376953,87.54000091552734,86.7699966430664,87.43000030517578,82.87020111083984,5085700
2024-04-04,88.18000030517578,88.54000091552734,86.54000091552734,86.80999755859375,82.28251647949219,5767300
2024-04-05,86.7300033569336,87.4800033569336,86.31999969482422,87.19000244140625,82.6427230834961,6698000
2024-04-08,87.54000091552734,88.22000122070312,87.41000366210938,88.16999816894531,83.57159423828125,5115400
2024-04-09,88.62000274658203,89.29000091552734,88.33000183105469,89.2300033569336,84.57633209228516,6223700
2024-04-10,86.93000030517578,87.16999816894531,85.11000061035156,85.61000061035156,81.1451187133789,13392400
2024-04-11,86.22000122070312,86.3499984741211,85.01000213623047,85.70999908447266,81.2398910522461,8081100
2024-04-12,85.4000015258789,85.51000213623047,84.52999877929688,84.80000305175781,80.37737274169922,8962400
2024-04-15,85.41000366210938,85.48999786376953,82.88999938964844,83.41999816894531,79.06934356689453,8786100
2024-04-16,83.0199966430664,83.12999725341797,81.97000122070312,82.18000030517578,77.89400482177734,7518400
2024-04-17,81.9800033569336,82.43000030517578,81.58999633789062,81.62999725341797,77.37269592285156,6989700
2024-04-18,81.91000366210938,82.12000274658203,81.25,81.5999984741211,77.34425354003906,5545700
2024-04-19,81.93000030517578,82.37000274658203,81.6500015258789,81.98999786376953,77.71390533447266,4579400
2024-04-22,82.26000213623047,82.86000061035156,81.75,82.6500015258789,78.33950805664062,4251400
2024-04-23,82.80000305175781,83.72000122070312,82.6500015258789,83.3499984741211,79.00299072265625,4777200
2024-04-24,83.0999984741211,83.7300033569336,82.54000091552734,83.61000061035156,79.24942779541016,4856200
2024-04-25,82.76000213623047,83.30999755859375,82.23999786376953,83.11000061035156,78.77550506591797,5678400
2024-04-26,83.2699966430664,84.05000305175781,83.05999755859375,83.23999786376953,78.89871978759766,4978900
2024-04-29,83.52999877929688,84.33999633789062,83.52999877929688,84.12000274658203,79.73283386230469,5499900
2024-04-30,83.5199966430664,83.9000015258789,82.56999969482422,82.5999984741211,78.29209899902344,9296300
2024-05-01,82.5199966430664,84.23999786376953,82.37999725341797,82.72000122070312,78.40584564208984,14147700
2024-05-02,83.54000091552734,84.0999984741211,82.62000274658203,83.81999969482422,79.44847869873047,12627400
2024-05-03,85.47000122070312,85.8499984741211,84.3499984741211,84.45999908447266,80.05509185791016,12365700
2024-05-06,85.19000244140625,85.30000305175781,84.30000305175781,84.66999816894531,80.2541275024414,8851900
2024-05-07,85.16000366210938,85.66999816894531,85.02999877929688,85.41999816894531,80.96503448486328,6117700
2024-05-08,84.94999694824219,84.98999786376953,84.45999908447266,84.7699966430664,80.34890747070312,5385400
2024-05-09,85.4800033569336,86.47000122070312,85.38999938964844,86.4000015258789,81.8939208984375,8093800
2024-05-10,86.68000030517578,86.69999694824219,85.94999694824219,86.23999786376953,81.74226379394531,5146200
2024-05-13,86.58000183105469,86.97000122070312,86.05000305175781,86.43000030517578,81.92234802246094,4207700
2024-05-14,87.06999969482422,87.48999786376953,86.63999938964844,87.06999969482422,82.52896881103516,5882100
2024-05-15,88.48999786376953,88.73999786376953,88.0999984741211,88.4000015258789,83.78961181640625,6438100
2024-05-16,88.56999969482422,88.7300033569336,88.1500015258789,88.33000183105469,83.72325897216797,4169700
2024-05-17,88.26000213623047,88.54000091552734,87.97000122070312,88.33999633789062,83.73273468017578,4138500
2024-05-20,88.19000244140625,88.38999938964844,87.69000244140625,87.72000122070312,83.14507293701172,3240500
2024-05-21,87.61000061035156,87.91999816894531,87.41000366210938,87.75,83.17351531982422,2763100
2024-05-22,87.45999908447266,87.80000305175781,86.73999786376953,86.94000244140625,82.40575408935547,3796900
2024-05-23,86.97000122070312,87.01000213623047,85.02999877929688,85.08000183105469,80.64276123046875,5336100
2024-05-24,85.62999725341797,85.73999786376953,85.0,85.08999633789062,80.65223693847656,4392400
2024-05-28,85.75,85.87000274658203,84.5,84.56999969482422,80.15935516357422,3709500
2024-05-29,83.7699966430664,83.88999938964844,83.38999938964844,83.77999877929688,79.41056060791016,4983800
2024-05-30,84.33000183105469,85.04000091552734,84.23999786376953,85.0,80.56692504882812,4901000
2024-05-31,85.7300033569336,86.69000244140625,85.13999938964844,86.66999816894531,82.14984130859375,5354000
2024-06-03,86.83000183105469,86.9800033569336,85.94000244140625,86.43000030517578,81.92234802246094,5413700
2024-06-04,86.02999877929688,87.48999786376953,86.02999877929688,87.19999694824219,82.65219116210938,4294400
2024-06-05,87.08999633789062,87.25,86.5199966430664,86.98999786376953,82.4531478881836,3256000
2024-06-06,86.79000091552734,87.25,86.27999877929688,87.12999725341797,82.58584594726562,4098000
2024-06-07,86.02999877929688,86.66999816894531,85.7699966430664,86.43000030517578,81.92234802246094,5987600
2024-06-10,86.26000213623047,87.06999969482422,85.58999633789062,86.66999816894531,82.14984130859375,3305500
2024-06-11,85.80000305175781,86.30999755859375,85.55999755859375,85.87999725341797,81.91708374023438,3129100
2024-06-12,88.02999877929688,88.2699966430664,86.5,86.62000274658203,82.62294006347656,7425200
2024-06-13,86.91999816894531,87.30000305175781,86.33000183105469,87.12999725341797,83.10941314697266,4051500
2024-06-14,86.80999755859375,87.31999969482422,86.33000183105469,87.05999755859375,83.04264068603516,3743500
2024-06-17,86.54000091552734,87.13999938964844,86.16000366210938,86.75,82.7469482421875,4547500
2024-06-18,86.91000366210938,87.3499984741211,86.7699966430664,87.0,82.98541259765625,3567900
2024-06-20,86.80000305175781,87.08000183105469,86.5199966430664,86.7699966430664,82.76602172851562,3613600
2024-06-21,86.91999816894531,87.19999694824219,86.41000366210938,87.12999725341797,83.10941314697266,3341900
2024-06-24,87.19000244140625,88.58999633789062,86.94999694824219,87.6500015258789,83.60540771484375,4135100
2024-06-25,87.58000183105469,87.58999633789062,86.1500015258789,86.58999633789062,82.59432983398438,3915400
2024-06-26,86.13999938964844,86.61000061035156,85.87999725341797,86.33999633789062,82.3558578491211,2950900
2024-06-27,86.63999938964844,87.18000030517578,86.25,87.06999969482422,83.05216979980469,2865900
2024-06-28,87.5199966430664,88.19999694824219,87.0999984741211,87.73999786376953,83.69125366210938,5015700
2024-07-01,87.4800033569336,87.87000274658203,86.37999725341797,86.93000030517578,82.91864013671875,5124100
2024-07-02,87.18000030517578,87.45999908447266,86.81999969482422,87.26000213623047,83.2334213256836,2963200
2024-07-03,87.58999633789062,87.91999816894531,87.20999908447266,87.22000122070312,83.19524383544922,2833000
2024-07-05,87.41999816894531,87.66999816894531,86.91999816894531,87.47000122070312,83.43373107910156,3871800
2024-07-08,87.52999877929688,87.93000030517578,87.37000274658203,87.77999877929688,83.72940826416016,3107200
2024-07-09,87.55000305175781,88.05999755859375,86.9000015258789,87.76000213623047,83.71034240722656,2348900
2024-07-10,88.20999908447266,88.47000122070312,87.55000305175781,88.44000244140625,84.35895538330078,3444700
2024-07-11,89.8499984741211,91.2300033569336,89.69999694824219,90.87999725341797,86.68637084960938,7488300
2024-07-12,91.4800033569336,92.19999694824219,91.2300033569336,91.63999938964844,87.41130065917969,5344800
2024-07-15,91.79000091552734,92.25,91.41999816894531,92.05999755859375,87.81192779541016,4012600
2024-07-16,92.66000366210938,93.19000244140625,92.16000366210938,93.19000244140625,88.88977813720703,4809900
2024-07-17,93.08999633789062,94.37000274658203,93.08999633789062,93.80000305175781,89.47164154052734,6270100
2024-07-18,93.23999786376953,94.87999725341797,92.80000305175781,93.0999984741211,88.80392456054688,5090200
2024-07-19,93.20999908447266,93.44999694824219,92.45999908447266,92.91000366210938,88.62269592285156,3812800
2024-07-22,93.08999633789062,93.87999725341797,92.48999786376953,93.80999755859375,89.48115539550781,4144000
2024-07-23,93.58000183105469,94.25,93.19999694824219,93.69000244140625,89.36670684814453,4054000
2024-07-24,93.54000091552734,94.1500015258789,92.16000366210938,92.19999694824219,87.94544219970703,4693500
2024-07-25,92.86000061035156,93.66999816894531,91.69999694824219,91.88999938964844,87.64977264404297,6443500
2024-07-26,92.31999969482422,93.73999786376953,92.26000213623047,93.44000244140625,89.12824249267578,4575600
2024-07-29,93.72000122070312,94.30000305175781,92.7300033569336,94.04000091552734,89.7005615234375,5905300
2024-07-30,94.33999633789062,94.86000061035156,94.0199966430664,94.68000030517578,90.31101989746094,3982000
2024-07-31,94.43000030517578,95.5,94.12000274658203,94.43000030517578,90.07254791259766,6431000
2024-08-01,95.19999694824219,95.91999816894531,94.56999969482422,95.5199966430664,91.11224365234375,11377200
2024-08-02,95.19999694824219,96.48999786376953,94.69000244140625,95.61000061035156,91.19810485839844,10929000
2024-08-05,93.91999816894531,95.44000244140625,92.68000030517578,92.9000015258789,88.6131591796875,12392800
2024-08-06,92.80999755859375,95.73999786376953,92.48999786376953,94.83999633789062,90.46363067626953,9250800
2024-08-07,95.1500015258789,96.27999877929688,93.9800033569336,94.01000213623047,89.67193603515625,7478500
2024-08-08,94.22000122070312,95.16999816894531,93.80000305175781,95.01000213623047,90.62579345703125,6434600
2024-08-09,95.4000015258789,95.66000366210938,94.43000030517578,95.44000244140625,91.03594970703125,4156500
2024-08-12,95.1500015258789,95.1500015258789,94.13999938964844,94.79000091552734,90.41593933105469,3658300
2024-08-13,95.45999908447266,95.68000030517578,94.94000244140625,95.5199966430664,91.11224365234375,3203000
2024-08-14,95.75,96.30000305175781,95.30999755859375,95.9000015258789,91.47472381591797,4231500
2024-08-15,95.97000122070312,96.0999984741211,95.29000091552734,95.61000061035156,91.19810485839844,5084500
2024-08-16,95.54000091552734,95.94999694824219,95.19999694824219,95.63999938964844,91.22672271728516,4700100
2024-08-19,95.69000244140625,96.38999938964844,95.62000274658203,96.37000274658203,91.92303466796875,3101400
2024-08-20,96.54000091552734,96.62999725341797,95.91000366210938,96.3499984741211,91.9039535522461,3944000
2024-08-21,96.30000305175781,96.80000305175781,95.88999938964844,96.69000244140625,92.228271484375,3571700
2024-08-22,96.75,97.11000061035156,96.48999786376953,97.05999755859375,92.58119201660156,2741000
2024-08-23,97.44000244140625,99.2300033569336,97.3499984741211,99.13999938964844,94.56521606445312,6437900
2024-08-26,99.52999877929688,99.69999694824219,98.8499984741211,98.98999786376953,94.42213439941406,3571700
2024-08-27,98.25,99.27999877929688,98.19999694824219,99.20999908447266,94.6319808959961,3713000
2024-08-28,99.20999908447266,99.4800033569336,98.30999755859375,98.86000061035156,94.29813385009766,2873900
2024-08-29,98.75,98.91000366210938,98.08000183105469,98.52999877929688,93.98336791992188,5013900
2024-08-30,99.01000213623047,99.52999877929688,98.25,99.52999877929688,94.93721008300781,4101900
2024-09-03,98.80000305175781,99.98999786376953,98.80000305175781,99.52999877929688,94.93721008300781,7191100
2024-09-04,99.80000305175781,100.7300033569336,99.25,99.80999755859375,95.20429229736328,6448200
2024-09-05,100.48999786376953,100.58999633789062,99.27999877929688,99.48999786376953,94.89906311035156,7729800
2024-09-06,99.61000061035156,99.77999877929688,98.62000274658203,99.4000015258789,94.813232421875,9306300
2024-09-09,99.3499984741211,100.7699966430664,99.30999755859375,100.61000061035156,95.96737670898438,5657300
2024-09-10,100.91999816894531,102.19999694824219,100.69000244140625,102.19999694824219,97.4840087890625,5856100
2024-09-11,101.18000030517578,101.95999908447266,100.01000213623047,101.83999633789062,97.140625,4270200
2024-09-12,102.02999877929688,102.27999877929688,101.12000274658203,102.19999694824219,97.4840087890625,4537700
2024-09-13,102.79000091552734,103.1500015258789,102.55000305175781,103.13999938964844,98.38063049316406,4797000
2024-09-16,103.5999984741211,103.93000030517578,103.1500015258789,103.61000061035156,98.8289566040039,4680400
2024-09-17,103.69999694824219,103.94000244140625,102.48999786376953,102.76000213623047,98.01817321777344,5279000
2024-09-18,102.93000030517578,104.04000091552734,102.41999816894531,102.56999969482422,97.83694458007812,6219100
2024-09-19,103.47000122070312,103.47000122070312,101.9000015258789,102.45999908447266,97.73200225830078,6329900
2024-09-20,102.06999969482422,102.37999725341797,101.72000122070312,102.2699966430664,97.55078125,6514900
2024-09-23,102.7699966430664,103.26000213623047,102.61000061035156,103.16999816894531,98.40924835205078,4126500
2024-09-24,102.66000366210938,103.55000305175781,102.33999633789062,103.19999694824219,98.43785095214844,4173100
2024-09-25,102.69000244140625,102.87000274658203,101.63999938964844,101.88999938964844,97.86445617675781,3969100
2024-09-26,101.98999786376953,102.08999633789062,100.66000366210938,100.94999694824219,96.96159362792969,5236800
2024-09-27,101.76000213623047,101.97000122070312,101.0,101.1500015258789,97.1536865234375,4384500
2024-09-30,100.88999938964844,101.9800033569336,100.6500015258789,101.87000274658203,97.84524536132812,5498600
2024-10-01,102.16000366210938,102.31999969482422,100.80000305175781,101.26000213623047,97.25933837890625,10335000
2024-10-02,100.38999938964844,100.95999908447266,100.16000366210938,100.91999816894531,96.9327621459961,5577200
2024-10-03,100.5199966430664,100.77999877929688,99.62999725341797,99.91999816894531,95.9722900390625,4147200
2024-10-04,99.41000366210938,99.66999816894531,98.48999786376953,99.36000061035156,95.43441009521484,5790600
2024-10-07,98.87000274658203,98.87000274658203,98.05000305175781,98.5,94.60839080810547,5101400
2024-10-08,98.93000030517578,99.16999816894531,98.38999938964844,98.7300033569336,94.82929229736328,5238200
2024-10-09,98.54000091552734,98.87000274658203,98.19000244140625,98.80000305175781,94.89653015136719,3079700
2024-10-10,98.3499984741211,99.04000091552734,97.73999786376953,98.01000213623047,94.13774108886719,3391600
2024-10-11,98.54000091552734,99.11000061035156,98.33999633789062,99.11000061035156,95.19427490234375,3757000
2024-10-14,98.75,99.86000061035156,98.55999755859375,99.76000213623047,95.818603515625,3193300
2024-10-15,100.13999938964844,101.75,100.13999938964844,100.94000244140625,96.95198822021484,6918700
2024-10-16,101.18000030517578,102.0999984741211,100.88999938964844,101.9800033569336,97.95089721679688,4237900
2024-10-17,101.51000213623047,101.69999694824219,100.87000274658203,101.19000244140625,97.19210815429688,3736000
2024-10-18,101.48999786376953,101.97000122070312,101.05000305175781,101.94000244140625,97.9124755859375,3713600
2024-10-21,101.37999725341797,101.83000183105469,99.77999877929688,99.9000015258789,95.95307922363281,6073600
2024-10-22,99.66000366210938,100.44000244140625,99.44000244140625,100.01000213623047,96.05872344970703,5405900
2024-10-23,99.83000183105469,101.08000183105469,99.66999816894531,100.91000366210938,96.92317199707031,5452700
2024-10-24,101.05000305175781,101.7300033569336,100.97000122070312,101.16000366210938,97.16329193115234,3491500
2024-10-25,101.76000213623047,102.18000030517578,100.1500015258789,100.19999694824219,96.24121856689453,4394800
2024-10-28,100.98999786376953,101.45999908447266,100.29000091552734,100.45999908447266,96.4909439086914,4458800
2024-10-29,100.18000030517578,100.55000305175781,99.26000213623047,99.52999877929688,95.59768676757812,7021200
2024-10-30,99.58999633789062,100.7300033569336,99.52999877929688,100.01000213623047,96.05872344970703,6237600
2024-10-31,99.22000122070312,99.7699966430664,98.23999786376953,98.30999755859375,94.42588806152344,7701000
2024-11-01,98.93000030517578,99.0999984741211,97.16000366210938,97.19999694824219,93.35974884033203,9487500
2024-11-04,97.68000030517578,98.52999877929688,97.55000305175781,98.25,94.36825561523438,3926900
2024-11-05,97.72000122070312,99.5999984741211,97.47000122070312,99.58999633789062,95.65531921386719,5125600
2024-11-06,99.30999755859375,99.30999755859375,96.05999755859375,97.08000183105469,93.2444839477539,10360500
2024-11-07,97.62999725341797,98.56999969482422,97.33999633789062,98.27999877929688,94.39708709716797,7768300
2024-11-08,98.73999786376953,100.16000366210938,98.58000183105469,99.88999938964844,95.94346618652344,7286700
2024-11-11,99.66000366210938,100.37000274658203,99.18000030517578,99.2300033569336,95.3095474243164,3711500
2024-11-12,98.91999816894531,99.33000183105469,97.88999938964844,97.88999938964844,94.02249145507812,7729300
2024-11-13,99.01000213623047,99.41000366210938,98.43000030517578,98.55999755859375,94.66600036621094,4801500
2024-11-14,98.54000091552734,98.54000091552734,97.55999755859375,97.69000244140625,93.83039855957031,6714800
2024-11-15,97.26000213623047,97.98999786376953,96.95999908447266,97.80000305175781,93.93603515625,6786300
2024-11-18,97.38999938964844,98.62000274658203,97.18000030517578,98.5999984741211,94.70442962646484,4726100
2024-11-19,98.30000305175781,99.31999969482422,97.88999938964844,99.12000274658203,95.20389556884766,5340800
2024-11-20,98.52999877929688,99.06999969482422,98.12999725341797,98.91000366210938,95.002197265625,4329700
2024-11-21,99.05000305175781,99.93000030517578,98.62999725341797,99.62000274658203,95.68413543701172,3826200
2024-11-22,99.9800033569336,100.52999877929688,99.93000030517578,100.36000061035156,96.3948974609375,3402700
2024-11-25,100.94000244140625,102.2300033569336,100.94000244140625,101.76000213623047,97.73959350585938,5112800
2024-11-26,101.69000244140625,102.29000091552734,101.19999694824219,102.08000183105469,98.04694366455078,3068400
2024-11-27,102.75,103.45999908447266,102.63999938964844,102.87000274658203,98.80573272705078,4141000
2024-11-29,102.91000366210938,103.2699966430664,102.2300033569336,102.30999755859375,98.26786041259766,4566800
2024-12-02,101.8499984741211,101.93000030517578,100.56999969482422,100.94000244140625,96.95198822021484,7207500
2024-12-03,100.94000244140625,101.23999786376953,100.23999786376953,100.36000061035156,96.3948974609375,4252400
2024-12-04,100.33000183105469,100.37999725341797,99.51000213623047,100.02999877929688,96.07792663574219,2553200
2024-12-05,99.62000274658203,99.8499984741211,99.19000244140625,99.72000122070312,95.78018188476562,2955100
2024-12-06,100.0199966430664,100.36000061035156,99.19000244140625,99.69000244140625,95.75137329101562,2913000
2024-12-09,99.81999969482422,100.22000122070312,99.58999633789062,99.97000122070312,96.02030944824219,3739300
2024-12-10,99.93000030517578,99.93000030517578,98.0999984741211,98.38999938964844,94.50272369384766,5809700
2024-12-11,98.44999694824219,98.91000366210938,97.9000015258789,98.20999908447266,94.32984161376953,3654100
2024-12-12,98.0199966430664,99.08999633789062,97.95999908447266,98.0199966430664,94.14734649658203,4411000
2024-12-13,97.79000091552734,98.18000030517578,97.54000091552734,97.61000061035156,93.75354766845703,5145300
2024-12-16,97.75,98.5,97.2699966430664,97.33000183105469,93.48460388183594,4478300
2024-12-17,96.19999694824219,96.91999816894531,95.76000213623047,96.05999755859375,93.02749633789062,3856200
2024-12-18,95.83999633789062,96.27999877929688,92.1500015258789,92.1500015258789,89.24095153808594,9655800
2024-12-19,92.4000015258789,93.11000061035156,90.68000030517578,90.73999786376953,87.87544250488281,12763300
2024-12-20,91.0,93.37999725341797,91.0,92.38999938964844,89.4733657836914,14194600
2024-12-23,92.20999908447266,92.9000015258789,91.73999786376953,92.79000091552734,89.8607406616211,5846900
2024-12-24,92.54000091552734,93.5,92.43000030517578,93.41000366210938,90.4611587524414,2207200
2024-12-26,93.06999969482422,93.68000030517578,92.66000366210938,93.5999984741211,90.64517211914062,3958600
2024-12-27,93.0999984741211,93.76000213623047,92.45999908447266,92.66999816894531,89.74452209472656,5279100
2024-12-30,92.45999908447266,92.5199966430664,91.37999725341797,92.27999877929688,89.3668441772461,4020600
2024-12-31,93.08000183105469,93.26000213623047,92.20999908447266,93.05999755859375,90.1222152709961,5447500
