Date,Open,High,Low,Close,Adj Close,Volume,Daily_Return,MA_10,MA_20,MA_50,Volatility_20,RSI_14,MACD,MACD_Signal
2010-03-16,49.09000015258789,50.25,48.95000076293945,50.18000030517578,29.1783504486084,18134600,0.025966069550721338,48.150999450683585,46.89749965667725,45.52320007324219,0.008330984514066737,93.26919267872196,1.2250621056245876,0.8883592765805968
2010-03-17,50.290000915527344,50.959999084472656,50.11000061035156,50.790000915527344,29.53304100036621,20060300,0.012156249634152516,48.61099967956543,47.195999717712404,45.62280006408692,0.008408487843728801,93.72756389440535,1.3537301819410885,0.9814334576526952
2010-03-18,50.709999084472656,51.06999969482422,50.54999923706055,50.59000015258789,29.416751861572266,12631000,-0.003937797978623592,49.031999588012695,47.45449981689453,45.71620010375977,0.00853201087106898,92.23982378404115,1.4231569024452781,1.0697781466112117
2010-03-19,50.15999984741211,50.869998931884766,50.04999923706055,50.15999984741211,29.16671371459961,14273200,-0.008499709505412678,49.303999710083005,47.69199981689453,45.80140007019043,0.00900859505466009,84.54703388911767,1.4270307257613695,1.1412286624412433
2010-03-22,49.810001373291016,50.84999847412109,49.65999984741211,50.68000030517578,29.46907615661621,15289000,0.01036683531390592,49.5689998626709,47.94599990844726,45.888800048828124,0.00908399149695118,85.80747057769273,1.4552848321039988,1.2040398963737944
2010-03-23,50.630001068115234,50.7400016784668,50.060001373291016,50.540000915527344,29.387676239013672,16105700,-0.0027624188793491378,49.80400009155274,48.21099987030029,45.97960006713867,0.008757241611606554,85.25122277392086,1.4496687551970169,1.2531656681384389
2010-03-24,50.31999969482422,51.02000045776367,50.27000045776367,50.70000076293945,29.48070526123047,11596300,0.0031658061834927143,50.02900009155273,48.46199989318848,46.0692000579834,0.008716965033380058,85.17915410632942,1.4415117738788723,1.2908348892865256
2010-03-25,50.52999877929688,51.15999984741211,50.290000915527344,50.290000915527344,29.52708625793457,18328500,-0.008086781878548055,50.18900032043457,48.68099994659424,46.16620010375976,0.009214604831313766,75.95629706268403,1.3859869514129386,1.3098653017118083
2010-03-26,50.43999862670898,50.7599983215332,49.90999984741211,50.11000061035156,29.421405792236328,13100800,-0.00357924640880658,50.29500045776367,48.89650001525879,46.24260009765625,0.009265588130477165,70.47245158790467,1.3123308758325791,1.3103584165359625
2010-03-29,50.43000030517578,50.5,50.0099983215332,50.33000183105469,29.55057907104492,12065300,0.00439036555624539,50.43700065612793,49.09950008392334,46.32660011291504,0.00916749064382315,70.81713881555955,1.2572177416210693,1.2997302815529839
2010-03-30,50.36000061035156,50.5099983215332,50.06999969482422,50.22999954223633,29.49187660217285,8298000,-0.001986931952715598,50.44200057983399,49.296500015258786,46.41700012207031,0.009236269098353449,67.87146164087025,1.191733277343097,1.2781308807110068
2010-03-31,50.02000045776367,50.34000015258789,49.72999954223633,49.77999877929688,29.227643966674805,8337300,-0.008958804838551937,50.341000366210935,49.476000022888186,46.480200119018555,0.009598082593322423,60.50095220315053,1.0909492826191212,1.2406945610926297
2010-04-01,50.119998931884766,50.18999862670898,49.63999938964844,50.0099983215332,29.362689971923828,11865900,0.004620320367142661,50.28300018310547,49.65749988555908,46.55760009765625,0.009599642510934814,59.48614723510124,1.017902534764545,1.1961361558270127
2010-04-05,50.33000183105469,51.09999847412109,50.11000061035156,51.04999923706055,29.973316192626957,14636500,0.02079585983668264,50.37200012207031,49.83799991607666,46.68200004577637,0.009393596083822283,67.9529947899999,1.0320351838691053,1.1633159614354314
2010-04-06,50.93999862670898,52.18999862670898,50.72999954223633,52.08000183105469,30.578065872192383,16859700,0.020176348861654647,50.512000274658206,50.04050006866455,46.84760009765625,0.009916653309516963,66.60837924967959,1.1135121365759844,1.153355196463542
2010-04-07,51.93999862670898,52.06999969482422,50.72999954223633,50.959999084472656,29.920473098754883,15275300,-0.021505428325737652,50.55400009155274,50.17900009155274,46.98440010070801,0.011454206155848445,51.36434886967597,1.075312810489919,1.1377467192688173
2010-04-08,50.720001220703125,51.11000061035156,50.63999938964844,50.97999954223633,29.93222427368164,8579900,0.0003924736680336327,50.581999969482425,50.30550003051758,47.1292000579834,0.011450561276055943,53.22312976126973,1.0347257646259749,1.1171425283402487
2010-04-09,51.15999984741211,51.83000183105469,50.95000076293945,51.790000915527344,30.40779685974121,11460200,0.01588861083884363,50.73199996948242,50.460500144958495,47.28220008850098,0.011823338920804631,62.674946265074134,1.0557505446289923,1.1048641315979975
2010-04-12,51.900001525878906,51.95000076293945,51.380001068115234,51.45000076293945,30.20817756652832,7833400,-0.00656497676341905,50.86599998474121,50.58050022125244,47.4368000793457,0.011971154087324964,56.159992382826466,1.0330690860815679,1.0905051224947115
2010-04-13,51.40999984741211,52.77000045776367,51.380001068115234,52.619998931884766,30.8951416015625,13847500,0.02274048885511548,51.09499969482422,50.76600017547607,47.62060005187988,0.01271801335050318,64.28568060024807,1.0968590327641863,1.0917759045486064
2010-04-14,53.09000015258789,53.130001068115234,52.369998931884766,52.66999816894531,30.92447662353516,17132900,0.0009501945662384603,51.338999557495114,50.89050006866455,47.78959999084473,0.011597748985454508,63.73775986592716,1.138325636309368,1.1010858509007586
2010-04-15,52.38999938964844,52.58000183105469,51.33000183105469,51.36000061035156,30.155332565307617,19222200,-0.02487179806598394,51.496999740600586,50.91900005340576,47.91779998779297,0.012859939690463482,56.62948403784632,1.053340114340891,1.091536703588785
2010-04-16,51.27000045776367,51.68999862670898,50.13999938964844,50.290000915527344,29.52708625793457,32486100,-0.020833327143858327,51.525,50.90400009155273,48.035,0.013703524361796386,51.00446523604273,0.889396038974013,1.0511085706658307
2010-04-19,49.91999816894531,50.86000061035156,49.75,50.47999954223633,29.638643264770508,20990600,0.0037780597186332088,51.46800003051758,50.920000076293945,48.189199981689455,0.01358704232946771,50.839852418700644,0.765970844290436,0.9940810253907518
2010-04-20,50.810001373291016,51.310001373291016,50.27000045776367,51.27000045776367,30.10249328613281,12239200,0.015649780560444526,51.386999893188474,50.94950008392334,48.34319999694824,0.013839889135609167,55.40540862057891,0.7235611967679816,0.9399770596661978
2010-04-21,51.2400016784668,52.52000045776367,51.18000030517578,52.22999954223633,30.6661376953125,21471400,0.01872438220989503,51.513999938964844,51.03400001525879,48.536199951171874,0.014382749536600596,62.092796172800846,0.7586696768519943,0.9037155831033572
2010-04-22,51.900001525878906,53.20000076293945,51.59000015258789,52.9900016784668,31.112354278564453,18688400,0.014551065343507918,51.71500015258789,51.14850006103516,48.746999969482424,0.014664526192737845,63.97749687237874,0.8381574635475744,0.8906039591922006
2010-04-23,53.150001525878906,53.75,52.66999816894531,53.68000030517578,31.517475128173828,13173900,0.013021298449767293,51.90400009155273,51.31800003051758,48.97099998474121,0.014636167153274466,62.754610658580944,0.945925192991858,0.9016682059521322
2010-04-26,53.84999847412109,54.40999984741211,53.619998931884766,54.02000045776367,31.717121124267575,11956700,0.006333832910859982,52.16100006103515,51.51350002288818,49.194400024414065,0.014556116985940707,60.083154065012444,1.0467013442672766,0.9306748336151611
2010-04-27,53.59999847412109,53.970001220703125,52.22999954223633,52.310001373291016,30.71309471130371,22098000,-0.0316549253976709,52.130000305175784,51.6125,49.37580001831055,0.016578563726482982,56.61117979562031,0.9773186145192341,0.9400035897959758
2010-04-28,52.83000183105469,52.91999816894531,52.220001220703125,52.4900016784668,30.818809509277344,15187700,0.003441030404325085,52.11200065612793,51.72550010681152,49.5376000213623,0.016553196422951943,57.28063089310309,0.926180390605083,0.9372389499577972
2010-04-29,53.20000076293945,54.72999954223633,53.09000015258789,54.65999984741211,32.092872619628906,20216600,0.04134117164327544,52.44200057983399,51.96950016021729,49.734400024414064,0.018458649771610006,62.233592969244675,1.048665335310659,0.9595242270283696
2010-04-30,54.56999969482422,55.0,52.86000061035156,52.959999084472656,31.09475517272949,20171100,-0.0311013678683707,52.70900039672851,52.11700019836426,49.88520004272461,0.020134113759403112,55.76775853331363,0.997066124742247,0.9670326065711451
2010-05-03,53.38999938964844,54.900001525878906,53.380001068115234,54.59999847412109,32.05765151977539,20332100,0.03096675638216273,53.12100028991699,52.29450016021728,50.06900001525879,0.020725357587237352,57.300886636203444,1.0761029780324805,0.9888466808634122
2010-05-04,53.86000061035156,53.97999954223633,52.77999877929688,53.31999969482422,31.306114196777344,25009300,-0.023443201741178643,53.32600021362305,52.35650005340576,50.22340003967285,0.02117617918482344,52.1974368524168,1.0236549920563363,0.9958083431019971
2010-05-05,52.41999816894531,53.52999877929688,51.810001373291016,52.56999969482422,30.865772247314453,21721100,-0.014066016584632579,53.36000022888184,52.43700008392334,50.37,0.020815098562746513,54.25157922616578,0.9110686213678321,0.9788603987551641
2010-05-06,52.18999862670898,52.59000015258789,43.15999984741211,50.459999084472656,29.62691116333008,40853400,-0.040136972086748934,53.10699996948242,52.41100006103515,50.46559997558594,0.022830760656803128,50.55664114707748,0.6441582409842042,0.9119199672009721
2010-05-07,50.59999847412109,51.65999984741211,48.810001373291016,49.61000061035156,29.12784194946289,31771300,-0.016844995829234044,52.7,52.30200004577637,50.53959999084473,0.022785103384726845,47.269305952437676,0.35989344085649577,0.8015146619320769
2010-05-10,52.25,52.93999862670898,51.77000045776367,52.880001068115234,31.04779052734375,24930800,0.06591413863198703,52.58600006103516,52.37350006103516,50.68120002746582,0.02731736824899314,54.37262617409196,0.3939322414799662,0.7199981778416548
2010-05-11,52.130001068115234,53.540000915527344,51.9900016784668,52.93999862670898,31.0830078125,19801500,0.0011345982863437687,52.648999786376955,52.389500045776366,50.81459999084473,0.026865947269712972,52.02741092864268,0.42089769118411624,0.660178080510147
2010-05-12,53.369998931884766,54.0,52.93999862670898,53.79999923706055,31.58794403076172,13551200,0.0162448173906391,52.779999542236325,52.44600009918213,50.96479995727539,0.0270918894672437,52.2998236270442,0.5058319504255664,0.6293088544932309
2010-05-13,53.86000061035156,53.95000076293945,52.880001068115234,53.09000015258789,31.171085357666016,12836800,-0.013197009192215114,52.622999572753905,52.53250007629394,51.10279998779297,0.026617481516443595,48.32671476980792,0.5099733154525268,0.6054417466850901
2010-05-14,52.59000015258789,52.59000015258789,50.810001373291016,51.45000076293945,30.20817756652832,21810900,-0.030890928328025202,52.47199974060059,52.590500068664554,51.204199981689456,0.027160858826088624,43.21183124885135,0.3765801508099287,0.5596694275100578
2010-05-17,51.45000076293945,52.31999969482422,49.90999984741211,51.369998931884766,30.161205291748047,19768900,-0.0015549432433111798,52.148999786376955,52.63500003814697,51.28279998779297,0.02716337396334778,47.28322921926576,0.26139641249230294,0.5000148245065068
2010-05-18,52.08000183105469,52.22999954223633,49.84999847412109,50.060001373291016,29.39205551147461,17861700,-0.02550121833428054,51.82299995422363,52.57450008392334,51.323400039672855,0.027568476766249128,43.40748434379729,0.06367263662922795,0.41274638693105103
2010-05-19,49.720001220703125,50.72999954223633,48.400001525878906,49.63999938964844,29.14546012878418,23569300,-0.00838997147664211,51.52999992370606,52.445000076293944,51.35240005493164,0.02722044117708076,34.95203383097456,-0.12546919941309653,0.3051032696622215
2010-05-20,48.380001068115234,48.88999938964844,47.16999816894531,47.2400016784668,27.736330032348636,31029900,-0.0483480608519532,51.20800018310547,52.15750007629394,51.328200073242186,0.028773505433627007,33.54430504771554,-0.463680208037232,0.15134657412233082
2010-05-21,46.5,48.88999938964844,46.25,48.77000045776367,28.63464736938477,23970300,0.03238777995205466,51.12400016784668,51.91200008392334,51.32980010986328,0.029733678403451126,33.12101784205558,-0.6013250533910082,0.0008122486196630307
2010-05-24,48.91999816894531,49.13999938964844,47.70000076293945,47.790000915527344,28.059261322021484,19137900,-0.020094310704077967,50.61500015258789,51.60050010681152,51.304600143432616,0.02982015547794203,33.70653839807831,-0.7804903509446959,-0.15544827129320876
2010-05-25,46.41999816894531,48.310001373291016,45.93000030517578,48.290000915527344,28.35282516479492,23967400,0.010462439640538834,50.150000381469724,51.39950008392334,51.29220016479492,0.02937381153895643,37.20095568241812,-0.8720815059973575,-0.2987749182340385
2010-05-26,48.970001220703125,49.630001068115234,47.7599983215332,48.09999847412109,28.241270065307617,20304200,-0.003934612503706969,49.58000030517578,51.179999923706056,51.25060012817383,0.02932723712410328,42.027022498988316,-0.94905959709385,-0.4288318540060008
2010-05-27,49.25,50.72999954223633,48.75,50.709999084472656,29.773691177368164,20292700,0.05426196867253141,49.34200019836426,50.98249988555908,51.24900009155274,0.03049651636291474,53.32125192117028,-0.7903493964480219,-0.501135362494405
2010-05-28,50.66999816894531,51.02000045776367,49.77999877929688,49.95000076293945,29.327472686767575,15463200,-0.014987149186636683,49.192000198364255,50.831999969482425,51.236200103759764,0.029931161342538898,39.57294925337799,-0.7176236136546805,-0.5444330127264602
2010-06-01,49.29999923706055,50.209999084472656,48.91999816894531,48.97999954223633,28.757930755615234,15112900,-0.01941944356130665,48.95300025939942,50.55100002288818,51.21260009765625,0.029074164865162636,36.764708132292526,-0.7298456918794614,-0.5815155485570604
2010-06-02,49.400001525878906,50.119998931884766,48.54999923706055,50.060001373291016,29.39205551147461,16033600,0.022049853841329403,48.95300025939942,50.388000106811525,51.200200119018554,0.0293353836742018,37.68116670427755,-0.6449500721494488,-0.5942024532755381
2010-06-03,50.25,50.380001068115234,49.5,49.93000030517578,29.31572723388672,10995700,-0.0025969050049725606,48.98200035095215,50.2560001373291,51.18800010681152,0.02921429081651474,39.17808441087629,-0.5814570071718848,-0.5916533640548075
2010-06-04,48.900001525878906,49.369998931884766,47.0099983215332,47.220001220703125,27.724590301513672,26058700,-0.05427596771297705,48.98000030517578,50.094000244140624,51.1184001159668,0.030331075301589416,36.5028748986379,-0.7412677008121094,-0.6215762314062678
2010-06-07,47.36000061035156,48.25,46.88999938964844,46.97999954223633,27.58367347717285,21973000,-0.00508262753626465,48.80100021362305,49.962500190734865,51.052200088500975,0.03015957352135976,36.133926462862746,-0.8771734470938171,-0.6726956745437777
2010-06-08,47.119998931884766,47.880001068115234,46.0,47.79999923706055,28.06512451171875,26149600,0.017454229519245024,48.80200004577637,49.70850009918213,51.00600006103516,0.026059571940757875,42.63363249106631,-0.9082429484727825,-0.7198051293295787
2010-06-09,48.310001373291016,49.43999862670898,47.810001373291016,48.040000915527344,28.206031799316406,22432100,0.0050209556966001045,48.77700004577637,49.46350021362305,50.96020004272461,0.026119897224926563,44.72296145244312,-0.903089370376648,-0.7564619775389926
2010-06-10,49.04999923706055,50.25,48.63999938964844,50.04999923706055,29.386186599731445,25055600,0.04184009748600026,48.97200012207031,49.27600021362305,50.9566000366211,0.027765971124214903,59.51251437290734,-0.7284183035365501,-0.7508532427385042
2010-06-11,49.5099983215332,50.720001220703125,49.40999984741211,50.56999969482422,29.691503524780277,14358300,0.01038961969411245,48.95800018310547,49.150000190734865,50.97240005493164,0.027821642552672422,56.540692073389636,-0.5417851713070476,-0.7090396284522129
2010-06-14,51.2400016784668,51.72999954223633,50.66999816894531,51.16999816894531,30.043773651123047,16673400,0.011864711839863817,49.079999923706055,49.136000061035155,50.99560005187988,0.02712363926714548,62.63077735404937,-0.34152531568388156,-0.6355367658985467
2010-06-15,51.43000030517578,52.380001068115234,51.13999938964844,52.27999877929688,30.695497512817383,21950200,0.02169241059354232,49.40999984741211,49.18150005340576,51.02020004272461,0.027544863034671765,64.26017261293845,-0.09218748477518801,-0.526866909673875
2010-06-16,51.880001068115234,52.29999923706055,51.59000015258789,51.900001525878906,30.472387313842773,12538600,-0.007268501574037023,49.5939998626709,49.27350006103516,51.01660003662109,0.026907601801602076,63.39916421006984,0.07390006606038924,-0.40671351452702215
2010-06-17,51.97999954223633,52.209999084472656,51.38999938964844,51.97999954223633,30.51935577392578,15515800,0.0015413875530916332,49.79899978637695,49.39050006866455,51.03700004577637,0.026794228699599156,55.45064681233682,0.20956508222435133,-0.28345779517674746
2010-06-18,52.130001068115234,52.20000076293945,51.56999969482422,51.83000183105469,30.431283950805664,10951600,-0.0028856812716929747,50.25999984741211,49.62000007629395,51.05400009155274,0.024025616598194622,58.514499827060085,0.30150150160641687,-0.1664659358201146
2010-06-21,52.54999923706055,52.68999862670898,51.2400016784668,51.459999084472656,30.21403312683105,12016600,-0.007138775487372961,50.707999801635744,49.754500007629396,51.04740005493164,0.0232608464454429,61.87739400602823,0.34057965664728584,-0.06505681732663451
2010-06-22,51.54999923706055,51.7599983215332,49.84999847412109,50.0099983215332,29.362689971923828,20543300,-0.028177240356325073,50.928999710083005,49.865499877929686,51.01860000610352,0.023747337576031532,49.768718487276345,0.25164561860552936,-0.0017163301402017411
2010-06-23,49.869998931884766,50.650001525878906,49.20000076293945,50.040000915527344,29.38031578063965,17497500,0.0005999319136393844,51.12899971008301,49.952999877929685,50.967000045776366,0.02367647153287776,50.513541642179234,0.18149356645719195,0.034925649179277
2010-06-24,49.43000030517578,49.54999923706055,48.47999954223633,48.59000015258789,28.77508354187012,20028200,-0.028976833261598167,50.98299980163574,49.97749996185303,50.88540008544922,0.024651565951319544,57.248671012057265,0.008793253155403136,0.029699169974502226
2010-06-25,48.86000061035156,50.0099983215332,48.540000915527344,49.83000183105469,29.50941467285156,20899200,0.025519688713167454,50.90900001525879,49.933500099182126,50.854800109863284,0.022073560391679382,63.636373592075635,-0.027695955316225707,0.01822014491635664
2010-06-28,50.04999923706055,50.06999969482422,49.04999923706055,49.2599983215332,29.171863555908203,10955200,-0.011438962243149109,50.71800003051758,49.898999977111814,50.834200057983395,0.021966193608300533,57.156855045308845,-0.1014391085214541,-0.005711705771205508
2010-06-29,48.43999862670898,48.58000183105469,47.310001373291016,47.68000030517578,28.236177444458008,26764200,-0.03207466646759405,50.258000183105466,49.83400001525879,50.77820007324219,0.022710613149347983,48.44020545151269,-0.2840988098187722,-0.06138912658071886
2010-06-30,47.709999084472656,48.40999984741211,47.06999969482422,47.209999084472656,27.95784568786621,16863600,-0.009857408089238295,49.78899993896484,49.691499900817874,50.69700004577637,0.022111822076203633,35.80000465392891,-0.46146364399876205,-0.1414040300643275
2010-07-01,47.18000030517578,47.5,45.93999862670898,47.119998931884766,27.904544830322266,20930400,-0.0019063790369250322,49.302999877929686,49.55099983215332,50.594800033569335,0.022112518338971703,31.97492425417117,-0.6023453508248622,-0.23359229421643446
2010-07-02,47.33000183105469,47.43999862670898,46.0,46.220001220703125,27.371557235717773,14099300,-0.019100121638004453,48.741999816894534,49.50099983215332,50.459400024414066,0.018965852527213705,24.924034595854806,-0.7776531111865879,-0.3424044576104652
2010-07-06,47.0,47.400001525878906,44.84999847412109,45.31999969482422,26.838571548461918,25757200,-0.01947212250344499,48.12799987792969,49.417999839782716,50.29220001220703,0.01940085042869272,13.97517367528171,-0.9779353458855553,-0.4695106352654832
2010-07-07,45.45000076293945,47.540000915527344,45.369998931884766,47.47999954223633,28.11774253845215,22771600,0.04766107374133077,47.875,49.4019998550415,50.16139999389648,0.021969551545547306,30.68182007643395,-0.9513993841508963,-0.5658883850425658
2010-07-08,48.02000045776367,48.41999816894531,47.16999816894531,47.9900016784668,28.41976928710937,15471500,0.010741409880949737,47.670000076293945,49.39949989318848,50.075,0.02207682034442094,33.192947026209865,-0.8790830114213009,-0.6285273103183129
2010-07-09,47.88999938964844,48.72999954223633,47.810001373291016,48.619998931884766,28.792848587036133,13585800,0.0131276772532527,47.672999954223634,49.327999877929685,49.99759994506836,0.020067070815999025,37.00404728243965,-0.7621506534668043,-0.6552519789480112
2010-07-12,48.5099983215332,48.970001220703125,48.06999969482422,48.79999923706055,28.89943504333496,10050700,0.003702186530854412,47.56999969482422,49.2394998550415,49.88039993286133,0.019917937465466294,39.06250735254211,-0.6474925064688719,-0.6537000844521834
2010-07-13,49.5099983215332,50.119998931884766,49.2599983215332,49.869998931884766,29.53309631347656,17309700,0.021926223597389383,47.63099975585938,49.174499893188475,49.81859992980957,0.020397018259271652,49.40577540965876,-0.464925691923618,-0.6159452059464703
2010-07-14,49.630001068115234,50.02000045776367,48.93999862670898,49.58000183105469,29.361364364624023,12125900,-0.00581506130020526,47.82099990844726,49.039500045776364,49.71819999694824,0.019695345062332798,48.08970494396134,-0.3397243872387179,-0.5607010422049199
2010-07-15,49.59000015258789,49.65999984741211,48.52000045776367,49.470001220703125,29.29620933532715,16308800,-0.002218648775496046,48.047000122070315,48.918000030517575,49.64120002746582,0.019662860776307862,54.11215423069505,-0.24653567143399613,-0.4978679680507352
2010-07-16,49.13999938964844,49.220001220703125,47.58000183105469,47.95000076293945,28.39606285095215,22010900,-0.030725700833974412,48.130000305175784,48.71650009155273,49.54880004882813,0.02063825173867333,41.43897474274244,-0.291968643756924,-0.456688103191973
2010-07-19,48.040000915527344,48.77999877929688,47.290000915527344,48.5,28.72178077697754,16259600,0.01147026544962304,48.35800018310547,48.55,49.50960006713867,0.020920379053823,46.53285287618205,-0.2803624163383631,-0.42142296582125105
2010-07-20,47.75,49.5,47.61000061035156,49.33000183105469,29.21331596374512,19416900,0.01711343981556057,48.75900039672852,48.4435001373291,49.50400009155273,0.02137240973693221,58.08032161524982,-0.20186323264893247,-0.37751101918678737
2010-07-21,49.5099983215332,49.7599983215332,48.150001525878906,48.380001068115234,28.650718688964844,18512300,-0.019258072728093878,48.84900054931641,48.3620002746582,49.41400009155274,0.020882581173541984,55.47241409703892,-0.21384412415068255,-0.3447776401795664
2010-07-22,48.95000076293945,50.5,48.91999816894531,50.119998931884766,29.68115234375,21544600,0.03596522995772067,49.0620002746582,48.366000175476074,49.35760009765625,0.02249989515167986,62.155595179507216,-0.08199064403909517,-0.2922202409514722
2010-07-23,50.06999969482422,50.79999923706055,49.310001373291016,50.709999084472656,30.03054428100586,13185300,0.011771751100588146,49.27100028991699,48.47200012207031,49.295800094604495,0.021531549124912765,68.6616721503606,0.06931327014695654,-0.21991353873178648
2010-07-26,50.720001220703125,52.13999938964844,50.47999954223633,52.02000045776367,30.806331634521484,14626000,0.02583319654786065,49.593000411987305,48.58150005340576,49.27440010070801,0.021549406567998558,76.92926648944473,0.29156786209204455,-0.11761725856702028
2010-07-27,52.459999084472656,52.630001068115234,51.290000915527344,52.0099983215332,30.8004093170166,17355900,-0.00019227482011630048,49.80700035095215,48.719000053405765,49.28560005187988,0.021315504613104858,72.01165391764555,0.46157835075892706,-0.0017781367018308153
2010-07-28,51.77999877929688,52.4900016784668,51.59000015258789,51.93000030517578,30.75302505493164,13959800,-0.0015381276473585004,50.042000198364256,48.93150005340576,49.2968000793457,0.019708930052196753,69.97971555348528,0.5831356912784429,0.11520462889422393
2010-07-29,52.31999969482422,52.400001525878906,50.93000030517578,51.470001220703125,30.48062515258789,15297300,-0.00885806050008453,50.24200019836426,49.144500160217284,49.32500007629395,0.019671949474966095,64.70589624730579,0.6350324192343422,0.2191701869622476
2010-07-30,50.869998931884766,51.9900016784668,50.79999923706055,51.650001525878906,30.58721160888672,11730300,0.0034971886712016342,50.6120002746582,49.37100028991699,49.36520011901855,0.019616195241167696,64.70589624730579,0.6828144108464613,0.3118990317390904
2010-08-02,52.43999862670898,53.45000076293945,52.27999877929688,53.220001220703125,31.51697158813477,18843400,0.030396895419985137,51.08400039672851,49.721000289916994,49.48480010986328,0.019566914756476737,66.43769744991758,0.8377112242510947,0.4170614702414913
2010-08-03,53.11000061035156,53.18999862670898,52.459999084472656,52.93999862670898,31.351158142089844,10431400,-0.005261228627804426,51.445000076293944,50.10200023651123,49.56820007324219,0.018787730988709322,66.50292453759926,0.927186170568568,0.5190864103069066
2010-08-04,53.0,53.16999816894531,52.59000015258789,53.11000061035156,31.45182991027832,9319200,0.003211220023659367,51.918000030517575,50.383500289916995,49.67460006713867,0.016310802884432506,67.77342498535958,1.0002828118706333,0.615325690619652
2010-08-05,52.83000183105469,53.09000015258789,52.310001373291016,52.45000076293945,31.06096649169922,7449400,-0.012427035206688974,52.15100021362305,50.606500244140626,49.757800064086915,0.01675394553286725,73.98719433635685,0.9935034653835899,0.6909612455724397
2010-08-06,51.869998931884766,52.41999816894531,51.459999084472656,52.27999877929688,30.960309982299805,11075000,-0.0032412198507095757,52.30800018310547,50.78950023651123,49.84140007019043,0.01671448938032124,70.99997541641626,0.9633086229691585,0.7454307210517834
2010-08-09,52.58000183105469,53.0,52.220001220703125,52.79999923706055,31.26824760437012,8254900,0.009946451222366592,52.386000061035155,50.98950023651123,49.883200073242186,0.016771424988750804,69.96544826172403,0.9701553371045932,0.7903756442623454
2010-08-10,52.34000015258789,52.869998931884766,51.810001373291016,52.38999938964844,31.02544212341309,15500900,-0.0077651487374327255,52.42400016784668,51.11550025939941,49.93200004577637,0.016418961445391525,74.60120057571467,0.9317571300142475,0.8186519414127259
2010-08-11,51.470001220703125,51.75,50.720001220703125,51.130001068115234,30.27926445007324,20175400,-0.024050359538316024,52.344000244140624,51.19300022125244,49.975000076293945,0.01738827883841629,56.584102820685494,0.7905420631400801,0.8130299657581967
2010-08-12,50.459999084472656,51.040000915527344,50.29999923706055,50.540000915527344,29.929874420166016,10760300,-0.011539216512080563,52.251000213623044,51.246500205993655,49.98460006713867,0.017621700397698586,48.891798954166966,0.6238289123839067,0.7751897550833389
2010-08-13,50.45000076293945,50.90999984741211,50.34999847412109,50.43000030517578,29.864728927612305,9818100,-0.002176505903421333,52.12900009155273,51.37050018310547,49.99460006713867,0.015977554727845466,37.71252770370143,0.47732905712086904,0.7156176154908449
2010-08-16,50.34000015258789,50.91999816894531,50.0099983215332,50.47999954223633,29.89433860778809,11577500,0.0009914581946852685,51.85499992370605,51.46950016021729,50.05980003356934,0.01584417505064677,38.24886115795653,0.3610988639923107,0.644713865191138
2010-08-17,50.93000030517578,51.900001525878906,50.65999984741211,51.58000183105469,30.545753479003903,13384800,0.02179085377958434,51.719000244140624,51.582000160217284,50.151800079345705,0.01610942182590143,47.67597492535257,0.35366970593130986,0.5865050333391725
2010-08-18,51.630001068115234,51.95000076293945,51.220001220703125,51.59000015258789,30.55169486999512,9191000,0.00019384104649611267,51.567000198364255,51.742500114440915,50.22760009765625,0.015302886987909763,50.84744940815666,0.34461630340262417,0.5381272873518628
2010-08-19,51.41999816894531,51.470001220703125,50.15999984741211,50.41999816894531,29.858800888061523,18212900,-0.02267885210664977,51.363999938964845,51.757500076293944,50.275200042724606,0.014305933196582061,42.37916827384869,0.24026243886988397,0.478554317655467
2010-08-20,50.18999862670898,50.34000015258789,49.7599983215332,50.27000045776367,29.769983291625977,15910500,-0.0029749646296898247,51.16300010681152,51.73550014495849,50.279600067138674,0.014066748399608786,27.81956094877468,0.14380005022295705,0.41160346416896504
2010-08-23,50.459999084472656,50.65999984741211,50.0,50.02999877929688,29.62785148620605,11039300,-0.004774252561792536,50.886000061035155,51.636000061035155,50.268800048828126,0.012664189398584401,27.987913015726875,0.04743992465069624,0.3387707562653113
2010-08-24,49.36000061035156,50.130001068115234,48.95000076293945,49.810001373291016,29.497560501098636,15820700,-0.0043973098415686085,50.628000259399414,51.52600021362305,50.24160011291504,0.012669731521475946,25.22523038538175,-0.04614617677135868,0.26178736965797733
2010-08-25,49.47999954223633,50.70000076293945,49.310001373291016,50.459999084472656,29.88249397277832,13757000,0.013049542125292524,50.56100006103516,51.45250015258789,50.205200119018556,0.013114813985250405,35.037576215096195,-0.0670910692810267,0.19601168187017654
2010-08-26,50.77000045776367,51.11000061035156,50.09999847412109,50.18000030517578,29.71668815612793,11290600,-0.005548925572276375,50.525,51.388000106811525,50.170800094604495,0.013035787036130906,34.46745428566908,-0.10507239971791194,0.13579486555255885
2010-08-27,50.5,51.04999923706055,49.459999084472656,50.97999954223633,30.1904411315918,17038300,0.015942591315170507,50.579999923706055,51.3545000076294,50.15080009460449,0.013557794159548671,37.073853476471314,-0.06981484311841513,0.09467292381836405
2010-08-30,50.83000183105469,51.310001373291016,50.5099983215332,50.5099983215332,29.91211700439453,10888000,-0.009219325714464488,50.582999801635744,51.2189998626709,50.124400024414065,0.01153986182250014,36.76054589970777,-0.07888876546129353,0.05996058596243253
2010-08-31,50.34999847412109,51.119998931884766,50.18000030517578,50.97999954223633,30.1904411315918,11610200,0.009305112578132047,50.5229995727539,51.12099990844727,50.11480003356934,0.01181586692306296,48.81139790874708,-0.04760597173696368,0.038447274422553294
2010-09-01,51.63999938964844,52.720001220703125,51.56999969482422,52.59000015258789,31.143888473510746,17775000,0.031581024417579595,50.622999572753905,51.09499988555908,50.16640007019043,0.013959800940762282,63.98362750225733,0.10587895490401422,0.051933610518845486
2010-09-02,52.63999938964844,53.31999969482422,52.5099983215332,53.25,31.53473663330078,10102100,0.012549911494526444,50.905999755859376,51.13499984741211,50.23060005187988,0.013944407790563773,67.89340531559853,0.27757364075641533,0.09706161656635946
2010-09-03,53.95000076293945,54.040000915527344,53.43999862670898,53.95000076293945,31.94929313659668,10942500,0.01314555423360475,51.273999786376955,51.218499946594235,50.33780006408691,0.014170995179174703,70.33998661948904,0.46476955360168404,0.17060320397342438
2010-09-07,53.61000061035156,53.720001220703125,53.13999938964844,53.20000076293945,31.505125045776367,9147200,-0.013901760693119547,51.59099998474121,51.23850002288818,50.40520004272461,0.014438618157877343,59.90219820858382,0.5463074391231615,0.2457440510033718
2010-09-08,53.34999847412109,53.650001525878906,53.11000061035156,53.22999954223633,31.522890090942383,9256500,0.0005638868208019954,51.932999801635745,51.28050003051758,50.48460006713867,0.014307929381212193,60.0,0.6063577370782269,0.3178667882183428
2010-09-09,53.84999847412109,53.970001220703125,52.63999938964844,52.83000183105469,31.286020278930664,7312700,-0.0075145165249204116,52.170000076293945,51.36550006866455,50.58760009765625,0.013227714509950342,66.21807562452253,0.6145869823096959,0.3772108270366134
2010-09-10,52.97999954223633,53.27000045776367,52.63999938964844,53.040000915527344,31.410381317138672,9708400,0.003974996729021685,52.4560001373291,51.49050006866455,50.70420013427734,0.012859029655050178,68.4913395098543,0.6307826201292173,0.42792518565513415
2010-09-13,53.459999084472656,53.93000030517578,53.38999938964844,53.869998931884766,31.901899337768555,8810500,0.01564852945005213,52.74500007629395,51.6625,50.83920013427734,0.013133003424039122,73.76240545275735,0.7024937722028852,0.48283890296468435
2010-09-14,53.650001525878906,54.060001373291016,53.40999984741211,53.709999084472656,31.80716323852539,9984600,-0.002970110461936737,53.06500015258789,51.82399997711182,50.98900009155273,0.0132007263309229,74.31422193662175,0.7379085756328223,0.5338528374983119
2010-09-15,53.45000076293945,54.290000915527344,53.34000015258789,54.130001068115234,32.05589294433594,9842700,0.00781980991997444,53.380000305175784,51.951499938964844,51.16520011901856,0.012516432289817619,73.55586232022804,0.7907504337031739,0.5852323567392843
2010-09-16,54.02000045776367,54.18000030517578,53.650001525878906,53.84000015258789,31.884143829345703,9198500,-0.005357489558561412,53.505000305175784,52.06399993896484,51.292400131225584,0.012631054992469486,73.46153977824869,0.8000053727338496,0.6281869599381974
2010-09-17,54.0099983215332,54.209999084472656,53.54999923706055,54.0,31.97886657714844,7559200,0.0029717653595588978,53.58000030517578,52.24300003051758,51.41260009765625,0.01119079418920152,71.08938912097332,0.8109030435886666,0.6647301766682913
2010-09-20,54.18000030517578,55.40999984741211,54.08000183105469,55.209999084472656,32.69544982910156,14170600,0.022407390453197396,53.7060001373291,52.48999996185303,51.54440010070801,0.011838971204745453,79.74684889014007,0.9067241879645991,0.7131289789275529
2010-09-21,55.27999877929688,55.27999877929688,54.290000915527344,54.34000015258789,32.18023681640625,14413000,-0.015757995767282096,53.820000076293944,52.70550003051758,51.65520011901855,0.012538785163868284,70.24097869559343,0.9020630707530657,0.7509157972926555
2010-09-22,54.150001525878906,54.52999877929688,53.63999938964844,53.77999877929688,31.848608016967773,11476400,-0.01030550923295015,53.875,52.90399990081787,51.733400115966795,0.012818829030499856,58.20689139893183,0.8434588030370236,0.7694243984415292
2010-09-23,52.91999816894531,53.06999969482422,51.93999862670898,52.119998931884766,31.134166717529297,14622000,-0.030866490983468498,53.803999710083005,52.986999893188475,51.7842000579834,0.01478330769592365,43.15150551143091,0.6555100720922837,0.7466415331716802
2010-09-24,52.77999877929688,53.59999847412109,52.709999084472656,53.540000915527344,31.982421875,11956700,0.027244858264451777,53.85399971008301,53.15499992370606,51.86560005187988,0.015723034680952735,47.71460442598571,0.6140631041259681,0.7201258473625378
2010-09-27,53.7400016784668,53.77999877929688,52.77999877929688,53.0099983215332,31.66581344604492,7172900,-0.009899189109659368,53.76799964904785,53.2564998626709,51.96680000305176,0.015696660727146934,48.914271763392854,0.5323131290858569,0.6825633037072016
2010-09-28,53.060001373291016,53.29999923706055,52.22999954223633,53.150001525878906,31.749435424804688,9984300,0.0026410716615479224,53.71199989318848,53.38850002288818,52.05980003356934,0.015470068794527378,49.54854415122382,0.4733661036422916,0.6407238636942196
2010-09-29,53.09000015258789,53.09999847412109,52.56999969482422,52.7599983215332,31.51647186279297,8977400,-0.007337783502335493,53.57499961853027,53.47749996185303,52.128399963378904,0.01554149107552476,49.604500389443515,0.3906766844592937,0.5907144278472345
2010-09-30,53.18000030517578,53.619998931884766,52.52000045776367,52.880001068115234,31.588157653808597,10119400,0.0022745024715637996,53.47899971008301,53.49200000762939,52.21839996337891,0.013881950978158577,49.08676027756669,0.3310122397046982,0.5387739902187273
2010-10-01,53.15999984741211,53.40999984741211,52.540000915527344,53.13999938964844,31.74347877502441,8272400,0.004916760897911043,53.39299964904785,53.48649997711182,52.27879997253418,0.013632044094618326,45.543355893883586,0.30123497969501045,0.4912661881139839
2010-10-04,53.04999923706055,53.59999847412109,52.9900016784668,53.59000015258789,32.01229476928711,11356500,0.008468211669327097,53.23099975585937,53.468499946594235,52.336399993896485,0.01343305018713083,49.29246036298041,0.31036983707636523,0.4550869179064602
2010-10-05,53.97999954223633,54.52000045776367,53.59000015258789,54.290000915527344,32.43042755126953,11265200,0.013062152658076531,53.22599983215332,53.522999954223636,52.38180000305176,0.013343485814208895,50.91323972243331,0.3698303151215896,0.4380355973494861
2010-10-06,54.15999984741211,54.290000915527344,53.810001373291016,54.130001068115234,32.334869384765625,8326400,-0.0029471328921335527,53.261000061035155,53.56800003051758,52.4242000579834,0.013373961042523596,51.68018826807691,0.3994380486669229,0.4303160876129735
2010-10-07,54.34999847412109,54.56999969482422,53.9900016784668,54.25,32.40652084350586,6120600,0.00221686550003497,53.47400016784668,53.638999938964844,52.470600051879885,0.01322702138253652,51.455178477853465,0.4276555547155638,0.42978398103349164
2010-10-08,54.18999862670898,54.4900016784668,53.95000076293945,54.31999969482422,32.44835662841797,6750800,0.0012903169552851423,53.55200004577637,53.702999877929685,52.5276000213623,0.013213238852775248,44.02685952105914,0.4504737410391826,0.43392193303462984
2010-10-11,54.36000061035156,54.52000045776367,54.18000030517578,54.2400016784668,32.400569915771484,5457700,-0.0014727175406270554,53.67500038146973,53.72150001525879,52.57940002441406,0.012780605872468487,49.24926197761361,0.4568360254176156,0.43850475151122703
2010-10-12,54.119998931884766,54.88999938964844,53.970001220703125,54.709999084472656,32.68131637573242,7765400,0.008665143647892837,53.8310001373291,53.77150001525879,52.60919998168945,0.012882577505810235,57.07762000315853,0.4941072831685105,0.44962525784268376
2010-10-13,55.0,55.75,54.86000061035156,55.25,33.00389099121094,9291200,0.00987024172114448,54.08000030517578,53.82749996185303,52.65540000915527,0.012947686941606574,78.71556191104139,0.5607545549166204,0.4718511172574711
2010-10-14,55.09999847412109,55.45000076293945,54.75,55.08000183105469,32.902339935302734,8283600,-0.0030768899356617974,54.30000038146973,53.889500045776366,52.69480003356934,0.012897729600609332,68.3333242507307,0.5930196055735877,0.49608481492069445
2010-10-15,55.31999969482422,55.560001373291016,54.91999816894531,55.04999923706055,32.88441848754883,10031100,-0.0005447093862880337,54.49100036621094,53.942000007629396,52.74680000305176,0.012896536212557293,77.56754583301544,0.6091470639113012,0.5186972647188158
2010-10-18,54.900001525878906,55.79999923706055,54.77000045776367,54.77000045776367,32.717166900634766,10987400,-0.005086263091323984,54.60900039672852,53.920000076293945,52.79660003662109,0.011928289994976079,71.09373525405982,0.5925046051275729,0.5334587328005673
2010-10-19,54.959999084472656,55.790000915527344,54.790000915527344,55.040000915527344,32.87845230102539,18057400,0.004929714360179416,54.684000396728514,53.95500011444092,52.84140007019043,0.011405752455092321,80.6452175250596,0.594251950516032,0.5456173763436603
2010-10-20,55.09000015258789,56.56999969482422,55.060001373291016,56.13999938964844,33.53553009033203,20963800,0.01998543706075373,54.885000228881836,54.0730001449585,52.91640007019043,0.01186887050028235,84.68088387476412,0.6765980173398276,0.5718135045428938
2010-10-21,56.400001525878906,56.66999816894531,55.70000076293945,56.02999877929688,33.46984100341797,12328700,-0.0019593981394278037,55.06300010681152,54.2685001373291,53.014400024414066,0.009054491851182428,81.7582670022487,0.7246286703806888,0.6023765377104529
2010-10-22,56.25,56.38999938964844,55.709999084472656,56.040000915527344,33.475807189941406,5044900,0.0001785139469636654,55.23500022888184,54.3935001373291,53.124400024414065,0.007171030837414636,79.8053853172096,0.7547995385264628,0.6328611378736548
2010-10-25,56.400001525878906,56.4900016784668,56.09999847412109,56.150001525878906,33.54151916503906,8215500,0.001962894513820146,55.42600021362305,54.550500297546385,53.238800048828125,0.006573873922551618,76.42048841176239,0.778610956406304,0.6620111015801846
2010-10-26,55.68000030517578,55.93000030517578,55.47999954223633,55.81999969482422,33.344383239746094,9226500,-0.005877147321226572,55.537000274658205,54.684000205993655,53.345600051879885,0.006861315191949302,72.89971891149804,0.7620686339612917,0.682022608056406
2010-10-27,55.52999877929688,55.66999816894531,54.900001525878906,55.2599983215332,33.00986099243164,10602600,-0.010032271163608386,55.53800010681152,54.809000205993655,53.41919998168945,0.0070868982828786176,62.22757942280786,0.6957511078633658,0.6847683080177981
2010-10-28,55.43999862670898,55.65999984741211,54.380001068115234,54.91999816894531,32.8067626953125,8119800,-0.006152735485252525,55.521999740600585,54.91100006103515,53.4857999420166,0.007337180668394608,56.81816211417387,0.6087416252968509,0.6695629714736087
2010-10-29,54.790000915527344,55.15999984741211,54.68999862670898,54.959999084472656,32.830657958984375,5958400,0.0007283488139291361,55.5129997253418,55.00200004577637,53.57659996032715,0.007306850564884556,58.256842606275555,0.5368255324985256,0.6430154836785921
2010-11-01,55.13999938964844,55.88999938964844,55.040000915527344,55.36000061035156,33.069610595703125,6971600,0.007278048263139603,55.57199974060059,55.090500068664554,53.67839996337891,0.007253569615210299,57.57576027031836,0.506272299094185,0.6156668467617108
2010-11-02,55.68999862670898,55.900001525878906,55.41999816894531,55.66999816894531,33.2547721862793,5907600,0.005599666820375493,55.634999465942386,55.159499931335446,53.791199951171876,0.006814315876151865,55.17238463374257,0.5012942456983325,0.5927923265490351
2010-11-03,55.81999969482422,55.84000015258789,55.25,55.61000061035156,33.21894073486328,9241600,-0.0010777359541430664,55.58199958801269,55.233499908447264,53.907199935913084,0.006765963149605525,56.70883753271464,0.4868951764468292,0.5716128965285939
2010-11-04,56.18000030517578,57.15999984741211,56.119998931884766,57.04999923706055,34.079132080078125,10704000,0.025894598289951,55.683999633789064,55.37349987030029,54.03899993896484,0.00871306918427473,68.65671429344133,0.5849368767257417,0.5742776925680235
2010-11-05,57.06999969482422,57.970001220703125,56.86000061035156,57.619998931884766,34.41963195800781,10082800,0.009991230542452545,55.8419994354248,55.53849983215332,54.18779991149902,0.008862529236466686,75.22121862327957,0.7005542884775267,0.5995330117499241
2010-11-08,57.5099983215332,57.63999938964844,56.88999938964844,57.34000015258789,34.252376556396484,5943100,-0.0048594027158499475,55.9609992980957,55.69349975585938,54.314999923706054,0.00898381352240964,70.31801500941884,0.7608181211200389,0.6317900336239471
2010-11-09,57.54999923706055,57.59000015258789,54.84999847412109,55.27000045776367,33.015838623046875,15955700,-0.03610044801736534,55.90599937438965,55.721499824523924,54.41019996643067,0.0123841669690512,43.438923139328466,0.6342349018526079,0.6322790072696793
2010-11-10,55.40999984741211,55.95000076293945,55.27000045776367,55.93000030517578,33.410099029541016,11988200,0.011941375826773681,55.972999572753906,55.755499839782715,54.509199981689456,0.012474249944978758,49.30363182541221,0.5804818272702263,0.6219195712697887
2010-11-11,55.61000061035156,55.970001220703125,55.31999969482422,55.47999954223633,33.141292572021484,6478700,-0.008045785097158475,56.028999710083006,55.775499725341795,54.566999969482424,0.01260196927235258,46.32544979141814,0.49585492077011395,0.5967066411698537
2010-11-12,55.18999862670898,55.63999938964844,54.70000076293945,54.959999084472656,32.830657958984375,8962200,-0.009372755264134391,56.028999710083006,55.7709997177124,54.60119995117188,0.012791374737647214,42.59027009770948,0.38241950257069135,0.5538492134500212
2010-11-15,55.09999847412109,55.38999938964844,54.36000061035156,54.36000061035156,32.472251892089844,9312700,-0.010917002986097324,55.928999710083005,55.7504997253418,54.609399948120114,0.012978390699122242,41.20481994159374,0.24132441627293133,0.4913442540146033
2010-11-16,54.130001068115234,54.150001525878906,52.27000045776367,52.650001525878906,31.45076942443848,25248100,-0.031456936447256556,55.62700004577637,55.63099975585938,54.59839996337891,0.014650104080428212,36.190483110566966,-0.008380486183504843,0.3913993059749817
2010-11-17,52.81999969482422,53.400001525878906,52.630001068115234,53.11000061035156,31.72554588317871,8071000,0.008736924428132342,55.37700004577637,55.47949981689453,54.59599998474121,0.013956517986107557,40.54336959623967,-0.16722764249561806,0.27967391628086175
2010-11-18,53.84999847412109,54.0,53.36000061035156,53.47999954223633,31.946557998657227,9727700,0.006966652751509317,55.02000007629395,55.351999855041505,54.60899993896484,0.014122406373290822,42.52524734868641,-0.2602592303106519,0.17168728696255903
2010-11-19,53.31999969482422,53.83000183105469,52.88999938964844,53.72999954223633,32.09590530395508,8482900,0.004674644767013403,54.6310001373291,55.23649978637695,54.62279991149902,0.014198357157365797,41.6410103521224,-0.3102382893644702,0.0753021716971532
2010-11-22,53.540000915527344,54.0099983215332,53.5099983215332,53.84000015258789,32.161624908447266,18122300,0.002047284781104386,54.2810001373291,55.1209997177124,54.62219993591309,0.014199611174988873,40.41885013339469,-0.33708521526902757,-0.007175305696082948
2010-11-23,53.20000076293945,53.560001373291016,53.150001525878906,53.459999084472656,31.934616088867188,7534200,-0.007057969298630673,54.1,55.00299968719482,54.617199935913085,0.014219014897897298,39.108396203079586,-0.3845911801405464,-0.08265848058497564
2010-11-24,53.900001525878906,54.52000045776367,53.810001373291016,54.4900016784668,32.5499153137207,8095300,0.019266790341066375,53.9560001373291,54.9644998550415,54.624399948120114,0.014849813464281329,36.46935620323871,-0.3352626986227918,-0.1331793241925389
2010-11-26,54.09999847412109,54.52000045776367,54.040000915527344,54.33000183105469,32.4543342590332,2880400,-0.002936315699827552,53.841000366210935,54.935000038146974,54.634199981689456,0.014803810314982685,31.82321890505112,-0.3055578909751162,-0.16765503754905436
2010-11-29,53.959999084472656,54.41999816894531,53.54999923706055,54.29999923706055,32.436405181884766,7317300,-0.0005522288419469445,53.775000381469724,54.90200004577637,54.640199966430664,0.014801283231460457,32.727273515433055,-0.281196121644129,-0.1903632543680693
2010-11-30,53.72999954223633,54.41999816894531,53.720001220703125,54.09000015258789,32.31096267700195,9645100,-0.0038673865087152093,53.74800033569336,54.838500022888184,54.61779998779297,0.014702550695689954,41.498559869838616,-0.27565681484253446,-0.20742196646296235
2010-12-01,54.66999816894531,54.790000915527344,54.02999877929688,54.5,32.55588912963867,10578100,0.007579956484664363,53.93300018310547,54.78000011444092,54.62099998474121,0.014756304020654585,39.31240819640723,-0.2354689733685973,-0.21303136784408935
2010-12-02,54.68000030517578,55.310001373291016,54.5099983215332,55.2400016784668,32.997920989990234,9225100,0.013578012448931975,54.14600028991699,54.76150016784668,54.650200042724606,0.0151096705318234,48.28081842159052,-0.14226789275356566,-0.19887867282598465
2010-12-03,54.93000030517578,55.45000076293945,54.810001373291016,55.31999969482422,33.04570770263672,6490700,0.0014481899697083023,54.33000030517578,54.67500019073486,54.7142000579834,0.013819233376405308,52.75229785898687,-0.061244208428334446,-0.17135177994645462
2010-12-06,55.25,55.540000915527344,54.7400016784668,55.34999847412109,33.063629150390625,5690600,0.0005422772860150804,54.49200019836426,54.56150016784668,54.75040000915527,0.013566827862268128,58.291437699680465,0.0053268908407915205,-0.1360160457890054
2010-12-07,55.93000030517578,55.9900016784668,55.43999862670898,55.52999877929688,33.17115783691406,9683100,0.0032520381235412454,54.66100006103515,54.47100009918213,54.80080001831055,0.013595519353875226,82.43238366898072,0.07178202839227055,-0.0944564309527502
2010-12-08,55.54999923706055,55.66999816894531,54.34000015258789,54.70000076293945,32.67535400390625,11524900,-0.014946840169333342,54.785000228881835,54.44250011444092,54.83180000305176,0.011410416186450329,66.52806339533333,0.056819322566290964,-0.06420128024894198
2010-12-09,54.84999847412109,55.040000915527344,54.08000183105469,54.11000061035156,32.32289505004883,9680300,-0.010786108672006245,54.74700012207031,54.35150012969971,54.85880004882812,0.011241243961448419,56.262432835198325,-0.002616647988901377,-0.05188435379693386
2010-12-10,54.2599983215332,54.91999816894531,54.220001220703125,54.66999816894531,32.657440185546875,8561300,0.010349243250361795,54.780999755859376,54.31100006103516,54.894599990844725,0.011436278626955888,58.80148501731256,-0.00448130231966104,-0.042403743501479296
2010-12-13,54.90999984741211,55.09000015258789,54.61000061035156,54.810001373291016,32.74105453491211,4916500,0.002560878160505098,54.831999969482425,54.303500175476074,54.92800003051758,0.011268545988313464,59.031664102225285,0.005277201925352415,-0.03286755441611296
2010-12-14,54.790000915527344,55.33000183105469,54.02000045776367,54.25,32.40652084350586,11468300,-0.01021713846487704,54.84799995422363,54.29800014495849,54.94120002746582,0.011234142393338977,57.11712145164615,-0.03180985959166094,-0.032656015451222556
2010-12-15,54.18999862670898,54.56999969482422,53.630001068115234,53.650001525878906,32.04812240600586,14739600,-0.011059879707301268,54.763000106811525,54.3480001449585,54.92840003967285,0.008919410490248917,41.796871798578,-0.10836729478882035,-0.04779827131874212
2010-12-16,53.79999923706055,54.02000045776367,53.459999084472656,53.790000915527344,32.13175201416016,8022100,0.002609494607020757,54.61800003051758,54.38200016021729,54.92160003662109,0.008742386283404686,44.705871793222414,-0.15594519390536732,-0.06942765583606716
2010-12-17,53.88999938964844,54.2599983215332,53.720001220703125,54.209999084472656,32.38264083862305,9081800,0.007808108603769792,54.50699996948242,54.418500137329104,54.920800018310544,0.008776230024041449,49.18032559067073,-0.15794004504770953,-0.08713013367839564
2010-12-20,54.52999877929688,55.0,54.20000076293945,54.83000183105469,32.75300979614258,8590600,0.01143705510151194,54.45500030517578,54.47350025177002,54.93100006103516,0.009062426546758035,56.27120309779399,-0.1082441674968635,-0.09135294044208922
2010-12-21,55.0099983215332,55.47999954223633,54.91999816894531,55.43000030517578,33.111412048339844,7888500,0.010942886268175744,54.44500045776367,54.55300025939941,54.954800033569335,0.009328204606062651,57.635475077296185,-0.02021197299013977,-0.07712474695169932
2010-12-22,54.63999938964844,55.52999877929688,54.63999938964844,55.220001220703125,33.34207534790039,8385100,-0.0037885456127816353,54.497000503540036,54.64100036621094,54.96500007629395,0.00919812349680021,49.820139565933616,0.03223739172801743,-0.05525231921575598
2010-12-23,55.15999984741211,55.380001068115234,54.97999954223633,55.04999923706055,33.23942565917969,5137200,-0.0030786305665426728,54.591000366210935,54.669000244140626,54.96100006103516,0.008255905325515907,47.6106144500791,0.05940140935933158,-0.03232157350073847
2010-12-27,54.91999816894531,55.619998931884766,54.790000915527344,55.4900016784668,33.505096435546875,3042600,0.007992778337951867,54.673000717163085,54.72700023651123,54.9692000579834,0.008374284953026917,51.15514168827389,0.11510673007314409,-0.002835912785961958
2010-12-28,55.7599983215332,55.84999847412109,55.36000061035156,55.709999084472656,33.637935638427734,4406700,0.003964631453439393,54.76300048828125,54.79750022888184,54.98240005493164,0.00838855401576992,51.47541270657211,0.17498839287704726,0.032728948346639884
2010-12-29,55.86000061035156,56.0099983215332,55.59000015258789,55.959999084472656,33.78889083862305,4285200,0.00448752475513281,54.934000396728514,54.89100017547607,55.00620002746582,0.008324627145013724,61.41302732829545,0.23985307578179516,0.07415377383367094
2010-12-30,55.95000076293945,56.25,55.84999847412109,56.02999877929688,33.83115005493164,2882900,0.0012508880623560703,55.172000122070315,54.96750011444092,55.02599998474121,0.008210204448553547,69.19998168945317,0.2935236368950598,0.11802774644594871
2010-12-31,55.93999862670898,56.290000915527344,55.86000061035156,55.959999084472656,33.78889083862305,3975100,-0.0012493252962569867,55.388999938964844,55.00349998474121,55.022399978637694,0.007708431578394508,64.3015554822502,0.3266442018622655,0.1597510375292121
2011-01-03,56.290000915527344,56.93000030517578,56.25,56.83000183105469,34.31420135498047,8221200,0.015546868492058774,55.65100021362305,55.079000091552736,55.03840003967285,0.00839670021379892,69.27480735420977,0.4182728499045183,0.21145540000427338
2011-01-04,57.0,57.08000183105469,55.560001373291016,55.81999969482422,33.704349517822266,11275100,-0.017772340378116147,55.75,55.10250015258789,55.03400001525879,0.009428287104256958,63.796124966478914,0.40472506357274796,0.2501093327179683
2011-01-05,55.63999938964844,56.16999816894531,55.59999847412109,56.04999923706055,33.84323501586914,9167100,0.004120378779895573,55.81199989318848,55.12850017547608,55.03199996948242,0.009443782574616841,72.55635458591554,0.4078459914561847,0.2816566644656116
2011-01-06,56.13999938964844,56.22999954223633,55.619998931884766,55.75,33.662078857421875,6797500,-0.005352350421838792,55.864999771118164,55.1810001373291,55.030599975585936,0.008841865200923628,67.88319237061009,0.38171178223802826,0.30166768802009497
2011-01-07,55.900001525878906,56.09999847412109,55.22999954223633,55.72999954223633,33.65001678466797,10495700,-0.0003587526056264556,55.932999801635745,55.26200008392334,55.04,0.00840780950649394,64.96061780004847,0.3552907922627355,0.31239230886862307
2011-01-10,55.52000045776367,55.83000183105469,55.150001525878906,55.709999084472656,33.637935638427734,5989200,-0.0003588813552477532,55.95499954223633,55.31400012969971,55.05580001831055,0.008152347368643648,59.821390558290716,0.32894621041190675,0.31570308917727985
2011-01-11,55.81999969482422,56.040000915527344,55.20000076293945,55.61000061035156,33.57756042480469,8320200,-0.0017949825123756424,55.94499969482422,55.354000091552734,55.06880004882812,0.008165902956459782,52.26130845922781,0.2965801074887864,0.3118784928395812
2011-01-12,55.97999954223633,56.060001373291016,55.61000061035156,55.86000061035156,33.72850799560547,7137800,0.004495594268226988,55.93499984741211,55.43450012207031,55.07880004882813,0.007778833030269189,57.96018295344553,0.28778523930128586,0.30705984213192217
2011-01-13,55.88999938964844,56.18999862670898,55.70000076293945,56.02000045776367,33.82511901855469,6677700,0.0028643008532738268,55.93400001525879,55.55300006866455,55.085800094604494,0.007197698824149981,62.094771869809456,0.29037858978211517,0.3037235916619608
2011-01-14,55.9900016784668,56.40999984741211,55.869998931884766,56.400001525878906,34.054561614990234,6098100,0.006783310692789701,55.978000259399415,55.683500099182126,55.10160011291504,0.007270690576478505,61.518983185397104,0.31941473488276273,0.3068618203061212
2011-01-18,56.36000061035156,56.93999862670898,56.18000030517578,56.93000030517578,34.37458038330078,7070500,0.009397141222659222,55.988000106811526,55.81950016021729,55.099200134277346,0.007341272782093101,64.31925597322186,0.3808029023570043,0.3216500367162978
2011-01-19,56.93000030517578,56.93000030517578,55.95000076293945,56.25,33.9640007019043,8252400,-0.011944498533824177,56.0310001373291,55.89050006866455,55.07180015563965,0.007692543143842215,53.09169258598924,0.3703143721606139,0.33138290380516106
2011-01-20,56.130001068115234,56.63999938964844,55.970001220703125,56.130001068115234,33.891536712646484,7770300,-0.0021333143446180536,56.03900032043457,55.925500106811526,55.047600173950194,0.00737982935002564,51.05487609078968,0.34830419157535886,0.3347671613592006
2011-01-21,56.5099983215332,56.5099983215332,56.16999816894531,56.34999847412109,34.02436447143555,5531800,0.0039194263641448845,56.09900016784668,55.98199996948242,55.069200134277345,0.007336779100638305,53.987724318268974,0.3446401201819569,0.3367417531237519
2011-01-24,56.38999938964844,56.900001525878906,56.25,56.630001068115234,34.19343948364258,6358700,0.004968990267546047,56.18900032043457,56.06100006103516,55.08320014953613,0.00731972872347495,47.674409320637785,0.360178275503678,0.34142905759973713
2011-01-25,56.47999954223633,57.22999954223633,56.33000183105469,57.22999954223633,34.55571746826172,8312200,0.010595063796650983,56.341000366210935,56.147999954223636,55.118200149536136,0.007464021459635777,68.1234119711024,0.41611057432660914,0.35636536094511156
2011-01-26,57.36000061035156,57.56999969482422,57.0,57.38999938964844,34.65232467651367,5947400,0.0027957338579747137,56.51900024414063,56.23199996948242,55.16680015563965,0.007448857301262423,67.53928792906652,0.46795369571275813,0.3786830278986409
2011-01-27,57.84999847412109,58.29999923706055,57.54999923706055,58.18999862670898,35.13536071777344,9976400,0.013939697605308554,56.75200004577637,56.343499946594235,55.2434001159668,0.007931718903825975,78.24075177864842,0.5670563231658576,0.41635768695208425
2011-01-28,58.16999816894531,58.43000030517578,57.09999847412109,57.27999877929688,34.58589172363281,11241800,-0.015638423593198225,56.87799987792969,56.405999946594235,55.33600006103516,0.00885894343430607,64.87524610677221,0.5656460711128588,0.4462153637842392
2011-01-31,57.40999984741211,58.18000030517578,57.34999847412109,57.959999084472656,34.99649429321289,7034900,0.011871513960673319,57.033999633789065,56.50599994659424,55.433000030517576,0.009153527873569343,69.1652629608835,0.6123401022977504,0.47944031148694144
2011-02-01,58.380001068115234,58.380001068115234,57.59999847412109,58.22999954223633,35.1595344543457,10015600,0.0046583930646748595,57.16399955749512,56.57599983215332,55.528000030517575,0.008599755180456501,71.68874329032965,0.6634840082351801,0.5162490508365891
2011-02-02,58.15999984741211,58.54999923706055,58.09000015258789,58.2400016784668,35.16556167602539,5691800,0.00017176947121932962,57.362999725341794,56.69699993133545,55.618200073242186,0.007356604977198289,70.51725328606626,0.6967908398998688,0.5523574086492451
2011-02-03,58.09999847412109,58.47999954223633,57.93000030517578,58.38999938964844,35.256126403808594,4660700,0.0025755100765578742,57.588999557495114,56.81399993896484,55.709200057983395,0.007342925171700844,70.46632226763123,0.7269109289633278,0.5872681127120617
2011-02-04,58.470001220703125,58.470001220703125,57.65999984741211,57.86000061035156,34.93611526489258,7869000,-0.009076875917742089,57.739999771118164,56.91949996948242,55.79720008850098,0.00758440567346218,62.28956531679361,0.6999462992091523,0.6098037500114799
2011-02-07,57.93999862670898,58.560001373291016,57.880001068115234,58.5099983215332,35.328590393066406,8855600,0.01123397345877919,57.92799949645996,57.05849990844727,55.877600021362305,0.007842377070199113,63.0363007218347,0.7226952380520402,0.632382047619592
2011-02-08,58.5099983215332,58.83000183105469,58.43999862670898,58.65999984741211,35.419166564941406,3782600,0.002563690483369907,58.07099952697754,57.20599994659424,55.964199981689454,0.007814144379902958,71.7902535430845,0.7442485712548716,0.6547553523466481
2011-02-09,58.650001525878906,58.81999969482422,58.470001220703125,58.79999923706055,35.503684997558594,4637000,0.0023866244461747677,58.21199951171875,57.365499877929686,56.05419998168945,0.0077456564663598865,74.05405739783832,0.7638216631520649,0.6765686145077314
2011-02-10,58.56999969482422,59.09000015258789,58.52000045776367,58.9900016784668,35.61841583251953,7841500,0.0032313340794483114,58.29199981689453,57.52199993133545,56.15220001220703,0.007736427306004358,73.9130705200636,0.7856090761962093,0.698376706845427
2011-02-11,58.88999938964844,59.43999862670898,58.72999954223633,59.36000061035156,35.84181594848633,5034600,0.006272231248635851,58.5,57.68899993896484,56.249400024414065,0.007776315316623531,74.33156062006218,0.823241761025642,0.72334971768147
2011-02-14,59.470001220703125,59.56999969482422,58.97999954223633,59.34999847412109,35.835792541503906,4617700,-0.00016849959783749036,58.638999938964844,57.836499786376955,56.33159996032715,0.007750269516039579,71.11552528452549,0.8425464945570837,0.7471890730565928
2011-02-15,59.09000015258789,59.36000061035156,58.83000183105469,59.150001525878906,35.715023040771484,4658100,-0.0033697885995630505,58.731000137329104,57.94749984741211,56.40819999694824,0.007684805893234638,67.39133384799112,0.8321154438224312,0.7641743472097604
2011-02-16,59.36000061035156,59.75,59.08000183105469,59.31999969482422,35.81766891479492,4536500,0.0028740179976316504,58.83899993896485,58.10099983215332,56.487600021362304,0.006955135874130275,62.75397249799161,0.8280212785892473,0.7769437334856579
2011-02-17,59.27000045776367,59.61000061035156,59.2599983215332,59.400001525878906,35.8659553527832,3049000,0.0013486485412383953,58.94000015258789,58.26449985504151,56.56500007629395,0.00687129015050736,79.44449507162093,0.8217593717973557,0.7859068611479976
2011-02-18,59.52999877929688,59.77999877929688,59.38999938964844,59.630001068115234,36.00484848022461,5717600,0.003872046066128787,59.11700019836426,58.42849998474121,56.66360008239746,0.0068709129729322025,76.50798725526883,0.825836082132561,0.7938927053449103
2011-02-22,59.15999984741211,59.7400016784668,58.959999084472656,59.09000015258789,35.67879104614258,11044000,-0.009055859564894186,59.17500038146973,58.551499938964845,56.76320007324219,0.007343282579028655,62.57311507007,0.776541852442783,0.7904225347644849
2011-02-23,59.02000045776367,59.310001373291016,58.2400016784668,58.619998931884766,35.39500427246094,10140100,-0.00795398916042378,59.17100028991699,58.62099990844727,56.842200088500974,0.0073922797060624115,54.896875288806214,0.691578562544926,0.7706537403205732
2011-02-24,58.540000915527344,58.7599983215332,57.77999877929688,58.29999923706055,35.20178985595703,6473500,-0.005458882645085872,59.12100028991699,58.66649990081787,56.91200004577637,0.007529229149662812,48.88888679577614,0.5916036040629677,0.7348437130690522
2011-02-25,58.59999847412109,59.369998931884766,58.470001220703125,59.34000015258789,35.829742431640625,5754400,0.017838780945750532,59.1560001373291,58.723999977111816,57.013800048828124,0.007926958482018763,66.22806026885243,0.5894967597210083,0.7057743223994434
2011-02-28,59.86000061035156,60.630001068115234,59.68999862670898,60.58000183105469,36.57845306396485,7632300,0.020896556711800462,59.27800025939941,58.88900012969971,57.15240005493164,0.0080966157143066,70.09710061086943,0.6800456992200097,0.7006285977635567
2011-03-01,60.790000915527344,60.790000915527344,58.93999862670898,58.95000076293945,35.594268798828125,10545700,-0.0269065866432453,59.23800048828125,58.938500213623044,57.25560005187988,0.010191090753030213,52.18703395135603,0.6132102167645073,0.6831449215637468
2011-03-02,58.84999847412109,59.09000015258789,58.27999877929688,58.47999954223633,35.31046295166016,11167400,-0.007972878958783736,59.17100028991699,58.95100021362305,57.34100006103515,0.010336060495411472,47.70115383519208,0.5163651092943979,0.6497889591098771
2011-03-03,59.08000183105469,59.34999847412109,58.880001068115234,59.31999969482422,35.81766891479492,4923100,0.014363887810587395,59.17100028991699,59.00500011444092,57.43080001831055,0.010805810651097779,52.168185443304154,0.5016133693542386,0.6201538411587494
2011-03-04,59.34999847412109,59.400001525878906,58.470001220703125,58.810001373291016,35.509742736816406,5794200,-0.008597409375538212,59.1120002746582,59.02600021362305,57.49840003967285,0.011005659417567659,46.451619571996105,0.44365571988446106,0.5848542169038917
2011-03-07,58.7599983215332,59.15999984741211,58.02999877929688,58.43000030517578,35.28029251098633,8418300,-0.006461504153064235,58.99200019836426,59.05450019836426,57.56260002136231,0.010901977946303288,44.334988560610014,0.3628779238988429,0.5404589583028819
2011-03-08,58.43000030517578,59.43000030517578,58.380001068115234,59.15999984741211,35.72105026245117,8610100,0.012493574164360588,58.99900016784668,59.0870002746582,57.64480003356934,0.010970390044588016,50.057793730405585,0.3536886976623066,0.5031049061747669
2011-03-09,59.060001373291016,59.470001220703125,58.70000076293945,59.18999862670898,35.73917007446289,5716000,0.0005070787588614678,59.0560001373291,59.11350021362305,57.71879997253418,0.010960745932752957,49.23618697292997,0.344851586023033,0.47145424214442017
2011-03-10,58.70000076293945,58.75,58.0099983215332,58.27000045776367,35.183692932128906,9453000,-0.015543135500769578,59.05300025939941,59.0870002746582,57.77,0.011517995109853926,43.957215018724646,0.26060782313027175,0.42928495834159053
2011-03-11,58.0099983215332,59.06999969482422,58.0099983215332,58.93000030517578,35.5821647644043,7274400,0.01132658043980106,59.012000274658206,59.084000205993654,57.82940002441406,0.01179094159964813,46.421264942356345,0.24428454574994873,0.3922848758232622
2011-03-14,58.54999923706055,58.75,58.2400016784668,58.52999877929688,35.34065628051758,6182800,-0.006787740095154371,58.80699996948242,59.04250011444092,57.87940002441406,0.011787822257416558,47.09542952725077,0.19680283011690136,0.35318846668199005
2011-03-15,57.34999847412109,58.5099983215332,57.09000015258789,58.060001373291016,35.056880950927734,9021200,-0.008030025897969306,58.71800003051758,58.978000259399415,57.92140007019043,0.01190187425363532,47.09544816364261,0.11986661790118802,0.30652409692582966
2011-03-16,58.060001373291016,58.209999084472656,56.95000076293945,57.29999923706055,34.59797286987305,10512300,-0.013089943476647714,58.6,58.8855001449585,57.93080001831055,0.01219720631487676,45.039683440735196,-0.0024039936241138093,0.244738478815841
2011-03-17,57.95000076293945,58.16999816894531,57.2400016784668,57.77999877929688,34.887813568115234,7135300,0.008376955473428316,58.44599990844726,58.808500099182126,57.97,0.012362418486670865,41.80671587038207,-0.059882099072389394,0.18381436323819492
2011-03-18,58.20000076293945,58.54999923706055,58.060001373291016,58.290000915527344,35.19574737548828,7457600,0.008826620751213987,58.393999862670896,58.75300006866455,58.01480003356934,0.012556448301413503,36.97383005113167,-0.06354845459242853,0.13434179967207024
2011-03-21,58.65999984741211,59.18000030517578,58.65999984741211,58.93000030517578,35.5821647644043,7374800,0.010979574191050556,58.4439998626709,58.71800003051758,58.07840003967285,0.01279595265444021,49.87179192487198,-0.014642674078146456,0.10454490492202691
2011-03-22,58.93000030517578,59.0,58.33000183105469,58.400001525878906,35.26216506958008,4561200,-0.00899370060329574,58.36800003051758,58.683500099182126,58.1318000793457,0.01279377572742758,49.49110655870972,-0.018438416193731655,0.07994824069887521
2011-03-23,58.290000915527344,58.33000183105469,57.54999923706055,57.959999084472656,34.99649429321289,9350000,-0.0075342881833876385,58.24500007629395,58.65050010681152,58.1768000793457,0.012781259950671071,40.88471328915918,-0.05630207367631357,0.05269817782383746
2011-03-24,58.25,58.400001525878906,57.619998931884766,58.22999954223633,35.1595344543457,5258300,0.0046583930646748595,58.24099998474121,58.64700012207031,58.2292000579834,0.012774390085092242,45.98336750005283,-0.0637872152592891,0.029401099207212154
2011-03-25,57.95000076293945,58.33000183105469,57.720001220703125,58.02000045776367,35.33796691894531,5726100,-0.0036063727653017352,58.15,58.5810001373291,58.27240005493164,0.01208099237862247,47.092199349066476,-0.08567678631202824,0.006385522103364075
2011-03-28,58.130001068115234,58.33000183105469,57.88999938964844,58.02000045776367,35.33796691894531,4996500,0.0,58.09900016784668,58.45300006866455,58.31240005493164,0.010931552149870247,40.98101705145614,-0.10185036150934224,-0.015261654619177188
2011-03-29,57.95000076293945,58.40999984741211,57.5,58.27999877929688,35.496341705322266,6396500,0.004481184410235928,58.12099990844727,58.41949996948242,58.35,0.009316468038424773,43.053435470165965,-0.09262067128225482,-0.030733457951792716
2011-03-30,58.52999877929688,59.02999877929688,58.34000015258789,58.959999084472656,35.910491943359375,6588600,0.011667816050423996,58.28699989318848,58.44349994659424,58.390599975585936,0.009523498827426077,55.467499814101565,-0.030088887685387533,-0.03060454389851168
2011-03-31,58.790000915527344,59.41999816894531,58.790000915527344,59.400001525878906,36.178470611572266,5485100,0.007462728090884996,58.44900016784668,58.44750003814697,58.453600006103514,0.009108903278629047,53.85879240167921,0.05434605362303557,-0.01361442439420223
2011-04-01,59.54999923706055,59.900001525878906,59.2599983215332,59.540000915527344,36.26375198364258,7773600,0.0023568920210792488,58.57400016784668,58.484000015258786,58.52180000305176,0.008884550917263364,58.66210822482489,0.13104749965003748,0.015317960414645714
2011-04-04,59.59999847412109,59.77000045776367,59.380001068115234,59.4900016784668,36.23331832885742,3413200,-0.0008397587553194974,58.630000305175784,58.53700008392334,58.58460006713867,0.008735241273488391,63.216260047948104,0.18565926324300364,0.0493862209803173
2011-04-05,59.4900016784668,59.790000915527344,59.380001068115234,59.59000015258789,36.29419708251953,4292400,0.0016809290855557268,58.74900016784668,58.558500099182126,58.643800048828126,0.00830633212248802,74.10527279502467,0.23430756868597058,0.08637049052144796
2011-04-06,59.790000915527344,59.79999923706055,59.369998931884766,59.5099983215332,36.24547958374024,4166500,-0.001342537856181103,58.90400009155273,58.57450008392334,58.68940002441406,0.008315310216509438,69.88504174679714,0.2633702537359497,0.12177044316434832
2011-04-07,59.40999984741211,59.59000015258789,58.619998931884766,58.88999938964844,35.86787414550781,5959800,-0.010418399418109625,58.97000007629394,58.605500030517575,58.719400024414064,0.00786826932921703,56.72644167360896,0.23368018900952592,0.14415239233338384
2011-04-08,59.130001068115234,59.33000183105469,58.2599983215332,58.45000076293945,35.59987258911133,6171500,-0.0074715338982721535,59.013000106811525,58.58150005340576,58.724600067138674,0.007633562453045524,44.36620033615914,0.17265611464013375,0.14985313679473383
2011-04-11,58.52000045776367,58.880001068115234,58.220001220703125,58.38999938964844,35.56332778930664,5972100,-0.001026541873530018,59.05,58.57450008392334,58.746800079345704,0.007486362767572137,49.868045728043356,0.11809120477605717,0.14350075039099852
2011-04-12,58.22999954223633,58.560001373291016,58.13999938964844,58.27000045776367,35.49026107788086,4973900,-0.0020551281578886638,59.04900016784668,58.58500003814697,58.75300010681153,0.007269028457590665,54.466881916892305,0.06442258618774588,0.127685117550348
2011-04-13,58.459999084472656,58.650001525878906,58.060001373291016,58.20000076293945,35.44761276245117,5453600,-0.001201299026502567,58.97300033569336,58.63000011444092,58.752400131225585,0.006577779816311224,49.54130259796316,0.01605634142531187,0.1053593623253408
2011-04-14,57.9900016784668,59.150001525878906,57.93999862670898,58.9900016784668,35.92877197265625,9900800,0.013573898714283272,58.93200035095215,58.690500259399414,58.767400131225585,0.006983015430711934,62.597423443454275,0.04099959771988182,0.092487409404249
2011-04-15,59.09999847412109,59.68999862670898,59.04999923706055,59.63999938964844,36.32467651367188,10167200,0.011018777634971721,58.942000198364255,58.758000183105466,58.792400131225584,0.00712705924526402,68.0000033908449,0.11192647237290743,0.0963752219979807
2011-04-18,59.15999984741211,59.18000030517578,58.709999084472656,59.04999923706055,35.96531677246094,6723200,-0.009892692129877756,58.897999954223636,58.76400012969971,58.81620010375977,0.0071431151279124985,57.97102250514346,0.1191549064687294,0.10093115889213043
2011-04-19,59.13999938964844,59.54999923706055,59.04999923706055,59.5099983215332,36.24547958374024,5154500,0.007789993063775702,58.88999977111816,58.81949996948242,58.836200103759765,0.006999788547899218,55.9652887132049,0.1601554025248788,0.11277600761868012
2011-04-20,60.060001373291016,60.25,59.59000015258789,60.20000076293945,36.66574478149414,6934100,0.011594731320242246,58.95900001525879,58.93150005340576,58.867000122070316,0.007083699348852208,58.230450252311776,0.24549609530184568,0.13932002515531322
2011-04-21,60.400001525878906,60.650001525878906,59.91999816894531,60.630001068115234,36.92765808105469,6289600,0.0071428621216977906,59.133000183105466,59.051500129699704,58.903600158691404,0.007155639197055191,60.58253045648243,0.34386280378441114,0.1802285808811328
2011-04-25,60.720001220703125,61.09000015258789,60.400001525878906,60.93000030517578,37.1103515625,3678600,0.004948032851319173,59.3810001373291,59.197000122070314,58.94240013122558,0.007054963411260809,63.333326269076146,0.44094363642049217,0.23237159198900467
2011-04-26,61.0,61.68000030517578,60.83000183105469,61.5,37.4575309753418,7500000,0.009354992482673685,59.692000198364255,59.371000099182126,58.98520011901856,0.007191144594759807,66.26916690765766,0.5574491802504582,0.2973871096412954
2011-04-27,61.5,61.86000061035156,61.27000045776367,61.77999877929688,37.6280632019043,5758400,0.004552825679624117,60.043000030517575,59.54600009918213,59.03380012512207,0.007191969838549455,68.69853376009375,0.6647118402292307,0.37085205575888247
2011-04-28,61.88999938964844,62.66999816894531,61.7599983215332,62.470001220703125,38.04830932617188,6937100,0.011168702736159108,60.47000007629394,59.72150020599365,59.10020011901855,0.0071609074471055715,79.15311227139772,0.7962174028862705,0.4559251251843601
2011-04-29,62.59000015258789,62.59000015258789,61.459999084472656,62.16999816894531,37.86559295654297,8025200,-0.004802353864183817,60.7879997253418,59.86000003814697,59.15720008850098,0.007275651446558478,80.99995867413924,0.8662432566467331,0.5379887514768348
2011-05-02,62.369998931884766,62.61000061035156,61.709999084472656,62.15999984741211,37.859519958496094,6406100,-0.0001608222909389445,61.03999977111816,59.99099998474121,59.21240005493164,0.007296487163262837,81.68067205340319,0.9104375123578734,0.6124785036530425
2011-05-03,62.130001068115234,62.41999816894531,61.040000915527344,61.7400016784668,37.60369873046875,8359000,-0.006756727316221123,61.30900001525879,60.10349998474121,59.254600067138675,0.007541255253117686,77.760009765625,0.901183157772877,0.6702194344770094
2011-05-04,61.720001220703125,61.77000045776367,61.09999847412109,61.400001525878906,37.39661407470703,7183600,-0.005506967012384623,61.49800033569336,60.19400005340576,59.30080009460449,0.007720630863878875,74.5398814284519,0.8565401822331964,0.7074835840282468
2011-05-05,60.970001220703125,61.790000915527344,60.88999938964844,61.310001373291016,37.34180068969727,7161900,-0.001465800494320102,61.60900039672852,60.28400020599365,59.35460014343262,0.007723089623475966,69.93126990098828,0.8046228509659414,0.7269114374157858
2011-05-06,61.7599983215332,61.900001525878906,60.72999954223633,60.97999954223633,37.14080810546875,9640400,-0.005382512211106416,61.64400024414063,60.38850021362305,59.408200149536135,0.0073882346448350495,62.181811119904175,0.7284524556044332,0.7272196410535152
2011-05-09,60.88999938964844,61.34000015258789,60.66999816894531,61.220001220703125,37.2869758605957,4173200,0.003935744182821166,61.67300033569336,60.52700023651123,59.44580017089844,0.007070646570452439,71.06795857613423,0.6796187759754773,0.7176994680379076
2011-05-10,61.470001220703125,62.20000076293945,61.400001525878906,62.06999969482422,37.80467987060547,9880500,0.01388432631774661,61.73000030517578,60.71100025177002,59.47560012817383,0.007471573047386065,73.10468580761686,0.7014199733359447,0.7144435690975152
2011-05-11,62.02999877929688,62.040000915527344,61.22999954223633,61.380001068115234,37.38442993164063,6799300,-0.011116459321756977,61.69000053405762,60.866500282287596,59.52420013427734,0.00805198762831041,60.649820488914656,0.6554646680166769,0.7026477888813476
2011-05-12,61.13999938964844,61.540000915527344,60.7400016784668,61.369998931884766,37.37833404541016,5726500,-0.00016295431828627915,61.58000030517578,61.025000190734865,59.58200012207031,0.008029272743271193,57.226537761757385,0.6111922251411244,0.684356676133303
2011-05-13,61.40999984741211,61.52999877929688,60.68000030517578,60.810001373291016,37.03726959228516,4520400,-0.009124940008802929,61.44400062561035,61.116000175476074,59.61180015563965,0.00801347498218508,48.884768512445625,0.5248685147936385,0.6524590438653701
2011-05-16,60.56999969482422,61.31999969482422,60.5,60.95000076293945,37.12254333496094,4892000,0.002302242829909318,61.32300071716308,61.18150024414062,59.65460014343262,0.007702444644918761,44.44445300717548,0.46242261309968313,0.6144517577122328
2011-05-17,60.77000045776367,61.04999923706055,60.4900016784668,60.86000061035156,37.06772613525391,7169300,-0.0014766226654850945,61.23500061035156,61.272000312805176,59.70320014953613,0.007288163638289746,40.33615802456462,0.4010484886247738,0.5717711038947411
2011-05-18,60.93000030517578,61.54999923706055,60.61000061035156,61.540000915527344,37.48188781738281,5997000,0.011173189259878535,61.249000549316406,61.373500442504884,59.75080017089844,0.007477758315447184,40.210523103412825,0.4026380338094526,0.5379444898776834
2011-05-19,61.619998931884766,61.97999954223633,61.25,61.65999984741211,37.554969787597656,5112300,0.0019499338657709142,61.284000396728516,61.44650039672852,59.8002001953125,0.0071082755978292235,44.42014462473612,0.4088675007135052,0.5121290920448478
2011-05-20,61.45000076293945,61.65999984741211,60.97999954223633,61.02999877929688,37.17127227783203,5737100,-0.010217338139381638,61.28900032043457,61.4665002822876,59.85540016174316,0.007401230544001894,39.11366698345573,0.35883218301701447,0.4814697102392812
2011-05-23,60.38999938964844,60.68999862670898,60.290000915527344,60.38999938964844,36.781471252441406,10880900,-0.01048663612075229,61.2060001373291,61.43950023651123,59.884600143432614,0.007695912506405241,37.52308385494561,0.26448738527125926,0.4380732452456768
2011-05-24,60.47999954223633,60.77999877929688,60.34999847412109,60.56999969482422,36.89107894897461,5952100,0.002980631014986246,61.0560001373291,61.39300022125244,59.92540016174316,0.007396072622355493,42.095220656622026,0.20191541838737948,0.39084167987401736
2011-05-25,60.45000076293945,61.130001068115234,60.06999969482422,60.81999969482422,37.04337310791016,7244500,0.004127455857018347,61.0,61.34500026702881,59.980600128173826,0.007380660042918688,45.471333712687716,0.17053378714344802,0.34678010132790354
2011-05-26,60.79999923706055,61.7400016784668,60.54999923706055,61.61000061035156,37.52452087402344,5439200,0.012989163424717454,61.02400016784668,61.30200023651123,60.06680015563965,0.007544873648659031,55.36627923978983,0.20702365008963142,0.31882881108024913
2011-05-27,61.720001220703125,61.880001068115234,61.40999984741211,61.720001220703125,37.59151840209961,4434300,0.0017854343330923061,61.11500015258789,61.27950038909912,60.145600204467776,0.007498440983888217,54.35540231779497,0.2420283076385914,0.30346871039191764
2011-05-31,62.18999862670898,62.79999923706055,62.02999877929688,62.79999923706055,38.249305725097656,8053800,0.017498347294185645,61.3,61.31150035858154,60.235800170898436,0.008493848318539754,56.11390167022471,0.3528491396996145,0.313344796253457
2011-06-01,62.65999984741211,62.65999984741211,60.93999862670898,61.02999877929688,37.17127227783203,11081400,-0.028184721007434743,61.31699981689453,61.27600021362305,60.27780014038086,0.01056297073259306,47.5177139950707,0.2944568873936362,0.3095672144814929
2011-06-02,61.09000015258789,61.52999877929688,60.61000061035156,60.68000030517578,36.95808792114258,9761900,-0.0057348595956359105,61.23099975585937,61.24000015258789,60.3234001159668,0.01056874922333751,45.33153558949497,0.21743223152721924,0.29114021789063815
2011-06-03,60.08000183105469,61.18000030517578,60.0,60.900001525878906,37.092063903808594,8633900,0.0036255968951330875,61.15499992370606,61.21950016021729,60.382200164794924,0.010606433579328592,50.63829902359972,0.1721573736648665,0.26734364904548386
2011-06-06,60.7400016784668,61.02000045776367,60.0099983215332,60.02999877929688,36.56219482421875,9572100,-0.014285759027646727,61.054999923706056,61.172000122070315,60.41820014953613,0.011010911705609928,44.087392821997405,0.06532178303494618,0.22693927584337634
2011-06-07,60.40999984741211,61.25,60.25,60.75,37.0007209777832,10586800,0.011994023577282409,61.09099998474121,61.14850006103516,60.47280014038086,0.011333226392905942,49.34601330290044,0.03831027199311876,0.18921347507332484
2011-06-08,60.459999084472656,61.040000915527344,60.36000061035156,60.459999084472656,36.82408905029297,10070500,-0.004773677621849326,61.079999923706055,61.06800003051758,60.52160011291504,0.010860152972753702,43.26682508908882,-0.006423153246878144,0.15008614940928428
2011-06-09,60.59999847412109,60.709999084472656,59.630001068115234,59.900001525878906,36.483028411865234,14752700,-0.009262281956229246,60.988000106811526,60.99400005340576,60.55400016784668,0.010779168143456214,39.59812223169632,-0.08606968022304784,0.10285498348281787
2011-06-10,59.65999984741211,59.77000045776367,58.369998931884766,58.47999954223633,35.61813735961914,19779400,-0.0237062094736189,60.675,60.84950008392334,60.544400177001954,0.01189215761705696,36.21622602463752,-0.2607664658058013,0.030130693625094032
2011-06-13,58.58000183105469,59.09000015258789,58.2599983215332,58.59000015258789,35.685142517089844,11480900,0.0018809954037724008,60.361999893188475,60.73850002288818,60.52820014953613,0.011816134040466298,39.678909417178446,-0.3858904916809962,-0.05307354343612403
2011-06-14,59.16999816894531,59.650001525878906,59.02000045776367,59.5099983215332,36.24547958374024,9474700,0.015702306990089232,60.03299980163574,60.66649990081787,60.52760009765625,0.012424686757212509,44.39745746069472,-0.4061343561211217,-0.12368570597312356
2011-06-15,59.09999847412109,59.310001373291016,58.11000061035156,58.52999877929688,35.64859390258789,13796400,-0.016467813306620727,59.78299980163574,60.54999980926514,60.50840003967285,0.012890722612539846,38.763491821051446,-0.49554322358314096,-0.19805720949512706
2011-06-16,58.58000183105469,59.20000076293945,58.11000061035156,58.93999862670898,35.8983154296875,16150300,0.007004952263165221,59.60899963378906,60.41999969482422,60.495400009155276,0.012701036113404339,36.3914291036084,-0.5272391493101551,-0.2638935974581327
2011-06-17,59.52999877929688,59.619998931884766,58.93000030517578,59.43999862670898,36.20285415649414,10435600,0.008483203455207144,59.46299934387207,60.308999633789064,60.49400001525879,0.012892682541829237,38.823517532085454,-0.5061776763121202,-0.3123504132289302
2011-06-20,59.290000915527344,60.22999954223633,59.220001220703125,60.06999969482422,36.58657455444336,9671800,0.010598941498497272,59.4669994354248,60.26099967956543,60.517600021362306,0.01301302361520727,36.00000782501693,-0.4336516202239835,-0.3366106546279409
2011-06-21,60.40999984741211,60.68999862670898,60.06999969482422,60.59999847412109,36.909366607666016,10822700,0.008823019510395103,59.451999282836915,60.27149963378906,60.56059997558594,0.012965844349730016,47.47355935819854,-0.32960820790077605,-0.33521016528250797
2011-06-22,60.45000076293945,61.02000045776367,60.380001068115234,60.470001220703125,36.83018493652344,7047900,-0.0021451692523305477,59.45299949645996,60.26649971008301,60.60220001220703,0.01295976859432541,48.733419413263725,-0.2547066462917087,-0.31910946148434816
2011-06-23,59.630001068115234,59.68999862670898,58.77000045776367,59.36000061035156,36.15412139892578,16433100,-0.018356219413660835,59.39899940490723,60.19349975585938,60.62400001525879,0.013544643080966094,41.61219572803782,-0.28166750401872775,-0.3116210699912241
2011-06-24,59.02000045776367,59.27000045776367,58.43000030517578,58.7599983215332,36.114784240722656,6841000,-0.010107855165920054,59.42699928283692,60.05099964141846,60.63519996643066,0.013259410291060028,42.87317351563955,-0.34744422751094817,-0.3187857014951689
2011-06-27,58.79999923706055,59.25,58.709999084472656,59.06999969482422,36.305320739746094,6923700,0.005275721275461942,59.474999237060544,59.91849956512451,60.63679992675781,0.013338486085990413,40.11764526367185,-0.3702897648276604,-0.3290865141616672
2011-06-28,59.16999816894531,59.56999969482422,58.869998931884766,59.560001373291016,36.606483459472656,9195700,0.00829527138984787,59.47999954223633,59.756499671936034,60.63519996643066,0.012773315374003367,44.82759981461449,-0.34488041071289643,-0.332245293471913
2011-06-29,59.75,60.31999969482422,59.54999923706055,60.220001220703125,37.01212310791016,9353500,0.011081259774921248,59.648999786376955,59.71599979400635,60.65860000610351,0.011591541210918724,51.81817945370088,-0.26839297552215413,-0.31947482988196124
2011-06-30,60.34000015258789,60.63999938964844,60.09000015258789,60.29999923706055,37.0612907409668,7668800,0.0013284293380240175,59.78499984741211,59.69699974060059,60.67440002441406,0.01153444027830832,62.198390872543115,-0.19902670475990192,-0.29538520485754943
2011-07-01,60.369998931884766,61.5099983215332,60.36000061035156,61.380001068115234,37.725074768066406,8979800,0.01791047835355397,59.979000091552734,59.7209997177124,60.698000030517576,0.012209614113554437,66.54804753574192,-0.05625780861121399,-0.24755972560828235
2011-07-05,61.4900016784668,61.900001525878906,61.060001373291016,61.7599983215332,37.95863723754883,7364000,0.006190896819898706,60.147999954223636,59.807499694824216,60.72059997558594,0.011757884728105652,64.25855623608777,0.08655244999572886,-0.1807372904874801
2011-07-06,61.52999877929688,62.209999084472656,61.459999084472656,62.13999938964844,38.19219207763672,6769600,0.006152867202762646,60.30200004577637,59.87699966430664,60.74479995727539,0.011553951317983273,74.75994620701928,0.2277679520588478,-0.09903624197821453
2011-07-07,62.52000045776367,63.0,62.470001220703125,62.91999816894531,38.67159271240234,8554700,0.012552281734119486,60.54699974060058,59.999999618530275,60.7731999206543,0.011731019443154106,75.97910980103322,0.39803335684356256,0.0003776777861408953
2011-07-08,62.29999923706055,62.7400016784668,62.0,62.70000076293945,38.536376953125,6190600,-0.0034964623713934495,60.88099975585938,60.139999580383304,60.79159996032715,0.011506788096159416,72.08674356024078,0.5093465349639601,0.10217144922170474
2011-07-11,61.900001525878906,62.16999816894531,61.470001220703125,61.52000045776367,37.81111907958984,9516800,-0.018819781352750087,61.15699996948242,60.291999626159665,60.77259994506836,0.010963471806707115,59.14250570400921,0.49662211701048875,0.18106158277946155
2011-07-12,61.38999938964844,62.52000045776367,61.2599983215332,61.72999954223633,37.9401969909668,13880700,0.0034135091500338,61.422999954223634,60.44899959564209,60.76379997253418,0.01096357902187918,57.42445166836688,0.49774539609876456,0.24439834544332217
2011-07-13,61.9900016784668,62.02000045776367,61.16999816894531,61.209999084472656,37.62059783935547,11903500,-0.008423788459740456,61.587999725341795,60.533999633789065,60.74479995727539,0.010780041959503233,54.62498664855957,0.45147162785801953,0.2858130019262617
2011-07-14,61.400001525878906,61.40999984741211,60.34999847412109,60.52999877929688,37.20266342163086,10699900,-0.01110930101856955,61.61899948120117,60.63399963378906,60.72059989929199,0.010369671648260807,57.7278614010069,0.3558272366256574,0.2998158488661408
2011-07-15,60.709999084472656,61.209999084472656,60.40999984741211,61.18999862670898,37.60829925537109,7770700,0.010903681822604483,61.70799942016602,60.746499633789064,60.71639984130859,0.010509701411078104,65.92399200463163,0.3294867215035424,0.3057500233936211
2011-07-18,61.130001068115234,61.130001068115234,60.20000076293945,60.63999938964844,37.270263671875,7655000,-0.008988384530220772,61.633999252319335,60.80649967193604,60.70299980163574,0.010661146474615225,59.97459128910677,0.2612201483346226,0.29684404838182143
2011-07-19,60.9900016784668,61.75,60.88999938964844,61.68999862670898,37.91561508178711,7002100,0.017315291022904855,61.62699928283691,60.88749961853027,60.71719978332519,0.011075362544495555,62.6334466430635,0.2885186965480244,0.29517897801506204
2011-07-20,61.88999938964844,62.15999984741211,61.560001373291016,62.150001525878906,38.198333740234375,6354000,0.007456685190632584,61.627999496459964,60.964999771118165,60.73579978942871,0.011031224629666578,61.725402837802555,0.3433138736114145,0.30480595713433256
2011-07-21,62.33000183105469,62.880001068115234,62.33000183105469,62.54999923706055,38.44417953491211,7590700,0.006436004848931143,61.590999603271484,61.068999671936034,60.74539978027344,0.01105614728142657,63.15790178153154,0.41424080840079824,0.3266929273876257
2011-07-22,62.630001068115234,62.95000076293945,62.380001068115234,62.869998931884766,38.64085388183594,5746900,0.00511590245767124,61.60799942016602,61.244499588012694,60.77519973754883,0.010005332340870974,59.56353753489059,0.4906166924137807,0.35947768039285666
2011-07-25,62.2400016784668,62.56999969482422,62.0,62.15999984741211,38.20449066162109,5592900,-0.011293130213695268,61.67199935913086,61.41449966430664,60.790999755859374,0.010089740618663301,52.463065064117025,0.48822617095702725,0.38522737850569083
2011-07-26,62.2599983215332,62.400001525878906,61.709999084472656,62.15999984741211,38.20449066162109,5486200,0.0,61.71499938964844,61.568999671936034,60.8179997253418,0.010092357924097203,50.12920202287539,0.48078942427773086,0.40433978766009887
2011-07-27,61.88999938964844,61.91999816894531,60.43000030517578,60.4900016784668,37.17807388305664,11892500,-0.026866122474979992,61.64299964904785,61.61549968719483,60.808799743652344,0.011941379839465482,35.9212147278368,0.3362646044361668,0.39072475101531245
2011-07-28,60.5,60.9900016784668,59.86000061035156,60.400001525878906,37.12276077270508,9457100,-0.0014878517125240798,61.62999992370605,61.62449970245361,60.79959976196289,0.01170255634254088,36.47058665133602,0.21202133336313977,0.354984067484878
2011-07-29,59.900001525878906,60.52999877929688,59.04999923706055,60.43000030517578,37.14120864868164,10842500,0.000496668518857879,61.55400009155274,61.63099975585938,60.77739974975586,0.011699867213710646,42.58502758780684,0.11465660670153,0.30691857532820843
2011-08-01,61.09999847412109,61.09999847412109,59.220001220703125,59.630001068115234,36.649505615234375,10917400,-0.013238445027643486,61.45300025939942,61.54349975585937,60.736799774169924,0.011280129671578208,36.77581960794106,-0.026750529755581454,0.24018475431145048
2011-08-02,59.18999862670898,59.630001068115234,57.81999969482422,57.880001068115234,35.57392120361328,13317000,-0.02934764327776851,61.07200050354004,61.34949989318848,60.67379981994629,0.012729965456272516,31.84296583119054,-0.2768358870395744,0.1367806260412455
2011-08-03,57.86000061035156,57.97999954223633,56.08000183105469,57.52000045776367,35.352664947509766,18340600,-0.006219775461439592,60.60900039672852,61.11849994659424,60.61639984130859,0.01255290350052392,32.99434950320534,-0.49833488075690724,0.009757524681614949
2011-08-04,56.869998931884766,57.060001373291016,54.27999877929688,54.7400016784668,33.64404296875,19706200,-0.0483309936921541,59.82800064086914,60.70950012207031,60.49979988098144,0.015435156837271074,20.601637573642506,-0.8879612328069086,-0.16978622681608976
2011-08-05,55.400001525878906,55.5,52.7599983215332,53.61000061035156,32.94952774047852,26113300,-0.020643058704175155,58.90200080871582,60.25500011444092,60.355599899291995,0.01571426456213169,19.567092789988124,-1.2732473632620298,-0.39047845410527776
2011-08-08,51.869998931884766,52.54999923706055,49.04999923706055,49.04999923706055,30.14687728881836,33376700,-0.08505878234238495,57.59100074768067,59.63150005340576,60.104399871826175,0.023323382013573195,8.034523775750515,-1.9243605680320073,-0.6972548768906237
2011-08-09,49.869998931884766,53.59000015258789,49.34999847412109,53.59000015258789,32.937232971191406,38397600,0.0925586337644031,56.734000778198244,59.22450008392334,59.941799850463866,0.032810266765975295,27.63844474318053,-2.0503966461084957,-0.9678832307341982
2011-08-10,52.310001373291016,54.7599983215332,51.90999984741211,52.33000183105469,32.16282272338867,40944700,-0.02351181783813372,55.91800079345703,58.78050022125244,59.73239990234375,0.03302868295856032,24.450001611709908,-2.2262892041983307,-1.2195644254270248
2011-08-11,52.630001068115234,55.810001373291016,52.33000183105469,54.77000045776367,33.6624870300293,26720500,0.04662714583092176,55.35500068664551,58.49250030517578,59.60719993591309,0.03513346924871268,31.690776984332842,-2.1440821817198668,-1.4044679766855932
2011-08-12,55.5,56.0,54.43999862670898,54.68999862670898,33.613304138183594,14799300,-0.001460687062005528,54.78100051879883,58.16750030517578,59.48739990234375,0.03495828462218748,32.61981860571292,-2.061622897848288,-1.5358989609181322
2011-08-15,55.119998931884766,56.65999984741211,55.0,56.63999938964844,34.81178283691406,13562900,0.03565552773642122,54.48200035095215,57.96750030517578,59.40219985961914,0.03609842417649143,38.22525430638498,-1.8179681513571708,-1.59231279900594
2011-08-16,55.97999954223633,56.77999877929688,55.52999877929688,56.43000030517578,34.68274688720703,10901200,-0.0037076109946257985,54.3370002746582,57.704500389099124,59.33019989013672,0.03578691098658235,40.764327893889636,-1.6231050359006005,-1.5984712463848723
2011-08-17,56.72999954223633,57.18999862670898,56.04999923706055,56.5,34.72575378417969,10481300,0.0012404695099355045,54.23500022888184,57.422000312805174,59.24519989013672,0.03571053872155221,41.12021473480731,-1.4463535591221515,-1.5680477089323284
2011-08-18,54.66999816894531,55.13999938964844,53.47999954223633,54.06999969482422,33.23224639892578,23216900,-0.04300885495886342,54.168000030517575,56.99800033569336,59.11739990234375,0.036638447224635065,36.945811882186625,-1.4852365739209006,-1.551485481930043
2011-08-19,53.22999954223633,54.4900016784668,52.869998931884766,52.9900016784668,32.568450927734375,16993800,-0.019974071064416954,54.106000137329104,56.50400047302246,58.97919990539551,0.03664485543419617,36.52597493075024,-1.5849283893966302,-1.5581740634233605
2011-08-22,54.11000061035156,54.25,52.380001068115234,53.09000015258789,32.629913330078125,13008800,0.001887119663212422,54.510000228881836,56.05050048828125,58.87139991760254,0.0366986916238475,39.582424183092215,-1.636995564390503,-1.5739383636167892
2011-08-23,53.2400016784668,54.45000076293945,52.81999969482422,54.400001525878906,33.435062408447266,15574300,0.024675105849046863,54.591000366210935,55.66250057220459,58.78759994506836,0.03736293364442345,43.48371113020054,-1.554632180953476,-1.5700771270841265
2011-08-24,54.369998931884766,55.16999816894531,53.77000045776367,55.0099983215332,33.80998229980469,11725700,0.011213176076182885,54.859000015258786,55.38850040435791,58.69759994506836,0.03721282957950992,50.620111816030985,-1.4237251454910336,-1.540806730765508
2011-08-25,55.34000015258789,55.869998931884766,53.36000061035156,53.84999847412109,33.097015380859375,12918200,-0.021087072946847307,54.76699981689453,55.06100025177002,58.60399993896485,0.03739852501102271,50.5504539315713,-1.3974734657001662,-1.5121400777524399
2011-08-26,53.52999877929688,54.790000915527344,52.5,54.650001525878906,33.58872985839844,16861300,0.014856138800863228,54.763000106811525,54.772000312805176,58.51819999694824,0.037647856091401415,65.52107313964224,-1.2971623795049823,-1.4691445381029484
2011-08-29,55.41999816894531,56.41999816894531,55.27000045776367,56.38999938964844,34.65814208984375,8022200,0.031838935319070005,54.738000106811526,54.61000022888184,58.45720001220703,0.038428563348855665,59.18635279004912,-1.0649853470057096,-1.388312699883501
2011-08-30,56.20000076293945,56.970001220703125,55.45000076293945,56.61000061035156,34.79336929321289,10478200,0.0039014226473552682,54.7560001373291,54.54650020599365,58.38800003051758,0.037902903571811426,65.07042147578308,-0.853393724484313,-1.2813289048036633
2011-08-31,57.04999923706055,57.459999084472656,56.470001220703125,57.220001220703125,35.16828536987305,11908400,0.010775492029230227,54.82800025939942,54.531500244140624,58.32040008544922,0.03795668229710445,59.902995046444,-0.6292305102929632,-1.1509092259015232
2011-09-01,57.060001373291016,57.380001068115234,56.02999877929688,56.2599983215332,34.578250885009766,12358900,-0.01677740088587376,55.047000122070315,54.607500076293945,58.23620002746582,0.03644942336282393,55.924527150280085,-0.5230147702159442,-1.0253303347644074
2011-09-02,54.970001220703125,55.90999984741211,54.790000915527344,54.900001525878906,33.74237060546875,9481000,-0.02417342403534639,55.238000106811526,54.672000122070315,58.147000045776366,0.03657318947817585,43.12796836873732,-0.5423268006326865,-0.9287296279380632
2011-09-06,53.18000030517578,54.9900016784668,53.150001525878906,54.77999877929688,33.66862869262695,11734100,-0.0021858423177903985,55.40699996948242,54.95850009918213,58.06740005493164,0.030382229755620258,43.43674794774141,-0.5608498150667884,-0.8551536653638083
2011-09-07,55.65999984741211,56.7599983215332,54.81999969482422,56.619998931884766,34.79951858520508,10823500,0.033588904592734004,55.62899971008301,55.11000003814697,58.018400039672855,0.02365266092292169,50.41840631313769,-0.42219005847605473,-0.7685609439862576
2011-09-08,56.25,57.02000045776367,55.9900016784668,56.209999084472656,34.54752349853516,10736300,-0.007241254947838338,55.748999786376956,55.30399990081787,57.95139999389649,0.022961848140747775,58.685062673124406,-0.341448754861176,-0.6831385061612414
2011-09-09,55.650001525878906,56.02000045776367,54.20000076293945,54.630001068115234,33.57643127441406,13274200,-0.028108842591920258,55.827000045776366,55.29699993133545,57.839599990844725,0.021676116504456416,56.39625362202836,-0.4003384726517041,-0.626578499459334
2011-09-12,53.75,54.86000061035156,53.619998931884766,54.79999923706055,33.680912017822266,12596300,0.0031118097313114212,55.84199981689453,55.30249996185303,57.729599990844726,0.021682953277496513,56.63304563786831,-0.42835377114548834,-0.5869335537965649
2011-09-13,55.0,55.15999984741211,54.29999923706055,54.84999847412109,33.71164321899414,11288700,0.0009123948495737277,55.6879997253418,55.21299991607666,57.598999938964845,0.02003225417363623,51.93463909937696,-0.4414330114973737,-0.5578334453367266
2011-09-14,55.209999084472656,55.7400016784668,54.34000015258789,55.15999984741211,33.90216827392578,12922800,0.005651802769644387,55.54299964904785,55.14949989318848,57.46699996948242,0.020085085318838073,50.66196602664161,-0.42192024967011577,-0.5306508062034045
2011-09-15,55.86000061035156,56.290000915527344,55.47999954223633,56.22999954223633,34.55980682373047,10275200,0.01939810909688422,55.443999481201175,55.135999870300296,57.34879997253418,0.02059303722184187,60.587191782518886,-0.31646816432466096,-0.48781427782765585
2011-09-16,56.34999847412109,56.75,55.56999969482422,56.68999862670898,34.842533111572266,11013800,0.00818067025106628,55.48699951171875,55.26699981689453,57.22419998168945,0.017987355773630136,59.3577868311723,-0.19354745067072088,-0.4289609123962689
2011-09-19,55.59000015258789,56.08000183105469,55.380001068115234,55.56999969482422,34.15415573120117,10208500,-0.019756552461038135,55.55399932861328,55.3959997177124,57.08159996032715,0.017973097788971007,46.011674162473454,-0.18438102342074103,-0.38004493460116334
2011-09-20,55.56999969482422,56.22999954223633,55.34000015258789,55.40999984741211,34.05582427978516,9032000,-0.0028792486645813353,55.6169994354248,55.511999702453615,56.959399948120115,0.018013667806391895,44.12915329002791,-0.18786166199655696,-0.3416082800802421
2011-09-21,55.38999938964844,55.56999969482422,52.68000030517578,52.7599983215332,32.42709732055664,14467800,-0.0478253299616761,55.23099937438965,55.42999954223633,56.77999992370606,0.02040855580340391,31.81075240713338,-0.39984391750930115,-0.3532554075660539
2011-09-22,51.209999084472656,52.369998931884766,50.68000030517578,51.43000030517578,31.60966682434082,15332300,-0.025208454485765253,54.752999496459964,55.25099964141846,56.584399948120115,0.020850563731214248,30.878857776957545,-0.6674669632471222,-0.4160977187022676
2011-09-23,50.869998931884766,51.4900016784668,50.43000030517578,51.290000915527344,31.863754272460938,14364200,-0.0027221347232686544,54.41899948120117,55.12299976348877,56.39959999084473,0.020419039148886386,34.180535207896014,-0.8807047200421962,-0.5090191189702533
2011-09-26,51.61000061035156,52.04999923706055,50.91999816894531,51.93999862670898,32.26754379272461,8212400,0.01267299082821527,54.132999420166016,54.98749961853027,56.214599990844725,0.020328508649060002,38.107193073986885,-0.9858831483196582,-0.6043919248401344
2011-09-27,53.02000045776367,53.36000061035156,52.13999938964844,52.4900016784668,32.6092414855957,9619700,0.010589200352327133,53.896999740600585,54.792499732971194,56.051600036621096,0.0189570239802653,30.61033042102818,-1.0131778769059991,-0.6861491152533074
2011-09-28,52.4900016784668,52.84000015258789,51.08000183105469,51.18000030517578,31.79541015625,7815100,-0.02495716005717763,53.498999786376956,54.5209997177124,55.84140007019043,0.019463176771931535,28.22510487944558,-1.1275179831902378,-0.7744228888406934
2011-09-29,52.18000030517578,52.2400016784668,51.150001525878906,51.93999862670898,32.26754379272461,7147200,0.014849517721795324,53.06999969482422,54.2569995880127,55.63720001220703,0.019655662414147863,37.465034890450895,-1.143624833026351,-0.848263277677825
2011-09-30,51.09999847412109,51.93000030517578,50.52000045776367,50.56999969482422,31.41645622253418,8890400,-0.026376568504186793,52.457999801635744,53.97249965667724,55.39760002136231,0.020080147192927167,32.271580944670205,-1.252499062273067,-0.9291104345968734
2011-10-03,50.18000030517578,50.91999816894531,48.18000030517578,48.18999862670898,29.93787956237793,14392400,-0.04706349777492347,51.71999969482422,53.63699951171875,55.10400001525879,0.021801591447111184,26.647964125790836,-1.513383525808628,-1.0459650528392244
2011-10-04,47.59999847412109,50.08000183105469,46.70000076293945,50.0099983215332,31.068538665771484,22400000,0.037767166355873405,51.17999954223633,53.398499488830566,54.86099998474121,0.023922612098906827,33.67151990440273,-1.5553484885264908,-1.1478417399766778
2011-10-05,50.150001525878906,50.150001525878906,47.68000030517578,49.630001068115234,30.83248519897461,17783800,-0.007598425638305817,50.866999816894534,53.04899959564209,54.61040000915527,0.022202927862666498,28.116707520369914,-1.6008154226832048,-1.2384364765179834
2011-10-06,49.54999923706055,51.060001373291016,49.08000183105469,51.0,31.68358993530273,14341600,0.027604249494262545,50.82399978637695,52.788499641418454,54.42059997558594,0.023459299380043482,32.20762744111492,-1.5089070896620882,-1.2925305991468043
2011-10-07,51.290000915527344,51.400001525878906,49.45000076293945,49.560001373291016,30.788997650146484,12756200,-0.028235267190372282,50.65099983215332,52.53499965667724,54.20379997253418,0.023465986865962223,31.5757184953481,-1.5345752993726265,-1.340939539191969
2011-10-10,50.630001068115234,51.95000076293945,50.43000030517578,51.95000076293945,32.27377700805664,10483300,0.04822436084387327,50.65200004577637,52.39249973297119,54.034199981689454,0.026248871862236185,40.668823253942065,-1.3465424605200695,-1.342060123457589
2011-10-11,51.540000915527344,51.77999877929688,50.77000045776367,50.9900016784668,31.67737197875977,11825600,-0.018479289131358545,50.50200004577637,52.199499893188474,53.861399993896484,0.026479597778259395,44.74778158820083,-1.2604591951032447,-1.3257399377867203
2011-10-12,51.459999084472656,52.5099983215332,51.0099983215332,51.81999969482422,32.193016052246094,10793700,0.01627766207169845,50.56599998474121,52.03249988555908,53.740199966430666,0.02677380064914745,51.19265935177641,-1.1124401659635197,-1.2830799834220803
2011-10-13,51.54999923706055,51.880001068115234,50.4900016784668,51.459999084472656,31.9693546295166,8153400,-0.006947136481506355,50.51800003051758,51.7939998626709,53.61899993896484,0.02626870047102008,50.512969976913816,-1.0125114577372116,-1.2289662782851067
2011-10-14,52.0099983215332,52.84000015258789,51.84999847412109,52.650001525878906,32.708641052246094,8252800,0.023124804947097566,50.726000213623045,51.592000007629395,53.577199935913086,0.02684250573816457,52.07481891332166,-0.827752172972076,-1.1487234572225007
2011-10-17,52.43000030517578,52.43000030517578,51.2599983215332,51.43999862670898,31.956939697265625,9316500,-0.022982010714191148,51.05100021362305,51.38549995422363,53.53379989624023,0.0269557361464708,47.04557329737168,-0.7700891221870663,-1.072996590215414
2011-10-18,51.41999816894531,53.369998931884766,51.27000045776367,53.13999938964844,33.01305389404297,14139700,0.03304822722247858,51.36400032043457,51.27199993133545,53.61559989929199,0.028169657227982918,55.39647442912917,-0.5805229774094798,-0.9745018676542272
2011-10-19,53.04999923706055,53.45000076293945,52.31999969482422,52.47999954223633,32.60304260253906,8868300,-0.012420019853080277,51.64900016784668,51.25799999237061,53.59339988708496,0.02616003136814313,51.49501934807958,-0.47803640762049326,-0.8752087756474805
2011-10-20,52.61000061035156,52.880001068115234,51.61000061035156,52.79999923706055,32.80183792114258,8817000,0.006097555213709249,51.829000091552736,51.326499938964844,53.602799835205076,0.025496801715242007,56.55496696731985,-0.36676591252781066,-0.7735202030235465
2011-10-21,53.41999816894531,54.38999938964844,53.310001373291016,54.36000061035156,33.77097702026367,10177900,0.029545480981674865,52.30900001525879,51.47999992370605,53.59459983825683,0.02621804315737459,69.05497994750844,-0.1509639516937682,-0.649008952757591
2011-10-24,54.54999923706055,55.86000061035156,54.2400016784668,55.79999923706055,34.665565490722656,12133900,0.02649004066484073,52.6939998626709,51.672999954223634,53.61679985046387,0.026658116018727432,68.31120116897203,0.1347037308816894,-0.49226641602973487
2011-10-25,55.459999084472656,55.4900016784668,54.709999084472656,54.93999862670898,34.13129806518555,7113500,-0.015412197528855587,53.088999557495114,51.79549980163574,53.58279983520508,0.0269485991967085,66.29833413186716,0.28837831975599215,-0.3361374688725895
2011-10-26,55.43999862670898,55.619998931884766,54.540000915527344,55.45000076293945,34.44813919067383,8169400,0.009282893137579018,53.45199966430664,52.008999824523926,53.563199844360355,0.026180596516250997,64.41995973678345,0.4461762071516162,-0.1796747336677484
2011-10-27,57.06999969482422,58.18000030517578,56.34000015258789,57.81999969482422,35.92047882080078,13735800,0.0427411884450104,54.087999725341795,52.302999877929686,53.58959983825684,0.027480481050444892,75.2444868195949,0.7537821453224538,0.0070166421302920445
2011-10-28,57.04999923706055,58.08000183105469,57.04999923706055,58.0,36.032318115234375,9622000,0.0031131149451024687,54.622999572753905,52.674499893188475,53.66819984436035,0.026438240958363928,71.37808110825132,1.0005528375179367,0.20572388120782098
2011-10-31,57.150001525878906,58.08000183105469,56.93000030517578,57.2400016784668,35.5601806640625,9761100,-0.013103419336779387,55.202999877929685,53.12700004577637,53.75319984436035,0.023719923746502742,72.40142634081775,1.121862740653988,0.38895165309705443
2011-11-01,55.720001220703125,56.70000076293945,55.27000045776367,55.310001373291016,34.36116027832031,19179600,-0.03371768428689326,55.420000076293945,53.39200019836426,53.79759986877441,0.02451476878237414,61.59468467169157,1.0501612131750022,0.521193565112644
2011-11-02,56.20000076293945,56.880001068115234,55.52999877929688,56.43000030517578,35.05696105957031,8193000,0.020249482988181855,55.81500015258789,53.73200016021728,53.83819984436035,0.024532496845911515,65.71789876602665,1.0713617977429664,0.6312272116387085
2011-11-03,57.04999923706055,57.31999969482422,55.630001068115234,57.06999969482422,35.454566955566406,10310200,0.011341474148277353,56.24200019836426,54.0355001449585,53.87939987182617,0.024069168771013658,64.48229865725672,1.1268167734562766,0.7303451240022222
2011-11-04,56.619998931884766,56.790000915527344,55.810001373291016,56.63999938964844,35.18741989135742,8657800,-0.007534612011129482,56.47000007629394,54.389500045776366,53.935199890136715,0.02294217446284337,67.95580430707787,1.123121168562875,0.8089003329143528
2011-11-07,56.5,57.34000015258789,55.97999954223633,56.77999877929688,35.27439498901367,5380500,0.0024717406630838656,56.56800003051758,54.63099994659424,53.977799835205076,0.020789757023349183,64.08668694086037,1.1185946924666297,0.8708392048248083
2011-11-08,56.9900016784668,57.52999877929688,55.869998931884766,57.459999084472656,35.69684219360352,10558200,0.011976053536367992,56.820000076293944,54.95449981689453,53.99919982910156,0.02010999512929962,69.24265869687684,1.1565458287873938,0.9279805296173254
2011-11-09,56.16999816894531,56.4900016784668,54.790000915527344,54.880001068115234,34.09402084350586,11109400,-0.04490076675017929,56.763000106811525,55.10749988555908,53.96459983825684,0.022946423846950958,56.84211266007928,0.9672878080325518,0.9358419853003708
2011-11-10,55.59999847412109,55.7400016784668,54.58000183105469,54.93000030517578,34.125083923339844,11025500,0.0009110647975114627,56.47400016784668,55.280999946594235,53.91879981994629,0.022831906476732448,52.08181121560431,0.8119740521863505,0.9110683986775667
2011-11-11,55.68999862670898,56.459999084472656,55.2400016784668,56.34999847412109,35.00724792480469,7448200,0.025851049718845553,56.30900001525879,55.46599979400635,53.92059982299805,0.02296289919630116,52.01170250260427,0.7943124272975126,0.887717204401556
2011-11-14,55.88999938964844,56.040000915527344,54.970001220703125,55.220001220703125,34.30524826049805,6435000,-0.020053190488317663,56.10699996948242,55.65499992370606,53.92699981689453,0.02279281297768282,51.00431411343124,0.6812807473849105,0.8464299129982269
2011-11-15,55.0099983215332,56.08000183105469,54.84000015258789,55.70000076293945,34.60344696044922,6904900,0.008692494234432635,56.145999908447266,55.782999992370605,53.945399856567384,0.02177576744026318,50.89863482539038,0.623249842020563,0.8017938988026941
2011-11-16,55.08000183105469,56.040000915527344,55.060001373291016,55.16999816894531,34.27418899536133,8387500,-0.009515306763636211,56.01999969482422,55.91749992370605,53.916399841308596,0.021679925921243806,39.0223559737503,0.528402061464682,0.7471155313350918
2011-11-17,55.060001373291016,55.15999984741211,53.88999938964844,54.18000030517578,33.65914535522461,9973300,-0.01794449694810385,55.73099975585937,55.98649997711182,53.875799865722655,0.022144716774303234,35.170796691872894,0.3690952578057818,0.6715114766292297
2011-11-18,54.43999862670898,54.59999847412109,53.91999816894531,54.56999969482422,33.90143966674805,6609100,0.007198216822659864,55.523999786376955,55.99699993133545,53.874599838256835,0.021200067416360352,39.32852130209649,0.2711870836540271,0.5914465980341892
2011-11-21,53.56999969482422,53.709999084472656,52.84999847412109,53.130001068115234,33.00684356689453,6026800,-0.026388100325490105,55.15900001525879,55.86350002288818,53.84119987487793,0.021072864428096985,40.93177080820877,0.07651626378451937,0.48846053118425525
2011-11-22,53.08000183105469,53.41999816894531,52.61000061035156,52.97999954223633,32.91364669799805,5615100,-0.002823292355793372,54.71100006103516,55.76550006866455,53.803799896240236,0.020845398117893117,34.389124963018105,-0.08884152323503969,0.37300012030039625
2011-11-23,52.41999816894531,52.560001373291016,51.41999816894531,51.41999816894531,31.94450569152832,5859800,-0.02944509978803156,54.364999771118164,55.56399993896484,53.7289998626709,0.021566802146763167,26.399312653010213,-0.34182745995749997,0.230034604248817
2011-11-25,51.22999954223633,52.59000015258789,51.22999954223633,51.59999847412109,32.05632400512695,2807900,0.0035005894901896095,54.031999588012695,55.25299987792969,53.636399841308595,0.018733207406570238,28.498277852024742,-0.5217813466068577,0.07967141407768208
2011-11-28,53.27999877929688,53.41999816894531,52.40999984741211,52.86000061035156,32.8390998840332,6585800,0.024418646773069375,53.682999801635745,54.99599990844727,53.559799880981444,0.019823203652536155,34.73520526879952,-0.5563116418424485,-0.047525197106344036
2011-11-29,53.09000015258789,53.09000015258789,52.40999984741211,52.709999084472656,32.74589538574219,5156100,-0.002837713283142307,53.431999588012694,54.76949977874756,53.50259986877441,0.019719730259458647,30.706738659407876,-0.5889914918339798,-0.1558184560518712
2011-11-30,54.06999969482422,55.209999084472656,53.91999816894531,55.13999938964844,34.25555419921875,10623200,0.046101315639969664,53.375999450683594,54.76099967956543,53.497199859619144,0.021380459295714086,51.06907205919306,-0.41403703096622024,-0.20746217103474102
2011-12-01,54.9900016784668,55.09000015258789,54.20000076293945,54.58000183105469,33.90764617919922,5156600,-0.010155922466311806,53.31699981689453,54.66849975585937,53.53359992980957,0.02094616362132906,48.61879035239739,-0.3169182468583074,-0.22935338619945428
2011-12-02,55.02000045776367,55.560001373291016,54.59000015258789,54.66999816894531,33.96355438232422,4369400,0.0016488885099197326,53.36599960327148,54.54849967956543,53.59839988708496,0.020745634858426846,42.59258885489078,-0.23003723239094143,-0.2294901554377517
2011-12-05,55.45000076293945,55.70000076293945,54.72999954223633,55.18000030517578,34.280391693115234,4134400,0.0093287388569947,53.42699966430664,54.4754997253418,53.67619987487793,0.02084877892511435,49.813428586882566,-0.1186626234948136,-0.2073246490491641
2011-12-06,55.04999923706055,55.36000061035156,54.650001525878906,55.13999938964844,34.25555419921875,5008000,-0.0007249169138476841,53.627999496459964,54.393499755859374,53.74019989013672,0.02083221651693771,47.2762585993014,-0.03324199014538465,-0.17250811726840823
2011-12-07,54.75,55.790000915527344,54.52999877929688,55.65999984741211,34.5786018371582,6718000,0.009430548848741838,53.89599952697754,54.30349979400635,53.80359985351563,0.020754738373462974,52.385597159815006,0.07554335158982184,-0.12289782349676223
2011-12-08,55.310001373291016,55.4900016784668,54.22999954223633,54.33000183105469,33.75233840942383,8026800,-0.023895041681701645,54.18699989318848,54.27599983215332,53.86659988403321,0.01888393547939969,50.70688745169609,0.05381643168330896,-0.087554972460748
2011-12-09,54.63999938964844,55.65999984741211,54.52000045776367,55.40999984741211,34.42327880859375,5869400,0.019878482973657796,54.56800003051758,54.29999980926514,53.935999908447265,0.01941852659918436,53.71681508540702,0.12233431133284256,-0.045577115702029894
2011-12-12,54.9900016784668,54.9900016784668,54.060001373291016,54.41999816894531,33.808250427246094,7176900,-0.017866841385906218,54.72399978637695,54.20349979400635,54.01299987792969,0.018881225383765122,55.94468584656201,0.095647794698138,-0.017332133621996315
2011-12-13,54.7400016784668,55.22999954223633,53.63999938964844,53.93999862670898,33.51004409790039,7736900,-0.008820278544409144,54.84699974060059,54.13949966430664,54.12799987792969,0.018465045886312578,54.29337682588531,0.03535899003730236,-0.0067939088901365794
2011-12-14,53.65999984741211,54.68000030517578,53.5099983215332,54.25,33.70262908935547,8105400,0.005747152042705483,54.75799980163574,54.06699962615967,54.212799911499026,0.018395196465749813,64.24975701954213,0.012450674397044281,-0.002944992232700408
2011-12-15,54.81999969482422,55.20000076293945,54.4900016784668,54.9900016784668,34.16236114501953,5899600,0.013640583934871886,54.79899978637695,54.057999801635745,54.31999992370606,0.018569408647593152,66.15825863643323,0.053392148751491675,0.008322435964138009
2011-12-16,55.33000183105469,55.95000076293945,55.119998931884766,55.45000076293945,34.44813919067383,7465500,0.008365140397018411,54.87700004577637,54.12149982452392,54.40899993896485,0.018158685080334594,63.36429576702391,0.12155542857400548,0.030969034486111505
2011-12-19,55.7599983215332,55.77000045776367,54.7599983215332,54.90999984741211,34.11266326904297,5410800,-0.009738519532866419,54.85,54.13849983215332,54.51599990844726,0.018264498630048847,60.9127043446307,0.1304974644775072,0.05087472048439065
2011-12-20,55.61000061035156,56.66999816894531,55.59999847412109,56.56999969482422,35.14393997192383,7494700,0.03023128486660065,54.99300003051758,54.31049976348877,54.608399887084964,0.01827067950732392,57.67991772380109,0.2684378227199389,0.09438734093150031
2011-12-21,56.47999954223633,56.83000183105469,56.20000076293945,56.650001525878906,35.193634033203125,4767600,0.001414209501259922,55.09200019836426,54.4939998626709,54.7215998840332,0.01822044459916349,61.72140014481156,0.3798335449288288,0.151476581730966
2011-12-22,56.2599983215332,57.09000015258789,56.209999084472656,56.83000183105469,35.67512893676758,6089000,0.003177410420607929,55.34200019836426,54.764500045776366,54.82179992675781,0.01649321824667632,62.10763597547987,0.4771398069591726,0.21660922677660732
2011-12-23,57.130001068115234,57.150001525878906,56.68000030517578,57.11000061035156,35.85088348388672,2507300,0.004926953550507651,55.512000274658206,55.04000015258789,54.93479995727539,0.016488829503027193,61.104716702838225,0.5702755011210456,0.287342481645495
2011-12-27,57.060001373291016,57.65999984741211,56.7400016784668,57.2400016784668,35.9325065612793,3620200,0.0022763275560475638,55.79400062561035,55.25900020599365,55.02659996032715,0.015862939172890406,61.959007223157535,0.6471166515405855,0.3592973156245131
2011-12-28,57.33000183105469,57.41999816894531,56.58000183105469,56.619998931884766,35.543296813964844,3900300,-0.010831633969278331,56.06200065612793,55.45450019836426,55.130199966430666,0.016145315107986145,55.40539727816344,0.650486374773962,0.4175351274544029
2011-12-29,56.77999877929688,57.220001220703125,56.63999938964844,57.09000015258789,35.83832931518555,2951900,0.008300975442768088,56.34600067138672,55.55200023651123,55.20919998168945,0.012783857009320958,67.206954728341,0.6832064960553623,0.47066940117459477
2011-12-30,57.04999923706055,57.470001220703125,56.77999877929688,56.810001373291016,35.66256332397461,4270000,-0.004904515301252466,56.52800064086914,55.663500213623045,55.295800018310544,0.012577267345043674,59.695289541507755,0.6787200047386932,0.5122795218874145
2012-01-03,57.7400016784668,58.310001373291016,56.77999877929688,57.15999984741211,35.88227462768555,9054000,0.006160860159486692,56.69900054931641,55.78800029754639,55.38300003051758,0.012609565880777442,70.82066358283244,0.6953903527282961,0.5489016880555909
2012-01-04,56.97999954223633,57.040000915527344,56.290000915527344,56.52000045776367,35.480525970458984,12839200,-0.011196630359638027,56.86000061035156,55.85500030517578,55.42620002746582,0.012840954503768601,69.13946386001774,0.649472407930773,0.5690158320306273
2012-01-05,56.34000015258789,57.040000915527344,56.060001373291016,56.93000030517578,35.737892150878906,6432700,0.007254066597513376,56.896000671386716,55.94450035095215,55.448800048828126,0.01289924805720252,69.59063414285922,0.6388019557270681,0.5829730567699155
2012-01-06,57.09999847412109,57.25,56.56999969482422,56.83000183105469,35.67512893676758,4222200,-0.0017565163109968251,56.9140007019043,56.00300045013428,55.48660011291504,0.012787426364861779,64.83870908199322,0.6151850342047993,0.5894154522568923
2012-01-09,56.93000030517578,57.040000915527344,56.52999877929688,56.66999816894531,35.57466506958008,4740100,-0.0028154787428132932,56.89800033569336,56.12000026702881,55.511000061035155,0.011412003086553211,60.33895170920913,0.5769072675537856,0.586913815316271
2012-01-10,57.2599983215332,57.59000015258789,57.209999084472656,57.29999923706055,35.970157623291016,4974000,0.011117012325235542,56.917000198364256,56.21450023651123,55.500600051879886,0.010850905055441255,69.94989313762701,0.5905996180038855,0.5876509758537939
2012-01-11,57.150001525878906,57.88999938964844,57.08000183105469,57.810001373291016,36.290321350097656,3815400,0.008900560960227955,56.97400016784668,56.38400039672852,55.496800079345704,0.009916595364028856,62.809914098515186,0.6352806941184568,0.5971769195067265
2012-01-12,57.790000915527344,57.880001068115234,57.119998931884766,57.43000030517578,36.05177688598633,5969400,-0.0065732755420898625,57.05500030517578,56.55850048065186,55.500600051879886,0.009786642331601895,57.587526402270406,0.6327340936848458,0.6042883543423503
2012-01-13,57.15999984741211,57.70000076293945,56.95000076293945,57.68999862670898,36.21497344970703,5269500,0.004527221315542285,57.11500015258789,56.73050041198731,55.54819999694824,0.009773624619760484,58.23750925355503,0.6442688558186092,0.6122844546376021
2012-01-17,58.220001220703125,58.41999816894531,57.83000183105469,57.9900016784668,36.40331268310547,3982100,0.0052002610313623965,57.23300018310547,56.880500411987306,55.57940002441406,0.009473225569033522,58.39694184125792,0.6698958347722481,0.6238067306645313
2012-01-18,58.04999923706055,58.560001373291016,57.900001525878906,58.36000061035156,36.63557434082031,4770600,0.006380391811958708,57.353000259399415,57.02600040435791,55.60520004272461,0.009421028120735007,60.21895498315062,0.7118553959287581,0.6414164637173767
2012-01-19,58.52000045776367,58.90999984741211,58.36000061035156,58.72999954223633,36.86783599853516,4669000,0.006339940507456676,57.57400016784668,57.21700038909912,55.647000045776366,0.008988589105166618,70.1720770174484,0.7661329680857349,0.6663597645910484
2012-01-20,58.66999816894531,59.04999923706055,58.43000030517578,59.0099983215332,37.04361724853516,4834900,0.0047675597050789165,57.78199996948242,57.33900032043457,55.6916000366211,0.006427579643021512,69.04759742235504,0.8222633563795796,0.6975404829487546
2012-01-23,59.119998931884766,59.45000076293945,58.84999847412109,59.18999862670898,37.15658950805664,4906000,0.0030503357108229157,58.01799964904785,57.466000175476076,55.72620002746582,0.00642835776751869,74.0890291214154,0.8712286324485561,0.7322781128487149
2012-01-24,58.84999847412109,59.58000183105469,58.790000915527344,59.52000045776367,37.363765716552734,3989900,0.005575297156803494,58.302999877929686,57.60050010681152,55.81900001525879,0.006469480253341349,73.98371777476255,0.9259881414477178,0.7710201185685155
2012-01-25,59.45000076293945,60.369998931884766,59.27000045776367,60.27999877929688,37.84087371826172,6738800,0.012768788906050377,58.60099983215332,57.75900001525879,55.92599998474121,0.006860645026627571,87.30153564127349,1.0189649659830664,0.8206090880514257
2012-01-26,60.54999923706055,61.02000045776367,60.43999862670898,60.630001068115234,38.060577392578125,10459000,0.005806275645422909,58.88299980163574,57.92849998474121,56.0116000366211,0.006893764584732523,87.14854854042079,1.1081183305705338,0.8781109365552474
2012-01-27,60.459999084472656,60.91999816894531,60.2400016784668,60.77999877929688,38.15473175048828,4896000,0.002473984966834042,59.217999649047854,58.13649997711182,56.122799987792966,0.0060941405169804095,89.2643331568817,1.1773053329989054,0.9379498158439791
2012-01-30,60.2599983215332,60.369998931884766,59.970001220703125,60.25,37.822021484375,4588300,-0.008719953766721855,59.47399978637695,58.29449996948242,56.21379997253418,0.006568540280222037,83.1481557356782,1.1758159840401987,0.9855230494832231
2012-01-31,60.540000915527344,60.630001068115234,60.119998931884766,60.560001373291016,38.01663589477539,4973500,0.005145251008979557,59.73099975585937,58.48199996948242,56.32160003662109,0.006334996601353562,82.086623633693,1.185978957123794,1.0256142310113374
2012-02-01,61.0099983215332,61.119998931884766,60.72999954223633,61.0099983215332,38.29911804199219,4513700,0.00743059673113966,59.99599952697754,58.674499893188475,56.458199996948245,0.006372269511288549,81.87250087768483,1.2163231631644678,1.0637560174419636
2012-02-02,61.06999969482422,61.18999862670898,60.84999847412109,61.13999938964844,38.38072204589844,3502700,0.0021308157956356766,60.23699951171875,58.90549983978271,56.589599990844725,0.005401152106609728,88.88890666060995,1.2366063367136277,1.0983260812962965
2012-02-03,61.79999923706055,62.040000915527344,61.45000076293945,62.02000045776367,38.93315124511719,7577900,0.014393213557411855,60.5379997253418,59.15999984741211,56.7673999786377,0.0058483901570468835,90.1669974153476,1.3086048475010728,1.1403818345372518
2012-02-06,61.880001068115234,62.0,61.5,61.720001220703125,38.74482727050781,3969300,-0.004837136969465972,60.79099998474121,59.40449981689453,56.94220001220703,0.006053467401625227,84.6011373327529,1.326169498323985,1.1775393672945984
2012-02-07,61.619998931884766,61.81999969482422,61.43000030517578,61.66999816894531,38.71342849731445,3224800,-0.0008101596041615311,61.00599975585938,59.65449981689453,57.14720001220703,0.005947652092195345,82.64297591548969,1.3208290867393302,1.2061973111835447
2012-02-08,61.66999816894531,61.84000015258789,61.20000076293945,61.709999084472656,38.73854064941406,4331100,0.0006486284533000486,61.148999786376955,59.874999809265134,57.34940002441406,0.005769801269183058,81.43458319618392,1.304783776488705,1.2259146042445768
2012-02-09,61.630001068115234,61.81999969482422,60.90999984741211,61.2599983215332,38.4560546875,4309900,-0.007292185539064189,61.21199951171875,60.047499656677246,57.5173999786377,0.0061308661586985625,72.91240653610201,1.2414458369240862,1.2290208507804787
2012-02-10,60.650001525878906,61.09000015258789,60.56999969482422,60.75,38.13591766357422,3688700,-0.008325144229622605,61.20899963378906,60.21349964141846,57.678199996948244,0.0062842385892737706,64.88550451903163,1.1369909374058622,1.2106148681055555
2012-02-13,61.27999877929688,61.52999877929688,61.02000045776367,61.43999862670898,38.56905746459961,4356200,0.011358002085744445,61.32799949645996,60.40099964141846,57.80419998168945,0.006560719814975552,67.14284546520918,1.0972385169805463,1.1879395978805538
2012-02-14,61.38999938964844,61.40999984741211,60.470001220703125,60.83000183105469,38.18611145019531,4864400,-0.009928333484517937,61.35499954223633,60.54299964904785,57.92919998168945,0.007159633706409757,55.04590238289217,1.0049286025554736,1.1513373988155378
2012-02-15,60.97999954223633,61.02999877929688,60.310001373291016,60.52999877929688,37.99779891967773,5679400,-0.0049318271038527595,61.306999588012694,60.651499557495114,58.046399993896486,0.007276000570730105,49.07405248884384,0.8972219748451167,1.1005143140214537
2012-02-16,60.459999084472656,61.15999984741211,60.459999084472656,61.02999877929688,38.311668395996094,5054600,0.008260366926870155,61.29599952697754,60.766499519348145,58.16339996337891,0.0073506315450497925,52.17391304347826,0.8424977283501534,1.0489109968871937
2012-02-17,61.22999954223633,61.33000183105469,60.7400016784668,61.130001068115234,38.37444686889648,6292400,0.0016385759596684313,61.20699958801269,60.87249965667725,58.28319999694824,0.00732070447674662,58.270681274366225,0.7979988833000107,0.9987285741697571
2012-02-21,61.2400016784668,61.2400016784668,60.150001525878906,60.369998931884766,37.8973503112793,6632600,-0.012432555585654592,61.07199935913086,60.93149967193604,58.3773999786377,0.0079704157231247,48.35353292273028,0.6934141604041741,0.9376656914166406
2012-02-22,60.20000076293945,60.52000045776367,59.810001373291016,59.880001068115234,37.58975601196289,7764200,-0.008116578970332466,60.89299964904785,60.949499702453615,58.4883999633789,0.00814445547120049,40.27541958349579,0.5644842583428584,0.8630294048018842
2012-02-23,59.93999862670898,61.09999847412109,59.83000183105469,60.58000183105469,38.0291862487793,5679800,0.011690059292804422,60.77999992370606,60.9644998550415,58.59180000305176,0.008060908849463281,45.611307758538196,0.5128784499726962,0.7929992138360467
2012-02-24,60.75,60.900001525878906,60.34999847412109,60.75,38.13591766357422,3372900,0.0028061763586504362,60.729000091552734,60.97049980163574,58.71840003967285,0.007980150246502773,38.800705348714956,0.48016288766153536,0.7304319486011445
2012-02-27,60.310001373291016,60.77999877929688,59.900001525878906,60.68000030517578,38.09196853637695,6416000,-0.0011522583510159556,60.72200012207031,60.96549987792969,58.853200073242185,0.00796525018223689,40.441172345701126,0.4434750738686759,0.6730405736546508
2012-02-28,60.70000076293945,60.810001373291016,60.08000183105469,60.220001220703125,37.80318832397461,4905500,-0.007580736357270967,60.60000038146973,60.96399993896485,58.97260009765625,0.00790384005047475,37.606860457685485,0.3729821295560143,0.6130288848349235
2012-02-29,60.310001373291016,60.68000030517578,59.97999954223633,60.13999938964844,37.75297164916992,7484900,-0.001328492684041671,60.5310001373291,60.942999839782715,59.07560005187988,0.007814292680976314,36.67232718577637,0.3071201937334038,0.5518471466146195
2012-03-01,60.310001373291016,60.54999923706055,60.119998931884766,60.459999084472656,37.95384216308594,6113100,0.005320912837909031,60.52400016784668,60.91549987792969,59.17580001831055,0.007717820381926085,43.055560154680684,0.2775460579183715,0.49698692887537
2012-03-02,60.22999954223633,60.70000076293945,60.22999954223633,60.43999862670898,37.94129943847656,4189600,-0.0003308047976602335,60.46500015258789,60.880499839782715,59.28639999389648,0.007694518791182286,47.05881075556326,0.24961704253891526,0.4475129516080791
2012-03-05,60.36000061035156,60.959999084472656,60.18000030517578,60.93000030517578,38.24889373779297,4755100,0.008107241720721525,60.445000076293944,60.82599983215332,59.373600006103516,0.007162073188539873,44.970434235642855,0.26397914965448166,0.4108061912173596
2012-03-06,60.34000015258789,60.68999862670898,60.0099983215332,60.11000061035156,37.7341423034668,6241600,-0.013458061557806378,60.419000244140626,60.745499801635745,59.44279998779297,0.007656290236130763,43.1818148978197,0.20681012231284512,0.3700069774364568
2012-03-07,60.290000915527344,60.43999862670898,59.77000045776367,60.369998931884766,37.8973503112793,4925400,0.004325375459876879,60.46800003051758,60.68049983978271,59.51359992980957,0.00775876310808127,48.47328438777398,0.18040337016108055,0.33208625598138153
2012-03-08,60.4900016784668,60.619998931884766,60.040000915527344,60.22999954223633,37.80946731567383,6407200,-0.0023190225629521333,60.432999801635745,60.6064998626709,59.575999908447265,0.0077532235538959006,41.80328829959119,0.1464903979886003,0.2949670843828253
2012-03-09,60.20000076293945,60.68999862670898,60.09999847412109,60.5099983215332,37.98522567749024,5175500,0.004648825857960226,60.408999633789065,60.5689998626709,59.64139984130859,0.007717821710688477,43.873487690433414,0.14058708425905309,0.2640910843580709
2012-03-12,60.54999923706055,61.04999923706055,60.54999923706055,60.93000030517578,38.24889373779297,8116200,0.006941034461954709,60.433999633789064,60.577999877929685,59.72759986877441,0.007667027566837665,55.93222119760544,0.16786428063890213,0.24484572361423715
2012-03-13,61.290000915527344,62.150001525878906,61.150001525878906,62.02000045776367,38.93315124511719,9652900,0.017889383671893633,60.61399955749512,60.60699996948242,59.82619987487793,0.008282759957015788,70.11277737224702,0.2742738993123126,0.2507313587538523
2012-03-14,62.09000015258789,62.34000015258789,61.540000915527344,61.869998931884766,38.838985443115234,8735500,-0.0024185992384998523,60.78699951171875,60.658999824523924,59.92739982604981,0.00794848348873237,63.52198089132748,0.3425516965012818,0.2690954263033382
2012-03-15,61.9900016784668,62.040000915527344,61.619998931884766,61.83000183105469,38.81388092041016,5472900,-0.0006464700423562952,60.92399978637695,60.723999977111816,60.02079986572266,0.007840654951431793,61.63795229654668,0.3889513221927885,0.29306660548122826
2012-03-16,61.9900016784668,62.220001220703125,61.84000015258789,62.20000076293945,39.046142578125,7662000,0.005984132636705386,61.1,60.78250007629394,60.13439987182617,0.007747090937049437,65.38462429468618,0.45038739589411847,0.3245307635638063
2012-03-19,62.13999938964844,62.810001373291016,61.959999084472656,62.56999969482422,39.27841567993164,7038400,0.0059485358094275576,61.263999938964844,60.8545000076294,60.247199859619144,0.007825963913044987,74.22679601509513,0.5229040362846149,0.364205418107968
2012-03-20,62.25,62.61000061035156,62.15999984741211,62.41999816894531,39.18424224853516,7067600,-0.0023973394056339137,61.494999694824216,60.956999969482425,60.358999786376955,0.007203251620819173,73.170727925145,0.56179411388473,0.4037231572633204
2012-03-21,62.52999877929688,62.61000061035156,62.27999877929688,62.27999877929688,39.09637451171875,3499100,-0.00224286116237149,61.68599967956543,61.07699985504151,60.47119979858398,0.006895294599226018,69.19831766946041,0.5746932932987932,0.43791718447041494
2012-03-22,61.90999984741211,61.91999816894531,61.130001068115234,61.540000915527344,38.63182830810547,7378200,-0.011881789953013477,61.81699981689453,61.124999809265134,60.55599983215332,0.007159388017323976,60.073289760044204,0.5192191080569799,0.45417756918772795
2012-03-23,61.41999816894531,62.060001373291016,61.22999954223633,61.790000915527344,38.78876495361328,4911300,0.004062398379602872,61.945000076293944,61.1769998550415,60.635599822998046,0.00718328638343142,58.2375638524105,0.4897824203825394,0.46129853942669025
2012-03-26,61.75,62.02000045776367,61.5099983215332,61.88999938964844,39.1895866394043,4056200,0.0016183601333459308,62.04099998474121,61.23749980926514,60.7247998046875,0.007168863142082999,69.77779774610349,0.469115008654299,0.462861833272212
2012-03-27,61.84999847412109,62.25,61.7599983215332,61.86000061035156,39.17059326171875,4415300,-0.00048471125533555703,62.025,61.319499778747556,60.80819984436035,0.006891433616183424,67.44735574925872,0.44518348705830846,0.4593261640294313
2012-03-28,61.84999847412109,61.88999938964844,61.18999862670898,61.720001220703125,39.081939697265625,3666300,-0.002263165022100111,62.010000228881836,61.39849987030029,60.88279983520508,0.006913807096097388,67.44735574925872,0.4101923608552127,0.4494994033945876
2012-03-29,61.43000030517578,61.84000015258789,61.04999923706055,61.77999877929688,39.11993408203125,4231900,0.0009720926345937464,62.00499992370605,61.4644998550415,60.951199798583986,0.006849446519969738,65.67905048691657,0.3828892340499408,0.4361773695256582
2012-03-30,62.0,62.40999984741211,61.95000076293945,62.29999923706055,39.449195861816406,5252900,0.008416970994468809,62.01499977111816,61.55749988555908,61.02259979248047,0.007030012330246863,66.50605067584647,0.3986160033084474,0.42866509628221605
2012-04-02,62.25,62.77000045776367,62.130001068115234,62.70000076293945,39.70249938964844,5360000,0.006420570317454466,62.02799987792969,61.645999908447266,61.096399841308596,0.00695682113940123,59.82661827354755,0.4383038672898323,0.43059285048373935
2012-04-03,62.59999847412109,62.75,62.16999816894531,62.40999984741211,39.51886749267578,4991500,-0.004625213907473502,62.02700004577637,61.760999870300296,61.16079986572266,0.0061993405881147975,57.50003178922473,0.44126945558314645,0.4327281715036208
2012-04-04,62.0,62.02999877929688,61.52000045776367,61.77999877929688,39.11993408203125,5838800,-0.010094553271199014,61.977000045776364,61.831499862670896,61.20599983215332,0.006718867950820754,49.40330413280634,0.3883077149879952,0.4238440802004957
2012-04-05,61.61000061035156,61.81999969482422,61.33000183105469,61.5099983215332,38.94895553588867,5302600,-0.0043703538863480995,61.97399978637695,61.895499801635744,61.230599822998045,0.006790313398048938,41.5647547772364,0.32084981658059064,0.4032452274765147
2012-04-09,60.70000076293945,61.16999816894531,60.54999923706055,60.91999816894531,38.57535934448242,3511800,-0.009591939012967732,61.88699951171875,61.915999794006346,61.236399765014646,0.0071336775461954055,30.85844013311619,0.21727623937027118,0.366051429855266
2012-04-10,60.83000183105469,61.09000015258789,59.63999938964844,59.7400016784668,37.82818984985352,9535200,-0.019369608108097958,61.67199974060058,61.8564998626709,61.215599822998044,0.008202466464819258,24.90636476700668,0.03952199314885263,0.3007455425139834
2012-04-11,60.25,60.5,60.0,60.45000076293945,38.27776336669922,5351500,0.011884818622771798,61.530999755859376,61.77799987792969,61.21959983825683,0.007561298928468025,34.517762893338684,-0.04355644365528377,0.23188514528012996
2012-04-12,60.59000015258789,61.34000015258789,60.34000015258789,61.310001373291016,38.82232666015625,6803200,0.014226643498717939,61.489999771118164,61.75,61.234599838256834,0.008305769370808798,48.09287119154667,-0.03954597999907605,0.17759892022428878
2012-04-13,61.209999084472656,61.36000061035156,60.83000183105469,60.9900016784668,38.61970138549805,5199100,-0.005219371842382969,61.41100006103515,61.7079999923706,61.234199905395506,0.008374937834327852,43.44262346341046,-0.06148025358774589,0.12978308546188183
2012-04-16,61.33000183105469,62.060001373291016,61.16999816894531,61.70000076293945,39.06929016113281,7840500,0.011641237332894239,61.351000213623045,61.682999992370604,61.245399932861325,0.008700025286973594,48.584211917668426,-0.021326492497429683,0.09956116987001953
2012-04-17,62.13999938964844,62.4900016784668,61.59000015258789,62.22999954223633,39.40488052368164,7614800,0.008589931486925106,61.30400009155274,61.66599998474121,61.24959991455078,0.008820170040755866,52.56587499742071,0.05265514878502131,0.09017996565301989
2012-04-18,62.0,62.22999954223633,61.86000061035156,61.900001525878906,39.195926666259766,3587900,-0.005302876728023209,61.253000259399414,61.64000015258789,61.253199920654296,0.008881369786240306,51.216219281351684,0.08369328639049911,0.08888262980051574
2012-04-19,61.93999862670898,62.22999954223633,61.56999969482422,61.869998931884766,39.17692184448242,5951100,-0.0004846945598474539,61.262000274658206,61.619500160217285,61.257199935913086,0.008870662372647458,50.61058457009076,0.10466377660164028,0.09203885916074064
2012-04-20,62.18000030517578,62.790000915527344,62.02000045776367,62.52000045776367,39.5885124206543,6339100,0.010505924310658443,61.36300048828125,61.668500137329104,61.27339996337891,0.00874290680607019,51.46667480468751,0.17175287183316357,0.10798166169522522
2012-04-23,62.06999969482422,62.09000015258789,61.4900016784668,61.93999862670898,39.22124481201172,5196400,-0.009277060569545692,61.465000534057616,61.67600002288818,61.28699996948242,0.00898843435299336,45.05206962219593,0.17609030326281072,0.12160339000874232
2012-04-24,61.869998931884766,62.7599983215332,61.869998931884766,62.72999954223633,39.72148513793945,6723600,0.012754293397525096,61.76400032043457,61.71800003051758,61.32659996032715,0.009418190253905894,51.955988281698126,0.24050186470118007,0.14538308494722987
2012-04-25,63.08000183105469,63.470001220703125,63.02999877929688,63.41999816894531,40.15840911865234,6836800,0.010999499948097569,62.06100006103516,61.795999908447264,61.36619995117187,0.009687343596947227,59.95145518701736,0.343268626765564,0.1849601933108967
2012-04-26,63.2400016784668,63.7599983215332,63.150001525878906,63.68999862670898,40.329376220703125,5822400,0.004257339412789163,62.29899978637695,61.89449977874756,61.42339988708496,0.009671155143369317,63.22816062101801,0.4414105010619309,0.23625025486110354
2012-04-27,63.90999984741211,64.12000274658203,63.470001220703125,64.0,40.52566909790039,5728200,0.004867347777913533,62.599999618530276,62.005499839782715,61.49279991149902,0.009696679497670885,69.34674739512693,0.5380014180972665,0.2966004875083361
2012-04-30,63.88999938964844,64.05999755859375,63.470001220703125,63.90999984741211,40.46868133544922,5658600,-0.001406252384185791,62.82099952697754,62.08599987030029,61.550399932861325,0.009592711307544268,80.34931951824885,0.6003674928547298,0.35735388857761485
2012-05-01,63.84999847412109,64.87000274658203,63.810001373291016,64.47000122070312,40.82328796386719,7777000,0.008762343524143956,63.04499969482422,62.174499893188475,61.617199935913085,0.009672204419423793,79.91069527914532,0.6870604815699153,0.42329520717607494
2012-05-02,64.1500015258789,64.5199966430664,63.83000183105469,64.37000274658203,40.75997161865234,5012900,-0.0015510853455510398,63.29199981689453,62.27250003814697,61.697200012207034,0.009594907201128287,75.67113997307945,0.7391755034930085,0.4864712664394617
2012-05-03,64.52999877929688,64.77999877929688,64.1500015258789,64.1500015258789,40.620643615722656,5842200,-0.0034177600018016063,63.52000007629395,62.39100017547607,61.782600021362306,0.009277840395011014,76.96243567585506,0.7540327537357214,0.5399835638987137
2012-05-04,64.0,64.0199966430664,63.47999954223633,63.65999984741211,40.31037902832031,4720700,-0.007638373605792115,63.63400001525879,62.49850025177002,61.84419998168946,0.009422202870138991,67.37585678399773,0.7179916306722802,0.5755851772534271
2012-05-07,63.52000045776367,64.19999694824219,63.380001068115234,64.0199966430664,40.5383186340332,5858900,0.005654992091064681,63.84199981689453,62.653500175476076,61.90959991455078,0.009065303852665515,66.36193284325789,0.710289735838046,0.6025260889703509
2012-05-08,63.65999984741211,64.0199966430664,63.34000015258789,63.959999084472656,40.50034713745117,4987900,-0.0009371690368598085,63.964999771118165,62.86450004577637,61.97519989013672,0.007529177692880111,69.80765139566441,0.6913748877941899,0.6202958487351187
2012-05-09,63.38999938964844,64.18000030517578,63.2400016784668,63.810001373291016,40.405364990234375,7069200,-0.0023451800082663343,64.00400009155274,63.03250007629394,62.04699989318848,0.007360158261198006,68.23310669823587,0.6567110169214772,0.6275788823723905
2012-05-10,64.22000122070312,64.2300033569336,63.459999084472656,63.75,40.36737060546875,8529100,-0.000940312991689285,64.01000022888184,63.154500007629395,62.119199905395504,0.0068793518069773085,63.002110584293895,0.6172823929618474,0.6255195844902819
2012-05-11,63.47999954223633,64.20999908447266,63.33000183105469,64.0199966430664,40.5383186340332,5601700,0.004235241459865202,64.01199989318847,63.305999755859375,62.19039985656738,0.0066808929768167845,73.52941937989519,0.6008946574778378,0.6205945990877931
2012-05-14,63.40999984741211,63.7599983215332,63.16999816894531,63.2400016784668,40.04443359375,7658300,-0.012183614581368185,63.945000076293944,63.38299980163574,62.24639991760254,0.007068302998959257,55.782352350932314,0.5189856406778333,0.6002728074058011
2012-05-15,63.29999923706055,63.29999923706055,62.7400016784668,62.93000030517578,39.84812927246094,6046400,-0.004901982369753366,63.79099998474121,63.417999839782716,62.28639991760254,0.0069748429500749495,43.9206086869272,0.424168089011566,0.5650518637269542
2012-05-16,63.16999816894531,63.20000076293945,62.150001525878906,62.15999984741211,39.36055374145508,6404100,-0.012235824789918914,63.56999969482422,63.430999755859375,62.32739990234375,0.007439542932323226,33.11256326262526,0.28362247111511607,0.5087659852045865
2012-05-17,62.09999847412109,62.2400016784668,60.43999862670898,60.43999862670898,38.27141952514648,14643400,-0.027670547376533516,63.19899940490723,63.35949974060058,62.328799896240234,0.009714030298637176,20.033613056816577,0.033068143520615934,0.4136264168677924
2012-05-18,60.63999938964844,60.91999816894531,59.650001525878906,59.81999969482422,37.87883377075195,11240700,-0.010258089774521806,62.814999389648435,63.22449970245361,62.32059989929199,0.00951322926910365,18.39253002088948,-0.21307055378805728,0.2882870227366225
2012-05-21,59.869998931884766,61.20000076293945,59.86000061035156,61.04999923706055,38.65768051147461,9739600,0.02056167750771065,62.51799964904785,63.17999973297119,62.33139991760254,0.010614611877780676,26.050365842907937,-0.3053664864436527,0.16955632090056746
2012-05-22,61.150001525878906,61.58000183105469,60.93000030517578,61.18000030517578,38.74000549316406,6858000,0.002129419651758502,62.239999771118164,63.10249977111816,62.33639991760254,0.01016370573933294,27.754486398484758,-0.36382769905701906,0.06287951690905018
2012-05-23,60.93000030517578,61.5,60.27999877929688,61.43999862670898,38.90462112426758,6889400,0.004249727365745137,62.002999496459964,63.003499794006345,62.324799880981445,0.009844311094832634,31.20660509879336,-0.3847438519616233,-0.026645156865084528
2012-05-24,61.58000183105469,61.959999084472656,60.97999954223633,61.630001068115234,39.02495956420898,5218200,0.0030924877222191505,61.79099960327149,62.90049991607666,62.31999992370606,0.00981160812891791,35.31112745195462,-0.38158971601160374,-0.09763406869438838
2012-05-25,61.66999816894531,61.86000061035156,61.22999954223633,61.45000076293945,38.91097259521485,4495800,-0.0029206604260292313,61.53400001525879,62.772999954223636,62.31239990234375,0.009695420908038405,30.90639696592332,-0.38912892482819217,-0.15593303992114915
2012-05-29,61.91999816894531,62.29999923706055,61.630001068115234,62.290000915527344,39.44287490844727,5856900,0.013669652435456037,61.43899993896484,62.692000007629396,62.314199905395505,0.010309482599807239,38.88149540305785,-0.32359263551989415,-0.18946495904089816
2012-05-30,61.77999877929688,61.869998931884766,60.83000183105469,60.84000015258789,38.52472305297852,11691800,-0.023278226707779792,61.22999992370605,62.51049995422363,62.27959991455078,0.011131336262264943,33.14414277103842,-0.38422845107671577,-0.2284176574480617
2012-05-31,60.90999984741211,61.68000030517578,60.310001373291016,61.220001220703125,38.76533126831055,7653300,0.006245908401745215,61.136000061035155,62.35299987792969,62.25559997558594,0.011313684988695468,36.144580830242155,-0.3970429968504803,-0.26214272532854543
2012-06-01,60.2599983215332,60.52000045776367,59.59000015258789,59.66999816894531,37.78384780883789,9818600,-0.02531857270257032,61.05900001525879,62.12899971008301,62.20339996337891,0.0124187603605312,29.10664292100904,-0.526205143715444,-0.31495520900592516
2012-06-04,59.68999862670898,59.84000015258789,58.880001068115234,59.25,37.51789474487305,8006900,-0.00703868245070427,61.00200004577637,61.9084997177124,62.15759994506836,0.012409063044802734,30.149258943371336,-0.6549080455486944,-0.382945776314479
2012-06-05,59.04999923706055,60.560001373291016,59.040000915527344,60.41999816894531,38.258766174316406,9489500,0.019746804539161333,60.93899993896484,61.728499794006346,62.130199890136716,0.013323209963607453,38.49678600499582,-0.6549471255814083,-0.4373460461678649
2012-06-06,60.790000915527344,61.72999954223633,60.65999984741211,61.709999084472656,39.07559967041016,9097400,0.021350561976520854,60.991999816894534,61.61599979400635,62.126599884033205,0.014378000745105604,48.03149343508525,-0.5446079029942439,-0.4587984175331407
2012-06-07,62.34999847412109,62.459999084472656,61.2599983215332,61.40999984741211,38.88564682006836,8512900,-0.004861436420536824,60.988999938964845,61.4959997177124,62.11759986877441,0.014395029851390309,54.84515990856927,-0.4758849993311287,-0.46221573389273835
2012-06-08,61.34000015258789,62.18000030517578,61.209999084472656,62.18000030517578,39.37322235107422,6424900,0.012538681968359056,61.0439998626709,61.417499732971194,62.12679985046387,0.014749371843401148,61.614172045788365,-0.35519453972411696,-0.44081149505901407
2012-06-11,62.709999084472656,62.79999923706055,60.880001068115234,60.959999084472656,38.60069274902344,10317900,-0.019620476273969567,60.994999694824216,61.26449985504151,62.11039985656738,0.015247781876404026,49.55664972791639,-0.35391072100292575,-0.42343134024779644
2012-06-12,61.16999816894531,61.650001525878906,60.68999862670898,61.52999877929688,38.96163177490234,9346100,0.009350388835051904,60.91899948120117,61.178999710083005,62.09499984741211,0.015276015778208288,51.65249453731237,-0.3034016483892046,-0.3994254018760781
2012-06-13,61.33000183105469,61.970001220703125,60.9900016784668,61.2400016784668,38.77800369262695,6322900,-0.00471310103337208,60.95899963378906,61.09449977874756,62.06579986572265,0.01527370290548954,49.0583950258085,-0.28350511636900677,-0.37624134477466387
2012-06-14,61.400001525878906,62.31999969482422,61.22999954223633,62.06999969482422,39.30356216430664,8259900,0.01355320041817154,61.04399948120117,61.089999771118165,62.0589998626709,0.01538552964861765,51.95381302085786,-0.19847516984753355,-0.3406881097892378
2012-06-15,62.34999847412109,62.540000915527344,61.959999084472656,62.459999084472656,39.55053329467773,6536800,0.006283218810470892,61.32299957275391,61.190999794006345,62.07259986877441,0.013975555280128513,54.40278356560199,-0.09848337815819974,-0.2922471634630302
2012-06-18,62.09999847412109,63.220001220703125,62.09999847412109,62.95000076293945,39.86079025268555,7202500,0.007845047800979055,61.69299964904785,61.34749984741211,62.10139991760254,0.013741994701790763,52.96762549823484,0.020068539859650514,-0.22978402279849408
2012-06-19,62.72999954223633,63.06999969482422,62.2400016784668,62.68999862670898,40.04668426513672,7039700,-0.004130295998082789,61.91999969482422,61.429499816894534,62.13679992675781,0.013143606985026719,59.31519847565772,0.09198148425002017,-0.16543092138879123
2012-06-20,62.75,62.88999938964844,62.2599983215332,62.61000061035156,39.99558639526367,8410800,-0.0012760889792607921,62.00999984741211,61.50099983215332,62.19419990539551,0.013155831902022692,57.21702900359127,0.140893704513104,-0.10416599620841217
2012-06-21,62.68999862670898,62.810001373291016,61.54999923706055,61.630001068115234,39.36955642700195,8898000,-0.01565244422109624,62.03199996948242,61.51049995422363,62.21779991149902,0.013659140624034635,60.81680051098451,0.09943301668313609,-0.06344619363010252
2012-06-22,61.93000030517578,62.04999923706055,61.290000915527344,61.68000030517578,39.401485443115234,6191400,0.0008112808079507872,61.98199996948242,61.51299991607666,62.22519989013672,0.013643612073939649,63.981598135230854,0.06980497513817596,-0.036795959876446835
2012-06-25,61.0,61.4900016784668,60.91999816894531,61.34000015258789,39.184303283691406,7217500,-0.005512324106771493,62.02000007629395,61.507499885559085,62.23219985961914,0.013686344259929723,55.85243230729582,0.018674104488958676,-0.025701947003365734
2012-06-26,61.52000045776367,61.86000061035156,61.150001525878906,61.61000061035156,39.35678863525391,6527600,0.004401702919661243,62.02800025939941,61.473499870300294,62.23039985656738,0.013351953954635069,49.26901661067313,-6.0006705091097956e-05,-0.020573558943710806
2012-06-27,61.75,62.04999923706055,61.5,62.0,39.60590744018555,7841300,0.006330131241435444,62.104000091552734,61.5314998626709,62.22579986572266,0.012288295904738589,54.25685751355373,0.016374017108624628,-0.013184043733243719
2012-06-28,61.70000076293945,62.59000015258789,61.38999938964844,62.52000045776367,39.93808364868164,7067700,0.008387104157478564,62.14900016784668,61.596499824523924,62.23819984436035,0.01234544709482939,52.54491265880541,0.07054459630440846,0.0035616842742867173
2012-06-29,63.52000045776367,64.02999877929688,63.34999847412109,63.93999862670898,40.84519577026367,10343000,0.022712702471981094,62.297000122070315,61.80999984741211,62.279599838256836,0.011578857591560063,71.65699407113412,0.2254582134670713,0.04794099011284363
2012-07-02,64.27999877929688,64.66000366210938,63.900001525878906,64.62000274658203,41.27959060668945,6104100,0.01063503494648188,62.46400032043457,62.078499984741214,62.321599884033205,0.01140328104317595,72.10303942509923,0.39850529957050895,0.11805385200437671
2012-07-03,64.83999633789062,65.19000244140625,64.58999633789062,64.9800033569336,41.50953674316406,4649400,0.005571039849121773,62.69300079345703,62.30650024414062,62.38239997863769,0.010825689699116377,76.48725885957865,0.5582601274052834,0.20609510708455805
2012-07-05,64.91999816894531,65.08999633789062,64.5,64.68000030517578,41.317901611328125,4715600,-0.004616851896881324,62.900000762939456,62.45500030517578,62.421399993896486,0.010132382047136144,69.98467112434733,0.6531303601566378,0.29550215769897403
2012-07-06,64.22000122070312,64.87999725341797,64.05000305175781,64.7699966430664,41.375396728515625,3931500,0.001391409051731518,63.21400032043457,62.623000144958496,62.448399963378904,0.009991968389316168,68.53929625914945,0.7271950041080117,0.3818407269807816
2012-07-09,64.81999969482422,64.94999694824219,64.5,64.9000015258789,41.45844268798828,5400600,0.0020071775443950557,63.536000442504886,62.75900020599365,62.472600021362304,0.00972080965005651,66.60986868228026,0.7873064963842182,0.46293388086146897
2012-07-10,65.0999984741211,65.18000030517578,63.79999923706055,64.12999725341797,40.966556549072266,10502100,-0.011864472332160036,63.81500015258789,62.91750011444092,62.475199966430665,0.008927323194068925,61.28524031065233,0.7640053988386697,0.5231481844569091
2012-07-11,64.12999725341797,64.4000015258789,63.77999877929688,64.2300033569336,41.03044891357422,8812100,0.0015594278465418387,64.07700042724609,63.052500343322755,62.481600036621096,0.008784993863905001,62.65623826536633,0.7450206338188892,0.5675226743293051
2012-07-12,63.790000915527344,64.77999877929688,63.66999816894531,64.51000213623047,41.209320068359375,11274800,0.004359314411691573,64.32800064086913,63.216000366210935,62.48240005493164,0.008643080166684063,75.26309625391089,0.7439923514958053,0.6028166097626052
2012-07-13,64.58999633789062,65.31999969482422,64.55000305175781,65.20999908447266,41.65647506713867,5033100,0.010850983181863061,64.59700050354004,63.37300033569336,62.49919998168945,0.008483140546416553,77.79520586705178,0.7905483842762777,0.6403629646653397
2012-07-16,65.11000061035156,65.56999969482422,65.0999984741211,65.45999908447266,41.816184997558594,5701500,0.003833767880845329,64.7490005493164,63.52300033569336,62.525399932861326,0.00844330567139545,82.90726832315168,0.8379578300812085,0.6798819377485135
2012-07-17,65.62999725341797,66.20999908447266,65.18000030517578,66.01000213623047,42.16752243041992,7504000,0.008402124342349326,64.88800048828125,63.67600040435791,62.5723999786377,0.008463171262399436,83.63907220259142,0.9094274931161124,0.7257910488220333
2012-07-18,65.79000091552734,65.9000015258789,65.2699966430664,65.5,41.84174346923828,6567000,-0.007726134217931557,64.94000015258788,63.81650047302246,62.602000045776364,0.00864565479866402,76.27620162622489,0.9143744661864162,0.7635077322949099
2012-07-19,65.66999816894531,65.68000030517578,64.51000213623047,64.94999694824219,41.49038314819336,7554200,-0.008396993156607802,64.96699981689453,63.93350028991699,62.62180000305176,0.008939292416807361,68.16135034146848,0.8639551906319127,0.7835972239623105
2012-07-20,64.56999969482422,64.88999938964844,64.38999938964844,64.7300033569336,41.34984970092773,6163700,-0.003387122427178868,64.96300048828125,64.08850040435792,62.64020004272461,0.008050120636853585,57.194920701096166,0.7970579197012668,0.7862893631101018
2012-07-23,63.9900016784668,64.4800033569336,63.84999847412109,64.33999633789062,41.100711822509766,5483500,-0.006025135158612582,64.90699996948243,64.22150020599365,62.651999969482425,0.00826725418574105,47.307640956194234,0.7044505757755104,0.7699216056431836
2012-07-24,64.41999816894531,64.55000305175781,63.68999862670898,64.08000183105469,40.93464279174805,6932100,-0.004040946870287998,64.9020004272461,64.35850028991699,62.65320007324219,0.008201808292980067,41.1764793879746,0.6031267351085887,0.7365626315362647
2012-07-25,64.33999633789062,64.44000244140625,63.72999954223633,64.06999969482422,40.92824935913086,3505700,-0.00015608826380564267,64.88600006103516,64.48150024414062,62.66980003356934,0.008201295304521902,43.65905421138283,0.5160708293014977,0.6924642710893113
2012-07-26,64.70999908447266,65.12999725341797,64.27999877929688,64.58999633789062,41.26041412353516,5363200,0.00811607063435682,64.89399948120118,64.61100006103516,62.702999954223635,0.008260532174043081,48.28244413739282,0.4834646999331227,0.6506643568580736
2012-07-27,64.80000305175781,65.73999786376953,64.80000305175781,65.31999969482422,41.726749420166016,5330500,0.011302111756048339,64.90499954223633,64.75100002288818,62.76619995117188,0.008402163709383407,53.59586759368852,0.51064290397332,0.6226600662811229
2012-07-30,65.30000305175781,65.76000213623047,65.2300033569336,65.5,41.84174346923828,4587500,0.00275566910619629,64.90899963378907,64.82900009155273,62.86739997863769,0.0068901415631440095,63.04762624449776,0.5404760750276836,0.6062232680304351
2012-07-31,65.54000091552734,65.6500015258789,65.22000122070312,65.43000030517578,41.7970085144043,6167500,-0.001068697630904114,64.85099945068359,64.86949996948242,62.979599990844726,0.006537151986985946,61.49422095422949,0.5521063493432337,0.5953998842929948
2012-08-01,65.72000122070312,66.0999984741211,65.20999908447266,65.23999786376953,41.67564392089844,5236200,-0.0029039040275110617,64.82499923706055,64.88249969482422,63.063399963378906,0.006475305815131563,57.11496133254016,0.5397696874629787,0.5842738449269916
2012-08-02,64.94999694824219,65.31999969482422,64.70999908447266,65.30999755859375,41.72037124633789,5980800,0.0010729567307832255,64.8609992980957,64.91399955749512,63.145999908447266,0.006375861313832001,51.11109227313187,0.5295370113608726,0.5733264782137678
2012-08-03,65.86000061035156,66.08999633789062,65.68000030517578,65.79000091552734,42.02698516845703,5105400,0.007349615294395706,64.96699905395508,64.96499977111816,63.23299995422363,0.0065561525163223755,53.48838334634468,0.5537762136987965,0.5694164253107736
2012-08-06,65.95999908447266,66.12999725341797,65.56999969482422,65.5999984741211,41.90560150146485,4039300,-0.0028880139650736547,65.09299926757812,64.99999961853027,63.31239990234375,0.006600020139083003,45.3088937229611,0.5512993117864511,0.5657930026059091
2012-08-07,65.73999786376953,65.75,64.83000183105469,64.91999816894531,41.47121047973633,5956000,-0.010365858551719898,65.17699890136718,65.03949966430665,63.381799850463864,0.0064585640551171825,43.61232665846592,0.4888310672908176,0.5504006155428909
2012-08-08,64.66999816894531,64.7699966430664,64.29000091552734,64.52999877929688,41.22208404541016,5617900,-0.00600738448318372,65.22299880981446,65.0544994354248,63.42659980773926,0.00662097463052148,45.20550569939522,0.40320692365658317,0.5209618771656294
2012-08-09,64.47000122070312,64.75,64.26000213623047,64.33999633789062,41.100711822509766,4924800,-0.0029444048504647657,65.19799880981445,65.0459991455078,63.496599731445315,0.006583932157361718,45.51717485289346,0.3163706400286088,0.48004362973822523
2012-08-10,64.33999633789062,64.5199966430664,64.19999694824219,64.4800033569336,41.19015884399414,2794500,0.002176049533912039,65.11399917602539,65.00949935913086,63.56179977416992,0.0060910265354068545,51.70739695234623,0.25589980235167786,0.43521486426091577
2012-08-13,64.45999908447266,64.61000061035156,64.16999816894531,64.45999908447266,41.1773681640625,3482100,-0.00031023994136913924,65.00999908447265,64.95949935913086,63.65759979248047,0.006004092394794757,54.92221425027819,0.20401034594294742,0.3889739605973221
2012-08-14,64.69000244140625,64.73999786376953,64.33000183105469,64.43000030517578,41.15820693969727,3634100,-0.0004653859715009201,64.90999908447266,64.88049926757813,63.76119979858399,0.005606764207399799,54.63915904058895,0.15863824418656236,0.3429068173151702
2012-08-15,64.41000366210938,64.80999755859375,64.3499984741211,64.61000061035156,41.273193359375,2981300,0.0027937343523700697,64.84699935913086,64.8359992980957,63.84499984741211,0.005453225768049591,50.28254432131173,0.13564145667993444,0.30145374518812307
2012-08-16,64.68000030517578,65.0999984741211,64.37999725341797,65.08000183105469,41.57343292236328,7335500,0.007274434549809028,64.82399978637696,64.84249954223633,63.91239990234375,0.005410196201558549,46.341520146818354,0.15357123385554416,0.2718772429216073
2012-08-17,65.08000183105469,65.19000244140625,64.87000274658203,65.05000305175781,41.55426788330078,6843700,-0.0004609523425452844,64.75,64.85849952697754,63.98519996643066,0.005349764222678037,42.81159660506316,0.1634756155295065,0.2501969174431872
2012-08-20,65.08999633789062,65.18000030517578,64.58999633789062,65.0,41.52232360839844,5358700,-0.0007686863860409954,64.69000015258788,64.89149971008301,64.04159996032715,0.005150122218895843,43.08686404816051,0.16538364131014305,0.23323426221657836
2012-08-21,65.12000274658203,65.27999877929688,64.88999938964844,65.0,41.52232360839844,3672300,0.0,64.69800033569337,64.93749961853027,64.1223999786377,0.005039730789149687,45.89047717338197,0.16499381944244362,0.21958617366175143
2012-08-22,64.87999725341797,65.0,64.33000183105469,64.94000244140625,41.48398971557617,4938100,-0.0009230393629807709,64.7390007019043,64.98099975585937,64.19060005187988,0.005049696328978322,43.64273691606672,0.15802200197232708,0.20727333932386657
2012-08-23,64.9000015258789,65.02999877929688,64.58999633789062,64.7699966430664,41.375396728515625,4522700,-0.002617890236349063,64.78200073242188,64.98999977111816,64.26119995117188,0.004781836137105327,30.384694386572377,0.13719721517550454,0.19325811449419417
2012-08-24,64.6500015258789,65.1500015258789,64.52999877929688,65.0199966430664,41.53510284423828,4141300,0.0038598118412402904,64.83600006103515,64.97499961853028,64.32019989013672,0.0041108135985753,39.09778749132378,0.13926101793951773,0.18245869518325888
2012-08-27,65.19000244140625,65.30999755859375,64.87000274658203,65.16000366210938,41.62455368041992,2892800,0.0021532916990376627,64.90600051879883,64.95799980163574,64.37419998168946,0.004090001950357602,55.66043846895738,0.1504595883712767,0.17605887382086247
2012-08-28,65.1500015258789,65.45999908447266,64.87999725341797,65.41999816894531,41.790618896484375,4204600,0.0039900934963748025,65.00500030517578,64.95749969482422,64.42359992980957,0.004192005584930472,72.36156052078701,0.17825906047001183,0.17649891115069236
2012-08-29,65.48999786376953,65.58000183105469,65.26000213623047,65.44000244140625,41.80341339111328,3326800,0.0003057822228804685,65.08800048828125,64.96749992370606,64.47860000610352,0.0041360194376953395,80.21957292688448,0.19960361378674918,0.18111985167790373
2012-08-30,65.19000244140625,65.41000366210938,65.05999755859375,65.37000274658203,41.75868606567383,4427700,-0.0010696774482380489,65.11700057983398,64.97050018310547,64.53380004882813,0.004138908293512689,75.42833227249344,0.2084678481225808,0.18658945096683915
2012-08-31,65.58999633789062,65.6500015258789,65.0,65.62999725341797,41.924781799316406,4483800,0.0039772754461071536,65.175,64.9625,64.61379997253418,0.003887080901449475,79.39685777160953,0.23377736163048723,0.1960270330995688
2012-09-04,65.51000213623047,66.0199966430664,65.08000183105469,65.95999908447266,42.13557052612305,10329200,0.005028216438596633,65.27099990844727,64.98050003051758,64.69939994812012,0.00399144623342602,83.40596223297219,0.2772675554700186,0.21227513757365873
2012-09-05,65.98999786376953,66.05000305175781,65.56999969482422,65.91999816894531,42.11003494262695,7340300,-0.0006064420267216653,65.3629997253418,65.03050003051757,64.79099990844726,0.0031234749357691893,80.46492977438379,0.30499036871569274,0.23081818380206554
2012-09-06,66.2300033569336,66.44999694824219,66.13999938964844,66.44000244140625,42.44220352172852,6484900,0.00788841454649658,65.5129997253418,65.12600021362304,64.88759994506836,0.00308196331605998,80.90893327784714,0.36471667013051956,0.25759788106775633
2012-09-07,66.5199966430664,66.68000030517578,66.33000183105469,66.55999755859375,42.518856048583984,5809300,0.0018060673205622102,65.69199981689454,65.2370002746582,64.97879989624023,0.0029021399003563105,82.9691893548688,0.4169267256570208,0.28946364998560925
2012-09-10,66.5,66.5,66.01000213623047,66.12999725341797,42.24419021606445,5922100,-0.006460341360398081,65.8029998779297,65.31949996948242,65.05099983215332,0.0034235080464829664,71.16095130056605,0.4187787194525754,0.3153266638790025
2012-09-11,66.12000274658203,66.41999816894531,66.0,66.38999938964844,42.41026306152344,5950900,0.003931682247529933,65.92599945068359,65.4159999847412,65.0999998474121,0.0034517561174184077,73.72006186823316,0.43619821583553176,0.33950097427030834
2012-09-12,66.5,66.63999938964844,66.23999786376953,66.63999938964844,42.56996154785156,6643000,0.003765627388136128,66.04799957275391,65.52649993896485,65.14039978027344,0.003455787530169112,77.24345023548341,0.46481806951636884,0.36456439331952045
2012-09-13,66.69000244140625,67.55000305175781,66.54000091552734,67.44999694824219,43.08740234375,9459100,0.012154825420355175,66.2489990234375,65.66849975585937,65.18979965209961,0.004172318716009491,85.63828168276753,0.5465591496439828,0.40096334458441296
2012-09-14,67.55000305175781,68.26000213623047,67.55000305175781,67.80000305175781,43.31098937988281,8619400,0.005189119634567252,66.49199905395508,65.80449981689453,65.25219970703125,0.00406242904880671,86.01036883893117,0.6322934269515343,0.4472293610578373
2012-09-17,67.79000091552734,68.02999877929688,67.38999938964844,67.4800033569336,43.10657501220703,4141900,-0.004719759298239756,66.67699966430663,65.92599983215332,65.30639984130859,0.004305700812118459,78.71286100341624,0.6667314927540673,0.49112978739708335
2012-09-18,67.30000305175781,67.36000061035156,66.70999908447266,66.9000015258789,42.73606491088867,8756800,-0.00859516600772503,66.77099990844727,66.02099990844727,65.3463998413086,0.004873844906167595,66.9724834857168,0.6398468513157525,0.5208732001808172
2012-09-19,66.91999816894531,67.0199966430664,66.56999969482422,66.58999633789062,42.53803634643555,6769100,-0.004633859206540691,66.8379997253418,66.10049972534179,65.39559982299805,0.005053383211825323,62.365501422510114,0.5867619252061615,0.5340509451858861
2012-09-20,66.25,66.26000213623047,65.55999755859375,65.80999755859375,42.03975677490234,14539200,-0.011713452803616464,66.77499923706054,66.14399948120118,65.42719970703125,0.005813246310945115,54.104422906937195,0.47626230070109443,0.5224932162889279
2012-09-21,66.0199966430664,66.02999877929688,65.75,65.79000091552734,42.02698516845703,11144100,-0.00030385418337997017,66.6979995727539,66.19499969482422,65.45279968261718,0.005766962130293597,51.56253259622405,0.38266585640606365,0.494527744312355
2012-09-24,65.47000122070312,66.04000091552734,65.44999694824219,65.72000122070312,41.98227310180664,10626600,-0.0010639868346269399,66.65699996948243,66.22999992370606,65.4629997253418,0.005734352748016301,47.53089036139094,0.2993904231814639,0.4555002800861768
2012-09-25,65.36000061035156,65.38999938964844,64.20999908447266,64.23999786376953,41.36602783203125,8619000,-0.022519831549658642,66.44199981689454,66.18399963378906,65.43859970092774,0.0076915555957174555,36.66668685021587,0.11267133536485119,0.3869344911419117
2012-09-26,64.12999725341797,64.54000091552734,64.05000305175781,64.18000030517578,41.32738494873047,10239100,-0.0009339595359417752,66.19599990844726,66.12199974060059,65.40199966430664,0.007612519709806976,30.65067978642935,-0.03968868210424148,0.3016098564926811
2012-09-27,64.33999633789062,64.81999969482422,64.22000122070312,64.52999877929688,41.552764892578125,6640100,0.005453388477046683,65.90400009155273,66.07649955749511,65.38259963989258,0.007742366476683884,33.27844868327115,-0.1306866672899787,0.21515055173614916
2012-09-28,64.27999877929688,64.62999725341797,63.9900016784668,64.37999725341797,41.45616912841797,9810800,-0.002324523922461852,65.56199951171875,66.02699928283691,65.3711996459961,0.0077508447188579035,34.88775978115925,-0.2124580119666888,0.12962883899558159
2012-10-01,64.5,64.61000061035156,63.400001525878906,63.91999816894531,41.15995788574219,9355000,-0.007145062194736762,65.20599899291992,65.94149932861328,65.35499954223633,0.0077939110614006985,29.38231255779357,-0.31079779003924557,0.041543513188616155
2012-10-02,64.04000091552734,64.45999908447266,63.93999862670898,64.45999908447266,41.5076904296875,9009600,0.008448074640116321,64.9619987487793,65.86649932861329,65.35739959716797,0.0079752327177401,32.64332738451745,-0.34122577344388105,-0.035010344137883294
2012-10-03,64.45999908447266,65.08999633789062,64.37000274658203,64.6500015258789,41.63004302978516,8690000,0.002947602297624252,64.76799926757812,65.80299949645996,65.36879959106446,0.008026687257684705,25.26510745158511,-0.34601985886590114,-0.09721224708348687
2012-10-04,64.83999633789062,65.0,64.26000213623047,64.41000366210938,41.475494384765625,8887000,-0.0037122638531332797,64.62799987792968,65.70149955749511,65.37559967041015,0.007770079518461248,19.459481751323125,-0.3649777911768268,-0.15076535590215487
2012-10-05,64.68000030517578,64.94000244140625,64.4000015258789,64.69000244140625,41.65580368041992,7700000,0.004347131864263387,64.51800003051758,65.60799980163574,65.37759979248047,0.007847741146561562,24.68239715206306,-0.3533354960215149,-0.1912793839260269
2012-10-08,64.36000061035156,64.4800033569336,64.19999694824219,64.41999816894531,41.481929779052734,4928500,-0.004173817626695775,64.3879997253418,65.5224998474121,65.3595997619629,0.007786472450081912,26.153834867769504,-0.361726226725537,-0.2253687524859289
2012-10-09,64.45999908447266,64.72000122070312,64.06999969482422,64.13999938964844,41.3016357421875,6859200,-0.004346457424021621,64.37799987792968,65.40999984741211,65.33239974975587,0.00771453629446492,26.305630406615876,-0.3865140097939417,-0.2575978039475315
2012-10-10,64.11000061035156,64.38999938964844,63.95000076293945,64.22000122070312,41.353145599365234,7026600,0.0012473001530399763,64.38199996948242,65.28899993896485,65.3081997680664,0.00764093509953921,32.21481092078403,-0.3951480070449662,-0.2851078445670185
2012-10-11,64.37999725341797,64.58999633789062,64.16999816894531,64.2300033569336,41.35958862304688,8131800,0.00015574799190831712,64.3520004272461,65.12800025939941,65.28799987792969,0.006923280990805609,32.51126445904937,-0.39661153240507474,-0.30740858213462974
2012-10-12,64.19999694824219,64.5,63.84999847412109,63.95000076293945,41.17928695678711,5995300,-0.004359373802896083,64.30900077819824,64.9355001449585,65.2607999420166,0.006696466547626494,31.04928464362878,-0.41557476880463184,-0.3290418194686302
2012-10-15,63.959999084472656,64.4000015258789,63.47999954223633,64.37999725341797,41.45616912841797,5998000,0.0067239481680774205,64.35500068664551,64.78049983978272,65.23259986877441,0.007013933115354404,51.9336917600494,-0.39139439615864546,-0.3415123348066333
2012-10-16,64.56999969482422,64.77999877929688,64.51000213623047,64.68000030517578,41.64934921264648,6872500,0.0046598798471040315,64.37700080871582,64.66949977874756,65.2141999053955,0.0070165287992821415,56.476670112404854,-0.34405745737944926,-0.3420213593211965
2012-10-17,64.45999908447266,64.8499984741211,64.2699966430664,64.77999877929688,41.71374130249024,9204700,0.0015460493761483285,64.39000053405762,64.57899990081788,65.21139991760253,0.00701485820041426,53.46259597481672,-0.29507214322221387,-0.33263151610139996
2012-10-18,64.69000244140625,65.41999816894531,64.66000366210938,65.38999938964844,42.10654830932617,8149100,0.009416496169285304,64.48800010681153,64.55799999237061,65.22859992980958,0.006963406490202075,62.40786632275093,-0.204669672977289,-0.3070391474765778
2012-10-19,65.41999816894531,65.55999755859375,64.72000122070312,64.77999877929688,41.71374130249024,8886800,-0.009328652944568305,64.49699974060059,64.50749988555908,65.2373999786377,0.007250379927347219,60.1895593220339,-0.18017012619830552,-0.28166534322092335
2012-10-22,64.72000122070312,64.77999877929688,64.1500015258789,64.55000305175781,41.56563949584961,6018800,-0.0035504126562683203,64.51000022888184,64.44899997711181,65.23879997253418,0.007277348242954038,51.15094479523583,-0.17726934130395477,-0.26078614283752966
2012-10-23,64.04000091552734,64.18000030517578,63.45000076293945,63.900001525878906,41.147090911865234,6985600,-0.01006973656310628,64.48600044250489,64.43200016021729,65.2276000213623,0.0056868571119179446,41.41876969543546,-0.22482845672688256,-0.25359460561540026
2012-10-24,64.05000305175781,64.26000213623047,63.68999862670898,63.93999862670898,41.17284393310547,4587900,0.0006259327053985686,64.45800018310545,64.42000007629393,65.21779998779297,0.005687678810506324,44.364450697576885,-0.25633707237120973,-0.2541430989665622
2012-10-25,64.19999694824219,64.44000244140625,63.08000183105469,63.65999984741211,40.99254989624024,7451700,-0.004379086413991651,64.40099983215332,64.3765001296997,65.19879997253418,0.005600122399888154,37.64985486776176,-0.3004381744595719,-0.2634021140651641
2012-10-26,63.630001068115234,63.68000030517578,62.86000061035156,63.290000915527344,40.75428009033203,9137000,-0.005812110159780448,64.3349998474121,64.32200031280517,65.16299995422364,0.0057078276965320945,36.76817164185767,-0.3610821074203443,-0.2829381127362002
2012-10-31,63.54999923706055,64.02999877929688,63.31999969482422,64.0,41.21147537231445,9157200,0.011218187299764537,64.29700012207032,64.32600040435791,65.14199989318848,0.0061031339270020725,48.51064382391994,-0.3478421608941318,-0.2959189223677865
2012-11-01,64.0199966430664,64.37000274658203,63.75,64.06999969482422,41.25656509399414,12937500,0.001093745231628418,64.23600006103516,64.30650043487549,65.12339988708496,0.005785729238867531,48.400834842133165,-0.3279209489472237,-0.3023193276836739
2012-11-02,64.43000030517578,64.91000366210938,64.41000366210938,64.5,41.533447265625,8886300,0.00671141419110266,64.20800018310547,64.29900035858154,65.11339988708497,0.005955223940242089,52.64184945138457,-0.274274152291639,-0.29671029260526693
2012-11-05,64.47000122070312,64.51000213623047,63.619998931884766,64.0199966430664,41.2243537902832,10212600,-0.007441912510598336,64.07099990844726,64.2795000076294,65.09499977111817,0.006130141489110142,50.65909569297902,-0.26740842096597817,-0.2908499182774092
2012-11-06,64.2699966430664,64.29000091552734,63.77000045776367,64.16000366210938,41.31452178955078,5427400,0.0021869263727638533,64.00900039672851,64.25300006866455,65.08279991149902,0.006062877167745219,47.80883063670434,-0.24781324623199907,-0.2822425838683272
2012-11-07,63.709999084472656,64.13999938964844,63.470001220703125,63.84000015258789,41.10845184326172,10656200,-0.004987585586913923,63.93800010681152,64.22400016784668,65.05919998168946,0.00609223983874507,41.66667297403054,-0.2551641642656932,-0.2768268999478004
2012-11-08,63.810001373291016,63.880001068115234,63.13999938964844,63.18999862670898,40.68989181518555,9477400,-0.010181728137927726,63.866999816894534,64.1765001296997,65.01979988098145,0.006420342013381363,35.77819374677125,-0.30986755038198055,-0.28343503003463644
2012-11-09,62.91999816894531,63.45000076293945,62.68999862670898,62.97999954223633,40.5546760559082,9952000,-0.0033232962341589456,63.770999908447266,64.11450004577637,64.97099990844727,0.006427737116375814,26.78230306005966,-0.36594713826142566,-0.2999374516799943
2012-11-12,63.150001525878906,63.18999862670898,62.709999084472656,62.880001068115234,40.490272521972656,5451600,-0.0015877814361372478,63.69300003051758,64.04699993133545,64.91979988098144,0.006423704922110469,29.70089702364207,-0.4136908858089754,-0.32268813850579053
2012-11-13,62.54999923706055,63.04999923706055,62.470001220703125,62.68000030517578,40.36149978637695,6953000,-0.0031806736568404936,63.63199996948242,63.983499908447264,64.86599983215332,0.00639701861698331,29.89248317434685,-0.46233700659143295,-0.35061791212291904
2012-11-14,62.880001068115234,62.880001068115234,61.22999954223633,61.459999084472656,39.57590103149414,15786400,-0.019463963222131397,63.37799987792969,63.8375,64.78259986877441,0.007346222349786232,26.628368730058682,-0.5925033010885841,-0.3989949899160521
2012-11-15,61.400001525878906,61.81999969482422,60.84000015258789,61.18999862670898,39.40205001831055,15085700,-0.004393108717632432,63.089999771118165,63.66299991607666,64.68719985961914,0.00717214401715563,24.770698710985187,-0.7092717643357247,-0.46105034479998663
2012-11-16,61.34000015258789,61.95000076293945,61.040000915527344,61.88999938964844,39.852806091308594,13806600,0.011439790466573285,62.82899971008301,63.51849994659424,64.6065998840332,0.007797622780662882,34.92337156036342,-0.7368336417525825,-0.5162070041905058
2012-11-19,62.5099983215332,62.7599983215332,62.18999862670898,62.470001220703125,40.22627639770508,12087200,0.00937149518136371,62.67400016784668,63.372500038146974,64.52719985961915,0.007794084739781307,43.25660041158462,-0.7037627883425941,-0.5537181610209235
2012-11-20,62.560001373291016,62.86000061035156,62.16999816894531,62.86000061035156,40.4774055480957,12749700,0.006242986746079815,62.5439998626709,63.276500129699706,64.4531999206543,0.007827713652400647,40.104201849857695,-0.6387214243788435,-0.5707188136925075
2012-11-21,62.77999877929688,63.060001373291016,62.470001220703125,62.81999969482422,40.45162963867188,5904800,-0.0006363492704255513,62.44199981689453,63.189999961853026,64.38699996948242,0.007814139571650362,39.09253107337113,-0.5836751703823282,-0.5733100850304718
2012-11-23,63.060001373291016,63.34999847412109,62.84999847412109,63.33000183105469,40.780052185058594,3249100,0.008118467664884221,62.4560001373291,63.161499977111816,64.32580001831055,0.007801634403289337,39.93120437644695,-0.49321226341643154,-0.5572905207076637
2012-11-26,63.119998931884766,63.77000045776367,62.93000030517578,63.41999816894531,40.83800506591797,16980400,0.0014210695608489754,62.5,63.13549995422363,64.26139999389649,0.007809261505633135,44.46497243852864,-0.40953691888587684,-0.5277398003433064
2012-11-27,62.93999862670898,63.59000015258789,62.540000915527344,63.08000183105469,40.61906814575195,22289900,-0.0053610272423045835,62.52000007629395,63.10650005340576,64.17400009155273,0.007838763627063244,40.39144748006112,-0.3664344403659072,-0.4954787283478266
2012-11-28,62.900001525878906,63.09000015258789,62.400001525878906,62.970001220703125,40.54823303222656,12290700,-0.0017438269999765499,62.54900016784668,63.090500068664554,64.07740005493164,0.0077439127860740664,41.959344210509265,-0.33726377864336854,-0.463835738406935
2012-11-29,63.34000015258789,63.43000030517578,62.869998931884766,63.380001068115234,40.81224060058594,15870300,0.006511034452343578,62.74100036621094,63.05950012207031,63.995400009155276,0.00744352990568725,51.837548440031824,-0.2778592691966253,-0.42664044456487304
2012-11-30,63.36000061035156,63.79999923706055,63.36000061035156,63.630001068115234,40.97322845458984,10611900,0.003944461908912178,62.98500061035156,63.03750019073486,63.93,0.007501917913618551,56.23801957869918,-0.20820776727456547,-0.38295390910681154
2012-12-03,63.93000030517578,64.12000274658203,63.59999847412109,63.810001373291016,41.08914566040039,9577100,0.0028288590626155408,63.17700080871582,63.003000259399414,63.87440010070801,0.007359331720116525,58.790171495490846,-0.13690576544384214,-0.33374428037421766
2012-12-04,63.75,64.1500015258789,63.61000061035156,63.72999954223633,41.037628173828125,12665900,-0.0012537506555856393,63.30300064086914,62.98850040435791,63.83280014038086,0.0071805474354272635,60.154727603419175,-0.08586410648175047,-0.28416824559572423
2012-12-05,63.91999816894531,63.970001220703125,63.2400016784668,63.560001373291016,40.92816162109375,10757800,-0.002667474818239257,63.37300071716309,62.95850028991699,63.78820014953613,0.007177576269180707,75.48547127726644,-0.058456801894763544,-0.2390259568555321
2012-12-06,63.68999862670898,64.12999725341797,63.5,64.12000274658203,41.28875732421875,8008000,0.00881059410307583,63.503001022338864,62.9725004196167,63.75620018005371,0.007378308121569613,83.2200025085312,0.008354806142698123,-0.18954980425588605
2012-12-07,64.22000122070312,64.38999938964844,64.11000061035156,64.37999725341797,41.45616912841797,13072600,0.0040548112242524414,63.60800056457519,63.032000350952146,63.75900016784668,0.006996311971478456,81.36022523085202,0.08134517416873877,-0.1353708085709611
2012-12-10,64.44999694824219,64.68000030517578,64.2699966430664,64.37999725341797,41.45616912841797,8719000,0.0,63.70400047302246,63.10200023651123,63.763000106811525,0.0069284481972393735,78.17110140367697,0.1376043494122854,-0.08077577697431179
2012-12-11,64.63999938964844,64.76000213623047,64.38999938964844,64.45999908447266,41.5076904296875,6063400,0.0012426504266500604,63.84200019836426,63.1810001373291,63.76160011291504,0.006899012699564274,75.97405010143646,0.18649582252868413,-0.027321457073712606
2012-12-12,64.62999725341797,64.76000213623047,64.12999725341797,64.41999816894531,41.481929779052734,6419000,-0.000620554081530833,63.986999893188475,63.26800003051758,63.76240013122558,0.006835658479048022,75.97405010143646,0.219484842990596,0.022039802939149117
2012-12-13,64.45999908447266,64.45999908447266,63.7599983215332,63.9900016784668,41.20505142211914,9581700,-0.006674891380015646,64.04799995422363,63.394500160217284,63.76380020141602,0.005179493681887495,61.00003941868878,0.2085279755309415,0.059337437457507594
2012-12-14,63.97999954223633,63.9900016784668,63.7400016784668,63.90999984741211,41.15352630615234,7085200,-0.00125022392492935,64.07599983215331,63.53050022125244,63.75280021667481,0.00501951205213971,58.19402430949377,0.19118523557921918,0.08570699708184992
2012-12-17,64.19999694824219,64.33999633789062,63.91999816894531,64.30999755859375,41.41110610961914,12634700,0.00625876564131822,64.1259994506836,63.651500129699706,63.746000137329105,0.004635999114596642,70.16389464915989,0.20732751900954582,0.1100311014673891
2012-12-18,64.36000061035156,65.23999786376953,64.30000305175781,64.97000122070312,41.83609008789063,26053500,0.010262846947055815,64.24999961853027,63.776500129699706,63.75720008850098,0.004714916358227587,77.77778955153977,0.2702617651815231,0.1420772342102159
2012-12-19,64.41999816894531,64.51000213623047,64.02999877929688,64.08999633789062,41.77742385864258,8134800,-0.013544787844825823,64.30299911499023,63.83799991607666,63.74519996643066,0.005737346423222002,58.72229309034263,0.24628949714111315,0.16291968679639535
2012-12-20,64.16000366210938,64.83999633789062,64.0199966430664,64.81999969482422,42.2532844543457,11100800,0.01139028551483956,64.37299880981445,63.93799991607666,63.75319999694824,0.006172238867323274,63.07688825133703,0.28293497376350984,0.18692274418981825
2012-12-21,64.12000274658203,64.80000305175781,64.12000274658203,64.62000274658203,42.12292098999024,10635700,-0.0030854203823478255,64.39699935913086,64.00249996185303,63.76280006408692,0.006055510708377618,58.862152639526414,0.2924673145764132,0.20803165826713726
2012-12-24,64.56999969482422,64.87000274658203,64.31999969482422,64.70999908447266,42.18156433105469,6645400,0.0013927009295180426,64.42999954223633,64.06700000762939,63.77260002136231,0.006055416661432114,60.69868959261848,0.303781906958676,0.22718170800544502
2012-12-26,64.77999877929688,64.77999877929688,64.22000122070312,64.38999938964844,41.97299957275391,5901700,-0.004945135208648255,64.42299957275391,64.13249988555908,63.775799942016604,0.006033006040611714,58.77376423555637,0.2836576728339253,0.23847690097114108
2012-12-27,64.44999694824219,64.72000122070312,63.810001373291016,64.47000122070312,42.02513122558594,8055400,0.0012424573973135455,64.4279998779297,64.20749988555909,63.786199951171874,0.005997185067904499,54.11762910730698,0.27104016911280837,0.24498955459947455
2012-12-28,64.27999877929688,64.6500015258789,64.02999877929688,64.08000183105469,41.77093505859375,3957300,-0.006049315685807688,64.43699989318847,64.24249992370605,63.78020004272461,0.006068411019071148,46.57539853961707,0.22695482122131239,0.24138260792384214
2012-12-31,64.05000305175781,64.7300033569336,63.880001068115234,64.66999816894531,42.15550994873047,7477900,0.00920718353670047,64.5129997253418,64.29449977874756,63.78,0.006330997205439965,52.91751352413466,0.236893873944652,0.24048486112800413
2013-01-02,65.62999725341797,65.88999938964844,65.29000091552734,65.72000122070312,42.83995056152344,12173500,0.016236324130004753,64.65400009155273,64.38999977111817,63.79880004882813,0.007203511211041838,60.60607422858376,0.3257421629827064,0.2575363214989446
2013-01-03,65.69000244140625,65.9800033569336,65.56999969482422,65.72000122070312,42.83995056152344,13888200,0.0,64.72900009155273,64.4894998550415,63.80540008544922,0.007183710661490679,61.01697216564834,0.39164048444577304,0.2843571540883103
2013-01-04,65.87999725341797,66.13999938964844,65.63999938964844,66.12000274658203,43.10070037841797,14123400,0.006086450372019936,64.93200073242187,64.61749992370605,63.83220016479492,0.0071790656534760945,68.14308932945235,0.47071603769127535,0.3216289308089033
2013-01-07,66.04000091552734,66.23999786376953,65.88999938964844,66.22000122070312,43.1658821105957,6133600,0.0015123785536481638,65.07200088500977,64.72249984741211,63.86560012817383,0.0069979013148318515,69.60950862969543,0.5352826196489247,0.3643596685769076
2013-01-08,66.0999984741211,66.27999877929688,65.9000015258789,66.08999633789062,43.08113861083984,5438600,-0.0019632268259737184,65.21900024414063,64.80799980163575,63.90940002441406,0.007017769512837549,65.83625883419808,0.5693981263184753,0.4053673601252211
2013-01-09,66.2300033569336,66.43000030517578,66.12999725341797,66.33999633789062,43.24409484863281,5562300,0.0037827207422111986,65.38199996948242,64.90599975585937,63.957399978637696,0.00703086026291454,63.14772890350659,0.6095809520416964,0.4462100785085162
2013-01-10,66.69999694824219,66.69999694824219,66.2699966430664,66.5,43.34840393066406,6132700,0.0024118732430196133,65.59300003051757,65.00799980163575,64.01419998168946,0.007033257800835188,76.83742442830587,0.6468802563288136,0.4863441140725757
2013-01-11,66.5,66.66999816894531,66.26000213623047,66.48999786376953,43.34188079833984,3889100,-0.00015040806361610315,65.79499969482421,65.11149978637695,64.0781999206543,0.00702628913618104,72.14849172909811,0.667933611996034,0.5226620136572674
2013-01-14,66.5999984741211,66.68000030517578,66.4000015258789,66.58999633789062,43.40707015991211,5420400,0.001503962661060454,66.0459991455078,65.24149951934814,64.12999984741211,0.006751600729859409,76.83910734146164,0.6847937135227937,0.5550883536303727
2013-01-15,66.48999786376953,66.97000122070312,66.37000274658203,66.9000015258789,43.60914993286133,6783800,0.004655431822150113,66.26899948120118,65.39099960327148,64.1865998840332,0.006730389939160294,78.14902563780714,0.7149290363986722,0.5870564901840326
2013-01-16,66.7699966430664,66.8499984741211,66.58999633789062,66.83000183105469,43.56351852416992,5176000,-0.0010463332321022367,66.37999954223633,65.51699981689453,64.2331999206543,0.006702994388140301,83.51638217244039,0.7248079714134832,0.6146067864299227
2013-01-17,67.05999755859375,67.18000030517578,66.33000183105469,66.9800033569336,43.66128921508789,5652400,0.0022445237433645904,66.50599975585938,65.61749992370605,64.29240005493165,0.00641282019302665,83.82739127126608,0.7362538915503052,0.6389362074539993
2013-01-18,67.37000274658203,67.43000030517578,66.93000030517578,67.37999725341797,43.92204284667969,17259600,0.005971840496227232,66.63199920654297,65.78199996948243,64.35679992675782,0.00540100895629318,94.35467165994311,0.7687394800773433,0.6648968619786682
2013-01-22,67.41000366210938,67.72000122070312,67.3499984741211,67.72000122070312,44.1436653137207,7006800,0.005046066802383287,66.78199920654296,65.92700004577637,64.43439994812012,0.005025893832567657,93.94796205988277,0.8125534117258013,0.6944281719280948
2013-01-23,67.72000122070312,67.86000061035156,67.5199966430664,67.7300033569336,44.150184631347656,4036600,0.0001476984059387565,66.94599990844726,66.08250007629394,64.5252000427246,0.004897199547585546,91.35780375313573,0.8384185894205984,0.7232262554265956
2013-01-24,67.80999755859375,68.04000091552734,67.62000274658203,67.80999755859375,44.20233917236328,6017000,0.0011810748220193457,67.09300003051757,66.2375,64.62180000305176,0.004899637515166339,91.63323120319035,0.8555100058162566,0.7496830055045278
2013-01-25,68.05999755859375,68.13999938964844,67.76000213623047,68.08999633789062,44.38485336303711,6291100,0.004129166632913295,67.25199966430664,66.42249984741211,64.72599990844726,0.0045991030240882065,91.21313401199632,0.8814873998500303,0.7760438843736284
2013-01-28,68.30000305175781,68.30000305175781,67.87999725341797,68.16000366210938,44.43049240112305,7967100,0.0010281587308558215,67.41900024414062,66.60699996948242,64.83559997558594,0.0046031889513217985,91.10147026495804,0.8973792483913741,0.8003109571771775
2013-01-29,68.05999755859375,68.30999755859375,68.05999755859375,68.29000091552734,44.515228271484375,4723200,0.0019072365967349736,67.5890007019043,66.81749992370605,64.97220001220703,0.004116527582718311,96.61010374000666,0.9099737340067833,0.8222435125430987
2013-01-30,68.12999725341797,68.30999755859375,67.55000305175781,67.66000366210938,44.10456085205078,7716600,-0.00922532208188509,67.66500091552734,66.96700019836426,65.10160011291504,0.0047188639078982455,74.08767660342264,0.8592149462931218,0.8296377992931034
2013-01-31,67.6500015258789,67.66000366210938,67.16999816894531,67.2699966430664,43.85032653808594,8189600,-0.005764218119032938,67.70900039672851,67.04449996948242,65.2092000579834,0.00375924316995483,62.96286782177582,0.7785433709665313,0.8194189136277891
2013-02-01,67.62999725341797,67.8499984741211,67.4000015258789,67.72000122070312,44.1436653137207,11330400,0.006689528766062436,67.78300018310547,67.14449996948242,65.3142000579834,0.0039425183272731815,68.03518011799792,0.74236465722052,0.8040080623463353
2013-02-04,67.4800033569336,67.79000091552734,67.31999969482422,67.58000183105469,44.05240249633789,14185200,-0.002067327039646294,67.80300064086914,67.21749992370606,65.40860008239746,0.0038649084131243405,64.34785493144626,0.6943914725504641,0.782084744387161
2013-02-05,67.75,67.83999633789062,67.41000366210938,67.48999786376953,43.99374008178711,6245900,-0.0013318136260215274,67.78000030517578,67.28099975585937,65.50200004577637,0.003901083131502928,59.13303918141363,0.6417125473127214,0.7540103049722732
2013-02-06,67.31999969482422,67.69999694824219,67.19000244140625,67.61000061035156,44.07195663452149,4489500,0.0017780819437016593,67.76800003051758,67.35699996948242,65.5876000213623,0.003842923400434888,61.89017440535172,0.6026997902604734,0.7237482020299133
2013-02-07,67.80999755859375,67.83999633789062,67.1500015258789,67.29000091552734,43.86336517333984,8388300,-0.004733023102135969,67.71600036621093,67.40450019836426,65.66500007629395,0.004003642908650606,54.492702344095534,0.5397388250026722,0.6869463266244652
2013-02-08,67.41999816894531,67.9800033569336,67.41999816894531,67.95999908447266,44.30011367797852,8139600,0.009956875610484861,67.70300064086913,67.4775001525879,65.7626000213623,0.004496683074360016,57.79568900100494,0.5377067109985774,0.6570984034992876
2013-02-11,67.86000061035156,68.05999755859375,67.86000061035156,68.02999877929688,44.34572982788086,6097100,0.0010300131808007595,67.69000015258788,67.55450019836425,65.86379997253418,0.004487198307569332,54.492702344095534,0.5355709083203948,0.632792904463509
2013-02-12,68.12000274658203,68.43000030517578,67.97000122070312,68.43000030517578,44.60649871826172,7218400,0.005879781464888545,67.70400009155273,67.64650039672851,65.96479995727539,0.004610101663555856,59.11451607135052,0.5597031401005381,0.6181749515909148
2013-02-13,68.55000305175781,68.63999938964844,68.20999908447266,68.4000015258789,44.58691787719727,4418400,-0.00043838636801241115,67.77799987792969,67.72150039672852,66.06019996643066,0.0045596976289543865,57.7836602820247,0.5698387109234062,0.6085077034574131
2013-02-14,68.38999938964844,68.38999938964844,68.06999969482422,68.12999725341797,44.41093063354492,4100400,-0.003947430795871898,67.86399993896484,67.78650016784668,66.14659988403321,0.0046768539402018095,50.52910960632146,0.549746994409702,0.5967555616478709
2013-02-15,68.19999694824219,68.25,67.94999694824219,68.20999908447266,44.46307373046875,6449800,0.001174252668132425,67.91299972534179,67.84799995422364,66.23619987487793,0.004667666833366359,50.65956740108502,0.5341226105083337,0.5842289714199634
2013-02-19,68.43000030517578,68.69000244140625,68.27999877929688,68.68000030517578,44.769439697265625,12187000,0.006890503254824321,68.0229995727539,67.91300010681152,66.33859985351563,0.004724168840915413,54.721519221177466,0.5532873916045844,0.5780406554568877
2013-02-20,68.6500015258789,68.87999725341797,68.0999984741211,68.0999984741211,44.39137268066406,9973600,-0.008444988766416417,68.08399963378906,67.93199996948242,66.4181997680664,0.005062097121783759,55.39206061592028,0.5157293117342618,0.5655783867123625
2013-02-21,67.95999908447266,68.08000183105469,67.4000015258789,67.56999969482422,44.04588317871094,13125300,-0.0077826547896073794,68.07999954223632,67.92399978637695,66.48199981689453,0.005374923797602227,53.55452464718707,0.4381471036670632,0.5400921301033027
2013-02-22,67.83999633789062,68.1500015258789,67.79000091552734,68.1500015258789,44.423973083496094,6630600,0.008583718124526074,68.16599960327149,67.94099998474121,66.55739990234375,0.005712401787322208,54.94251663992003,0.4186381453661596,0.5158013331558741
2013-02-25,68.31999969482422,68.45999908447266,66.98999786376953,67.0,43.67434310913086,9204800,-0.01687456346486227,68.06999969482422,67.88650016784668,66.6081999206543,0.006793184246172155,44.58955117657442,0.3068445304407277,0.47400997261284483
2013-02-26,67.33000183105469,67.66999816894531,67.0,67.58999633789062,44.05892181396485,7439200,0.008805915490904814,68.0259994506836,67.85799980163574,66.6715998840332,0.00711731240535607,50.85322810165047,0.26282537156517094,0.4317730524033101
2013-02-27,67.58999633789062,68.41999816894531,67.44999694824219,68.11000061035156,44.39790725708008,7675200,0.0076935094042818175,67.99399948120117,67.84899978637695,66.7539998626709,0.007330269695106363,53.993603993604,0.26682408795227275,0.3987832595131027
2013-02-28,68.0999984741211,68.44000244140625,67.97000122070312,68.12000274658203,44.4044189453125,7917800,0.00014685268155689712,67.96599960327148,67.87199974060059,66.83819992065429,0.007009171859107217,56.974790993486174,0.2677141462687871,0.3725694368642396
2013-03-01,67.8499984741211,68.33000183105469,67.58999633789062,68.25,44.48914337158203,11331300,0.001908356549860768,67.97799987792969,67.92099990844727,66.91699996948242,0.006864688489744734,52.68022467885393,0.2757307632137156,0.3532017021341348
2013-03-04,68.12000274658203,68.91000366210938,68.12000274658203,68.76000213623047,44.821590423583984,9589700,0.0074725587726076625,68.03300018310547,67.97299995422364,66.99279998779296,0.00690250005908477,56.23933028419102,0.31955328863095644,0.3464720194334992
2013-03-05,69.12000274658203,69.41999816894531,68.7699966430664,69.29000091552734,45.16707611083984,6177000,0.007707951757284892,68.09400024414063,68.05849990844726,67.0968000793457,0.007034722513375957,57.19062734431215,0.3925246480484219,0.3556825451564838
2013-03-06,69.43000030517578,69.55000305175781,68.81999969482422,69.02999877929688,44.99759292602539,11622400,-0.0037523759964650516,68.1870002746582,68.13549995422363,67.18100006103515,0.007102405982348488,55.072429938117274,0.42448181452465406,0.36944239903011783
2013-03-07,69.13999938964844,69.2300033569336,68.69000244140625,68.77999877929688,44.83463287353516,6954600,-0.0036216138551486976,68.30800018310546,68.19399986267089,67.26419998168946,0.00717959422026679,55.250407660441965,0.4247390610285322,0.38050173142980076
2013-03-08,69.06999969482422,69.12999725341797,68.44000244140625,68.81999969482422,44.8607063293457,6934300,0.0005815777295330449,68.375,68.27049980163574,67.34639999389648,0.007058128216366674,54.959347172910356,0.42329123247931477,0.3890596316397036
2013-03-11,68.97000122070312,69.08999633789062,68.63999938964844,69.08999633789062,45.03668975830078,11877900,0.003923229355764057,68.58399963378906,68.32699966430664,67.44039993286133,0.006785501623224915,53.445342162053336,0.4388712559120762,0.39902195649417815
2013-03-12,69.08000183105469,69.08999633789062,68.68000030517578,68.83999633789062,44.87373352050781,6247300,-0.003618468855858037,68.70899963378906,68.36749954223633,67.52779983520507,0.0068581198469374926,56.58360767011709,0.4261334252008595,0.40444425023551445
2013-03-13,68.81999969482422,69.0,68.55999755859375,68.86000061035156,44.88677978515625,6189700,0.0002905908414456704,68.78399963378907,68.38899955749511,67.62339981079101,0.006745216053712431,62.622297802708054,0.4128932043533382,0.4061340410590792
2013-03-14,68.94999694824219,69.31999969482422,68.86000061035156,69.2300033569336,45.12797546386719,10380200,0.005373260867012064,68.89499969482422,68.43049964904785,67.71459991455077,0.006834736697134672,61.02040625671464,0.4273303649055151,0.4103733058283664
2013-03-15,69.13999938964844,69.29000091552734,68.86000061035156,69.26000213623047,45.14753341674805,7085100,0.00043332049461564104,68.99599990844726,68.48699989318848,67.78539993286132,0.006750144237012691,79.89415746801413,0.43616473388711086,0.4155315914401153
2013-03-18,68.6500015258789,69.08999633789062,68.6500015258789,69.06999969482422,45.0236701965332,17335600,-0.002743321333322002,69.02699966430664,68.52999992370606,67.85239990234375,0.006796753165280315,71.89345973703516,0.42295881985582184,0.4170170371232566
2013-03-19,69.06999969482422,69.13999938964844,68.2300033569336,68.58000183105469,44.70425415039063,8311400,-0.007094221310764648,68.95599975585938,68.525,67.9015998840332,0.006840030844986758,57.01493081176609,0.3687041138057481,0.40735445245975493
2013-03-20,68.9800033569336,68.98999786376953,68.63999938964844,68.9800033569336,44.96500015258789,9476900,0.005832626351692127,68.95100021362305,68.56900024414062,67.95679992675781,0.0066605183429922395,61.497317476183675,0.3539040628245971,0.3966643745327234
2013-03-21,68.69000244140625,69.22000122070312,68.69000244140625,68.75,44.8150749206543,4807000,-0.0033343483000929375,68.94800033569337,68.62800025939941,68.01,0.006434058818673005,56.51039700547169,0.31992764041645216,0.3813170277094692
2013-03-22,68.98999786376953,69.26000213623047,68.8499984741211,69.16999816894531,45.08885192871094,5176600,0.006109064275568121,68.98300018310547,68.67900009155274,68.0666000366211,0.006300639641319361,55.46660264769969,0.32316616465168124,0.3696868550979116
2013-03-25,68.93000030517578,69.0,68.41000366210938,68.54000091552734,45.05862045288086,10970400,-0.009107955328829465,68.92800064086914,68.7560001373291,68.10740005493165,0.005319353204088757,40.259755701229416,0.2717644735131586,0.350102378780961
2013-03-26,68.62999725341797,69.11000061035156,68.62999725341797,69.05000305175781,45.3939094543457,8879000,0.007440941485527874,68.94900131225586,68.82900047302246,68.1586001586914,0.005223859660493869,50.24395417904115,0.26907939333455033,0.3338977816916789
2013-03-27,68.81999969482422,69.20999908447266,68.68000030517578,69.16000366210938,45.46620941162109,5747800,0.00159305728443071,68.97900161743163,68.88150062561036,68.21000030517578,0.004990384275979639,54.798033314966304,0.2726842436689765,0.32165507408713845
2013-03-28,69.26000213623047,69.55000305175781,69.02999877929688,69.4800033569336,45.67659378051758,10163700,0.0046269473377651416,69.00400161743164,68.94950065612792,68.26160034179688,0.005060662169424987,57.78305196978476,0.2979280850432531,0.31690967627836136
2013-04-01,69.51000213623047,69.69999694824219,69.16000366210938,69.69999694824219,45.82119369506836,10676100,0.00316628642313721,69.04800109863281,69.02200050354004,68.31900024414062,0.005080310973053941,57.27923931885388,0.3318601779047867,0.31989977660364644
2013-04-02,69.95999908447266,70.12000274658203,69.72000122070312,69.87999725341797,45.93953704833984,7683800,0.002582500904690699,69.12900085449219,69.07800025939942,68.37700012207031,0.00486892283580016,62.62136192008771,0.36902226727863763,0.32972427473864474
2013-04-03,70.11000061035156,70.11000061035156,69.27999877929688,69.51000213623047,45.69630432128906,5906600,-0.005294721404262792,69.22200088500976,69.08900032043456,68.41960021972656,0.004767764605035836,57.27072100441891,0.3644172023995509,0.336662860270826
2013-04-04,69.58999633789062,70.61000061035156,69.4800033569336,70.52999877929688,46.36685180664063,15045800,0.014674098859432494,69.37700042724609,69.16400032043457,68.47580017089844,0.005665835801148523,62.69529882116626,0.4380235965719521,0.35693500753105123
2013-04-05,69.88999938964844,70.72000122070312,69.75,70.72000122070312,46.49177551269531,9219300,0.0026939237869663124,69.57400054931641,69.26100044250488,68.53560012817383,0.005564469332896162,63.825772080126114,0.5058575919294981,0.3867195244107406
2013-04-08,70.7300033569336,71.44999694824219,70.47000122070312,71.37999725341797,46.92565536499024,9494700,0.009332522925941777,69.79500045776368,69.38900032043458,68.60700012207032,0.005833735194753657,70.08698859701033,0.6058883818771363,0.43055329590401975
2013-04-09,71.4800033569336,71.6500015258789,71.01000213623047,71.41000366210938,46.94538116455078,6504500,0.00042037559324747953,70.08200073242188,69.5050006866455,68.67340026855469,0.005820592480163687,76.74863348572912,0.6797490461262896,0.48039244594847375
2013-04-10,71.56999969482422,71.94000244140625,71.44000244140625,71.83000183105469,47.22148895263672,5585900,0.005881503254538734,70.36000061035156,69.65450096130371,68.74680023193359,0.005753650401826365,76.83619472090875,0.7633747874780852,0.536988914254396
2013-04-11,71.9000015258789,72.52999877929688,71.83999633789062,72.18000030517578,47.45158004760742,11137100,0.004872594531520447,70.6620002746582,69.82050094604492,68.82460021972656,0.005767181907513356,81.58388352706616,0.848114209122599,0.5992139732280366
2013-04-12,72.08000183105469,72.5999984741211,71.9800033569336,72.5999984741211,47.72767639160156,6908300,0.005818760974917847,70.97399978637695,69.9890007019043,68.9234001159668,0.005780225840586792,81.58388352706616,0.9383445021317698,0.6670400790087833
2013-04-15,72.0999984741211,72.25,70.79000091552734,70.79000091552734,46.53777694702149,10229500,-0.024931096372390993,71.08300018310547,70.06550064086915,68.99380020141602,0.008415270940774598,67.01970488836359,0.8539570973693031,0.7044234826808873
2013-04-16,71.19999694824219,71.94999694824219,70.80000305175781,71.91000366210938,47.27407836914063,6787100,0.01582148230113045,71.2860008239746,70.2075008392334,69.07760025024415,0.00897140367880936,69.80613691936708,0.8674548529394883,0.7370297567326075
2013-04-17,71.62999725341797,71.66000366210938,70.56999969482422,71.04000091552734,46.70211791992188,8952700,-0.012098493982422798,71.43900070190429,70.33050079345703,69.1468002319336,0.009303646068262393,61.77944898097716,0.798742563668128,0.7493723181197116
2013-04-18,71.08000183105469,71.18000030517578,70.62999725341797,71.04000091552734,46.70211791992188,16557900,0.0,71.49000091552735,70.43350067138672,69.21780029296875,0.009262073454698573,60.18276710391331,0.7358056696387933,0.746658988423528
2013-04-19,71.44000244140625,71.9800033569336,71.02999877929688,71.86000061035156,47.2411994934082,16957600,0.01154278834820488,71.60400085449218,70.5890007019043,69.30280029296875,0.009447796798555723,63.07509139577372,0.74352396855177,0.7460319844491764
2013-04-22,71.97000122070312,72.13999938964844,71.4800033569336,71.95999908447266,47.306941986083984,5361900,0.001391573521733136,71.66200103759766,70.72850074768067,69.39620025634765,0.0094053635639212,62.71395900642436,0.7490749474755631,0.7466405770544537
2013-04-23,72.22000122070312,72.5,71.8499984741211,72.37999725341797,47.58305740356445,6056000,0.00583655050429166,71.75900039672851,70.92050056457519,69.48460021972656,0.009062019298353862,67.43618837847008,0.7783916658362813,0.7529907948108192
2013-04-24,72.58000183105469,72.62000274658203,72.20999908447266,72.61000061035156,47.7342414855957,5241100,0.00317771989032134,71.83700027465821,71.09850044250489,69.57620025634766,0.00899623125947262,63.97850234214132,0.810837890565594,0.7645602139617742
2013-04-25,72.48999786376953,72.79000091552734,71.98999786376953,72.5199966430664,47.67509078979492,8899900,-0.0012395533194958785,71.87099990844726,71.26650009155273,69.65800018310547,0.009034395822838645,62.26154257127087,0.8198386004069391,0.7756158912508072
2013-04-26,72.41000366210938,72.69999694824219,72.13999938964844,72.19000244140625,47.4581413269043,4196100,-0.0045503890917748535,71.83000030517579,71.40200004577636,69.73380020141602,0.0091484147797041,55.77749601388746,0.791223224789448,0.7787373579585354
2013-04-29,72.43000030517578,72.7699966430664,72.19999694824219,72.75,47.82630157470703,4371600,0.007757273024727729,72.02600021362305,71.55450019836425,69.82620025634766,0.00923757312646327,58.8859252723413,0.8044591519878992,0.7838817167644082
2013-04-30,72.75,73.48999786376953,72.56999969482422,73.45999908447266,48.29305267333984,7901100,0.00975943758725295,72.18099975585938,71.73350028991699,69.93120025634765,0.009391958100249101,60.4086747157001,0.8622996583606977,0.7995653050836662
2013-05-01,73.44000244140625,73.5,72.76000213623047,72.95999908447266,47.96435928344727,19735200,-0.006806425350278644,72.37299957275391,71.9060001373291,70.01680023193359,0.009464162980148946,54.88721301319178,0.8579034777882839,0.8112329396245898
2013-05-02,72.94000244140625,73.51000213623047,72.93000030517578,73.23999786376953,48.14842224121094,4746700,0.0038377026152740523,72.59299926757812,72.04150009155273,70.11960021972656,0.009028747358344906,54.08163066706631,0.8670185839185933,0.8223900684833906
2013-05-03,73.5999984741211,73.7699966430664,73.1500015258789,73.30000305175781,48.1878662109375,6804300,0.0008192953268497671,72.73699951171875,72.17050018310547,70.23420028686523,0.009030085233417261,70.60755748037218,0.8690662338155732,0.8317253015498272
2013-05-06,73.3499984741211,73.66999816894531,73.30000305175781,73.58999633789062,48.3785400390625,4539300,0.003956252033550989,72.89999923706054,72.2810001373291,70.34300018310547,0.008873727285095327,65.96952880462058,0.8838999967731951,0.8421602405945008
2013-05-07,73.87999725341797,74.05000305175781,73.48999786376953,74.0199966430664,48.66120910644531,7326500,0.005843189653134573,73.06399917602539,72.41149978637695,70.4834001159668,0.008919693715143368,80.91286963844209,0.919750975038653,0.8576783874833313
2013-05-08,73.9000015258789,74.30999755859375,73.79000091552734,74.19999694824219,48.77953720092773,5550500,0.0024317794290611427,73.22299880981446,72.52999954223633,70.61560012817382,0.008870534660780268,81.60000854493492,0.9517168544339967,0.8764860808734644
2013-05-09,74.19999694824219,74.25,73.5999984741211,73.81999969482422,48.52970886230469,12540900,-0.005121256995239909,73.35299911499024,72.61199951171875,70.72980010986328,0.008961181090942813,71.49126549515047,0.9356023995060099,0.8883093445999735
2013-05-10,74.0,74.0,73.6500015258789,73.83999633789062,48.5428581237793,4807500,0.00027088381399442696,73.51799850463867,72.67399940490722,70.84419998168946,0.00889507829226349,70.98216794589928,0.9139101525049966,0.893429506180978
2013-05-13,73.83999633789062,74.02999877929688,73.6500015258789,73.94999694824219,48.615177154541016,5141500,0.0014897158153719392,73.63799819946288,72.83199920654297,70.9581999206543,0.006498263827575364,68.82497909687524,0.8952748492415878,0.8937985747931001
2013-05-14,74.02999877929688,74.48999786376953,74.02999877929688,74.33999633789062,48.87157440185547,6114500,0.005273825635468299,73.72599792480469,72.95349884033203,71.0697998046875,0.005716035912846181,69.97691792648976,0.901583040454554,0.8953554679253909
2013-05-15,74.33999633789062,75.01000213623047,73.97000122070312,75.0,49.30546569824219,12938900,0.00887817722117612,73.92999801635742,73.15149879455566,71.18399978637696,0.0049247660769082095,75.30622762751635,0.9489007696876257,0.9060645282778379
2013-05-16,74.94000244140625,75.16999816894531,74.47000122070312,74.76000213623047,49.14767456054688,11084100,-0.0031999715169270804,74.08199844360351,73.33749885559082,71.29859985351563,0.005067940002335089,76.71522947712367,0.9560142519520269,0.9160544730126757
2013-05-17,74.9000015258789,75.23999786376953,74.69000244140625,75.2300033569336,49.45667266845703,11377800,0.006286800525322045,74.27499847412109,73.50599899291993,71.42759994506837,0.0047010171013821805,76.27125767183537,0.9881857186032761,0.9304807221307958
2013-05-20,75.2300033569336,75.3499984741211,74.93000030517578,75.19000244140625,49.43037414550781,6560000,-0.00053171492413151,74.43499908447265,73.6674991607666,71.555,0.00474018597598632,71.35809027561925,0.998938951708439,0.9441723680463245
2013-05-21,75.4000015258789,75.69000244140625,75.33000183105469,75.54000091552734,49.66045379638672,5619400,0.004654853873609532,74.58699951171874,73.82549934387207,71.68400009155273,0.004699775422630942,83.07699831761806,1.0239000359605228,0.9601179016291642
2013-05-22,75.63999938964844,76.20999908447266,73.33000183105469,73.66999816894531,48.43110656738281,26250400,-0.02475513269682328,74.53399963378907,73.87849922180176,71.78060012817383,0.007620792146990999,53.916215596489636,0.8826140562487836,0.9446171325530882
2013-05-23,73.08000183105469,73.08000183105469,72.02999877929688,72.63999938964844,47.75398635864258,17882300,-0.013981251593556565,74.41599960327149,73.88449935913086,71.85620010375976,0.008298562477946152,44.89160576527889,0.6796964879694798,0.8916330036363667
2013-05-24,72.4000015258789,72.45999908447266,71.61000061035156,72.36000061035156,47.56991195678711,11804000,-0.003854608778215085,74.26800003051758,73.89299926757812,71.91880004882813,0.008279408414432796,40.46514488759354,0.4906335732999736,0.8114331175690881
2013-05-28,73.05999755859375,73.22000122070312,71.19999694824219,71.63999938964844,47.09657287597656,15416700,-0.009950265542149839,74.0370002746582,73.83749923706054,71.96639999389649,0.008369449493252029,32.34422842912528,0.27948009749654545,0.7050425135545796
2013-05-29,71.11000061035156,71.1500015258789,69.25,70.20999908447266,46.15648651123047,23698500,-0.019960920119471814,73.6240005493164,73.67499923706055,71.98919998168945,0.009021167024139852,25.03129580383188,-0.003212594186791762,0.5633914920063053
2013-05-30,70.20999908447266,70.69999694824219,69.45999908447266,69.54000091552734,45.71601867675781,13778600,-0.009542774215667071,73.07800064086913,73.50399932861328,72.0083999633789,0.009114637622751482,24.15459293304191,-0.2781060089065619,0.3950919918237319
2013-05-31,69.25,70.04000091552734,68.66000366210938,68.69000244140625,45.1572380065918,20832400,-0.01222315879969027,72.47100067138672,73.27649955749511,72.00259994506835,0.009246621516256286,21.734393241244618,-0.5581151892134102,0.20445055561630351
2013-06-03,68.70999908447266,69.33999633789062,68.05999755859375,68.86000061035156,45.26897430419922,25223500,0.002474860429511949,71.83400039672851,73.0544994354248,72.0047999572754,0.00929142981283884,22.246470260331307,-0.7575742065839535,0.012045603176252112
2013-06-04,68.87000274658203,69.11000061035156,68.05000305175781,68.05999755859375,44.74306106567383,17821400,-0.011617819411368857,71.12099990844726,72.77799949645996,71.98259994506836,0.009323433419801129,17.223394681723704,-0.9690300994608236,-0.18416953735116304
2013-06-05,68.11000061035156,68.30999755859375,67.20999908447266,67.33000183105469,44.26315307617188,19959500,-0.01072576775969758,70.3,72.44349975585938,71.95839996337891,0.009150698026561946,10.259051709143577,-1.1818908701570905,-0.38371380391234855
2013-06-06,67.27999877929688,68.6500015258789,67.0199966430664,68.58999633789062,45.09146881103516,21649800,0.01871371561815094,69.79199981689453,72.16299972534179,71.94919982910156,0.010449307664057396,21.087107455862807,-1.2346809051127536,-0.5539072241524297
2013-06-07,68.7699966430664,68.83000183105469,67.63999938964844,68.55000305175781,45.06519317626953,16045900,-0.0005830775370768704,69.38300018310547,71.89949989318848,71.93699981689453,0.010469984521127117,17.382755601914795,-1.26516052905599,-0.6961578851331418
2013-06-10,68.62999725341797,68.79000091552734,67.77999877929688,67.94999694824219,44.670745849609375,17666100,-0.008752823877521854,68.94199981689454,71.60499992370606,71.9063996887207,0.010486808924894762,16.481418164761195,-1.3224865272514563,-0.8214236135568047
2013-06-11,67.33000183105469,67.66000366210938,66.87000274658203,66.91000366210938,43.9870491027832,17765800,-0.015305273478157466,68.46900024414063,71.25300025939941,71.85059982299805,0.010686576284450982,12.445559971182234,-1.4352914144493525,-0.9441971737353143
2013-06-12,67.41000366210938,67.43000030517578,65.7699966430664,65.93000030517578,43.34278869628906,16537000,-0.014646589497775864,68.04100036621094,70.83250045776367,71.77159988403321,0.010613061486907823,13.490518303018433,-1.5854916204771854,-1.0724560630836886
2013-06-13,65.83999633789062,68.12000274658203,65.79000091552734,67.94000244140625,44.664161682128906,21085000,0.030486912284644285,67.88100051879883,70.47950057983398,71.74019989013672,0.013025715592654119,29.706379973277322,-1.5247595132443905,-1.162916753115829
2013-06-14,67.9000015258789,68.9800033569336,67.73999786376953,68.11000061035156,44.77592849731445,13991400,0.002502180789468289,67.82300033569337,70.14700050354004,71.69179992675781,0.013125768740690708,31.47338621811714,-1.446240093664727,-1.2195814212256086
2013-06-17,68.43000030517578,68.83999633789062,67.73999786376953,68.19999694824219,44.8350944519043,10786100,0.0013213380866854418,67.75699996948242,69.79550018310547,71.6413998413086,0.012955549552226366,34.13280237159158,-1.361061466257297,-1.2478774302319464
2013-06-18,68.25,68.87999725341797,67.87000274658203,68.30999755859375,44.90740966796875,14319100,0.0016129122474162205,67.78199996948243,69.45149993896484,71.57999984741211,0.013001651127355717,40.02098087598763,-1.2700404249697925,-1.2523100291795157
2013-06-19,68.47000122070312,68.66999816894531,66.12999725341797,66.26000213623047,43.55973052978516,34471300,-0.03001018146143064,67.675,68.9875,71.47699981689453,0.013963042383208772,34.954104552307655,-1.347786646543085,-1.2714053526522298
2013-06-20,65.48999786376953,65.7699966430664,63.380001068115234,63.66999816894531,41.857032775878906,31601500,-0.039088498095127044,67.18300018310546,68.4875,71.31379974365234,0.015260157676094408,30.14236323206667,-1.5999495395073922,-1.3371141900232624
2013-06-21,64.22000122070312,65.08999633789062,63.310001373291016,64.41999816894531,42.35009765625,24105500,0.011779488323682807,66.76999969482422,68.07649993896484,71.15859970092774,0.0157336252001967,33.20723465895648,-1.7194509566217988,-1.4135815433429697
2013-06-24,63.4900016784668,65.43000030517578,62.709999084472656,64.01000213623047,42.08055877685547,30133200,-0.006364421676008147,66.37600021362304,67.65900001525878,70.98679977416992,0.01572672450796449,34.21667159238153,-1.82618877655338,-1.4961029899850518
2013-06-25,64.68000030517578,65.52999877929688,64.16000366210938,65.19000244140625,42.85630798339844,18040500,0.018434623743089684,66.20400009155273,67.33650016784668,70.8747998046875,0.016607050499918834,41.942763383916436,-1.7948729270663506,-1.5558569774013116
2013-06-26,65.26000213623047,65.7699966430664,65.08999633789062,65.55000305175781,43.49731063842773,16898500,0.005522328529978804,66.16600036621094,67.10350036621094,70.74759979248047,0.01633987061875513,37.72214929714607,-1.7211653276160774,-1.588918647444265
2013-06-27,66.01000213623047,66.83999633789062,65.8499984741211,66.72000122070312,44.2736930847168,13893800,0.01784894148702776,66.04400024414062,66.96250038146972,70.66119979858398,0.01692655838613257,43.22722955168959,-1.5504696014344432,-1.5812288382423008
2013-06-28,66.44999694824219,66.88999938964844,65.91999816894531,66.43000030517578,44.08126068115234,12025100,-0.004346536424183367,65.87600021362304,66.8495002746582,70.56899978637695,0.016765352219537902,44.24243229918348,-1.4221984405486126,-1.5494227587035634
2013-07-01,66.56999969482422,67.04000091552734,65.94999694824219,66.08000183105469,43.8490104675293,14941100,-0.0052686809049107275,65.6640007019043,66.71050033569335,70.45339981079101,0.016757234269569075,46.682645101877775,-1.3334138088380456,-1.50622096873046
2013-07-02,65.9800033569336,67.0999984741211,65.91999816894531,66.8499984741211,44.359962463378906,12520400,0.011652491248941521,65.51800079345703,66.65000038146972,70.35119979858399,0.01685633652684427,53.73983366662862,-1.1872333673519648,-1.4424234484547611
2013-07-03,66.75,67.0,65.66999816894531,66.55999755859375,44.16752243041992,8076200,-0.004338084100923512,65.54800033569336,66.61150016784669,70.2347998046875,0.016717533155962905,43.478229516708254,-1.0823087826131825,-1.3704005152864456
2013-07-05,66.41000366210938,66.44999694824219,64.62000274658203,65.86000061035156,43.70301818847656,16119500,-0.010516781459103397,65.76700057983399,66.47500038146973,70.0997998046875,0.01622524435263925,39.87397404766352,-1.0436091205538105,-1.3050422363399186
2013-07-08,66.0199966430664,67.0999984741211,66.0199966430664,66.12000274658203,43.87555694580078,6958000,0.003947800392057665,65.93700103759765,66.35350036621094,69.97179992675781,0.01627619449477343,40.780160312102,-0.9806549799184978,-1.2401647850556345
2013-07-09,66.56999969482422,67.23999786376953,66.19999694824219,66.95999908447266,44.43295669555664,9422400,0.012704118315149948,66.23200073242188,66.30400047302246,69.86719985961913,0.01649095602729816,44.37968380857759,-0.8531481250600308,-1.1627614530565138
2013-07-10,66.80999755859375,67.2300033569336,66.54000091552734,66.95999908447266,44.43295669555664,10060200,0.0,66.40900039672852,66.30650024414062,69.7513998413086,0.016123851910263484,53.51404391961246,-0.7435271062956019,-1.0789145837043315
2013-07-11,67.94000244140625,68.86000061035156,67.86000061035156,68.80999755859375,45.66057586669922,16742100,0.02762841247633907,66.73499984741211,66.45050010681152,69.65839981079101,0.016835695431746067,77.87422568147477,-0.5015902235013101,-0.9634497116637273
2013-07-12,68.9000015258789,68.94000244140625,68.12000274658203,68.36000061035156,45.36195755004883,10555600,-0.006539703011310238,66.89899978637695,66.47150001525878,69.5663998413086,0.015557434546117797,72.08525779191899,-0.3422195992515782,-0.8392036891812975
2013-07-15,68.23999786376953,68.7300033569336,68.18000030517578,68.61000061035156,45.5278434753418,6986300,0.003657109388061297,67.11699981689453,66.49650001525879,69.47379989624024,0.015567694095306972,76.25573838453425,-0.1935136161584694,-0.710065674576732
2013-07-16,68.43000030517578,68.83999633789062,68.31999969482422,68.5,45.45486831665039,6891000,-0.0016032737118932827,67.35899963378907,66.51150016784668,69.37779983520508,0.015573128218960553,71.52147643415991,-0.08357577363597102,-0.5847676943885798
2013-07-17,68.77999877929688,68.91999816894531,68.36000061035156,68.86000061035156,45.69374084472656,14463800,0.005255483362796465,67.55999984741212,66.53900032043457,69.2831999206543,0.015610108758649802,71.52147643415991,0.03222829154371709,-0.4613684972021204
2013-07-18,68.80999755859375,69.36000061035156,68.7699966430664,69.29000091552734,45.97908782958984,7176600,0.006244558544356682,67.83300018310547,66.69050025939941,69.18860000610351,0.013888573796598927,68.4892348528842,0.15689271690885676,-0.337716254379925
2013-07-19,69.2300033569336,69.41999816894531,68.94999694824219,69.22000122070312,45.9326286315918,7701100,-0.001010242371183634,68.16900024414062,66.9680004119873,69.08900009155273,0.009968606017891261,70.72812666857874,0.24719230281398552,-0.22073454294114286
2013-07-22,69.25,69.4800033569336,69.04000091552734,69.41999816894531,46.06534957885742,4684700,0.0028892942027625157,68.49899978637696,67.2180004119873,69.00100006103516,0.00981142690425431,75.3799631747622,0.33107700783801874,-0.11037223278531055
2013-07-23,69.5999984741211,69.5999984741211,69.06999969482422,69.38999938964844,46.0454330444336,4930000,-0.00043213454462887047,68.74199981689453,67.4870002746582,68.91200012207031,0.009575115552126265,71.74662522747789,0.39063262045894476,-0.010171262136459497
2013-07-24,69.47000122070312,69.52999877929688,67.52999877929688,68.04000091552734,45.14961624145508,13685200,-0.019455231099518966,68.85,67.62950019836425,68.79380020141602,0.010307215844289296,60.724683351854004,0.32514916095331614,0.05689282248149563
2013-07-25,67.93000030517578,68.08000183105469,67.52999877929688,67.95999908447266,45.09653091430664,10019400,-0.0011758058491799783,68.76500015258789,67.75,68.66620025634765,0.010302127940139828,66.71975663654996,0.26375714022000807,0.09826568602919813
2013-07-26,67.77999877929688,68.18000030517578,67.52999877929688,68.13999938964844,45.215965270996094,5577000,0.0026486213596330632,68.74300003051758,67.82099990844726,68.52900024414062,0.00959681302841373,66.2903235730239,0.22701119800457548,0.1240147884242736
2013-07-29,68.02999877929688,68.20999908447266,67.48999786376953,67.5999984741211,44.85765075683594,6999900,-0.007924874088117151,68.64199981689453,67.87949981689454,68.38580017089843,0.009735988557405439,55.42372925190477,0.1525576238278603,0.12972335550499095
2013-07-30,67.75,68.30000305175781,67.33999633789062,67.5199966430664,44.8045539855957,6200400,-0.0011834590659837163,68.54399948120117,67.95149955749511,68.23160003662109,0.009641755111109544,54.68225717967365,0.08610459059869413,0.1209996025237316
2013-07-31,67.33000183105469,67.68000030517578,66.0,66.58999633789062,44.187442779541016,17578300,-0.013773701887043632,68.31699905395507,67.9384994506836,68.05959991455079,0.00985418056737501,28.0632184601281,-0.041129059103127474,0.08857387019835979
2013-08-01,66.86000061035156,66.94999694824219,66.18000030517578,66.22000122070312,43.94190979003906,12801700,-0.005556316827381558,68.00999908447265,67.92149963378907,67.8731999206543,0.009885154526428736,28.51404391961246,-0.16986011526506672,0.03688707310567449
2013-08-02,66.55999755859375,66.81999969482422,65.91999816894531,65.93000030517578,43.749473571777344,16858500,-0.004379355333455903,67.68099899291992,67.92499961853028,67.7183999633789,0.009640586688793017,23.30675201867531,-0.2919160287073339,-0.02887354725692719
2013-08-05,65.9000015258789,66.19000244140625,65.69999694824219,65.88999938964844,43.72293472290039,5471400,-0.0006067179636309872,67.32799911499023,67.91349945068359,67.58339996337891,0.009598539603887924,23.636341217559632,-0.38740815895394576,-0.10058046959633091
2013-08-06,65.79000091552734,66.13999938964844,65.5,65.66000366210938,43.57031631469727,5899900,-0.0034906014519586748,66.95499954223632,67.84849967956544,67.44940002441406,0.00913049109028641,16.804956265452716,-0.47615626024482083,-0.1756956277260289
2013-08-07,65.66000366210938,65.66000366210938,65.08000183105469,65.38999938964844,43.391143798828125,6218300,-0.004112157438345476,66.68999938964843,67.76999969482422,67.32440002441406,0.00915446888321789,8.154454440524233,-0.5618007686291975,-0.2529166559066626
2013-08-08,65.55000305175781,65.69999694824219,65.12000274658203,65.44999694824219,43.43095779418945,6905300,0.0009175341665967895,66.43899917602539,67.60199966430665,67.22919998168945,0.006210768511036953,9.462266441776976,-0.6177127489441858,-0.3258758745141673
2013-08-09,65.29000091552734,66.41000366210938,65.19999694824219,66.06999969482422,43.84236907958984,6247000,0.009472922467396394,66.23199920654297,67.48749961853028,67.1597999572754,0.006674853909650342,16.962537714341593,-0.6050200614414791,-0.3817047118996297
2013-08-12,65.93000030517578,65.94000244140625,65.33000183105469,65.52999877929688,43.48405075073242,8185500,-0.008173163584404342,66.02499923706054,67.33349952697753,67.0965998840332,0.006701047765758414,15.412192260679092,-0.6312578287513162,-0.43161533526996704
2013-08-13,65.5999984741211,65.6500015258789,64.44000244140625,64.62999725341797,42.88682174682617,10889000,-0.013734191097883097,65.7359992980957,67.13999938964844,67.01199981689453,0.0071699041904486885,16.764128494943478,-0.7164156561581763,-0.48857539944760886
2013-08-14,64.5,64.8499984741211,64.37000274658203,64.48999786376953,42.79393768310547,13474200,-0.0021661673464025144,65.5259994506836,66.92149925231934,66.94059982299805,0.0069142400894013365,16.570331518351693,-0.7861385132020899,-0.548088022198505
2013-08-15,63.83000183105469,63.84999847412109,63.02000045776367,63.27000045776367,41.98437881469727,17106100,-0.018917622056415895,65.23099937438965,66.62049922943115,66.85939979553223,0.007369908891379297,10.914933469348014,-0.9291275701890669,-0.6242959317966175
2013-08-16,63.0099983215332,63.2400016784668,61.790000915527344,61.810001373291016,41.01555633544922,22158900,-0.02307569264911402,64.81899948120117,66.24999923706055,66.72379989624024,0.008398523823065622,9.51049682312977,-1.1470348486958954,-0.7288437151764731
2013-08-19,61.65999984741211,61.880001068115234,60.91999816894531,60.970001220703125,40.45814514160156,15340000,-0.013590036141802542,64.32699966430664,65.82749938964844,66.57219985961915,0.008328726163424626,8.596721191304994,-1.3716968614225635,-0.8574143444256912
2013-08-20,61.27999877929688,62.709999084472656,61.2400016784668,62.400001525878906,41.40704345703125,20078000,0.023454162318274685,64.0009994506836,65.47799949645996,66.46119995117188,0.010629663683558492,25.08919864104182,-1.4180081363776083,-0.9695331028160747
2013-08-21,61.970001220703125,63.209999084472656,61.58000183105469,62.27000045776367,41.320796966552734,19768900,-0.002083350399620043,63.688999557495116,65.18949947357177,66.36839988708496,0.010103792262988378,25.826194590601844,-1.4485027175011282,-1.0653270257530854
2013-08-22,62.470001220703125,62.650001525878906,61.93999862670898,62.619998931884766,41.55303955078125,15039600,0.005620659571995423,63.405999755859376,64.92249946594238,66.30219985961914,0.010328755244119685,29.890634523707448,-1.427967223665135,-1.1378550653354953
2013-08-23,62.72999954223633,63.36000061035156,62.43000030517578,63.34999847412109,42.03744125366211,9662400,0.011657610263302365,63.13399963378906,64.68299942016601,66.21039978027343,0.010820224134803977,35.76232378404356,-1.3373714490720516,-1.1777583420828066
2013-08-26,63.459999084472656,63.47999954223633,63.0099983215332,63.11000061035156,41.878196716308594,5527400,-0.0037884430868229124,62.89199981689453,64.45849952697753,66.11039978027344,0.010772274806471019,35.722267835311,-1.2702962820525627,-1.196265930076758
2013-08-27,62.66999816894531,63.25,62.52999877929688,62.91999816894531,41.75210571289063,7907000,-0.0030106550399096044,62.72099990844727,64.22849960327149,66.0047998046875,0.010760448217997843,36.04518843745661,-1.2184250920263793,-1.2006977624666824
2013-08-28,62.77999877929688,62.93000030517578,62.45000076293945,62.619998931884766,41.55303955078125,5761700,-0.004767947326619781,62.53400001525879,64.02999973297119,65.89099983215333,0.010491506848376278,34.433454516765124,-1.187831647617216,-1.1981245394967892
2013-08-29,62.43000030517578,62.77000045776367,62.11000061035156,62.720001220703125,41.61939239501953,4663600,0.001596970465092662,62.479000091552734,63.854999732971194,65.82019981384278,0.010522250185480482,30.455084052428248,-1.1423484912357367,-1.1869693298445787
2013-08-30,62.75,63.11000061035156,62.11000061035156,62.2400016784668,41.30086898803711,6533700,-0.00765305377701242,62.52200012207031,63.67049980163574,65.7915998840332,0.010575750704463819,30.66981345633603,-1.1319858850043047,-1.175972640876524
2013-09-03,62.709999084472656,62.86000061035156,61.25,61.720001220703125,40.95582580566406,12854500,-0.00835476291356807,62.59700012207031,63.46199989318848,65.73759994506835,0.010632072223593228,32.10333938617603,-1.1524484279208878,-1.171267798285397
2013-09-04,61.709999084472656,62.47999954223633,61.52000045776367,62.15999984741211,41.24779510498047,11140200,0.007128947148520082,62.57299995422363,63.28699970245361,65.70059989929199,0.010879610205259212,36.18031443435888,-1.1202474137970313,-1.1610637213877237
2013-09-05,62.09000015258789,62.22999954223633,61.58000183105469,61.630001068115234,40.8961067199707,7406700,-0.00852636390923256,62.50900001525879,63.09899978637695,65.62939987182617,0.01095473125336367,39.40568577334381,-1.124531451634816,-1.1537572674371424
2013-09-06,62.459999084472656,63.209999084472656,62.38999938964844,62.7599983215332,41.64593124389648,12815100,0.01833518146736779,62.522999954223636,62.9644998550415,65.57359977722167,0.011923648391923253,56.41023925011559,-1.02493048725632,-1.127991911400978
2013-09-09,63.060001373291016,64.0,62.77000045776367,64.0,42.468780517578125,11123300,0.019757834793334483,62.58800010681152,62.86099987030029,65.51919975280762,0.012645723763067945,69.39820567525538,-0.8362979113298792,-1.0696531113867582
2013-09-10,64.12000274658203,64.2300033569336,63.52000045776367,63.91999816894531,42.41568756103516,8889000,-0.0012500286102294922,62.6689998626709,62.78049983978271,65.46899971008301,0.012548239491756683,61.764681567214886,-0.6853603080376871,-0.992794550716944
2013-09-11,63.84000015258789,64.36000061035156,63.84000015258789,64.36000061035156,42.70765686035156,9867700,0.006883642897537179,62.81300010681152,62.76700000762939,65.43459968566894,0.012306154513215834,65.43574602119217,-0.5241940673058423,-0.8990744540347237
2013-09-12,64.55999755859375,64.73999786376953,63.86000061035156,63.95000076293945,42.43559265136719,9121300,-0.006370413976443667,62.946000289916995,62.74000015258789,65.37659973144531,0.012378329222488063,59.736467602449466,-0.4246570395481726,-0.8041909711374136
2013-09-13,64.08999633789062,64.2699966430664,63.86000061035156,64.08999633789062,42.52849197387695,8046000,0.0021891410989991478,63.082999801635744,62.780999946594235,65.32719970703126,0.01158618753129709,55.92947209217883,-0.3306650541060492,-0.7094857877311407
2013-09-16,65.20999908447266,65.62999725341797,64.55999755859375,64.72000122070312,42.94655227661133,13644600,0.009830003414121435,63.330999755859374,62.926499938964845,65.30439971923828,0.010295590440435248,62.14177544970817,-0.2029995471779671,-0.608188539620506
2013-09-17,64.8499984741211,65.20999908447266,64.58000183105469,64.66999816894531,42.91337585449219,8761600,-0.0007726058531317692,63.625999450683594,63.11149978637695,65.27539962768554,0.009628248756432005,63.482269019982176,-0.10465217639529811,-0.5074812669754645
2013-09-18,64.6500015258789,66.97000122070312,63.97999954223633,66.93000030517578,44.41305541992188,37540300,0.03494668625668407,64.10299949645996,63.337999725341795,65.2747996520996,0.011138166506443696,75.5029413769644,0.15387829507270112,-0.3752093545658314
2013-09-19,66.97000122070312,67.5,66.62000274658203,66.66999816894531,44.24051284790039,20322800,-0.00388468751000981,64.60699920654297,63.55799961090088,65.26899963378906,0.011193420269000444,72.93840399599125,0.333936148801925,-0.2333802538922801
2013-09-20,66.7699966430664,66.79000091552734,65.38999938964844,65.5199966430664,43.47741317749024,17910100,-0.017249160903900718,64.88299903869628,63.70299949645996,65.20319961547851,0.012094911737101944,67.67236719380409,0.3794635632056753,-0.11081149047268901
2013-09-23,65.51000213623047,65.81999969482422,65.0199966430664,65.0999984741211,43.19868850708008,12152500,-0.006410228792186001,64.9929988861084,63.79049949645996,65.13799957275391,0.012036551196192428,68.40955518507499,0.37730469134739053,-0.013188254108673109
2013-09-24,64.45999908447266,64.61000061035156,64.0199966430664,64.06999969482422,42.91337966918945,13075000,-0.015821794215653107,65.00799903869628,63.83849945068359,65.04719955444335,0.012598832600395016,59.77481200820413,0.28914835417721463,0.047279067548504444
2013-09-25,64.16000366210938,64.69000244140625,63.869998931884766,64.29000091552734,43.06071853637695,9013600,0.0034337634111287763,65.00099906921386,63.906999588012695,64.9629995727539,0.012577832682708599,64.0591801635963,0.23433481583300875,0.08469021720540532
2013-09-26,64.37999725341797,64.70999908447266,64.19999694824219,64.68000030517578,43.32194900512695,4380700,0.00606625266907157,65.0739990234375,64.00999965667725,64.87939956665039,0.012542704980856039,61.009169696473904,0.21983031612407444,0.11171823698913914
2013-09-27,64.51000213623047,64.77999877929688,64.05999755859375,64.44000244140625,43.16119766235352,5971100,-0.0037105420939573808,65.10899963378907,64.0959997177124,64.78239959716797,0.012600873424817303,52.84975347794248,0.1868160743292151,0.12673780445715435
2013-09-30,64.06999969482422,64.5199966430664,63.56999969482422,63.790000915527344,42.725830078125,9374800,-0.010086925841909067,65.01599960327148,64.17349967956542,64.67379959106445,0.012704520339502447,49.215940172356035,0.10696928368672332,0.12278410030306815
2013-10-01,63.77999877929688,65.23999786376953,63.650001525878906,64.76000213623047,43.37554168701172,16465300,0.015206164081853935,65.025,64.3254997253418,64.58059967041015,0.012852989455624946,52.26758046323015,0.12057124841109612,0.12234152992467376
2013-10-02,64.38999938964844,64.83000183105469,64.12999725341797,64.80000305175781,43.402320861816406,11800100,0.0006176793423076088,64.8120002746582,64.45749988555909,64.48879974365235,0.012811559107820232,55.02959434684999,0.13304498328382408,0.12448222059650384
2013-10-03,64.52999877929688,64.6500015258789,63.400001525878906,63.79999923706055,42.7325439453125,23591100,-0.015432156907439154,64.52500038146972,64.56599979400634,64.40399971008301,0.013201823386479015,48.44255326123254,0.06152928626200094,0.11189163372960326
2013-10-04,63.84999847412109,64.05000305175781,63.2400016784668,63.56999969482422,42.5784912109375,13296400,-0.003605008542111765,64.3300006866455,64.6064998626709,64.31619972229004,0.012657050202986735,43.546576495500716,-0.013550260771239664,0.08680325482943467
2013-10-07,63.22999954223633,64.06999969482422,63.18999862670898,63.84999847412109,42.76601409912109,7675500,0.004404574180290055,64.2050006866455,64.59899978637695,64.23039970397949,0.011883364085821317,45.514228309038614,-0.0498827638217989,0.059466051099187955
2013-10-08,63.68000030517578,63.959999084472656,63.02999877929688,63.119998931884766,42.27708053588867,9526700,-0.011433039305900672,64.11000061035156,64.55899982452392,64.14079971313477,0.012152550946263097,24.967154021946726,-0.13601351728684108,0.02037013742198215
2013-10-09,63.18000030517578,63.61000061035156,62.9900016784668,63.09999847412109,42.26367950439453,9436400,-0.00031686403837338784,63.99100036621094,64.49599971771241,64.05239974975586,0.012026429870902083,25.780201055692416,-0.20354034335843352,-0.024411958734100986
2013-10-10,63.5099983215332,64.66000366210938,63.5099983215332,64.61000061035156,43.27506256103516,23726100,0.023930303846992462,63.98400039672852,64.52899971008301,64.01279983520507,0.013158920673469677,44.113870391151885,-0.13367041738064245,-0.04626365046340928
2013-10-11,64.58999633789062,65.27999877929688,64.37000274658203,65.2300033569336,43.69035720825195,11282500,0.00959608018456981,64.06300048828125,64.58600006103515,63.99299987792969,0.013309514884154605,50.81970209793708,-0.027946804224768584,-0.04260028121568114
2013-10-14,64.91000366210938,65.33000183105469,64.62999725341797,65.20999908447266,43.67691802978516,15004400,-0.00030667287186048053,64.20500030517579,64.61049995422363,63.978599853515625,0.01314618297233534,58.236973826376484,0.053607786105303035,-0.023358667751484312
2013-10-15,65.0999984741211,65.44000244140625,64.81999969482422,65.0,43.53628540039063,8338500,-0.0032203509802327668,64.22900009155273,64.62700004577637,63.960799865722656,0.013169621348874633,55.137466890579645,0.1001408540002302,0.0013412365988585903
2013-10-16,65.29000091552734,66.25,65.22000122070312,66.18000030517578,44.32663345336914,16177500,0.018153850848858122,64.36699981689453,64.58950004577636,63.97119979858398,0.011240955851459818,59.74024429877058,0.22958825798890814,0.04699064087686851
2013-10-17,65.93000030517578,67.41999816894531,65.87000274658203,67.19999694824219,45.00981903076172,19146900,0.015412460537366224,64.70699958801269,64.61599998474121,64.00739974975586,0.011752013644108274,66.27353143342462,0.40975802742134704,0.11954411818576421
2013-10-18,67.4800033569336,67.61000061035156,66.80000305175781,67.06999969482422,44.9227409362793,11933200,-0.001934483025618161,65.0569995880127,64.6935001373291,64.0397998046875,0.011012995672899028,70.60299003003831,0.535876920266162,0.20281067860184376
2013-10-21,67.0,67.08000183105469,66.45999908447266,66.72000122070312,44.68831634521485,9373400,-0.005218405780730961,65.3439998626709,64.77450027465821,64.05279983520508,0.01097264542561672,63.35148518453458,0.6006610529609588,0.2823807534736668
2013-10-22,67.05999755859375,67.72000122070312,66.80999755859375,67.43000030517578,45.16386795043945,10465300,0.010641472893923476,65.775,64.94250030517578,64.09079986572266,0.010380583185207697,66.4169572534949,0.7012108154807919,0.3661467658750919
2013-10-23,67.33000183105469,67.61000061035156,67.0199966430664,67.56999969482422,45.25764465332031,13218500,0.0020762181375475475,66.22200012207031,65.10650024414062,64.14959991455078,0.010379350901782167,76.36364800416575,0.7831661554841816,0.4495506437969098
2013-10-24,67.7300033569336,67.7300033569336,67.19000244140625,67.5199966430664,45.224151611328125,6881800,-0.0007400185286909888,66.5129997253418,65.24850006103516,64.21019989013672,0.010369294279998465,78.33569767900067,0.8344623618368132,0.5265329874048905
2013-10-25,67.73999786376953,68.25,67.5,68.18000030517578,45.666202545166016,7983500,0.009774936239976162,66.80799942016601,65.43549995422363,64.30839988708496,0.010403008052877577,79.45577030870479,0.9177920194968863,0.6047847938232898
2013-10-28,68.16999816894531,68.16999816894531,67.18000030517578,67.70999908447266,45.35141372680664,8219400,-0.006893535033725251,67.05799942016601,65.63149986267089,64.4263998413086,0.010216409645407825,82.36950010303431,0.9351266451346305,0.670853164085558
2013-10-29,67.44999694824219,67.48999786376953,66.87000274658203,67.13999938964844,44.96962356567383,8522000,-0.00841824992661877,67.27199935913086,65.7504997253418,64.5497998046875,0.010100262485965605,76.43977227676305,0.8925811295071782,0.715198757169882
2013-10-30,66.72000122070312,67.04000091552734,66.3499984741211,66.6500015258789,44.64142608642578,7474200,-0.007298151150193166,67.31899948120117,65.84299964904785,64.6347998046875,0.010304311988910925,65.40785550716436,0.8099877349170725,0.7341565527193201
2013-10-31,66.72000122070312,66.86000061035156,65.86000061035156,66.16999816894531,44.31992721557617,9070700,-0.007201850651829544,67.21599960327148,65.9614995956421,64.71279975891113,0.009743327310510967,57.25304263157461,0.6977563148427492,0.726876505144006
2013-11-01,66.2699966430664,66.76000213623047,65.86000061035156,66.58999633789062,44.60125350952149,16618700,0.006347259793977544,67.16799926757812,66.11249942779541,64.79219970703124,0.009703039723255964,60.02905381054032,0.6353782035910598,0.7085768448334169
2013-11-04,66.8499984741211,66.9800033569336,66.1500015258789,66.68000030517578,44.66152572631836,4092900,0.001351613939554186,67.16399917602538,66.25399951934814,64.85879974365234,0.009693320088535138,62.42603383341967,0.5864454904155849,0.6841505739498506
2013-11-05,66.20999908447266,66.2699966430664,65.54000091552734,65.66999816894531,43.98503875732422,9774500,-0.015147002573604795,66.98799896240234,66.38149948120117,64.90999969482422,0.009999289630409235,46.130486880112066,0.4608547841495749,0.6394914159897955
2013-11-06,66.01000213623047,66.19000244140625,65.55000305175781,65.66000366210938,43.97834777832031,4892000,-0.00015219289043111317,66.79699935913087,66.50949974060059,64.9647998046875,0.009997323578260072,36.20078153413675,0.35640831819185337,0.5828747964302071
2013-11-07,65.79000091552734,65.83999633789062,64.72000122070312,64.86000061035156,43.442508697509766,9769500,-0.012184023867477634,66.53099975585937,66.52199974060059,65.00959983825683,0.009051721556885484,32.320028906214716,0.2066975009258698,0.5076393373293397
2013-11-08,64.2300033569336,64.4000015258789,63.13999938964844,63.9900016784668,42.859806060791016,17449800,-0.013413489418714453,66.11199989318848,66.45999965667724,65.03499984741211,0.009258789749857624,29.83754592985811,0.017645549801599714,0.40964057982379176
2013-11-11,64.11000061035156,64.37000274658203,63.86000061035156,63.93999862670898,42.8262939453125,6158600,-0.0007814197600598538,65.73499984741211,66.39649963378906,65.06899978637695,0.00925774704084229,21.440304475923412,-0.134662012043421,0.3007800614503492
2013-11-12,63.900001525878906,63.900001525878906,63.2599983215332,63.720001220703125,42.67896270751953,10349700,-0.003440685185031489,65.39300003051758,66.33249969482422,65.10899978637696,0.009260731254954796,18.90151687892947,-0.27000633918693495,0.18662278132289237
2013-11-13,63.470001220703125,64.18000030517578,63.40999984741211,64.16999816894531,42.9803581237793,6905000,0.007062098864115907,65.14499969482422,66.2319995880127,65.14919975280762,0.008342895241782585,24.582727941048773,-0.33707115416395084,0.08188399422552371
2013-11-14,64.63999938964844,65.0999984741211,64.30000305175781,64.68000030517578,43.32194900512695,7918300,0.007947672600640443,64.99599990844726,66.10599975585937,65.21019973754883,0.007687302008920649,22.826097258157773,-0.34508961481230926,-0.0035107275820428774
2013-11-15,64.81999969482422,65.0,64.55000305175781,64.83999633789062,43.42910003662109,11699600,0.0024736554106361552,64.82099990844726,65.9944995880127,65.25179969787598,0.007748640613545223,26.590505444502668,-0.33467602308304834,-0.06974378668224397
2013-11-18,65.05999755859375,65.05999755859375,64.36000061035156,64.38999938964844,43.12770462036133,6279000,-0.006940113720814933,64.59199981689453,65.87799949645996,65.25959968566895,0.007799642043137337,27.121443315197112,-0.3586004468235302,-0.12751511871050122
2013-11-19,64.41000366210938,64.41999816894531,63.7400016784668,63.900001525878906,42.79951095581055,8551800,-0.007609844205842653,64.4150001525879,65.70149955749511,65.25919975280762,0.0073273270545006625,27.121443315197112,-0.41234618735596484,-0.18448133243959397
2013-11-20,63.970001220703125,64.5999984741211,63.09000015258789,63.34000015258789,42.42442321777344,10075700,-0.008763714552717516,64.18299980163575,65.4899995803833,65.23879974365235,0.00735944447028076,26.765176594391946,-0.4944280459005199,-0.24647067513177917
2013-11-21,63.40999984741211,63.81999969482422,63.13999938964844,63.68000030517578,42.65216827392578,7412500,0.0053678584112539784,64.06499977111817,65.29799976348878,65.23339973449707,0.007590072951661235,25.79036029562978,-0.5259801673925182,-0.302372573583927
2013-11-22,63.84999847412109,63.84999847412109,63.18000030517578,63.4900016784668,42.52490234375,5750500,-0.002983646761910319,64.01499977111817,65.06349983215333,65.2213998413086,0.006980770485048364,23.89521863373659,-0.5598630001235279,-0.3538706588918472
2013-11-25,63.5,63.66999816894531,63.18000030517578,63.220001220703125,42.34405899047852,5823800,-0.004252645308328029,63.94300003051758,64.83899993896485,65.1913998413086,0.00693872672933267,27.188057199281104,-0.6015676719694341,-0.4034100615073646
2013-11-26,63.400001525878906,63.400001525878906,63.02000045776367,63.040000915527344,42.22350692749024,6277300,-0.002847205025311439,63.875,64.63400001525879,65.15879989624024,0.006837836329570397,26.353737168417013,-0.6417457990767588,-0.4510772090212435
2013-11-27,63.31999969482422,63.77999877929688,63.02000045776367,63.68999862670898,42.65886688232422,5205300,0.010310877248441264,63.827000045776366,64.48599987030029,65.0939998626709,0.007383864498042384,39.14652504364964,-0.6140593769830787,-0.48367364261361057
2013-11-29,63.68999862670898,63.84999847412109,63.04999923706055,63.09999847412109,42.26367950439453,4961700,-0.009263623258118137,63.6689998626709,64.33249988555909,65.02259986877442,0.00747062566838625,41.29153531065952,-0.6324354473214555,-0.5134260035551796
2013-12-02,62.9900016784668,63.29999923706055,62.560001373291016,62.77000045776367,42.04264831542969,9128400,-0.00522976266778763,63.4620002746582,64.14150009155273,64.96759994506836,0.00720540116748655,39.146552749137996,-0.6659500399475888,-0.5439308108336615
2013-12-03,62.630001068115234,62.900001525878906,62.470001220703125,62.70000076293945,41.99577713012695,7106800,-0.0011151775420380483,63.29300041198731,63.94250011444092,64.91959999084473,0.007149240586900379,40.26714598025231,-0.6902027586583444,-0.5731852003985981
2013-12-04,62.0,63.22999954223633,61.93999862670898,62.84000015258789,42.08953475952149,15225500,0.00223284510278976,63.1870002746582,63.80100021362305,64.895,0.006639292244254695,36.51114582777179,-0.6901705754693594,-0.5965822754127504
2013-12-05,62.68000030517578,63.060001373291016,62.34000015258789,62.90999984741211,42.13642120361328,11587100,0.001113935306401137,63.14400024414063,63.663500022888186,64.86739997863769,0.006665620639112911,30.289467580497515,-0.6766961477373741,-0.6126050498776752
2013-12-06,63.470001220703125,63.540000915527344,63.06999969482422,63.400001525878906,42.464630126953125,9929900,0.007788931483949879,63.11600036621094,63.590500068664554,64.84180000305176,0.006573346955668063,35.06226989106722,-0.6193391699188169,-0.6139518738859036
2013-12-09,63.5,63.880001068115234,63.20000076293945,63.810001373291016,42.73923873901367,9697700,0.006466874409218226,63.14800033569336,63.58150005340576,64.82919998168946,0.006102311184998899,43.93306875161105,-0.5346368300119337,-0.5980888651111096
2013-12-10,63.86000061035156,64.12000274658203,63.7599983215332,63.810001373291016,42.73923873901367,6791800,0.0,63.20700035095215,63.57500019073486,64.82959999084473,0.006100375989890028,48.95104646375546,-0.4621818704836187,-0.5709074661856115
2013-12-11,63.810001373291016,63.810001373291016,62.34000015258789,62.43000030517578,41.814937591552734,13703100,-0.021626720551879863,63.14600028991699,63.5105001449585,64.78299995422363,0.007757370011495993,41.09588632045714,-0.5102336897286364,-0.5587727108942164
2013-12-12,62.38999938964844,62.5,61.900001525878906,62.0099983215332,41.53361511230469,8008900,-0.006727566580001398,62.978000259399415,63.40250015258789,64.72719985961913,0.007615224599459645,33.911344648066475,-0.575570929259861,-0.5621323545673453
2013-12-13,62.290000915527344,62.97999954223633,62.11000061035156,62.2599983215332,41.70106506347656,5952900,0.004031607914319002,62.89400024414063,63.281500053405765,64.69639984130859,0.007401928656535988,38.28568231491812,-0.6002588413796488,-0.5697576519298061
2013-12-16,62.650001525878906,62.650001525878906,62.130001068115234,62.33000183105469,41.74794387817383,6769100,0.0011243737778463547,62.85000038146973,63.15600032806397,64.6715998840332,0.007366234886256519,41.188130180053584,-0.607176340527289,-0.5772413896493027
2013-12-17,62.33000183105469,62.83000183105469,62.13999938964844,62.65999984741211,41.96897888183594,7415100,0.005294368789718229,62.846000289916994,63.06950035095215,64.64779991149902,0.007437344869156167,46.34614411190558,-0.5793520170101516,-0.5776635151214725
2013-12-18,62.70000076293945,63.90999984741211,62.02000045776367,63.7599983215332,42.70573043823242,20907600,0.01755503473986253,62.93800010681152,63.062500190734866,64.660599899292,0.008387755651226986,50.6194661585807,-0.4632008651279733,-0.5547709851227727
2013-12-19,63.54999923706055,63.70000076293945,62.66999816894531,62.97999954223633,42.18331527709961,12584500,-0.012233356333597234,62.945000076293944,63.04450016021728,64.6581999206543,0.008609836163580171,48.972611911391965,-0.42914273291202676,-0.5296453346806236
2013-12-20,63.150001525878906,63.4900016784668,62.900001525878906,63.470001220703125,42.51150131225586,14497800,0.0077802744050226025,62.952000045776366,63.03400020599365,64.63539993286133,0.008709004999069727,55.83333598242698,-0.35848004263252164,-0.4954122762710032
2013-12-23,63.27999877929688,63.36000061035156,62.90999984741211,62.970001220703125,42.5716552734375,8197500,-0.007877737362275372,62.86800003051758,63.008000183105466,64.59019989013672,0.008860867919835647,52.099535651378424,-0.33891833323824017,-0.4641134876644506
2013-12-24,63.04999923706055,63.20000076293945,62.88999938964844,63.08000183105469,42.64604187011719,3641500,0.0017468732447061264,62.795000076293945,63.001000213623044,64.54759994506836,0.008824117464263152,51.8750115483903,-0.31095491299258526,-0.4334817727300776
2013-12-26,63.33000183105469,63.540000915527344,62.90999984741211,63.150001525878906,42.69336700439453,4603100,0.0011096970956294694,62.86700019836426,63.006500244140625,64.51059997558593,0.008802994802818948,51.8750115483903,-0.27991858343531106,-0.4027691348711243
2013-12-27,63.209999084472656,63.22999954223633,62.720001220703125,63.22999954223633,42.74745178222656,11549200,0.001266793577584302,62.98900032043457,62.98350028991699,64.45159996032714,0.008478477243789822,48.58095212014956,-0.24603080730995686,-0.3714214693588908
2013-12-30,63.209999084472656,63.43000030517578,63.11000061035156,63.27999877929688,42.781246185302734,3941800,0.0007907518175316319,63.091000366210935,62.99250030517578,64.37319999694824,0.008214752512363043,45.293050679903665,-0.21268824234868333,-0.33967482395684934
2013-12-31,63.290000915527344,63.52000045776367,62.9900016784668,63.08000183105469,42.64604187011719,6767300,-0.0031605080926080387,63.16600036621094,63.00800037384033,64.29340003967285,0.008155923675338263,43.73928138407474,-0.2000955250182912,-0.31175896416913773
2014-01-02,63.130001068115234,63.220001220703125,62.59999847412109,62.97999954223633,42.578426361083984,10310500,-0.0015853247608678123,63.19800033569336,63.022000312805176,64.21860000610351,0.00816082675583065,56.043948673449265,-0.19592653561939954,-0.2885924784591901
2014-01-03,62.95000076293945,63.59000015258789,62.91999816894531,63.34999847412109,42.82858276367188,6368400,0.005874863997682667,63.157000350952146,63.04750022888184,64.13699996948242,0.008247467816744276,64.88890320578943,-0.16091186804119673,-0.26305635637559144
2014-01-06,63.47999954223633,63.869998931884766,63.27000045776367,63.61000061035156,43.00436401367188,7108000,0.0041042169296450215,63.220000457763675,63.082500267028806,64.05779998779298,0.008287399995627378,64.96677152154031,-0.11090405929298441,-0.23262589695907004
2014-01-07,63.88999938964844,64.11000061035156,63.41999816894531,63.83000183105469,43.15308380126953,9676100,0.0034585948528873534,63.25600051879883,63.1040002822876,63.98400009155274,0.00814465422625444,66.09443430283477,-0.05291033330261996,-0.19668278422778004
2014-01-08,63.63999938964844,63.93000030517578,63.27000045776367,63.72999954223633,43.0854721069336,9098800,-0.0015666972575536509,63.33200035095215,63.10000019073486,63.89500007629395,0.008025351044070676,62.07674515929585,-0.014848077195352971,-0.16031584282129463
2014-01-09,63.91999816894531,63.91999816894531,63.20000076293945,63.70000076293945,43.06519317626953,8012900,-0.00047071676623811065,63.39400024414063,63.09450016021729,63.814800109863285,0.008025942398427514,49.10717934977589,0.012748922570921195,-0.12570288974285146
2014-01-10,64.30000305175781,64.69999694824219,64.0199966430664,64.45999908447266,43.579010009765625,13050800,0.01193089972418604,63.525,63.19600009918213,63.76120010375976,0.0066726218032667805,72.15568075782261,0.09485186344947749,-0.08159193910438567
2014-01-13,64.51000213623047,64.51000213623047,63.84999847412109,64.04000091552734,43.295066833496094,8248200,-0.006515640318190519,63.606000137329104,63.29750022888184,63.70900009155273,0.006658818049605641,58.71560061128541,0.12459246902593435,-0.04035505747832166
2014-01-14,64.05000305175781,64.62000274658203,64.0,64.44000244140625,43.56548690795898,5319500,0.006246119927551641,63.72200050354004,63.40650043487549,63.67440017700196,0.006718944199150858,73.18615252058964,0.17838260971548436,0.0033924759604395463
2014-01-15,64.43000030517578,64.94999694824219,64.41999816894531,64.73999786376953,43.76830673217773,7612600,0.004655422268738496,63.888000106811525,63.52700023651123,63.63740020751953,0.006748144201336508,74.70237351867947,0.2424242908463512,0.05119883893762188
2014-01-16,64.68000030517578,64.95999908447266,64.68000030517578,64.88999938964844,43.86970520019531,11237800,0.0023169837940766325,64.07900009155273,63.63850021362305,63.60160018920899,0.006702476815039757,75.2907047663826,0.3018026608526583,0.10131960332062917
2014-01-17,64.9800033569336,65.01000213623047,64.51000213623047,64.68000030517578,43.72774124145508,8539200,-0.0032362318762196862,64.21200027465821,63.68450031280518,63.58180023193359,0.005656282499526682,70.30815737086905,0.3281327655338231,0.14668223576326794
2014-01-21,64.9000015258789,65.36000061035156,64.75,65.12999725341797,44.0319709777832,10145000,0.006957281170670848,64.36399993896484,63.792000198364256,63.571200103759764,0.004921092065012261,73.29976650555858,0.38091955264484056,0.19352969913958246
2014-01-22,65.23999786376953,65.62000274658203,65.13999938964844,65.30000305175781,44.14689254760742,8165500,0.002610253424061293,64.51100006103516,63.883500289916995,63.58000015258789,0.004715920193410539,78.17258686660574,0.43149747457779597,0.2411232542272252
2014-01-23,65.12999725341797,65.38999938964844,64.5199966430664,65.2699966430664,44.126609802246094,10437200,-0.00045951619125683685,64.66499977111816,63.99850006103516,63.60560005187988,0.004209647404094923,79.5864756889854,0.4638130278253385,0.2856612089468479
2014-01-24,65.05999755859375,65.05999755859375,64.2300033569336,64.30999755859375,43.47760772705078,13019600,-0.014708122167103488,64.72599945068359,64.05999984741212,63.613000030517576,0.005599813832289914,60.7623053737543,0.40726473912603467,0.30998191498268524
2014-01-27,64.38999938964844,64.7300033569336,63.66999816894531,63.91999816894531,43.21393585205078,11158300,-0.00606436641974839,64.67199935913087,64.09849967956544,63.61699996948242,0.005816704707167658,53.376876804499844,0.32720826830275485,0.3134271856466992
2014-01-28,64.05000305175781,64.68000030517578,64.0199966430664,64.56999969482422,43.65337371826172,7727800,0.010168985364500616,64.72499923706054,64.16549968719482,63.625,0.006196812579720916,57.37049037815624,0.3126090665221142,0.3132635618217822
2014-01-29,64.18000030517578,64.55999755859375,63.91999816894531,64.2699966430664,43.45055389404297,9226100,-0.004646167774132071,64.70799865722657,64.2149995803833,63.616799926757814,0.006327463724417738,55.17238103381119,0.2736765816076314,0.30534616577895207
2014-01-30,64.48999786376953,65.2699966430664,64.48999786376953,65.05000305175781,43.97789001464844,9384200,0.01213640033347585,64.73899917602539,64.31349964141846,63.621000061035154,0.006735471272261824,61.30652784691147,0.30227783450064294,0.30473249952329023
2014-01-31,64.58000183105469,65.5999984741211,64.25,65.25,44.113094329833984,12207500,0.0030745109740126786,64.77499923706054,64.42699966430663,63.63820007324219,0.006701439323822517,57.30128712270889,0.33719563438199884,0.311225126495032
2014-02-03,65.29000091552734,65.3499984741211,64.05999755859375,64.30000305175781,43.47084045410156,16058300,-0.014559340202945359,64.73699951171875,64.47449989318848,63.64620010375977,0.007550359098103646,52.18856645974859,0.2849269673707795,0.3059654946701815
2014-02-04,64.43000030517578,65.08000183105469,64.12999725341797,64.97000122070312,43.92380905151367,16129900,0.010419877716117742,64.72099990844727,64.54249992370606,63.67880012512207,0.007824181568415009,54.26729634698596,0.29417584894599713,0.3036075655253447
2014-02-05,64.69999694824219,65.04000091552734,64.58000183105469,64.94999694824219,43.910274505615234,12270400,-0.00030790013983506004,64.68599929809571,64.59849967956544,63.7042000579834,0.007809419751205498,51.770645306133474,0.2964739099388538,0.3021808344080465
2014-02-06,65.08000183105469,65.4800033569336,65.05999755859375,65.43000030517578,44.23477935791016,10567500,0.007390352263081823,64.70199966430664,64.68349971771241,63.74300003051758,0.007916666068985785,54.3130943690106,0.33318663109960767,0.3083819937463587
2014-02-07,65.7300033569336,65.95999908447266,65.38999938964844,65.87000274658203,44.53224563598633,10915400,0.006724781283111936,64.85800018310547,64.79199981689453,63.79600006103516,0.007992848011287346,59.167940187619024,0.3932530702853114,0.3253562090541493
2014-02-10,65.95999908447266,66.62000274658203,65.69000244140625,66.47000122070312,44.93790435791016,12611400,0.009108827221845361,65.11300048828124,64.89249992370605,63.864600067138674,0.007826022565160101,60.09035746580859,0.48369528045715526,0.35702402333475053
2014-02-11,66.5999984741211,66.98999786376953,66.29000091552734,66.69999694824219,45.0933837890625,13250700,0.003460143272382421,65.32600021362305,65.0254997253418,63.92480003356933,0.007598450262425721,60.447696610277575,0.5673896025270295,0.39909713917320633
2014-02-12,66.91000366210938,66.91000366210938,66.45999908447266,66.73999786376953,45.12042999267578,6358300,0.0005997139034110699,65.57300033569337,65.14049949645997,63.9976000213623,0.007539569568620776,60.95379843409961,0.6296870549312104,0.4452151223248072
2014-02-13,66.66999816894531,67.37000274658203,66.38999938964844,67.0,45.29621124267578,10486100,0.003895746846758863,65.76800003051758,65.25349960327148,64.08220001220702,0.007526233889483675,72.37935166754681,0.6920605905605015,0.4945842159719461
2014-02-14,67.0,67.41000366210938,66.97000122070312,67.2699966430664,45.47874450683594,6953700,0.004029800642782133,65.96999969482422,65.37249946594238,64.17359992980957,0.007542822460305086,78.43798371793295,0.7545802086279423,0.5465834145031454
2014-02-18,67.41999816894531,67.69999694824219,67.0,67.66999816894531,45.749168395996094,12370800,0.0059462099872147345,66.30699920654297,65.52199935913086,64.27019989013672,0.007497558985191315,77.482221774319,0.8268725643505803,0.6026412444726323
2014-02-19,67.5,68.23999786376953,67.44999694824219,67.6500015258789,45.735652923583984,13736700,-0.00029550234383757257,66.57499923706055,65.6479995727539,64.36499992370605,0.007435014069194447,81.52989270453465,0.8724936514174289,0.6566117258615917
2014-02-20,67.55999755859375,68.08999633789062,67.25,67.52999877929688,45.6545295715332,7509200,-0.001773876480048897,66.83299942016602,65.75949935913086,64.44759986877442,0.007478288429000616,76.38295040241024,0.8887208520824288,0.703033551105759
2014-02-21,67.66999816894531,67.87999725341797,67.19999694824219,67.63999938964844,45.7288932800293,8399400,0.0016289147392267722,67.05399932861329,65.87799949645996,64.52419982910156,0.007461004835244767,75.92189884185476,0.9000815753427958,0.7424431559531665
2014-02-24,67.72000122070312,68.3499984741211,67.70999908447266,67.75,45.8032455444336,11196700,0.0016262656910726037,67.24199905395508,66.04999961853028,64.60299980163575,0.006372071897714238,95.75587584135734,0.9075000644740641,0.7754545376573461
2014-02-25,67.7699966430664,68.13999938964844,67.5999984741211,67.77999877929688,45.823543548583984,6091200,0.0004427864102860557,67.37299880981445,66.24299964904785,64.70999977111816,0.006063528937302395,94.8880698880699,0.9053634549969019,0.8014363211252573
2014-02-26,67.8499984741211,68.26000213623047,67.77999877929688,67.97000122070312,45.95198059082031,10265300,0.0028032228508136914,67.49999923706055,66.41299972534179,64.82919982910157,0.0058210520923405226,95.7575981763452,0.9085288308748716,0.8228548230751802
2014-02-27,67.9000015258789,68.26000213623047,67.61000061035156,67.9000015258789,45.90467071533203,5632900,-0.0010298616090490542,67.61599960327149,66.59449996948243,64.94199989318848,0.005637889355771241,92.73359415836408,0.8950712000710581,0.8372980984743559
2014-02-28,68.22000122070312,68.68000030517578,67.8499984741211,68.3499984741211,46.20886993408203,14613500,0.006627348131511779,67.7509994506836,66.75949974060059,65.0623998260498,0.0052791488890626724,92.75863701895251,0.9102244230894456,0.8518833633973739
2014-03-03,67.95999908447266,68.45999908447266,67.83000183105469,68.4000015258789,46.24270248413086,11517800,0.0007315735607038576,67.86399993896484,66.91699981689453,65.17719985961914,0.005291490716356952,91.06386294351972,0.9157125259011707,0.8646491958981333
2014-03-04,68.75,69.31999969482422,68.75,69.23999786376953,46.810585021972656,15107900,0.012280647940816403,68.02099990844727,67.16399955749512,65.28679985046386,0.004022380285469988,92.90543414103558,0.9765851060452064,0.887036377927548
2014-03-05,69.23999786376953,69.33000183105469,68.5999984741211,69.1500015258789,46.74973678588867,12690500,-0.0012997738397926284,68.17099990844727,67.37299957275391,65.41019989013672,0.003843976914339015,90.03335648347638,1.005968928422675,0.9108228880265734
2014-03-06,69.06999969482422,69.12000274658203,68.56999969482422,68.81999969482422,46.52665328979492,8717000,-0.004772260647473492,68.3,67.56649971008301,65.51719985961914,0.004169894160770183,79.54550521301657,0.9912014759172081,0.9268986056047004
2014-03-07,68.45999908447266,68.6500015258789,67.73999786376953,68.04000091552734,45.99931335449219,14545300,-0.011333896872358418,68.34000015258789,67.69699974060059,65.61859985351562,0.005106843579180998,60.724304428028596,0.9061136663360543,0.9227416177509712
2014-03-10,67.91999816894531,68.13999938964844,67.48999786376953,67.79000091552734,45.83029174804688,11747500,-0.003674309180424329,68.34400024414063,67.79299964904786,65.71279983520508,0.005126613971773024,51.74422859829624,0.8091803264495638,0.9000293594906897
2014-03-11,67.83999633789062,68.31999969482422,67.79000091552734,68.16000366210938,46.080448150634766,10502200,0.0054580726004576086,68.38200073242187,67.87749977111817,65.81299987792968,0.004899529969934354,56.72825874712891,0.7535298624316482,0.8707294600788815
2014-03-12,67.87999725341797,68.3499984741211,67.87999725341797,68.30999755859375,46.18185043334961,6888400,0.0022006145602331273,68.41600036621094,67.95799980163574,65.91459983825683,0.0048779110275103035,60.209429312114786,0.7133071617105884,0.839245000405223
2014-03-13,68.4000015258789,68.48999786376953,67.91000366210938,68.08999633789062,46.033111572265625,9383600,-0.0032206299014199136,68.43499984741212,68.0254997253418,66.01079978942872,0.004976646037551929,55.72516268306698,0.6561148382780573,0.8026189679797899
2014-03-14,67.91000366210938,68.47000122070312,67.86000061035156,68.11000061035156,46.04664993286133,8557400,0.0002937916512972816,68.41100006103515,68.08099975585938,66.11139976501465,0.004931826995534588,54.68751241764617,0.6054247281123821,0.7631801200063084
2014-03-17,68.48999786376953,68.69000244140625,68.0999984741211,68.22000122070312,46.12099838256836,9020200,0.001615043449799014,68.39300003051758,68.12849998474121,66.21619979858399,0.004878730121312659,55.612278659872864,0.5675858046988083,0.7240612569448084
2014-03-18,68.26000213623047,68.5999984741211,68.08000183105469,68.5199966430664,46.32380676269531,10663100,0.0043974701992857135,68.32099990844726,68.17099990844727,66.31959976196289,0.004802993464521948,56.82377953083853,0.5554029689969298,0.6903295993552326
2014-03-19,68.55000305175781,68.8499984741211,67.02999877929688,67.30999755859375,45.50578689575195,16403800,-0.017659065145256392,68.13699951171876,68.15399971008301,66.39359970092774,0.006312261635249623,44.29395505879957,0.44300449019569044,0.6408645775233242
2014-03-20,67.16000366210938,67.43000030517578,66.6500015258789,67.4000015258789,45.56661987304688,15716900,0.0013371560028183627,67.99499969482422,68.1474998474121,66.46499969482421,0.006310620992752968,40.1247668354334,0.3570743233947127,0.5841065266976019
2014-03-21,67.58000183105469,68.1500015258789,67.5199966430664,67.94999694824219,45.93846130371094,18908000,0.008160169286526076,67.9859992980957,68.16299972534179,66.54939964294434,0.006567332459650433,45.76266072406109,0.32955517428452197,0.5331962562149859
2014-03-24,68.48999786376953,68.48999786376953,67.16999816894531,67.55000305175781,45.66804122924805,10919300,-0.005886591824118104,67.96199951171874,68.15299987792969,66.62639968872071,0.006697984816304858,32.648879322094444,0.27233062783436424,0.4810231305388616
2014-03-25,67.20999908447266,67.33999633789062,66.79000091552734,67.2699966430664,46.00244522094727,10306800,-0.004145172406237463,67.87299880981445,68.12749977111817,66.68259963989257,0.006755780665740048,31.422867688744674,0.2020564049611835,0.425229785423326
2014-03-26,67.11000061035156,67.36000061035156,66.48999786376953,66.5199966430664,45.48955154418945,10498200,-0.011149101195581879,67.69399871826172,68.05499954223633,66.73219955444335,0.0071228054945936085,29.014554334418335,0.08486655621483408,0.35715713958162765
2014-03-27,66.5,66.9000015258789,66.25,66.83999633789062,45.70839309692383,8288600,0.004810578938259313,67.56899871826172,68.00199928283692,66.78019943237305,0.00724254031683603,38.04775517834101,0.01761104859366469,0.2892479213840351
2014-03-28,67.05000305175781,67.51000213623047,66.95999908447266,67.27999877929688,46.00929641723633,8326600,0.00658292138709804,67.48599853515626,67.9484992980957,66.83099945068359,0.007240161280884907,45.10554485747966,-0.00018279878759130952,0.23136177734970984
2014-03-31,67.63999938964844,67.9000015258789,67.08000183105469,67.66999816894531,46.275978088378906,8762400,0.005796661663561853,67.43099822998047,67.91199913024903,66.88659942626953,0.007382404012273774,45.31543122890244,0.01698929829349538,0.18848728153846694
2014-04-01,67.88999938964844,68.11000061035156,67.31999969482422,68.0999984741211,46.57002258300781,15963700,0.00635437146166673,67.38899841308594,67.8549991607666,66.95499938964844,0.0069481395720905155,48.09438291237831,0.06455162891757027,0.16370015101428761
2014-04-02,67.87999725341797,68.18000030517578,67.73999786376953,68.11000061035156,46.576881408691406,10488700,0.00014687425043447,67.46899871826172,67.80299911499023,67.01459945678711,0.00695026603805859,50.18871944285299,0.10187782327770378,0.15133568546697085
2014-04-03,68.0999984741211,68.19999694824219,67.70999908447266,67.87000274658203,46.41274642944336,10216600,-0.0035236802469365003,67.51599884033203,67.75549926757813,67.06599945068359,0.006917618592546799,47.82610498440258,0.11081586307933833,0.14323172098944434
2014-04-04,68.22000122070312,68.54000091552734,67.88999938964844,68.13999938964844,46.59738540649414,12050300,0.003978143983204729,67.53499908447266,67.76049919128418,67.12339950561524,0.006510875110224884,49.295757621345146,0.13809393572603312,0.1422041639367621
2014-04-07,67.91999816894531,68.69999694824219,67.91000366210938,68.20999908447266,46.64524459838867,15098800,0.001027292272545166,67.60099868774414,67.78149909973145,67.20139953613281,0.006452283022237849,47.15598410845226,0.16347594623890416,0.1464585203971905
2014-04-08,68.16000366210938,68.66999816894531,68.04000091552734,68.58999633789062,46.90511703491211,8741500,0.005570990448883872,67.73299865722656,67.80299873352051,67.29479949951173,0.006457055161182967,63.85281528258515,0.21181233427817858,0.15952928317338813
2014-04-09,68.76000213623047,68.77999877929688,68.12999725341797,68.54000091552734,46.87092971801758,7283500,-0.0007289025372883007,67.93499908447265,67.81449890136719,67.37419952392578,0.006445709999286451,62.445444671735174,0.24328066917138358,0.17627956037298723
2014-04-10,68.5999984741211,68.88999938964844,67.76000213623047,67.93000030517578,46.45377731323242,8403900,-0.008899921246038,68.04399948120117,67.80649909973144,67.44739959716797,0.00672291546495633,49.784518549820525,0.21650190087824228,0.18432402847403825
2014-04-11,67.79000091552734,68.12000274658203,67.41000366210938,67.5199966430664,46.17340469360352,9716100,-0.006035678790923482,68.06799926757813,67.7769989013672,67.49679946899414,0.006851347841751203,49.67735055005455,0.16034728143894483,0.17952867906701958
2014-04-14,67.69999694824219,67.95999908447266,67.37999725341797,67.7699966430664,46.3443717956543,10463400,0.003702606819155907,68.07799911499023,67.75449867248535,67.54719940185547,0.006899594744921296,55.411261130340584,0.13446719747437896,0.17051638274849146
2014-04-15,67.87999725341797,68.55000305175781,67.80999755859375,68.48999786376953,46.83674240112305,10085800,0.010624188525421685,68.11699905395508,67.75299873352051,67.6309992980957,0.007254465889763342,71.45972540806488,0.17009438351294648,0.17043198290138248
2014-04-16,68.68000030517578,69.0,68.48999786376953,68.9000015258789,47.11712646484375,9370800,0.0059863290246393586,68.19599914550781,67.83249893188477,67.70959930419922,0.0060515574141231975,72.00860100062437,0.22877586831526742,0.18210075998415948
2014-04-17,68.69999694824219,68.87999725341797,68.37999725341797,68.70999908447266,46.987186431884766,16927900,-0.0027576551117329817,68.27999877929688,67.89799880981445,67.78479934692383,0.006115090830596642,66.13995718583861,0.2569873682810879,0.19707808164354518
2014-04-21,68.81999969482422,69.0,68.58999633789062,69.0,47.18549346923828,8530200,0.004220650842547968,68.36599884033203,67.95049896240235,67.85619934082031,0.0059323779767532754,65.35798231672723,0.29929574050969165,0.2175216134167745
2014-04-22,68.94999694824219,69.30999755859375,68.62999725341797,69.2300033569336,47.34279251098633,6935500,0.003333381984544914,68.46799926757812,68.03449897766113,67.92339935302735,0.00574193216382802,63.680430349067485,0.34738039405661425,0.2434933695447425
2014-04-23,69.19999694824219,69.30000305175781,68.80999755859375,69.0199966430664,47.19916534423828,4599600,-0.003033463869479336,68.5109992980957,68.12199897766114,67.97439926147462,0.005692173682546804,60.50801437071729,0.3643421324067475,0.2676631221171435
2014-04-24,69.0999984741211,69.30999755859375,68.94999694824219,69.25,47.35646057128906,6275800,0.0033324162289234405,68.58199920654297,68.25849914550781,68.02539932250977,0.0048896847380824485,65.9721351457792,0.391827042693933,0.29249590623250143
2014-04-25,69.0,69.26000213623047,68.81999969482422,69.01000213623047,47.19233322143555,5370400,-0.003465673123025703,68.68999938964843,68.3669994354248,68.07079940795899,0.004990647569424312,60.13985392165405,0.3897504101373812,0.31194680701347743
2014-04-28,69.11000061035156,69.47000122070312,68.79000091552734,69.37000274658203,47.43852233886719,10062200,0.00521664395316046,68.875,68.47149963378907,68.11819946289063,0.004927959529929795,62.66374818427751,0.4123998161095841,0.3320374088326988
2014-04-29,69.22000122070312,69.66000366210938,69.22000122070312,69.41000366210938,47.46589660644531,4539100,0.0005766313095514342,69.0390007019043,68.55849990844726,68.16099960327148,0.004827995025743414,59.66985036383397,0.4286363204192156,0.35135719115000213
2014-04-30,69.29000091552734,69.75,69.26000213623047,69.72000122070312,47.677879333496094,6472600,0.0044661798334262315,69.16200103759766,68.63950004577637,68.20199966430664,0.004741253664049241,63.11104781571546,0.4612016339351612,0.37332607970703396
2014-05-01,69.72000122070312,70.30000305175781,69.33999633789062,70.26000213623047,48.047142028808594,16973700,0.007745279777289893,69.29800109863281,68.74700012207032,68.25419967651368,0.004953226665967285,76.29785138086152,0.5245369054904643,0.40356824486372
2014-05-02,69.94999694824219,70.5199966430664,69.87999725341797,70.2300033569336,48.02662658691406,9439500,-0.00042696809542797087,69.4500015258789,68.8650001525879,68.3081997680664,0.004832659444087023,83.45672174876235,0.5657878634261664,0.43601216857620934
2014-05-05,69.95999908447266,70.48999786376953,69.70999908447266,70.4800033569336,48.19759750366211,12375000,0.003559732137978333,69.59800186157227,68.98200035095215,68.36499984741211,0.004823273370317708,83.45672174876235,0.6116022850176677,0.47113019186450106
2014-05-06,70.41000366210938,70.41000366210938,69.95999908447266,70.22000122070312,48.019775390625,7561800,-0.0036890199183693406,69.69700164794922,69.08250045776367,68.41439987182618,0.0049709620236324135,74.09462523722189,0.6197860371063797,0.5008613609128768
2014-05-07,70.37000274658203,71.08000183105469,70.27999877929688,71.04000091552734,48.580543518066406,16037200,0.011677580184696001,69.89900207519531,69.2050006866455,68.47959991455077,0.005405033205049018,76.74989032787198,0.6845478010124992,0.5375986489328013
2014-05-08,71.01000213623047,71.37000274658203,70.80000305175781,71.08000183105469,48.60789108276367,8538700,0.0005630759432972976,70.08200225830078,69.33200073242188,68.54179992675782,0.0053812609846965835,80.77914666021968,0.7306769164110705,0.5762143024284552
2014-05-09,70.95999908447266,71.2699966430664,70.69999694824219,71.06999969482422,48.6010627746582,5697000,-0.00014071660063041946,70.28800201416016,69.4890007019043,68.60519989013672,0.004785028136536537,78.99147092828186,0.7576932675635248,0.6125100954554692
2014-05-12,71.12999725341797,71.36000061035156,71.04000091552734,71.22000122070312,48.70365524291992,5852900,0.002110616666990417,70.47300186157227,69.67400093078614,68.66259994506837,0.004369217431881533,78.50989084978893,0.7821911770258652,0.6464463117695485
2014-05-13,71.0199966430664,71.7300033569336,70.75,70.80000305175781,48.41643142700195,9089000,-0.005897194071139977,70.61200180053712,69.8255012512207,68.71059997558594,0.004760736490795863,74.05411089826731,0.7589667088308971,0.6689503911818182
2014-05-14,70.94999694824219,71.18000030517578,70.62000274658203,70.9800033569336,48.53952026367188,8881100,0.002542377082161984,70.73800201416016,69.9500015258789,68.74540008544922,0.004331729578560018,73.69866621517392,0.7464807058564844,0.6844564541167515
2014-05-15,70.97000122070312,70.9800033569336,70.29000091552734,70.86000061035156,48.45747375488281,19027700,-0.0016906556904284775,70.79800186157226,70.04800148010254,68.77960006713867,0.004280709510146845,76.20389681965051,0.7186184535895705,0.6912888540113153
2014-05-16,70.87999725341797,71.4000015258789,70.62000274658203,71.37999725341797,48.81305313110352,12725700,0.0073383663362605045,70.9130012512207,70.1815013885498,68.83080001831054,0.0043576977604894325,77.23567990472567,0.7300808832707872,0.6990472598632097
2014-05-19,71.27999877929688,71.30000305175781,70.80999755859375,71.12000274658203,48.63526916503906,7203000,-0.003642400067807361,70.97700119018555,70.28750152587891,68.89240005493164,0.004491566437680377,71.86701815251391,0.710001106740421,0.701238029238652
2014-05-20,71.1500015258789,71.37999725341797,70.69999694824219,70.9000015258789,48.48480224609375,4401400,-0.0030933803741127752,71.04500122070313,70.37100143432617,68.95460006713867,0.00458422890408065,65.44503140634518,0.6686279524598007,0.6947160138828818
2014-05-21,70.94999694824219,71.1500015258789,70.4800033569336,70.62000274658203,48.2933235168457,6551900,-0.003949206957275964,71.0030014038086,70.45100173950195,69.00380004882813,0.004633077022556972,55.05619181511135,0.606257311270852,0.6770242733604759
2014-05-22,70.6500015258789,70.86000061035156,70.44000244140625,70.55999755859375,48.25229644775391,6768400,-0.0008496911024431508,70.9510009765625,70.51650161743164,69.04880004882813,0.00462407818626021,54.59601444270415,0.5456957704283667,0.650758572774054
2014-05-23,70.63999938964844,71.0999984741211,70.62000274658203,71.08999633789062,48.614742279052734,5231400,0.007511320828161194,70.95300064086913,70.62050132751465,69.10880004882813,0.00472307369869337,57.88104067233252,0.5343076194508996,0.6274683821094231
2014-05-27,71.05000305175781,71.56999969482422,71.04000091552734,71.5199966430664,48.908782958984375,7870600,0.006048675303512274,70.98300018310547,70.72800102233887,69.17699996948242,0.004761078007842429,66.08904861094062,0.5535983218677529,0.6126943700610892
2014-05-28,71.37000274658203,71.37000274658203,70.80999755859375,71.2300033569336,48.7104721069336,7279400,-0.004054716159734739,71.02600021362305,70.81900100708008,69.23720001220703,0.004920266715622335,52.7065917202464,0.5392699397180252,0.5980094839924764
2014-05-29,71.38999938964844,71.38999938964844,71.06999969482422,71.31999969482422,48.77203369140625,4650500,0.0012634610929280754,71.05999984741212,70.89900093078613,69.29320007324219,0.004863811767323314,53.37076604909829,0.5290776679541693,0.5842231207848151
2014-05-30,71.22000122070312,71.75,71.20999908447266,71.66999816894531,49.011375427246094,11869100,0.0049074379643681,71.14099960327148,70.96950073242188,69.38040008544922,0.004699796987929339,57.692315216391904,0.542983000912912,0.5759750968104345
2014-06-02,71.66999816894531,71.94000244140625,71.51000213623047,71.80000305175781,49.10028076171875,8329500,0.0018139372978083212,71.18300018310546,71.04800071716309,69.4684001159668,0.004690578689236978,57.47427038803833,0.5580604119634955,0.5723921598410467
2014-06-03,71.69000244140625,71.76000213623047,71.4800033569336,71.70999908447266,49.03871536254883,4321300,-0.0012535370955385483,71.24199981689453,71.10950050354003,69.5436001586914,0.004682094461019606,62.816862058219876,0.5563337319266566,0.5691804742581688
2014-06-04,71.7300033569336,71.95999908447266,71.44999694824219,71.77999877929688,49.08658981323242,14897800,0.0009761497101925531,71.32999954223632,71.18750038146973,69.62820007324218,0.0045572516350062195,61.62785797771947,0.5542249556225016,0.5661893705310354
2014-06-05,71.75,72.9800033569336,71.68000030517578,72.9000015258789,49.852500915527344,19628800,0.015603270627319477,71.55799942016601,71.2805004119873,69.74080017089844,0.0050898255553176305,72.97301012614291,0.6356017749904908,0.5800718514229264
2014-06-06,73.12999725341797,73.16000366210938,72.58000183105469,72.75,49.74991607666016,7067900,-0.0020576340567792784,71.77699966430664,71.36400032043457,69.86540023803711,0.0051433937926503945,66.83050183424155,0.6801492835421357,0.6000873378467683
2014-06-09,72.63999938964844,72.94000244140625,71.88999938964844,71.97000122070312,49.21651840209961,8543900,-0.010721632705111728,71.8650001525879,71.40900039672852,69.96800033569336,0.005789383023503322,59.259234634429326,0.6450780638760989,0.6090854830526344
2014-06-10,71.80000305175781,72.02999877929688,71.27999877929688,71.5999984741211,48.96348571777344,14633400,-0.005141069060807468,71.87300033569336,71.42800025939941,70.05440032958984,0.005918425337453352,57.38392549599055,0.5807334069873065,0.6034150678395689
2014-06-11,71.43000030517578,71.58999633789062,70.98999786376953,71.30999755859375,48.76518249511719,11071200,-0.004050292202620098,71.88099975585938,71.45349998474121,70.12720031738282,0.005830683862404332,57.263091618440946,0.500568905827393,0.5828458354371338
2014-06-12,71.20999908447266,71.31999969482422,70.61000061035156,71.0999984741211,48.62158966064453,11311100,-0.0029448757770620393,71.85899963378907,71.45949974060059,70.18720031738282,0.005852393099150949,55.51021170784722,0.41530540780027536,0.5493377499097621
2014-06-13,71.23999786376953,71.36000061035156,70.61000061035156,71.27999877929688,48.74467468261719,5871800,0.002531649916157175,71.81999969482422,71.48049964904786,70.25060028076172,0.00586052343241914,52.0879375161391,0.35812969542496376,0.5110961390128025
2014-06-16,71.16000366210938,71.43000030517578,70.80000305175781,70.91999816894531,48.49847030639648,11354100,-0.005050513699729753,71.73199920654297,71.45749969482422,70.31160018920899,0.005732071882205268,43.30359347619137,0.2805346618786473,0.46498384358597145
2014-06-17,70.80000305175781,71.12000274658203,70.61000061035156,71.0,48.55319213867188,5946000,0.0011280574326033577,71.6609992980957,71.45149955749511,70.36880020141602,0.005685064319236279,47.30675976765253,0.22292576842217215,0.41657222855321163
2014-06-18,70.94000244140625,71.5999984741211,70.70999908447266,71.44000244140625,48.85408782958984,12276900,0.006197217484595008,71.62699966430664,71.47849960327149,70.43340026855469,0.0058032859104231085,51.29872596213391,0.210350040744558,0.37532779099148095
2014-06-19,71.4800033569336,71.98999786376953,71.37999725341797,71.98999786376953,49.230201721191406,8030000,0.007698703857329514,71.5359992980957,71.54699935913087,70.50140029907226,0.005927471085009409,53.31948861055228,0.24197438989511966,0.3486571107722087
2014-06-20,71.69999694824219,72.29000091552734,71.58000183105469,72.23999786376953,49.401180267333984,9347500,0.003472704645346436,71.48499908447266,71.63099937438965,70.5754002380371,0.005936125179321375,54.453379706778556,0.2839367786610012,0.3357130443499672
2014-06-23,72.23999786376953,72.48999786376953,72.02999877929688,72.06999969482422,49.28490447998047,7420400,-0.002353241610913326,71.49499893188477,71.67999954223633,70.65820022583007,0.005791651432337106,53.585660398004805,0.30001643981628945,0.32857372344323166
2014-06-24,71.44999694824219,71.75,71.30000305175781,71.5,49.30767059326172,6881800,-0.007908973182154111,71.48499908447266,71.678999710083,70.73780029296876,0.005952026590073316,47.46378113606019,0.2637254130452362,0.3156040613636326
2014-06-25,71.48999786376953,71.63999938964844,71.27999877929688,71.5,49.30767059326172,7041800,0.0,71.50399932861328,71.69249954223633,70.81240036010742,0.005875104845575562,34.09089726850431,0.23228685460016152,0.2989406200109384
2014-06-26,71.43000030517578,71.55000305175781,71.22000122070312,71.41999816894531,49.25249481201172,5258500,-0.0011189067280376053,71.5359992980957,71.69749946594239,70.87100036621094,0.005876677655986938,34.64201768327277,0.1986264493000931,0.2788777858687694
2014-06-27,71.26000213623047,71.9000015258789,71.26000213623047,71.8499984741211,49.54902648925781,6817900,0.006020726914030439,71.59299926757812,71.70649948120118,70.93000030517578,0.005929778876759366,48.49242907832008,0.20429280625222646,0.2639607899454608
2014-06-30,71.91999816894531,72.06999969482422,71.31999969482422,71.79000091552734,49.50767517089844,8877300,-0.0008350391074171126,71.67999954223633,71.70599937438965,70.99160034179687,0.005920046726778997,52.58859041148858,0.20161800652631712,0.25149223326163206
2014-07-01,71.7300033569336,72.18000030517578,71.58999633789062,71.97000122070312,49.63177108764648,7629500,0.0025073172152147993,71.77699966430664,71.71899948120117,71.05100036621094,0.0059375154229789,59.26972071253451,0.2115837233188813,0.24351053127308192
2014-07-02,71.9800033569336,72.0,71.5,71.88999938964844,49.576622009277344,8719400,-0.0011115996901174263,71.82199935913086,71.72449951171875,71.10420028686524,0.005941459886214963,61.51604730669051,0.21059849811987874,0.23692812464244128
2014-07-03,71.5,71.69000244140625,71.22000122070312,71.55000305175781,49.3421630859375,5647500,-0.004729396867119484,71.77799987792969,71.6569995880127,71.15480041503906,0.004772432073782154,53.76050902352151,0.18030440016219984,0.225603379746393
2014-07-07,71.4800033569336,71.79000091552734,71.44999694824219,71.62000274658203,49.39042282104492,9888700,0.0009783325204553162,71.71600036621093,71.60049972534179,71.2022004699707,0.004782726209744277,60.606144676640376,0.16009897827065345,0.21250249945124508
2014-07-08,71.5199966430664,72.02999877929688,71.48999786376953,71.83999633789062,49.54212951660156,9211300,0.003071678062998906,71.69300003051758,71.59399948120117,71.25880035400391,0.004235614547857231,62.209294588876126,0.1599933760580683,0.20200067477260975
2014-07-09,71.79000091552734,72.11000061035156,71.5199966430664,72.0,49.65247344970703,6034300,0.002227222581649535,71.74300003051758,71.61399955749512,71.31140029907226,0.004090361565660163,58.86075338133109,0.17085117784259296,0.1957707753866064
2014-07-10,71.66999816894531,72.44000244140625,71.58000183105469,72.2300033569336,49.81110382080078,9408700,0.0031944910685222094,71.81600036621094,71.65999984741211,71.36780029296875,0.004006007587987181,54.225454271929166,0.19575882676998901,0.19576838566328295
2014-07-11,72.19999694824219,72.3499984741211,71.97000122070312,72.27999877929688,49.84556579589844,4181600,0.0006921697361168544,71.9020004272461,71.7189998626709,71.41900024414062,0.003915824651204474,50.75759546165206,0.21703073552818353,0.20002085563626307
2014-07-14,72.36000061035156,72.63999938964844,72.1500015258789,72.61000061035156,50.07314300537109,11197000,0.004565603716490507,71.97800064086914,71.78549995422364,71.46600021362305,0.003988072233637366,59.64288925643255,0.2575484085650146,0.21152636622201337
2014-07-15,72.5199966430664,72.76000213623047,72.26000213623047,72.58999633789062,50.05934524536133,5842900,-0.000275502992601373,72.05800018310546,71.8689998626709,71.51320007324219,0.0037466764915295744,74.22214084201389,0.2847622171745883,0.22617353641252835
2014-07-16,72.76000213623047,72.88999938964844,72.41999816894531,72.86000061035156,50.24555587768555,14368800,0.003719579640204529,72.14700012207031,71.96199989318848,71.56080001831054,0.0037896765524679196,76.98409334487832,0.3243772260858151,0.24581427434718572
2014-07-17,72.77999877929688,72.81999969482422,72.33999633789062,72.43000030517578,49.94902038574219,7140300,-0.005901733483031135,72.20100021362305,72.01149978637696,71.605,0.003929980237226171,67.59583919272045,0.3174160010183442,0.26013461968141743
2014-07-18,72.62999725341797,73.13999938964844,72.44000244140625,73.06999969482422,50.39036560058594,9755300,0.00883610916680766,72.35299987792969,72.06549987792968,71.64559997558594,0.004043250691732168,69.80520284764505,0.3593988557548897,0.2799874668961119
2014-07-21,72.95999908447266,73.0,72.69000244140625,72.86000061035156,50.24555587768555,4800800,-0.0028739439626346286,72.47699966430665,72.09650001525878,71.68119995117188,0.004067510621375231,66.56344555381553,0.3714436285876559,0.29827869923442074
2014-07-22,73.08999633789062,73.30000305175781,73.0,73.16999816894531,50.45933532714844,7678700,0.004254701564601726,72.60999984741211,72.15149993896485,71.7231999206543,0.004097351906643809,67.85709420029882,0.4013765905685318,0.318898277501243
2014-07-23,73.23999786376953,73.4000015258789,73.06999969482422,73.33000183105469,50.56968307495117,5012100,0.002186738637603103,72.74300003051758,72.24300003051758,71.76539993286133,0.003558917350091652,70.93025318926207,0.43301807410564663,0.3417222368221237
2014-07-24,73.4800033569336,73.51000213623047,72.94000244140625,73.13999938964844,50.43864440917969,7350400,-0.002591060093575348,72.83399963378906,72.325,71.81219985961914,0.0036535014326792956,74.16401532368027,0.43771684139028366,0.3609211577357557
2014-07-25,73.13999938964844,73.22000122070312,72.66000366210938,72.7300033569336,50.155887603759766,7043100,-0.005605633526609921,72.87900009155274,72.39050025939942,71.84719985961914,0.003927069378699948,65.28924403941218,0.40370374942931164,0.3694776760744669
2014-07-28,72.76000213623047,73.36000061035156,72.75,73.16999816894531,50.45933532714844,7385900,0.006049701522112816,72.93499984741212,72.45650024414063,71.89339981079101,0.003929056304886401,67.27272366971313,0.40755400427075017,0.37709294171372354
2014-07-29,73.20999908447266,73.23999786376953,72.77999877929688,72.83000183105469,50.22486114501953,5042400,-0.004646663200750578,72.95900039672851,72.508500289917,71.92239990234376,0.0041069773189501965,60.29779258642232,0.37880388063364023,0.3774351294977069
2014-07-30,72.58999633789062,73.27999877929688,72.37000274658203,72.76000213623047,50.17659759521485,10712100,-0.0009611381719665246,72.94900054931641,72.54800033569336,71.95519989013673,0.004101088281171046,56.84753808787812,0.3463779804119298,0.3712236996805515
2014-07-31,72.26000213623047,72.62000274658203,71.70999908447266,71.70999908447266,49.45248794555664,15782800,-0.014431047566379474,72.87700042724609,72.53900032043457,71.9713998413086,0.005293820441539369,44.14785037622137,0.23326481821295886,0.34363192338703297
2014-08-01,71.5999984741211,72.26000213623047,71.5199966430664,71.56999969482422,49.35595703125,14631500,-0.0019522994203852173,72.7270004272461,72.5400001525879,71.99039978027344,0.0052019573200512694,38.88887983215333,0.13081706383198366,0.3010689514760231
2014-08-04,71.55999755859375,72.16000366210938,71.30000305175781,72.0,49.65247344970703,8981900,0.006008108243807708,72.64100036621093,72.55900001525879,72.01919982910157,0.005369268716372611,44.20435400416095,0.08336295509928959,0.2575277522006764
2014-08-05,71.75,71.9800033569336,71.19999694824219,71.36000061035156,49.21112823486328,15723600,-0.008888880411783817,72.46000061035156,72.53500022888184,72.02459991455078,0.005697805051686847,36.263714766394834,-0.005820277470633073,0.20485814626641452
2014-08-06,70.88999938964844,71.77999877929688,70.83999633789062,71.48999786376953,49.3007698059082,9586500,0.0018217103742443896,72.27600021362305,72.5095001220703,72.02399993896485,0.005688979599052453,40.89142874040778,-0.06525670126306693,0.15083517676051822
2014-08-07,71.68000030517578,71.94999694824219,71.47000122070312,71.5999984741211,49.37662887573242,6944400,0.0015386853215630936,72.12200012207032,72.47799987792969,72.0313998413086,0.005646727989945639,34.12522121998083,-0.10230505638563159,0.10020713013128826
2014-08-08,71.88999938964844,72.16999816894531,71.5199966430664,72.13999938964844,49.749019622802734,6750200,0.00754191238876234,72.0629997253418,72.47099990844727,72.04779983520508,0.005919067825795071,42.741910674402725,-0.08708867974289092,0.06274796815645242
2014-08-11,72.25,72.73999786376953,72.16999816894531,72.54000091552734,50.02486801147461,9721300,0.0055447952490044194,72.0,72.46749992370606,72.06519989013673,0.005963402226621261,43.7623977773514,-0.0422655999128807,0.0417452545425858
2014-08-12,72.47000122070312,72.66000366210938,72.22000122070312,72.33000183105469,49.88005447387695,3882900,-0.002894941850320576,71.95,72.45450019836426,72.07579986572266,0.005997714166532567,40.19606083181493,-0.02341820678562101,0.028712562276944437
2014-08-13,72.44999694824219,73.2300033569336,72.44999694824219,73.2300033569336,50.50071716308594,5739400,0.012442990503181317,71.99700012207032,72.47300033569336,72.10619995117187,0.006583463264371178,50.77456216260225,0.06341013698003906,0.03565207721756336
2014-08-14,73.19999694824219,73.5,73.06999969482422,73.20999908447266,50.48689651489258,6522600,-0.0002731704430414261,72.14700012207031,72.5120002746582,72.13479995727539,0.0064239458317433655,54.42800636252305,0.12911963657757042,0.05434558908956477
2014-08-15,73.45999908447266,73.62000274658203,73.02999877929688,73.27999877929688,50.535194396972656,9707600,0.0009561493743970306,72.31800003051758,72.52250022888184,72.14239990234375,0.006123978942804928,51.089114295814866,0.1847140106461893,0.08041927340088968
2014-08-18,73.58000183105469,73.95999908447266,73.4800033569336,73.95999908447266,51.00412368774414,15038000,0.009279480301627618,72.51399993896484,72.57750015258789,72.1665998840332,0.006403541764147806,60.48233563913435,0.2804108920456372,0.12041759712983918
2014-08-19,74.12000274658203,74.2300033569336,73.87999725341797,74.0199966430664,51.04551315307617,7827000,0.0008112163241811299,72.77999954223633,72.62000007629395,72.20759979248047,0.006350965241446868,61.70997549520114,0.35697764548523025,0.16772960680091742
2014-08-20,74.08000183105469,74.45999908447266,73.68000030517578,74.37999725341797,51.29376220703125,15038100,0.0048635588581222855,73.06899948120117,72.67249984741211,72.2631997680664,0.006414126323881687,78.46478442498146,0.44161571871539707,0.22250682918381337
2014-08-21,74.4800033569336,74.69000244140625,74.30999755859375,74.30999755859375,51.245487213134766,4645100,-0.0009411091342975686,73.33999938964844,72.73099975585937,72.3231997680664,0.0063796722364815065,79.6536389052651,0.4973109204485979,0.27746764743677027
2014-08-22,74.4000015258789,74.4000015258789,73.61000061035156,73.80999755859375,50.90068054199219,8299600,-0.006728569727185718,73.50699920654297,72.78499946594238,72.37739974975585,0.00644375622699265,69.29633919391992,0.4953933614595343,0.3210527902413231
2014-08-25,74.12000274658203,74.19000244140625,73.47000122070312,73.77999877929688,50.87999725341797,7306100,-0.00040643246564342483,73.63099899291993,72.81549949645996,72.42739974975586,0.0063252834750140985,79.65682699607684,0.4858524270203759,0.3540127175971337
2014-08-26,73.77999877929688,74.02999877929688,73.69999694824219,73.77999877929688,50.87999725341797,3133800,0.0,73.77599868774413,72.86299934387208,72.4845997619629,0.006213180513742016,78.98731976783489,0.4728405561404685,0.3777782853058007
2014-08-27,73.94000244140625,74.08000183105469,73.7300033569336,73.9000015258789,50.96274185180664,2845500,0.001626494287984448,73.84299850463867,72.9199993133545,72.54259979248047,0.0062044379591993,79.04039333700675,0.4668304427152776,0.39558871678769614
2014-08-28,73.88999938964844,74.01000213623047,73.63999938964844,73.83000183105469,50.91447067260742,4091100,-0.0009472218319197534,73.90499877929688,73.0259994506836,72.59039978027344,0.005096401952576953,74.21203125204944,0.45121763810597315,0.4067145010513516
2014-08-29,73.9800033569336,74.19999694824219,73.80000305175781,74.19999694824219,51.169620513916016,6178900,0.0050114466749460185,73.9969985961914,73.15749931335449,72.63459976196289,0.005088150545210164,73.98838832305422,0.46335858244006545,0.4180433173290944
2014-09-02,74.05000305175781,74.33000183105469,74.0,74.23999786376953,51.197208404541016,5386100,0.0005390959187672184,74.02499847412109,73.26949920654297,72.6745997619629,0.004997276784975108,79.02728725242157,0.4707812348528506,0.42859090083384566
2014-09-03,74.2300033569336,74.47000122070312,74.08000183105469,74.26000213623047,51.21100997924805,8656900,0.0002694541087897573,74.0489990234375,73.41449928283691,72.71839981079101,0.004371273979056572,71.36923680844868,0.47282745736852405,0.4374382121407813
2014-09-04,74.25,74.54000091552734,73.8499984741211,74.12000274658203,51.11446380615234,10887000,-0.001885259704027531,74.0229995727539,73.54599952697754,72.77079986572265,0.0044571034510839675,67.98427077427837,0.4578742335855708,0.4415254164297392
2014-09-05,74.25,74.87999725341797,74.11000061035156,74.81999969482422,51.59718704223633,13249500,0.00944410310716659,74.07399978637696,73.70699958801269,72.83719985961915,0.00477059708996485,74.36713368599207,0.49678101727823787,0.45257653659943897
2014-09-08,74.83000183105469,74.94999694824219,74.5199966430664,74.69000244140625,51.50756072998047,8470200,-0.0017374666392435678,74.1620002746582,73.83449974060059,72.90259994506836,0.004675306327470932,63.98477624767244,0.5112320667103347,0.46430764262161817
2014-09-09,74.48999786376953,74.68000030517578,74.1500015258789,74.29000091552734,51.231693267822266,7008100,-0.005355489527433144,74.21300048828125,73.92199974060058,72.95139999389649,0.004841869599985312,54.57634833523853,0.4848191538966091,0.46840994487661636
2014-09-10,74.0199966430664,74.06999969482422,73.19000244140625,73.26000213623047,50.52141189575195,14574000,-0.013864568133039268,74.1610008239746,73.96849975585937,72.98080001831055,0.005847482083714156,34.53043331647277,0.3764351269459638,0.4500149812904859
2014-09-11,73.20999908447266,73.47000122070312,72.98999786376953,73.3499984741211,50.58345413208008,6952900,0.0012284512048370555,74.10600051879882,73.97449951171875,73.0083999633789,0.005154236847779904,36.813169538525386,0.2944082025634174,0.4188936255450722
2014-09-12,72.87000274658203,72.95999908447266,70.86000061035156,71.23999786376953,49.12835693359375,26111300,-0.028766198421885436,73.84700012207031,73.8759994506836,72.99539993286133,0.008262055163659777,25.523776860957355,0.05846787747708504,0.3468084759314748
2014-09-15,71.27999877929688,71.55999755859375,70.66000366210938,70.94999694824219,48.92839050292969,10270100,-0.00407075974485438,73.52200012207031,73.75949935913086,72.98339981079101,0.008265304492909065,24.319377019853064,-0.15018593033890681,0.2474095946773985
2014-09-16,70.95999908447266,71.69999694824219,70.91999816894531,71.4800033569336,49.293888092041016,12545200,0.007470139978695833,73.24600067138672,73.6354995727539,72.98059982299804,0.00814925749673503,30.960305680992832,-0.2696699018052442,0.14399369538086998
2014-09-17,71.73999786376953,72.0999984741211,71.37000274658203,71.43000030517578,49.2593879699707,18717900,-0.0006995390236360643,72.96300048828125,73.50599975585938,72.97239990234375,0.00813201240351547,29.313226837060697,-0.3641983861221689,0.04235527908026221
2014-09-18,71.58000183105469,71.6500015258789,70.77999877929688,70.91000366210938,48.90080261230469,14133700,-0.007279807375679459,72.64200057983399,73.33250007629394,72.95059997558593,0.008065489527319645,27.258574752638793,-0.47558996916639273,-0.061233770569068785
2014-09-19,71.08999633789062,71.27999877929688,70.75,70.94999694824219,48.92839050292969,12906500,0.0005640006214551185,72.25500030517578,73.16450004577636,72.92499984741211,0.008086367659218325,23.316896926692635,-0.554252400644387,-0.15983749658413243
2014-09-22,70.87999725341797,70.9000015258789,70.31999969482422,70.31999969482422,48.49391174316406,16170500,-0.008879454270837361,71.81800003051758,72.9900001525879,72.88579986572266,0.008162596849209298,20.658664169217417,-0.6598224352585618,-0.2598344843190183
2014-09-23,70.29000091552734,70.63999938964844,69.88999938964844,69.91999816894531,48.21807098388672,8117200,-0.005688303862554589,71.38099975585938,72.79700012207032,72.83199981689454,0.008180571761469422,19.263384149207823,-0.7669236104792958,-0.3612523095510738
2014-09-24,69.26000213623047,69.91000366210938,69.0,69.22000122070312,48.16936492919922,14179000,-0.010011398263352511,70.97699966430665,72.56900024414062,72.76459991455079,0.008315010857807706,17.847706221771446,-0.8979351298370233,-0.46858887360826373
2014-09-25,69.2300033569336,69.2699966430664,68.61000061035156,68.87999725341797,47.93276596069336,13587200,-0.004911932408106723,70.52999954223633,72.31800003051758,72.68499984741212,0.008245507727692253,9.090861323564326,-1.0174694272387654,-0.5783649843343641
2014-09-26,68.77999877929688,69.7300033569336,68.58999633789062,69.63999938964844,48.46163940429688,11235300,0.011033713219156027,70.36999969482422,72.10849990844727,72.62919982910157,0.008852000151442543,17.99744333070963,-1.038899610321593,-0.6704719095318099
2014-09-29,69.05999755859375,69.62000274658203,68.88999938964844,69.62000274658203,48.44772338867188,10652300,-0.0002871430678010878,70.2370002746582,71.87950019836425,72.56019989013672,0.008681043685243145,18.90811195204958,-1.0454455018097661,-0.7454666279874013
2014-09-30,69.56999969482422,69.7300033569336,69.0999984741211,69.19999694824219,48.15544509887695,13406000,-0.0060328322575434745,70.00899963378906,71.62750015258788,72.48699981689452,0.008658628244558451,20.579679056874355,-1.0721648764693867,-0.8108062776837984
2014-10-01,69.18000030517578,69.6500015258789,68.94000244140625,69.23999786376953,48.18327713012695,15034400,0.0005780479377370806,69.78999938964844,71.37649993896484,72.40839981079101,0.008665920221932695,20.000022275584627,-1.077689500089761,-0.864182922164991
2014-10-02,69.13999938964844,69.55999755859375,68.66000366210938,69.12999725341797,48.10673904418945,11962700,-0.0015886859293090527,69.6119987487793,71.12699966430664,72.32439971923829,0.008669005502257068,28.247443762781174,-1.078511524548702,-0.9070486426417332
2014-10-03,69.26000213623047,69.7300033569336,69.02999877929688,69.5999984741211,48.43380355834961,6240600,0.0067988028262200295,69.47699890136718,70.86599960327149,72.25359970092774,0.008480162547081924,36.580549164028746,-1.0293718563103056,-0.9315132853754478
2014-10-06,69.58999633789062,70.06999969482422,69.54000091552734,69.69000244140625,48.49641799926758,11312400,0.0012931604778501082,69.41399917602538,70.61599960327149,72.19279968261719,0.008541580435729968,30.50109620508593,-0.9719615791741774,-0.9396029441351937
2014-10-07,69.5999984741211,69.94999694824219,69.2300033569336,69.27999877929688,48.21110534667969,9329100,-0.005883249357812814,69.34999923706054,70.36549949645996,72.11499969482422,0.008548675483966772,28.282832953405247,-0.9486123769232648,-0.941404830692808
2014-10-08,69.2699966430664,70.62000274658203,69.2699966430664,70.5999984741211,49.12968063354492,13191700,0.019053113713660697,69.48799896240234,70.2324993133545,72.07039962768555,0.009548373686279399,47.30430628992988,-0.8142093239837465,-0.9159657293509957
2014-10-09,70.41000366210938,71.33000183105469,70.41000366210938,70.51000213623047,49.06706237792969,18339100,-0.0012747356917240937,69.6509994506836,70.09049949645996,72.02539962768554,0.009522904399143701,46.206948260961646,-0.7068082430909612,-0.8741342320989889
2014-10-10,70.69000244140625,71.33999633789062,70.37999725341797,70.41000366210938,48.99746322631836,11216900,-0.0014182168641534432,69.72799987792969,70.04899978637695,71.99939971923828,0.007129135557570287,50.85392565483075,-0.6225843885539746,-0.823824263389986
2014-10-13,70.54000091552734,71.08999633789062,70.2300033569336,70.29000091552734,48.9139518737793,10469700,-0.00170434228576255,69.79499969482421,70.01599998474121,71.97379974365235,0.007087347110034906,53.707432600821654,-0.5590749280195126,-0.7708743963158915
2014-10-14,70.75,71.86000061035156,70.5999984741211,71.3499984741211,49.65159606933594,15145100,0.015080346347805973,70.0099998474121,70.00949974060059,71.96079971313476,0.007711394915928887,69.90646528919609,-0.4183873696158713,-0.7003769909758875
2014-10-15,71.16000366210938,71.61000061035156,70.2300033569336,70.8499984741211,49.30366516113281,16837100,-0.007007708629192866,70.17099990844727,69.98049964904786,71.95059967041016,0.007866256180185195,67.87656741548142,-0.34328016722423627,-0.6289576262255573
2014-10-16,70.51000213623047,71.33000183105469,70.11000061035156,71.04000091552734,49.43587493896485,19074200,0.002681756464337104,70.3620002746582,69.98699951171875,71.94159973144531,0.0077202872392445245,64.17002704259633,-0.26536657837530697,-0.5562394166555072
2014-10-17,71.79000091552734,71.79000091552734,70.79000091552734,71.4000015258789,49.6864128112793,10453600,0.0050675760939198344,70.54200057983398,70.00949974060059,71.93759979248047,0.007799201742248249,66.85600423083481,-0.17258105035024585,-0.479507743394455
2014-10-20,71.37999725341797,72.43000030517578,71.27999877929688,72.41999816894531,50.39619445800781,12469500,0.01428566696454081,70.81500015258788,70.11449966430663,71.9431997680664,0.00807252437896095,77.38094002366668,-0.01655184689110456,-0.38691656409378494
2014-10-21,72.6500015258789,73.20999908447266,72.33999633789062,73.11000061035156,50.876373291015625,8566600,0.009527788716544583,71.19800033569337,70.27399978637695,71.9545997619629,0.008076110725178401,79.63245749216323,0.1609248103687264,-0.2773482892012827
2014-10-22,73.18000030517578,73.62999725341797,73.0199966430664,73.08000183105469,50.85549545288086,20312600,-0.0004103238824569866,71.44600067138671,70.46699981689453,71.9695997619629,0.007578034600930047,80.62016879284138,0.29574650747603926,-0.16272932986581828
2014-10-23,73.2699966430664,73.80999755859375,73.1500015258789,73.62999725341797,51.23822021484375,7534300,0.0075259360780361995,71.75800018310547,70.70449981689453,71.97759963989257,0.007425500673668708,80.85757681972193,0.441879990384237,-0.04180746581580724
2014-10-24,73.61000061035156,73.91000366210938,73.20999908447266,73.66000366210938,51.25910949707031,6597300,0.0004075296728334177,72.08300018310547,70.90550003051757,71.98659973144531,0.0072254472245934,80.68006546891877,0.5537300396194951,0.07730003527125323
2014-10-27,73.58000183105469,74.12000274658203,73.51000213623047,74.0999984741211,51.56528854370117,9239800,0.0059733205286012225,72.46399993896485,71.12949981689454,72.0029997253418,0.007218692751518754,87.07696424861527,0.6701508319771818,0.19587019461243899
2014-10-28,73.83000183105469,74.3499984741211,73.55000305175781,74.33999633789062,51.73229598999024,5225400,0.003238837634434555,72.7629997253418,71.38649978637696,72.01059967041016,0.006888242801101462,84.50188553354477,0.7728717856979728,0.31127051282954576
2014-10-29,74.18000030517578,74.30999755859375,73.25,73.79000091552734,51.34960174560547,17115000,-0.007398378389251392,73.05699996948242,71.61399993896484,72.00599975585938,0.007292173237793202,77.89119529986947,0.8006692310092376,0.4091502564654842
2014-10-30,73.55999755859375,74.5,73.55999755859375,74.41999816894531,51.78797912597656,9237500,0.008537704913964772,73.39499969482422,71.87849998474121,72.00679977416992,0.007292826612042626,81.27926491067284,0.8635796117279426,0.5000361275179759
2014-10-31,74.62999725341797,75.16999816894531,74.52999877929688,74.9800033569336,52.17765808105469,11739400,0.007524928806326825,73.75299987792968,72.14750022888184,72.02019989013672,0.007310752782643248,84.23364021732108,0.9476997869826675,0.5895688594109143
2014-11-03,74.9800033569336,75.5999984741211,74.91999816894531,75.55999755859375,52.581302642822266,12949400,0.007735318427489979,74.06699981689454,72.44099998474121,72.05519989013672,0.0073384415794673025,83.04558362587389,1.049073253346208,0.6814697381979731
2014-11-04,75.55000305175781,75.69999694824219,74.94000244140625,75.6500015258789,52.643924713134766,9954600,0.0011911589490902763,74.32099990844726,72.7595001220703,72.09259994506836,0.006995558328845487,90.26853971131149,1.1237214622367304,0.7699200830057246
2014-11-05,75.73999786376953,75.9800033569336,75.19000244140625,75.6500015258789,52.643924713134766,15315300,0.0,74.57799987792968,73.0120002746582,72.13,0.006145131567561366,89.94808828429532,1.1694005835927044,0.8498161831231206
2014-11-06,75.61000061035156,76.0,75.13999938964844,75.33000183105469,52.421234130859375,9263600,-0.004230002490016482,74.74800033569336,73.25300025939941,72.15860000610351,0.00629903732803154,84.29326761122229,1.166335525425879,0.9131200515836723
2014-11-07,75.43000030517578,75.55000305175781,74.91000366210938,75.2699966430664,52.379486083984375,11903100,-0.0007965642709375498,74.90899963378907,73.49599990844726,72.18739990234376,0.006275862899557122,79.8742188662104,1.1458558149949596,0.9596672042659298
2014-11-10,74.75,75.68000030517578,74.75,75.61000061035156,52.61608505249024,5578800,0.004517124783430804,75.05999984741212,73.76199989318847,72.21559997558593,0.006164754161380009,78.28055470209101,1.1438750954949626,0.9965087825117365
2014-11-11,75.63999938964844,75.87000274658203,75.08999633789062,75.41999816894531,52.48386001586914,4006400,-0.002512927388870212,75.16800003051758,73.96549987792969,72.23919998168945,0.005688065165690854,75.54580133597642,1.1141307461962242,1.020033175248634
2014-11-12,75.41999816894531,75.47000122070312,74.81999969482422,75.02999877929688,52.21246337890625,6982900,-0.00517103419672349,75.29199981689453,74.17449989318848,72.25459991455078,0.005534252835657129,65.83710055770456,1.0470190597230271,1.0254303521435126
2014-11-13,75.19999694824219,75.55999755859375,75.08000183105469,75.33000183105469,52.421234130859375,4929900,0.00399844137863159,75.38300018310547,74.38899993896484,72.27879989624023,0.005539539686003272,67.80380916437839,1.006438704823296,1.0216320226794693
2014-11-14,75.33999633789062,75.4800033569336,74.72000122070312,74.87000274658203,52.10113525390625,10126800,-0.006106452585841082,75.37200012207032,74.5625,72.27979995727539,0.0058685122340394,58.17413136794362,0.926480508863321,1.0026017199162398
2014-11-17,74.80999755859375,75.26000213623047,74.80999755859375,75.1500015258789,52.29597091674805,5108100,0.0037397992390171275,75.33100051879883,74.69900016784668,72.28899993896485,0.0051765856055389844,58.52635670494208,0.8756131011592458,0.9772039961648411
2014-11-18,75.2300033569336,75.63999938964844,75.05999755859375,75.51000213623047,52.54649353027344,8649400,0.004790427186186941,75.31700057983399,74.81900024414062,72.31339996337891,0.004908948345711294,68.85960949656176,0.8544992195825643,0.9526630408483858
2014-11-19,75.45999908447266,75.54000091552734,75.0,75.04000091552734,52.21945190429688,6087700,-0.006224357136888625,75.25600051879883,74.91700019836426,72.34899993896484,0.005199540997409678,57.04545888032127,0.7907261469569136,0.9202756620700915
2014-11-20,74.83999633789062,75.25,74.61000061035156,75.25,52.365570068359375,5225700,0.0027984952280191155,75.24800033569336,74.99800033569336,72.38699996948242,0.005007285703570918,53.33328309876931,0.7485024284536337,0.8859210153468
2014-11-21,75.88999938964844,75.88999938964844,75.51000213623047,75.80000305175781,52.74831008911133,11642100,0.007309010654588777,75.3010009765625,75.10500030517578,72.47820007324219,0.005191424309754925,52.985128446495814,0.75076611263313,0.858890034804066
2014-11-24,76.05999755859375,76.22000122070312,75.87999725341797,76.0199966430664,52.90138626098633,6410800,0.0029022900059565426,75.34200057983398,75.20100021362305,72.57960006713867,0.005094981264948066,54.45776266200937,0.7615332615091148,0.8394186801450758
2014-11-25,76.16000366210938,76.37999725341797,75.91000366210938,76.2300033569336,53.04753875732422,5977200,0.002762519378331829,75.42300109863281,75.29550056457519,72.67460006713867,0.005086509175288767,56.651372936046315,0.7780432925152212,0.827143602619105
2014-11-26,76.37999725341797,76.8499984741211,76.26000213623047,76.80000305175781,53.44418716430664,24093400,0.007477366781099226,75.60000152587891,75.44600067138671,72.78200012207031,0.00483383637234143,65.94355922441927,0.8275819728903997,0.827231276673364
2014-11-28,76.66000366210938,77.72000122070312,76.62000274658203,77.0199966430664,53.59728240966797,6364800,0.0028644997730056243,75.76900100708008,75.57600059509278,72.90419998168946,0.004591112801081705,68.34379908319391,0.8745125420307289,0.8366875297448371
2014-12-01,76.9000015258789,77.33999633789062,76.30000305175781,76.73999786376953,53.402435302734375,6441100,-0.0036354036808710077,75.95600051879883,75.66400032043457,73.02,0.004527304824345663,61.9957268903003,0.8789794666038233,0.8451459171166344
2014-12-02,76.58000183105469,77.0999984741211,76.16999816894531,77.01000213623047,53.59032440185547,8923600,0.003518429501917053,76.14200057983399,75.7365005493164,73.15380004882813,0.004297857437771265,66.59711548416384,0.8940011361767404,0.8549169609286557
2014-12-03,77.02999877929688,77.13999938964844,76.75,76.94000244140625,53.541622161865234,6650400,-0.000908968872645799,76.28500061035156,75.80100059509277,73.29420013427735,0.004317513710932165,71.3646883726011,0.8899981821390384,0.8619332051707322
2014-12-04,77.08000183105469,77.12999725341797,76.52999877929688,77.05999755859375,53.62511444091797,11707200,0.0015595933633987258,76.4870002746582,75.87150039672852,73.45100006103516,0.004315349092559906,70.16315192300168,0.8862917952225757,0.866804923181101
2014-12-05,76.62999725341797,76.83999633789062,76.13999938964844,76.66000366210938,53.34675979614258,18115200,-0.00519068140613721,76.62800064086915,75.93800048828125,73.60660018920899,0.004380690350968242,71.1584627899133,0.8413793944121011,0.8617198174273011
2014-12-08,76.62999725341797,77.41999816894531,76.44000244140625,77.0,53.5833740234375,13087400,0.004435120292834993,76.74800033569336,76.02450065612793,73.75380020141601,0.004430932366932805,71.5618258678243,0.8237254618206578,0.8541209463059725
2014-12-09,76.63999938964844,77.41999816894531,76.44999694824219,77.26000213623047,53.76431655883789,8587200,0.003376651119876284,76.87200088500977,76.10700073242188,73.90660018920899,0.004392438087803614,70.88311877492308,0.8212477595543533,0.8475463089556486
2014-12-10,76.9800033569336,77.37999725341797,76.76000213623047,77.08000183105469,53.63901901245117,8776700,-0.002329799381294184,76.95700073242188,76.19000091552735,74.06420028686523,0.004384718166739404,76.15394998620836,0.7955885922997368,0.8371547656244663
2014-12-11,77.05000305175781,77.47000122070312,77.05000305175781,77.1500015258789,53.68775177001953,11043400,0.0009081433985644871,76.99200057983398,76.29600105285644,74.22240036010743,0.004130586394722474,75.26606591738717,0.7720027407067391,0.824124360640921
2014-12-12,77.0199966430664,77.36000061035156,76.43000030517578,76.44999694824219,53.20063018798828,12861800,-0.009073293114607583,76.93500061035157,76.35200080871581,74.36880035400391,0.004693929895759465,58.311967062771956,0.6888852241120702,0.7970765333351508
2014-12-15,76.62000274658203,76.86000061035156,75.43000030517578,75.55000305175781,52.57434844970703,10420800,-0.011772320894841704,76.8160011291504,76.38600082397461,74.48780044555664,0.005265598270533255,44.880231508645835,0.5441197339082322,0.7464851734497672
2014-12-16,75.6500015258789,75.97000122070312,74.91999816894531,75.19999694824219,52.33078384399414,14201200,-0.004632774181039356,76.63500061035157,76.38850059509278,74.59800033569336,0.0053240678325417465,39.11195559777989,0.396577968551739,0.6765037324701616
2014-12-17,75.45999908447266,76.9000015258789,75.3499984741211,76.87999725341797,53.49987030029297,18752800,0.022340430496720298,76.62900009155274,76.45700035095214,74.75000030517577,0.007246320099451623,50.68488318773442,0.410480279656241,0.6232990419073775
2014-12-18,77.20999908447266,77.56999969482422,76.9000015258789,77.56999969482422,53.98002243041992,14002900,0.00897505809127197,76.68000030517578,76.583500289917,74.88940032958985,0.007254166985559624,54.35818751632281,0.47173749559496514,0.592986732644895
2014-12-19,77.44999694824219,77.9800033569336,77.31999969482422,77.7300033569336,54.09136199951172,9311400,0.0020627003060313953,76.7870002746582,76.70750045776367,75.0338003540039,0.007250083122290346,57.996810199473465,0.5271189398679894,0.5798131740895139
2014-12-22,77.69999694824219,79.01000213623047,77.6500015258789,79.01000213623047,54.98210525512695,15917300,0.016467242043193497,76.98800048828124,76.86800041198731,75.20580032348633,0.007887665586487748,63.888894775769884,0.6666100715942633,0.5971725535904638
2014-12-23,79.0199966430664,79.12999725341797,78.44999694824219,78.61000061035156,54.70375061035156,9392600,-0.005062669473027137,77.12300033569336,76.99750061035157,75.3722003173828,0.008044819528267036,61.0889670628954,0.7363923457074861,0.6250165120138683
2014-12-24,77.97000122070312,78.26000213623047,77.43000030517578,77.4800033569336,54.47874450683594,4057500,-0.014374726429771445,77.16300048828126,77.06000061035157,75.49480041503907,0.008803378559088672,52.45905007794667,0.6925309009855596,0.6385193898082066
2014-12-26,77.6500015258789,77.97000122070312,77.62999725341797,77.77999877929688,54.68967819213867,2903000,0.0038719077099320653,77.22600021362305,77.10900039672852,75.63340042114258,0.008696798060908808,56.63504024414055,0.6742056899419566,0.6456566498349566
2014-12-29,77.69999694824219,78.44000244140625,77.4800033569336,78.12000274658203,54.92875289916992,3913300,0.0043713547521377905,77.39300079345703,77.1640007019043,75.77500045776367,0.008723297392839323,56.63507944413961,0.6792878987374706,0.6523828996154595
2014-12-30,77.88999938964844,78.41000366210938,77.83000183105469,78.04000091552734,54.872501373291016,7674500,-0.001024088943189283,77.64200057983399,77.22900085449218,75.90780044555665,0.008673679655609409,54.72153666538586,0.6691466011713487,0.6557356399266373
2014-12-31,78.26000213623047,78.62000274658203,76.76000213623047,76.83999633789062,54.02873992919922,9269300,-0.01537678835928813,77.80600051879883,77.22050056457519,75.99620040893555,0.009371670085385003,48.706868911086445,0.5578486769286144,0.6361582473270327
2015-01-02,77.47000122070312,77.94000244140625,77.08000183105469,77.79000091552734,54.69671630859375,12872400,0.012363412583457745,77.89700088500976,77.26300048828125,76.08980041503906,0.00977048336477027,53.14959743004023,0.5400760396048554,0.6169418057825973
2015-01-05,77.58999633789062,78.22000122070312,77.44000244140625,78.05000305175781,54.8795280456543,17764500,0.003342359341437895,77.94500122070312,77.31250076293945,76.18920043945313,0.009787866210744052,58.230470117470496,0.5407378071034401,0.6017010060467659
2015-01-06,78.2300033569336,78.93000030517578,78.1500015258789,78.62000274658203,55.28031539916992,12123800,0.007303006694903358,78.03400115966797,77.41050071716309,76.28900054931641,0.00979189348102385,66.34713744008826,0.5805640928264495,0.5974736234027026
2015-01-07,78.6500015258789,79.80999755859375,78.48999786376953,79.63999938964844,55.99753189086914,10974600,0.012973754864321174,78.09700088500976,77.54250068664551,76.40860046386719,0.010116163701783315,72.0675784514624,0.6865181617962008,0.6152825310814023
2015-01-08,79.83999633789062,80.2699966430664,79.47000122070312,80.08999633789062,56.31391906738281,10114600,0.005650388645038973,78.24500045776367,77.68400039672852,76.52840042114258,0.010148303396380561,68.17664578305758,0.797604232651679,0.6517468713954577
2015-01-09,80.1500015258789,80.43000030517578,79.61000061035156,80.12000274658203,56.33502197265625,7466600,0.00037465863482899486,78.50900039672851,77.83600044250488,76.6440005493164,0.010107625824197991,65.60586818071457,0.877941645751406,0.6969858262666474
2015-01-12,80.23999786376953,80.62999725341797,80.0,80.55999755859375,56.64439010620117,7158000,0.005491697415480834,78.7870002746582,78.00650024414062,76.77940048217773,0.010133868089150337,66.74551874888832,0.9659783316652408,0.7507843273463661
2015-01-13,80.68000030517578,81.02999877929688,79.88999938964844,80.3499984741211,56.49673843383789,12015700,-0.002606741445342231,79.0099998474121,78.20150032043458,76.89800048828126,0.009854098088281443,59.07855996824189,1.0071925793416057,0.8020659777454141
2015-01-14,79.9800033569336,80.9000015258789,79.81999969482422,80.87999725341797,56.86940002441406,10170100,0.00659612681221855,79.29399948120117,78.46800003051757,77.01600036621093,0.009290106546976215,65.11315577471856,1.0702840711192465,0.8557095964201806
2015-01-15,81.16999816894531,81.2300033569336,80.58000183105469,80.98999786376953,56.946754455566406,12157200,0.0013600471573571582,79.70899963378906,78.75750007629395,77.12460037231445,0.009110412703843707,77.04153725704101,1.1162927350628848,0.9078262241487215
2015-01-16,80.9000015258789,81.79000091552734,80.7300033569336,81.68000030517578,57.43190002441406,12006100,0.008519600686579532,80.0979995727539,78.99750022888183,77.2452003479004,0.00809393534497277,78.34298279951696,1.1946610541615286,0.965193190151283
2015-01-20,81.9000015258789,82.05999755859375,80.80999755859375,81.04000091552734,56.98190307617188,14678600,-0.007835447934099515,80.39699935913086,79.17100028991699,77.35300033569337,0.00831754279223938,70.33422661614412,1.1913922810142878,1.0104330083238842
2015-01-21,80.9800033569336,81.05000305175781,80.63999938964844,80.91999816894531,56.89753341674805,6809800,-0.001480784121746459,80.62699890136719,79.33050003051758,77.46480026245118,0.008358783948373694,69.94455486975625,1.1656812877269829,1.041482664204504
2015-01-22,81.26000213623047,82.55999755859375,81.1500015258789,82.5,58.00848388671875,10640200,0.01952548031150414,80.91299896240234,79.50499992370605,77.60940032958985,0.00865906024847625,87.23683629340219,1.258293261985159,1.0848447837606352
2015-01-23,82.44999694824219,82.76000213623047,82.1500015258789,82.33000183105469,57.8889274597168,5036800,-0.002060583866003829,81.13699951171876,79.69099998474121,77.74380035400391,0.008551909554141448,83.2844656794692,1.3029518692289912,1.1284662008543065
2015-01-26,82.37000274658203,83.16000366210938,82.12999725341797,83.13999938964844,58.45846557617188,8672500,0.009838425125459294,81.43899917602539,79.97399978637695,77.89820037841797,0.0077345819109734025,84.53188405797101,1.3877075420374183,1.1803144690909289
2015-01-27,82.83999633789062,83.33000183105469,82.69999694824219,83.02999877929688,58.381126403808594,4193200,-0.0013230768722528596,81.68599929809571,80.23649978637695,78.05820037841796,0.0078104114028651585,81.91026457783809,1.4295222507676897,1.230156025426281
2015-01-28,83.20999908447266,83.54000091552734,82.41999816894531,82.44000244140625,57.966270446777344,12341600,-0.007105821348485142,81.89499969482422,80.45249977111817,78.200400390625,0.008142152350378436,71.60497606393625,1.3989269756589096,1.2639102154728068
2015-01-29,82.7300033569336,82.7300033569336,81.80999755859375,82.58000183105469,58.064720153808594,6878100,0.0016981973010972151,82.06500015258788,80.67949981689453,78.35460037231445,0.008098795852129357,70.17833251310105,1.3701821732446717,1.2851646070271798
2015-01-30,82.56999969482422,82.56999969482422,81.16999816894531,81.2300033569336,57.11548614501953,10085200,-0.016347765126997316,82.0890007019043,80.89900016784668,78.47620040893554,0.008215949490763494,57.409893575409896,1.2243545190216452,1.273002589426073
2015-02-02,81.26000213623047,81.2699966430664,79.55999755859375,80.97000122070312,56.93267440795898,24404900,-0.0032008140525119355,82.01800079345703,81.05800018310546,78.585400390625,0.007998040463513111,52.804403550226695,1.0754084141730118,1.2334837543754609
2015-02-03,80.72000122070312,81.80000305175781,80.54000091552734,81.72000122070312,57.46003723144531,9988800,0.009262689745498376,82.08600082397462,81.24150009155274,78.71900039672852,0.00815693003777178,58.72613384001594,1.0062864412668375,1.1880442917537364
2015-02-04,81.48999786376953,81.80000305175781,81.05999755859375,81.4800033569336,57.29126739501953,7781900,-0.0029368313776864108,82.14200134277344,81.3845001220703,78.84360046386719,0.008149828797638892,53.96829561693161,0.9215182689027017,1.1347390871835294
2015-02-05,81.55999755859375,82.41000366210938,81.43000030517578,82.33000183105469,57.8889274597168,10348300,0.010431988697859662,82.1250015258789,81.51900024414063,78.97420043945313,0.007984886460393035,58.07231750799937,0.9124089720355784,1.0902730641539393
2015-02-06,82.0999984741211,82.12999725341797,79.8499984741211,80.16000366210938,56.36314392089844,16536500,-0.026357319575897264,81.90800170898437,81.52250061035156,79.05700057983398,0.010082076962048289,42.229048984969765,0.7217689684541995,1.0165722450139913
2015-02-09,80.05999755859375,80.55000305175781,79.75,79.77999877929688,56.09595489501953,8727900,-0.0047405796588321225,81.57200164794922,81.5055004119873,79.12800048828124,0.010139253566014562,43.38233938796527,0.5338680750711546,0.920031411025424
2015-02-10,79.83999633789062,80.20999908447266,79.19999694824219,80.05999755859375,56.29282379150391,9174000,0.0035096362945739035,81.2750015258789,81.48050041198731,79.19320037841797,0.010090638545978544,45.55784472594059,0.4029043937027552,0.8166060075608903
2015-02-11,80.06999969482422,80.43000030517578,79.33999633789062,79.88999938964844,56.17329025268555,7335800,-0.002123384638138326,81.02000122070312,81.45750045776367,79.2506004333496,0.01008530628335829,34.22004789826967,0.28214491027942756,0.7097137881045978
2015-02-12,80.5,80.80999755859375,79.80000305175781,80.75,56.77800369262695,9485200,0.010764809324344426,80.83700103759766,81.45100059509278,79.33080047607422,0.010275280866212535,41.18301708781646,0.2529214900723247,0.6183553284981432
2015-02-13,80.79000091552734,81.0,79.9000015258789,80.30999755859375,56.4686164855957,8445900,-0.005448946642801822,80.74500045776367,81.41700057983398,79.39680038452148,0.010339398659216523,33.527339711592774,0.1920434419907906,0.5330929511966728
2015-02-17,80.08000183105469,80.9800033569336,79.95999908447266,80.08000183105469,56.30689239501953,12515100,-0.0028638492657313552,80.65600051879883,81.33700065612793,79.45960037231445,0.010135563446066073,33.06544292576618,0.1238111987957069,0.45123660071647964
2015-02-18,80.2699966430664,80.87000274658203,79.58000183105469,80.76000213623047,56.785037994384766,14340800,0.008491512108233845,80.56000061035157,81.32300071716308,79.53360046386719,0.010208178314788008,40.454538755176934,0.12318697335720685,0.38562667524462513
2015-02-19,80.08000183105469,80.6500015258789,79.11000061035156,79.22000122070312,55.70219421386719,12481500,-0.019068856795342648,80.33400039672851,81.23800086975098,79.58480041503907,0.011053824629654128,33.5294038449168,-0.00155500819202814,0.3081903385572945
2015-02-20,79.69000244140625,80.1500015258789,79.12999725341797,79.94999694824219,56.21547317504883,11002900,0.009214790662591898,80.09599990844727,81.11050071716309,79.6438003540039,0.010257803263907394,43.31937795708901,-0.041036331617036126,0.23834500452242838
2015-02-23,80.26000213623047,80.62000274658203,79.9000015258789,80.58000183105469,56.65845489501953,13375200,0.007879986327208321,80.1379997253418,81.02300071716309,79.7102003479004,0.01046880271844528,48.04020347103053,-0.02124454214882121,0.18642709518817846
2015-02-24,80.08000183105469,80.12999725341797,78.77999877929688,79.05999755859375,55.58969497680664,20628500,-0.01886329409184928,80.06599960327148,80.81900062561036,79.74980026245117,0.010861658141250938,37.59326791412947,-0.12674995342105433,0.1237916854663319
2015-02-25,78.97000122070312,79.97000122070312,78.94000244140625,79.2300033569336,55.70923614501953,10763300,0.002150339028455628,79.98300018310547,80.62900085449219,79.79140029907227,0.010908400322267543,39.43662879911284,-0.19440472815799126,0.06015240274146728
2015-02-26,78.95999908447266,79.2699966430664,78.37000274658203,78.55999755859375,55.23811721801758,9507800,-0.008456465605857,79.85,80.43500061035157,79.8336003112793,0.01094395408724165,31.996187494808083,-0.2986429232962706,-0.011606662466080303
2015-02-27,78.5999984741211,79.2300033569336,78.30000305175781,79.12000274658203,55.63188552856445,8342300,0.007128375832377021,79.6870002746582,80.26200065612792,79.90500030517578,0.01111568856405292,44.130935907228185,-0.33223490821414714,-0.07573231161569367
2015-03-02,79.13999938964844,80.22000122070312,79.13999938964844,79.43000030517578,55.849857330322266,14633600,0.003918068096972371,79.5990005493164,80.17200050354003,79.98960037231446,0.010660877514149635,48.009113594445054,-0.3300381121427449,-0.12659347172110394
2015-03-03,79.11000061035156,79.41999816894531,78.66999816894531,79.22000122070312,55.70219421386719,9993100,-0.0026438258046811436,79.51300048828125,80.08450050354004,80.03640045166016,0.010655731863084498,45.183516339297434,-0.34130792125107234,-0.16953636162709762
2015-03-04,79.23999786376953,79.33000183105469,78.44000244140625,78.55999755859375,55.23811721801758,8349000,-0.008331275586207498,79.29300003051758,79.92650032043457,80.05620040893555,0.010485512927512123,42.779594690417966,-0.3988978595953654,-0.2154086612207512
2015-03-05,78.79000091552734,79.48999786376953,78.75,78.81999969482422,55.42094039916992,10928000,0.0033095995966210268,79.25299987792968,79.7935001373291,80.07800033569336,0.010546396835080216,38.7921310231956,-0.4187314259539221,-0.2560732141673854
2015-03-06,77.70999908447266,77.83999633789062,76.33000183105469,76.41999816894531,53.733428955078125,20520000,-0.030449144064593314,78.9,79.49799995422363,80.02620025634765,0.011957910364583595,31.598906912924036,-0.6209517899692969,-0.3290489293277677
2015-03-09,76.94000244140625,77.19000244140625,76.69999694824219,77.0999984741211,54.2115478515625,9657400,0.008898198396609214,78.55199966430663,79.34499969482422,79.99600021362305,0.010993914581899014,36.4791469499459,-0.7180651358366106,-0.40685217062953627
2015-03-10,76.81999969482422,77.18000030517578,76.66000366210938,76.72000122070312,53.94437026977539,12492000,-0.004928628546542968,78.31800003051758,79.19199981689454,79.98080017089843,0.010996564327550492,31.15675452549472,-0.816281183317713,-0.48873797316717166
2015-03-11,76.88999938964844,77.11000061035156,76.56999969482422,76.83000183105469,54.02172088623047,8404700,0.0014337931256689362,78.07799987792968,79.03050003051757,79.9618002319336,0.010952569663304263,37.13674238006934,-0.8751537509364908,-0.5660211287210355
2015-03-12,77.25,78.1500015258789,77.16999816894531,78.0999984741211,54.914695739746094,8212300,0.016529957214618696,78.03199996948243,78.94099998474121,79.96140014648438,0.01170951385837983,40.59006194307694,-0.8099954463369414,-0.6148159922442167
2015-03-13,78.02999877929688,78.16000366210938,77.4000015258789,77.80999755859375,54.71077728271485,6949400,-0.0037132000152783062,77.9009994506836,78.7939998626709,79.9568000793457,0.011382532907908225,35.40569960349745,-0.7728487514210798,-0.6464225440795893
2015-03-16,78.1500015258789,79.05000305175781,78.1500015258789,78.66000366210938,55.30844879150391,7447800,0.01092412453651015,77.82399978637696,78.71150016784668,79.99320022583008,0.011690205791348008,47.73246671014776,-0.6671310676433535,-0.6505642487923422
2015-03-17,78.62000274658203,78.94000244140625,78.22000122070312,78.58999633789062,55.259239196777344,9367700,-0.0008899989951623999,77.7609992980957,78.63699989318847,80.00920013427735,0.011681722347820443,46.330245128618806,-0.5822858191210827,-0.6369085628580904
2015-03-18,78.56999969482422,80.44000244140625,78.20999908447266,80.13999938964844,56.34908676147461,18583800,0.019722650769618433,77.91899948120117,78.60599975585937,80.05100006103515,0.012403260605851904,58.22915789155793,-0.3855289186386557,-0.5866326340142035
2015-03-19,80.06999969482422,80.55000305175781,79.81999969482422,80.0199966430664,56.26470184326172,11850700,-0.0014974138694282546,78.03899917602538,78.64599952697753,80.07899993896484,0.011601078038839653,54.91262029181541,-0.23655402860183017,-0.5166169129317288
2015-03-20,80.54000091552734,82.04000091552734,80.30000305175781,81.95999908447266,57.62879180908203,17722200,0.02424397054226013,78.59299926757812,78.74649963378906,80.12539993286133,0.012631708460990395,61.72378682995467,0.03761799200761118,-0.40576993194386085
2015-03-23,81.9000015258789,82.41000366210938,81.66999816894531,81.83999633789062,57.54439926147461,7329000,-0.0014641623709432672,79.06699905395507,78.80949935913085,80.16039993286132,0.012548771499458558,62.24293641094238,0.2424235669228807,-0.27613123217051255
2015-03-24,81.55000305175781,81.80999755859375,81.13999938964844,81.18000030517578,57.08034133911133,12777500,-0.00806446801378069,79.51299896240235,78.91549949645996,80.1815998840332,0.011869823085299741,62.24298079178708,0.3474718572875446,-0.15141061427890112
2015-03-25,80.7300033569336,80.94999694824219,79.02999877929688,79.19000244140625,56.13750457763672,15304100,-0.02451340054556095,79.7489990234375,78.91349945068359,80.15419998168946,0.01320262382377964,51.48834385877474,0.26706858730345573,-0.06771477396242975
2015-03-26,78.95999908447266,79.19000244140625,78.52999877929688,78.73999786376953,55.81850814819336,10719700,-0.005682593304245476,79.81299896240235,78.92249946594238,80.12199996948242,0.013122801990535492,61.06868117268245,0.1651332546291968,-0.021145168244104444
2015-03-27,78.98999786376953,79.30999755859375,78.68000030517578,79.01000213623047,56.0098991394043,7485200,0.0034290612114071806,79.93299942016601,78.9169994354248,80.08460006713867,0.013045800381964252,59.48361161241247,0.10492633190830247,0.004069131786376943
2015-03-30,79.66999816894531,80.02999877929688,79.0999984741211,79.9000015258789,56.64080810546875,11187600,0.011264388882231469,80.05699920654297,78.94049949645996,80.06280014038086,0.013263190242663786,65.02832171740297,0.12755702659285362,0.02876671074767228
2015-03-31,79.37000274658203,80.19999694824219,79.18000030517578,79.31999969482422,56.229679107666016,7088100,-0.007259096620502947,80.12999954223633,78.94549942016602,80.01560012817383,0.013358358330414048,61.266932210399574,0.09756603417788767,0.04252657543371536
2015-04-01,79.19000244140625,79.72000122070312,78.70999908447266,79.30999755859375,56.22257232666016,11385800,-0.00012609854096001794,80.04699935913087,78.98299942016601,79.98100006103516,0.013209402231729356,56.179750763521476,0.07215906305174258,0.048453072957320806
2015-04-02,79.06999969482422,80.08000183105469,79.06999969482422,79.83999633789062,56.59828186035156,9028100,0.006682622564769591,80.02899932861328,79.03399925231933,79.95940002441407,0.013267780786637779,60.119605432904116,0.09371009583924206,0.057504477533705065
2015-04-06,80.20999908447266,80.81999969482422,79.95999908447266,80.63999938964844,57.1654052734375,10547300,0.010020078763181894,79.89699935913086,79.2449993133545,79.92220001220703,0.011185435340979889,59.919792187459386,0.17334479407975323,0.0806725408429147
2015-04-07,80.88999938964844,80.88999938964844,79.33000183105469,79.33000183105469,56.23674774169922,9165700,-0.016245009530120536,79.64599990844727,79.35649948120117,79.86220001220703,0.011851251128608041,53.29770234525339,0.1292599826814751,0.09039002921062679
2015-04-08,79.4000015258789,79.69000244140625,79.22000122070312,79.55000305175781,56.392723083496094,5823400,0.0027732410894385495,79.48300018310547,79.49799957275391,79.79040008544922,0.011756345680654865,47.01721201199719,0.11079750722402082,0.0944715248133056
2015-04-09,79.45999908447266,79.45999908447266,77.98999786376953,78.1500015258789,55.40025329589844,10568000,-0.01759901284941523,79.37900009155274,79.56399955749512,79.69280014038085,0.012538534315695814,41.62939628817083,-0.016611078258321754,0.07225500419898014
2015-04-10,78.63999938964844,78.93000030517578,77.86000061035156,78.0999984741211,55.36481475830078,8593000,-0.0006398343030262765,79.31500015258788,79.56399955749512,79.60600006103516,0.01198977006349443,29.202614379084963,-0.12023216698717931,0.03375756996174825
2015-04-13,78.22000122070312,78.4000015258789,77.83999633789062,77.87999725341797,55.20883941650391,7430900,-0.0028169170934878585,79.20199966430664,79.56749954223633,79.51199996948242,0.011976559825867358,28.891291033358627,-0.21759656844638187,-0.016513257719877772
2015-04-14,78.16999816894531,78.43000030517578,77.87000274658203,78.04000091552734,55.3222770690918,5267000,0.0020544898273267,79.01599960327148,79.53649940490723,79.4481999206543,0.011716562858874971,32.3198633585412,-0.2786356612909202,-0.06893773843408627
2015-04-15,78.33000183105469,78.33000183105469,77.56999969482422,77.58000183105469,54.996185302734375,9424600,-0.005894401320811982,78.84199981689453,79.48599967956542,79.38039993286132,0.011782395578618727,39.04764672788157,-0.35997806087017636,-0.12714580292130429
2015-04-16,77.37000274658203,78.13999938964844,77.16000366210938,77.9000015258789,55.223026275634766,7173900,0.0041247703953537496,78.70100021362305,79.37399978637696,79.30399993896485,0.010846842954747126,44.18286412311828,-0.3940785058437939,-0.18053234350580222
2015-04-17,77.5,77.9800033569336,77.02999877929688,77.48999786376953,54.9323844909668,10724100,-0.005263204802032906,78.46600036621093,79.24749984741212,79.22419982910156,0.010881973071970584,39.67390628304163,-0.44901130038348924,-0.23422813488133964
2015-04-20,77.88999938964844,78.0,77.37000274658203,77.58999633789062,55.00328063964844,10799100,0.0012904694396416172,78.16100006103515,79.02899971008301,79.12939971923828,0.009079710382842303,32.420091854449595,-0.4789557904731936,-0.28317366599971044
2015-04-21,77.80000305175781,78.16999816894531,77.5,77.6500015258789,55.045806884765625,8797900,0.0007733624284111951,77.99300003051758,78.81949996948242,79.07919967651367,0.009109429553380306,36.1984040111578,-0.4921716490176493,-0.32497326260329823
2015-04-22,77.80000305175781,78.12999725341797,77.61000061035156,77.87999725341797,55.20883941650391,5737300,0.0029619539345715484,77.8259994506836,78.65449981689453,79.04119964599609,0.009093977600573793,38.59651044081268,-0.4785699228995952,-0.35569259466255765
2015-04-23,77.73999786376953,78.19000244140625,77.66000366210938,78.0199966430664,55.308082580566406,5199300,0.001797629617177332,77.81299896240235,78.59599952697754,79.00039962768555,0.00741979373064477,34.523845050959835,-0.45129146909839335,-0.37481236954972486
2015-04-24,78.13999938964844,78.58999633789062,77.87999725341797,78.1500015258789,55.40025329589844,4576400,0.0016663020815965712,77.81799926757813,78.56649971008301,78.96559967041016,0.007342545457013885,26.103733121292393,-0.4144057785272537,-0.3827310513452306
2015-04-27,78.30999755859375,78.7300033569336,77.8499984741211,77.94000244140625,55.25138854980469,9280800,-0.0026871283476957997,77.82399978637696,78.5129997253418,78.90939971923828,0.007304122106354167,33.09009704700877,-0.39753622395193133,-0.3856920858665708
2015-04-28,78.18000030517578,78.19999694824219,77.47000122070312,77.91999816894531,55.237213134765625,5714900,-0.00025666245617550487,77.81199951171875,78.41399955749512,78.86159973144531,0.006747628264968751,29.156048656179394,-0.38138479154417837,-0.3848306270020923
2015-04-29,77.01000213623047,77.55999755859375,76.2699966430664,76.38999938964844,54.1525993347168,11455400,-0.019635508409273195,77.69299926757813,78.26749954223632,78.78779968261719,0.007812879648287075,28.217882549340658,-0.4864354546268288,-0.40515159252703964
2015-04-30,76.33999633789062,76.3499984741211,75.0199966430664,75.5,53.52168273925781,17918700,-0.011650731728753527,77.45299911499023,78.07699966430664,78.68259963989257,0.00809873477661231,23.360739674156903,-0.6341937835139362,-0.4509600307244189
2015-05-01,75.43000030517578,76.37999725341797,75.33000183105469,75.9000015258789,53.80523681640625,21746800,0.005298033455349849,77.29399948120117,77.87999992370605,78.61619964599609,0.008022321410983873,30.434874386709808,-0.710822622788271,-0.5029325491371894
2015-05-04,76.26000213623047,76.63999938964844,75.94000244140625,76.0999984741211,53.946998596191406,14824500,0.0026350058527204734,77.14499969482422,77.65299987792969,78.53919967651368,0.00757328141687203,30.980390983562415,-0.7468047474563804,-0.5517069888010276
2015-05-05,75.9000015258789,75.9000015258789,74.33999633789062,74.43000030517578,52.76316452026367,11862900,-0.02194478584008408,76.8229995727539,77.40799980163574,78.41619964599609,0.008185735154542954,25.039628082436096,-0.8997045025115682,-0.6213064915431358
2015-05-06,74.44999694824219,74.69000244140625,73.88999938964844,74.2300033569336,52.62139129638672,12904800,-0.0026870475268327976,76.45800018310547,77.14199981689453,78.31959976196289,0.008067970080454782,20.355438437342855,-1.0251988876423894,-0.7020849707629866
2015-05-07,74.51000213623047,75.58000183105469,74.33999633789062,75.20999908447266,53.31609344482422,16791000,0.01320215119520829,76.1770004272461,76.99499969482422,78.23919967651368,0.00815892188982571,33.136089999842,-1.0336612237942546,-0.7684002213692402
2015-05-08,76.33999633789062,77.20999908447266,76.19000244140625,76.36000061035156,54.13133239746094,13075500,0.015290540352051796,75.99800033569336,76.90799980163574,78.19519973754883,0.0090190077320939,42.12550504458459,-0.9367736306944892,-0.8020749032342901
2015-05-11,76.13999938964844,76.5,75.05999755859375,75.25,53.344459533691406,13330800,-0.014536414372436357,75.72900009155273,76.77649993896485,78.11779968261719,0.009504935959548964,36.45596260043727,-0.9387361220467056,-0.8294071469967732
2015-05-12,74.83999633789062,75.66999816894531,74.2699966430664,75.47000122070312,53.50042724609375,11913400,0.0029236042618354663,75.48400039672852,76.64799995422364,78.03859970092773,0.009524840843723167,36.3842008574234,-0.912025884023862,-0.845930894402191
2015-05-13,76.0,76.22000122070312,74.69000244140625,74.83999633789062,53.05379104614258,12145200,-0.008347752386675178,75.32900009155273,76.51099967956543,77.95099960327148,0.009598172381732384,32.97645099341372,-0.9309624017628266,-0.8629371958743182
2015-05-14,75.27999877929688,76.2300033569336,75.22000122070312,76.19999694824219,54.01790618896485,7909700,0.01817210952565218,75.39899978637695,76.42599945068359,77.90379959106446,0.010520526991053953,40.77575859064797,-0.8266993695158931,-0.8556896306026331
2015-05-15,76.54000091552734,77.05999755859375,76.26000213623047,76.83000183105469,54.46451187133789,13163300,0.008267780945456327,75.49199981689453,76.39299964904785,77.86399963378906,0.010669339339927943,44.949954251424174,-0.685333933434066,-0.8216184911689197
2015-05-18,76.6500015258789,76.83000183105469,76.31999969482422,76.5999984741211,54.30146789550781,7063100,-0.0029936659046209124,75.54199981689453,76.34349975585937,77.86759963989257,0.010677179966981608,44.10714662804742,-0.585115310465099,-0.7743178550281556
2015-05-19,76.06999969482422,76.94999694824219,76.06999969482422,76.5,54.230567932128906,8381900,-0.0013054631346354206,75.74899978637696,76.28599967956544,77.85559967041016,0.010673352118142044,50.56295067680586,-0.5079055518242797,-0.7210353943873805
2015-05-20,76.55000305175781,76.9000015258789,76.33000183105469,76.33999633789062,54.117164611816406,8277000,-0.002091551138684644,75.95999908447266,76.20899963378906,77.8479995727539,0.010642081218291096,54.645993052531374,-0.4543893031221131,-0.667706176134327
2015-05-21,76.38999938964844,76.51000213623047,75.70999908447266,75.98999786376953,53.869022369384766,5536800,-0.004584732655369184,76.03799896240234,76.10749969482421,77.8311994934082,0.010651225197905135,50.50053550000085,-0.4352024987625782,-0.6212054406599774
2015-05-22,75.95999908447266,76.4000015258789,75.55000305175781,76.01000213623047,53.88321304321289,4251100,0.0002632487567220121,76.00299911499023,76.0004997253418,77.78939956665039,0.01063552322887045,49.48923832600416,-0.41361474713058044,-0.579687301954098
2015-05-26,76.37999725341797,76.37999725341797,75.26000213623047,75.55000305175781,53.55713272094727,6393800,-0.00605182306991936,76.03299942016602,75.88099975585938,77.74419967651367,0.01068456162132429,57.36842580778578,-0.42868279179701574,-0.5494863999226816
2015-05-27,75.7699966430664,76.2699966430664,75.44000244140625,76.12000274658203,53.9611930847168,5962500,0.007544668058235837,76.0979995727539,75.7909999847412,77.69339965820312,0.01087314567498622,61.85693526802381,-0.3901329047913151,-0.5176157008964083
2015-05-28,76.20999908447266,76.30000305175781,75.66000366210938,76.06999969482422,53.92575454711914,7022300,-0.000656897660977207,76.22099990844727,75.775,77.6429997253418,0.009961355493587698,56.10793822812246,-0.3594728902713342,-0.4859871387713935
2015-05-29,75.97000122070312,76.1500015258789,75.1500015258789,75.25,53.344459533691406,15271600,-0.010779541187246888,76.12600021362304,75.7625,77.54519973754883,0.009910249699809083,41.72878557719421,-0.3967680352884173,-0.46814331807479825
2015-06-01,75.44999694824219,76.16999816894531,75.13999938964844,75.9800033569336,53.8619384765625,8459900,0.009701041288153966,76.04100036621094,75.76650009155273,77.46439987182617,0.010084299113851856,55.7661967315464,-0.36323241917560267,-0.4471611382949592
2015-06-02,75.72000122070312,75.77999877929688,75.1500015258789,75.36000061035156,53.42242813110352,9112700,-0.008160077904569518,75.91700057983398,75.72950019836426,77.33239990234375,0.010229386789528887,49.18276239686754,-0.3822775838382029,-0.4341844274036079
2015-06-03,75.29000091552734,75.4000015258789,74.31999969482422,74.44999694824219,52.77730941772461,11585400,-0.012075420046962937,75.71200027465821,75.73050003051758,77.18459991455079,0.00933639915483408,47.21827391278796,-0.4654354541684711,-0.44043463275658057
2015-06-04,74.3499984741211,74.7300033569336,74.16000366210938,74.37999725341797,52.72770309448242,8710300,-0.0009402242806387795,75.51600036621093,75.7379997253418,77.04859985351563,0.009317551709532901,34.090978812513754,-0.5308675452773741,-0.4585212152607393
2015-06-05,73.19999694824219,74.05000305175781,73.16999816894531,73.4800033569336,52.08971786499024,17844800,-0.012099945277196378,75.26500091552734,75.65149993896485,76.93439987182617,0.009167478265792674,22.03680187690337,-0.6478766164323702,-0.49639229549506547
2015-06-08,73.63999938964844,73.70999908447266,73.23999786376953,73.33000183105469,51.9833869934082,7176200,-0.0020413924744976386,74.99700088500977,75.5,76.82619995117187,0.008313682274796884,22.33510663704419,-0.7441331145135734,-0.5459404592987671
2015-06-09,73.30000305175781,73.48999786376953,72.73999786376953,72.80000305175781,51.60767364501953,7886200,-0.007227584427420886,74.72200088500976,75.37750015258788,76.70199996948242,0.007882599940051882,20.820266715443367,-0.8533467052104129,-0.6074217084810962
2015-06-10,72.69999694824219,73.94999694824219,72.66999816894531,73.31999969482422,51.97628784179688,12669800,0.007142810731707083,74.44200057983399,75.27000007629394,76.57039993286133,0.008065064237727123,27.46272701703404,-0.887706946278584,-0.6634787560405938
2015-06-11,73.9000015258789,74.08000183105469,73.68000030517578,73.9000015258789,52.38743591308594,8347600,0.007910554193518715,74.22500076293946,75.22300033569336,76.46199996948242,0.008148259036097581,34.92067860799489,-0.8582430922589452,-0.7024316232842641
2015-06-12,73.79000091552734,74.06999969482422,73.62999725341797,73.76000213623047,52.2881965637207,4892600,-0.0018944436638396178,74.0760009765625,75.10100059509277,76.35100006103515,0.006846536925668434,34.04256009904141,-0.8365463705658414,-0.7292545727405796
2015-06-15,73.68000030517578,73.79000091552734,73.22000122070312,73.37999725341797,52.01881790161133,5062100,-0.005151909867229354,73.81600036621094,74.92850036621094,76.2218000793457,0.006475733413145181,34.43326368007811,-0.840328002391729,-0.7514692586708095
2015-06-16,73.58000183105469,74.08000183105469,73.33999633789062,74.0,52.45833587646485,5015000,0.008449206456643044,73.68000030517578,74.79850044250489,76.08900009155273,0.006900433794116254,34.90029093809876,-0.7842555232984267,-0.7580265115963329
2015-06-17,73.94999694824219,74.62000274658203,73.5,74.45999908447266,52.784423828125,15038300,0.0062162038442250545,73.68100051879883,74.69650039672851,75.9916000366211,0.00712454175749432,39.16555255035087,-0.6946916252668274,-0.7453595343304319
2015-06-18,74.5,75.80999755859375,74.48999786376953,75.48999786376953,53.51458358764648,13450000,0.01383291420845123,73.79200057983398,74.65400047302246,75.91039993286132,0.007883902416551732,51.57066520470026,-0.5344386216199126,-0.703175351788328
2015-06-19,75.43000030517578,75.5,74.79000091552734,75.0,53.167236328125,11366700,-0.006490897835946252,73.94400024414062,74.60450057983398,75.84739990234375,0.007946768837483851,43.378357061776434,-0.4418819540876342,-0.6509166722481894
2015-06-22,74.80000305175781,75.30999755859375,74.25,74.26000213623047,52.64264678955078,9208800,-0.00986663818359379,74.0370002746582,74.51700057983399,75.77059997558594,0.008205742823682164,42.68617709334143,-0.42336152331219523,-0.6054056424609906
2015-06-23,74.05000305175781,74.2300033569336,73.66000366210938,73.9000015258789,52.38743591308594,10518500,-0.004847840021484751,74.14700012207031,74.43450050354004,75.69100006103515,0.008172097415366255,46.0545485791471,-0.43274457896275464,-0.5708734297613435
2015-06-24,73.27999877929688,73.47000122070312,72.7699966430664,72.83000183105469,52.0927619934082,7574800,-0.014479021281880722,74.09800033569336,74.27000045776367,75.5868000793457,0.008429707973122272,40.276056030624815,-0.5205205146981626,-0.5608028467487074
2015-06-25,72.76000213623047,72.8499984741211,72.11000061035156,72.13999938964844,51.59920883178711,10651800,-0.00947415109238725,73.92200012207032,74.07350044250488,75.47800003051758,0.00857555088720302,41.36595619588269,-0.6384019068002118,-0.5763226587590083
2015-06-26,72.05000305175781,72.68000030517578,71.8499984741211,72.48999786376953,51.84955978393555,9671100,0.00485165618356409,73.79499969482421,73.93550033569336,75.36979995727539,0.008504175245280313,44.7235925634481,-0.695563781231769,-0.6001708832535605
2015-06-29,72.51000213623047,72.9000015258789,71.29000091552734,71.33000183105469,51.019866943359375,7226300,-0.01600215294384233,73.59000015258789,73.70300025939942,75.24660003662109,0.00861099406639851,41.443528245647066,-0.8249573688664213,-0.6451281803761326
2015-06-30,71.8499984741211,72.0,71.23999786376953,71.30000305175781,50.99838638305664,13702600,-0.0004205632766970391,73.32000045776367,73.50000038146973,75.12080017089843,0.008546112550167247,37.53088257040943,-0.9193259527535389,-0.6999677348516139
2015-07-01,71.27999877929688,72.41000366210938,71.06999969482422,72.38999938964844,51.77802658081055,10856300,0.015287465515245291,73.11300048828124,73.39700050354004,75.01560012817383,0.009140899280052387,41.231107042885036,-0.8958335290982831,-0.7391408937009478
2015-07-02,72.79000091552734,73.38999938964844,72.47000122070312,72.55000305175781,51.89248275756836,7691800,0.002210300641779739,72.81900100708008,73.30550079345703,74.90900024414063,0.009175636434916461,42.989574336229204,-0.8544550300650826,-0.7622037209737749
2015-07-06,72.33000183105469,73.04000091552734,72.13999938964844,72.87999725341797,52.128517150878906,11054900,0.004548507067942298,72.60700073242188,73.27550048828125,74.80620025634765,0.008885797739032543,47.08624252620497,-0.785974275076839,-0.7669578317943877
2015-07-07,73.44999694824219,74.1500015258789,73.19000244140625,74.0,52.92960739135742,12555400,0.015367766037196251,72.58100051879883,73.30900039672852,74.72320022583008,0.009542156317075026,50.0,-0.6340193416683775,-0.7403701337691857
2015-07-08,73.66999816894531,73.9800033569336,73.43000030517578,73.61000061035156,52.650665283203125,7358500,-0.0052702620222762064,72.5520004272461,73.3495002746582,74.63660018920899,0.00946850292654331,45.28302046560543,-0.5388521019423251,-0.7000665274038137
2015-07-09,73.86000061035156,74.05999755859375,73.08000183105469,73.26000213623047,52.40032958984375,8497100,-0.0047547679828693346,72.59500045776367,73.34650039672852,74.54340026855469,0.00940909466173912,36.614649926545205,-0.4860702157399288,-0.6572672650710367
2015-07-10,73.41999816894531,74.27999877929688,73.37000274658203,73.7699966430664,52.765098571777344,12232300,0.006961431776750127,72.75800018310547,73.34000015258789,74.49100021362305,0.009369412408771023,42.63469563223137,-0.3984943018936917,-0.6055126724355677
2015-07-13,73.91000366210938,74.69000244140625,73.58999633789062,73.87999725341797,52.8437728881836,9096300,0.0014911293934822822,72.89700012207031,73.34599990844727,74.45860015869141,0.009364848167431994,47.538824003779126,-0.3165644711098281,-0.5477230321704198
2015-07-14,73.95999908447266,74.3499984741211,73.7300033569336,74.08000183105469,52.98683547973633,5039200,0.0027071546436401306,73.17200012207032,73.3810001373291,74.42220016479492,0.009296500345983914,51.19047979469231,-0.232812079304054,-0.4847408415971467
2015-07-15,73.80000305175781,74.37999725341797,73.7699966430664,74.1500015258789,53.03690719604492,5691900,0.0009449202631481857,73.45699996948242,73.38850021362305,74.38320022583008,0.009109000832226615,60.0609887291805,-0.15895695816765,-0.4195840649112474
2015-07-16,74.62999725341797,74.80999755859375,74.33999633789062,74.68000030517578,53.41598129272461,6128500,0.00714765702482012,73.68600006103516,73.39950027465821,74.38820022583008,0.009144012781791035,69.8437997327322,-0.057002679063671735,-0.3470677877417323
2015-07-17,74.9000015258789,74.9000015258789,74.18000030517578,74.38999938964844,53.20856475830078,11760900,-0.0038832473800518574,73.86999969482422,73.34450035095215,74.39140014648437,0.008594114905615659,64.98426584997503,0.00039165664881579687,-0.2775758988636227
2015-07-20,74.44000244140625,74.68000030517578,74.05000305175781,74.5199966430664,53.30154800415039,4780500,0.0017475098062180727,74.03399963378907,73.32050018310547,74.37760009765626,0.008498780755529643,80.03767290094268,0.055724416734406645,-0.21091583574401687
2015-07-21,74.44999694824219,74.83999633789062,74.25,74.25,53.108436584472656,5816200,-0.0036231435215923202,74.05899963378906,73.32000007629395,74.33540008544922,0.00823907013619115,76.57660753758344,0.0769030644573121,-0.1533520557037511
2015-07-22,74.41000366210938,74.80999755859375,74.27999877929688,74.45999908447266,53.25863265991211,6674800,0.0028282704979483153,74.14399948120118,73.34799995422364,74.31960006713867,0.008178672313980631,72.16278252914124,0.10937169759465348,-0.10080730504407019
2015-07-23,74.56999969482422,74.61000061035156,73.48999786376953,73.93000030517578,52.87955474853516,8558000,-0.007117899352854007,74.2109992980957,73.40299987792969,74.28880004882812,0.00761995272515781,63.69048790419633,0.0912845793669419,-0.06238892816186777
2015-07-24,73.95999908447266,74.27999877929688,73.69999694824219,73.94999694824219,52.89384841918945,5632000,0.00027048076537083965,74.22899932861328,73.49349975585938,74.27100006103515,0.0072316013149001535,61.31080747585766,0.07766865394178524,-0.03437741174113717
2015-07-27,74.05000305175781,74.5,73.9000015258789,74.11000061035156,53.008296966552734,6326100,0.002163673681032874,74.25199966430664,73.57449989318847,74.22920013427735,0.007186263395460096,51.458898287934595,0.07887961813375455,-0.011726005766158829
2015-07-28,73.94000244140625,74.4800033569336,73.94000244140625,74.25,53.108436584472656,6276000,0.0018890755430500672,74.26899948120118,73.72049980163574,74.17760009765625,0.00594827887276449,59.090928794985395,0.09009750870472999,0.008638697128018936
2015-07-29,74.29000091552734,74.77999877929688,73.80000305175781,74.62999725341797,53.3802375793457,7111000,0.005117808126841261,74.31699905395507,73.88699951171876,74.13820007324219,0.00595735692365942,69.29577222632946,0.1281728732856493,0.03254553235954501
2015-07-30,74.30999755859375,74.63999938964844,74.12000274658203,74.3499984741211,53.17995834350586,6573800,-0.003751826203960529,74.28399887084962,73.98499946594238,74.09520004272461,0.005252578054529137,58.73498821117847,0.13420725489903873,0.05287787686744376
2015-07-31,74.98999786376953,75.37999725341797,74.69999694824219,74.83000183105469,53.52327728271485,10817000,0.006455996863277136,74.32799911499023,74.09899940490723,74.06500015258788,0.005373590668454989,62.87270885238445,0.1756964854352958,0.07744159858101418
2015-08-03,74.83999633789062,75.26000213623047,74.76000213623047,75.19999694824219,53.787933349609375,6576300,0.0049444755864478385,74.39599914550782,74.21499938964844,74.04920013427734,0.005385888601542848,64.50776382783593,0.2357153336887876,0.10909634560256887
2015-08-04,75.06999969482422,75.58000183105469,74.63999938964844,74.80999755859375,53.50896835327149,11675200,-0.005186162306853093,74.45199890136719,74.25549926757813,74.0252000427246,0.004506006509399143,57.894717629257556,0.24894137079647294,0.1370653506413497
2015-08-05,75.0,75.08999633789062,74.22000122070312,74.48999786376953,53.28008270263672,19488200,-0.004277499067869672,74.45499877929687,74.29949913024902,74.00399993896484,0.0044435029386091385,47.607013686836275,0.2309396707006215,0.15584021465320408
2015-08-06,74.4800033569336,74.62999725341797,73.44000244140625,74.48999786376953,53.28008270263672,12177900,0.0,74.51099853515625,74.36099891662597,73.9713998413086,0.004265344059436727,51.3586804410969,0.21420398349502534,0.16751296842156835
2015-08-07,74.41000366210938,74.87999725341797,73.94999694824219,74.75,53.46606063842773,8922300,0.003490430174343251,74.59099884033203,74.40999908447266,73.9449998474121,0.004069338787509836,53.01842473612437,0.2193918179649188,0.17788873833023844
2015-08-10,75.01000213623047,75.16000366210938,74.44000244140625,74.76000213623047,53.47322463989258,6650700,0.00013380784254812816,74.65599899291992,74.45399932861328,73.93519989013672,0.0040662046579949705,57.183137941780124,0.2217540601923247,0.1866618027026557
2015-08-11,74.69000244140625,75.4800033569336,74.47000122070312,75.26000213623047,53.830848693847656,15118000,0.006688068294713023,74.75699920654297,74.51299934387207,73.92079986572266,0.0042672429588274515,60.41671633725135,0.2609637478611688,0.20152219173435834
2015-08-12,74.98999786376953,75.41999816894531,74.51000213623047,75.37000274658203,53.9095344543457,9449200,0.001461607855822944,74.83099975585938,74.57399940490723,73.92099990844727,0.004269735424049796,71.05267854354334,0.2974846202467347,0.22071467743683362
2015-08-13,75.33999633789062,75.83999633789062,74.7300033569336,75.5199966430664,54.01680755615234,6766300,0.0019901007167095752,74.9479995727539,74.61599922180176,73.94239990234375,0.004015975645995903,72.1127002718647,0.33467302630543827,0.24350634721055456
2015-08-14,75.37999725341797,76.0,75.0999984741211,75.94999694824219,54.32438659667969,6172000,0.005693860226293701,75.05999908447265,74.69399909973144,73.97379989624024,0.0040283575640962035,74.08377172484592,0.39429732290328445,0.27366454234910054
2015-08-17,75.94999694824219,76.55000305175781,75.63999938964844,76.5199966430664,54.73207473754883,13312500,0.007504933742296993,75.19199905395507,74.79399909973145,74.0345997619629,0.004279047648378987,76.70589080072884,0.4819881597348399,0.31532926582624843
2015-08-18,76.26000213623047,76.69000244140625,76.20999908447266,76.58000183105469,54.77498245239258,7646100,0.0007841765632607967,75.36899948120117,74.91049919128417,74.09959976196289,0.004120898432232821,74.80921661848953,0.5499858029069316,0.3622605732423851
2015-08-19,76.30999755859375,76.5199966430664,75.7300033569336,76.16000366210938,54.47458267211914,12455500,-0.00548443665321241,75.53600006103515,74.99549942016601,74.16679977416992,0.004395678819601225,72.23593763766185,0.5634885377508994,0.40250616614408796
2015-08-20,75.73999786376953,76.05000305175781,75.43000030517578,75.56999969482422,54.05257797241211,10035600,-0.007746900458444839,75.64400024414063,75.07749938964844,74.21179977416992,0.004459645517091485,58.85164844190618,0.520580238169984,0.42612098054926717
2015-08-21,75.13999938964844,75.43000030517578,74.01000213623047,74.08999633789062,52.99397659301758,15775300,-0.019584535700811423,75.57799987792968,75.08449935913086,74.21559967041016,0.006430242871164021,39.508517794199946,0.3629671403592454,0.41349021251126283
2015-08-24,71.7699966430664,72.91000366210938,70.38999938964844,70.62999725341797,50.51917266845703,30430400,-0.04669994946002132,75.16499938964844,74.91049919128417,74.15299957275391,0.01225519649324443,25.000022815152548,-0.04066660557985813,0.32265884889303864
2015-08-25,72.23999786376953,72.25,68.77999877929688,68.8499984741211,49.246002197265625,19250300,-0.025201739324869354,74.5239990234375,74.64049911499023,74.06239959716797,0.013223363741536978,21.283120249112756,-0.4984346384323999,0.15844015142795098
2015-08-26,69.52999877929688,70.7699966430664,69.1500015258789,70.56999969482422,50.47625732421875,15152900,0.024981862873237892,74.04399871826172,74.43749923706055,73.99379959106446,0.014594152021028397,33.01561843006482,-0.7141965652159712,-0.016087191900833464
2015-08-27,71.38999938964844,72.55000305175781,70.73999786376953,71.98999786376953,51.4919319152832,12395800,0.020121838955448723,73.69099884033203,74.31949920654297,73.94439956665039,0.015453768096836884,39.13385377399579,-0.7618256104414769,-0.16523487560896216
2015-08-28,71.80000305175781,72.06999969482422,71.4800033569336,71.91000366210938,51.43472290039063,8457300,-0.0011111849428240284,73.28699951171875,74.1734992980957,73.87279968261718,0.015341040795081272,38.841036713707645,-0.7968413444634876,-0.2915561693798673
2015-08-31,71.87000274658203,71.94000244140625,70.4800033569336,70.4800033569336,50.41188049316406,10548700,-0.019885971802964475,72.68300018310546,73.93749961853027,73.78239974975585,0.01575916151851449,32.554745094632366,-0.9292686094866411,-0.4190986574012221
2015-09-01,69.77999877929688,70.0999984741211,68.69000244140625,69.13999938964844,49.453426361083984,12235700,-0.019012541195535193,71.93899993896484,73.65399971008301,73.67999969482422,0.0161530796151384,29.135957034194305,-1.1293271124137192,-0.5611443484037215
2015-09-02,69.79000091552734,70.04000091552734,69.22000122070312,69.87999725341797,49.98271179199219,8836800,0.010702890805641463,71.31099929809571,73.42349967956542,73.599599609375,0.01647427608382606,31.82990387555438,-1.2141671114728183,-0.6917489010175408
2015-09-03,69.80999755859375,70.54000091552734,69.7699966430664,70.0199966430664,50.08286285400391,8479800,0.002003425803534853,70.75599899291993,73.19999961853027,73.54339950561524,0.016499924082182926,30.531848331878095,-1.2556324914876456,-0.8045256191115617
2015-09-04,69.52999877929688,69.63999938964844,68.27999877929688,68.69000244140625,49.13156127929688,11283100,-0.01899449108002571,70.21599960327148,72.89699974060059,73.47439956665039,0.016800669707934767,25.515962327294858,-1.3799068139509387,-0.9196018580794372
2015-09-08,68.94999694824219,69.94000244140625,68.94999694824219,69.7300033569336,49.875431060791016,11894600,0.015140499032803012,70.12600021362304,72.64549980163574,73.41919967651367,0.017325797194248024,29.817321564489532,-1.378584266335082,-1.0113983397305661
2015-09-09,70.29000091552734,70.56999969482422,68.77999877929688,68.87999725341797,49.26746368408203,9367600,-0.012189962176892721,70.12900009155274,72.32649955749511,73.37019958496094,0.017265280682793992,29.080443188858638,-1.4296444749924433,-1.0950475667829416
2015-09-10,68.69999694824219,69.6500015258789,68.69999694824219,68.95999908447266,49.324684143066406,8826100,0.0011614668154000807,69.96800003051757,72.00599937438965,73.32339950561523,0.017260160433645078,30.43220589338,-1.446974754796642,-1.1654330043856818
2015-09-11,69.19999694824219,70.12000274658203,68.83000183105469,70.08999633789062,50.13292694091797,8895200,0.016386271293794108,69.77799987792969,71.73449935913087,73.27739944458008,0.01782678948748959,37.908096663637664,-1.3539206375067891,-1.2031305310099034
2015-09-14,70.30000305175781,70.30999755859375,69.88999938964844,70.05000305175781,50.10433197021485,6123800,-0.0005705990615266776,69.59199981689453,71.43949966430664,73.22739944458007,0.017710077526835694,47.789654135723104,-1.268776042654892,-1.216259633338901
2015-09-15,70.06999969482422,70.8499984741211,69.68000030517578,70.63999938964844,50.526329040527344,7419200,0.008422502672194021,69.60799942016601,71.14549980163574,73.18259948730469,0.017742294910478216,57.50210879798835,-1.1405430933220373,-1.2011163253355284
2015-09-16,70.5999984741211,71.69999694824219,70.58999633789062,71.55000305175781,51.1772346496582,6440100,0.012882271658721578,69.84899978637695,70.8939998626709,73.13359954833984,0.018110621107283727,54.40649487245106,-0.9544851560602723,-1.151790091480477
2015-09-17,71.55999755859375,73.4800033569336,71.19999694824219,72.25,51.67790985107422,23255500,0.00978332520455405,70.08600006103515,70.69849967956543,73.10639953613281,0.018331203347781704,51.250011920944694,-0.7419957317810457,-1.0698312195405908
2015-09-18,71.48999786376953,72.88999938964844,71.27999877929688,72.01000213623047,51.5062370300293,15598900,-0.0033217697407547098,70.28500061035156,70.52049980163574,73.0813995361328,0.01829082765431326,50.473478075223305,-0.5862047505321328,-0.9731059257388992
2015-09-21,72.04000091552734,72.94999694824219,72.04000091552734,72.63999938964844,51.956844329833984,12965300,0.008748746489773973,70.68000030517578,70.44799995422363,73.05879959106446,0.017971969605230932,61.06556832421218,-0.4072097022663854,-0.8599266810443965
2015-09-22,72.23999786376953,72.4000015258789,71.4800033569336,71.68000030517578,51.27018737792969,7487300,-0.013215846538256693,70.875,70.50050010681153,73.01479965209961,0.014743986528939169,63.53947649889829,-0.33891197372817317,-0.7557237395811519
2015-09-23,72.0199966430664,72.38999938964844,71.54000091552734,72.01000213623047,51.5062370300293,6846100,0.0046038201681042334,71.18800048828125,70.65850028991699,72.97339965820312,0.013419939678197202,61.87295549768056,-0.2552151802454006,-0.6556220277140017
2015-09-24,71.91999816894531,72.18000030517578,70.97000122070312,71.3499984741211,51.03416442871094,9862500,-0.009165444278987245,71.4270004272461,70.69750022888184,72.91739959716797,0.012529254362869684,57.007393043657224,-0.23938219907822145,-0.5723740619868456
2015-09-25,70.98999786376953,71.55999755859375,70.62999725341797,71.04000091552734,51.291202545166016,8098200,-0.004344745132772276,71.52200088500976,70.65000038146972,72.844599609375,0.01169182514051887,63.872492634070724,-0.2489785894581047,-0.5076949674810974
2015-09-28,70.79000091552734,70.87999725341797,69.30000305175781,69.76000213623047,50.36703109741211,11976500,-0.018018000602490147,71.49300079345703,70.54250030517578,72.75199966430664,0.01232487527205988,50.17220900532219,-0.35576793081692415,-0.4773095601482628
2015-09-29,69.77999877929688,70.63999938964844,69.62999725341797,70.25,50.7208137512207,10142100,0.007024051731143066,71.4540008544922,70.5310001373291,72.66659973144532,0.011656382346880373,58.203625751405504,-0.39629230963419104,-0.4611061100454485
2015-09-30,70.7699966430664,71.05000305175781,70.31999969482422,70.94999694824219,51.22621536254883,9887100,0.009964369369995563,71.39400024414063,70.62150001525879,72.60059967041016,0.010961902973676434,61.09254554470351,-0.36768581500578534,-0.4424220510375159
2015-10-01,71.05999755859375,71.37000274658203,70.54000091552734,71.27999877929688,51.4644775390625,8296500,0.004651188798435291,71.29700012207032,70.69150009155274,72.53699966430663,0.010772027198475455,57.28277191331048,-0.3147582350845113,-0.41688928784691504
2015-10-02,71.54000091552734,71.9000015258789,70.55000305175781,71.9000015258789,51.9121208190918,12667900,0.008698130712680552,71.28600006103515,70.78550033569336,72.4963996887207,0.010906472024696594,60.57142906967518,-0.220244860944959,-0.37756040246652384
2015-10-05,72.0199966430664,73.29000091552734,71.9800033569336,73.19000244140625,52.84350204467773,6663000,0.017941597888047722,71.34100036621093,71.01050033569337,72.48119979858399,0.010389405787635099,63.492083996027866,-0.040779952207273595,-0.3102043124146738
2015-10-06,73.20999908447266,73.51000213623047,72.86000061035156,73.01000213623047,52.71354293823242,4900900,-0.0024593564581431027,71.4740005493164,71.1745002746582,72.45919982910156,0.01006778197192982,58.371560536052854,0.08593218786897694,-0.23097701235794363
2015-10-07,73.45999908447266,73.76000213623047,73.04000091552734,73.72000122070312,53.22618103027344,6780200,0.009724682422935116,71.64500045776367,71.41650047302247,72.44859985351563,0.009583007731124478,58.419255098063545,0.24086690050353354,-0.1366082297856482
2015-10-08,73.62999725341797,74.44999694824219,73.41999816894531,74.33000183105469,53.666595458984375,8343400,0.008274560502588013,71.94300079345703,71.68500061035157,72.44259994506837,0.009625704090226861,62.74725320790942,0.4081705912794149,-0.027652465572635593
2015-10-09,74.61000061035156,74.69999694824219,73.88999938964844,74.25,53.60881805419922,5761900,-0.0010763060552120285,72.2640007019043,71.89300079345703,72.44059997558594,0.009206872430591732,59.41520488709393,0.5282155523298968,0.0835211380078709
2015-10-12,74.29000091552734,74.91999816894531,74.11000061035156,74.6500015258789,53.89762496948242,5143600,0.005387225937762974,72.75300064086915,72.12300071716308,72.43699996948243,0.009184093658042222,68.58572702637153,0.6481572754187113,0.19644836549003897
2015-10-13,74.3499984741211,74.69000244140625,73.93000030517578,74.0999984741211,53.50053024291992,8391100,-0.007367756738318909,73.13800048828125,72.29600067138672,72.415,0.009390190008115949,62.728347312801205,0.6908674158703576,0.2953321755661027
2015-10-14,74.2300033569336,74.3499984741211,73.44000244140625,73.62000274658203,53.15397644042969,8572800,-0.006477675268869221,73.40500106811524,72.39950065612793,72.39120010375977,0.009253494828745374,64.13452439316376,0.6781663862111742,0.371899017695117
2015-10-15,73.77999877929688,74.5,73.66999816894531,74.45999908447266,53.76044464111328,5692000,0.011409892781206521,73.7230010986328,72.51000061035157,72.39060012817383,0.009337195913886221,69.97663051616078,0.7274953000568161,0.44301827416745687
2015-10-16,74.56999969482422,75.16999816894531,74.54000091552734,75.05999755859375,54.19364547729492,5913700,0.008057997334117717,74.0390007019043,72.66250038146973,72.40200012207032,0.009371422018091533,83.62942430001733,0.8057158908907525,0.515557797512116
2015-10-19,75.02999877929688,75.98999786376953,74.87999725341797,75.94999694824219,54.836238861083984,7806700,0.011857173176080593,74.31500015258788,72.82800025939942,72.42600006103515,0.009511900273083181,84.42027650109281,0.9288149844119147,0.5982092348920758
2015-10-20,75.55999755859375,76.16999816894531,75.55999755859375,76.04000091552734,54.901214599609375,10961400,0.0011850424081845112,74.61800003051758,73.04600028991699,72.45160003662109,0.008795767304191425,83.18122633223352,1.0218551606645008,0.6829384200465608
2015-10-21,76.05000305175781,76.33999633789062,75.6500015258789,75.7699966430664,54.70627975463867,5887900,-0.0035508189007109614,74.8229995727539,73.23400001525879,72.4617999267578,0.008905513858897325,79.50061105268487,1.0615660102311608,0.7586639380834809
2015-10-22,75.88999938964844,76.7699966430664,75.7699966430664,76.5999984741211,55.30554962158203,8893900,0.010954228161901947,75.04999923706055,73.49650001525879,72.4863998413086,0.0086406460972855,80.05110323673345,1.1467918531355394,0.8362895210938925
2015-10-23,76.9800033569336,77.0,75.44000244140625,75.9000015258789,54.800140380859375,8063000,-0.009138341542900608,75.21499938964844,73.73950004577637,72.49399993896485,0.008933889095512225,68.74134043017946,1.1446551717548488,0.8979626512260838
2015-10-26,75.95999908447266,76.0999984741211,75.31999969482422,75.88999938964844,54.792911529541016,6239000,-0.00013178044834505354,75.3389991760254,74.04599990844727,72.49279998779296,0.007454894885096276,70.39656612659383,1.1291387390449898,0.944197868789865
2015-10-27,75.68000030517578,75.91999816894531,75.30000305175781,75.69999694824219,54.65571594238281,9751800,-0.0025036558562967492,75.4989990234375,74.31849975585938,72.47639999389648,0.007571563289718367,65.13756223664625,1.0889574219202842,0.9731497794159488
2015-10-28,75.73999786376953,76.36000061035156,74.6500015258789,75.98999786376953,54.86509704589844,16084400,0.0038309237413263197,75.73599853515626,74.57049980163575,72.46459991455077,0.0074303631300706606,63.3440005691373,1.0682005379823778,0.9921599311292346
2015-10-29,75.66999816894531,76.05999755859375,75.41999816894531,75.91000366210938,54.80735778808594,7657800,-0.0010526938269371788,75.88099899291993,74.80200004577637,72.45959991455078,0.007491583272322441,63.344078266287895,1.0333834927364052,1.0004046434506688
2015-10-30,75.91999816894531,76.12999725341797,75.2699966430664,75.36000061035156,54.410255432128906,9418500,-0.007245462063287245,75.9109992980957,74.975,72.45539993286133,0.007718140913332228,55.57298884096732,0.9504538435546124,0.9904144834714576
2015-11-02,75.41999816894531,77.04000091552734,75.3499984741211,77.02999877929688,55.61601257324219,20538100,0.022160272763001032,76.01899948120118,75.16699981689453,72.51419998168946,0.008207897570639326,69.55942016585026,1.0078683160083273,0.9939052499788316
2015-11-03,76.75,76.7699966430664,76.01000213623047,76.2699966430664,55.06727600097656,7607300,-0.009866313751451528,76.04199905395508,75.32999954223632,72.62699996948243,0.00860529496715577,67.05271839989003,0.980738534943626,0.9912719069717905
2015-11-04,76.19999694824219,76.4800033569336,75.73999786376953,75.94000244140625,54.82901382446289,7163700,-0.004326658137989492,76.05899963378906,75.44099960327148,72.76880004882813,0.008533775701464553,60.1928575857282,0.9219821771685446,0.9774139610111414
2015-11-05,75.94999694824219,76.22000122070312,75.45999908447266,76.16000366210938,54.98784637451172,8065900,0.0028970399477254993,76.01500015258789,75.53249969482422,72.88060012817382,0.00839328258464064,57.994224729866396,0.8829910292564875,0.9585293746602107
2015-11-06,74.9800033569336,75.3499984741211,73.51000213623047,73.9800033569336,53.41389465332031,23851000,-0.028623952210500736,75.82300033569337,75.5189998626709,72.9204002380371,0.010730185576046759,37.94374422776481,0.6684766750178284,0.9005188347317343
2015-11-09,73.38999938964844,73.70999908447266,72.4800033569336,72.9800033569336,52.691890716552734,13643800,-0.013517166188480312,75.53200073242188,75.43549995422363,72.9418002319336,0.01104681851142619,33.14979657752825,0.4130198256853532,0.8030190329224582
2015-11-10,73.02999877929688,73.80000305175781,72.9800033569336,73.6500015258789,53.17563629150391,9734500,0.009180571911848956,75.32700119018554,75.41300010681152,73.0052001953125,0.011169540733224924,38.81858611481761,0.261615939250305,0.6947384141880276
2015-11-11,73.66999816894531,74.08000183105469,73.48999786376953,73.73999786376953,53.2406005859375,4765400,0.001221946178222355,75.10200119018555,75.4189998626709,73.09720016479493,0.011075712415338888,33.63842216263025,0.14719247752465492,0.5852292268553531
2015-11-12,73.6500015258789,73.87000274658203,73.12000274658203,73.20999908447266,52.857940673828125,6101900,-0.007187398896810637,74.83200073242188,75.3564998626709,73.16380020141601,0.010858275452162473,34.30568884504925,0.013587954148675863,0.4709009723140176
2015-11-13,73.38999938964844,73.61000061035156,72.43000030517578,72.44000244140625,52.30200958251953,11693000,-0.010517643118366338,74.54000091552734,75.22550010681152,73.21220031738281,0.010856067439456598,31.51124376482133,-0.15266703659446534,0.346187370532321
2015-11-16,72.30000305175781,73.30999755859375,72.30000305175781,73.29000091552734,52.91569519042969,7639900,0.011733827242877526,74.16600112915039,75.09250030517578,73.30420028686524,0.010847981117767453,37.93793679123451,-0.2133778543511653,0.23427432555562377
2015-11-17,73.19000244140625,73.95999908447266,72.95999908447266,73.33000183105469,52.944602966308594,9096300,0.0005457895351024256,73.87200164794922,74.95700035095214,73.37620025634766,0.010839894697848164,36.34496517809655,-0.25532069717429806,0.13635532100963943
2015-11-18,73.58999633789062,74.16999816894531,73.12000274658203,74.11000061035156,53.50774383544922,8297800,0.010636830217104265,73.68900146484376,74.8740005493164,73.48080032348633,0.011175358100188774,41.379285145316764,-0.22305013639751792,0.06447422952820797
2015-11-19,74.27999877929688,74.62000274658203,74.0199966430664,74.31999969482422,53.65938186645508,6543000,0.0028336133145749898,73.50500106811523,74.76000061035157,73.58800033569337,0.010859409168786931,44.85147206012879,-0.17847298789483546,0.01588478604359929
2015-11-20,74.38999938964844,75.16999816894531,74.37999725341797,75.08000183105469,54.208099365234375,7804800,0.010226078301281305,73.61500091552735,74.71900062561035,73.68780044555665,0.011000516233778294,39.39064380889129,-0.08088704030433291,-0.0034695792259871513
2015-11-23,75.08000183105469,75.51000213623047,74.95999908447266,75.20999908447266,54.30195617675781,5148700,0.0017314497901916859,73.83800048828125,74.68500061035157,73.79100036621094,0.011011551785024774,43.808412672664424,0.006861127343285034,-0.0014034379121327144
2015-11-24,75.30999755859375,75.30999755859375,74.25,74.83999633789062,54.03480911254883,9755400,-0.004919595148066169,73.95699996948242,74.64200057983399,73.87500030517577,0.011049121761708199,43.60460886891445,0.04601561363791973,0.008080372397877775
2015-11-25,74.91000366210938,75.27999877929688,74.83999633789062,75.08999633789062,54.21531295776367,4324400,0.0033404598107045214,74.09199981689453,74.59700050354004,73.94580017089844,0.011039513398131796,43.80064536091589,0.09611083094981154,0.02568646410826453
2015-11-27,74.91000366210938,75.91000366210938,74.91000366210938,75.69000244140625,54.64852523803711,3255300,0.007990493178554825,74.34000015258789,74.58600044250488,74.01460021972656,0.011201310182513592,62.12766095597999,0.1821276752102392,0.05697470632865946
2015-11-30,75.80000305175781,76.08000183105469,74.98999786376953,75.20999908447266,54.30195617675781,12528300,-0.006341700904358927,74.61699981689453,74.57850036621093,74.0786001586914,0.01117269091197279,67.07500876270592,0.2091533945169033,0.08741044396630823
2015-12-01,75.5,76.20999908447266,75.16999816894531,76.13999938964844,54.97340393066406,9098100,0.01236538115272734,74.90199966430664,74.53400039672852,74.14860015869141,0.010331336551314177,68.33576972040913,0.3021319351897773,0.13035474221100207
2015-12-02,75.80999755859375,76.04000091552734,74.62000274658203,74.69999694824219,53.93373489379883,8035600,-0.01891256176713374,75.03899917602538,74.4555004119873,74.20900009155274,0.010941607303776635,55.89679518842432,0.2566632815855314,0.15561645008590796
2015-12-03,74.52999877929688,74.66000366210938,73.4000015258789,73.5999984741211,53.13953399658203,14229900,-0.014725549117267756,74.98799896240234,74.33850021362305,74.24080001831055,0.011348417167030016,52.23880074069014,0.13036558887071692,0.15056627784286977
2015-12-04,73.79000091552734,75.05999755859375,73.5999984741211,74.83000183105469,54.027587890625,9648400,0.016712002478723953,75.03899917602538,74.27200012207031,74.31040008544922,0.012030232593791084,63.031602453383385,0.12804868329260444,0.14606275893281673
2015-12-07,74.72000122070312,75.0,74.3499984741211,74.62999725341797,53.8831901550293,9785600,-0.002672785951392531,74.99399871826172,74.30449981689453,74.38220001220704,0.010120470921900463,57.86381024700557,0.10881941850350074,0.13861409084695353
2015-12-08,74.30000305175781,74.76000213623047,74.0999984741211,74.44999694824219,53.75322341918945,9961000,-0.0024119028782026986,74.91799850463867,74.37799949645996,74.47599990844726,0.009603160245460067,56.46647038197987,0.07815464917032955,0.12652220251162874
2015-12-09,74.04000091552734,74.8499984741211,73.66000366210938,73.98999786376953,53.42110061645508,13820000,-0.006178631340877705,74.83299865722657,74.39499931335449,74.55079986572265,0.00953189253066768,49.28056073176154,0.016543810057697783,0.10452652402084255
2015-12-10,73.91000366210938,74.33999633789062,73.48999786376953,73.56999969482422,53.11787414550781,6709400,-0.0056764181790978085,74.68099899291992,74.38649940490723,74.60319992065429,0.009620168518518693,45.61404448061335,-0.06541945127186466,0.07053732896230111
2015-12-11,73.27999877929688,73.62999725341797,72.80000305175781,73.2300033569336,52.87240219116211,10311100,-0.004621399202133558,74.43499908447265,74.38749961853027,74.64220001220703,0.00953702233732087,38.622413118409334,-0.1560123758344929,0.025227388002942306
2015-12-14,72.93000030517578,73.72000122070312,72.61000061035156,73.45999908447266,53.03843688964844,13501300,0.0031407308069895112,74.25999908447265,74.4384994506836,74.67339996337891,0.009223833419910161,39.3681794416366,-0.2068645820461512,-0.021191006006876397
2015-12-15,73.91000366210938,74.62000274658203,73.7699966430664,74.2699966430664,53.623268127441406,10914100,0.011026375832952517,74.07299880981445,74.48749923706055,74.6949998474121,0.009180709028514325,46.712806726534346,-0.17973343315553336,-0.05289949143660779
2015-12-16,74.56999969482422,75.87000274658203,74.5,75.7300033569336,54.67739868164063,15076200,0.019658095864522718,74.17599945068359,74.6074993133545,74.74939987182617,0.010110898504410357,53.23889781643607,-0.039960818722988733,-0.05031175689388399
2015-12-17,75.9000015258789,75.9000015258789,75.0999984741211,75.36000061035156,54.410255432128906,9570800,-0.004885814474853811,74.35199966430665,74.6699993133545,74.78219985961914,0.009980489346021344,48.29014757527794,0.04048714520733654,-0.03215197647363989
2015-12-18,75.1500015258789,75.4000015258789,74.37000274658203,74.4000015258789,53.717132568359375,14399200,-0.012738841251293542,74.30899963378906,74.67399940490722,74.78359985351562,0.01041821864515104,46.00198831114057,0.02647366126083739,-0.020426848926744436
2015-12-21,74.91000366210938,75.11000061035156,74.36000061035156,74.77999877929688,53.99150466918945,9353700,0.005107489860545211,74.32399978637696,74.65899925231933,74.79419982910156,0.010217446378737225,42.901877085539994,0.045505913014039834,-0.007240296538587583
2015-12-22,75.13999938964844,75.5,74.87999725341797,75.08999633789062,54.21531295776367,8286600,0.004145460867265749,74.3879997253418,74.65299911499024,74.80299972534179,0.010255039399933639,52.30768952957768,0.08462778543767513,0.011133319856664959
2015-12-23,75.18000030517578,75.97000122070312,75.13999938964844,75.94000244140625,54.82901382446289,7034200,0.011319831468505681,74.58300018310547,74.70799942016602,74.8397998046875,0.01048777062081232,64.26830890842965,0.1821211605749511,0.045330888000322186
2015-12-24,74.97000122070312,75.23999786376953,74.61000061035156,75.0,54.8436279296875,3726600,-0.012378225061706272,74.72600021362305,74.70349960327148,74.86739974975586,0.010868027467191732,51.07457705588456,0.18144345448115473,0.0725534012964887
2015-12-28,74.75,75.31999969482422,74.56999969482422,75.22000122070312,55.0045166015625,6272800,0.00293334960937508,74.925,74.67999954223633,74.88259979248046,0.01073019544952736,53.72007531260794,0.19639471142123455,0.09732166332143788
2015-12-29,75.48999786376953,76.08999633789062,75.41000366210938,75.98999786376953,55.56757354736328,5219300,0.010236594397375232,75.1779998779297,74.71899948120117,74.90119979858399,0.010874757431488155,59.03756761911755,0.26729477643176835,0.13131628594350397
2015-12-30,76.05000305175781,76.12999725341797,75.56999969482422,75.6500015258789,55.318946838378906,4516300,-0.004474224864437382,75.31600036621094,74.69449958801269,74.89519989013672,0.010560985611771916,59.88098135883249,0.2926749511076565,0.1635880189763345
2015-12-31,75.76000213623047,75.8499984741211,74.9800033569336,75.08000183105469,54.90216064453125,7588400,-0.007534695086942267,75.25100021362304,74.71349983215332,74.87599990844727,0.009781582445784736,58.830426577077,0.26375431514286163,0.18362127820963992
2016-01-04,74.70999908447266,74.70999908447266,73.56999969482422,74.3499984741211,54.36833190917969,14761900,-0.00972300664797865,75.15,74.75099983215333,74.84759994506835,0.009434983320742184,56.26395308350345,0.1798560640174287,0.1828682353711977
2016-01-05,74.33000183105469,75.77999877929688,74.23999786376953,75.56999969482422,55.26045989990234,11206900,0.01640889368851517,75.26699981689453,74.78799972534179,74.82699996948242,0.009407858978855122,60.62436517802675,0.2093962089294621,0.18817383008285057
2016-01-06,74.94999694824219,75.44000244140625,74.83000183105469,75.31999969482422,55.07762908935547,11334600,-0.0033081910944763315,75.32099990844726,74.8224998474121,74.81539993286133,0.009420323007626099,55.60299834058817,0.21021089558213646,0.19258124318270778
2016-01-07,74.2300033569336,74.63999938964844,73.62000274658203,73.63999938964844,53.84916305541992,11830900,-0.022304836855850718,75.17600021362304,74.78199996948243,74.77039993286132,0.010706595724388103,39.10321635728782,0.07443649872240599,0.16895229429064743
2016-01-08,74.22000122070312,74.31999969482422,72.63999938964844,72.7699966430664,53.21294021606445,10708700,-0.011814268791321192,74.85899963378907,74.72099990844727,74.7117999267578,0.010935832981734318,37.16549579324879,-0.1021896609232158,0.11472390324787479
2016-01-11,73.05999755859375,73.44999694824219,72.77999877929688,73.05999755859375,53.42499923706055,9585300,0.003985171484200967,74.66499938964844,74.69549980163575,74.6531999206543,0.010921268734837833,42.88745678096443,-0.2162734490260334,0.04852443279309316
2016-01-12,73.5199966430664,73.62999725341797,72.16000366210938,72.55000305175781,53.05208587646485,10253000,-0.006980488966303655,74.3979995727539,74.66149978637695,74.58599990844726,0.010983064448346418,38.32463342967937,-0.3438740020846467,-0.029955254182454802
2016-01-13,72.88999938964844,73.30999755859375,71.30999755859375,71.44999694824219,52.24771499633789,11502400,-0.01516204076147143,73.94399948120117,74.56099967956543,74.50779983520508,0.011425335058263004,32.398475303367704,-0.5276769279570601,-0.12949958893737587
2016-01-14,71.41000366210938,72.0,70.80999755859375,71.3499984741211,52.174583435058594,10981100,-0.0013995588298419959,73.5139991760254,74.41499977111816,74.39419982910157,0.011050069986617821,26.06881090485855,-0.6736457432803604,-0.23832881980597279
2016-01-15,70.48999786376953,70.80999755859375,69.87000274658203,70.54000091552734,51.582275390625,14280200,-0.011352453761965253,73.05999908447265,74.15549964904785,74.27959991455079,0.009983332838493656,26.427063868361472,-0.8449470905208329,-0.35965247394894484
2016-01-19,70.66000366210938,71.47000122070312,70.52999877929688,70.75,51.73583984375,15626800,0.0029770212892983317,72.69999923706055,73.92499961853028,74.17579986572265,0.010080071151036681,26.34919225273083,-0.9527764573693247,-0.47827727063302083
2016-01-20,70.0,70.2300033569336,67.33000183105469,68.87000274658203,50.3610954284668,21693100,-0.02657239934159672,72.02999954223633,73.64849967956543,74.02999984741211,0.01118962837327846,16.287894113227168,-1.1763715945475468,-0.617896135415926
2016-01-21,69.0999984741211,70.31999969482422,68.69000244140625,69.33000183105469,50.69747924804688,13935300,0.006679237202375177,71.43099975585938,73.37599983215333,73.93699981689453,0.011260733355299252,20.41198729291517,-1.3014519420705994,-0.7546072967468607
2016-01-22,70.1500015258789,71.55000305175781,69.93000030517578,71.25,52.10146331787109,12986400,0.02769361197514497,71.19199981689454,73.18400001525879,73.90239974975586,0.01319152604738116,34.08145378349515,-1.2314557570850724,-0.8499769888145031
2016-01-25,71.06999969482422,71.7300033569336,70.5,70.55000305175781,51.5895881652832,10029600,-0.009824518571820207,70.97000045776367,72.91450004577636,73.84039978027344,0.0128656783991337,34.1666756735965,-1.2184219697672063,-0.9236659850050437
2016-01-26,70.93000030517578,72.08999633789062,70.91000366210938,72.05999755859375,52.69375991821289,9312900,0.02140318131139063,70.87000045776367,72.76749992370605,73.80679977416992,0.013833109705443854,35.72007228378649,-1.073869760129341,-0.9537067400299033
2016-01-27,71.94000244140625,71.94000244140625,70.41999816894531,70.94000244140625,51.874786376953125,11347200,-0.015542536152277853,70.70900039672851,72.55349998474121,73.76139984130859,0.01410708348611562,33.358648737176836,-1.037723112238524,-0.9705100144716274
2016-01-28,71.27999877929688,71.54000091552734,70.19000244140625,70.47000122070312,51.53108215332031,13330300,-0.006625334148970818,70.6110008239746,72.27750015258789,73.72199981689454,0.013785237513337063,36.73638901161202,-1.0350701594201581,-0.9834220434613337
2016-01-29,70.7300033569336,72.01000213623047,70.41000366210938,72.0,52.64988327026367,16413000,0.021711348840552924,70.6760009765625,72.09500007629394,73.69619979858399,0.014903358208962244,46.94687548213199,-0.899144779126587,-0.9665665905943844
2016-02-01,71.69999694824219,72.5999984741211,71.31999969482422,72.01000213623047,52.657203674316406,17044700,0.00013891855875658443,70.82300109863282,71.94150009155274,73.6697998046875,0.014861962092796466,45.742103748805,-0.7816059799479689,-0.9295744684651014
2016-02-02,71.62000274658203,71.91999816894531,70.91999816894531,71.25,52.10146331787109,10321700,-0.010554119062414102,70.87300109863281,71.78650016784668,73.61259979248047,0.014885892717573294,44.83305071794013,-0.7412369375563514,-0.8919069622833514
2016-02-03,71.72000122070312,71.87999725341797,70.5999984741211,71.5999984741211,52.35738754272461,9725600,0.004912259285910103,71.14600067138672,71.58800010681152,73.5581997680664,0.014348995659674285,50.633988980890365,-0.6732415196551926,-0.8481738737577197
2016-02-04,71.22000122070312,72.08000183105469,70.95999908447266,71.68000030517578,52.41588592529297,6837700,0.0011173440329554918,71.38100051879883,71.4060001373291,73.49019973754883,0.014371556597288827,51.39713092990894,-0.6059145758632525,-0.7997220141788264
2016-02-05,71.30999755859375,71.45999908447266,70.02999877929688,70.06999969482422,51.23857498168945,11681100,-0.02246094591932235,71.26300048828125,71.2275001525879,73.38739974975586,0.014382987984110274,48.13639267770883,-0.6746936335373448,-0.7747163380505301
2016-02-08,69.30000305175781,69.76000213623047,67.05000305175781,68.01000213623047,49.73220443725586,14662000,-0.029399137541967435,71.00900039672851,70.9895004272461,73.25079986572266,0.0154851021989266,40.52558461751945,-0.8852218328730999,-0.796817437015044
2016-02-09,67.1500015258789,67.5999984741211,66.33999633789062,66.91000366210938,48.92783737182617,13482200,-0.016174069101155042,70.49400100708007,70.68200073242187,73.08720001220703,0.01564377894346503,42.83625282547239,-1.1278267467227607,-0.8630192989565875
2016-02-10,67.16999816894531,68.20999908447266,67.0999984741211,67.26000213623047,49.18378829956055,9704500,0.005230884097519484,70.1260009765625,70.41750068664551,72.91860000610352,0.015770242906857745,42.37287373253235,-1.2771289890201274,-0.9458412369692955
2016-02-11,66.2699966430664,66.70999908447266,65.87999725341797,66.2699966430664,48.45984649658203,12573300,-0.014719082095163705,69.70600051879883,70.15850067138672,72.7397999572754,0.015753541550767365,30.30060679076915,-1.4585243009411926,-1.0483778497636749
2016-02-12,66.87999725341797,67.27999877929688,66.54000091552734,67.12999725341797,49.088714599609375,9710500,0.012977224293273526,69.21900024414063,69.94750061035157,72.55959991455079,0.016183208193832368,36.64059757254037,-1.5154177382194831,-1.1417858274548367
2016-02-16,67.56999969482422,68.47000122070312,67.43000030517578,68.41999816894531,50.03203201293945,7284800,0.01921646012672329,68.85999984741211,69.84150047302246,72.43399993896485,0.01677744687078582,35.53259594659667,-1.4398165948117594,-1.2013919809262212
2016-02-17,68.75,69.75,68.56999969482422,69.04000091552734,50.485389709472656,8160800,0.00906171825744706,68.63899993896484,69.75600051879883,72.34279998779297,0.016915419661101282,42.13576143255665,-1.314717854866828,-1.2240571557143427
2016-02-18,69.05999755859375,69.88999938964844,68.8499984741211,69.69999694824219,50.96801376342773,7608200,0.009559617960062994,68.44899978637696,69.79750022888183,72.24019989013672,0.015952279966049178,46.86224937105706,-1.1490742257490467,-1.2090605697212835
2016-02-19,69.44000244140625,70.19999694824219,69.13999938964844,69.8499984741211,51.07770919799805,7120900,0.0021521023306543263,68.26599960327148,69.82350006103516,72.14459991455078,0.015895289076755695,40.128557667046145,-0.9942356569883799,-1.166095587174703
2016-02-22,70.30999755859375,71.08000183105469,70.30000305175781,70.66000366210938,51.670021057128906,9057300,0.011596352264608534,68.325,69.79400024414062,72.06880004882812,0.014816461619955607,44.22584554698926,-0.7969772686670069,-1.092271923473164
2016-02-23,70.33000183105469,71.19000244140625,70.33000183105469,70.48999786376953,51.54570770263672,4253300,-0.0024059692828888313,68.5729995727539,69.7909999847412,71.99880004882813,0.014657771443694017,46.57657118937989,-0.6469094524005357,-1.0031994292586384
2016-02-24,70.20999908447266,70.69999694824219,69.73999786376953,70.5199966430664,51.5676383972168,5452000,0.00042557497809614375,68.9339988708496,69.71399993896485,71.93779998779297,0.013774015075691131,44.99072159257388,-0.5195696999697788,-0.9064734834008665
2016-02-25,70.88999938964844,71.83999633789062,70.72000122070312,71.80000305175781,52.5036506652832,6773800,0.0181509709248866,69.38799896240235,69.75699996948242,71.90919998168945,0.01395956842928888,50.50084540947432,-0.3117722921016792,-0.7875332451410291
2016-02-26,71.5,72.13999938964844,71.5,71.58000183105469,52.342769622802734,6575400,-0.0030640837235693663,69.91899948120117,69.8125,71.87160003662109,0.013883777813766308,57.129364470428044,-0.16296504950211954,-0.6626196060132472
2016-02-29,71.47000122070312,72.36000061035156,71.30999755859375,71.45999908447266,52.2550163269043,8193700,-0.001676484262535527,70.35199966430665,69.78549995422364,71.81540008544921,0.01299265229541243,69.94212260622909,-0.054093895631496025,-0.540914463936897
2016-03-01,71.76000213623047,73.4000015258789,71.75,73.31999969482422,53.61513900756836,15292900,0.026028556313761886,70.84199981689453,69.85099983215332,71.76720001220703,0.014265594183412859,84.05939397968689,0.1801965886613459,-0.39669225341724845
2016-03-02,72.7699966430664,73.87999725341797,72.76000213623047,73.87999725341797,54.02462768554688,6681000,0.007637719052435932,71.3259994506836,69.98249969482421,71.73759994506835,0.014068808411373411,84.40736734247166,0.40637615694201656,-0.23607857134539545
2016-03-03,73.91000366210938,74.30000305175781,73.56999969482422,74.25,54.29520034790039,6396600,0.005008158640191551,71.78099975585937,70.11499977111816,71.73459991455078,0.014069902395317042,94.33323923770675,0.6084671927075789,-0.06716941853480059
2016-03-04,74.0199966430664,74.58000183105469,73.9000015258789,74.44999694824219,54.44145584106445,5268100,0.002693561592487459,72.24099960327149,70.25349960327148,71.72799987792969,0.01406962469267481,93.88478908980801,0.7758206987345915,0.10142860491907785
2016-03-07,74.08999633789062,74.7699966430664,73.95999908447266,74.58999633789062,54.54383087158203,8084200,0.001880448561277559,72.63399887084961,70.4794994354248,71.71799987792969,0.012842313422011403,92.90669666068908,0.9092648989415437,0.26299586372357103
2016-03-08,75.02999877929688,75.02999877929688,73.70999908447266,73.81999969482422,53.98076248168945,7102900,-0.010323055112891333,72.96699905395508,70.76999931335449,71.67559982299805,0.010846307408803383,82.5612481420271,0.942028971463742,0.3988024852716052
2016-03-09,73.94000244140625,74.5,73.83999633789062,74.12000274658203,54.200138092041016,3474800,0.0040639806691689095,73.32699966430664,71.13049926757813,71.65799987792968,0.009736385001805998,81.66184821043082,0.9808953233354458,0.5152210528843734
2016-03-10,74.58000183105469,74.81999969482422,73.11000061035156,73.93000030517578,54.06121444702149,8688600,-0.002563443528946885,73.53999938964844,71.4639991760254,71.63219985961913,0.009888816936353835,79.0597612506086,0.9850109846231874,0.6091790392321362
2016-03-11,74.72000122070312,75.69999694824219,74.5,75.68000030517578,55.34089279174805,9317600,0.023671040075424976,73.94999923706055,71.93449935913085,71.62599990844727,0.009626080980765284,81.53258541120542,1.116611448770314,0.7106655211397719
2016-03-14,75.43000030517578,75.66999816894531,75.1500015258789,75.58000183105469,55.26778030395508,5224000,-0.0013213328979632122,74.36199951171875,72.3569995880127,71.62459991455079,0.009666579420860591,82.25601672470094,1.1990152224739745,0.8083354614066125
2016-03-15,75.19000244140625,75.72000122070312,75.05999755859375,75.55999755859375,55.25313949584961,7123500,-0.0002646767924887605,74.5859992980957,72.71399955749511,71.63419982910156,0.009235522389494143,81.9796504619746,1.2483168100799702,0.8963317311412841
2016-03-16,75.43000030517578,76.62000274658203,75.12000274658203,76.5199966430664,55.95513534545898,8958600,0.012705123286011366,74.84999923706054,73.08799934387207,71.67759979248046,0.00935469775304434,81.21686740908564,1.3492987010103548,0.9869251251150983
2016-03-17,76.69000244140625,77.7699966430664,76.37000274658203,77.58999633789062,56.737579345703125,9731000,0.013983268972361795,75.1839988708496,73.4824993133545,71.7179997253418,0.00951419554136538,85.73122407730632,1.4983950447621766,1.089219109044514
2016-03-18,77.81999969482422,77.93000030517578,77.26000213623047,77.29000091552734,56.51820373535156,7792700,-0.003866418823592288,75.46799926757812,73.8544994354248,71.75739974975586,0.009715999704433466,83.93483304142079,1.5742014337266568,1.1862155739809426
2016-03-21,77.0,77.44999694824219,76.66000366210938,76.79000091552734,56.15257263183594,7313800,-0.006469142115116067,75.6879997253418,74.1609992980957,71.82039978027343,0.00991963970014498,73.99725637102306,1.575768246348673,1.2641261084544888
2016-03-22,76.54000091552734,76.98999786376953,76.33000183105469,76.80999755859375,56.16720962524414,9185800,0.0002604068606328891,75.98699951171875,74.47699928283691,71.90119979858399,0.009843602069842299,71.89837501753394,1.560633507008248,1.3234275881652406
2016-03-23,75.93000030517578,76.0199966430664,75.36000061035156,75.37000274658203,55.77130126953125,5198900,-0.018747491964353102,76.11199951171875,74.7194995880127,71.94739990234375,0.01109924101189705,57.21652474592402,1.416119426999785,1.3419659559321495
2016-03-24,75.08999633789062,75.4800033569336,74.72000122070312,75.43000030517578,55.81570053100586,5752000,0.0007960402866837857,76.26199951171876,74.9009994506836,72.00499984741211,0.010549208439545186,56.43047878033615,1.2915441618439445,1.3318815971145086
2016-03-28,75.58000183105469,76.20999908447266,75.37000274658203,76.01000213623047,56.24489212036133,6314800,0.007689272553468296,76.29499969482421,75.12249946594238,72.09619995117187,0.010523540605003804,58.80897997896707,1.225491958722273,1.3106036694360617
2016-03-29,76.37999725341797,77.55000305175781,75.81999969482422,77.5199966430664,57.362266540527344,9814900,0.019865734303356808,76.48899917602539,75.42549934387208,72.21959991455078,0.011099975017407665,71.02273909515256,1.2802313390586306,1.3045292033605755
2016-03-30,77.80000305175781,77.9000015258789,77.33999633789062,77.4000015258789,57.27346420288086,5648100,-0.0015479246953532533,76.67299957275391,75.6294994354248,72.35679992675782,0.009883534144936364,69.02555941648271,1.298956526964659,1.3034146680813925
2016-03-31,77.33000183105469,77.95999908447266,77.26000213623047,77.86000061035156,57.61384582519531,5861100,0.0059431405090975,76.80699996948242,75.82849960327148,72.49899993896484,0.009846690866395402,72.10354720582342,1.335519418507488,1.3098356181666118
2016-04-01,77.51000213623047,78.04000091552734,77.30999755859375,77.91000366210938,57.65085220336914,11121200,0.0006422174591038665,76.8390007019043,76.01149978637696,72.67979995727539,0.009840586455891389,65.507716958208,1.3529348115258983,1.3184554568384692
2016-04-04,77.94000244140625,78.0999984741211,77.54000091552734,77.80000305175781,57.569435119628906,6863400,-0.0014118932766147285,76.89000091552734,76.17900009155274,72.84919998168945,0.009878086087374189,65.41671435050375,1.342386312221393,1.323241627915054
2016-04-05,77.37999725341797,77.62999725341797,77.12999725341797,77.36000061035156,57.24386978149414,10308600,-0.005655558150987838,76.94700088500977,76.31750030517578,72.97139999389648,0.010035373592272233,61.81107486638512,1.2837240588966097,1.3153381141113654
2016-04-06,77.29000091552734,77.62999725341797,76.91000366210938,77.55000305175781,57.38444900512695,5611900,0.002456081177703906,77.02100143432617,76.50400047302246,73.11139999389648,0.0096160784659961,57.518313376199124,1.2382911599207347,1.2999287232732393
2016-04-07,77.27999877929688,77.55000305175781,76.75,77.12999725341797,57.07367706298828,7933200,-0.005415935290931317,77.19700088500977,76.65450019836426,73.21279998779296,0.009767964383719295,46.2903235730239,1.1550792675801063,1.2709588321346126
2016-04-08,77.44000244140625,77.87000274658203,77.4000015258789,77.56999969482422,57.39925384521485,6670700,0.005704686335727294,77.4110008239746,76.83650016784668,73.34539993286133,0.00973791327795475,52.20819354124448,1.1118213783931452,1.2391313413863192
2016-04-11,77.66999816894531,77.9800033569336,77.44000244140625,77.47000122070312,57.32524108886719,7993500,-0.0012891385137876465,77.55700073242187,76.92600021362304,73.48539993286133,0.008379962826914547,55.72391329198386,1.0572824544177308,1.2027615639926015
2016-04-12,77.6500015258789,78.1500015258789,77.44000244140625,78.0,57.71742630004883,8600300,0.006841342080103674,77.60500106811523,77.04700012207032,73.60539993286133,0.008449048014087582,59.22482949182294,1.0447828302279873,1.1711658172396786
2016-04-13,78.19999694824219,78.27999877929688,77.54000091552734,77.81999969482422,57.5842399597168,7197600,-0.0023076962202023266,77.64700088500976,77.16000022888184,73.7215998840332,0.008485191366125437,73.6030423482648,1.008724321629657,1.1386775181176745
2016-04-14,77.62999725341797,77.77999877929688,77.18000030517578,77.31999969482422,57.214263916015625,5550200,-0.00642508355128224,77.59300079345704,77.20000038146972,73.84299987792969,0.008231076574204325,66.78505995099846,0.9290918796038454,1.0967603904149086
2016-04-15,77.5,78.0199966430664,77.26000213623047,77.83000183105469,57.591644287109375,6525900,0.006595992475988188,77.58500061035156,77.21200065612793,73.96759994506836,0.007748237287938322,66.36688845863048,0.8967977791449755,1.056767868160922
2016-04-18,77.73999786376953,78.19999694824219,77.61000061035156,78.16000366210938,57.8358268737793,6580800,0.004240033705395829,77.62100067138672,77.25550079345703,74.09720001220703,0.007737283457724377,57.3059953283156,0.8876011481671071,1.0229345241621592
2016-04-19,78.30000305175781,78.36000061035156,77.91999816894531,78.23999786376953,57.89502334594727,5342000,0.0010234672199604944,77.70900039672851,77.32800064086913,74.26059997558593,0.007556876125383939,59.677351306310584,0.8766620015428828,0.993680019638304
2016-04-20,77.95999908447266,78.26000213623047,77.08000183105469,77.13999938964844,57.08108139038086,11451500,-0.014059285584802739,77.66800003051758,77.34450073242188,74.4431999206543,0.008271512949753023,42.77108802892423,0.7703518288841309,0.9490143814874694
2016-04-21,76.86000061035156,77.22000122070312,75.62000274658203,75.83000183105469,56.11171340942383,12773600,-0.016982078933870715,77.53800048828126,77.36750068664551,74.6215998840332,0.008064984607872073,33.33333333333333,0.5737802151025875,0.8739675482104932
2016-04-22,76.19000244140625,76.79000091552734,76.0,76.63999938964844,56.7110595703125,6374100,0.010681755756756894,77.44500045776367,77.42800064086914,74.80919982910156,0.008391062321968536,41.642627852776926,0.47784749997521203,0.7947435385634369
2016-04-25,76.33000183105469,77.13999938964844,76.33000183105469,77.12000274658203,57.06625747680664,5130500,0.006263091867905635,77.41000061035156,77.48350067138672,75.02619995117188,0.00833557445466856,48.28081842159052,0.4355318513547388,0.7229012011216974
2016-04-26,77.30000305175781,77.80000305175781,77.1500015258789,77.4000015258789,57.27346420288086,6329600,0.003630689436266765,77.35000076293946,77.47750091552734,75.23160003662109,0.0070715404998492526,48.93916879523546,0.4197513244153015,0.6622712257804183
2016-04-27,77.36000061035156,77.55999755859375,76.62000274658203,77.37999725341797,57.25866317749024,7181800,-0.00025845312747507787,77.30600051879883,77.4765007019043,75.41080001831055,0.007063072426156643,51.87406348298541,0.40100839041271286,0.6100186587068772
2016-04-28,76.8499984741211,77.68000030517578,76.8499984741211,77.19999694824219,57.125465393066406,6160000,-0.002326186502518035,77.29400024414062,77.44350051879883,75.57399993896485,0.006938465402617782,47.11386134489289,0.367394860619882,0.5614938990894782
2016-04-29,76.58000183105469,77.01000213623047,75.81999969482422,76.55999755859375,56.65187454223633,11074600,-0.008290147862020203,77.16699981689453,77.37600021362304,75.71119995117188,0.007151872019061138,43.453208189252976,0.28581855564648606,0.5063588304008798
2016-05-02,76.26000213623047,77.7699966430664,76.19999694824219,77.58000183105469,57.40665435791016,10588200,0.013322940242785464,77.10899963378907,77.3650001525879,75.86580001831055,0.007818715167678118,47.17743258652797,0.30001616686766397,0.46509029769423665
2016-05-03,77.38999938964844,77.48999786376953,76.86000061035156,77.41000366210938,57.280860900878906,5919500,-0.002191262760157131,77.02600021362305,77.36750030517578,76.00080001831054,0.007727290481283181,47.240942019684454,0.2941595562918451,0.4309041494137584
2016-05-04,76.88999938964844,78.61000061035156,76.88999938964844,78.44999694824219,58.0504035949707,10523700,0.013434869357096701,77.15699996948243,77.4125,76.16,0.008276829801024654,57.089072534827686,0.36918122546050824,0.4185595646231084
2016-05-05,78.26000213623047,78.8499984741211,78.25,78.75,58.27240753173828,6963000,0.0038241308276372177,77.44899978637696,77.49350013732911,76.32460006713868,0.008180104338614238,55.927827449715764,0.44768356041423374,0.4243843637813335
2016-05-06,78.6500015258789,79.55000305175781,78.30999755859375,79.5199966430664,58.842166900634766,9213600,0.009777735150049649,77.73699951171875,77.59099998474122,76.47899993896485,0.008350446467971102,58.29265092962433,0.565510665475415,0.4526096241201498
2016-05-09,79.66999816894531,80.30000305175781,79.58999633789062,80.16000366210938,59.31576919555664,8998700,0.008048378345835605,78.04099960327149,77.72550010681152,76.65059997558593,0.008459834777269139,60.95893453266922,0.7024354739173759,0.502574794079595
2016-05-10,80.5,80.52999877929688,79.9800033569336,80.30999755859375,59.426734924316406,7216700,0.0018711812578831033,78.33199920654297,77.84099998474122,76.82759994506836,0.008374735380789512,70.29448885971289,0.8136731078986656,0.5647944568434092
2016-05-11,80.20999908447266,80.23999786376953,78.62999725341797,78.87999725341797,58.36861038208008,11123200,-0.01780600608451599,78.48199920654297,77.8939998626709,76.93879989624024,0.009399344693717024,69.23073962792031,0.7774783739053248,0.6073312402557924
2016-05-12,78.94999694824219,79.52999877929688,78.44000244140625,79.2699966430664,58.65719223022461,6421300,0.004944211501370699,78.68899917602539,77.991499710083,77.0465998840332,0.00928768905275754,67.5099634175208,0.7713715863451114,0.6401393094736563
2016-05-13,78.98999786376953,79.05000305175781,78.19000244140625,78.62999725341797,58.18361282348633,7285200,-0.008073664901617206,78.89599914550782,78.03149948120117,77.13419982910156,0.00942462148392108,59.8435128247467,0.706742424423183,0.6534599324635616
2016-05-16,78.55999755859375,79.5199966430664,78.44999694824219,79.25,58.64239501953125,6116200,0.007885066364479387,79.06299896240235,78.0859992980957,77.23019989013672,0.009534263324587636,61.548052314201435,0.6975119049875076,0.6622703269683509
2016-05-17,78.97000122070312,79.02999877929688,77.5999984741211,78.05000305175781,57.75443649291992,12037900,-0.015141917327977095,79.12699890136719,78.07649955749511,77.29940002441407,0.010172464644044955,53.64530019899531,0.5866049106412277,0.6471372437029264
2016-05-18,77.6500015258789,77.8499984741211,76.06999969482422,76.95999908447266,56.947872161865234,13805000,-0.013965457074515908,78.97799911499024,78.06749954223633,77.36220001220703,0.010165693854918717,48.811891584021176,0.4060751266760576,0.5989248202975527
2016-05-19,76.5,76.55999755859375,75.7300033569336,76.12999725341797,56.33370208740234,9722400,-0.010784847205412063,78.71599884033203,78.08249931335449,77.40239990234375,0.00970708982055227,47.910591511576435,0.19379580369412963,0.5178990169768681
2016-05-20,76.0999984741211,76.83999633789062,76.0999984741211,76.73999786376953,56.78508377075195,8651100,0.008012618315498266,78.43799896240235,78.08749923706054,77.45859985351562,0.009573438273142304,45.74896659513464,0.07393261296773801,0.42910573617504216
2016-05-23,76.87000274658203,77.08000183105469,76.61000061035156,76.80999755859375,56.836875915527344,7270900,0.0009121670155436412,78.10299835205078,78.07199897766114,77.48119979858399,0.009466569089765809,46.93248375047976,-0.015235809956919866,0.3402374269486498
2016-05-24,77.19000244140625,77.76000213623047,77.19000244140625,77.7300033569336,57.51763534545898,8501300,0.011977682952509117,77.84499893188476,78.08849906921387,77.52419982910156,0.00981982780048444,46.27332945282457,-0.011532706569269635,0.2698834002450659
2016-05-25,77.97000122070312,77.98999786376953,77.12000274658203,77.8499984741211,57.6064338684082,6782800,0.0015437425962339102,77.74199905395508,78.11199913024902,77.5699998474121,0.0098231011490949,45.253158189967024,0.0010722721746816433,0.21612117463098907
2016-05-26,77.58999633789062,78.13999938964844,77.51000213623047,77.9000015258789,57.64345932006836,7101200,0.0006422999709425614,77.60499954223633,78.14699935913086,77.59759994506835,0.00980296203542861,40.753462835483965,0.01492459557954362,0.17588185882069998
2016-05-27,77.94000244140625,78.58000183105469,77.9000015258789,78.23999786376953,57.89502334594727,5950900,0.0043645228656084,77.56599960327148,78.23099937438965,77.61059997558594,0.00961247887219274,38.65244677234191,0.052729689639249955,0.15125142498441
2016-05-31,78.26000213623047,78.5,77.79000091552734,78.25,57.90243148803711,9922800,0.00012783916799041783,77.46599960327148,78.26449928283691,77.6297999572754,0.00917440412147136,37.62021787770971,0.08254604839228818,0.13751034966598563
2016-06-01,77.97000122070312,78.44000244140625,77.76000213623047,78.30000305175781,57.93942642211914,13566800,0.0006390166358825056,77.49099960327149,78.30899925231934,77.66,0.009152994679661656,45.82137348690308,0.10895459515221262,0.13179919876323104
2016-06-02,78.2699966430664,78.7300033569336,77.93000030517578,78.72000122070312,58.25021743774414,6953900,0.005363961080150803,77.66699981689453,78.32249946594239,77.69820007324219,0.008725829498310769,46.05455721655522,0.1619075316446441,0.13782086533951365
2016-06-03,79.5999984741211,79.75,78.0,78.95999908447266,58.42779541015625,10328700,0.0030487533034542214,77.95,78.33299942016602,77.77,0.008710627300072485,52.51142666034949,0.22069490370842004,0.15439567301329493
2016-06-06,79.08000183105469,79.22000122070312,78.1500015258789,78.47000122070312,58.06521224975586,11093200,-0.006205646776228146,78.12300033569336,78.28049964904785,77.83080001831054,0.008513679638907297,43.9441111521803,0.22515019578010254,0.16854657756665647
2016-06-07,78.58999633789062,79.20999908447266,78.58999633789062,78.94999694824219,58.42040252685547,5535500,0.006116932841494949,78.33700027465821,78.21999931335449,77.88959991455079,0.008420504924549701,57.86707783581333,0.26436525249715714,0.1877103125527566
2016-06-08,78.76000213623047,79.41000366210938,78.69000244140625,79.37000274658203,58.7311897277832,5825100,0.005319896321404505,78.50100021362304,78.17299957275391,77.9266000366211,0.008511319373587725,73.8614079774714,0.32558132640232884,0.21528451532267107
2016-06-09,79.22000122070312,79.56999969482422,79.06999969482422,79.48999786376953,58.81998062133789,5074600,0.0015118446898714222,78.6650001525879,78.20349960327148,77.9683999633789,0.0074846627787265585,88.70971711446914,0.37940456942101264,0.24810852614233941
2016-06-10,79.30000305175781,79.4000015258789,78.93000030517578,79.0999984741211,58.53140640258789,7315500,-0.004906269972692945,78.78499984741211,78.19499969482422,77.99319992065429,0.007494818748604194,78.64081804983556,0.38613901569536324,0.2757146240529442
2016-06-13,79.04000091552734,79.66000366210938,78.9000015258789,79.04000091552734,58.487003326416016,6856200,-0.0007585026517210602,78.8650001525879,78.21549987792969,78.01579986572266,0.007258999290575719,77.12904094077464,0.3822287166128717,0.29701744256492973
2016-06-14,78.94999694824219,79.16000366210938,78.41000366210938,78.61000061035156,58.1688117980957,5850100,-0.005440287198824056,78.90100021362305,78.18349990844726,78.03199981689453,0.007135208956570412,62.15470020801763,0.34050719051869294,0.3057153921556824
2016-06-15,78.70999908447266,79.62999725341797,78.66999816894531,79.33000183105469,58.70159530639648,6816000,0.009159155516000661,79.00400009155274,78.24749984741212,78.07139984130859,0.006532992063908336,67.53561142819952,0.3613749561645818,0.3168473049574623
2016-06-16,79.12999725341797,79.77999877929688,78.81999969482422,79.7300033569336,58.99757385253906,6448500,0.005042247783263232,79.10500030517578,78.38600006103516,78.11499984741211,0.005579764172716819,70.02193663417907,0.40551506571605955,0.33458085710918173
2016-06-17,79.66000366210938,79.75,79.05000305175781,79.61000061035156,58.90877151489258,9294500,-0.0015051140289660259,79.17000045776368,78.56000022888183,78.16459991455078,0.004812656892710185,65.74716353042902,0.4259036496462585,0.3528454156165971
2016-06-20,79.88999938964844,80.63999938964844,79.69000244140625,79.76000213623047,59.01978302001953,10090800,0.0018842045563229881,79.2990005493164,78.71100044250488,78.20839996337891,0.004617469775167502,66.81517655514831,0.4489899422582937,0.3720743209449365
2016-06-21,79.30000305175781,79.5999984741211,79.08000183105469,79.37000274658203,59.26244354248047,6669500,-0.004889661223708597,79.34100112915038,78.8390007019043,78.24639999389649,0.004861376200562297,61.076614692999435,0.4308497365292965,0.3838294040618085
2016-06-22,79.45999908447266,79.55999755859375,79.0999984741211,79.33000183105469,59.23258209228516,6439100,-0.0005039802714265074,79.33700103759766,78.91900062561035,78.27300003051758,0.00422561922335326,56.853944142506904,0.40853639990149304,0.38877080322974544
2016-06-23,79.5199966430664,80.0,79.5199966430664,79.86000061035156,59.628299713134766,4847800,0.0066809374393510534,79.37400131225586,79.01950073242188,78.31380004882813,0.004410716989864915,59.493691260476346,0.42867786043728984,0.3967522146712543
2016-06-24,78.69999694824219,79.75,77.83999633789062,78.88999938964844,58.90404891967773,14430400,-0.012146271140616394,79.35300140380859,79.06900062561036,78.34520004272461,0.00533820700991739,54.02297002613287,0.36219397447122503,0.38984056663124844
2016-06-27,78.62999725341797,78.8499984741211,77.66999816894531,78.73999786376953,58.79203796386719,10629600,-0.001901401027245897,79.32300109863282,79.09400062561035,78.36339996337891,0.005292104783744802,47.8527731795183,0.29401195947644965,0.3706748452002887
2016-06-28,79.30000305175781,80.45999908447266,79.01000213623047,80.44999694824219,60.068824768066406,10328500,0.021717032396053382,79.50700073242187,79.20400047302246,78.40919982910157,0.00713073191819781,58.737816734051414,0.3736526215954399,0.371270400479319
2016-06-29,80.81999969482422,81.5999984741211,80.81999969482422,81.4800033569336,60.837886810302734,11383600,0.012803063365609102,79.72200088500976,79.36300048828124,78.47399993896484,0.007566811306427429,64.03386627813134,0.5139567556116731,0.39980767150578983
2016-06-30,81.5999984741211,82.38999938964844,81.02999877929688,82.38999938964844,61.51737976074219,10251600,0.011168335729301537,79.98800048828124,79.54650039672852,78.57899993896484,0.007809261543138743,71.61627695975474,0.6906168660049303,0.45796951040561795
2016-07-01,82.72000122070312,82.94999694824219,82.0999984741211,82.33000183105469,61.47255325317383,12802500,-0.000728214091979762,80.26000061035157,79.71500053405762,78.70899993896484,0.007836072723347727,71.61627695975474,0.8163693766986597,0.5296494836642264
2016-07-05,82.30000305175781,83.19999694824219,82.23999786376953,82.95999908447266,61.94294357299805,9271300,0.007652098134417029,80.58000030517579,79.93950042724609,78.83539993286132,0.0076720174277205,77.84888338365865,0.9558462599741233,0.6148888389262058
2016-07-06,82.80000305175781,82.97000122070312,82.19999694824219,82.66000366210938,61.71897888183594,9176100,-0.003616145439657159,80.90900039672852,80.12500076293945,78.94619995117188,0.0077596598333869475,72.53046079894943,1.0302989267396043,0.6979708564888856
2016-07-07,82.5,82.52999877929688,81.58999633789062,81.93000030517578,61.173858642578125,8439900,-0.008831397587612533,81.16900024414062,80.25300064086915,79.03679992675781,0.008109700973108055,64.24868264490905,1.0186556038319452,0.7621078059574975
2016-07-08,82.38999938964844,83.23999786376953,82.27999877929688,83.13999938964844,62.07736206054688,6783200,0.014768693762548635,81.49700012207032,80.43550071716308,79.15199996948242,0.008625781525763238,70.03405083724185,1.0944488749154146,0.828576019749081
2016-07-11,83.37999725341797,83.86000061035156,82.80000305175781,83.73999786376953,62.52534103393555,7621300,0.007216724543250397,81.98199996948242,80.66750068664551,79.28279998779297,0.00851932672559191,71.49027045642922,1.1892218416495552,0.9007051841291759
2016-07-12,83.30999755859375,83.88999938964844,83.19000244140625,83.83999633789062,62.60003280639648,10153600,0.0011941542473379307,82.49199981689453,80.90750045776367,79.42839996337891,0.008486456295044851,74.91637003865733,1.2578988666087696,0.9721439206250946
2016-07-13,84.0,84.19999694824219,83.6500015258789,84.19000244140625,62.861358642578125,8052000,0.0041746913025262344,82.86600036621094,81.1865005493164,79.56059997558594,0.00825311148433341,76.18535156057312,1.3252913375369246,1.0427734040074608
2016-07-14,83.91999816894531,84.08999633789062,83.4000015258789,83.56999969482422,62.39841842651367,8967100,-0.007364327456974906,83.075,81.39850044250488,79.68379989624023,0.008477299352490504,69.79721449828807,1.3135297627528786,1.0969246757565445
2016-07-15,83.16000366210938,83.69999694824219,83.06999969482422,83.63999938964844,62.4506950378418,8375800,0.0008376175072375425,83.2,81.59400024414063,79.78759994506837,0.00846673961186004,78.04013763533841,1.2949298748282274,1.1365257155708812
2016-07-18,83.62999725341797,83.86000061035156,83.52999877929688,83.8499984741211,62.60747146606445,4564400,0.002510749473996876,83.35199966430665,81.80600013732911,79.88959991455079,0.008415957648601011,79.9531145464758,1.2823523411719577,1.1656910406910965
2016-07-19,83.9000015258789,84.2300033569336,83.45999908447266,84.2300033569336,62.89121627807617,6164200,0.00453196052149929,83.47900009155273,82.02950019836426,79.98380004882813,0.008424407236796154,76.25002781548321,1.2881982260682179,1.1901924777665207
2016-07-20,84.22000122070312,84.27999877929688,83.93000030517578,84.20999908447266,62.876277923583984,5427200,-0.0002374958051012399,83.63399963378906,82.2715000152588,80.0647999572754,0.008264677239196295,72.05165307591429,1.2765022312342893,1.2074544284600743
2016-07-21,83.9800033569336,84.41000366210938,83.72000122070312,84.33000183105469,62.96588897705078,6274800,0.0014250415376642067,83.87399978637696,82.5215000152588,80.14520004272461,0.008232872438402355,67.96295511380494,1.262364537217266,1.2184364502115128
2016-07-22,84.08999633789062,85.2699966430664,84.08999633789062,85.02999877929688,63.48854064941406,6486700,0.00830068698023445,84.0629997253418,82.77999992370606,80.26820007324218,0.008277870896346599,72.35093649422238,1.2927422880640904,1.2332976177820285
2016-07-25,85.0999984741211,85.58999633789062,84.58999633789062,84.94999694824219,63.42880630493164,3462900,-0.000940865955582848,84.18399963378906,83.08299980163574,80.38180007934571,0.0075319951836729316,68.12379879013935,1.2954285019133494,1.2457237946082929
2016-07-26,84.83000183105469,85.0,84.33000183105469,84.55999755859375,63.13760757446289,3788700,-0.004590928824706797,84.25599975585938,83.37399978637696,80.50040008544921,0.007660814043003555,67.02498277238769,1.2516593050208513,1.2469108966908045
2016-07-27,84.3499984741211,84.45999908447266,83.2699966430664,83.95999908447266,62.68962097167969,6644900,-0.007095535613105275,84.23299942016601,83.54949989318848,80.59460006713867,0.0067266485557538605,68.62380029789568,1.1552401493487423,1.228576747222392
2016-07-28,83.9000015258789,84.8499984741211,83.5999984741211,84.58000183105469,63.15255737304688,5188800,0.007384501588169945,84.33399963378906,83.70449981689453,80.72520004272461,0.006375319863094575,64.81479155808682,1.1159918544686178,1.2060597686716372
2016-07-29,84.7699966430664,85.80000305175781,84.41000366210938,85.4000015258789,63.76481246948242,8250700,0.009694959530293312,84.5099998474121,83.85499992370606,80.89400009155274,0.0062700829279002624,66.33856375629273,1.1379369910645352,1.192435213150217
2016-08-01,85.5,85.79000091552734,85.31999969482422,85.69999694824219,63.98881149291992,6392100,0.0035128268969921717,84.69499969482422,84.02349967956543,81.08540008544922,0.006251255630197613,67.61359531371467,1.1660937899984134,1.1871669285198563
2016-08-02,85.44000244140625,85.73999786376953,84.30000305175781,84.4000015258789,63.01814270019531,9270700,-0.015169141991316581,84.71199951171874,84.09549980163574,81.23860015869141,0.007183619884600251,51.68538500255333,1.071161803447552,1.1639659035053955
2016-08-03,84.4000015258789,84.55999755859375,83.62999725341797,84.04000091552734,62.74934768676758,6842100,-0.0042654099981405125,84.69499969482422,84.16449966430665,81.38320022583008,0.007206463741304624,53.93635782747604,0.9558599213816876,1.122344707080654
2016-08-04,83.93000030517578,84.20999908447266,83.58999633789062,83.83999633789062,62.60003280639648,6382100,-0.002379873577556868,84.64599914550782,84.25999946594239,81.50540008544922,0.006887493204298957,51.639317607624385,0.8386759173148306,1.0656109491274894
2016-08-05,83.80000305175781,84.11000061035156,83.52999877929688,83.94999694824219,62.68212890625,8833000,0.0013120302380291715,84.53799896240234,84.30049934387208,81.62740005493164,0.0061022084752723775,50.83331955805517,0.7460825050703761,1.0017052603160668
2016-08-08,83.87000274658203,84.38999938964844,83.73999786376953,84.02999877929688,62.741886138916016,6819900,0.0009529700293380294,84.44599914550781,84.31499938964843,81.75,0.005896760393846335,48.245575289347904,0.6714173565861188,0.9356476795700772
2016-08-09,83.95999908447266,84.3499984741211,83.55000305175781,84.33999633789062,62.97332000732422,5204300,0.0036891296334295998,84.4239990234375,84.33999938964844,81.87199996948242,0.005945325712188004,51.08511936376685,0.6299966910052461,0.8745174818571111
2016-08-10,84.22000122070312,84.7300033569336,84.0199966430664,84.2300033569336,62.89121627807617,6626300,-0.0013041615571853793,84.4509994506836,84.34199943542481,81.9916000366211,0.005883990954234762,49.16389069275806,0.5815907842657566,0.8159321423388401
2016-08-11,84.2699966430664,84.31999969482422,83.08000183105469,83.43000030517578,62.29387283325195,7592300,-0.009497839485624993,84.3359992980957,84.33499946594239,82.09419998168946,0.006042504598130836,36.8421052631579,0.47322020609014714,0.7473897550891015
2016-08-12,83.95999908447266,84.37999725341797,83.55000305175781,83.66000366210938,62.465614318847656,6637800,0.0027568423359976,84.16199951171875,84.33599967956543,82.19300003051758,0.006072781390288119,39.64691676728984,0.4012695057239881,0.678165705216079
2016-08-15,83.51000213623047,84.08000183105469,83.51000213623047,83.5999984741211,62.42081832885742,5101600,-0.000717250601979802,83.95199966430664,84.32349967956543,82.28580001831055,0.006046203614057572,41.864416642420714,0.335538263879954,0.6096402169488541
2016-08-16,83.38999938964844,83.48999786376953,82.51000213623047,82.62000274658203,61.68910217285156,6807700,-0.01172243714624499,83.77399978637695,84.24299964904785,82.36880004882812,0.006464292177073561,39.331237274216036,0.20203933244485484,0.5281200400480542
2016-08-17,82.79000091552734,82.9800033569336,81.94999694824219,82.86000061035156,61.868289947509766,10686600,0.002904839697302819,83.65599975585937,84.1754997253418,82.4470001220703,0.006520327948366863,35.423703389523666,0.11428883874431506,0.44535379978730644
2016-08-18,82.93000030517578,83.13999938964844,82.20999908447266,82.62000274658203,61.68910217285156,5918300,-0.0028964260439499068,83.53400039672852,84.08999977111816,82.51200012207032,0.006514750450657374,23.872152955247515,0.025090886299381054,0.36130121708972135
2016-08-19,82.1500015258789,82.52999877929688,81.80000305175781,82.0199966430664,61.24109649658203,6538000,-0.007262237758040357,83.34100036621093,83.93949966430664,82.56260009765624,0.006269766553535759,17.259799762429992,-0.0929432201564282,0.2704523296404915
2016-08-22,82.19000244140625,82.51000213623047,82.0199966430664,82.44000244140625,61.5546875,6701200,0.005120773171542803,83.18200073242187,83.81399993896484,82.62940017700195,0.006456288023659294,29.32496141050052,-0.15085616614277342,0.1861906304838385
2016-08-23,82.95999908447266,82.98999786376953,82.56999969482422,82.62000274658203,61.68910217285156,4882500,0.0021834097506694405,83.01000137329102,83.71700019836426,82.70100021362305,0.006462111589405921,34.42988840368753,-0.18015139958080795,0.11292222447090922
2016-08-24,82.63999938964844,82.72000122070312,81.91999816894531,82.22000122070312,61.39041519165039,4554400,-0.004841461057630503,82.80900115966797,83.63000030517578,82.77320022583008,0.00637179955062003,32.98327947889419,-0.2329594517795215,0.04374588922082308
2016-08-25,82.11000061035156,83.05999755859375,82.11000061035156,82.5199966430664,61.61442565917969,5365800,0.0036486915338034276,82.71800079345704,83.52700004577636,82.83700012207031,0.00616358662353277,35.55556583082489,-0.24774721451842652,-0.014552731527026845
2016-08-26,82.58999633789062,83.19999694824219,81.23999786376953,81.75,61.03949737548828,11479500,-0.00933103095479948,82.5270004272461,83.34449996948243,82.87740005493164,0.005851621563326315,29.78724267699792,-0.31793397207108853,-0.07522897963583919
2016-08-29,82.63999938964844,82.77999877929688,81.91999816894531,82.5199966430664,61.61442565917969,4256900,0.009418919181240382,82.41900024414062,83.18549995422363,82.93559997558594,0.00628614513529868,35.08196598289764,-0.307876184130464,-0.12175842053476416
2016-08-30,82.5999984741211,82.70999908447266,81.80000305175781,82.37999725341797,61.50988006591797,5068800,-0.0016965510826908448,82.39499969482422,83.08449974060059,82.98799987792968,0.005452588531783042,34.910239560308256,-0.30765563281980235,-0.15893786299177182
2016-08-31,82.37999725341797,82.73999786376953,82.08000183105469,82.54000091552734,61.62934112548828,6967000,0.0019422635038111036,82.3629997253418,83.00949974060059,83.0513998413086,0.005445368688529713,41.8943670388251,-0.29121296421361365,-0.1853928832361402
2016-09-01,82.4800033569336,82.63999938964844,81.94999694824219,82.4000015258789,61.52482604980469,9000400,-0.0016961399090813511,82.34099960327148,82.9375,83.11279983520508,0.005437636946783514,38.333316850078205,-0.2861799077651881,-0.2055502881419498
2016-09-02,82.66999816894531,83.9000015258789,82.63999938964844,83.05999755859375,62.01762390136719,7591700,0.008009660442876987,82.44499969482422,82.89300003051758,83.17679977416992,0.005773761884813178,45.49998664854259,-0.22632606425979418,-0.2097054433655187
2016-09-06,83.16000366210938,83.70999908447266,82.77999877929688,83.6500015258789,62.45814895629883,9714000,0.007103346793008836,82.56599960327148,82.87400016784667,83.27199981689454,0.006014922271234324,59.1800237721572,-0.12978696937373968,-0.1937217485671629
2016-09-07,83.7699966430664,84.2300033569336,83.37000274658203,84.12999725341797,62.81656265258789,7966300,0.005738143679418384,82.71699905395508,82.86350021362304,83.3797998046875,0.006101644551743898,60.85467499422904,-0.014381615122289304,-0.1578537218781882
2016-09-08,83.83000183105469,83.98999786376953,83.13999938964844,83.16999816894531,62.09975051879883,6694900,-0.011410901174535026,82.8119987487793,82.81049995422363,83.43419982910156,0.006603867702920867,54.18565789886233,-0.0003815452806890107,-0.12635928655868836
2016-09-09,81.86000061035156,82.11000061035156,79.86000061035156,79.86000061035156,59.628299713134766,17349400,-0.03979797560978737,82.5459991455078,82.63199996948242,83.40179977416992,0.010856168791554212,38.36207924218994,-0.2534538707879932,-0.15177820340454934
2016-09-12,79.51000213623047,81.19000244140625,79.51000213623047,80.83000183105469,60.35256576538086,13320200,0.012146271140616394,82.45399932861328,82.4904998779297,83.37059982299805,0.011273497295935698,41.81076902539203,-0.3714625313340463,-0.19571506899044874
2016-09-13,80.33999633789062,80.4800033569336,78.66999816894531,78.86000061035156,58.88166427612305,14340900,-0.02437215360727918,82.0879997253418,82.25349998474121,83.30119979858398,0.012358296532435135,33.82097166550125,-0.6168373624010428,-0.2799395276725676
2016-09-14,79.02999877929688,79.5999984741211,78.81999969482422,79.0999984741211,59.06085205078125,7384300,0.0030433408814611873,81.7599998474121,82.07749977111817,83.22399978637695,0.012240255428960413,36.38740335920185,-0.7829079860713506,-0.3805332193523242
2016-09-15,79.05999755859375,79.62000274658203,78.68000030517578,79.45999908447266,59.32963562011719,7345700,0.004551208815374963,81.45199966430664,81.90749969482422,83.15999969482422,0.012281169330922001,36.71874793039231,-0.8753802723254864,-0.4795026299469567
2016-09-16,79.22000122070312,79.5,78.9000015258789,79.37999725341797,59.269901275634766,10133700,-0.0010068189274661243,81.14999923706054,81.74549942016601,83.10899963378907,0.012281340033730239,39.05815320649605,-0.9442361381377964,-0.5724493315851247
2016-09-19,79.6500015258789,80.20999908447266,79.5999984741211,80.12999725341797,59.82989501953125,6199200,0.009448224060850663,80.85699920654297,81.6509994506836,83.04879959106445,0.012466191187729549,38.94542123301206,-0.9275934559321968,-0.6434781564545391
2016-09-20,80.75,80.75,79.97000122070312,80.0,59.73283767700195,7847700,-0.0016223294380859343,80.49199905395508,81.52899932861328,82.97399963378906,0.01238026773483529,38.981489526885504,-0.914353603127168,-0.697653245789065
2016-09-21,80.12999725341797,81.12000274658203,79.12999725341797,80.91999816894531,60.41978073120117,12499400,0.011499977111816495,80.1709991455078,81.44399909973144,82.91559967041016,0.012694555536688946,42.993061600814684,-0.8201703476731552,-0.722156666165883
2016-09-22,81.70999908447266,82.55000305175781,81.66000366210938,82.48999786376953,61.59203338623047,10324100,0.019401875066116014,80.10299911499024,81.45749893188477,82.88159957885742,0.013440116081168407,50.34640648786814,-0.6117912362895908,-0.7000835801906247
2016-09-23,82.3499984741211,84.36000061035156,81.63999938964844,82.69999694824219,61.748809814453125,9020800,0.002545752090083342,80.38699874877929,81.46649894714355,82.86419952392578,0.013427697656316987,48.56459009930387,-0.4248072051190377,-0.6450283051763073
2016-09-26,81.80000305175781,82.30999755859375,81.5199966430664,82.0999984741211,61.82112503051758,5762100,-0.0072551208737843265,80.51399841308594,81.4839988708496,82.83339950561523,0.013358022735987614,43.82468303026471,-0.32133176319027257,-0.5802889967791003
2016-09-27,82.30999755859375,82.37999725341797,81.27999877929688,81.45999908447266,61.33922576904297,6379700,-0.007795364208808997,80.77399826049805,81.43099899291992,82.78559951782226,0.01329393769140666,39.49645962240775,-0.2876534421845349,-0.5217618858601872
2016-09-28,81.61000061035156,82.02999877929688,81.26000213623047,81.91000366210938,61.67804336547852,4672900,0.005524239905405182,81.05499877929688,81.40749931335449,82.73919952392578,0.013359370575657852,44.836086795015625,-0.22209139027815183,-0.46182778674378017
2016-09-29,81.66999816894531,81.87000274658203,80.72000122070312,81.02999877929688,61.01540756225586,7136000,-0.01074355809386418,81.2119987487793,81.33199920654297,82.67559951782226,0.013552064341628528,55.98770551330887,-0.2383939739914922,-0.4171410241933226
2016-09-30,81.51000213623047,81.7699966430664,80.56999969482422,80.63999938964844,60.72172164916992,9896500,-0.004813024750385142,81.33799896240234,81.24399909973144,82.60179946899414,0.013580387407915295,48.966254673936874,-0.27956097551673054,-0.38962501445800424
2016-10-03,80.2300033569336,80.33999633789062,79.08000183105469,79.18000030517578,59.622371673583984,15512600,-0.01810514751392811,81.24299926757813,81.04999923706055,82.48479949951172,0.013920702398810039,51.843316149616996,-0.42509560766090715,-0.39671913309858486
2016-10-04,79.25,79.25,77.6500015258789,78.04000091552734,58.763946533203125,11730800,-0.014397567381341903,81.04699935913087,80.76949920654297,82.34659957885742,0.013986683264664356,44.467654718198254,-0.6252141954647925,-0.44241814557182646
2016-10-05,78.25,78.58999633789062,76.5,76.52999877929688,57.626914978027344,15890000,-0.019349078914862372,80.60799942016601,80.38949928283691,82.18599960327148,0.014249230092526589,36.34669436854159,-0.8953333256034455,-0.5330011815781504
2016-10-06,76.3499984741211,77.18000030517578,75.5999984741211,76.66000366210938,57.72480773925781,13203300,0.0016987440857985092,80.025,80.06399955749512,82.03999969482422,0.014222164757057124,37.38408175195707,-1.0863911340563277,-0.6436791720737859
2016-10-07,77.1500015258789,77.80999755859375,76.13999938964844,76.55000305175781,57.64198303222656,10976900,-0.0014349152765033013,79.41000061035156,79.89849967956543,81.87939971923828,0.01145315471294457,32.34718085038347,-1.2324747519428172,-0.7614382880475923
2016-10-10,76.61000061035156,77.27999877929688,76.61000061035156,77.0,57.98084259033203,5210400,0.005878470676714764,78.90000076293946,79.70699958801269,81.7113996887207,0.011125268429161126,35.659665036243254,-1.2969852401486293,-0.8685476784677997
2016-10-11,76.83000183105469,77.0199966430664,76.05999755859375,76.2300033569336,57.401023864746094,8292700,-0.009999956403459853,78.37700119018555,79.5754997253418,81.52199981689454,0.010040221131968853,27.25512874874292,-1.3941714204957947,-0.9736724268733987
2016-10-12,76.47000122070312,77.33000183105469,76.06999969482422,77.26000213623047,58.17658996582031,4880700,0.013511724176031858,77.91200103759766,79.48349990844727,81.37919982910157,0.010557146907393797,23.234424562735157,-1.372261301103137,-1.0533902017193464
2016-10-13,77.04000091552734,77.88999938964844,76.7300033569336,77.69000244140625,58.5003776550293,9980300,0.005565626369224974,77.5780014038086,79.39500007629394,81.25219985961914,0.010588234684538409,24.92496620615391,-1.3051549290737512,-1.1037431471902273
2016-10-14,77.5199966430664,78.29000091552734,77.30999755859375,77.43000030517578,58.30461502075195,9223800,-0.00334666145012108,77.25700149536132,79.29750022888183,81.12399993896484,0.010600391561767192,25.803141251978502,-1.2584460623788232,-1.1346837302279464
2016-10-17,77.5999984741211,78.02999877929688,77.5,77.52999877929688,58.379920959472656,5460800,0.0012914693752674733,77.09200134277344,79.16750030517578,80.99559997558593,0.010322858347546737,28.43031421184908,-1.199532444526909,-1.147653473087739
2016-10-18,77.9800033569336,78.5,77.79000091552734,78.05999755859375,58.77898406982422,4949300,0.006836047822025737,77.09400100708008,79.07050018310547,80.87619995117187,0.010493630223201598,29.053291182115842,-1.097426061314124,-1.137607990733016
2016-10-19,78.0999984741211,78.38999938964844,77.68000030517578,78.38999938964844,59.02749633789063,4842900,0.004227540883625869,77.28000106811524,78.94400024414062,80.75720001220704,0.010151761728539111,34.72222467508843,-0.9785969704357598,-1.1058057866735649
2016-10-20,78.26000213623047,78.5999984741211,77.66999816894531,78.08999633789062,58.80157470703125,3795600,-0.0038270577126375827,77.42300033569336,78.72400016784668,80.63439987182618,0.00887898718179694,35.087706774364534,-0.8982770205096102,-1.064300033440774
2016-10-21,77.62000274658203,78.08999633789062,77.43000030517578,77.98999786376953,58.72628021240234,4456500,-0.0012805542170651885,77.56699981689454,78.48850021362304,80.52559982299805,0.00880090123471094,41.724603356508005,-0.8330885959046697,-1.0180577459335531
2016-10-24,78.23999786376953,78.91999816894531,77.88999938964844,78.19999694824219,58.88441848754883,5336500,0.002692641238937865,77.68699951171875,78.2935001373291,80.4163996887207,0.008822337565720588,51.27792314789199,-0.7557690930123186,-0.9656000153493063
2016-10-25,78.04000091552734,78.16999816894531,77.7300033569336,78.05000305175781,58.7714729309082,3609000,-0.0019180805925561595,77.86899948120117,78.12300033569336,80.30539978027343,0.008730333686076137,65.51026699800079,-0.6985437067847329,-0.9121887536363916
2016-10-26,77.66000366210938,77.80999755859375,76.66999816894531,77.13999938964844,58.08625793457031,8385500,-0.0116592392892787,77.85699920654297,77.8845001220703,80.19579971313476,0.00878593659970051,54.225319951429704,-0.7183412751589202,-0.8734192579408974
2016-10-27,76.98999786376953,77.0,75.16999816894531,75.37000274658203,56.753414154052734,12575200,-0.02294525093428934,77.62499923706055,77.60150032043457,80.04599975585937,0.009728084223101566,41.961838416659134,-0.8668622786008626,-0.8721078620728905
2016-10-28,75.37000274658203,76.12000274658203,75.26000213623047,75.5199966430664,56.86637496948242,7028400,0.0019901007167095752,77.4339988708496,77.34550018310547,79.90399963378906,0.009800952718070792,39.488591105885156,-0.961380790653763,-0.8899624477890651
2016-10-31,75.94999694824219,76.70999908447266,75.52999877929688,76.63999938964844,57.709720611572266,9920800,0.014830545502743542,77.34499893188476,77.2185001373291,79.7963996887207,0.009935833787268021,52.77399519523116,-0.935132901045904,-0.8989965384404329
2016-11-01,76.23999786376953,76.30999755859375,74.73999786376953,74.94999694824219,56.43718719482422,13173300,-0.02205118025659214,77.03399887084962,77.06399993896484,79.64659957885742,0.01058180721025424,35.652133530591996,-1.0387265395445553,-0.9269425386612575
2016-11-02,74.87999725341797,75.01000213623047,73.88999938964844,73.98999786376953,55.71430587768555,11959300,-0.01280852733237059,76.59399871826172,76.93699989318847,79.47399948120118,0.010106662796570635,28.4381871906114,-1.1846334306960813,-0.9784807170682224
2016-11-03,74.02999877929688,74.1500015258789,73.44000244140625,73.55999755859375,55.3905029296875,8040500,-0.0058116004539897625,76.14099884033203,76.7819995880127,79.30079940795899,0.01011570292613902,27.88567930880241,-1.3197498691257294,-1.0467345474797238
2016-11-04,73.55000305175781,74.2300033569336,73.36000061035156,73.94999694824219,55.68416976928711,9855600,0.005301786332140512,75.7369987487793,76.65199928283691,79.1293994140625,0.010247267820505933,30.199090210905652,-1.3794593796143175,-1.1132795139066427
2016-11-07,74.6500015258789,75.26000213623047,74.62999725341797,75.16000366210938,56.59529495239258,12150900,0.016362498496302447,75.43299942016601,76.55999946594238,78.99759948730468,0.010901345587228462,35.082337796894876,-1.3139952482115405,-1.1534226607676223
2016-11-08,75.13999938964844,75.83000183105469,74.93000030517578,75.62000274658203,56.94167709350586,6871400,0.006120264263698605,75.18999938964843,76.52949943542481,78.859599609375,0.01080825897118439,35.93910115649247,-1.2110362980866114,-1.1649453882314202
2016-11-09,73.9000015258789,74.8499984741211,73.05000305175781,74.22000122070312,55.88749694824219,18535400,-0.018513640241069496,74.8979995727539,76.37749938964843,78.6963996887207,0.011017457235469801,32.32878449427899,-1.2282505039211173,-1.1776064113693598
2016-11-10,74.02999877929688,74.16999816894531,72.11000061035156,72.87000274658203,54.87094879150391,26429700,-0.01818914648231673,74.6479995727539,76.13649940490723,78.5029997253418,0.011437354426283257,29.01640820522826,-1.335432446554151,-1.2091716184063181
2016-11-11,72.79000091552734,74.0199966430664,72.69999694824219,73.26000213623047,55.16462326049805,10174200,0.005351988128842633,74.42200012207032,75.92799949645996,78.32019973754883,0.011593209422835456,30.048481793290193,-1.3730772372313993,-1.2419527421713346
2016-11-14,73.0,74.7699966430664,72.5199966430664,74.5,56.09832382202149,19173600,0.0169259872728873,74.20800018310547,75.77649955749511,78.14899978637695,0.012377127216645932,36.82255853733135,-1.288006206752101,-1.2511634350874878
2016-11-15,74.88999938964844,75.37000274658203,73.73999786376953,74.2300033569336,55.895015716552734,10743900,-0.003624116014314227,74.13600082397461,75.5849998474121,77.96059982299805,0.012207577264150967,38.65940238562891,-1.2282151748348582,-1.2465737830369619
2016-11-16,74.0999984741211,74.4800033569336,73.61000061035156,74.06999969482422,55.77452087402344,7474500,-0.0021555119880568574,74.14400100708008,75.3689998626709,77.75939987182618,0.01210707837922854,44.20676064919205,-1.1801374200270942,-1.2332865104349884
2016-11-17,73.9800033569336,74.56999969482422,73.43000030517578,73.45999908447266,55.31520462036133,10301400,-0.008235461224042506,74.13400115966797,75.1375,77.56519989013673,0.012167498521501258,41.18152329119315,-1.1776818212738362,-1.222165572602758
2016-11-18,73.63999938964844,73.94000244140625,73.29000091552734,73.68000030517578,55.48089218139648,6874900,0.0029948437713720466,74.10700149536133,74.92200012207032,77.44159988403321,0.012236305189292715,36.2708843935095,-1.144787088732727,-1.2066898758287519
2016-11-21,74.01000213623047,74.51000213623047,73.58000183105469,73.69000244140625,55.48838806152344,8475000,0.00013575103405316646,73.96000137329102,74.69650039672851,77.29879989624024,0.012189527957555443,43.07695790253832,-1.105170964464378,-1.1863860935558772
2016-11-22,73.91999816894531,74.98999786376953,73.86000061035156,74.94999694824219,56.43718719482422,7707100,0.017098581423413695,73.89300079345703,74.54150009155273,77.22059982299805,0.012985438557188898,55.10637727999143,-0.9610257672476905,-1.14131402829424
2016-11-23,74.05000305175781,74.66999816894531,73.9800033569336,74.54000091552734,56.12844467163086,8504000,-0.0054702608326718805,73.92500076293945,74.41150016784668,77.12939987182617,0.012814352491332816,55.2239000207409,-0.8698458715566204,-1.0870203969467163
2016-11-25,74.55999755859375,75.30000305175781,74.55999755859375,74.91999816894531,56.41458511352539,3487600,0.005097897085466929,74.13000030517578,74.38899993896484,77.03859985351562,0.011858391898798788,55.17610312797196,-0.7581826866649664,-1.0212528548903663
2016-11-28,74.88999938964844,75.69000244140625,74.87999725341797,75.18000030517578,56.61035919189453,7222300,0.003470396991256841,74.3220001220703,74.37200012207032,76.95459991455078,0.011877598375242611,50.11874504473894,-0.6413161157067719,-0.9452655070536475
2016-11-29,75.2699966430664,76.12000274658203,75.19999694824219,75.80000305175781,57.07723617553711,7662400,0.00824691066859895,74.45200042724609,74.33000030517579,76.86800003051758,0.011526359886370883,51.04895353624454,-0.49298663314090163,-0.8548097322710984
2016-11-30,75.16999816894531,75.47000122070312,74.61000061035156,74.8499984741211,56.36187362670898,10068900,-0.012533041416740276,74.51399993896484,74.32500038146972,76.765,0.010760204221387657,53.8745231626807,-0.44693983523676195,-0.7732357528642312
2016-12-01,74.29000091552734,74.68000030517578,73.38999938964844,73.66999816894531,55.47334289550781,12051600,-0.015764867457996767,74.47399978637695,74.30900039672852,76.62,0.010963634343316571,55.025097452107815,-0.49990103119213813,-0.7185688085298126
2016-12-02,74.0999984741211,75.13999938964844,74.0999984741211,74.44999694824219,56.06068420410156,7779600,0.010587739903401783,74.5729995727539,74.35350036621094,76.45919998168945,0.0111306487839053,57.12571873934968,-0.47347584299456,-0.6695502154227622
2016-12-05,74.5999984741211,75.1500015258789,74.33000183105469,75.04000091552734,56.50494766235352,9684400,0.00792483534546462,74.70899963378906,74.40800056457519,76.30600006103515,0.01120343199731873,53.506497366869624,-0.40031076832133294,-0.6157023260024763
2016-12-06,75.22000122070312,75.81999969482422,75.0,75.5199966430664,56.86637496948242,7492700,0.006396531472319555,74.89199905395508,74.42600021362304,76.17440002441407,0.010684018768004759,58.15418893111364,-0.3001355005734325,-0.5525889609166675
2016-12-07,75.55000305175781,77.05000305175781,75.48999786376953,76.98999786376953,57.973289489746094,10029900,0.019465059402092644,75.09599914550782,74.49449996948242,76.085,0.011455901665915928,65.83512897150479,-0.10096520196188408,-0.46226420912571087
2016-12-08,76.38999938964844,77.62999725341797,76.38999938964844,77.37999725341797,58.26696395874024,8365300,0.00506558514702804,75.37999877929687,74.65249977111816,75.99439987182618,0.010521470391256196,71.77776760525174,0.08734156680216643,-0.35234305394013543
2016-12-09,77.37999725341797,77.98999786376953,77.20999908447266,77.31999969482422,58.2217903137207,7254700,-0.0007753626353494969,75.61999893188477,74.87499961853027,75.92019989013671,0.009412775546268508,70.5882403709061,0.22909388447249057,-0.23605566625761024
2016-12-12,77.16999816894531,77.86000061035156,77.01000213623047,77.80000305175781,58.58321762084961,11162600,0.00620801033145546,75.88199920654297,75.10199966430665,75.86339996337891,0.009425921568157651,72.07304880847019,0.3758335021807113,-0.11367783256994593
2016-12-13,78.12000274658203,78.22000122070312,77.30999755859375,77.80000305175781,58.58321762084961,10695500,0.0,76.08199920654297,75.26699981689453,75.83580001831055,0.008857490732217576,67.7018945532778,0.486517436257742,0.006361221195591668
2016-12-14,77.88999938964844,78.06999969482422,76.13999938964844,76.36000061035156,57.49889373779297,15504300,-0.018509028083819823,76.23299942016601,75.37349967956543,75.80220001220704,0.009933229534356356,60.02201430930104,0.4528192703511138,0.09565283102669611
2016-12-15,76.3499984741211,76.66999816894531,75.56999969482422,75.79000091552734,57.06969451904297,10382200,-0.007464637117183925,76.44499969482422,75.45949974060059,75.78740005493164,0.010104469094652076,54.692565423825904,0.37578717872489165,0.15167970056633523
2016-12-16,76.04000091552734,77.25,76.04000091552734,76.80000305175781,57.83021926879883,9811600,0.01332632437036363,76.68000030517578,75.62649993896484,75.7902000427246,0.01019496879541478,58.08383643876733,0.39172189639538146,0.1996881397321445
2016-12-19,77.19999694824219,77.8499984741211,77.12999725341797,77.6500015258789,58.47029495239258,10510500,0.011067688025327982,76.94100036621094,75.825,75.81220001220703,0.010383042876727784,59.024376083466265,0.46754844069508295,0.2532601999247322
2016-12-20,77.62000274658203,78.4000015258789,77.30000305175781,77.79000091552734,58.57568740844727,6843800,0.0018029541132948967,77.16800079345703,76.02999992370606,75.82800003051757,0.010368234261637905,65.57204280218536,0.5327965570192674,0.30916747134363926
2016-12-21,76.7699966430664,77.18000030517578,75.72000122070312,75.7699966430664,57.85489273071289,8885800,-0.02596740260556718,77.04600067138672,76.07099990844726,75.81879989624024,0.011629404838767836,60.21399399296879,0.4167051784784519,0.3306750127706018
2016-12-22,75.51000213623047,75.7300033569336,74.97000122070312,75.62999725341797,57.747989654541016,4245100,-0.0018476890042365968,76.87100067138672,76.1254997253418,75.78619979858398,0.011557730448298402,56.120329076756875,0.30983357527961175,0.32650672527240376
2016-12-23,75.81999969482422,75.87000274658203,75.5,75.83000183105469,57.90071487426758,2930900,0.0026445138820585523,76.72200088500976,76.17099990844727,75.74899978637696,0.011522566657330282,54.27027169694915,0.23852617639934692,0.3089106154977924
2016-12-27,76.04000091552734,76.12999725341797,75.62000274658203,75.91999816894531,57.96940994262695,2740000,0.0011868170343860562,76.53400039672852,76.20799980163574,75.71879974365234,0.011504627846287065,52.25734285485478,0.18711950421491963,0.2845523932412179
2016-12-28,76.0999984741211,76.0999984741211,75.16000366210938,75.47000122070312,57.62582778930664,5386600,-0.005927251832130054,76.30100021362304,76.19149971008301,75.67759979248046,0.011442133975543334,40.306148763386716,0.10881401299452875,0.2494047171918801
2016-12-29,75.6500015258789,76.41999816894531,75.33999633789062,76.22000122070312,58.1984977722168,5736200,0.009937723438041557,76.2870002746582,76.2599998474121,75.64079986572266,0.011264654246747717,42.92685740762623,0.10605257100709764,0.2207342879549236
2016-12-30,76.33000183105469,77.08999633789062,75.95999908447266,76.94000244140625,58.74824523925781,5978900,0.009446355407661144,76.4020004272461,76.42350006103516,75.61179992675781,0.010689581332870403,47.85554796826657,0.16011646658861878,0.20861072368166267
2017-01-03,77.13999938964844,77.31999969482422,76.68000030517578,77.25,58.98493957519531,6305100,0.004029081735860807,76.4470001220703,76.56350021362304,75.595,0.01051887883358573,46.83542636802293,0.22537868043247045,0.21196431503182425
2017-01-04,77.2300033569336,78.44999694824219,77.2300033569336,78.30999755859375,59.79431915283203,10804600,0.013721651243931987,76.5129997253418,76.72700004577636,75.60139999389648,0.010770466955115807,52.6153564453125,0.35849983634686566,0.24127141929483256
2017-01-05,77.80999755859375,78.62999725341797,77.41999816894531,78.58000183105469,60.000484466552734,9419600,0.0034478901912735616,76.59199981689453,76.88000030517578,75.60900009155273,0.010729965194342612,62.93706728982268,0.48025037241518476,0.289067209918903
2017-01-06,78.08999633789062,78.83000183105469,78.08999633789062,78.41000366210938,59.87068557739258,6768300,-0.0021633770041238343,76.85600051879882,76.95100059509278,75.61620010375977,0.009942686244778001,66.01468611758034,0.5566049228387158,0.34257475250286556
2017-01-09,78.61000061035156,78.72000122070312,77.80999755859375,77.88999938964844,59.473609924316406,6589400,-0.006631861346439671,77.08200073242188,76.9765007019043,75.63120010375977,0.010032203711852322,57.087100076988406,0.5686019657054118,0.3877801951433748
2017-01-10,77.86000061035156,77.97000122070312,77.12999725341797,77.16000366210938,58.9162483215332,7720800,-0.009372136773133422,77.21500091552734,76.96850090026855,75.6670001220703,0.010265612201297713,46.763554269991886,0.5132882863732675,0.41288181338935337
2017-01-11,77.1500015258789,77.37999725341797,76.7699966430664,76.83000183105469,58.66424560546875,8190600,-0.004276850899331164,77.30600128173828,76.9200008392334,75.69320022583008,0.010196523008276741,43.81444059151388,0.4377769865688208,0.41786084802524687
2017-01-12,76.8499984741211,77.19999694824219,76.20999908447266,77.18000030517578,58.93150329589844,9531700,0.004555492200699396,77.47700119018555,76.8890007019043,75.70400024414063,0.010260780406704773,61.5763917076324,0.40154690646311053,0.4145980597128196
2017-01-13,77.12999725341797,77.47000122070312,76.81999969482422,77.0999984741211,58.87041091918945,5200100,-0.0010365616835754654,77.56500091552735,76.92600059509277,75.7470002746582,0.009335372616662767,62.18906731581904,0.3622035704959927,0.40411916186945424
2017-01-17,77.36000061035156,77.69000244140625,77.20999908447266,77.62000274658203,59.267486572265625,6829200,0.00674454322635909,77.63300094604492,77.0175006866455,75.81960037231445,0.009235566447912631,64.09449878470323,0.3687331658121309,0.3970419626579896
2017-01-18,77.62000274658203,78.01000213623047,77.48999786376953,77.75,59.36672592163086,5592200,0.001674790631512657,77.68300094604493,77.06500053405762,75.90340042114258,0.008789375612482097,64.3192645215211,0.38001700952837325,0.3936369720320664
2017-01-19,77.33000183105469,77.5199966430664,76.79000091552734,76.94000244140625,58.74824523925781,9277900,-0.010417975030144744,77.54600143432617,77.02950057983398,75.96320053100585,0.00876229258162607,60.88889793113426,0.31991175979395337,0.37889192958444384
2017-01-20,76.94999694824219,77.48999786376953,76.8499984741211,77.43000030517578,59.12239837646485,7716600,0.0063685709412693026,77.43100128173828,77.01150054931641,76.00860046386718,0.008881977871678775,59.32202991334933,0.3082631827837332,0.36476618022430174
2017-01-23,77.44999694824219,78.16000366210938,77.3499984741211,78.0199966430664,59.5728759765625,5135900,0.007619738287036881,77.39200057983399,77.1240005493164,76.05660034179688,0.006646308264100219,58.49052982364803,0.3426890689717226,0.36035075797378596
2017-01-24,77.98999786376953,78.37999725341797,77.7300033569336,78.19999694824219,59.7103271484375,6270200,0.0023071047541729506,77.42300033569336,77.25250053405762,76.13620025634765,0.00660143262947025,57.62437881010755,0.3801146272929117,0.36430353183761116
2017-01-25,78.05000305175781,78.43000030517578,77.55999755859375,77.77999877929688,59.38965225219727,7830000,-0.005370820784344699,77.48499984741211,77.35000038146973,76.23440017700196,0.006781467984362564,45.25939958399982,0.3716007278589757,0.36576297104188404
2017-01-26,77.86000061035156,78.19999694824219,77.56999969482422,77.69999694824219,59.32855987548828,5819700,-0.0010285655992576803,77.57199935913086,77.43900032043457,76.32320007324219,0.006801342999690504,41.85179743086913,0.3543136152512858,0.3634730998837644
2017-01-27,77.83999633789062,77.9800033569336,76.69999694824219,76.97000122070312,58.77114486694336,5415400,-0.009395054777483813,77.55099945068359,77.51400032043458,76.37260009765625,0.0070323840689830285,37.91942528559066,0.2784985417492436,0.3464781882568603
2017-01-30,76.80000305175781,76.8499984741211,76.2300033569336,76.44000244140625,58.36647033691406,5317900,-0.006885783693534875,77.48499984741211,77.52500038146972,76.4168000793457,0.006913198621338299,37.85594340177228,0.17364639018123285,0.31191182864173483
2017-01-31,76.12999725341797,77.4000015258789,76.08000183105469,77.04000091552734,58.82460784912109,7263300,0.007849273351096642,77.42699966430663,77.53000030517578,76.47620010375977,0.006808805212262864,48.97257723797094,0.13738151848170332,0.27700576660972853
2017-02-01,76.88999938964844,77.43000030517578,76.11000061035156,76.12999725341797,58.12976837158203,9419400,-0.011812093085346365,77.26499938964844,77.47400016784668,76.52960006713867,0.007234190234680433,44.548242919329134,0.034810383637363884,0.22856669001525562
2017-02-02,76.23999786376953,77.08000183105469,76.20999908447266,76.9800033569336,58.778804779052734,7063000,0.011165192882986341,77.26899948120118,77.40750045776367,76.59560012817383,0.006984127040266708,48.55493496270196,0.02185843857097325,0.18722503972639917
2017-02-03,77.41000366210938,77.8499984741211,77.2300033569336,77.5,59.17583847045898,7572100,0.00675495739660259,77.2759994506836,77.35350036621094,76.6718000793457,0.007128468944802115,52.717404261891645,0.05294301793938416,0.16036863536899618
2017-02-06,77.69000244140625,77.69999694824219,77.12000274658203,77.23999786376953,58.977317810058594,6787300,-0.003354866273941548,77.1979995727539,77.29500007629395,76.71760009765624,0.0071465835000972385,47.32390582521142,0.055952782726024,0.13948546484040172
2017-02-07,77.47000122070312,77.61000061035156,77.01000213623047,77.12999725341797,58.893348693847656,4041100,-0.0014241405151974584,77.09099960327148,77.25699996948242,76.76940002441407,0.00701375930366277,45.62144594386356,0.048898244536786706,0.12136802077967873
2017-02-08,77.44999694824219,77.80999755859375,77.11000061035156,77.69000244140625,59.32091522216797,7792200,0.007260536858938682,77.08199996948242,77.28349990844727,76.82480010986328,0.006887198793797748,55.49048169057508,0.08748671827889609,0.11459176027952221
2017-02-09,77.73999786376953,78.02999877929688,77.61000061035156,77.93000030517578,59.504150390625,3932800,0.0030891730753972446,77.10500030517578,77.33849983215332,76.87980010986328,0.006822562843050675,53.7993910399859,0.1358679820723836,0.1188470046380945
2017-02-10,77.79000091552734,78.56999969482422,77.73999786376953,78.52999877929688,59.96229934692383,6092000,0.007699197635974375,77.26100006103516,77.40599975585937,76.93440002441406,0.006950278774285276,53.869513119887934,0.2200883036971959,0.1390952644499148
2017-02-13,78.6500015258789,78.91999816894531,78.29000091552734,78.79000091552734,60.16082382202149,6678900,0.0033108638771430776,77.49599990844726,77.4904998779297,77.01320007324219,0.006954823863632292,54.42281450064112,0.30430566850201046,0.17213734526033392
2017-02-14,78.58999633789062,78.63999938964844,77.77999877929688,78.3499984741211,59.82487487792969,8255300,-0.005584495954987778,77.62699966430664,77.52699966430664,77.1068000793457,0.006975271895274143,54.260080992344385,0.3317201536528245,0.20405390693883202
2017-02-15,77.93000030517578,78.33999633789062,77.5,78.27999877929688,59.77140808105469,10263200,-0.0008934230528075959,77.84199981689453,77.55349960327149,77.18340011596679,0.0069759770578516084,54.3413259140986,0.34383443099410727,0.23201001174988709
2017-02-16,78.3499984741211,79.12000274658203,78.12999725341797,78.6500015258789,60.05390930175781,8259900,0.004726657541541668,78.00899963378906,77.63899955749511,77.25560012817382,0.0065532993071748345,63.29111020706756,0.37892322144757884,0.26139265368942544
2017-02-17,78.81999969482422,78.93000030517578,78.2699966430664,78.77999877929688,60.15319442749024,6812900,0.001652857608339664,78.13699951171876,77.70649948120118,77.32080017089844,0.0064383489261305524,69.7634377561383,0.41246637695931554,0.2916073983434035
2017-02-21,78.66000366210938,79.83000183105469,78.36000061035156,79.7699966430664,60.90910339355469,8555800,0.012566614357827355,78.38999938964844,77.79399948120117,77.37640014648437,0.006795823053709824,71.63225183963553,0.5130203440346293,0.33588998748164867
2017-02-22,79.80999755859375,80.05999755859375,79.16000366210938,79.56999969482422,60.75643157958984,8049000,-0.0025071700721899237,78.63399963378906,77.86249961853028,77.4202001953125,0.006837133723307034,80.71427403665375,0.5700013839742155,0.382712266780162
2017-02-23,79.8499984741211,80.0199966430664,79.29000091552734,79.91000366210938,61.01602935791016,7428300,0.004273017074138297,78.85599975585937,77.9689998626709,77.4720002746582,0.006711184942863258,78.78190590820452,0.6352717302177382,0.4332241594676773
2017-02-24,79.87999725341797,80.37999725341797,79.52999877929688,80.30999755859375,61.32141876220703,6302100,0.005005554725985295,79.09399948120117,78.09949989318848,77.52220016479492,0.006733130229083507,78.2695862013914,0.7110782470201826,0.48879497697817836
2017-02-27,80.47000122070312,81.0199966430664,80.30999755859375,80.7300033569336,61.64215087890625,5330300,0.005229807136196252,79.31399993896484,78.2875,77.58080017089844,0.006244014404361369,84.01561570493755,0.7958720974079512,0.550210401064133
2017-02-28,80.72000122070312,80.7300033569336,80.19999694824219,80.41000366210938,61.39781188964844,6795400,-0.003963826105758961,79.47600021362305,78.48600006103516,77.6618002319336,0.006046210838657171,80.71164767653677,0.8277092171000504,0.6057101642713165
2017-03-01,80.0,80.55000305175781,79.7699966430664,80.16000366210938,61.20692443847656,10800600,-0.0031090658949665118,79.65700073242188,78.64200019836426,77.74920028686523,0.006037440154243914,74.55270198940681,0.8232772257807568,0.6492235765732046
2017-03-02,79.98999786376953,80.12000274658203,79.61000061035156,79.83000183105469,60.95494079589844,5007200,-0.00411678912148894,79.81200103759765,78.82700042724609,77.80980026245118,0.005312238196611471,68.55469244764852,0.7840978588706093,0.6761984330326856
2017-03-03,79.69000244140625,79.81999969482422,78.87999725341797,79.63999938964844,60.80989074707031,7677600,-0.0023800881504218996,79.9110008239746,78.96000022888184,77.84960021972657,0.004988024667546198,61.78342917307848,0.7293092956365683,0.6868206055534621
2017-03-06,79.4000015258789,79.58999633789062,78.9000015258789,79.2699966430664,60.52735137939453,9243900,-0.004645941102683238,79.96000061035156,79.04850006103516,77.87920013427734,0.005032604781556826,54.97920122576642,0.6485566774707365,0.6791678199369171
2017-03-07,79.16000366210938,79.2300033569336,78.5999984741211,78.93000030517578,60.26772689819336,4543200,-0.004289092371500214,79.8760009765625,79.13300018310547,77.94240020751953,0.00508064391751621,56.14408560437073,0.5507757824097013,0.653489412431474
2017-03-08,78.62000274658203,78.6500015258789,77.61000061035156,77.72000122070312,59.34382629394531,9504200,-0.015330027616803577,79.6910011291504,79.16250038146973,77.98420028686523,0.006258522746615321,45.2218643321937,0.37136602845912137,0.5970647356370035
2017-03-09,77.66999816894531,77.98999786376953,76.48999786376953,76.7300033569336,58.58791732788086,8785000,-0.012738006281783454,79.37300109863281,79.1145004272461,78.00220031738282,0.006687556830354631,35.185189545838796,0.1475965508642787,0.5071710986824585
2017-03-10,77.06999969482422,77.62999725341797,76.19000244140625,76.54000091552734,58.44281768798828,11824100,-0.002476247010213095,78.99600143432617,79.04500045776368,78.01460037231445,0.006641592202918892,32.874636466400915,-0.04456031780073033,0.3968248153858207
2017-03-13,76.68000030517578,77.11000061035156,76.47000122070312,76.66000366210938,58.53446578979492,8000700,0.0015678435477741726,78.58900146484375,78.9515007019043,78.03840042114258,0.0063603726356822295,22.575045850326774,-0.18502989246562151,0.2804538738155323
2017-03-14,76.62999725341797,76.77999877929688,76.19999694824219,76.58999633789062,58.48100280761719,6565300,-0.0009132183782213366,78.20700073242188,78.84150047302246,78.04580032348633,0.00627275221533476,23.10474136565763,-0.2985604296197977,0.16465101312846628
2017-03-15,76.77999877929688,78.37999725341797,76.69000244140625,78.0,59.557613372802734,11876100,0.018409762756599335,77.99100036621094,78.82400054931641,78.0670002746582,0.007586524046985609,35.552200630664316,-0.27162753349401214,0.07739530380397061
2017-03-16,77.87000274658203,78.36000061035156,77.73999786376953,77.87000274658203,59.45835876464844,6476300,-0.0016666314540765281,77.79500045776368,78.80350074768066,78.07940032958984,0.007592230193953059,30.757197060405602,-0.2578009424032359,0.010356054562529304
2017-03-17,78.06999969482422,78.43000030517578,77.80000305175781,78.19999694824219,59.7103271484375,10065200,0.004237757673311915,77.65100021362305,78.78100051879883,78.07720031738282,0.007576183584861948,29.759973437532423,-0.21770591685888974,-0.03525633972175451
2017-03-20,78.25,78.47000122070312,78.0199966430664,78.16999816894531,59.68744659423828,5866600,-0.0003836161185112319,77.54100036621094,78.75050048828125,78.06900024414062,0.007562800025101097,31.20802877661005,-0.18620452121270148,-0.06544597601994391
2017-03-21,78.30999755859375,78.5999984741211,77.83999633789062,77.91999816894531,59.49655151367188,6592500,-0.003198157935985657,77.44000015258788,78.65800056457519,78.05920013427735,0.006940377778462847,31.20802877661005,-0.1793449716755049,-0.08822577515105612
2017-03-22,78.16000366210938,78.16000366210938,77.29000091552734,77.95999908447266,59.52708053588867,7913100,0.0005133587842316434,77.46399993896485,78.57750053405762,78.06060012817383,0.006942147896530812,33.50969281963026,-0.16873590716213016,-0.10432780155327093
2017-03-23,77.98999786376953,79.05000305175781,77.86000061035156,78.54000091552734,59.9699592590332,8322000,0.007439736247639495,77.64499969482422,78.50900039672851,78.08820007324219,0.007102963080701196,40.92411276890131,-0.11223309337478327,-0.1059088599175734
2017-03-24,78.0,78.19000244140625,77.5999984741211,77.73999786376953,59.92754364013672,7584800,-0.010185931276194493,77.76499938964844,78.3805004119873,78.10639999389649,0.007255545984502229,38.21265420415725,-0.13050340472578625,-0.11082776887921597
2017-03-27,77.52999877929688,77.8499984741211,76.91999816894531,77.20999908447266,59.51899337768555,6831700,-0.006817581603560607,77.81999893188477,78.20450019836426,78.10699996948242,0.007158130736351894,37.125754658150996,-0.18560963783956197,-0.12578414267128518
2017-03-28,77.05000305175781,77.62000274658203,76.73999786376953,77.55000305175781,59.78108215332031,4988300,0.004403626101758817,77.91599960327149,78.06150016784667,78.11600006103515,0.007293011254896618,48.53702414875317,-0.19954600385365495,-0.14053651490775915
2017-03-29,77.68000030517578,77.91999816894531,77.30999755859375,77.88999938964844,60.04317092895508,3844800,0.0043842208189690535,77.90499954223633,77.94799995422363,78.12139999389649,0.007412843279749874,61.24024703807148,-0.1810685656129749,-0.1486429250488023
2017-03-30,77.88999938964844,78.18000030517578,77.3499984741211,78.12000274658203,60.220481872558594,4305100,0.002952925391397132,77.92999954223633,77.8625,78.12880004882813,0.007445427572817549,65.19228963461156,-0.1461806346364085,-0.14815046696632356
2017-03-31,78.1500015258789,78.70999908447266,78.01000213623047,78.48999786376953,60.50569152832031,9809800,0.004736240452880569,77.95899963378906,77.80499992370605,78.1597999572754,0.007548143157851236,66.78892352833303,-0.08766562939892708,-0.13605349945284426
2017-04-03,78.5999984741211,78.69000244140625,78.2699966430664,78.55999755859375,60.55967330932617,7249000,0.0008918294907551694,77.99799957275391,77.76949996948242,78.18239990234375,0.007497172790222852,68.0734158148338,-0.03523748007418703,-0.11589029557711282
2017-04-04,78.52999877929688,78.95999908447266,78.31999969482422,78.48999786376953,60.50569152832031,6348600,-0.0008910348396079515,78.05499954223633,77.74749984741212,78.19179992675781,0.007443258533982036,55.961054751673,0.0006562507791443295,-0.0925809863058614
2017-04-05,78.62000274658203,79.04000091552734,78.5,78.51000213623047,60.5211181640625,7306100,0.0002548639700010735,78.10999984741211,77.78699989318848,78.19800003051758,0.00654314220114697,57.999992370605476,0.030366423458502823,-0.06799150435298855
2017-04-06,78.56999969482422,79.11000061035156,78.16000366210938,79.05000305175781,60.937381744384766,6964800,0.0068781161741702235,78.16100006103515,77.90299987792969,78.2234001159668,0.0058876050791565986,60.09506826575622,0.09637456427832092,-0.03511829062672666
2017-04-07,79.12999725341797,79.43000030517578,78.91000366210938,79.13999938964844,61.00679397583008,5327800,0.001138473553653041,78.30100021362304,78.03299980163574,78.25220016479493,0.005813917037656107,61.3583167464149,0.15417125353550887,0.0027396182057204434
2017-04-10,79.26000213623047,79.72000122070312,78.86000061035156,79.69000244140625,61.43074798583984,6903600,0.006949747990897093,78.5490005493164,78.18449974060059,78.30660018920898,0.0059314429603044725,69.36544240400667,0.2415715098910738,0.050505996542791115
2017-04-11,79.7699966430664,80.22000122070312,79.61000061035156,80.12999725341797,61.769927978515625,9852500,0.005521330135925595,78.80699996948242,78.36149978637695,78.38040008544922,0.005942079948342871,71.83096213242293,0.3423938437786518,0.10888356598996327
2017-04-12,80.08000183105469,80.30999755859375,79.83000183105469,79.94999694824219,61.63118362426758,4267900,-0.002246353567272874,79.0129997253418,78.45899963378906,78.43860000610351,0.004644061755225011,65.42665346686724,0.4031247779639813,0.16773180838476687
2017-04-13,79.95999908447266,80.1500015258789,79.75,79.79000091552734,61.5078239440918,3295200,-0.002001201236047856,79.17999954223633,78.55499954223633,78.5118000793457,0.004655692284425738,76.08151237012532,0.4333487633574009,0.22085519937929368
2017-04-17,80.08999633789062,80.80999755859375,79.87999725341797,80.79000091552734,62.278690338134766,8190100,0.01253289871570118,79.40999984741211,78.68449974060059,78.58800003051758,0.005267179141257277,90.68189542166334,0.5318621563196899,0.28305659076737294
2017-04-18,80.79000091552734,81.0199966430664,80.6500015258789,80.9800033569336,62.4251594543457,4977700,0.0023518064024397045,79.6520004272461,78.825,78.65760009765626,0.005247243699488511,90.3530172065595,0.6181407967718826,0.3500734319682749
2017-04-19,80.94999694824219,81.19000244140625,80.7300033569336,80.8499984741211,62.3249397277832,5894400,-0.00160539488050504,79.88800048828125,78.97150001525878,78.72980010986328,0.005179353444691773,86.63364373379463,0.6683229227505905,0.413723330124738
2017-04-20,80.62999725341797,80.97000122070312,80.4000015258789,80.9000015258789,62.36349487304688,10398600,0.0006184669474522675,80.12700042724609,79.11850013732911,78.8052001953125,0.0051779681634951166,86.01034118805072,0.7040120350080059,0.4717810711013916
2017-04-21,80.73999786376953,80.91000366210938,80.47000122070312,80.58000183105469,62.1168212890625,6489400,-0.003955496771181788,80.28000030517578,79.22050018310547,78.86300018310547,0.005159209420519999,77.42783623857345,0.6984236198390192,0.5171095808489172
2017-04-24,80.95999908447266,81.05999755859375,79.29000091552734,79.87999725341797,61.57720947265625,10788500,-0.008687075722638493,80.35400009155273,79.32750015258789,78.90200012207032,0.004991821669082166,64.86482771182261,0.6302451673471126,0.5397366981485563
2017-04-25,79.91999816894531,80.23999786376953,79.7699966430664,80.11000061035156,61.7545166015625,5210600,0.002879361102178235,80.39599990844727,79.47250022888184,78.9336001586914,0.004611070428041334,67.60867293712568,0.5879945658926431,0.5493882716973737
2017-04-26,80.0,80.19000244140625,79.41999816894531,79.58000183105469,61.34595489501953,6893200,-0.006615887844948931,80.34100036621093,79.57400016784668,78.94940017700195,0.004937368255116765,60.469647450875584,0.5059123451408993,0.5406930863860788
2017-04-27,79.66999816894531,80.12999725341797,79.5199966430664,79.66999816894531,61.41531753540039,5482100,0.0011308913774805696,80.31300048828125,79.66300010681152,78.97580017089844,0.004883861977694947,56.652302896548115,0.44301672512278856,0.5211578141334208
2017-04-28,79.52999877929688,79.70999908447266,78.69999694824219,78.93000030517578,60.84489059448242,10135500,-0.009288287696459063,80.2270004272461,79.70349998474121,78.98880020141601,0.005386153837191828,48.02260942279592,0.3296597376839827,0.4828581988435332
2017-05-01,79.02999877929688,79.55000305175781,78.73999786376953,79.41000366210938,61.21493148803711,8783500,0.006081380401339098,80.0890007019043,79.7495002746582,79.00400024414063,0.005449472246889347,47.32825872356286,0.2753813430906433,0.4413628276929552
2017-05-02,79.51000213623047,79.63999938964844,79.01000213623047,79.20999908447266,61.06072998046875,9063300,-0.002518632016285216,79.9120002746582,79.78200035095215,79.01260025024413,0.00549294451518448,40.800046386577186,0.21376250531467633,0.39584276321729944
2017-05-03,79.05000305175781,79.33999633789062,78.08000183105469,78.26000213623047,60.328392028808594,8193000,-0.011993396783518073,79.65300064086914,79.7705005645752,78.98240036010742,0.006154283549618187,35.35536112613333,0.08726636582628089,0.3341274837390958
2017-05-04,77.79000091552734,78.04000091552734,77.19000244140625,77.91999816894531,60.06630325317383,8797100,-0.004344543291645908,79.35500030517578,79.74100036621094,78.94940032958985,0.006224726672903735,34.28574359421502,-0.03995760826657602,0.2593104653379615
2017-05-05,78.08000183105469,78.70999908447266,78.01000213623047,78.66999816894531,60.64445114135742,5709500,0.009625256899696844,79.16399993896485,79.72200012207031,78.92460021972656,0.006420066047612356,31.403549396142225,-0.07935009385766989,0.1915783534988352
2017-05-08,78.69999694824219,78.91999816894531,77.83999633789062,78.22000122070312,60.29756164550781,8098200,-0.0057200579473233315,78.99800033569336,79.67600021362304,78.88280029296875,0.006525910483250862,26.845675385405116,-0.1452060702476956,0.12422146874952907
2017-05-09,78.19999694824219,78.29000091552734,77.5199966430664,77.80000305175781,59.97379302978516,6412800,-0.005369447230769819,78.76700057983399,79.58150024414063,78.82420028686523,0.0063585998119866,25.600066406168935,-0.22865199035237538,0.05364677692914818
2017-05-10,77.76000213623047,78.5,77.58000183105469,78.22000122070312,60.29756164550781,5800600,0.005398433836383054,78.63100051879883,79.48600044250489,78.7804002380371,0.006351838510969961,29.758314250250947,-0.25791999985922587,-0.008666578428526632
2017-05-11,77.94000244140625,77.95999908447266,77.30999755859375,77.80000305175781,59.97379302978516,7453500,-0.005369447230769819,78.44400100708008,79.37850074768066,78.73320022583007,0.006417320800472726,29.315489030476698,-0.31141564471798233,-0.06921639168641777
2017-05-12,77.94000244140625,77.95999908447266,77.4800033569336,77.58999633789062,59.81191253662109,4250500,-0.0026993149823847373,78.31000061035157,79.26850051879883,78.6884001159668,0.006422988254649003,31.621190356352542,-0.3665319630813997,-0.12867950596541416
2017-05-15,77.61000061035156,78.41000366210938,77.61000061035156,77.87000274658203,60.02775955200195,7994300,0.0036087952301482318,78.15600051879883,79.12250061035157,78.65300018310546,0.005671832996575055,32.165640303571834,-0.3832005677943755,-0.17958371833120645
2017-05-16,77.80999755859375,77.9800033569336,77.31999969482422,77.43000030517578,59.688568115234375,5961400,-0.005650474199136446,77.97800064086914,78.94500045776367,78.61620025634765,0.005643966278729255,32.6332954123872,-0.4269929677495554,-0.22906556821487625
2017-05-17,77.4000015258789,78.18000030517578,77.37999725341797,77.83999633789062,60.00463485717773,8283700,0.005295053998436217,77.93600006103516,78.79450035095215,78.59440017700196,0.005889338732328419,35.944707481717614,-0.42373099966026473,-0.267998654503954
2017-05-18,77.80000305175781,78.2300033569336,77.2300033569336,78.05000305175781,60.1665267944336,5276500,0.0026979281056949134,77.94900054931641,78.6520004272461,78.60100021362305,0.005953749217860753,42.64218633781272,-0.39959381102356417,-0.29431768580787604
2017-05-19,78.08999633789062,78.87999725341797,77.75,78.51000213623047,60.5211181640625,4662200,0.005893645951142501,77.93300094604493,78.54850044250489,78.63660018920899,0.006167375053487413,42.44966979906322,-0.33943404895970275,-0.3033409584382414
2017-05-22,78.70999908447266,79.01000213623047,78.41000366210938,78.73999786376953,60.69842529296875,5983300,0.0029295086139466964,77.98500061035156,78.49150047302246,78.68060012817382,0.005977391401207007,46.076788066058526,-0.2700849004283725,-0.29668974683626764
2017-05-23,78.94999694824219,79.25,78.72000122070312,78.91999816894531,60.837162017822266,3021600,0.002286008509769122,78.09700012207031,78.43200035095215,78.72580001831055,0.0059601308457350064,56.32179036154792,-0.19831463264276294,-0.2770147239975667
2017-05-24,79.0199966430664,79.55000305175781,78.98999786376953,79.44999694824219,61.245731353759766,4737100,0.006715646117506191,78.21999969482422,78.42550010681153,78.78300003051758,0.006012607918992351,64.14045973769566,-0.09754526514440442,-0.24112083222693428
2017-05-25,79.55000305175781,79.97000122070312,79.33999633789062,79.62000274658203,61.37678909301758,4379300,0.002139783572938203,78.40199966430664,78.42300033569336,78.81540008544921,0.006027379391637367,59.8343966550778,-0.00392156293317214,-0.19368097836818185
2017-05-26,79.7699966430664,79.80999755859375,78.94999694824219,79.12999725341797,60.99905776977539,4014200,-0.006154301384837635,78.55599975585938,78.43300018310546,78.84059997558593,0.005810413594206984,59.3428405368442,0.030386273395123453,-0.14886752801552078
2017-05-30,79.18000030517578,79.30000305175781,78.81999969482422,78.81999969482422,60.76008987426758,3242600,-0.0039175732257511475,78.6509994506836,78.40349998474122,78.85300003051758,0.005701680191208749,60.714211298194435,0.03219020005059292,-0.11265598240229804
2017-05-31,78.98999786376953,79.23999786376953,78.58999633789062,78.83999633789062,60.775508880615234,8699800,0.00025370011600900355,78.79199905395508,78.3849998474121,78.86639999389648,0.005680029509776191,57.110009869180864,0.034831866819587276,-0.08315841255792099
2017-06-01,78.66999816894531,79.4000015258789,78.48999786376953,79.16000366210938,61.02219009399414,12433200,0.004058946462240698,78.92399978637695,78.42999992370605,78.89120010375977,0.005025011834586312,65.96235471103391,0.06203225420510705,-0.054120279205315376
2017-06-02,79.8499984741211,80.16999816894531,79.56999969482422,79.94000244140625,61.62347412109375,7188000,0.009853445467565392,79.1129997253418,78.5310001373291,78.93080017089844,0.0052881225020333395,74.32709926075694,0.14485830359117813,-0.014324562646016677
2017-06-05,79.75,79.91000366210938,79.37000274658203,79.69000244140625,61.43074798583984,5909300,-0.003127345413621252,79.23099975585937,78.58200035095214,78.95380020141602,0.00499115992683477,68.95828796767687,0.18815668070459424,0.026171686024105505
2017-06-06,79.63999938964844,79.63999938964844,79.19000244140625,79.29000091552734,61.12240219116211,4544800,-0.0050194693640901455,79.28600006103515,78.63550033569337,78.98480026245117,0.004946311553216205,69.53778145355696,0.18802672132784437,0.058542693084853284
2017-06-07,79.2699966430664,79.73999786376953,79.25,79.62000274658203,61.37678909301758,4284600,0.0041619602376630205,79.35600051879882,78.72650032043457,79.03300033569336,0.004788290331624011,69.01709924211673,0.21210707903613013,0.08925557027510866
2017-06-08,79.62999725341797,79.75,78.77999877929688,79.48999786376953,61.27659225463867,6993900,-0.0016328168591790426,79.36000061035156,78.7900001525879,79.0718002319336,0.004718938760415106,65.65207079393565,0.21818552158565296,0.11504156053721754
2017-06-09,79.63999938964844,80.16999816894531,79.20999908447266,80.0,61.66970443725586,5393800,0.006415928417868644,79.39800033569335,78.9,79.11400024414063,0.004641061741364148,66.02142457509348,0.26114532052933725,0.14426231253564148
2017-06-12,79.80999755859375,80.52999877929688,79.69999694824219,80.52999877929688,62.07827377319336,9685800,0.006624984741210982,79.53800048828126,79.04700012207032,79.16220016479492,0.0046752252696235464,68.08074487252797,0.3341063725170983,0.18223112453193285
2017-06-13,80.47000122070312,80.75,80.20999908447266,80.69999694824219,62.20932388305664,6308300,0.00211099182319896,79.72600021362305,79.18849983215333,79.20640014648437,0.004657898715902659,68.01611742430092,0.40102321735196256,0.2259895430959388
2017-06-14,81.18000030517578,81.41999816894531,80.63999938964844,80.95999908447266,62.40975570678711,6634600,0.00322183576285906,79.93800048828125,79.36499977111816,79.25440017700195,0.004321657369608606,66.16697352922438,0.46962179078397526,0.2747159926335461
2017-06-15,80.91000366210938,81.44000244140625,80.41000366210938,81.23999786376953,62.62557601928711,5414600,0.0034584829849704235,80.14599990844727,79.53499984741211,79.30940017700195,0.004272567735476352,66.94550585290953,0.5403513815275147,0.32784307041233984
2017-06-16,81.27999877929688,81.37999725341797,80.81999969482422,81.19000244140625,62.58707046508789,13816600,-0.0006154040334555022,80.27099990844727,79.69199981689454,79.36300018310547,0.0043141790670628635,73.73275696884784,0.5856202137274806,0.37939849907536805
2017-06-19,81.25,81.3499984741211,80.91000366210938,81.33000183105469,62.69496154785156,8272500,0.0017243427200224204,80.43499984741212,79.83299980163574,79.4086001586914,0.004214851097004768,80.09590702763228,0.6255815553520705,0.42863511033070856
2017-06-20,81.37999725341797,81.52999877929688,80.56999969482422,81.05999755859375,62.486846923828125,6433800,-0.0033198606465276725,80.61199951171875,79.94899978637696,79.4470001220703,0.004354062349637124,75.11305968861117,0.6282223618946716,0.4685525606435012
2017-06-21,81.01000213623047,81.16999816894531,80.37000274658203,80.73999786376953,62.24015045166016,3503500,-0.00394768942094903,80.7239990234375,80.03999977111816,79.46800003051757,0.004512215437747787,67.87321412851543,0.5976050994917017,0.4943630684131413
2017-06-22,80.70999908447266,81.08000183105469,80.47000122070312,80.9000015258789,62.36349487304688,5736800,0.001981714965850534,80.86499938964843,80.1125,79.4834001159668,0.0043251963642953,62.63153139587411,0.5795707262161329,0.5114045999737397
2017-06-23,80.9800033569336,81.56999969482422,80.88999938964844,81.22000122070312,62.61018371582031,8753700,0.003955496771181899,80.98699951171875,80.19249992370605,79.50880020141602,0.004371101147479207,69.76737309019222,0.5843634780663649,0.5259963755922648
2017-06-26,81.44000244140625,81.94000244140625,81.22000122070312,81.73999786376953,63.01103210449219,12060500,0.006402322522175208,81.10799942016601,80.32299995422363,79.54780014038086,0.004186644758497489,80.70167387538291,0.6229402839136924,0.5453851572565502
2017-06-27,80.88999938964844,81.31999969482422,80.47000122070312,80.54000091552734,62.63850021362305,8252200,-0.014680657934957875,81.09199981689453,80.40900001525878,79.54280014038086,0.00544130904065728,59.465000549441925,0.5503389902429774,0.5463759238538357
2017-06-28,80.44000244140625,80.91999816894531,80.38999938964844,80.6500015258789,62.72405624389648,4818500,0.001365788541111801,81.06100006103516,80.4995002746582,79.53620010375977,0.005437950776964985,61.983517973227734,0.49596094286239634,0.5362929276555478
2017-06-29,80.18000030517578,80.58999633789062,79.56999969482422,79.7699966430664,62.039642333984375,9719800,-0.010911405656082063,80.91399993896485,80.52999992370606,79.51460006713867,0.006016006485037076,47.79267372983738,0.3775052633186533,0.5045353947881689
2017-06-30,80.11000061035156,80.33000183105469,79.58000183105469,79.7699966430664,62.039642333984375,7245400,0.0,80.77199935913086,80.52149963378906,79.49199996948242,0.00558953208516033,41.880319586838965,0.28039605269812284,0.4597075263701597
2017-07-03,80.08000183105469,80.73999786376953,79.87999725341797,80.62000274658203,62.70071792602539,7238300,0.010655711912826105,80.7009994506836,80.56799964904785,79.49279998779296,0.006028018724761233,49.253786579403226,0.2689246959089502,0.42155096027791783
2017-07-05,80.7300033569336,80.7300033569336,79.5,79.70999908447266,61.99296569824219,9013000,-0.011287566746553512,80.56599960327148,80.58899955749511,79.48940002441407,0.006481327896278544,39.60068245521387,0.18427961203509824,0.3740966906293539
2017-07-06,79.29000091552734,79.44999694824219,78.20999908447266,78.31999969482422,60.91191482543945,9553800,-0.017438206067163398,80.32399978637696,80.52399940490723,79.45360000610351,0.007517919832804261,29.494424763778426,0.004979043876687683,0.3002731612788207
2017-07-07,78.30999755859375,78.9000015258789,78.20999908447266,78.69999694824219,61.20746612548828,4878600,0.0048518546335372115,80.10399932861328,80.48449935913087,79.43599990844727,0.007619076180625188,33.28858111927643,-0.10524217926682411,0.21917009316969174
2017-07-10,78.80999755859375,78.98999786376953,78.04000091552734,78.12000274658203,60.75640106201172,5061300,-0.007369685186158215,79.79399948120117,80.39049949645997,79.405,0.007586693359978308,29.657818575286782,-0.23666584107274957,0.12800290632120348
2017-07-11,78.20999908447266,78.22000122070312,77.5199966430664,78.02999877929688,60.68639373779297,6884600,-0.0011521244767120908,79.42299957275391,80.26549949645997,79.38699996948242,0.007362626565631795,30.350219579918587,-0.3441158545095533,0.033579154155052124
2017-07-12,78.66999816894531,79.33000183105469,78.52999877929688,79.01000213623047,61.44856643676758,7192300,0.012559315292384854,79.26999969482422,80.18099975585938,79.37899993896484,0.007980774476975535,39.66551025728438,-0.3462018838056906,-0.042377053437096426
2017-07-13,79.05000305175781,79.2699966430664,78.88999938964844,79.04000091552734,61.471900939941406,4048600,0.0003796833120590648,79.10899963378907,80.0849998474121,79.37559997558594,0.007926249179848065,38.713596053457586,-0.34149785161453394,-0.10220121307258392
2017-07-14,79.61000061035156,79.95999908447266,79.44000244140625,79.83999633789062,62.09408187866211,4688300,0.010121399457197144,79.11599960327149,80.01499977111817,79.40719985961914,0.00826383416876547,42.087129073238685,-0.27010334424930704,-0.13578163930792855
2017-07-17,79.98999786376953,80.30999755859375,79.66000366210938,80.16000366210938,62.34294891357422,4195200,0.0040081079521152585,79.15500030517578,79.96349983215332,79.45199996948242,0.008334703361088826,40.727746511034404,-0.18556172607105736,-0.14573765666055433
2017-07-18,80.20999908447266,80.29000091552734,79.86000061035156,79.95999908447266,62.18742370605469,6258400,-0.002495066972299287,79.08899993896485,79.89499969482422,79.47779998779296,0.008326034159763563,46.14361486267126,-0.13316553310960444,-0.14322323195036435
2017-07-19,79.94000244140625,80.5999984741211,79.79000091552734,80.5999984741211,62.68515396118164,4149900,0.008003994459433672,79.1779998779297,79.87199974060059,79.52539993286133,0.008529350360248966,49.68942274521102,-0.039542746479966695,-0.12248713485628483
2017-07-20,80.7699966430664,80.91000366210938,80.23999786376953,80.27999877929688,62.43629455566406,6707500,-0.003970219613924186,79.37399978637696,79.84899978637695,79.57499984741212,0.008529865927439675,53.404547681595055,0.008732028032810035,-0.09624330227846586
2017-07-21,80.26000213623047,80.44999694824219,80.0199966430664,80.44999694824219,62.56850051879883,4459100,0.0021175656643028784,79.54899978637695,79.82649955749511,79.61959976196289,0.008531791322576882,54.438637746722414,0.060015742019572826,-0.06499149341885813
2017-07-24,80.37000274658203,80.48999786376953,79.94000244140625,80.23999786376953,62.405181884765625,3506900,-0.0026103056859997364,79.7609992980957,79.77749938964844,79.66839965820313,0.00848789701019481,47.29341416284292,0.08275928621627315,-0.03544133749183187
2017-07-25,80.0199966430664,80.37999725341797,79.83999633789062,80.33999633789062,62.4829330444336,5185100,0.0012462422330925538,79.99199905395508,79.70749931335449,79.72339965820312,0.008341949140992115,55.072442401748496,0.1076122628106333,-0.006830617431338837
2017-07-26,80.20999908447266,81.01000213623047,80.16999816894531,80.7699966430664,62.81733703613281,6179000,0.005352256967591895,80.16799850463867,79.71899909973145,79.78139953613281,0.007774787369127747,73.33330426897322,0.1601596361927733,0.026567433293483586
2017-07-27,80.66999816894531,81.0999984741211,80.08999633789062,80.83999633789062,62.871803283691406,6891400,0.0008666546704658717,80.347998046875,79.72849884033204,79.8495994567871,0.007771551966745338,71.65990214611364,0.20508807092323877,0.06227156081943463
2017-07-28,80.72000122070312,81.0199966430664,80.5,80.66999816894531,62.73962020874024,4834500,-0.002102896791765896,80.43099822998047,79.77349891662598,79.90619949340821,0.007350073313584464,78.14560502023555,0.2243901180363963,0.09469527226282698
2017-07-31,80.80000305175781,80.83000183105469,80.11000061035156,80.66000366210938,62.7318229675293,7783700,-0.0001238937283103425,80.48099822998047,79.81799926757813,79.95839950561523,0.00735064612017742,79.55063692629486,0.23615836958217074,0.12298789172669575
2017-08-01,81.0199966430664,81.31999969482422,80.48999786376953,81.0199966430664,63.01179885864258,8396400,0.0044630915523518055,80.58699798583984,79.83799896240234,80.00859939575196,0.007027228663677068,76.24022916152063,0.27140463500539624,0.15267124038243585
2017-08-02,80.75,80.87000274658203,80.23999786376953,80.51000213623047,62.61517333984375,6072200,-0.006294674499712882,80.57799835205078,79.87799911499023,80.04399948120117,0.006674846651393245,67.05344846508697,0.2552429776263665,0.17318558783122198
2017-08-03,80.41999816894531,80.7300033569336,80.0999984741211,80.2300033569336,62.39739990234375,5425800,-0.0034778135867279403,80.57299880981445,79.9734992980957,80.07019958496093,0.00528274460366338,55.145230805155805,0.217335873609116,0.1820156449868008
2017-08-04,80.25,80.7300033569336,80.20999908447266,80.5,62.60737228393555,6411600,0.003365282709327788,80.57799911499023,80.0634994506836,80.0911996459961,0.005239213751148584,54.545436000375354,0.20669800724640197,0.18695211743872106
2017-08-07,80.47000122070312,80.62999725341797,80.16000366210938,80.55999755859375,62.654052734375,5017500,0.0007453112868789358,80.60999908447266,80.18549919128418,80.10999954223632,0.00484450693943771,58.3333863157114,0.20079409374751833,0.18972051270048051
2017-08-08,80.01000213623047,80.44000244140625,79.87999725341797,80.12000274658203,62.31185150146485,7241500,-0.0054617033930729475,80.5879997253418,80.28999938964844,80.1297996520996,0.005061986346747105,42.94116327080154,0.1587809674696956,0.18353260365432356
2017-08-09,80.30000305175781,80.30000305175781,79.7699966430664,79.9800033569336,62.20298385620117,4726500,-0.0017473712537335873,80.50900039672851,80.3384994506836,80.1529997253418,0.004353589765598442,45.34163256698898,0.11288718824908983,0.16940352057327684
2017-08-10,79.75,80.0,79.3499984741211,79.37000274658203,61.72856521606445,4871500,-0.007626914037865973,80.36200103759765,80.35499954223633,80.16359985351562,0.00472873744358755,35.24584183657515,0.026983042583822225,0.14091942497538593
2017-08-11,79.37000274658203,79.52999877929688,78.66999816894531,78.98999786376953,61.43302536010742,7364500,-0.004787764516347659,80.19400100708008,80.31249961853027,80.16019973754882,0.004234897597266034,33.68133991498043,-0.070942054131379,0.09854712915403295
2017-08-14,79.25,80.30999755859375,79.20999908447266,80.19999694824219,62.37406921386719,9812500,0.015318383557364923,80.14800033569335,80.31449928283692,80.16539962768555,0.005452447428936154,48.58299407560248,-0.05033139605421866,0.06877142411238264
2017-08-15,79.77999877929688,80.02999877929688,79.51000213623047,79.97000122070312,62.19518280029297,5192600,-0.002867777260484039,80.04300079345703,80.31499938964843,80.17099960327148,0.005462192519308661,41.561171586908905,-0.05195710493073591,0.044625718303758936
2017-08-16,80.02999877929688,80.52999877929688,80.0199966430664,80.31999969482422,62.467384338378906,6831800,0.004376622093016591,80.02400054931641,80.30099945068359,80.19159957885742,0.005238803570691322,44.82071561771916,-0.02471859850888336,0.030756854941230483
2017-08-17,80.12999725341797,80.48999786376953,79.73999786376953,79.7699966430664,62.039642333984375,5811800,-0.00684764758276335,79.97799987792969,80.27549934387207,80.1945994567871,0.005386353802412691,41.666607797565646,-0.046971082238727035,0.01521126750523898
2017-08-18,79.4800033569336,79.55999755859375,78.97000122070312,79.18000030517578,61.5807991027832,8746000,-0.007396218662645615,79.84599990844727,80.21199951171874,80.18839950561524,0.005577854761896999,37.62533378752677,-0.11093531630621101,-0.010018049257051017
2017-08-21,79.29000091552734,80.06999969482422,79.06999969482422,79.88999938964844,62.13298416137695,4791300,0.008966899238900927,79.77900009155273,80.19449958801269,80.1861994934082,0.0059652508908306,41.07424160793942,-0.10314742097315843,-0.028643923600272504
2017-08-22,80.02999877929688,80.19999694824219,79.62000274658203,79.81999969482422,62.07853317260742,4997900,-0.0008762009683190852,79.74899978637696,80.16849975585937,80.17199951171875,0.005957009744623271,44.14257809464101,-0.10145434563013112,-0.04320600800624423
2017-08-23,79.77999877929688,80.63999938964844,79.66999816894531,80.4800033569336,62.59183120727539,3743500,0.008268650271019418,79.79899978637695,80.15400009155273,80.16759963989257,0.006135862796389458,51.993623907911704,-0.04632182243665284,-0.04382917089232596
2017-08-24,80.72000122070312,81.08000183105469,80.37000274658203,80.4000015258789,62.52961730957031,3041100,-0.0009940584954982734,79.90199966430664,80.13200035095215,80.1563996887207,0.006133551022018073,49.17764334303321,-0.008980854065086419,-0.036859507526878055
2017-08-25,80.69999694824219,81.05999755859375,80.41000366210938,80.77999877929688,62.825138092041016,5378100,0.004726333908036784,80.08099975585938,80.13750038146972,80.14719970703125,0.006214821138986924,51.71876117588155,0.05069040751368448,-0.01934952451876555
2017-08-28,80.94000244140625,80.94000244140625,80.1500015258789,80.37000274658203,62.50627136230469,3669800,-0.005075464705502353,80.09800033569336,80.12300033569336,80.13079971313476,0.006321354871210949,51.962324895080776,0.06415749124045078,-0.0026481213669222858
2017-08-29,80.30000305175781,80.62000274658203,80.18000030517578,80.25,62.41294860839844,3815000,-0.001493128561416368,80.12600021362304,80.08450050354004,80.10919967651367,0.0062317004916802865,52.12595833027957,0.06440461703986955,0.010762426314436082
2017-08-30,80.08999633789062,80.69999694824219,79.87999725341797,80.68000030517578,62.747371673583984,3266200,0.005358259254526931,80.1620002746582,80.0930004119873,80.10159973144532,0.00620204858211148,60.61586667227228,0.09816629701593627,0.02824320045473612
2017-08-31,80.81999969482422,81.44000244140625,80.80000305175781,81.19999694824219,63.15182113647461,7960500,0.0064451740344508845,80.30500030517578,80.14150009155273,80.11079971313477,0.006294985028218365,67.51190658994538,0.16498026513906439,0.055590613391601776
2017-09-01,81.25,81.58999633789062,81.08999633789062,81.20999908447266,63.159576416015625,7941800,0.00012317902224601163,80.50800018310547,80.17700004577637,80.11699966430665,0.006262223857123691,59.88261764736621,0.21624516538908267,0.08772152379109796
2017-09-05,81.3499984741211,81.55999755859375,80.6500015258789,81.04000091552734,63.027374267578125,7662200,-0.002093315735276491,80.62300033569336,80.20100021362305,80.11339965820312,0.006287480190774456,60.59406598752404,0.24038453341395893,0.11825412571567015
2017-09-06,81.2300033569336,81.66000366210938,81.12999725341797,81.19999694824219,63.15182113647461,3944000,0.001974284685431149,80.76100006103516,80.25499992370605,80.10259963989257,0.00614612463835875,59.05348276084011,0.269320935092594,0.14846748759105494
2017-09-07,81.37999725341797,81.83000183105469,81.23999786376953,81.7300033569336,63.56400680541992,7309300,0.006527172766142231,80.88600006103516,80.34249992370606,80.12639968872071,0.0062511906113655894,70.2480185627723,0.33120243413708295,0.18501447690026054
2017-09-08,81.58000183105469,81.97000122070312,81.44999694824219,81.68000030517578,63.52510452270508,3636100,-0.0006118077780987718,81.01399993896484,80.45799980163574,80.14699966430663,0.005923914072321503,79.06974681073793,0.3719218559361366,0.22239595270743576
2017-09-11,81.9800033569336,82.43000030517578,81.72000122070312,82.37000274658203,64.061767578125,5891200,0.008447630250100868,81.17300033569336,80.62700004577637,80.19899978637696,0.005929434669225017,78.97195845194825,0.45462904092295275,0.26884257035053916
2017-09-12,82.29000091552734,82.37000274658203,81.26000213623047,81.54000091552734,63.41624069213867,8297900,-0.010076506050488487,81.2900001525879,80.69400024414062,80.23439987182617,0.0056661770729241724,67.06347524386773,0.4480361874703789,0.30468129377450714
2017-09-13,81.52999877929688,81.55999755859375,80.98999786376953,81.23999786376953,63.18290328979492,3795600,-0.0036792132498085772,81.38899993896484,80.75750007629395,80.24679977416992,0.005696975674230458,58.119585665891776,0.4138331535713604,0.3265116657338778
2017-09-14,81.19999694824219,81.7699966430664,80.87000274658203,81.73999786376953,63.57177734375,4584100,0.006154603805362591,81.49499969482422,80.82849998474121,80.28739974975586,0.005769082932976488,63.137203276746234,0.422205897341982,0.3456505120554987
2017-09-15,81.77999877929688,82.08999633789062,81.3499984741211,82.08000183105469,63.83618927001953,11301500,0.004159578861891111,81.58300018310547,80.94400024414062,80.36259979248047,0.005511096561305284,62.84584741852702,0.4510770997110285,0.36673582958660467
2017-09-18,81.93000030517578,82.12999725341797,81.4000015258789,81.63999938964844,63.49399185180664,4952300,-0.005360653406318194,81.62600021362304,81.06700019836425,80.4213998413086,0.005355877745346385,62.475361945203474,0.43345659798244185,0.3800799832657721
2017-09-19,81.66000366210938,81.69000244140625,80.87000274658203,81.01000213623047,63.0040397644043,6087200,-0.007716771902595676,81.62300033569336,81.12300033569336,80.47919982910156,0.005437624137797568,56.785716718550965,0.3644554940992606,0.3769550854324698
2017-09-20,81.12000274658203,81.29000091552734,80.41000366210938,80.80999755859375,62.84849166870117,6771600,-0.0024688874504703584,81.58400039672851,81.17250022888183,80.5347998046875,0.0054736260574082965,51.21039867359797,0.29028668008757563,0.359621404363491
2017-09-21,80.75,81.18000030517578,80.55000305175781,80.55000305175781,62.646297454833984,7964000,-0.0032173557071006886,81.46600036621093,81.17600021362304,80.56559982299805,0.0052270808538244845,43.640001194422055,0.2081287975663031,0.32932288300405343
2017-09-22,80.5199966430664,80.88999938964844,80.01000213623047,80.06999969482422,62.27296829223633,6471900,-0.005959073106740487,81.30500030517578,81.15950012207031,80.58619979858399,0.005394809976779093,39.78498299115102,0.10309738196015417,0.28407778279527357
2017-09-25,80.19999694824219,80.76000213623047,80.16000366210938,80.5,62.60737228393555,4983700,0.005370304818467231,81.11800003051758,81.14550018310547,80.59939987182617,0.005427530942314526,45.37671971081554,0.05393493103534297,0.23804921244328744
2017-09-26,79.91000366210938,80.06999969482422,79.7300033569336,79.83999633789062,62.6246337890625,6180500,-0.008198803256017073,80.9479995727539,81.1189998626709,80.5929997253418,0.005618011703649024,39.27448856799037,-0.03784716659293963,0.18286993663604204
2017-09-27,79.4800033569336,79.77999877929688,78.97000122070312,79.19999694824219,62.12263870239258,7488300,-0.008016024787124265,80.74399948120117,81.06649971008301,80.57779968261718,0.005873488351526611,30.387607535689497,-0.16037899306462577,0.11422015069590848
2017-09-28,79.05999755859375,79.86000061035156,79.04000091552734,79.79000091552734,62.58541870117188,7166100,0.007449545328527263,80.54899978637695,81.02199974060059,80.56159973144531,0.0060031149479475125,36.48073119725474,-0.20748618743350278,0.04987888307002622
2017-09-29,79.77999877929688,79.9800033569336,79.54000091552734,79.87999725341797,62.656028747558594,5569400,0.0011279149875671468,80.32899932861328,80.95599975585938,80.55359970092773,0.005791619300864554,30.516433606510404,-0.23484982344709238,-0.007066858233397498
2017-10-02,80.01000213623047,80.12000274658203,79.6500015258789,79.72000122070312,62.5305290222168,10777100,-0.0020029549100666344,80.13699951171876,80.88149986267089,80.53899978637695,0.005793232884359898,34.09093637334891,-0.26637543463216673,-0.058928573513151346
2017-10-03,79.7300033569336,79.87999725341797,79.56999969482422,79.77999877929688,62.57760238647461,2816600,0.0007526035834801714,80.0139991760254,80.81849975585938,80.5297998046875,0.005797575255510562,36.678848630399216,-0.2832532400359895,-0.10379350681771898
2017-10-04,79.77999877929688,80.3499984741211,79.58000183105469,80.29000091552734,62.97759628295898,3594900,0.0063926064682118255,79.96199951171874,80.77299995422364,80.52879989624023,0.00598857197765486,36.794212227586414,-0.2525647036013794,-0.13354774617445106
2017-10-05,80.33999633789062,80.87000274658203,80.08000183105469,80.54000091552734,63.17369842529297,7336800,0.003113712755627329,79.9609992980957,80.71349983215332,80.52419998168945,0.0058227139280185415,35.74073629287824,-0.20569972829106575,-0.147978142597774
2017-10-06,80.25,80.30000305175781,79.56999969482422,80.25,62.94624328613281,4752400,-0.0036007066331115167,79.97899932861328,80.64199981689453,80.51240005493165,0.00585812126011002,36.76191057477679,-0.18977197476189644,-0.1563369090305985
2017-10-09,80.27999877929688,80.55999755859375,80.19000244140625,80.41000366210938,63.07175064086914,2042800,0.0019938151041667407,79.96999969482422,80.5439998626709,80.50720016479492,0.005483856228423678,43.72387374805475,-0.16236649710198492,-0.1575428266448758
2017-10-10,80.48999786376953,81.0199966430664,80.36000061035156,80.5199966430664,63.15801239013672,4599900,0.0013679017031167362,80.03799972534179,80.49299964904785,80.50440002441407,0.005090676485368964,46.90830238463579,-0.13027026971826672,-0.152088315259554
2017-10-11,80.62000274658203,81.04000091552734,80.30000305175781,80.86000061035156,63.42472839355469,5553500,0.0042226028497287516,80.20400009155273,80.47399978637695,80.50120010375977,0.0051468218706844674,53.249447389213934,-0.07651626774284637,-0.13697390575621246
2017-10-12,80.8499984741211,81.4000015258789,80.83000183105469,81.38999938964844,63.840431213378906,3952200,0.006554523562902759,80.36399993896484,80.4564998626709,80.51880004882813,0.005173605952013375,63.692943759329,0.008749776230175144,-0.10782916935893495
2017-10-13,81.69000244140625,81.77999877929688,81.23999786376953,81.56999969482422,63.98162078857422,2814900,0.002211577669561704,80.53300018310547,80.43099975585938,80.54559997558594,0.005105058273583065,61.70678081265578,0.08981294298966702,-0.06830074688921456
2017-10-16,81.54000091552734,81.62000274658203,81.12000274658203,81.16000366210938,63.6600227355957,6232500,-0.005026309111790472,80.6770004272461,80.40699996948243,80.55880004882812,0.005088130896156118,65.27789060982286,0.11959422552779131,-0.030721752405813388
2017-10-17,81.16000366210938,81.36000061035156,81.0199966430664,81.2300033569336,63.714935302734375,3077700,0.0008624900402376401,80.82200088500977,80.41800003051758,80.57220016479492,0.004780743559088434,77.0668071834456,0.1471482632798029,0.004852250731309869
2017-10-18,81.0,81.4000015258789,80.91999816894531,81.13999938964844,63.64434051513672,4559400,-0.0011080138319048416,80.90700073242188,80.43450012207032,80.59260009765624,0.004751153297103999,70.76925605012407,0.15987947765215438,0.035857696115478774
2017-10-19,81.12999725341797,81.30999755859375,80.7699966430664,81.08000183105469,63.59726333618164,3359600,-0.0007394325738854235,80.96100082397462,80.46100006103515,80.61460006713867,0.004688849906201835,68.63364854010534,0.16324595742754866,0.06133534837789275
2017-10-20,80.9800033569336,81.12000274658203,80.55000305175781,80.81999969482422,63.39333724975586,6599300,-0.0032067356975673533,81.01800079345703,80.49850006103516,80.64360000610351,0.004532060816768481,66.56624360291296,0.14328224886367025,0.07772472847504824
2017-10-23,80.95999908447266,81.01000213623047,80.36000061035156,80.44000244140625,63.09529113769531,5818400,-0.004701772517357483,81.02100067138672,80.49550018310546,80.67260009765624,0.004519171580513969,59.06598588980973,0.09569514930176126,0.08131881264039086
2017-10-24,80.38999938964844,80.58000183105469,79.75,80.04000091552734,62.78152847290039,4442600,-0.004972669240907557,80.9730010986328,80.5055004119873,80.66940017700195,0.004262442463709833,46.458922288213984,0.025412312545796567,0.070137512621472
2017-10-25,79.6500015258789,80.01000213623047,79.26000213623047,79.7300033569336,62.538360595703125,7746500,-0.0038730329216377646,80.86000137329101,80.53200073242188,80.66460021972657,0.0039335085138612474,38.71868544760578,-0.05467133702315152,0.045175742692547295
2017-10-26,79.83999633789062,80.30000305175781,79.05000305175781,79.23999786376953,62.15402221679688,6420000,-0.006145810517157679,80.64500122070312,80.50450057983399,80.64300018310547,0.0038132713679914403,36.67543677769883,-0.15588065922247551,0.004964462309542731
2017-10-27,79.41999816894531,79.76000213623047,78.76000213623047,79.5999984741211,62.43638229370117,6527000,0.004543167845239893,80.44800109863282,80.49050064086914,80.63960021972656,0.00395620411167241,39.84955361325641,-0.20468129705176352,-0.03696468956271852
2017-10-30,79.41999816894531,80.08999633789062,79.41999816894531,79.7699966430664,62.56973648071289,3909700,0.0021356554296994013,80.30900039672852,80.49300041198731,80.65140014648438,0.00396341055186818,40.740747717776664,-0.2270217571212214,-0.0749761030744191
2017-10-31,79.7699966430664,79.95999908447266,79.20999908447266,79.91999816894531,62.6873779296875,4418600,0.001880425375346162,80.1779998779297,80.50000038146973,80.65200012207032,0.0039820801929447945,37.82380449778431,-0.22997189035770305,-0.1059752605310759
2017-11-01,80.05000305175781,80.30999755859375,79.83000183105469,79.9800033569336,62.734466552734375,5343100,0.0007508156827209511,80.0620002746582,80.48450050354003,80.6552001953125,0.0037025119619484644,29.20364139669394,-0.22487574738029537,-0.1297553579009198
2017-11-02,80.16000366210938,80.9000015258789,80.02999877929688,80.4800033569336,63.12664031982422,6501500,0.006251562628331042,80.00200042724609,80.48150062561035,80.6552001953125,0.0039103821914718475,35.31004898432583,-0.17843431630248574,-0.139491149581233
2017-11-03,80.01000213623047,80.62000274658203,79.80999755859375,80.43000030517578,63.08742904663086,3662500,-0.0006213102593454201,79.96300048828125,80.49050064086914,80.65580017089843,0.0038229675320355784,39.104472173320914,-0.14400398763471856,-0.1403937171919301
2017-11-06,80.75,81.58999633789062,80.54000091552734,81.36000061035156,63.81690216064453,11051000,0.011562853433384035,80.05500030517578,80.53800048828126,80.66740020751953,0.004591500066781261,51.543905113126684,-0.041199529289713155,-0.12055487961148673
2017-11-07,81.41000366210938,82.12999725341797,81.41000366210938,81.94000244140625,64.27183532714844,8746800,0.007128832678264363,80.24500045776367,80.60900077819824,80.69880020141602,0.004817521889974748,58.510648659177974,0.08608273689708312,-0.07922735630977276
2017-11-08,81.8499984741211,82.58999633789062,81.7699966430664,82.48999786376953,64.70325469970703,8219800,0.006712172394143678,80.52099990844727,80.69050064086915,80.74360015869141,0.004938921298406055,63.583750450192206,0.22869858897672657,-0.01764216725247289
2017-11-09,82.06999969482422,82.87999725341797,82.04000091552734,82.45999908447266,64.67970275878906,5785100,-0.0003636656573372532,80.84300003051757,80.74400062561035,80.77920013427735,0.004769516020075976,66.53222953371542,0.3354353386795168,0.05297333393392505
2017-11-10,82.04000091552734,82.69000244140625,81.80999755859375,82.51000213623047,64.71892547607422,4002700,0.0006063916118479451,81.13400039672851,80.79100074768067,80.80540023803711,0.004755589496745367,72.35414795712391,0.419227219770022,0.12622411110114445
2017-11-13,82.6500015258789,82.94999694824219,82.43000030517578,82.80999755859375,64.95423126220703,7762400,0.003635867344518706,81.43800048828125,80.87350044250488,80.83740020751954,0.00460998605561444,80.57387112909826,0.5040298700463239,0.20178526289018034
2017-11-14,82.62999725341797,83.0,82.44999694824219,82.68000030517578,64.85231018066406,6076100,-0.0015698255917225845,81.7140007019043,80.946000289917,80.8702001953125,0.0046462146751009735,83.90796332283344,0.5543566114995855,0.27229953261206136
2017-11-15,82.63999938964844,82.87000274658203,81.94000244140625,81.97000122070312,64.29534912109375,8903500,-0.008587313520222795,81.91300048828126,80.98750038146973,80.88560028076172,0.005095241380601454,79.86874769406961,0.5308308368227017,0.32400579345418945
2017-11-16,81.93000030517578,82.62999725341797,81.93000030517578,82.5199966430664,64.72676849365234,10909600,0.006709715922565751,82.11699981689453,81.05950012207032,80.90140014648438,0.005267580254911923,80.6722850704117,0.5502238865171165,0.3692494120667749
2017-11-17,82.25,82.55000305175781,82.04000091552734,82.13999938964844,64.4287109375,5042600,-0.00460491115943229,82.28799972534179,81.12550010681153,80.91060012817383,0.005333726974422732,73.84311672681666,0.5288343424264923,0.4011663981387184
2017-11-20,82.20999908447266,82.2699966430664,81.86000061035156,81.97000122070312,64.29534912109375,4312200,-0.0020696149282749543,82.34899978637695,81.20200004577637,80.90260009765625,0.005221501137832232,70.54115294290327,0.4924884429247953,0.4194308070959338
2017-11-21,82.18000030517578,82.76000213623047,82.08999633789062,82.55999755859375,64.75814819335938,11636200,0.007197710492916398,82.4109992980957,81.32799987792968,80.92300003051758,0.005203411566189789,73.36959150812353,0.5054651418600429,0.4366376740487556
2017-11-22,82.29000091552734,82.58999633789062,82.16000366210938,82.33000183105469,64.5777359008789,3216900,-0.0027858010457889604,82.39499969482422,81.45799980163574,80.94480010986328,0.005149014822548181,67.61910990009082,0.4915245471838574,0.447615048675776
2017-11-24,82.43000030517578,82.63999938964844,82.41000366210938,82.5,64.7110824584961,1742500,0.0020648386391894924,82.39899978637695,81.62099990844726,80.9600001525879,0.0048138025892662485,69.27383985008234,0.488562117000896,0.4558044623408
2017-11-27,82.70999908447266,82.76000213623047,82.16000366210938,82.16000366210938,64.44441986083984,4947500,-0.004121167732007547,82.36399993896484,81.74900016784667,80.96160018920898,0.0049631754047559755,58.36828832279895,0.4535512502508823,0.4553538199228165
2017-11-28,82.16000366210938,82.30000305175781,81.62000274658203,81.9800033569336,64.3031997680664,9764100,-0.00219085074431169,82.28100051879883,81.85950050354003,80.96840026855469,0.0050322080607660205,50.4566349237316,0.4065934100737394,0.4456017379530011
2017-11-29,81.81999969482422,82.06999969482422,81.47000122070312,81.87999725341797,64.22479248046875,6179300,-0.0012198841110094838,82.20100021362305,81.95750045776367,80.98580017089844,0.005063613759346493,42.239133388984875,0.35719184144853955,0.4279197586521088
2017-11-30,81.94999694824219,82.16999816894531,81.7300033569336,81.97000122070312,64.29534912109375,8833300,0.001099218005669922,82.20100021362305,82.05700035095215,81.00900024414062,0.005062498219229912,43.85964912280702,0.3215961501273341,0.4066550369471539
2017-12-01,82.02999877929688,82.3499984741211,81.36000061035156,82.12000274658203,64.41301727294922,9899800,0.0018299563699533117,82.1610008239746,82.13900032043458,81.04040023803711,0.004926934725225992,45.23225924392164,0.3020088082776624,0.38572579121325556
2017-12-04,82.22000122070312,82.56999969482422,81.44999694824219,81.48999786376953,63.91886138916016,9085300,-0.007671759154181501,82.09600067138672,82.19200019836425,81.06880020141601,0.005289491476134788,35.06784479499842,0.23296410468645945,0.35517345390789634
2017-12-05,81.4800033569336,81.62000274658203,81.0,81.01000213623047,63.54237365722656,9503300,-0.005890241012663777,82.00000076293945,82.1745002746582,81.07900024414063,0.004815996769141252,32.494737784943354,0.13792413238608958,0.311723589603535
2017-12-06,81.12999725341797,81.30000305175781,80.6500015258789,80.9800033569336,63.51883316040039,3812900,-0.00037030957296391165,81.84200134277344,82.12650032043457,81.10180038452148,0.0044963159907006394,37.89730321610646,0.059497765626957744,0.26127842480821956
2017-12-07,81.18000030517578,81.44000244140625,80.80999755859375,81.30999755859375,63.77764892578125,5994900,0.004075008495685539,81.74000091552735,82.06750030517578,81.14400039672852,0.004305862970526043,34.3668863492539,0.023698893049214576,0.21376251845641858
2017-12-08,81.56999969482422,81.7300033569336,81.30000305175781,81.58000183105469,63.98946762084961,3941900,0.0033206774144391993,81.64800109863282,82.02350044250488,81.17980041503907,0.004399319148037701,42.55321307550271,0.01692007281512531,0.17439402932815995
2017-12-11,81.58000183105469,81.69000244140625,81.3499984741211,81.66999816894531,64.06005859375,4000400,0.00110316665690946,81.5990005493164,81.98150024414062,81.2156004333496,0.004407450700352101,45.92386346673743,0.018595405023958733,0.1432343044673197
2017-12-12,81.87999725341797,82.20999908447266,81.44000244140625,82.0,64.31887817382812,6639100,0.004040673912738768,81.60100021362305,81.94100036621094,81.26120040893555,0.004428334497216371,41.81289680680667,0.04602100618311056,0.12379164481047786
2017-12-13,82.06999969482422,82.52999877929688,82.0,82.16999816894531,64.45225524902344,6450200,0.0020731484017721957,81.63000030517578,81.91550025939941,81.30900039672852,0.004456071537788007,47.61899355588757,0.08054495212186907,0.11514230627275611
2017-12-14,82.16999816894531,82.43000030517578,81.83000183105469,82.12000274658203,64.41301727294922,5853300,-0.000608438888613394,81.64500045776367,81.92300033569336,81.3456004333496,0.004009892637402206,44.13584098824272,0.10268749770165186,0.11265134455853527
2017-12-15,82.2300033569336,82.6500015258789,82.22000122070312,82.45999908447266,64.67970275878906,7882600,0.004140237780310807,81.67900009155274,81.92000045776368,81.38400039672851,0.0038237881401991924,54.62956203949862,0.14598763304229578,0.11931860225528738
2017-12-18,82.48999786376953,83.2699966430664,82.48999786376953,82.91999816894531,65.04052734375,6699300,0.005578451243995586,81.8220001220703,81.95900039672851,81.43740036010742,0.0038602819453076695,63.352211767918796,0.2149436474347226,0.13844361129117444
2017-12-19,82.16000366210938,82.2699966430664,80.3499984741211,80.47000122070312,63.788063049316406,11906100,-0.02954651474123815,81.76800003051758,81.88400039672851,81.4386003112793,0.007747536533510639,37.98978672742467,0.07107816258400135,0.12497052154973984
2017-12-20,80.38999938964844,80.61000061035156,79.61000061035156,79.62999725341797,63.12221145629883,8030000,-0.010438721940382423,81.63299942016602,81.73750038146973,81.42080032348633,0.00778166725562513,32.3262206189963,-0.10945583191248431,0.07808525085729501
2017-12-21,79.9000015258789,79.91999816894531,79.27999877929688,79.33999633789062,62.892311096191406,7529500,-0.003641855149190021,81.43599929809571,81.58800010681152,81.3904002380371,0.007789864469540534,29.43778250540322,-0.2727864609542223,0.007910908494991542
2017-12-22,79.62000274658203,79.95999908447266,79.33999633789062,79.83999633789062,63.28866958618164,4957800,0.00630199172017365,81.26199874877929,81.45499992370605,81.35940017700196,0.00795687066263448,37.55651578529468,-0.3577573360045392,-0.0652227404049146
2017-12-26,79.80000305175781,80.44000244140625,79.7300033569336,80.2300033569336,63.59783172607422,4963300,0.004884857677002197,81.11799926757813,81.35849990844727,81.33260025024414,0.008061243426966945,44.03670045846409,-0.3891412811943411,-0.13000644856279991
2017-12-27,80.36000061035156,80.69999694824219,80.23999786376953,80.5199966430664,63.82769393920898,6613500,0.0036145241680056728,80.96999893188476,81.2854995727539,81.31980010986328,0.008126297878235605,46.617591620217034,-0.38616181621056,-0.18123752209235194
2017-12-28,80.58000183105469,81.02999877929688,80.33999633789062,80.98999786376953,64.20027160644531,6764700,0.0058370745193467855,80.85199890136718,81.24099960327149,81.315,0.008262208414212728,47.69452497089505,-0.3419337982189177,-0.21337677731766508
2017-12-29,81.1500015258789,81.27999877929688,80.86000061035156,81.01000213623047,64.21612548828125,4272100,0.00024699682662765454,80.74099884033203,81.19299964904785,81.31240005493164,0.008255648622498495,45.73990929110439,-0.30178975329161517,-0.2310593725124551
2018-01-02,81.06999969482422,81.19000244140625,80.47000122070312,80.5999984741211,63.89111709594727,7091600,-0.005061148639644464,80.55499877929688,81.1169994354248,81.30279998779297,0.008294536624400661,42.36805015155391,-0.2996055116132368,-0.24476860033261144
2018-01-03,80.69999694824219,80.83999633789062,80.2699966430664,80.47000122070312,63.788063049316406,4625700,-0.0016128691796403194,80.30999908447265,81.06599960327148,81.29580001831054,0.008143485453818725,38.76652475913063,-0.30485005459811987,-0.2567848911857131
2018-01-04,80.54000091552734,80.55000305175781,79.19000244140625,79.20999908447266,62.78927993774414,12178300,-0.015658035505364154,80.1839988708496,80.97599945068359,81.27119995117188,0.008748063452795605,31.265832197777044,-0.40599794325027005,-0.28662750159862455
2018-01-05,79.45999908447266,79.45999908447266,79.08999633789062,79.29000091552734,62.85268783569336,9630200,0.0010099966163283902,80.14999923706054,80.89149932861328,81.25619995117188,0.008759444664606444,32.15637453073978,-0.474236194922085,-0.32414924026331665
2018-01-08,79.38999938964844,79.9000015258789,79.30999755859375,79.73999786376953,63.20940017700195,4756600,0.005675330344889318,80.18999938964843,80.81299934387206,81.25639984130859,0.0088155375805284,33.08458750071169,-0.48639761907958246,-0.3565989160265698
2018-01-09,79.79000091552734,79.91999816894531,78.81999969482422,78.81999969482422,62.48013305664063,10440100,-0.011537474211086196,80.0879997253418,80.67499923706055,81.24799987792969,0.009060509101024978,25.882383564324257,-0.5637729749128084,-0.3980337278038175
2018-01-10,78.5,78.61000061035156,77.4800033569336,77.86000061035156,61.719146728515625,8933700,-0.012179638266805237,79.85099945068359,80.48449935913087,81.21319992065429,0.009328621121211777,31.383759098666104,-0.6945510527467604,-0.45733719279240614
2018-01-11,78.06999969482422,78.20999908447266,77.38999938964844,77.58999633789062,61.505104064941406,5031900,-0.003467817497358694,79.55799942016601,80.2639991760254,81.16959991455079,0.009208460754535696,34.16150834315637,-0.8106362003885152,-0.527996994311628
2018-01-12,77.44999694824219,77.56999969482422,76.81999969482422,76.95999908447266,61.00571060180664,8923800,-0.008119568026198176,79.15499954223633,80.00349922180176,81.11039993286133,0.009211308894875621,32.44841442651877,-0.9426042741652481,-0.610918450282352
2018-01-16,77.2699966430664,78.43000030517578,77.13999938964844,77.16999816894531,61.172176361083984,9984500,0.0027286783650055657,78.77099914550782,79.75599899291993,81.05419982910156,0.009291157844315449,29.429923659096843,-1.0185040713923286,-0.6924355745043473
2018-01-17,77.44000244140625,77.87000274658203,77.19000244140625,77.72000122070312,61.60816955566406,5153300,0.007127161653596392,78.48299942016601,79.51899909973145,80.99899978637696,0.009435902913567195,31.127807817316764,-1.0224879531662907,-0.7584460502367361
2018-01-18,77.5,77.63999938964844,76.83000183105469,76.95999908447266,61.00571060180664,5191500,-0.009778720075830583,78.13199920654297,79.22099914550782,80.92959976196289,0.009332829505959553,25.000053577130714,-1.0745838947321715,-0.8216736191358233
2018-01-19,77.02999877929688,77.4800033569336,76.80999755859375,77.45999908447266,61.40206909179688,6809000,0.006496881574169278,77.95699920654297,79.07049903869628,80.85159973144532,0.007343185925392401,25.314725459523714,-1.0632677931700414,-0.8699924539426669
2018-01-22,77.52999877929688,78.16000366210938,77.44999694824219,78.08999633789062,61.90143966674805,10181900,0.008133194692281576,77.8369987487793,78.99349899291992,80.774599609375,0.007377920158612585,31.185534829257932,-0.9920286985889248,-0.8943997028719185
2018-01-23,78.30000305175781,79.19000244140625,78.30000305175781,79.16999816894531,62.7575569152832,7584700,0.013830220024362516,77.77999877929688,78.98499908447266,80.70819961547852,0.008046530232002136,41.51838521110253,-0.8387554305726894,-0.8832708484120728
2018-01-24,78.9000015258789,79.26000213623047,78.58999633789062,78.88999938964844,62.53559875488281,7675100,-0.003536677854903747,77.7869987487793,78.93749923706055,80.63679962158203,0.007936045814750135,40.79253208702132,-0.7314471553406605,-0.8529061097977904
2018-01-25,78.80000305175781,78.94999694824219,78.36000061035156,78.73999786376953,62.41671752929688,5540000,-0.001901401027245897,77.8749984741211,78.86299896240234,80.56139953613281,0.007835051149396213,46.85407534204602,-0.6510040739003244,-0.8125257026182973
2018-01-26,78.87999725341797,78.98999786376953,78.26000213623047,78.7699966430664,62.440467834472656,6799200,0.00038098526937702104,77.99299850463868,78.77549896240234,80.48059951782227,0.00776991547221927,46.495927218437224,-0.5781669527835049,-0.7656539526513388
2018-01-29,78.4800033569336,78.69000244140625,77.7300033569336,77.76000213623047,61.639869689941406,6094500,-0.012822071218468678,78.07299880981445,78.61399917602539,80.38219955444336,0.008013409910040082,37.59400509009001,-0.5950813974363314,-0.7315394416083374
2018-01-30,77.44999694824219,77.69000244140625,77.13999938964844,77.33999633789062,61.30693435668945,5870100,-0.005401308986643594,78.08999862670899,78.4304988861084,80.28959945678712,0.008029481207493737,40.106933872150584,-0.6350566368759303,-0.712242880661856
2018-01-31,77.6500015258789,78.62000274658203,77.3499984741211,78.55999755859375,62.2740364074707,12266100,0.015774518728615794,78.17399826049805,78.32849884033203,80.21039947509766,0.008949271803759418,54.521940900819914,-0.5618171215445784,-0.6821577288384005
2018-02-01,78.4000015258789,78.94000244140625,77.18000030517578,77.25,61.23559188842773,11450000,-0.016675122190739522,78.20299835205078,78.16749877929688,80.11259948730469,0.009592683495078629,48.06380190682753,-0.6025344903147527,-0.666233081133671
2018-02-02,76.69000244140625,77.01000213623047,75.97000122070312,76.45999908447266,60.60935592651367,9794600,-0.010226549068315105,78.10299835205078,78.02999877929688,80.00239944458008,0.009256542775390572,47.20358018201307,-0.6905890888483697,-0.6711042826766107
2018-02-05,76.20999908447266,76.81999969482422,74.0,74.0,58.65932846069336,12593500,-0.03217367399854221,77.69399871826172,77.7654987335205,79.8311994934082,0.011453813610207263,35.8355787429706,-0.9479470165024679,-0.7264728294417822
2018-02-06,73.36000061035156,74.7300033569336,72.7300033569336,74.26000213623047,58.86544418334961,17411500,0.003513542381492929,77.20299911499023,77.49149894714355,79.66979949951173,0.011373745248173812,34.12844678848032,-1.118036994349822,-0.8047856624233901
2018-02-07,74.08999633789062,75.33999633789062,73.93000030517578,73.97000122070312,58.635555267333984,9642100,-0.003905210169470985,76.7109992980957,77.2489990234375,79.49919952392578,0.011216538809951413,35.66635773593518,-1.261691186843791,-0.8961667673074702
2018-02-08,73.80999755859375,74.48999786376953,71.76000213623047,71.79000091552734,56.9074821472168,18137800,-0.029471410966607214,76.01599960327148,76.94549903869628,79.29179946899414,0.012540702239434418,26.589604115714792,-1.5337656789617142,-1.023686549638319
2018-02-09,72.25,73.91000366210938,71.2699966430664,73.27999877929688,58.088600158691406,14993100,0.020754949780858123,75.46699981689453,76.7299991607666,79.1177993774414,0.013707618723075654,31.457220100658574,-1.6105904152324655,-1.1410673227571484
2018-02-12,73.66999816894531,73.88999938964844,71.70999908447266,73.5,58.26301193237305,13618900,0.003002200114190945,75.04099960327149,76.55699920654297,78.95019943237304,0.013704494682098412,26.589604115714792,-1.6348764740183128,-1.2398291530093815
2018-02-13,73.44999694824219,74.27999877929688,73.02999877929688,74.05999755859375,58.70688247680664,8520800,0.007619014402636015,74.7129997253418,76.4014991760254,78.79199935913086,0.013840157024902208,30.508466226842415,-1.5906007721078055,-1.3099834768290664
2018-02-14,73.58000183105469,74.11000061035156,72.62000274658203,73.69999694824219,58.42152404785156,11068200,-0.004860931977033078,74.22699966430665,76.20049896240235,78.62359924316407,0.013684472301942896,29.999993944924242,-1.5665033247460514,-1.3612874464124634
2018-02-15,73.9000015258789,74.61000061035156,73.62999725341797,74.43000030517578,59.00019073486328,9784000,0.009905066311552968,73.94499969482422,76.0739990234375,78.48239929199218,0.01384504449565524,33.68422803738747,-1.4715377825306462,-1.3833375136361
2018-02-16,74.5199966430664,75.33000183105469,74.5,75.05999755859375,59.49959945678711,10139500,0.008464291963386605,73.80499954223633,75.95399894714356,78.36339920043946,0.013912264580519276,39.551070565372136,-1.3301087274450083,-1.3726917563978818
2018-02-20,74.70999908447266,75.37000274658203,74.0999984741211,74.12999725341797,58.762393951416016,9230100,-0.012390092398415042,73.81799926757813,75.75599899291993,78.22639907836914,0.013922784790039664,38.049147388196424,-1.2783326120221687,-1.3538199275227392
2018-02-21,74.11000061035156,74.66999816894531,72.87999725341797,72.9000015258789,57.78737258911133,9805600,-0.016592415663179483,73.68199920654297,75.4424991607666,78.05819915771484,0.013704232932355273,28.94345901214062,-1.3213187037080019,-1.3473196827597917
2018-02-22,73.19000244140625,74.18000030517578,73.05000305175781,73.58000183105469,58.326416015625,8770300,0.009327850355865808,73.64299926757812,75.17699928283692,77.89819915771484,0.014026579594627065,35.675258124919594,-1.2856944639753891,-1.3349946390029115
2018-02-23,73.98999786376953,74.86000061035156,73.70999908447266,74.83000183105469,59.317264556884766,7871500,0.016988311618557628,73.94699935913086,74.98149948120117,77.76139923095702,0.014749025785188979,43.85833584867694,-1.143416846361788,-1.2966790804746868
2018-02-26,75.19999694824219,75.25,74.63999938964844,75.08999633789062,59.52336502075195,6058000,0.0034744688022716463,74.12799911499023,74.79749946594238,77.62319915771485,0.014796305152211116,54.9232028869043,-0.9981750844797546,-1.2369782812757004
2018-02-27,75.1500015258789,75.22000122070312,73.5,73.51000213623047,58.270938873291016,10466900,-0.021041340773949258,74.12899932861328,74.58499946594239,77.44999923706055,0.015212666758203779,46.97336174090814,-0.9990458901521606,-1.1893918030509925
2018-02-28,73.91000366210938,74.37000274658203,73.33000183105469,73.33000183105469,58.12824249267578,6702600,-0.0024486505229887046,74.05599975585938,74.38449974060059,77.27419921875,0.015199349233215356,47.39413579594946,-1.0027020056627407,-1.1520538435733423
2018-03-01,73.23999786376953,74.08000183105469,72.75,73.0999984741211,57.945919036865234,14216800,-0.0031365519049556534,73.99599990844726,74.11149978637695,77.08699920654297,0.014574910234662085,56.3407515074167,-1.012487526280708,-1.1241405801148154
2018-03-02,72.8499984741211,73.06999969482422,72.26000213623047,72.97000122070312,57.84286117553711,6744500,-0.001778348237093219,73.85,73.8974998474121,76.88799926757812,0.014242683079001653,48.27202874168377,-1.0189860765955672,-1.1031096794109658
2018-03-05,72.5999984741211,74.19000244140625,72.5999984741211,73.79000091552734,58.49287796020508,11811100,0.011237490490702662,73.72300033569336,73.76399993896484,76.7543992614746,0.01445663138512612,51.51515876261702,-0.9470520753851162,-1.0718981586057958
2018-03-06,73.81999969482422,74.44999694824219,73.44000244140625,74.26000213623047,58.86544418334961,7440000,0.006369443215499704,73.7360008239746,73.77700004577636,76.64699935913086,0.012630787533650469,51.05487778869608,-0.8424079363136059,-1.0260001141473578
2018-03-07,73.91999816894531,74.73999786376953,73.7300033569336,74.63999938964844,59.16666793823242,8993600,0.005117118805368026,73.91000061035156,73.79599990844727,76.55299942016602,0.012657645005845035,54.947389216998,-0.7205085258132442,-0.9649017964805352
2018-03-08,74.69999694824219,75.0999984741211,74.5,75.0199966430664,59.467872619628906,8446800,0.005091067209610278,74.05400009155274,73.84849967956544,76.45659942626953,0.012659001281483917,53.224031231395486,-0.5864791950823189,-0.889217276200892
2018-03-09,75.13999938964844,75.48999786376953,74.6500015258789,75.48999786376953,59.84046173095703,7660100,0.006265012553110516,74.11999969482422,74.03349952697754,76.36179931640625,0.010502446269433334,52.391552487195916,-0.43729396171758594,-0.7988326133042308
2018-03-12,75.45999908447266,76.02999877929688,75.33999633789062,75.87000274658203,60.14168930053711,6980200,0.005033844132546816,74.19800033569337,74.16299972534179,76.26879943847656,0.009620964681950929,60.30810506885449,-0.285113757327494,-0.6960888421088836
2018-03-13,76.2300033569336,76.41000366210938,75.7300033569336,75.98999786376953,60.23678588867188,6437300,0.0015815884123306923,74.44599990844726,74.28749961853028,76.16879943847657,0.009616727776247678,71.07777625120218,-0.15306283277524813,-0.5874836402421565
2018-03-14,76.12000274658203,76.3499984741211,75.68000030517578,76.05000305175781,60.284366607666016,5750400,0.000789645870182154,74.71800003051757,74.38699989318847,76.0695994567871,0.009516645014166407,68.40539766137725,-0.04307308677343258,-0.47860152954841173
2018-03-15,76.12999725341797,76.38999938964844,75.6500015258789,76.02999877929688,60.26850891113281,9157300,-0.0002630410474451228,75.01100006103516,74.50349998474121,75.97819946289063,0.009413178986025419,60.948885801240195,0.04199629461882637,-0.37448196471496414
2018-03-16,75.94000244140625,76.58999633789062,75.76000213623047,76.4800033569336,60.62520217895508,10879600,0.005918776599523667,75.3620002746582,74.6060001373291,75.89839950561523,0.009269167691848153,62.257544952158234,0.14406530566792242,-0.2707725106383868
2018-03-19,76.37999725341797,76.44999694824219,75.33000183105469,75.7699966430664,60.06242752075195,8155600,-0.009283560181784667,75.55999984741212,74.64150009155273,75.82959945678711,0.009405854504474334,73.54151964243707,0.16575342198572685,-0.1834673241135641
2018-03-20,75.77999877929688,76.2699966430664,75.4000015258789,75.70999908447266,60.01484680175781,6567100,-0.0007918379471016923,75.70499954223632,74.72050018310547,75.75799942016602,0.00891308322085553,75.42723652185538,0.1760704779937754,-0.11155976369209619
2018-03-21,75.63999938964844,75.93000030517578,74.7300033569336,75.12999725341797,59.55507659912109,7839300,-0.007660835267050525,75.75399932861328,74.83199996948242,75.66579940795899,0.008173403766559837,70.17885799051713,0.13587918802427623,-0.06207197334882171
2018-03-22,74.33000183105469,75.27999877929688,74.05999755859375,74.08000183105469,59.209808349609375,9099500,-0.013975714904149172,75.65999984741211,74.85699996948242,75.57099945068359,0.0086517348178391,59.32771708467969,0.01908148625823003,-0.04584128142741137
2018-03-23,74.0199966430664,74.27999877929688,72.75,72.9000015258789,58.26665878295898,10044000,-0.015928729427772792,75.40100021362305,74.76049995422363,75.47179946899413,0.008453549606973382,42.947721221764645,-0.16677521595150324,-0.07002806833222974
2018-03-26,73.5,73.94999694824219,73.05000305175781,73.81999969482422,59.001983642578125,6054900,0.012620002053343127,75.19599990844726,74.6970001220703,75.39639953613282,0.008956195237908164,46.74554877388132,-0.23709870174468506,-0.10344219501472081
2018-03-27,73.94000244140625,74.98999786376953,73.19000244140625,74.0199966430664,59.16186141967773,10805600,0.0027092515452313837,74.99899978637696,74.72249984741211,75.33759948730469,0.007605848370915615,45.28873970236128,-0.2735392978568285,-0.13746161558314235
2018-03-28,74.36000061035156,75.66999816894531,74.0199966430664,75.44999694824219,60.30480194091797,15032300,0.01931910794418723,74.93899917602539,74.82849960327148,75.30319946289063,0.008664562399763908,52.81782175643772,-0.18489826707190105,-0.14694894588089408
2018-03-29,75.5999984741211,75.83000183105469,75.19000244140625,75.47000122070312,60.32080459594727,9078800,0.00026513284652174285,74.88299942016602,74.94699974060059,75.25819946289063,0.008602715487128796,49.86074791281257,-0.11174728085238428,-0.13990861287519213
2018-04-02,75.43000030517578,75.66999816894531,73.98999786376953,74.43000030517578,59.489524841308594,11055500,-0.013780321965094267,74.67799911499023,75.01999969482422,75.20759948730469,0.009247556953568077,40.81632454462119,-0.13612481732243964,-0.13915185376464165
2018-04-03,74.63999938964844,75.20999908447266,74.1500015258789,74.91999816894531,59.88118743896485,11062800,0.006583338193745236,74.59299926757812,75.07649955749511,75.15679946899414,0.00903329540847318,43.48356988132177,-0.11458459816128652,-0.13423840264397063
2018-04-04,74.5999984741211,75.91000366210938,74.30999755859375,75.76000213623047,60.55257415771485,8767300,0.011212012651027337,74.5979995727539,75.15149955749511,75.11019958496094,0.009252700624811042,48.38709403660576,-0.029393687204148478,-0.11326945955600622
2018-04-05,75.7699966430664,75.97000122070312,75.20999908447266,75.83000183105469,60.60853958129883,12880100,0.0009239663787012908,74.66800003051758,75.21099967956543,75.04339965820313,0.009202852856599752,48.89382323452264,0.04327032053689095,-0.08196150353742679
2018-04-06,75.70999908447266,76.1500015258789,74.91999816894531,75.1500015258789,60.06502914428711,11896300,-0.008967430947592336,74.775,75.21749992370606,74.96859970092774,0.00939526409259588,42.826314897147256,0.04546266327683668,-0.05647667017457409
2018-04-09,75.0,75.63999938964844,74.88999938964844,75.0199966430664,59.96111297607422,8584000,-0.0017299385252538269,74.98699951171875,75.19399986267089,74.89419967651367,0.009289920885767055,45.68469626414379,0.03629145781138732,-0.03792304457738181
2018-04-10,75.37000274658203,75.5,74.5199966430664,74.7300033569336,59.72932052612305,9125800,-0.0038655465090535746,75.07799987792968,75.13699989318847,74.81339981079101,0.009235415772578807,44.5067492785431,0.005559095002368508,-0.02922661666143175
2018-04-11,74.52999877929688,75.51000213623047,74.52999877929688,74.9000015258789,59.865211486816406,4463000,0.00227483154434438,75.16600036621094,75.08250007629394,74.75619979858398,0.009245788809450374,48.6486728789642,-0.0050212110432568124,-0.024385535537796765
2018-04-12,75.11000061035156,75.11000061035156,73.9800033569336,74.19000244140625,59.29771423339844,7667100,-0.00947929332454478,75.04000091552734,74.98950004577637,74.6931999206543,0.009442822476163569,50.67319850064154,-0.069891506438168,-0.03348672971787101
2018-04-13,73.95999908447266,74.58000183105469,73.95999908447266,74.44999694824219,59.50552368164063,4644700,0.0035044412761850996,74.93800048828125,74.91049995422364,74.61099990844727,0.009499799085794335,60.68963485153183,-0.09917902500353648,-0.04662518877500411
2018-04-16,74.44999694824219,75.16000366210938,74.41000366210938,74.80999755859375,59.79327392578125,6894800,0.004835468436645174,74.97600021362305,74.82699966430664,74.56219985961914,0.00946124415371423,57.39909291104393,-0.09227684385143675,-0.05575551979029064
2018-04-17,75.0,76.19000244140625,74.83000183105469,75.77999877929688,60.56855010986328,8517400,0.012966197732373841,75.0620002746582,74.82749977111817,74.54859985351563,0.009747272781058657,61.796262414386625,-0.008438549344546686,-0.04629212570114185
2018-04-18,75.7699966430664,76.08000183105469,75.61000061035156,75.6500015258789,60.46466827392578,5600300,-0.0017154559977834438,75.05100021362304,74.82449989318847,74.58159988403321,0.009753665563687796,51.623414825062575,0.046972738664194935,-0.02763915282807449
2018-04-19,75.29000091552734,75.37999725341797,74.08000183105469,74.56999969482422,59.6014404296875,8191800,-0.014276296223011076,74.925,74.79650001525879,74.58779983520508,0.010132165969393191,43.76729692002549,0.0036968468642442076,-0.021371952889610753
2018-04-20,74.5,74.80999755859375,73.86000061035156,73.93000030517578,59.08991622924805,10076500,-0.008582531745576216,74.8029998779297,74.78899993896485,74.58699981689453,0.009816602836140633,46.33430658567418,-0.08130497804344827,-0.03335855792037826
2018-04-23,74.01000213623047,74.2699966430664,73.62999725341797,73.9800033569336,59.12989044189453,5820000,0.000676356709744308,74.69900054931641,74.84300003051757,74.63079986572265,0.009077852952047114,42.63326632697112,-0.14298644951986716,-0.05528413624027605
2018-04-24,74.13999938964844,74.54000091552734,73.83000183105469,74.16000366210938,59.27374649047852,6190900,0.0024330940390382416,74.64200057983399,74.86000022888183,74.6483999633789,0.00865414590121997,36.01398368214733,-0.17532391479910814,-0.07929209195204247
2018-04-25,73.91999816894531,74.23999786376953,73.2699966430664,74.0,59.14585876464844,7894600,-0.002157546577780556,74.5520004272461,74.85900039672852,74.65839996337891,0.008650232036474456,34.25126850227437,-0.21142536731095163,-0.1057187470238243
2018-04-26,74.23999786376953,75.29000091552734,74.13999938964844,74.9000015258789,59.865211486816406,7028000,0.012162182782147424,74.62300033569336,74.83150062561035,74.67520004272461,0.007927792747688674,47.9270310894727,-0.16550558168958673,-0.1176761139569768
2018-04-27,74.77999877929688,76.11000061035156,74.68000030517578,75.87000274658203,60.64048767089844,8633000,0.012950616835007311,74.76500091552734,74.8515007019043,74.7186001586914,0.008467496476011985,56.18636614012332,-0.050263423420872755,-0.104193575849756
2018-04-30,75.81999969482422,76.2699966430664,75.62000274658203,75.63999938964844,60.456661224365234,8889100,-0.003031545388258894,74.8480010986328,74.91200065612793,74.74280014038087,0.00784512115727734,56.68131673614527,0.02225097322708791,-0.07890466603438721
2018-05-01,75.69999694824219,76.2699966430664,75.41999816894531,76.16999816894531,60.88028335571289,7872300,0.007006858587698561,74.88700103759766,74.97450065612793,74.76500015258789,0.007862005083686254,58.856315314002,0.12108977951083943,-0.03890577692534188
2018-05-02,76.0,76.27999877929688,75.38999938964844,75.91000366210938,60.67247009277344,8745700,-0.00341334532080817,74.9130012512207,74.98200073242188,74.80060028076171,0.007520940969264032,62.79762580551405,0.17640734765494415,0.004156847990715324
2018-05-03,75.76000213623047,76.23999786376953,75.5999984741211,75.94000244140625,60.69643783569336,4850100,0.00039518874785460234,75.05000152587891,74.98750076293945,74.86140029907227,0.007518916425962492,61.479231371479486,0.22013004756753674,0.04735148790607961
2018-05-04,75.94999694824219,76.94999694824219,75.94000244140625,76.73999786376953,61.335845947265625,7379300,0.010534571986359209,75.33100128173828,75.06700057983399,74.92460021972656,0.007545721229542975,63.924965513596945,0.31569441825661215,0.10102007397618612
2018-05-07,76.87000274658203,77.29000091552734,76.73999786376953,77.16000366210938,61.67156600952149,10398100,0.00547310151200997,75.64900131225586,75.17400093078614,74.97120025634766,0.007576661246093882,60.81507701138429,0.4204738673163888,0.16491083264422668
2018-05-08,76.95999908447266,77.12000274658203,76.5199966430664,76.77999877929688,61.36782836914063,11142500,-0.004924894566835092,75.9110008239746,75.2765007019043,75.00500030517578,0.007619246942286367,58.52183349079239,0.467460523451507,0.22542077080568274
2018-05-09,76.6500015258789,77.2699966430664,76.51000213623047,77.25,61.74347686767578,8030200,0.006121401773580892,76.2360008239746,75.39400062561035,75.07980026245117,0.007691189792688555,72.2590947399104,0.5364392200983303,0.28762446066421227
2018-05-10,77.5999984741211,78.06999969482422,77.5,77.95999908447266,62.31095886230469,8522900,0.009190926659840226,76.54200057983398,75.58250045776367,75.17240020751953,0.007406788132263159,83.08695488768902,0.6410071946359892,0.35830100745856763
2018-05-11,77.97000122070312,78.26000213623047,77.54000091552734,77.63999938964844,62.0551986694336,7923200,-0.00410466519474284,76.71900024414063,75.74200057983398,75.26320022583008,0.0075469780990882465,78.77351643856485,0.6901017039358095,0.424661146754016
2018-05-14,77.55999755859375,77.72000122070312,76.69000244140625,77.06999969482422,61.599609375,10030300,-0.007341572634018023,76.8620002746582,75.85500068664551,75.3452001953125,0.0078037924528304775,71.55550180449106,0.6752315950658101,0.47477523641637487
2018-05-15,76.5199966430664,76.70999908447266,75.69999694824219,75.93000030517578,60.688438415527344,11364200,-0.01479173990090199,76.83800048828125,75.86250076293945,75.38800018310548,0.00812246049037335,62.483825789316285,0.5649461556650408,0.4928094202661081
2018-05-16,76.12000274658203,76.2699966430664,75.58000183105469,75.70999908447266,60.51261520385742,7299600,-0.0028974215701159656,76.81800003051758,75.86550064086914,75.4170001220703,0.008140875426776125,55.74466104941466,0.4545520968685821,0.4851579555866029
2018-05-17,75.58999633789062,75.87000274658203,75.16999816894531,75.31999969482422,60.20090866088867,9778200,-0.0051512269761527785,76.75599975585938,75.90300064086914,75.43060012817382,0.007527018358719878,45.749590819257676,0.33176988186386325,0.454480340842055
2018-05-18,75.45999908447266,75.72000122070312,75.13999938964844,75.48999786376953,60.336761474609375,8443700,0.0022570123424601185,76.63099975585938,75.98100051879882,75.44000015258788,0.007220548983850413,48.82994057162173,0.2453532439057824,0.4126549214548005
2018-05-21,75.61000061035156,76.41999816894531,75.22000122070312,76.30000305175781,60.984169006347656,7944100,0.010729967027552911,76.54499969482421,76.09700050354004,75.45620025634766,0.0075348635052007494,50.97163554087712,0.2394676508846203,0.37801746734076447
2018-05-22,76.2699966430664,76.44000244140625,76.0,76.4000015258789,61.06410598754883,7426100,0.001310595938682546,76.50699996948242,76.20900039672851,75.46680023193359,0.007532292410070389,53.75189420271737,0.24010454145738436,0.35043488216408847
2018-05-23,76.55999755859375,77.2300033569336,76.33000183105469,77.05000305175781,61.58364486694336,6833200,0.008507873205457095,76.4870002746582,76.3615005493164,75.48800033569336,0.0076353698203519725,57.7622320912197,0.289719269281548,0.3382917595875804
2018-05-24,77.12000274658203,77.30000305175781,76.44000244140625,76.86000061035156,61.43177795410156,7142700,-0.002465962801826427,76.37700042724609,76.45950050354004,75.50420028686523,0.007309307508440847,50.91744992201472,0.31013267302840575,0.33265994227574547
2018-05-25,76.80999755859375,77.37999725341797,76.73999786376953,77.12000274658203,61.639556884765625,5475900,0.0033828016415009543,76.32500076293945,76.52200050354004,75.52600036621094,0.006803474151908487,49.68651381599324,0.3433327161985744,0.3347944970603113
2018-05-29,77.22000122070312,77.6500015258789,76.68000030517578,77.3499984741211,61.82341766357422,7454700,0.002982309638847269,76.35300064086914,76.60750045776368,75.54340026855469,0.006756118147931176,54.574633930091274,0.3837787600108129,0.3445913496504116
2018-05-30,77.20999908447266,78.62000274658203,77.13999938964844,78.33000183105469,62.60667419433594,10052900,0.012669726907124312,76.59300079345704,76.71550064086914,75.59460037231446,0.007123599316012479,58.01187648993803,0.4892706147186914,0.3735272026640676
2018-05-31,78.05999755859375,78.43000030517578,77.81999969482422,78.19000244140625,62.49477767944336,11575600,-0.0017873022644681047,76.84100112915038,76.82950057983399,75.64420043945313,0.007074604415202433,51.86388282645926,0.5551771522561069,0.40985719258247544
2018-06-01,78.18000030517578,78.62000274658203,77.83000183105469,78.45999908447266,62.71059799194336,9777800,0.0034530839574884453,77.15500106811524,76.9555004119873,75.71080047607421,0.007082406613667374,56.69934090537935,0.6220247169843702,0.45229069746285444
2018-06-04,78.6500015258789,79.1500015258789,78.37999725341797,79.1500015258789,63.26209259033203,8022200,0.008794321303309927,77.52100143432617,77.07600059509278,75.8122004699707,0.006977517757523883,66.66666666666666,0.7223524941687316,0.5063030568040299
2018-06-05,79.29000091552734,79.44999694824219,78.7699966430664,79.05000305175781,63.18218231201172,12342700,-0.0012634045760365753,77.79600143432617,77.17050056457519,75.93520050048828,0.00694171182054375,80.0,0.7847478544924655,0.561992016341717
2018-06-06,78.9000015258789,79.13999938964844,78.56999969482422,79.13999938964844,63.25412368774414,5980400,0.001138473553653041,78.07000122070312,77.28850059509277,76.04160049438477,0.006789325104759618,83.82643502599562,0.8318693078599892,0.6159674746453715
2018-06-07,79.1500015258789,79.31999969482422,78.68000030517578,79.19000244140625,63.294063568115234,7244200,0.0006318303278172177,78.28400115966797,77.38550071716308,76.14500061035156,0.006704660432902835,90.9090909090909,0.8632966807769265,0.6654333158716825
2018-06-08,79.1500015258789,79.47000122070312,79.0199966430664,79.41999816894531,63.47788238525391,4491300,0.0029043530805450413,78.54000091552734,77.45850067138672,76.22440063476563,0.0064561431022592194,91.0229598541018,0.8964283651078375,0.7116323257189135
2018-06-11,79.33000183105469,79.54000091552734,79.25,79.44000244140625,63.49387741088867,10024600,0.00025187953817851216,78.77200088500976,77.5485008239746,76.30380065917969,0.0063493078278739875,89.24999237060547,0.9137663120009165,0.7520591229753142
2018-06-12,79.23999786376953,80.0199966430664,79.11000061035156,79.83999633789062,63.813594818115234,4860400,0.005035169740577494,79.02100067138672,77.68700065612794,76.41200057983399,0.006073663731319594,89.99998225720313,0.9488452272406676,0.791416343828385
2018-06-13,79.87000274658203,79.98999786376953,78.13999938964844,78.2300033569336,62.526763916015625,10046100,-0.020165243672399247,79.01100082397461,77.80200080871582,76.47820068359376,0.00690718725468902,61.216760922317775,0.8370831683095332,0.8005497087246146
2018-06-14,78.58999633789062,79.26000213623047,78.45999908447266,79.01000213623047,63.15019607543945,6749900,0.009970583482376227,79.09300079345704,77.96700096130371,76.54320068359375,0.007071809830343204,68.37613414209494,0.8022030171443362,0.800880370408559
2018-06-15,79.0199966430664,79.48999786376953,78.80999755859375,79.08999633789062,63.214149475097656,12840300,0.001012456644694515,79.15600051879883,78.15550079345704,76.60840057373046,0.006867814974168418,67.3721532613449,0.772114652493272,0.7951272268255016
2018-06-18,78.70999908447266,79.0199966430664,78.4800033569336,79.0199966430664,63.15815734863281,6088900,-0.0008850638268481648,79.14300003051758,78.33200073242188,76.68580047607422,0.00690870038757056,65.15430543170628,0.7341580988064038,0.7829334012216821
2018-06-19,78.83999633789062,79.31999969482422,78.76000213623047,79.01000213623047,63.15019607543945,6031100,-0.00012648072969534407,79.13899993896484,78.46750068664551,76.7656005859375,0.006633365911537898,57.4890389757051,0.6952563015114777,0.7653979812796412
2018-06-20,79.04000091552734,79.87000274658203,78.97000122070312,79.77999877929688,63.7656364440918,9409200,0.00974555907160668,79.20299987792968,78.63650054931641,76.86660049438477,0.006866819037476863,65.37723681375601,0.718278770296962,0.7559741390831054
2018-06-21,79.80999755859375,80.23999786376953,79.62000274658203,80.19000244140625,64.09333038330078,8941900,0.00513917859592361,79.3029998779297,78.79350051879882,76.97240051269532,0.006743890826838077,66.29012814857705,0.7608376488550306,0.7569468410374904
2018-06-22,80.2300033569336,80.73999786376953,79.91999816894531,80.69999694824219,64.50096130371094,6692700,0.0063598265532986975,79.43099975585938,78.98550033569336,77.10260040283202,0.0067235665120340205,65.10726581845492,0.8261943075429343,0.7707963343385793
2018-06-25,80.94000244140625,80.94000244140625,80.01000213623047,80.41999816894531,64.27716064453125,6948000,-0.003469625649136665,79.52899932861328,79.15050010681152,77.22200042724609,0.006847634577225058,62.90022241762789,0.8456482622115686,0.7857667199131771
2018-06-26,79.77999877929688,80.26000213623047,79.5199966430664,79.95999908447266,64.53137969970703,6122700,-0.0057199589025890285,79.54099960327149,79.2810001373291,77.32500045776368,0.007063022717364395,57.21834556774146,0.8145578636924569,0.7915249486690332
2018-06-27,80.23999786376953,80.3499984741211,79.52999877929688,79.52999877929688,64.18434143066406,6978500,-0.005377692722601357,79.6709991455078,79.34099998474122,77.40000045776367,0.006730731746108797,52.80526556984081,0.7466145600102863,0.7825428709372839
2018-06-28,79.5999984741211,80.4800033569336,79.58000183105469,80.37999725341797,64.87032318115234,8832800,0.010687771748619346,79.80799865722656,79.4504997253418,77.49460037231445,0.007050537301711438,57.185654389148844,0.7526803449753885,0.7765703657449048
2018-06-29,80.19999694824219,80.9000015258789,79.76000213623047,80.58000183105469,65.03175354003906,8417700,0.0024882381745567894,79.95699920654297,79.5564998626709,77.61480041503906,0.007039083751748409,58.30906967691709,0.7648099679364435,0.7742182861832125
2018-07-02,80.54000091552734,80.62000274658203,79.26000213623047,80.0999984741211,64.64437866210938,14329300,-0.005956854629266206,80.06499938964843,79.603999710083,77.73820037841797,0.006991506568159815,51.873219756892034,0.7273065845985514,0.7648359458662803
2018-07-03,80.29000091552734,81.26000213623047,80.02999877929688,80.69999694824219,65.12859344482422,7059800,0.007490617797139443,80.2339988708496,79.68649940490722,77.87260025024415,0.007139835530920239,70.82630539526924,0.7374983239691346,0.7593684214868512
2018-07-05,80.9000015258789,81.75,80.63999938964844,81.75,65.97599792480469,12157500,0.013011190724470989,80.43099899291992,79.8169994354248,78.02440017700195,0.007624054431079722,72.09679503350172,0.8208396928587405,0.771662675761229
2018-07-06,81.93000030517578,82.16999816894531,81.75,82.08999633789062,66.2503890991211,8450500,0.004158976610282972,80.62099838256836,79.96199913024903,78.18620010375976,0.007640006843601433,73.21984495538098,0.9039035536397932,0.7981108513369419
2018-07-09,82.06999969482422,82.11000061035156,81.0199966430664,81.36000061035156,65.66123962402344,6359800,-0.008892627117856433,80.6869987487793,80.05899925231934,78.31540008544921,0.007999451367569353,66.43264100742475,0.9004479044350546,0.8185782619565645
2018-07-10,81.43000030517578,81.73999786376953,81.05000305175781,81.61000061035156,65.8630142211914,6553900,0.0030727630054638855,80.80599899291992,80.1674991607666,78.4302000427246,0.00800601703321353,67.66304995703278,0.9074219923295033,0.8363470080311524
2018-07-11,81.47000122070312,81.76000213623047,81.27999877929688,81.36000061035156,65.66123962402344,5535900,-0.0030633500567366356,80.94599914550781,80.24349937438964,78.54460006713867,0.00801615630967938,61.54972717092083,0.8826020099980525,0.8455980084245325
2018-07-12,81.16000366210938,81.72000122070312,81.16000366210938,81.5999984741211,65.85492706298828,4568200,0.0029498262287255272,81.15299911499024,80.41199913024903,78.65320007324219,0.006287986910215862,60.56970039428126,0.8722431410647289,0.8509270349525718
2018-07-13,81.75,81.94999694824219,81.30000305175781,81.31999969482422,65.62895965576172,4581000,-0.0034313576535871526,81.24699935913085,80.52749900817871,78.76139999389649,0.006120302299775033,54.81368979851985,0.831851040377444,0.8471118360375463
2018-07-16,81.2300033569336,81.30999755859375,80.5,80.94999694824219,65.33035278320312,5306200,-0.0045499600094757175,81.28399887084962,80.6204990386963,78.8615998840332,0.006266336671260801,54.05818436733263,0.7612091350930967,0.8299312958486563
2018-07-17,80.94999694824219,81.16000366210938,80.36000061035156,80.5199966430664,64.98331451416016,11247200,-0.005311924909036314,81.32599868774415,80.69549903869628,78.93719985961914,0.006419489194793275,54.30767352764423,0.6628861463794493,0.796522265954815
2018-07-18,80.29000091552734,80.61000061035156,79.75,80.13999938964844,64.67664337158203,6169300,-0.004719290477649185,81.26999893188477,80.75199890136719,78.99679977416992,0.0065413988696447585,54.7286891392856,0.547985036472113,0.7468148200582747
2018-07-19,79.9800033569336,81.23999786376953,79.81999969482422,80.94999694824219,65.33035278320312,8434600,0.010107281816355673,81.18999862670898,80.81049880981445,79.08019973754882,0.006568081679443429,54.44617821848171,0.5163331455040776,0.7007184851474353
2018-07-20,80.69000244140625,80.83000183105469,79.97000122070312,80.2699966430664,64.78157806396484,9477800,-0.008400251152703042,81.00799865722657,80.81449851989746,79.14059967041015,0.006785875906304603,47.75032250563347,0.4314054784295678,0.6468558838038618
2018-07-23,80.0999984741211,80.23999786376953,79.61000061035156,80.06999969482422,64.62015533447266,4977000,-0.0024915529663157576,80.87899856567383,80.78299865722656,79.18279968261719,0.006641282985368122,49.77307983526934,0.3439962336717599,0.5862839537774415
2018-07-24,80.19000244140625,80.37000274658203,79.47000122070312,79.68000030517578,64.30541229248047,6786400,-0.00487073049999831,80.68599853515624,80.74599876403809,79.22359970092774,0.006682949254741337,42.031259126980814,0.24048195973090003,0.5171235549681332
2018-07-25,79.72000122070312,80.4800033569336,79.72000122070312,80.33000183105469,64.83000946044922,6448600,0.00815764964093102,80.58299865722657,80.76449890136719,79.28879974365235,0.006824926544163148,38.16665183169513,0.20849247127492276,0.4553973382294912
2018-07-26,80.61000061035156,80.98999786376953,80.2300033569336,80.55000305175781,65.0075454711914,5477800,0.002738717984419159,80.47799911499024,80.81549911499023,79.38119979858398,0.006712886850845613,36.90479588738578,0.19860345409315983,0.40403856140222494
2018-07-27,80.72000122070312,80.77999877929688,79.69000244140625,79.7699966430664,64.37803649902344,7163000,-0.009683505637985035,80.32299880981445,80.78499908447266,79.46239974975586,0.006656322472907384,36.59355914453007,0.12636962792585393,0.34850477470695074
2018-07-30,79.8499984741211,80.01000213623047,79.25,79.87999725341797,64.46680450439453,10811000,0.0013789722324266673,80.21599884033203,80.74999885559082,79.55359970092773,0.006635932554194632,35.06042242330089,0.07711104211995234,0.29422602818955107
2018-07-31,80.37000274658203,81.5,80.23999786376953,81.25,65.57247924804688,16050000,0.017150761062693975,80.28899917602538,80.80749893188477,79.66879974365234,0.007566667309623398,49.20404810380388,0.14692734308633248,0.2647662911689074
2018-08-01,80.54000091552734,81.66999816894531,80.1500015258789,81.5199966430664,65.79035949707031,18394300,0.0033230356069711142,80.42699890136718,80.84849891662597,79.77319961547852,0.007427078281467409,49.423618134646674,0.22149053225804494,0.2561111393867349
2018-08-02,81.45999908447266,81.7699966430664,81.19999694824219,81.25,65.57247924804688,7756000,-0.0033120296146303962,80.45699920654297,80.82349891662598,79.87019958496094,0.006858661661498462,49.494951719035726,0.2558466829341768,0.2560582480962233
2018-08-03,81.51000213623047,82.26000213623047,81.31999969482422,82.20999908447266,66.34722900390625,8897000,0.011815373347355829,80.6509994506836,80.82949905395508,79.97339950561523,0.007318016379955518,58.37767751792959,0.356429386835714,0.27613247584412143
2018-08-06,82.06999969482422,82.47000122070312,81.88999938964844,82.16000366210938,66.3069076538086,6988700,-0.0006081428405310119,80.85999984741211,80.86949920654297,80.0793995666504,0.0070103047316288445,61.484656244089614,0.42718338740382933,0.30634265815606304
2018-08-07,82.0999984741211,82.18000030517578,81.52999877929688,81.87000274658203,66.07284545898438,5188300,-0.0035297091358467148,81.07900009155273,80.88249931335449,80.1743995666504,0.007038800215620344,62.26953532087306,0.4546152705145232,0.3359971806277551
2018-08-08,81.8499984741211,81.87000274658203,81.27999877929688,81.37999725341797,65.67738342285156,4143400,-0.005985165222002098,81.18399963378906,80.88349914550781,80.25499954223633,0.007139317039029431,53.194651491018746,0.4318379285338523,0.3551653302089745
2018-08-09,81.37999725341797,81.72000122070312,81.31999969482422,81.4800033569336,65.75808715820312,4609000,0.0012288781874028043,81.27699966430664,80.87749938964843,80.3179995727539,0.007112675772473558,59.83743831364581,0.41704889759259345,0.3675420436856983
2018-08-10,81.30000305175781,81.58999633789062,80.75,80.75,65.1689453125,6231700,-0.008959294634975912,81.375,80.84899940490723,80.36919952392579,0.007354307439046853,55.089810784603735,0.3424754699761934,0.36252872894379734
2018-08-13,80.81999969482422,81.01000213623047,80.55999755859375,80.70999908447266,65.13665008544922,5135100,-0.0004953673749515941,81.45800018310547,80.83699951171874,80.41419952392579,0.007287321871288548,58.1358293720049,0.2769551847648444,0.34541402010800676
2018-08-14,80.80999755859375,81.30999755859375,80.76000213623047,81.1500015258789,65.49175262451172,4485400,0.005451647210970023,81.44800033569337,80.86849975585938,80.45419952392578,0.007281418101689946,56.69932420218833,0.2575653533893245,0.32784428676427035
2018-08-15,81.1500015258789,81.86000061035156,80.98999786376953,81.76000213623047,65.98407745361328,8520300,0.007516951310925446,81.47200088500976,80.94949989318847,80.50839950561523,0.007341144920733248,59.29336291327242,0.2880996897084884,0.31989536735311397
2018-08-16,81.87000274658203,82.41999816894531,81.75,82.41999816894531,66.51670837402344,6528800,0.0080723583105482,81.5890007019043,81.02299995422364,80.57399948120117,0.007221797988706749,70.73551341948132,0.3613886716029384,0.3281940282030789
2018-08-17,82.31999969482422,83.16999816894531,82.31999969482422,83.16000366210938,67.11393737792969,6872200,0.008978470148072404,81.68400115966797,81.16750030517578,80.65339950561524,0.007084945019141799,73.36182939963723,0.47372220192531245,0.3572996629475257
2018-08-20,83.2699966430664,83.62000274658203,83.08999633789062,83.29000091552734,67.21884155273438,6258900,0.001563218466730243,81.79700088500977,81.32850036621093,80.73079956054687,0.007013516265527737,67.64704717679717,0.5667044102633554,0.39918061241069164
2018-08-21,83.30000305175781,83.3499984741211,82.5199966430664,82.7300033569336,66.76689147949219,4894100,-0.0067234668320114155,81.88300094604492,81.48100051879882,80.79659957885742,0.007120417343985527,59.96709434797036,0.5884233789564632,0.437029165719846
2018-08-22,82.58999633789062,82.73999786376953,81.94000244140625,82.2699966430664,66.3956527709961,6582800,-0.005560337183627473,81.97200088500976,81.57800025939942,80.84519958496094,0.007146970903827435,58.14691540536226,0.5620382931630274,0.46203099120848234
2018-08-23,82.16000366210938,82.38999938964844,82.01000213623047,82.08999633789062,66.2503890991211,3381300,-0.0021879216302478355,82.03300018310547,81.65499992370606,80.92239944458008,0.007176641465091658,48.90508814844413,0.5206022239015624,0.4737452377470984
2018-08-24,81.91000366210938,82.51000213623047,81.87999725341797,82.51000213623047,66.58936309814453,4421800,0.005116406591261891,82.20900039672851,81.79200019836426,80.99239944458007,0.006771735814736838,52.99142512471064,0.5157100142463094,0.48213819304694067
2018-08-27,82.54000091552734,82.63999938964844,81.97000122070312,82.36000061035156,66.46827697753906,5850000,-0.001817979905408773,82.3740005493164,81.91600036621094,81.0577995300293,0.006817581081422343,54.29067708855263,0.4940341155659951,0.4845173775507515
2018-08-28,82.33999633789062,83.26000213623047,82.18000030517578,83.23999786376953,67.17849731445312,8055400,0.010684765018170284,82.58300018310547,82.01550025939942,81.14219955444337,0.006160583204026403,65.24585325098619,0.5416207665527537,0.495938055351152
2018-08-29,83.30999755859375,83.48999786376953,83.13999938964844,83.16000366210938,67.11393737792969,7278500,-0.0009610067721418369,82.72300033569336,82.09750061035156,81.22519958496093,0.0061584039983451355,63.81577048608453,0.5663501349535096,0.5100204712716235
2018-08-30,83.26000213623047,83.43000030517578,82.72000122070312,82.87000274658203,66.87989044189453,3659900,-0.003487264342912466,82.76800079345703,82.17850074768066,81.28699966430663,0.006165004389964056,68.7943272005162,0.5561368874766686,0.5192437545126326
2018-08-31,82.9000015258789,83.30999755859375,82.80999755859375,83.18000030517578,67.13005828857422,5541800,0.003740769256901366,82.77000045776367,82.22700080871581,81.34679962158204,0.005663868057913111,70.89678248880764,0.5665264630737852,0.5287002962248631
2018-09-04,82.75,83.16000366210938,82.12999725341797,82.30000305175781,66.41988372802734,9942300,-0.010579433159285667,82.67100067138672,82.23400077819824,81.37879974365234,0.006190379256127799,59.055132300941835,0.49801109082650896,0.5225624551451924
2018-09-05,81.9000015258789,82.98999786376953,81.80000305175781,82.68000030517578,66.7265625,8536700,0.004617220404949274,82.66600036621094,82.27450065612793,81.42399978637695,0.006206756878772736,57.5163309065523,0.4689687870213817,0.5118437215204302
2018-09-06,82.94999694824219,83.16000366210938,82.80000305175781,83.0,66.98480224609375,7589000,0.003870339787652277,82.7390007019043,82.35550079345703,81.4847998046875,0.006053218795056037,55.017317937264714,0.46639751283500175,0.5027544797833445
2018-09-07,82.5199966430664,82.61000061035156,81.94000244140625,81.98999786376953,66.169677734375,8786400,-0.012168700436511637,82.72900085449218,82.38100051879883,81.53399978637695,0.0067304008181336816,40.33052327597622,0.3784979394246051,0.4779031717115967
2018-09-10,82.3499984741211,82.86000061035156,82.30000305175781,82.51000213623047,66.58936309814453,8121800,0.006342289132937218,82.72900085449218,82.46900062561035,81.5765998840332,0.006483615369416203,43.9441111521803,0.34679920775325,0.45168237891992735
2018-09-11,82.20999908447266,82.66999816894531,82.06999969482422,82.33999633789062,66.45213317871094,8158500,-0.002060426541489524,82.7270004272461,82.55050048828124,81.61179977416992,0.006513243565119098,46.77680718599422,0.30445017529126517,0.4222359381941949
2018-09-12,82.5199966430664,82.58000183105469,82.12000274658203,82.41000366210938,66.5086441040039,7789300,0.0008502225811557462,82.64400100708008,82.61350059509277,81.65799987792968,0.006429204745618612,51.236808654897295,0.2733858460887433,0.39246591977310463
2018-09-13,82.70999908447266,83.05000305175781,82.47000122070312,82.9000015258789,66.90410614013672,6732900,0.0059458541681247645,82.61800079345703,82.67050056457519,81.70199996948242,0.0063518226048783055,56.78395299175336,0.2850203368878823,0.3709768031960602
2018-09-14,82.62000274658203,82.68000030517578,81.7300033569336,82.2300033569336,66.3633804321289,7777000,-0.008082004301726786,82.55400085449219,82.6610008239746,81.71160003662109,0.006393546726938726,47.749206395933605,0.23744043629456257,0.3442695298157607
2018-09-17,82.05999755859375,82.66999816894531,81.98999786376953,82.5199966430664,66.59742736816406,6007700,0.003526611629505183,82.48800048828124,82.62900047302246,81.72020004272461,0.006095568177783736,51.2578318340437,0.2205902300363789,0.3195336698598844
2018-09-18,82.37000274658203,82.58999633789062,81.98999786376953,82.2300033569336,66.3633804321289,8338100,-0.003514218346216791,82.48100051879882,82.57600059509278,81.73760009765626,0.006116576431776662,41.24786455881653,0.18174128515643417,0.2919751929191944
2018-09-19,82.12999725341797,82.19999694824219,81.0999984741211,81.13999938964844,65.48370361328125,8423500,-0.013255550562898621,82.32700042724609,82.49650039672852,81.72820007324219,0.006613692037450984,35.103210647845984,0.0622810684424735,0.2460363680238502
2018-09-20,81.13999938964844,81.97000122070312,80.94000244140625,81.94999694824219,66.13740539550781,8962100,0.0099827158576129,82.22200012207031,82.48050041198731,81.74,0.006948065795809337,43.69858647088026,0.03259231565192522,0.2033475575494652
2018-09-21,81.7699966430664,82.30999755859375,81.68000030517578,81.91000366210938,66.10511016845703,8127600,-0.0004880205933146531,82.2140007019043,82.47150077819825,81.74620010375976,0.006932485453010907,40.967295577007604,0.005770126786615037,0.16383207139689518
2018-09-24,81.68000030517578,81.69999694824219,80.16000366210938,80.47000122070312,64.9429702758789,8941400,-0.017580300049142572,82.01000061035157,82.36950073242187,81.72920013427735,0.007834863702986415,37.9446461527327,-0.13018215470765426,0.10502922617598529
2018-09-25,80.43000030517578,80.87999725341797,80.23999786376953,80.33999633789062,64.83806610107422,8988400,-0.0016155695394602931,81.81000061035157,82.26850051879883,81.71700012207032,0.007834183640691668,34.05992709462626,-0.2455846775305588,0.03490644543467647
2018-09-26,79.76000213623047,79.76000213623047,78.69999694824219,78.83000183105469,64.24473571777344,11455100,-0.01879505321963504,81.45200042724609,82.04800071716309,81.68320022583008,0.008240836824027804,25.556865382757735,-0.4536564759851984,-0.06280613884929852
2018-09-27,78.95999908447266,79.44999694824219,78.8499984741211,79.04000091552734,64.41588592529297,7391600,0.002663948745335709,81.06600036621094,81.84200057983398,81.66120025634766,0.008320243867655801,30.918508546308374,-0.5947537532098579,-0.1691956617214104
2018-09-28,79.12999725341797,80.12999725341797,79.12999725341797,80.0199966430664,65.21456146240234,9308700,0.012398731227071025,80.84499969482422,81.6995002746582,81.64260025024414,0.008955502528359898,34.79847747229101,-0.6203459351268208,-0.2594257164024925
2018-10-01,80.02999877929688,80.25,79.36000061035156,79.36000061035156,64.67670440673828,12583000,-0.008247888782835,80.52900009155273,81.508500289917,81.62440032958985,0.008972664643353577,32.83408133236999,-0.6859765767298569,-0.34473588846796543
2018-10-02,79.54000091552734,79.81999969482422,79.25,79.25,64.58705139160156,7365300,-0.0013860963899389178,80.23099975585937,81.3560001373291,81.60800033569336,0.008759655745789166,31.88065207044265,-0.7383541756579604,-0.4234595459059644
2018-10-03,79.22000122070312,79.62999725341797,78.11000061035156,78.69999694824219,64.13878631591797,13807100,-0.006940101599467674,79.98699951171875,81.15699996948243,81.5884002685547,0.008691526911027684,26.08191281090086,-0.814851350734358,-0.5017379068716432
2018-10-04,78.3499984741211,78.37999725341797,77.45999908447266,77.91000366210938,63.494964599609375,12966500,-0.01003803452053953,79.58300018310547,80.90250015258789,81.54000030517578,0.008717468826597793,25.730259734581935,-0.9285183870727991,-0.5870940029118744
2018-10-05,77.88999938964844,78.37000274658203,77.80000305175781,77.80999755859375,63.4134635925293,11725300,-0.0012836105610949389,79.17299957275391,80.6935001373291,81.4852001953125,0.008458963239196853,22.962067560998037,-1.0149700461702764,-0.6726692115635549
2018-10-08,78.04000091552734,79.19999694824219,77.94999694824219,78.83999633789062,64.25291442871094,8456400,0.013237357815379047,79.00999908447265,80.5099998474121,81.46660018920899,0.008966943346413922,32.06343465234545,-0.9889710725144596,-0.7359295837537358
2018-10-09,78.86000061035156,79.33000183105469,78.55000305175781,79.01000213623047,64.39144134521484,7122500,0.0021563395007178077,78.87699966430664,80.3435001373291,81.44920028686523,0.009020654335663934,37.51465730745598,-0.9437694645403383,-0.7774975599110564
2018-10-10,78.9000015258789,79.23999786376953,77.81999969482422,77.81999969482422,63.42162704467773,11699500,-0.015061415127598954,78.7759994506836,80.11399993896484,81.38060028076171,0.009445551201962742,26.823798583894686,-0.9925288614301593,-0.820503820214877
2018-10-11,78.02999877929688,78.02999877929688,75.5999984741211,75.69999694824219,61.69386672973633,19049500,-0.02724238955147451,78.44199905395507,79.75399971008301,81.26420028686523,0.010661709375688737,21.747026342571445,-1.1885368261118572,-0.8941104213942731
2018-10-12,76.62999725341797,76.69999694824219,75.1500015258789,75.55000305175781,61.57164764404297,12504500,-0.001981425396713421,77.99499969482422,79.41999969482421,81.1502003479004,0.010640426507043953,24.639176717282865,-1.340525065669084,-0.9833933502492354
2018-10-15,75.47000122070312,76.73999786376953,75.47000122070312,75.95999908447266,61.90575408935547,9889100,0.005426816891509034,77.65499954223633,79.09199981689453,81.0252003479004,0.010720976804395753,28.056099815227768,-1.4116212955823215,-1.0690389393158526
2018-10-16,76.2300033569336,77.73999786376953,75.86000061035156,77.61000061035156,63.25047302246094,8111000,0.021721979275486802,77.49099960327149,78.86099967956542,80.93420028686523,0.012177059592196308,43.97232307636636,-1.3196125642979837,-1.1191536643122788
2018-10-17,77.47000122070312,77.69999694824219,76.79000091552734,77.2300033569336,62.9407958984375,8601900,-0.004896240825016607,77.34400024414063,78.66549987792969,80.84140029907226,0.011941062356942917,41.20505957456273,-1.2628008028601556,-1.1478830920218543
2018-10-18,77.26000213623047,77.88999938964844,76.94999694824219,77.13999938964844,62.867454528808594,7128900,-0.001165401571578184,77.26699981689453,78.425,80.75660034179687,0.011587662170188563,34.68086816002571,-1.2110790748747888,-1.1605222885924413
2018-10-19,77.12000274658203,78.08000183105469,77.12000274658203,77.7300033569336,63.348270416259766,6943800,0.007648482913578114,77.25900039672851,78.21599998474122,80.68160034179688,0.011819376214304384,41.264760982678105,-1.1096890390358851,-1.1503556386811302
2018-10-22,77.94000244140625,78.27999877929688,76.70999908447266,76.70999908447266,62.5169792175293,8100600,-0.01312240098301698,77.04600067138672,78.02799987792969,80.60080032348633,0.011560182465721387,37.59766767323882,-1.0989742345260822,-1.1400793578501207
2018-10-23,76.4800033569336,77.56999969482422,76.19000244140625,77.19999694824219,62.91634368896485,10027200,0.006387666140237336,76.8650001525879,77.87099990844726,80.53060028076172,0.011723437634138361,42.632618708939575,-1.0389673730906281,-1.1198569608982223
2018-10-24,77.2699966430664,78.4800033569336,77.1500015258789,77.76000213623047,63.37273025512695,14149900,0.007253953499036125,76.85900039672852,77.81749992370605,80.46280029296875,0.011185320664278112,49.246224990779574,-0.9354405877607661,-1.082973686270731
2018-10-25,77.88999938964844,79.19999694824219,77.58000183105469,78.72000122070312,64.15511322021484,9473500,0.012345666899427288,77.1610008239746,77.80149993896484,80.4020002746582,0.011538999077042632,54.20907762776221,-0.7670884433676264,-1.0197966376901102
2018-10-26,78.38999938964844,78.47000122070312,76.38999938964844,76.87000274658203,62.64739990234375,12416500,-0.023500996512110683,77.29300079345703,77.64400024414063,80.29100036621094,0.012255914552022455,41.530561169900466,-0.7740250923528436,-0.9706423286226569
2018-10-29,77.44000244140625,78.37000274658203,77.31999969482422,77.76000213623047,63.37273025512695,9833500,0.011577980458547632,77.4730010986328,77.56400032043457,80.18300033569336,0.012517381392180029,44.939273756131314,-0.6996418877698289,-0.9164422404520913
2018-10-30,78.0999984741211,79.45999908447266,77.76000213623047,78.93000030517578,64.32624053955078,12266600,0.015046272335429656,77.60500106811523,77.54800033569336,80.09580032348633,0.013016132362748189,54.50121835163026,-0.5400581340892785,-0.8411654191795288
2018-10-31,78.76000213623047,79.05999755859375,77.86000061035156,78.11000061035156,63.65797805786133,11253000,-0.01038894832958015,77.69300079345703,77.51850051879883,80.00340026855469,0.013133538714965141,60.92476848969789,-0.47428670006239315,-0.7677896753561018
2018-11-01,78.18000030517578,78.5199966430664,77.73999786376953,78.4000015258789,63.894290924072266,13821500,0.003712724532854539,77.81900100708008,77.54300041198731,79.92600036621094,0.012955304006837937,62.757372402370095,-0.39421742145154326,-0.6930752245751901
2018-11-02,78.51000213623047,78.51000213623047,76.87999725341797,77.7300033569336,63.348270416259766,9900600,-0.008545894845730984,77.81900100708008,77.5390007019043,79.8388005065918,0.01310568966283966,57.74279546695467,-0.3804397218124649,-0.6305481240226452
2018-11-05,77.91999816894531,79.11000061035156,77.7300033569336,78.87000274658203,64.27734375,14536600,0.014666143579250779,78.03500137329101,77.54050102233887,79.76600051879883,0.013185122814942489,55.76923748713589,-0.27436961013683003,-0.5593124212454821
2018-11-06,78.80000305175781,79.26000213623047,78.73999786376953,79.20999908447266,64.55443572998047,5133400,0.004310844757836163,78.23600158691406,77.55050086975098,79.70300048828125,0.013211565930221707,59.099240987781755,-0.1610173120961207,-0.4796533994156098
2018-11-07,79.69999694824219,80.20999908447266,79.13999938964844,80.20999908447266,65.36943817138672,7704800,0.012624668748367984,78.48100128173829,77.6700008392334,79.64240051269532,0.012975613063192138,63.01950575245949,0.009398503315793505,-0.3818430188693292
2018-11-08,80.0,80.2699966430664,79.5999984741211,80.23999786376953,65.39386749267578,5218800,0.0003740029876484474,78.63300094604492,77.89700088500976,79.58400039672851,0.011075775609531588,61.175402768323124,0.1452011273765379,-0.27643418962015576
2018-11-09,80.05000305175781,80.4800033569336,79.83000183105469,80.3499984741211,65.48351287841797,6148400,0.001370894981058246,78.98100051879882,78.13700065612792,79.5336003112793,0.011022058685297232,67.63566951684899,0.25871945842223454,-0.16940346001167772
2018-11-12,80.3499984741211,81.05000305175781,80.18000030517578,80.26000213623047,65.41016387939453,5749800,-0.0011200540087080713,79.23100051879882,78.35200080871581,79.4752003479004,0.011047830923111547,65.42342795483577,0.33753075683519285,-0.06801661664230362
2018-11-13,80.41000366210938,80.7300033569336,79.86000061035156,80.33000183105469,65.46723937988281,5401800,0.0008721616366942353,79.37100067138672,78.48800086975098,79.43580032348633,0.010114098047815202,63.62674321423746,0.40101501749416,0.025789710184989115
2018-11-14,80.66999816894531,80.81999969482422,79.79000091552734,80.19000244140625,65.3531265258789,6817300,-0.001742803267238524,79.5790008544922,78.63600082397461,79.38600036621094,0.010028885046400914,58.53660697829385,0.4350153841639184,0.10763484498077498
2018-11-15,79.88999938964844,80.01000213623047,78.83000183105469,79.69000244140625,64.94562530517578,9149300,-0.006235191230544501,79.70800094604492,78.7635009765625,79.31980041503907,0.010174266779236751,69.4215206062332,0.416810367917563,0.1694699495681326
2018-11-16,79.54000091552734,80.6500015258789,79.4000015258789,80.6500015258789,65.72802734375,11869700,0.012046669030767232,80.00000076293945,78.90950088500976,79.29300048828125,0.010356042562085227,69.7135380887551,0.4743783263956516,0.2304516249336364
2018-11-19,80.62999725341797,81.16999816894531,80.08999633789062,80.6500015258789,65.72802734375,5518700,0.0,80.17800064086914,79.10650100708008,79.25580047607421,0.009752515947654972,63.96107515215469,0.5140754069537365,0.28717638133765644
2018-11-20,80.48999786376953,80.80999755859375,79.79000091552734,79.79000091552734,65.0271224975586,12269600,-0.010663367564545001,80.2360008239746,79.23600120544434,79.20480056762695,0.010137329066083983,63.548412898621166,0.4707146617566451,0.3238840374214542
2018-11-21,79.77999877929688,80.47000122070312,79.47000122070312,79.9000015258789,65.11679077148438,6545800,0.0013786265082014193,80.20500106811524,79.34300117492675,79.15460052490235,0.010052695519763073,62.4584944971941,0.44015327575554863,0.34713788508827315
2018-11-23,79.77999877929688,80.0199966430664,79.20999908447266,79.62999725341797,64.89672088623047,2618000,-0.003379277438104733,80.14400100708008,79.3885009765625,79.08920043945312,0.009762847713765104,66.90387497556421,0.3896543758061881,0.3556411832318562
2018-11-26,80.0,80.18000030517578,79.47000122070312,79.91000366210938,65.12494659423828,4867500,0.0035163433172087366,80.10000152587891,79.54050102233887,79.04280044555664,0.007950531837764837,60.9243744620558,0.36798589846732455,0.35811012627894984
2018-11-27,79.68000030517578,80.16999816894531,79.47000122070312,80.16000366210938,65.32868957519531,7151500,0.0031285194411589945,80.09000167846679,79.6605010986328,78.9956005859375,0.007631257740709736,60.171342592063155,0.366758619658043,0.35983982495476846
2018-11-28,80.11000061035156,80.95999908447266,79.87000274658203,80.87000274658203,65.90731811523438,9827700,0.00885727360324795,80.14400177001953,79.75750122070312,78.96840057373046,0.0071664436343957996,57.53427998104846,0.41825559462684225,0.37152297888918323
2018-11-29,80.83000183105469,81.30999755859375,80.37999725341797,80.9800033569336,65.99694061279297,6261900,0.0013602152419391889,80.22300186157227,79.90100135803223,78.96520065307617,0.0066241179013340114,58.29601321970229,0.4626107593782791,0.3897405349870024
2018-11-30,81.01000213623047,81.77999877929688,80.83000183105469,81.77999877929688,66.64893341064453,8392100,0.009878925527295523,80.43200149536133,80.07000122070312,78.96180068969727,0.006855965101691226,63.883493995001636,0.5559073379973825,0.42297389558907844
2018-12-03,82.22000122070312,82.22000122070312,81.37000274658203,82.16000366210938,66.95862579345703,11246200,0.00464667263982288,80.58300170898437,80.29150123596192,78.96680068969727,0.006393283476654642,67.46321698995698,0.6529816014931527,0.4689754367698933
2018-12-04,82.16000366210938,82.30999755859375,80.69000244140625,80.88999938964844,65.92361450195312,11586400,-0.015457694934921662,80.60700149536133,80.39250106811524,78.97520065307617,0.006971542290119378,54.2168397830683,0.6202846682352003,0.49923728306295473
2018-12-06,80.51000213623047,82.98999786376953,79.7699966430664,82.91999816894531,67.57801055908203,18088000,0.0250957942219574,80.92000122070313,80.57800102233887,79.02680068969727,0.00876447062699977,66.00229328668051,0.7495358662449689,0.5492969996993576
2018-12-07,82.5999984741211,82.8499984741211,81.52999877929688,81.75,66.62447357177734,14480700,-0.014109963757614863,81.10500106811523,80.65500106811524,79.08520065307617,0.009141953105837248,61.19562405047335,0.7489261433311327,0.5892228284257127
2018-12-10,81.80000305175781,81.87999725341797,80.30999755859375,81.29000091552734,66.2496109008789,11460600,-0.005626900115873523,81.27100143432617,80.70750122070312,79.13020065307617,0.009260967460778804,53.67815225093132,0.7032185856677131,0.6120219798741129
2018-12-11,81.55999755859375,82.08999633789062,81.33999633789062,81.3499984741211,66.2984848022461,6209100,0.0007380681254525179,81.41500091552734,80.75750122070312,79.15680068969726,0.009259602648299137,53.99541191717065,0.6641800641307185,0.6224535967254341
2018-12-12,81.83999633789062,81.91999816894531,80.0,80.01000213623047,65.20643615722656,7830400,-0.016471989711430712,81.40000076293946,80.74500122070313,79.16980072021484,0.010019960154757483,51.19048208827303,0.5191310295434164,0.6017890832890306
2018-12-13,80.06999969482422,81.13999938964844,80.05999755859375,80.48999786376953,65.59761047363281,6059700,0.00599919653447567,81.3620002746582,80.75300102233886,79.19460067749023,0.010111534052100213,53.069699794061926,0.43786285786654844,0.5690038382045342
2018-12-14,80.23999786376953,80.69000244140625,79.93000030517578,80.33000183105469,65.46723937988281,7787900,-0.001987775338069153,81.29700012207032,80.76000099182129,79.22720077514649,0.010114093017928927,53.68423757793031,0.35643810698728373,0.5264906919610841
2018-12-17,79.97000122070312,80.19999694824219,76.7300033569336,76.91000366210938,63.05046463012695,13336700,-0.04257435691509193,80.81000061035157,80.62100105285644,79.20720077514649,0.013881333843210351,38.13289649361278,0.015761447015151475,0.4243448429718976
2018-12-18,77.47000122070312,78.13999938964844,77.2699966430664,77.5999984741211,63.616119384765625,9069300,0.008971457276781392,80.35400009155273,80.46850090026855,79.20300079345704,0.013737556502391932,40.214031692369254,-0.19628776251211377,0.3002183218750954
2018-12-19,77.62000274658203,78.37000274658203,76.55000305175781,76.75,62.91930770874024,15919200,-0.010953588799419434,79.94000015258788,80.27350082397462,79.16120086669922,0.01387817453526901,34.41751324036845,-0.42799243158715683,0.15457617118264494
2018-12-20,76.72000122070312,76.91999816894531,75.0999984741211,75.62999725341797,62.00113296508789,13771500,-0.014592869662306551,79.21100006103515,80.06550064086915,79.09360076904296,0.014028575439960278,31.201639330199356,-0.693994970543244,-0.01513805716253283
2018-12-21,75.86000061035156,77.2300033569336,74.56999969482422,74.69000244140625,61.23051834106445,12539500,-0.01242886217306105,78.50500030517578,79.80500068664551,79.03100082397461,0.014162659761258203,25.33052792086231,-0.9694780846944582,-0.2060060626689179
2018-12-24,74.4000015258789,74.66999816894531,71.97000122070312,72.0,59.02526473999024,9458300,-0.036015562370834475,77.57600021362305,79.4235008239746,78.95700088500976,0.015944098463877517,19.544312296972294,-1.3888513394300048,-0.4425751180211353
2018-12-26,72.19999694824219,74.43000030517578,71.41000366210938,74.36000061035156,60.96000671386719,12387500,0.03277778625488281,76.87700042724609,79.14600067138672,78.93320083618164,0.017970911690845866,31.6263128202354,-1.5133306061101166,-0.6567262156389316
2018-12-27,73.80999755859375,74.56999969482422,72.4000015258789,74.4800033569336,61.058372497558594,11498600,0.0016138077675771356,76.32400054931641,78.86200065612793,78.90360092163085,0.017944953377986538,23.3921605696366,-1.5840382955924355,-0.8421886316296325
2018-12-28,75.16999816894531,75.51000213623047,74.18000030517578,74.70999908447266,61.24690246582031,13789700,0.0030880198331468822,75.74600067138672,78.55400047302246,78.84560089111328,0.01778124309251843,26.407464546523272,-1.603037102014568,-0.9943583257066198
2018-12-31,74.8499984741211,75.06999969482422,73.66999816894531,74.94000244140625,61.43546295166016,10767400,0.0030786154430753054,75.20700073242188,78.25200042724609,78.79980087280273,0.01781162825864685,28.386632700492612,-1.581306131541325,-1.1117478868735609
2019-01-02,74.08000183105469,74.18000030517578,72.93000030517578,73.31999969482422,60.1074104309082,14797200,-0.021617329781229655,74.84800033569336,77.82900047302246,78.72340087890625,0.017938238320615783,25.29228824771657,-1.675490848059809,-1.2244964791108104
2019-01-03,73.31999969482422,74.9000015258789,73.18000030517578,73.79000091552734,60.492706298828125,10602800,0.0064102730859163515,74.46700057983398,77.41050033569336,78.64460083007812,0.017993910878373515,29.778916069658706,-1.6926954049562681,-1.318136264279902
2019-01-04,74.2699966430664,75.29000091552734,73.9000015258789,74.58000183105469,61.14035034179688,10159500,0.010706070005768398,74.25000076293945,77.09500045776367,78.60200088500977,0.018159466857214247,31.166354407617916,-1.6238647664717547,-1.3792819647182726
2019-01-07,74.9000015258789,75.88999938964844,74.5999984741211,75.33000183105469,61.75520324707031,16536000,0.010056315119151726,74.22000122070312,76.71550064086914,78.56460098266602,0.017180806420673378,34.643733492294686,-1.4916029868445975,-1.4017461691435378
2019-01-08,75.77999877929688,76.91000366210938,75.52999877929688,76.69999694824219,62.87831115722656,13641700,0.018186580165762356,74.42100067138672,76.46300048828125,78.54340087890625,0.017752823514282846,49.26209846479165,-1.261693401015279,-1.3737356155178861
2019-01-09,76.80999755859375,76.9800033569336,75.91000366210938,76.5999984741211,62.796329498291016,7852400,-0.0013037611225535928,74.88100051879883,76.22850036621094,78.5010008239746,0.017745885000889035,46.33431068641061,-1.07516362200748,-1.314021216815805
2019-01-10,76.41000366210938,77.83000183105469,76.25,77.66000366210938,63.66531753540039,6851300,0.013838188108403093,75.21100082397462,76.04400062561035,78.51680084228515,0.018121754963468958,53.28521032881851,-0.8322106619537948,-1.217659105843403
2019-01-11,77.5999984741211,77.97000122070312,77.20999908447266,77.93000030517578,63.88663864135742,11308300,0.003476649888418004,75.55600051879883,75.94000053405762,78.52020080566406,0.01783940477008764,58.8461655836839,-0.6108408252915751,-1.0962954497330375
2019-01-14,77.7300033569336,78.12999725341797,77.3499984741211,77.68000030517578,63.68170166015625,4450900,-0.0032080071733734394,75.85300064086914,75.79950065612793,78.49520080566407,0.01776347374549317,62.14458409281207,-0.45038479001159715,-0.9671133177887494
2019-01-15,77.7699966430664,78.58999633789062,77.73999786376953,78.44999694824219,64.31294250488281,9190300,0.00991241812617627,76.20400009155273,75.7055004119873,78.50200073242188,0.01794898165711185,81.03944815756353,-0.258114548222693,-0.8253135638755382
2019-01-16,78.37999725341797,79.19999694824219,78.2699966430664,78.94000244140625,64.71464538574219,5954900,0.006246086835253184,76.76600036621093,75.80700035095215,78.51280075073242,0.015094234400999218,76.87793153965045,-0.0654452362756075,-0.6733398983555521
2019-01-17,78.86000061035156,79.36000061035156,78.77999877929688,79.36000061035156,65.05896759033203,4806400,0.005320473219608157,77.32300033569337,75.89500045776367,78.54540069580078,0.015019894614127744,77.66438447997716,0.11975644594953394,-0.5147206294945349
2019-01-18,79.5999984741211,79.66000366210938,79.02999877929688,79.66000366210938,65.3049087524414,6722600,0.003780280361019628,77.83100051879883,76.04050064086914,78.56120071411132,0.014749790388197565,77.84027373113142,0.28742460058582253,-0.35429158347846346
2019-01-22,79.51000213623047,79.69999694824219,78.7699966430664,79.43000030517578,65.11637115478516,8530800,-0.0028873129093640593,78.24100036621094,76.23050079345703,78.56560073852539,0.014282988479388808,75.25306141014099,0.3971651992424938,-0.204000226934272
2019-01-23,79.44999694824219,79.61000061035156,78.91000366210938,79.43000030517578,65.11637115478516,5900400,0.0,78.5140007019043,76.46750068664551,78.55000076293945,0.013861050319324003,92.02198775519628,0.4786182016174507,-0.06747654122392746
2019-01-24,79.33000183105469,79.86000061035156,78.91999816894531,79.70999908447266,65.34587860107422,5541900,0.0035251010729082655,78.82500076293945,76.85300064086914,78.53940078735351,0.010353373648275594,91.80788586083902,0.5593164029478288,0.057882047610423794
2019-01-25,79.95999908447266,80.69000244140625,79.66999816894531,80.63999938964844,66.10829162597656,5070400,0.011667297903117602,79.12300033569336,77.16700057983398,78.54520080566407,0.008251166015355532,91.96673500010567,0.690355571890791,0.18437675246649723
2019-01-28,80.45999908447266,81.47000122070312,80.25,81.37000274658203,66.70675659179688,9187600,0.009052621062238142,79.46700057983398,77.51150054931641,78.56740081787109,0.008300968805559925,91.94442413472655,0.8433881735030155,0.31617903667380093
2019-01-29,81.3499984741211,82.05000305175781,81.16000366210938,82.0199966430664,67.23961639404297,6891100,0.007988126761021563,79.90100021362305,77.87700042724609,78.60120071411133,0.00833040521656379,91.04935909587012,1.0055256146737293,0.4540483522737866
2019-01-30,82.11000061035156,82.95999908447266,81.9000015258789,82.66999816894531,67.77246856689453,13720500,0.007924915294834411,80.32300033569337,78.26350021362305,78.65080062866211,0.008350869484701517,93.17207796083726,1.1729493656362706,0.5978285549462834
2019-01-31,82.62999725341797,83.55999755859375,81.93000030517578,83.54000091552734,68.48570251464844,11413400,0.010523802659389014,80.78300018310547,78.77450027465821,78.72780059814453,0.005611801629005664,92.98241113266327,1.3601568042586365,0.750294204808754
2019-02-01,83.5,83.80000305175781,81.86000061035156,82.97000122070312,68.01840209960938,22702800,-0.006823075036838766,81.14400024414063,79.23350028991699,78.77420059204101,0.006360666827145292,85.29408936213409,1.44585887533853,0.8894071389147093
2019-02-04,83.4000015258789,83.56999969482422,82.30000305175781,83.52999877929688,68.47753143310547,10299400,0.006749397979447291,81.53099975585937,79.68100013732911,78.83180053710937,0.006264087934504662,89.26171060137001,1.5411995183192602,1.0197656147956196
2019-02-05,83.62000274658203,84.06999969482422,83.12999725341797,84.04000091552734,68.89561462402344,13279100,0.006105616469335828,81.99199981689453,80.11650009155274,78.91680053710938,0.006181270983008724,88.8734084670244,1.6390170070966974,1.1436158932558351
2019-02-06,83.87999725341797,83.9000015258789,83.22000122070312,83.45999908447266,68.42012023925781,9819000,-0.006901497200573314,82.39499969482422,80.45450019836426,78.98800048828124,0.006015421002116035,81.0439056596853,1.6507084319282654,1.2450344009903214
2019-02-07,83.22000122070312,84.22000122070312,82.9800033569336,84.0999984741211,68.94478607177734,11887100,0.007668336887958427,82.83399963378906,80.82950019836426,79.0774005126953,0.005913177606512348,81.59995361332844,1.6921109704214956,1.3344497148765562
2019-02-08,83.87999725341797,84.41999816894531,83.6500015258789,84.12000274658203,68.96119689941406,5007400,0.00023786293488559096,83.18199996948242,81.15250015258789,79.16160049438477,0.005579324011401041,80.88638239281612,1.706861323221645,1.4089320365455742
2019-02-11,84.08999633789062,84.4800033569336,83.97000122070312,84.36000061035156,69.15792846679688,9950400,0.0028530415588852165,83.48099975585937,81.47400016784668,79.24560043334961,0.0055842487102017255,84.0940388391929,1.7181115850812034,1.4707679462527001
2019-02-12,84.27999877929688,84.44999694824219,83.56999969482422,83.87000274658203,68.75624084472656,7465100,-0.00580841465415316,83.66600036621094,81.78350028991699,79.30560043334961,0.005787170838404181,78.75648794911629,1.6682581249259556,1.5102659819873512
2019-02-13,83.47000122070312,84.33000183105469,83.44999694824219,84.26000213623047,69.0759506225586,5129300,0.004650046224832449,83.82500076293945,82.07400054931641,79.37120040893555,0.005614404389055307,79.05492967901985,1.6412987199908002,1.536472529588041
2019-02-14,84.41999816894531,84.80000305175781,84.0199966430664,84.52999877929688,69.29729461669922,6725200,0.0032043275127133786,83.9240005493164,82.35350036621094,79.42620040893554,0.005579863434867596,77.12692038400232,1.623010613918808,1.5537801464541945
2019-02-15,84.61000061035156,85.05999755859375,84.5199966430664,85.05000305175781,69.72361755371094,8649100,0.006151712764348227,84.13200073242187,82.63800048828125,79.48400039672852,0.00559766271328698,76.43678727907913,1.63166830053828,1.5693577772710117
2019-02-19,84.81999969482422,85.19000244140625,84.70999908447266,85.06999969482422,69.74000549316406,8170800,0.000235116312156336,84.2860008239746,82.90850028991699,79.56760040283203,0.005643699179612355,74.0916443088108,1.621452051603967,1.579776632137603
2019-02-20,84.86000061035156,84.91000366210938,83.87000274658203,84.47000122070312,69.24812316894531,10041500,-0.0070529972525390505,84.3290008544922,83.16050033569336,79.59860046386719,0.005952700763767367,64.33123727421604,1.5471066557670952,1.5732426368635015
2019-02-21,84.05000305175781,84.61000061035156,83.72000122070312,84.54000091552734,69.30550384521484,7637000,0.0008286929538610099,84.43700103759765,83.41600036621094,79.65440048217773,0.005932855941614964,59.12409470480625,1.4768120146755592,1.5539565124259132
2019-02-22,84.63999938964844,85.33000183105469,84.44000244140625,84.98999786376953,69.67440795898438,4662100,0.005322887903583373,84.5260009765625,83.68000030517578,79.72840042114258,0.005952600040174272,68.84327694311396,1.4408052915755718,1.531326268255845
2019-02-25,85.02999877929688,85.26000213623047,84.30000305175781,84.37000274658203,69.16614532470703,5676600,-0.007294918611261636,84.5510009765625,83.86650047302246,79.7888005065918,0.0060471875612541515,57.74912761521884,1.346717162515617,1.4944044471077995
2019-02-26,84.47000122070312,84.77999877929688,84.0,84.13999938964844,68.97758483886719,8905300,-0.0027261271713412416,84.52900085449218,84.00500030517578,79.87140045166015,0.005925304416539401,50.97274936211331,1.2393063416162136,1.4433848260094826
2019-02-27,83.87000274658203,84.22000122070312,83.27999877929688,83.9000015258789,68.78083801269531,11890400,-0.002852363507374278,84.53200073242188,84.0990005493164,79.93960052490235,0.005813804905362099,54.58337042076218,1.1218842866323087,1.3790847181340478
2019-02-28,83.81999969482422,85.05999755859375,83.5999984741211,84.1500015258789,68.98577117919922,13598100,0.0029797377288829363,84.52100067138672,84.17300071716309,80.01600051879883,0.005612158548354038,50.566929515281316,1.037044963934008,1.31067676729404
2019-03-01,83.88999938964844,84.25,83.04000091552734,83.97000122070312,68.83821105957031,16198300,-0.0021390410209372046,84.46500091552734,84.19450073242187,80.1572004699707,0.005166164089897576,48.35883986063369,0.9443982341827564,1.2374210606717833
2019-03-04,84.12999725341797,84.38999938964844,83.37000274658203,84.31999969482422,69.12515258789062,7710500,0.0041681370612485225,84.39200057983399,84.26200065612792,80.29160049438477,0.00495215004488631,49.572638425861776,0.8889694981630072,1.167730748170028
2019-03-05,84.08000183105469,84.80999755859375,84.0,84.58000183105469,69.33828735351562,5404600,0.003083516807062203,84.34300079345704,84.31450080871582,80.44820053100585,0.004786155088172204,57.97753695121805,0.8561526304033578,1.1054151246166941
2019-03-06,84.66000366210938,84.75,84.05000305175781,84.16999816894531,69.002197265625,8273600,-0.0048475248667922965,84.31300048828125,84.32100067138671,80.61900054931641,0.00475386367038354,48.99324277041293,0.7879778392507149,1.0419276675434983
2019-03-07,84.16999816894531,84.73999786376953,83.76000213623047,84.0199966430664,68.87920379638672,13091800,-0.001782125806606638,84.26100006103516,84.3490005493164,80.80560043334961,0.00448810594700833,44.137904423822654,0.7136188032148567,0.97626589467777
2019-03-08,83.73999786376953,84.38999938964844,83.7300033569336,84.0999984741211,68.94478607177734,7727500,0.0009521760801127765,84.17200012207032,84.3490005493164,81.04760040283203,0.004149745500753177,37.85159154014412,0.6536098036331168,0.9117346764688394
2019-03-11,84.31999969482422,85.37000274658203,84.02999877929688,85.33999633789062,69.9613265991211,6392500,0.014744326828389775,84.26899948120118,84.41000022888184,81.26720031738282,0.005300280795391073,52.63154763763778,0.6980628694053053,0.8690003150561326
2019-03-12,85.51000213623047,85.91000366210938,85.33999633789062,85.69000244140625,70.24825286865234,12312200,0.004101313786443406,84.42399978637695,84.47650032043457,81.49140029907227,0.005333796574044822,62.50000000000001,0.752856352334561,0.8457715225118183
2019-03-13,85.63999938964844,86.31999969482422,85.63999938964844,86.08000183105469,70.5679931640625,4702600,0.004551282279576574,84.64199981689453,84.58700027465821,81.7188003540039,0.005158832964999719,64.80768807541357,0.8183172221532544,0.8402806624401056
2019-03-14,86.16000366210938,86.25,85.83000183105469,86.20999908447266,70.67455291748047,5380900,0.0015101911088839515,84.8479995727539,84.68450012207032,81.94420028686524,0.005099398173863989,62.50000000000001,0.8706488273020625,0.846354295412497
2019-03-15,86.30000305175781,86.4000015258789,85.80000305175781,86.01000213623047,70.5105972290039,13103500,-0.002319881108526878,85.05199966430663,84.758500289917,82.19800033569337,0.00513216766378774,68.38561570489684,0.88577327617935,0.8542380915658676
2019-03-18,86.05999755859375,86.20999908447266,85.1500015258789,85.52999877929688,70.11709594726562,9872900,-0.005580785315797532,85.17299957275391,84.78250007629394,82.43280029296875,0.005168367994166852,64.75581112820927,0.8492377671833395,0.853238026689362
2019-03-19,85.58999633789062,85.70999908447266,85.04000091552734,85.27999877929688,69.9121322631836,9104800,-0.002922951053058065,85.24299926757813,84.79300003051758,82.6468002319336,0.005218265863524723,64.61858756249384,0.7909921374322408,0.8407888488379378
2019-03-20,84.66999816894531,85.41999816894531,84.08000183105469,84.95999908447266,70.14581298828125,13586000,-0.0037523416909558405,85.32199935913086,84.81749992370605,82.83940017700195,0.005027646233804844,58.45507425506024,0.7108169004340539,0.814794459157161
2019-03-21,84.80000305175781,86.44999694824219,84.80000305175781,86.4000015258789,71.334716796875,9319100,0.016949181460966134,85.55999984741212,84.91049995422364,83.03340026855469,0.006258259849617364,70.08261169476927,0.7547730559415697,0.8027901785140428
2019-03-22,86.4800033569336,86.98999786376953,85.76000213623047,85.87999725341797,70.90538024902344,10080500,-0.006018567862006163,85.7379997253418,84.95499992370605,83.21900024414063,0.0063690220942862925,62.540140076293746,0.7391284146649042,0.7900578257442151
2019-03-25,85.98999786376953,86.19000244140625,85.38999938964844,85.9000015258789,70.9218978881836,7164300,0.00023293284933290082,85.79400024414062,85.0314998626709,83.38380020141602,0.006098303837377268,61.03675238864373,0.7200438836653831,0.7760550373284488
2019-03-26,86.08999633789062,86.56999969482422,85.91999816894531,86.54000091552734,71.4503173828125,5168900,0.007450516627239168,85.87900009155274,85.15149993896485,83.55600021362305,0.006202046415288746,69.08210364404104,0.7479400698495056,0.7704320438326602
2019-03-27,86.62000274658203,86.77999877929688,85.75,86.36000061035156,71.30171203613281,6074400,-0.0020799665272881462,85.90699996948243,85.27449989318848,83.72960021972656,0.0061763587460842125,68.74999235839495,0.7469135239130793,0.765728339848744
2019-03-28,86.45999908447266,87.11000061035156,86.2300033569336,87.11000061035156,71.92093658447266,8252600,0.008684576131303245,85.99700012207032,85.42249984741211,83.90280029296875,0.006378469817041368,71.78000881077696,0.797426474829976,0.7720679668449905
2019-03-29,87.05999755859375,87.25,86.70999908447266,87.04000091552734,71.86312103271484,15615100,-0.0008035781693692678,86.1,85.57599983215331,84.06480026245117,0.006342511635365354,64.80836838992232,0.8223306461910767,0.7821205027142077
2019-04-01,87.04000091552734,87.1500015258789,86.08000183105469,87.01000213623047,71.83836364746094,15425400,-0.00034465508939951484,86.24800033569336,85.71049995422364,84.21780029296875,0.006334697406839751,62.17710592882148,0.830078106929605,0.7917120235572872
2019-04-02,87.25,87.69000244140625,86.38999938964844,87.56999969482422,72.30068969726562,10591700,0.006436013617342251,86.4770004272461,85.85999984741211,84.37600021362304,0.006420067908919402,63.32734173794481,0.8713606451518388,0.8076417478761975
2019-04-03,87.48999786376953,87.83999633789062,86.91999816894531,87.4800033569336,72.22640991210938,6683300,-0.0010277074135464082,86.72900085449218,86.02550010681152,84.5370002746582,0.0062682397973997765,61.44147364080006,0.8865952832417747,0.823432454949313
2019-04-04,87.55999755859375,87.66999816894531,86.94999694824219,87.3499984741211,72.11907958984375,4385200,-0.0014861097144915902,86.82400054931641,86.19200019836425,84.69540023803711,0.0062593091604019,62.2262194476775,0.8780568434213052,0.8343573326437116
2019-04-05,87.44999694824219,88.0,87.2300033569336,87.94999694824219,72.61445617675781,7558200,0.006868900796819677,87.03100051879883,86.3845001220703,84.8602001953125,0.00634817147761955,71.60710295856698,0.9092239629400609,0.8493306587029815
2019-04-08,87.83000183105469,87.94000244140625,87.23999786376953,87.43000030517578,72.18513488769531,7045700,-0.005912412292321312,87.18400039672852,86.48900032043457,84.99600021362305,0.005872622058274171,68.31346269071852,0.8817999059885864,0.8558245081601026
2019-04-09,87.45999908447266,87.66000366210938,86.88999938964844,87.01000213623047,71.83836364746094,6263700,-0.004803822114597955,87.23100051879882,86.55500030517578,85.10880020141602,0.005979819421175328,67.16920127795527,0.8167606922675645,0.848011744981595
2019-04-10,87.29000091552734,87.83999633789062,87.1500015258789,87.80000305175781,72.49059295654297,7705300,0.009079426458241446,87.37500076293945,86.64100036621093,85.22440032958984,0.006211302587097536,63.15790983259788,0.8195162452374234,0.8423126450327607
2019-04-11,87.7300033569336,88.16999816894531,87.37000274658203,87.70999908447266,72.41629791259766,8367300,-0.001025102097457764,87.43500061035157,86.71600036621093,85.32520034790039,0.006226365738554286,68.71167749968016,0.8051561341313658,0.8348813428524817
2019-04-12,87.6500015258789,88.19000244140625,87.06999969482422,88.16999816894531,72.79608154296875,4510000,0.005244545539552892,87.54800033569336,86.82400016784668,85.41780029296875,0.00625138327398102,71.29455077417683,0.8214248500132584,0.832190044284637
2019-04-15,88.20999908447266,88.2300033569336,87.5,87.72000122070312,72.42454528808594,5711500,-0.005103742288617652,87.61900024414062,86.93350028991699,85.51280029296875,0.006224764318359579,61.47862059138293,0.7889128355308799,0.8235346025338857
2019-04-16,87.69000244140625,87.79000091552734,85.48999786376953,85.83999633789062,70.87235260009766,13216800,-0.021431883910744798,87.44599990844726,86.96150016784668,85.55900024414062,0.008004480754893952,46.198797142767916,0.6044781003641475,0.7797233020999381
2019-04-17,86.11000061035156,86.22000122070312,84.80000305175781,85.05999755859375,70.22837829589844,11148300,-0.00908665904675221,87.20399932861328,86.96650009155273,85.57940017700196,0.008234217550859445,35.0800254091224,0.3908671875646519,0.7019520791928809
2019-04-18,85.33999633789062,85.86000061035156,84.80000305175781,85.63999938964844,70.70724487304688,5205400,0.006818737922666296,87.03299942016602,86.92849998474121,85.62300018310548,0.007413285469033005,40.514891281087465,0.26532183571112,0.6146260304965288
2019-04-22,85.44000244140625,85.68000030517578,84.05999755859375,84.80000305175781,70.01371765136719,9020000,-0.009808458008842003,86.71800003051757,86.8745002746582,85.6370002746582,0.00760987897346283,36.50793355063304,0.09692822726808004,0.511086469850839
2019-04-23,85.0,86.0199966430664,84.79000091552734,85.80999755859375,70.84759521484375,6966200,0.011910312151987679,86.55599975585938,86.87000007629395,85.67080017089843,0.008109143427559412,39.8147927389994,0.04446068014699733,0.41776131191007077
2019-04-24,86.05000305175781,86.75,85.91000366210938,86.37000274658203,71.30995178222656,6065000,0.0065261065600881185,86.49199981689453,86.86150016784669,85.71100021362305,0.008066839704915266,43.90779069163681,0.047519731670604415,0.3437129958621775
2019-04-25,86.2300033569336,86.51000213623047,85.6500015258789,86.19999694824219,71.1695785522461,5007400,-0.0019683430928982837,86.33199920654297,86.8534999847412,85.75760009765625,0.008065412389170159,43.71583970436309,0.03581317294923281,0.2821330312795886
2019-04-26,86.5,87.0,86.26000213623047,86.8499984741211,71.70625305175781,5091200,0.007540621216833632,86.24599914550781,86.84049987792969,85.80940002441406,0.00800394373159279,44.021750397847846,0.07808521393052104,0.2413234678097751
2019-04-29,86.75,87.08999633789062,85.95999908447266,86.0199966430664,71.02096557617188,5900700,-0.009556728216892352,86.03099899291992,86.78949966430665,85.83919998168945,0.008277974239181213,42.586739147177376,0.044103502091772384,0.20187947466617456
2019-04-30,86.0199966430664,87.06999969482422,85.62000274658203,87.0,71.83010864257812,6396900,0.011392738841877081,85.95899887084961,86.78899955749512,85.8781999206543,0.00869913646061824,49.95033703387462,0.09515395573883723,0.18053437088070712
2019-05-01,87.0199966430664,87.91000366210938,86.81999969482422,86.94000244140625,71.78056335449219,12961700,-0.0006896271102729834,86.06899948120117,86.75749969482422,85.91559997558593,0.008567905929309486,45.39614805908117,0.12928024431252538,0.1702835455670708
2019-05-02,86.7699966430664,87.81999969482422,86.7699966430664,86.97000122070312,71.80532836914062,7581900,0.0003450515120135833,86.2599998474121,86.7319995880127,85.96559997558593,0.008567486927235725,46.01294529777227,0.1569371508675772,0.16761426662717208
2019-05-03,87.22000122070312,87.75,86.98999786376953,87.66000366210938,72.375,5162400,0.007933798226071431,86.46200027465821,86.74749984741212,86.02800003051757,0.008753292966057152,47.31864362180063,0.23186013963834284,0.18046344122940622
2019-05-06,87.19000244140625,87.62999725341797,86.83000183105469,87.37000274658203,72.1355972290039,5222600,-0.0033082466736502614,86.71900024414063,86.7185001373291,86.07560012817383,0.008641137117351368,48.12835315477041,0.2647842300048495,0.19732759898449487
2019-05-07,87.11000061035156,87.20999908447266,85.27999877929688,85.77999877929688,70.82281494140625,8734000,-0.01819851112855042,86.71600036621093,86.63600006103516,86.10380004882812,0.009459454230382698,49.66888811416118,0.1607240500811855,0.19000688920383302
2019-05-08,85.94000244140625,86.58000183105469,85.72000122070312,85.7699966430664,70.8145523071289,5906600,-0.00011660219599918253,86.65599975585937,86.57399978637696,86.13639999389649,0.009415856034569639,54.28225391569398,0.07656591477122277,0.16731869431731097
2019-05-09,85.62000274658203,86.13999938964844,85.01000213623047,85.97000122070312,70.97969055175781,6865500,0.0023318711141968596,86.63300018310547,86.48249969482421,86.17779998779297,0.009165503933212438,52.08597371482144,0.025712288858159127,0.13899741322548062
2019-05-10,85.86000061035156,87.13999938964844,85.76000213623047,86.87999725341797,71.73103332519531,5017300,0.010585041523713423,86.63600006103516,86.44099960327148,86.23239990234374,0.00952527375928896,63.03251472096846,0.05816896303049646,0.1228317231864838
2019-05-13,86.20999908447266,86.95999908447266,86.12999725341797,86.77999877929688,71.64846801757812,5577300,-0.00115099536466845,86.71200027465821,86.37149963378906,86.28859985351562,0.009431566862532966,56.85995843234249,0.07495800083640347,0.11325697871646774
2019-05-14,87.0,87.44000244140625,86.83000183105469,87.13999938964844,71.94568634033203,3594300,0.004148428386904435,86.72600021362305,86.34249954223633,86.34499984741211,0.009433777146180797,55.60403657213424,0.11597558056040214,0.11380069908525463
2019-05-15,87.08999633789062,87.95999908447266,86.80999755859375,87.70999908447266,72.41629791259766,5232000,0.00654119461575231,86.8029998779297,86.43599967956543,86.40759979248047,0.008115746874714634,60.38514211954097,0.19226026305879884,0.12949261187996347
2019-05-16,87.62000274658203,88.5199966430664,87.52999877929688,88.2300033569336,72.84561920166016,5949300,0.005928677207716282,86.92900009155274,86.59449996948243,86.48879989624024,0.007811704431668221,59.66387991314904,0.2913182866022055,0.1618577468244119
2019-05-17,87.83000183105469,88.16999816894531,87.54000091552734,87.9800033569336,72.63922119140625,4416200,-0.002833503235726176,86.96100006103515,86.71150016784668,86.56800003051758,0.007787365916926015,64.93904637406756,0.34566496275041914,0.19861919000961337
2019-05-20,87.55999755859375,87.81999969482422,86.33000183105469,86.68000030517578,71.56591033935547,6706300,-0.014776119597128434,86.89199981689453,86.80550003051758,86.61960006713868,0.008229598637694157,47.674425051869804,0.2806011184214583,0.21501557569198237
2019-05-21,86.86000061035156,87.61000061035156,86.86000061035156,87.41000366210938,72.16862487792969,4618400,0.008421819962661115,87.05500030517578,86.88550033569337,86.66100021362304,0.008023457172994453,53.11258331682828,0.28466132448981796,0.2289447254515495
2019-05-22,87.38999938964844,87.7300033569336,87.26000213623047,87.72000122070312,72.42454528808594,3795200,0.00354647689745069,87.25000076293945,86.95300025939942,86.70160018920899,0.007941811599755546,54.78926157755658,0.30932754389569084,0.2450212891403778
2019-05-23,87.30999755859375,87.93000030517578,87.18000030517578,87.83999633789062,72.52363586425781,5606800,0.0013679333734344379,87.4370002746582,87.03500022888184,86.7368000793457,0.00791546885699185,51.23961731176649,0.33470008931530515,0.2629570491753633
2019-05-24,88.25,88.55999755859375,88.0199966430664,88.12999725341797,72.7630615234375,3582700,0.003301467755210341,87.5620002746582,87.09900016784668,86.7752000427246,0.00778603695491323,55.234114907354474,0.3738985943520703,0.2851453582107047
2019-05-28,88.41999816894531,88.61000061035156,87.16000366210938,87.19999694824219,71.99523162841797,6724400,-0.010552596552358517,87.60400009155273,87.15800018310547,86.79899993896484,0.007858340659542258,60.75755193763323,0.32616066262208676,0.2933484190929811
2019-05-29,87.05999755859375,87.69999694824219,85.79000091552734,86.16000366210938,71.13658142089844,8017000,-0.011926528928092761,87.50600051879883,87.11600036621094,86.81160003662109,0.007919765582636129,52.55574809590043,0.20207979114643138,0.27509469350367116
2019-05-30,86.19999694824219,86.83000183105469,86.0999984741211,86.51000213623047,71.42554473876953,6830800,0.004062191959666839,87.38600082397461,87.09450035095215,86.83620010375977,0.007983379102258067,53.470446849635046,0.1304826357475548,0.24617228195244792
2019-05-31,86.16000366210938,87.37999725341797,85.93000030517578,86.87000274658203,71.7227783203125,7013900,0.0041613755804172925,87.25000076293945,87.0895004272461,86.87440017700196,0.008042917913296343,49.93088165461933,0.10161901412979546,0.21726162838791746
2019-06-03,87.1500015258789,87.38999938964844,86.56999969482422,87.20999908447266,72.00347900390625,7063700,0.003913852044905131,87.17300033569336,87.06700019836425,86.89060012817383,0.00788213481033345,52.8781838961421,0.10496922911424633,0.19480314853318326
2019-06-04,87.19999694824219,87.25,86.08000183105469,86.93000030517578,71.77230834960938,7322300,-0.003210627017960044,87.19800033569337,87.04500007629395,86.91160018920898,0.007880156729431763,48.579165638572775,0.08406172593461747,0.1726548640134701
2019-06-05,87.37999725341797,88.75,87.12999725341797,88.75,73.27494812011719,11722500,0.020936382013515997,87.33199996948242,87.1935001373291,86.9686001586914,0.008038869451105157,56.01852955642623,0.2119083959543815,0.18050557040165238
2019-06-06,88.8499984741211,89.0,88.19000244140625,88.87999725341797,73.38227081298828,6501900,0.0014647577849911109,87.4479995727539,87.34900016784668,87.01540008544922,0.008027478427209243,53.93936423444202,0.32002840668749855,0.2084101376588216
2019-06-07,89.37999725341797,89.63999938964844,89.01000213623047,89.1500015258789,73.60521697998047,4795700,0.003037851944246661,87.57900009155273,87.50800018310547,87.07120010375976,0.008031431100986966,57.073758907122375,0.42262957179794114,0.2512540244866455
2019-06-10,89.12000274658203,89.41000366210938,88.51000213623047,88.87999725341797,73.38227081298828,4710400,-0.0030286513498550827,87.65400009155273,87.60800018310547,87.10660003662109,0.00782628051121294,65.1933695835441,0.4766600062403228,0.296335220837381
2019-06-11,89.05000305175781,89.31999969482422,88.41999816894531,89.02999877929688,73.50613403320312,4045800,0.0016876859868841798,87.83700027465821,87.72050018310547,87.14639999389648,0.007807735609738114,62.16214668166583,0.5255254540218033,0.34217326747426546
2019-06-12,89.06999969482422,89.62999725341797,89.0,89.31999969482422,73.7455825805664,5117200,0.003257339318247565,88.15299987792969,87.82950019836426,87.19259994506837,0.0077932123559328334,62.04819623194767,0.5809554311118035,0.3899297002017731
2019-06-13,89.5,89.6500015258789,89.16000366210938,89.6500015258789,74.01802825927734,4883900,0.0036946017933519038,88.46699981689453,87.92650032043457,87.23419998168946,0.007717406427181241,63.211719643634794,0.644087833518725,0.4407613268651635
2019-06-14,89.63999938964844,90.18000030517578,89.4800033569336,89.80000305175781,74.14186096191406,4808300,0.0016731904442366385,88.7599998474121,88.00500030517578,87.28059997558594,0.007636164669637379,62.44415816839929,0.6981764433547255,0.49224435016307594
2019-06-17,89.30999755859375,90.11000061035156,89.19000244140625,90.06999969482422,74.9364013671875,8171300,0.0030066440299649777,89.04599990844727,88.10950012207032,87.335,0.007597044378174072,73.71904891013071,0.7541353263671056,0.5446225454038819
2019-06-18,90.43000030517578,90.87000274658205,89.4800033569336,89.91000366210938,74.80328369140625,8297400,-0.0017763520956693979,89.34400024414063,88.271000289917,87.37420013427734,0.006655857721969599,86.26693740942858,0.7766204050193011,0.5910221173269657
2019-06-19,89.7699966430664,90.6500015258789,89.33999633789062,90.47000122070312,75.26921844482422,5955500,0.006228423265316252,89.51600036621093,88.42400016784669,87.43500015258789,0.006559276818125815,86.80298425762976,0.8300587145631653,0.6388294367742057
2019-06-20,90.88999938964844,91.11000061035156,90.6500015258789,90.87000274658205,75.60201263427734,6541800,0.004421371951826458,89.71500091552734,88.58150024414063,87.51220016479492,0.006574841547958297,86.90038146985547,0.8943759310615178,0.6899387356316682
2019-06-21,90.4800033569336,90.5500030517578,89.37999725341797,89.72000122070312,74.64520263671875,11471300,-0.012655458249363538,89.77200088500976,88.67550048828124,87.55060012817383,0.007326559063916256,70.14446856948308,0.8428365808854323,0.7205183046824211
2019-06-24,90.16000366210938,90.16999816894533,89.0999984741211,89.16000366210938,74.17929077148438,7237200,-0.006241613363515253,89.80000152587891,88.72700080871581,87.57960021972656,0.007483669811713889,67.12751632232826,0.7481796029293264,0.7260505643318022
2019-06-25,89.33000183105469,89.56999969482422,88.01000213623047,88.0199966430664,73.23084259033203,7967000,-0.012786080890746288,89.69900131225586,88.76800079345703,87.57660018920899,0.007673236647602656,43.739260957585635,0.5745511588186645,0.6957506832291747
2019-06-26,88.0199966430664,88.18000030517578,86.18000030517578,86.36000061035156,71.84976196289062,11381000,-0.018859305794413528,89.40300140380859,88.77800064086914,87.54940017700196,0.00838732868515986,32.88047675369633,0.2995485500388071,0.6165102565911013
2019-06-27,86.87000274658203,87.47000122070312,86.80999755859375,87.36000061035156,72.68175506591797,7115400,0.011579434841737735,89.17400131225585,88.8205005645752,87.57980026245117,0.008733206415834189,38.93695897575668,0.1604490867493098,0.5252980226227429
2019-06-28,87.5,88.22000122070312,87.30999755859375,87.30999755859375,72.6401596069336,10525800,-0.0005723792514704673,88.92500076293945,88.84250030517578,87.62480026245117,0.008693530161103663,40.02541838053316,0.045650698712748294,0.42936855784074407
2019-07-01,88.25,88.25,86.68000030517578,87.61000061035156,72.88975524902344,11876800,0.0034360675769860016,88.67900085449219,88.86250038146973,87.66420028686524,0.008683694665653496,41.14714830127154,-0.02087942680201138,0.33931896091219305
2019-07-02,87.91000366210938,89.05999755859375,87.76000213623047,88.9800033569336,74.02955627441406,9713700,0.0156375155466002,88.58600082397462,88.96500053405762,87.74780029296875,0.009288387757242923,48.13188950631982,0.036521741559667475,0.27875951704168794
2019-07-03,89.19999694824219,90.23999786376952,89.19000244140625,90.16000366210938,75.01130676269531,6897400,0.01326140998716685,88.55500106811523,89.03550071716309,87.83480041503907,0.008560388933742155,52.56282362611536,0.17520904320677744,0.25804942227470584
2019-07-05,89.30000305175781,90.12999725341795,88.51000213623047,89.75,74.67019653320312,7822200,-0.004547511595562215,88.44300079345703,89.0790008544922,87.90240036010742,0.00864185642773452,49.755127233707405,0.24916365642918947,0.2562722691056026
2019-07-08,89.73999786376953,90.33999633789062,89.63999938964844,90.04000091552734,74.91146087646484,5098200,0.003231207972449468,88.47500076293946,89.12350082397461,87.97920043945312,0.00864492586519867,49.85337855777004,0.3273998092645485,0.27049777713739176
2019-07-09,90.02999877929688,90.63999938964844,89.80000305175781,90.4800033569336,75.27751922607422,4096600,0.004886744079656946,88.60700073242188,89.2035011291504,88.05180053710937,0.008654500005315768,52.71169719992246,0.4200647983017092,0.30041118137025524
2019-07-10,90.91999816894533,91.22000122070312,90.44000244140624,90.95999908447266,75.67687225341797,6911700,0.005304992371027328,88.9010009765625,89.30000114440918,88.1506005859375,0.00870883601129825,52.348979542573495,0.5261687674273645,0.3455626985816771
2019-07-11,90.8499984741211,90.9800033569336,89.58999633789062,89.94000244140625,74.8282470703125,7720500,-0.011213683523887852,89.25900115966797,89.33100128173828,88.20940063476563,0.009112731582991862,45.79185789040879,0.5219351789202022,0.38083719464938215
2019-07-12,90.0199966430664,90.12999725341795,89.45999908447266,89.77999877929688,74.69512939453125,3445300,-0.0017790044225717283,89.5010009765625,89.33750114440917,88.26620056152343,0.009090284403516355,50.29819822142811,0.4999064607030732,0.40465104786012035
2019-07-15,89.95999908447266,90.3499984741211,89.63999938964844,89.77999877929688,74.69512939453125,4142800,0.0,89.74800109863281,89.33650093078613,88.32240051269531,0.009082854455784625,53.26312695452727,0.47695055371583805,0.4191109490312639
2019-07-16,89.51000213623047,89.9000015258789,89.25,89.56999969482422,74.52042388916016,5347800,-0.002339040847938678,89.94400100708008,89.31150093078614,88.3606004333496,0.009069235724690181,59.04318393858031,0.43677775883952563,0.4226443109929162
2019-07-17,89.75,90.0199966430664,88.75,89.20999908447266,74.22089385986328,5343700,-0.004019209686034753,89.96700057983398,89.2765007019043,88.39740036010743,0.009103047429429368,69.60105782903678,0.3716078251751753,0.41243701382936804
2019-07-18,89.05999755859375,89.5,88.56999969482422,89.2300033569336,74.2375717163086,4721400,0.0002242380076924455,89.8740005493164,89.21450080871583,88.46640045166015,0.008972706800409708,64.86484847382178,0.31790969574640826,0.39353155021277614
2019-07-19,89.38999938964844,89.51000213623047,87.76000213623047,87.91999816894531,73.14765930175781,7972100,-0.014681218633916915,89.69100036621094,89.06700057983399,88.50940048217774,0.009410332570792646,54.03972934409597,0.1677137708473566,0.3483679943396923
2019-07-22,88.08000183105469,88.13999938964844,87.48999786376953,87.76000213623047,73.01454162597656,5280000,-0.0018197911288327928,89.46300048828125,88.96900062561035,88.54520050048828,0.009045590351257692,51.012154502725885,0.0353644165834055,0.28576727878843494
2019-07-23,88.02999877929688,88.75,87.7699966430664,88.6500015258789,73.75498962402344,5390400,0.01014128723774288,89.28000030517578,88.94350051879883,88.5806005859375,0.009290602006680844,47.619037134081225,0.002265991572699022,0.22906702134528775
2019-07-24,88.87999725341797,89.05000305175781,88.47000122070312,88.9000015258789,73.96299743652344,3278500,0.0028200789136705318,89.07400054931641,88.98750076293945,88.62300064086914,0.008825653921434263,39.499995549525515,-0.0037486262171597673,0.18250389183279828
2019-07-25,88.7699966430664,88.93000030517578,88.06999969482422,88.48999786376953,73.62188720703125,5028700,-0.004611964623982834,88.92900009155274,89.09400062561035,88.65000061035157,0.007678286625202088,39.499995549525515,-0.04112505905590069,0.1377781016550585
2019-07-26,88.5199966430664,88.95999908447266,88.16000366210938,88.79000091552734,73.87147521972656,3679000,0.003390248152335351,88.83000030517579,89.16550064086914,88.67160064697265,0.007307696415192462,39.60068245521387,-0.04600806003941216,0.10102086931616437
2019-07-29,88.98999786376953,89.63999938964844,88.88999938964844,89.05000305175781,74.0877914428711,5715300,0.002928281715841363,88.75700073242187,89.25250091552735,88.68800064086913,0.007314070769521855,37.7358663405531,-0.028568553531883367,0.07510298474655483
2019-07-30,88.95999908447266,90.0199966430664,88.88999938964844,89.69000244140625,74.62025451660156,6447700,0.007186966510000614,88.76900100708008,89.35650100708008,88.72220062255859,0.007426707300548678,39.39904957567158,0.03647452741925861,0.0673772932810956
2019-07-31,89.77999877929688,90.38999938964844,88.83000183105469,89.38999938964844,74.37065887451172,8864800,-0.0033448884333993067,88.78700103759766,89.37700080871582,88.77640060424805,0.006657659430043649,44.7817740665246,0.06308667472031004,0.0665191695689385
2019-08-01,89.5999984741211,90.13999938964844,88.80000305175781,89.30000305175781,74.29581451416016,12385000,-0.0010067830686331103,88.79400100708008,89.33400077819825,88.81420059204102,0.005912943483154824,45.384667300491806,0.07603851616752877,0.06842303888865656
2019-08-02,89.37999725341797,90.2300033569336,89.12999725341797,89.69999694824219,74.62859344482422,6350300,0.004479214813156718,88.97200088500976,89.33150062561035,88.8538005065918,0.005929202447068172,49.28569871553833,0.11722777951474939,0.07818398701387512
2019-08-05,89.43000030517578,89.44999694824219,86.93000030517578,88.08999633789062,73.28910064697266,7142800,-0.0179487253637316,89.00500030517578,89.23400039672852,88.85880050659179,0.007096214958145016,39.42855897243067,0.019729543653156156,0.06649309834173134
2019-08-06,88.16000366210938,89.45999908447266,88.02999877929688,89.0199966430664,74.06283569335938,7494200,0.010557388396391199,89.04199981689453,89.16100006103515,88.87660049438476,0.0074511599197577974,48.74503132382466,0.017305257352234094,0.05665553014383189
2019-08-07,89.47000122070312,90.47000122070312,87.8499984741211,89.94999694824219,74.8365707397461,9553400,0.010447094363581044,89.14699935913086,89.11049995422363,88.93160049438477,0.007754937411799854,54.24524355122984,0.08939673536578141,0.06320377118822179
2019-08-08,90.43000030517578,91.4800033569336,89.43000030517578,91.45999908447266,76.09285736083984,5487800,0.016787128265266515,89.44399948120117,89.18649978637696,89.03760040283203,0.008237118259899607,70.39170962595752,0.26531590723676857,0.10362619839793116
2019-08-09,91.18000030517578,91.6999969482422,90.51000213623048,91.4499969482422,76.08452606201172,7709500,-0.00010936077334988692,89.70999908447266,89.26999969482422,89.13640029907226,0.00821728882871677,71.62949612940457,0.3993228839351275,0.16276553550537043
2019-08-12,91.33000183105467,91.5,90.63999938964844,91.0999984741211,75.79334259033203,6719600,-0.0038272114357663645,89.91499862670898,89.33599967956543,89.22100021362304,0.008284960149316858,65.3316349427939,0.4718433106613844,0.2245810905365732
2019-08-13,91.22000122070312,91.54000091552734,90.5,91.1999969482422,75.87653350830078,6177700,0.0010976781097258304,90.06599807739258,89.41749954223633,89.30080017089844,0.008252819878523075,64.66833073019308,0.5312612633179867,0.28591712509285594
2019-08-14,90.87000274658205,90.9499969482422,89.54000091552734,89.72000122070312,74.64520263671875,6409100,-0.01622802387130562,90.09899826049805,89.44299964904785,89.35660018920899,0.009051410075721394,56.90237881373564,0.45369719367752737,0.3194731388097902
2019-08-15,89.97000122070312,90.83000183105467,89.80999755859375,90.70999908447266,75.46886444091797,6122800,0.011034305063530203,90.23999786376953,89.51699943542481,89.39580017089844,0.009362547161449386,59.99999999999997,0.466731473619717,0.3489248057717756
2019-08-16,90.91999816894533,91.72000122070312,90.75,91.5,76.12612915039062,6465000,0.008709083050388644,90.41999816894531,89.69599952697754,89.44820022583008,0.00875994867867574,62.09279100558984,0.5346446551706947,0.3860687756515594
2019-08-19,91.86000061035156,92.41000366210938,91.5199966430664,92.19000244140624,76.70021057128906,5782500,0.007541010288592664,90.82999877929687,89.91749954223633,89.50900024414062,0.008793208098558495,62.27898722337795,0.6368031015103242,0.4362156408233123
2019-08-20,92.41999816894533,92.66000366210938,91.47000122070312,91.5,76.12612915039062,5588100,-0.007484569076183556,91.07799911499023,90.05999946594238,89.56140029907226,0.0088702160557072,59.98108890380604,0.6545418250943129,0.4798808776775124
2019-08-21,91.83000183105467,92.08999633789062,91.4499969482422,91.83999633789062,76.40901184082031,2803900,0.003715806971482216,91.26699905395508,90.20699920654297,89.61760025024414,0.008878846852877808,61.73750068749216,0.6881027343426354,0.521525249010537
2019-08-22,91.86000061035156,92.4000015258789,91.37000274658205,92.3499984741211,76.83332061767578,4349200,0.0055531593702824456,91.35599899291992,90.39999923706054,89.67820022583008,0.008791091872762917,62.1226049949149,0.7472391985032374,0.5666680389090771
2019-08-23,92.2300033569336,92.87999725341795,90.75,91.08000183105467,75.7767105102539,7401200,-0.013751994196538164,91.31899948120117,90.51449928283691,89.7068002319336,0.009475297723045098,64.11712241328127,0.683745366150788,0.5900835043574193
2019-08-26,91.5500030517578,91.83999633789062,91.12999725341795,91.75,76.3341293334961,4485100,0.0073561501479557645,91.38399963378906,90.64949913024903,89.74580017089843,0.009566225792447315,63.213963646246974,0.6796546634981979,0.6079977361855751
2019-08-27,92.22000122070312,92.5199966430664,91.36000061035156,91.4000015258789,76.04293060302734,3808700,-0.003814697265625,91.40400009155273,90.73499908447266,89.77240020751952,0.00954058734272589,57.43592672958508,0.6407842385442137,0.6145550366573028
2019-08-28,91.33000183105467,91.7699966430664,91.1500015258789,91.61000061035156,76.21766662597656,4426800,0.0022975829427442918,91.59300003051757,90.84599914550782,89.80640014648438,0.009489000682476057,50.88758411530964,0.6197798811331552,0.6156000055524733
2019-08-29,92.0199966430664,92.41000366210938,91.80999755859376,92.33999633789062,76.82500457763672,3587800,0.007968515693433709,91.75599975585938,90.99799880981445,89.84380004882813,0.00958737194234171,54.8527865229863,0.6544937345762349,0.6233787513572256
2019-08-30,92.52999877929688,92.68000030517578,91.98999786376952,92.45999908447266,76.92481994628906,5529200,0.001299574954962246,91.85199966430665,91.13599891662598,89.87559997558594,0.009565529651693973,57.60627830091261,0.6838054487153755,0.6354640908288556
2019-09-03,92.2300033569336,93.36000061035156,92.11000061035156,93.36000061035156,77.67363739013672,8582000,0.009733955600158106,91.96899948120117,91.39949913024903,89.9483999633789,0.008542139277560845,61.08832560471228,0.7707728057467307,0.6625258338124306
2019-09-04,93.5999984741211,94.1999969482422,93.58000183105467,94.08999633789062,78.28097534179688,7135800,0.007819148701442069,92.22799911499024,91.65299911499024,90.04699981689453,0.008434964589817384,74.30478233712626,0.8883591656661878,0.707692500183182
2019-09-05,94.0,94.08000183105467,93.16999816894533,93.5,77.79011535644531,10590800,-0.006270553309109084,92.39399948120118,91.83049926757812,90.1565998840332,0.008466305104392164,66.23984041310695,0.9232962450230389,0.7508132491511534
2019-09-06,93.63999938964844,93.9499969482422,93.37999725341795,93.68000030517578,77.93986511230469,5278400,0.0019251369537516272,92.52699966430664,91.94149932861328,90.3029998779297,0.007716484641345842,63.65917015391705,0.954505704817791,0.7915517402844809
2019-09-09,93.58000183105467,93.83999633789062,92.87000274658205,93.06999969482422,77.4323501586914,8232600,-0.006511535102096455,92.72599945068359,92.02249946594239,90.41719985961915,0.0079053747699862,55.569612551631366,0.9194189855426913,0.8171251893361231
2019-09-10,92.79000091552734,92.81999969482422,91.3499984741211,92.08000183105467,76.60869598388672,10505900,-0.010637131911633624,92.75899963378906,92.07149963378906,90.51259994506836,0.008258822606419927,53.536604428035936,0.8024774928692864,0.8141956500427557
2019-09-11,92.38999938964844,92.38999938964844,91.47000122070312,92.16999816894533,76.6835708618164,8804600,0.0009773711566141152,92.8359992980957,92.11999969482422,90.60379989624023,0.008258460029786623,52.07548799447235,0.7088908176677933,0.7931346835677633
2019-09-12,92.70999908447266,93.18000030517578,92.0999984741211,92.62000274658205,77.05795288085938,8427900,0.004882332500559139,92.93699951171875,92.26499977111817,90.67659988403321,0.007292156407263451,51.71105713257968,0.6633871972197767,0.767185186298166
2019-09-13,92.12000274658205,92.9499969482422,91.37000274658205,91.54000091552734,76.15941619873047,12695100,-0.011660567901403573,92.85699996948242,92.3064998626709,90.70419982910157,0.007512083907236156,52.98701118550063,0.5340222522578983,0.7205525994901125
2019-09-16,91.6500015258789,92.56999969482422,91.5,92.4800033569336,76.94149780273438,6522800,0.010268761546918581,92.85900039672852,92.35550003051758,90.75879989624023,0.007609445829475183,54.57969851901556,0.5015681767189335,0.6767557149358767
2019-09-17,92.83999633789062,93.5199966430664,92.69000244140624,93.48999786376952,77.78179168701172,10399700,0.010921220481986404,92.87200012207032,92.42049980163574,90.82779983520508,0.007807608381029009,62.108915705255576,0.5509946801699925,0.6516035079827
2019-09-18,93.70999908447266,93.97000122070312,92.44000244140624,93.16000366210938,77.50724792480469,8471300,-0.0035297273419665487,92.77900085449218,92.50349998474121,90.88139984130859,0.007636840054251787,58.85717574144762,0.5571156832522632,0.6327059430366127
2019-09-19,93.4499969482422,93.93000030517578,93.27999877929688,93.61000061035156,77.88162994384766,5704800,0.004830366364886762,92.79000091552734,92.59200019836426,90.93439987182617,0.007662285034466596,57.497086052867175,0.5914596367149301,0.6244566817722761
2019-09-20,93.73999786376952,94.01000213623048,93.3000030517578,93.56999969482422,77.84834289550781,8492400,-0.0004273145525748312,92.77900085449218,92.65300025939942,91.00699981689453,0.007590902454648764,56.615034027709555,0.6084360555770587,0.6212525565332326
2019-09-23,93.6500015258789,94.11000061035156,93.41000366210938,93.70999908447266,77.96481323242188,5251300,0.0014961995308864218,92.84300079345704,92.78450012207031,91.08559982299805,0.006787976063691139,52.293573394848586,0.6259709669016473,0.6221962386069156
2019-09-24,93.3499984741211,93.52999877929688,92.55999755859376,92.93000030517578,77.86762237548828,7179600,-0.008323538436850964,92.92800064086914,92.8435001373291,91.14859985351562,0.00697244443233986,42.44792779081911,0.570353448173293,0.6118276805201912
2019-09-25,92.86000061035156,93.2699966430664,92.61000061035156,93.0,77.92627716064453,8321200,0.0007532518518706954,93.01100082397461,92.92350006103516,91.21719985961914,0.006892431075513298,46.50837423306348,0.5258627359570056,0.5946346916075541
2019-09-26,93.38999938964844,93.98999786376952,93.19000244140624,93.76000213623048,78.56309509277344,5250000,0.008172065980972976,93.12500076293945,93.0310001373291,91.3081999206543,0.00707821181739753,50.51680834621338,0.5456395536525775,0.5848356640165588
2019-09-27,93.97000122070312,94.04000091552734,92.58999633789062,93.19000244140624,78.08550262451172,9394900,-0.006079348142463248,93.29000091552734,93.07350044250488,91.38739990234374,0.0070665654545903275,50.779239695101126,0.5094460356941681,0.5697577383520808
2019-09-30,93.27999877929688,93.83000183105467,93.18000030517578,93.54000091552734,78.37875366210938,6093800,0.00375575131400141,93.39600067138672,93.12750053405762,91.49979995727539,0.007102772102337663,60.33995160838888,0.5032037442242228,0.5564469395265091
2019-10-01,93.26000213623048,93.66999816894533,92.47000122070312,92.5500030517578,77.54920959472656,17022800,-0.010583684563608031,93.30200119018555,93.08700065612793,91.59559997558594,0.007180888834596132,52.386967906668055,0.4136043558576148,0.5278784227927303
2019-10-02,92.58999633789062,92.66999816894533,91.58000183105467,92.19000244140624,77.24756622314453,6776900,-0.0038897957696472085,93.20500106811524,92.99200096130372,91.66639999389649,0.006948107377124425,47.26810045223849,0.3099739674983937,0.48429753173386303
2019-10-03,92.0999984741211,93.2699966430664,91.9499969482422,93.08999633789062,78.0016860961914,10349200,0.009762380655715885,93.15300064086914,92.97150077819825,91.75019989013671,0.007226901635849995,60.07802043968836,0.297043985825411,0.4468468225521727
2019-10-04,93.2699966430664,93.63999938964844,93.12999725341795,93.58999633789062,78.42066192626953,9072100,0.005371146413897687,93.15500030517578,92.96700057983398,91.85219985961913,0.007320578556739054,57.65514817383283,0.32341458154228064,0.42216037435019427
2019-10-07,93.13999938964844,93.86000061035156,93.04000091552734,93.33000183105467,78.20279693603516,7241000,-0.0027780159953985084,93.11700057983398,92.98000068664551,91.9429998779297,0.007192889551175014,48.769256953043865,0.3196493658857804,0.4016581726573115
2019-10-08,93.27999877929688,93.62999725341795,92.48999786376952,92.8499984741211,77.80058288574219,5088300,-0.005143076690413806,93.10900039672852,93.01850051879883,92.01899978637695,0.006855677537146081,47.669129111420396,0.27476581670281064,0.3762797014664113
2019-10-09,93.2699966430664,93.5500030517578,92.9499969482422,93.1500015258789,78.05195617675781,4839200,0.00323105069130869,93.1240005493164,93.0675006866455,92.0881997680664,0.006883461020423178,46.46154135078007,0.26040127583982553,0.3531040163410942
2019-10-10,93.05999755859376,93.52999877929688,92.76000213623048,93.33000183105467,78.20279693603516,4742600,0.0019323703942801806,93.08100051879883,93.10300064086914,92.16699981689453,0.006817061011842431,48.19278492779059,0.26053846872940767,0.33459090681875686
2019-10-11,93.5199966430664,94.02999877929688,93.20999908447266,93.26000213623048,78.1441421508789,6580100,-0.000750023502098518,93.08800048828125,93.18900070190429,92.24619979858399,0.006210350522610656,46.57536155477275,0.2520928354377787,0.31809129254256124
2019-10-14,93.58000183105467,93.8000030517578,92.9800033569336,93.27999877929688,78.16088104248047,6357500,0.0002144182136858408,93.0620002746582,93.22900047302247,92.31779983520508,0.005810326005755544,53.01204028222241,0.24419820725803731,0.3033126754856565
2019-10-15,93.36000061035156,93.5199966430664,92.77999877929688,93.33000183105467,78.20279693603516,5582700,0.0005360533063052397,93.14000015258789,93.22100067138672,92.42259994506836,0.00526327624428733,52.84976004933404,0.2392189191405265,0.2904939242166305
2019-10-16,93.2699966430664,93.4000015258789,92.76000213623048,93.4000015258789,78.26144409179688,5247400,0.0007500235020989621,93.26100006103516,93.23300056457519,92.5102000427246,0.0052019608832927595,46.470575915603646,0.23817564719237794,0.28003026881178
2019-10-17,93.5199966430664,94.06999969482422,93.43000030517578,93.91999816894533,78.69715118408203,5892100,0.005567415787700369,93.34400024414063,93.24850044250488,92.58960006713868,0.005239402613449231,57.227697941720635,0.27612523018767376,0.2792492610869588
2019-10-18,93.8499984741211,94.8000030517578,93.80999755859376,94.66999816894533,79.32559967041016,7523000,0.007985519746826375,93.45200042724609,93.30350036621094,92.65380004882813,0.005518492635597675,60.36696759670817,0.3625401430166306,0.29590743747289316
2019-10-21,94.56999969482422,95.37000274658205,94.5199966430664,95.36000061035156,79.90376281738281,7276400,0.007288501687460425,93.65500030517578,93.38600044250488,92.73200012207032,0.005716496400617743,77.28156202779213,0.4811555527467135,0.3329570605276572
2019-10-22,95.5500030517578,96.0,94.8499984741211,95.0500030517578,79.64400482177734,5972500,-0.003250813303372735,93.87500076293945,93.49200057983398,92.81100021362305,0.005389427638562,78.03927200485904,0.54387544968165,0.3751407383584558
2019-10-23,95.22000122070312,95.22000122070312,94.38999938964844,95.18000030517578,79.7529296875,5086800,0.001367672269796616,94.07800064086913,93.60100059509277,92.89060028076172,0.0053888446345037875,74.1340273213743,0.5971871105195135,0.41955001279066734
2019-10-24,95.38999938964844,95.38999938964844,94.6999969482422,95.05999755859376,79.65237426757812,4463000,-0.001260797921803447,94.25100021362304,93.66600036621094,92.99740020751953,0.00515159872503278,68.607624764841,0.6225770859726083,0.4601554274270555
2019-10-25,94.70999908447266,94.8499984741211,93.91000366210938,94.08999633789062,78.839599609375,5311400,-0.010204094736119051,94.33399963378906,93.71100006103515,93.06500015258788,0.005507604771285011,58.15444108998773,0.5579956065595582,0.4797234632535561
2019-10-28,94.01000213623048,94.0999984741211,93.4000015258789,93.58000183105467,78.4122543334961,5431200,-0.00542028405447581,94.36399993896484,93.71300010681152,93.10660018920899,0.005603055734245602,57.78256038859514,0.460355334604472,0.47584983752373927
2019-10-29,93.6999969482422,94.31999969482422,93.47000122070312,93.9000015258789,78.68040466308594,6162700,0.0034195307604496517,94.42099990844727,93.78050003051757,93.14080017089844,0.005054170562191119,57.961797883851574,0.40413737257887306,0.46150734453476605
2019-10-30,93.95999908447266,94.41999816894533,93.41999816894533,94.41999816894533,79.1160888671875,7246400,0.00553777033670344,94.5229995727539,93.89199981689453,93.19920013427735,0.005039604032135547,60.79206903636759,0.3969676203238919,0.44859939969259127
2019-10-31,94.6500015258789,94.70999908447266,93.91999816894533,94.26000213623048,78.98204803466797,6379600,-0.0016945142535225166,94.55699996948242,93.95050010681152,93.24760025024415,0.004652305480936926,59.72765649213001,0.37406322924859126,0.4336921656037913
2019-11-01,94.37000274658205,94.7300033569336,93.4000015258789,94.19000244140624,78.92341613769531,11331100,-0.0007426235225740374,94.50900039672851,93.98050041198731,93.28440032958984,0.0045238126907629515,58.76691627637556,0.3462713434429645,0.416208001171626
2019-11-04,94.0500030517578,94.18000030517578,93.30999755859376,93.45999908447266,78.31171417236328,7240400,-0.0077503274021858415,94.31900024414062,93.9870002746582,93.3320002746582,0.004829849934015209,51.10730434850431,0.26231707573793983,0.38542981608488874
2019-11-05,93.1500015258789,93.45999908447266,91.5999984741211,91.94000244140624,77.0380859375,14543400,-0.016263606440789613,94.00800018310547,93.94150047302246,93.33580032348632,0.005968718914052376,40.02730745378843,0.07229827822314405,0.3228035085125398
2019-11-06,92.12999725341795,92.58999633789062,91.97000122070312,92.20999908447266,77.26431274414062,6769600,0.002936661256219608,93.71100006103515,93.89450035095214,93.35200027465821,0.005959453315649398,37.906627659907464,-0.05586256628855324,0.2470702935523212
2019-11-07,91.8000030517578,92.05999755859376,91.0199966430664,91.33000183105467,76.52693939208984,8692900,-0.009543403775677639,93.33800048828125,93.79450035095215,93.34640029907227,0.006258875160791817,26.805522000262954,-0.22583608501008712,0.15248901783983956
2019-11-08,91.19000244140624,91.70999908447266,90.9499969482422,91.16000366210938,76.38452911376953,5920100,-0.0018613617161616913,93.04500122070313,93.68950042724609,93.32280044555664,0.006260875338951302,18.56279081454396,-0.36999369765639756,0.047992474740592136
2019-11-11,91.0999984741211,91.62000274658205,91.0999984741211,91.37000274658205,76.56045532226562,3298700,0.0023036318125988497,92.82400131225586,93.59400062561035,93.30100051879883,0.006301597665636063,22.036382356795457,-0.4619691800548935,-0.053999856218505
2019-11-12,91.38999938964844,91.93000030517578,90.63999938964844,90.7300033569336,76.0241928100586,6295100,-0.007004480359090182,92.50700149536132,93.4640007019043,93.24840057373046,0.006428220572048602,18.617709281630283,-0.5798192195122311,-0.15916372887725025
2019-11-13,90.83999633789062,91.68000030517578,90.8000030517578,91.47000122070312,76.64425659179688,6741300,0.008156043606196706,92.21200180053711,93.36750068664551,93.19600067138671,0.006762716984579863,26.718499211330226,-0.6065130764557267,-0.24863359839294558
2019-11-14,91.7300033569336,92.1999969482422,91.52999877929688,92.1999969482422,77.25594329833984,5271700,0.0079807119033235,92.00600128173828,93.28150062561035,93.17000061035156,0.006906473494337611,37.349352060659854,-0.5622819595968878,-0.31136327063373404
2019-11-15,92.27999877929688,92.70999908447266,92.08000183105467,92.69000244140624,77.66651153564453,5697300,0.005314593377254706,91.85600128173829,93.1825008392334,93.15020065307617,0.006749638397051179,44.026835053108975,-0.48213142175312385,-0.345516900857612
2019-11-18,92.7699966430664,93.58000183105467,92.70999908447266,93.16999816894533,78.06871795654297,5377200,0.005178505932638355,91.82700119018554,93.07300071716308,93.1522006225586,0.006628094040813117,45.20364327212772,-0.37555078367580563,-0.35152367742125074
2019-11-19,93.38999938964844,93.58000183105467,93.08999633789062,93.29000091552734,78.16927337646484,4933100,0.0012879977346829108,91.96200103759766,92.98500061035156,93.17640060424804,0.006629722229582576,42.16366304878059,-0.2781947850710651,-0.3368578989512136
2019-11-20,93.33000183105467,93.5999984741211,92.88999938964844,93.2699966430664,78.15249633789062,5018400,-0.000214431045820751,92.06800079345703,92.88950042724609,93.19840057373047,0.00661048658231142,42.9985388667908,-0.20034418926570652,-0.3095551570141122
2019-11-21,93.02999877929688,93.13999938964844,91.98999786376952,91.98999786376952,77.07996368408203,9731600,-0.013723585561981944,92.13400039672851,92.73600044250489,93.18580047607422,0.007198397144631549,36.71493400290258,-0.23917517278928813,-0.2954791601691474
2019-11-22,92.25,92.26000213623048,91.22000122070312,91.69000244140624,76.82860565185547,6315000,-0.0032611743594945786,92.1870002746582,92.61600074768066,93.1888005065918,0.006924607862284775,38.72611192588685,-0.2908039237978244,-0.2945441128948828
2019-11-25,91.88999938964844,92.51000213623048,91.8499984741211,92.0500030517578,77.13026428222656,6197100,0.003926279864389981,92.25500030517577,92.53950080871581,93.18020050048828,0.006945005461220583,50.8221287077902,-0.29922179770754553,-0.29547964985741537
2019-11-26,92.1999969482422,93.29000091552734,92.13999938964844,93.16000366210938,78.06033325195312,8501900,0.012058670000558713,92.49800033569335,92.50250091552735,93.17360061645508,0.007470128217972192,56.3081387396387,-0.21386000581152587,-0.2791557210482375
2019-11-27,93.22000122070312,93.69000244140624,92.9499969482422,93.45999908447266,78.31171417236328,6540100,0.0032202169447239637,92.6970001220703,92.45450096130371,93.17960052490234,0.007391238770282409,65.32374479800737,-0.1206126991994978,-0.24744711667848956
2019-11-29,93.5500030517578,93.97000122070312,93.16999816894533,93.1999969482422,78.09383392333984,5384600,-0.002781961681761369,92.79700012207032,92.4015007019043,93.17140045166016,0.0074045938636775974,64.48860249732864,-0.0669221000523379,-0.21134211335325925
2019-12-02,93.0999984741211,93.16999816894533,91.8000030517578,91.81999969482422,76.93755340576172,15918300,-0.014806837967863418,92.7099998474121,92.28300056457519,93.13640045166015,0.008063454603045373,52.74054455905575,-0.13417942179032138,-0.1959095750406717
2019-12-03,91.75,92.51000213623048,91.69000244140624,92.37999725341795,77.40674591064453,8011800,0.006098862562132101,92.63099975585936,92.22900047302247,93.10980041503906,0.008069818753412476,60.14757688994316,-0.14067262449731288,-0.18486218493199993
2019-12-04,92.19000244140624,93.08000183105467,92.0999984741211,92.73999786376952,77.70840454101562,8346600,0.0038969541140383424,92.57599945068358,92.26900024414063,93.10600036621094,0.007217852127692673,58.193534795487615,-0.11543878733661472,-0.1709775054129229
2019-12-05,92.55999755859376,92.86000061035156,92.29000091552734,92.81999969482422,77.77544403076172,8042000,0.000862646462125527,92.53099975585937,92.2995002746582,93.10240036010742,0.007195231206599196,54.36621746358027,-0.08797123281219399,-0.15437625089277712
2019-12-06,92.75,93.45999908447266,92.7300033569336,92.9800033569336,77.90951538085938,5488500,0.0017238058891988484,92.63000030517577,92.38200035095215,93.08680038452148,0.006810275054614003,52.14180989162206,-0.05268472294173421,-0.13403794530256855
2019-12-09,93.08000183105467,93.33999633789062,92.73999786376952,93.16999816894533,78.06871795654297,4989200,0.002043394333751225,92.77799987792969,92.48250007629395,93.08640029907227,0.006782323399233482,50.0,-0.009281919971741104,-0.10908674023640307
2019-12-10,93.2699966430664,93.4000015258789,92.41999816894533,92.61000061035156,77.59947967529297,7777400,-0.006010492321555261,92.83399963378906,92.54449996948242,93.06780029296876,0.006958026333951778,45.08669628022412,-0.01984326796031155,-0.09123804578118476
2019-12-11,92.58000183105467,92.7300033569336,91.43000030517578,91.70999908447266,76.8453598022461,10772300,-0.009718189395825472,92.68899917602539,92.59349975585937,93.05100021362304,0.007140194566471146,40.00000000000007,-0.09968668775982792,-0.09292777417691339
2019-12-12,91.75,92.0500030517578,90.37000274658205,90.51000213623048,75.83988189697266,12401600,-0.01308469043966376,92.39399948120118,92.54549980163574,93.01740020751953,0.00752068180874881,40.41451801311253,-0.25683229529430207,-0.12570867840039113
2019-12-13,90.66000366210938,90.9800033569336,89.91999816894531,90.5999984741211,75.915283203125,8585500,0.0009943247792123522,92.13399963378906,92.46549987792969,92.96760025024415,0.007263884707102441,42.74297022702325,-0.3698460144677256,-0.17453614561385805
2019-12-16,89.91999816894531,90.55999755859376,89.38999938964844,90.29000091552734,76.4026870727539,9229100,-0.003421606664621546,91.98099975585937,92.34549980163574,92.90160034179688,0.007135218658607053,38.20371345731991,-0.4789039072182817,-0.23540969793474278
2019-12-17,90.5500030517578,90.68000030517578,89.44999694824219,89.5199966430664,75.75111389160156,5680000,-0.008528123431755574,91.69499969482422,92.16299972534179,92.8254002380371,0.007139825251857809,24.438108035416732,-0.6203153730485838,-0.312390832957511
2019-12-18,89.58999633789062,90.83000183105467,89.58999633789062,90.68000030517578,76.73269653320312,7373300,0.01295803960688846,91.48899993896484,92.03249969482422,92.7820002746582,0.007860733820272425,32.581451956778224,-0.6315028063023647,-0.3762132276264818
2019-12-19,90.55999755859376,91.47000122070312,90.47000122070312,91.43000030517578,77.36734771728516,5837700,0.008270842495323505,91.35,91.94049987792968,92.74760025024415,0.008151055051215854,39.551369643994285,-0.5732422163296462,-0.4156190253671147
2019-12-20,91.70999908447266,92.33000183105467,91.54000091552734,92.0,77.84967041015625,11474600,0.006234274230795922,91.25199966430664,91.94099998474121,92.72100021362304,0.007716870884822448,51.174937326383876,-0.47559371899946257,-0.4276139640935843
2019-12-23,92.31999969482422,92.41999816894533,91.43000030517578,91.4800033569336,77.40966033935547,5863100,-0.005652137424634884,91.08300018310547,91.93050003051758,92.6854002380371,0.007788786943764706,44.09452445412759,-0.43514982829877624,-0.4291211369346227
2019-12-24,91.77999877929688,91.91000366210938,91.41000366210938,91.7300033569336,77.6211929321289,2597600,0.0027328376784656605,90.99500045776367,91.91450004577636,92.65440032958985,0.0077609535151423525,43.27566414385138,-0.37856102699997507,-0.4190091149476932
2019-12-26,91.83999633789062,92.22000122070312,91.6999969482422,92.22000122070312,78.03582763671875,3042600,0.0053417403885061,91.04600067138672,91.86749992370605,92.63220031738281,0.007338895412649018,46.2121263205756,-0.2908228371119037,-0.3933718593805353
2019-12-27,92.3000030517578,92.62999725341795,92.16000366210938,92.47000122070312,78.24739074707031,4802800,0.002710908660711109,91.24200057983398,91.81800003051758,92.6136003112793,0.007326248143304518,46.816460850474094,-0.19882484973960857,-0.35446245745235
2019-12-30,92.20999908447266,92.73999786376952,92.02999877929688,92.54000091552734,78.30659484863281,6634400,0.0007569989607456584,91.43600082397461,91.78500022888184,92.58600036621094,0.007311126095278059,46.007617798844755,-0.11889682301193716,-0.30734933056426744
2019-12-31,92.47000122070312,93.18000030517578,92.2699966430664,93.08000183105467,78.76358032226562,6703000,0.00583532429419642,91.71500091552734,91.84800033569336,92.55420043945313,0.006580348897489432,52.98603247971949,-0.011843203989357676,-0.24824810524928548
2020-01-02,93.44000244140624,93.54000091552734,91.5999984741211,92.0500030517578,77.8919906616211,10936800,-0.011065736560323391,91.96800155639649,91.83150062561035,92.48800048828124,0.006948498417550825,52.12502682211564,-0.009999465451315359,-0.20059837728969146
2020-01-03,91.8000030517578,92.94000244140624,91.5500030517578,92.70999908447266,78.45048522949219,7953900,0.007169972958542603,92.17100143432617,91.8300006866455,92.44120040893554,0.007086155590045095,64.74530474659329,0.044208269237515196,-0.15163704798425012
2020-01-06,92.56999969482422,93.12999725341795,92.33999633789062,92.79000091552734,78.51815032958984,6055400,0.0008629255942693703,92.30700149536133,91.82850074768066,92.39340042114257,0.007086157362798639,64.69800898323172,0.09255683115206637,-0.10279827215698684
2020-01-07,92.58000183105467,92.58000183105467,91.38999938964844,91.8499984741211,77.72274017333984,7390800,-0.01013042819411103,92.29200134277343,91.77200050354004,92.32920043945313,0.007422830599746325,59.65344805120002,0.054396030133617046,-0.07135941169886606
2020-01-08,91.91000366210938,92.33000183105467,91.62000274658205,92.06999969482422,77.9089126586914,6224600,0.0023952229108104017,92.3510009765625,91.71700057983398,92.2888005065918,0.007429801104081757,66.93229392525826,0.041428023806204806,-0.04880192459785189
2020-01-09,92.08999633789062,92.4000015258789,91.87000274658205,92.12000274658205,77.95120239257812,5057800,0.0005430982070551149,92.39000091552734,91.6925006866455,92.25960052490234,0.007320826146789097,61.21497548372998,0.03478463809098287,-0.03208461206008494
2020-01-10,92.3000030517578,92.97000122070312,92.0999984741211,92.91999816894533,78.62816619873047,7226800,0.008684274842718276,92.46000061035156,91.75300064086915,92.24000045776367,0.007222622296052711,61.514678049844726,0.09300059878079026,-0.007067569891909903
2020-01-13,93.12000274658205,93.93000030517578,92.95999908447266,93.91000366210938,79.46589660644531,8778300,0.010654385629281116,92.60400085449218,91.92300071716309,92.22980056762695,0.006778388732564778,63.86069543764381,0.216526355484973,0.03765121518346668
2020-01-14,93.91999816894533,93.91999816894533,93.08999633789062,93.5500030517578,79.16129302978516,4770600,-0.0038334639155894745,92.70500106811524,92.07050094604492,92.2156005859375,0.006896056533507812,65.37889050747339,0.2821202602766135,0.08654502420209606
2020-01-15,93.83000183105467,94.61000061035156,93.8000030517578,94.37999725341795,79.86361694335938,8431700,0.00887219855247845,92.83500061035156,92.27500076293946,92.21940048217773,0.006969970533078039,68.12581929913902,0.39650681418851264,0.1485373821993794
2020-01-16,94.56999969482422,95.12000274658205,94.38999938964844,95.08000183105467,80.4559326171875,5844200,0.007416874316674926,93.13800048828125,92.55300102233886,92.25180053710938,0.006574046726091798,69.015950701153,0.5374481339687094,0.2263195325532454
2020-01-17,95.0,95.52999877929688,95.0,95.19000244140624,80.54902648925781,5833300,0.0011569268850775138,93.38600082397461,92.77850112915038,92.31680053710937,0.0061529174705002064,68.4281803595943,0.6505224573120643,0.31116011750500916
2020-01-21,95.33000183105467,96.18000030517578,95.0999984741211,96.16000366210938,81.36983489990234,7160700,0.010190158586246723,93.7230010986328,93.01500129699707,92.39580062866212,0.006262509076504982,71.85990304779325,0.8090791048045531,0.41074391496491797
2020-01-22,96.3499984741211,96.62000274658205,95.36000061035156,95.61000061035156,80.9044418334961,7816000,-0.005719665461852874,94.09900131225587,93.19550132751465,92.48140060424805,0.006459111201261245,65.25932552172489,0.8802092364056904,0.5046369792530725
2020-01-23,95.66000366210938,96.26000213623048,95.2300033569336,96.18000030517578,81.38675689697266,6064600,0.005961716255469929,94.51000137329102,93.43050117492676,92.58180053710937,0.006259012998479267,76.37287524542158,0.9713771586272628,0.5979850151279106
2020-01-24,96.33000183105467,96.52999877929688,95.62999725341795,95.95999908447266,81.20059204101562,3984300,-0.0022873905178318887,94.89400100708008,93.64200096130371,92.67360046386719,0.006350315411517785,71.98913097342201,1.014185237820243,0.6812250596663771
2020-01-27,95.43000030517578,95.76000213623048,95.1999969482422,95.5,80.81134033203125,4866600,-0.004793654531694225,95.15200119018554,93.80600090026856,92.76900039672852,0.00649552290774961,67.43883483515323,0.9994715810155412,0.74487436393621
2020-01-28,95.5999984741211,96.16999816894533,95.4800033569336,95.91000366210938,81.15827178955078,6030700,0.004293232063972585,95.35200119018555,93.97800102233887,92.85780044555663,0.006517199127272027,78.03865904150098,1.009260642536077,0.7977516196561835
2020-01-29,96.12999725341795,96.30999755859376,95.45999908447266,95.61000061035156,80.9044418334961,4804700,-0.0031279641361992017,95.55800094604493,94.13150100708008,92.92600051879883,0.006608687455893751,74.18028472592073,0.9814967220197843,0.8345006401289037
2020-01-30,95.23999786376952,95.8499984741211,95.16999816894533,95.7300033569336,81.00596618652344,7056700,0.0012551275579537613,95.69300155639648,94.26400108337403,92.98680053710937,0.00653511185299673,74.42485422620115,0.9581320834848697,0.8592269288000969
2020-01-31,95.54000091552734,95.6999969482422,94.3000030517578,94.56999969482422,80.02438354492188,7803900,-0.012117451388612754,95.64200134277344,94.39000091552734,93.01480056762695,0.006644229811870668,60.64513969626229,0.8363716661911269,0.854655876278303
2020-02-03,94.70999908447266,95.56999969482422,94.55999755859376,94.86000061035156,80.2697525024414,10799800,0.0030665212695693,95.60900115966797,94.49750099182128,93.04620056152343,0.006517932767757559,56.737549509772066,0.7545780029837772,0.8346403016193978
2020-02-04,95.11000061035156,96.22000122070312,94.91999816894533,95.83000183105467,81.09059143066406,6893400,0.010225608417266496,95.5760009765625,94.64950103759766,93.0974006652832,0.006823974615398942,64.88246179834145,0.7592744838547958,0.8195671380664775
2020-02-05,95.91999816894533,96.2300033569336,95.6500015258789,95.8499984741211,81.10751342773438,8037200,0.00020866787732787273,95.60000076293946,94.84950103759766,93.17460067749023,0.006253524188884264,60.7299024554323,0.7558965360199608,0.8068330176571743
2020-02-06,96.1500015258789,96.45999908447266,95.98999786376952,96.20999908447266,81.41213989257812,5207400,0.0037558749721708917,95.60300064086914,95.05650100708007,93.26500061035156,0.006263700007121608,58.67891116759904,0.7733537875618026,0.8001371716381
2020-02-07,96.29000091552734,96.41000366210938,95.9499969482422,96.16999816894533,81.3782958984375,4246700,-0.0004157667176798441,95.6240005493164,95.25900077819824,93.34740051269532,0.006280858975552791,57.60864156871316,0.775027016590272,0.7951151406285344
2020-02-10,96.5999984741211,97.22000122070312,96.37999725341795,97.13999938964844,82.1990966796875,6186900,0.01008631838589702,95.78800048828126,95.47000083923339,93.4270004272461,0.006364631526024185,57.60864156871297,0.8448847490579396,0.8050690623144156
2020-02-11,97.4499969482422,98.5,97.4499969482422,97.93000030517578,82.86759948730469,7281700,0.008132601610985057,95.9900001525879,95.67100067138672,93.51640045166016,0.006212369756833385,67.36522671698103,0.9530082905597794,0.8346569079634885
2020-02-12,98.16999816894533,98.95999908447266,97.83999633789062,98.70999908447266,83.52761840820312,5726300,0.007964860378496752,96.3,95.92900047302246,93.62660049438476,0.0061777300052665495,68.35989405240693,1.0890820984545826,0.8855419460617073
2020-02-13,98.62000274658205,99.45999908447266,98.48999786376952,99.37999725341795,84.09455108642578,6023500,0.006787541030893296,96.66499938964844,96.17900047302246,93.77780044555664,0.0060851125256807794,73.29695344413612,1.2367285870805773,0.9557792742654814
2020-02-14,99.48999786376952,100.30999755859376,99.36000061035156,100.27999877929688,84.85612487792969,4262600,0.009056163722604316,97.2359992980957,96.43900032043457,93.93580047607422,0.006163910768610164,80.71973106923134,1.410107255879538,1.0466448705882927
2020-02-18,100.36000061035156,100.4000015258789,99.6500015258789,100.20999908447266,84.79689025878906,5860000,-0.0006980424379370298,97.77099914550782,96.69000015258788,94.08520050048828,0.006201936158090606,78.89777958257845,1.52429162465765,1.1421742214021642
2020-02-19,100.2300033569336,100.75,98.9000015258789,98.9499969482422,83.730712890625,7103500,-0.012573616881967342,98.08299865722657,96.82949981689453,94.20780044555664,0.006794484202655544,69.88090891421137,1.4958684767969714,1.2129130724811257
2020-02-20,99.11000061035156,100.05999755859376,98.69000244140624,100.0199966430664,84.63613891601562,8793000,0.010813539442390274,98.4999984741211,97.04999961853028,94.3486003112793,0.006881093070071744,72.9411255919918,1.5419087955610706,1.2787122170971148
2020-02-21,99.79000091552734,100.38999938964844,99.79000091552734,100.20999908447266,84.79689025878906,6280100,0.0018996445489225522,98.89999847412109,97.25149955749512,94.48940032958984,0.006826425148670495,83.65152806304557,1.5755655500831836,1.3380828836943286
2020-02-24,99.0,99.7699966430664,98.43000030517578,98.87000274658205,83.66300964355469,7534800,-0.013371882547978609,99.16999893188476,97.39699974060059,94.61460037231446,0.007604947219727685,71.26194064929972,1.4770853444772172,1.3658833758509064
2020-02-25,99.06999969482422,99.29000091552734,95.95999908447266,96.22000122070312,81.42060089111328,9336400,-0.02680288714739143,99.07799911499023,97.43299980163575,94.70480041503906,0.00983301838965597,51.75517267427095,1.1716994736961368,1.3270465954199526
2020-02-26,96.41000366210938,97.16000366210938,95.13999938964844,95.20999908447266,80.5659408569336,12259300,-0.01049680028494071,98.80599899291992,97.3979995727539,94.7988003540039,0.010079605377181836,47.35537575694904,0.8385143677872122,1.2293401498934045
2020-02-27,93.9800033569336,93.9800033569336,90.19000244140624,90.22000122070312,76.34344482421875,18952900,-0.052410439152953736,97.95699920654297,97.12849960327148,94.79120040893555,0.015414788453238713,32.09803747203955,0.169853678950588,1.0174428557048412
2020-02-28,88.43000030517578,88.88999938964844,85.31999969482422,87.4000015258789,73.95719909667969,34732100,-0.03125692370504096,96.75899963378906,96.71199951171874,94.73340042114258,0.01663285859483993,27.524357553041014,-0.5809186731888758,0.6977705499260978
2020-03-02,88.48999786376953,91.95999908447266,87.95999908447266,91.61000061035156,77.51963806152344,21369400,0.048169325068330604,95.89199981689453,96.56399955749512,94.77520050048828,0.02023483296737184,37.84615652901784,-0.8266700913665233,0.3928824216675736
2020-03-03,91.9000015258789,94.16000366210938,90.88999938964844,91.62000274658205,77.52812957763672,20821800,0.0001091817068425982,95.03300018310547,96.40199966430664,94.79400054931641,0.02021132155010741,35.639514774701965,-1.0089917432723183,0.1125075886795952
2020-03-04,93.06999969482422,95.29000091552734,92.95999908447266,95.12000274658205,80.4897689819336,12692300,0.03820126495390852,94.65000076293946,96.366499710083,94.86780059814453,0.021960859003604605,42.7298582768262,-0.8611355817367325,-0.08222104540367035
2020-03-05,93.5999984741211,94.30999755859376,92.04000091552734,93.0500030517578,78.7381591796875,12086000,-0.021761981024528865,93.9530014038086,96.22649993896485,94.8888006591797,0.022485632084882006,37.86892825007334,-0.9006085296166191,-0.24589854224626012
2020-03-06,90.7699966430664,91.80999755859376,88.58999633789062,91.47000122070312,77.40119171142578,16538800,-0.016980137337296197,93.07900161743164,95.98950004577637,94.88860061645508,0.022719963940930343,33.54502026049947,-1.0473113154229878,-0.4061810968816057
2020-03-09,85.1500015258789,87.38999938964844,84.0999984741211,84.69000244140625,71.66400909423828,14725100,-0.07412264883366271,91.66100158691407,95.41550025939941,94.74780059814454,0.027809859173538242,26.82199061092348,-1.6911688272616487,-0.6631786429576143
2020-03-10,86.79000091552734,88.18000030517578,83.4000015258789,87.95999908447266,74.43106842041016,18279800,0.03861136555437916,90.83500137329102,94.95650024414063,94.66260055541993,0.029364292772832454,34.51676736364524,-1.9154885835030342,-0.9136406310666983
2020-03-11,85.83999633789062,86.12000274658203,82.06999969482422,82.83999633789062,70.09854125976562,14714000,-0.05820830832052448,89.5980010986328,94.20200004577637,94.47000045776367,0.031525323171874536,28.27516450760983,-2.4778420180804375,-1.2264809084694461
2020-03-12,78.0199966430664,79.95999908447266,73.36000061035156,74.7699966430664,63.26977157592773,11980900,-0.0974167075274609,88.05300064086914,93.00499992370605,94.11460037231446,0.03706264232239624,23.17587154814936,-3.5339554593668794,-1.6879758186489329
2020-03-13,78.41000366210938,81.16999816894531,74.38999938964844,81.1500015258789,68.6684799194336,11713600,0.08532840937881914,87.42800064086914,92.0935001373291,93.87600036621093,0.042973006543688456,33.11094266785611,-3.8121755100721657,-2.1128157569335797
2020-03-16,72.8499984741211,74.31999969482422,66.8499984741211,67.45999908447266,57.08411407470703,12956800,-0.16869996529871267,85.01300048828125,90.45250015258789,93.38420028686524,0.05554304606881442,27.3543317474207,-5.078790553556601,-2.7060107162581843
2020-03-17,68.26000213623047,72.0199966430664,66.05999755859375,70.62999725341797,59.76654052734375,9973600,0.04699078286342506,82.91399993896485,88.97350006103515,92.94260025024414,0.057323759618734246,31.28236334135393,-5.760397465276043,-3.3168880660617557
2020-03-18,66.30000305175781,68.41999816894531,61.02999877929688,63.68000030517578,53.88551330566406,8574700,-0.09840007388512051,79.76999969482422,87.21000022888184,92.36040023803712,0.060217000536021886,30.375628632410212,-6.783190130268991,-4.010148478903203
2020-03-19,63.0099983215332,65.23999786376953,60.810001373291016,63.709999084472656,53.91088485717773,10115000,0.00047108635604753424,76.8359992980957,85.39450035095214,91.79760025024414,0.05998249753158327,31.72913637798301,-7.504829037766655,-4.709084590675894
2020-03-20,64.37999725341797,66.31999969482422,60.5,60.91999816894531,51.550025939941406,12254800,-0.043792198330251164,73.78099899291992,83.43000030517578,91.17460021972656,0.059954289847063816,25.80034642093466,-8.207254704563113,-5.408718613453337
2020-03-23,60.65999984741211,60.65999984741211,56.27000045776367,57.84000015258789,48.94374465942383,16261300,-0.05055807795357892,71.09599876403809,81.37850017547608,90.48900016784668,0.060222787296633336,24.593860689986244,-8.909756083505485,-6.108926107463767
2020-03-24,60.90999984741211,62.61000061035156,59.290000915527344,62.470001220703125,52.86160659790039,12192800,0.08004842766080245,68.54699897766113,79.69100017547608,89.88000022888184,0.06460219920614105,25.854162674804087,-8.989268405351382,-6.684994567041291
2020-03-25,62.380001068115234,68.66999816894531,61.68000030517578,65.2699966430664,55.76386642456055,13699300,0.04482144017367706,66.78999900817871,78.19400005340576,89.30720008850098,0.066164651451306,29.67514786557797,-8.725761120622153,-7.093147877757463
2020-03-26,66.12999725341797,70.44000244140625,65.5999984741211,70.11000061035156,59.898963928222656,11439200,0.0741535807601319,66.32399940490723,77.18850002288818,88.83840003967285,0.06856264387519605,35.08379813857687,-8.033773488522414,-7.281272999910454
2020-03-27,67.94000244140625,72.0199966430664,67.61000061035156,70.19999694824219,59.9758415222168,8318700,0.0012836448025552727,65.22899894714355,76.32849979400635,88.35480003356933,0.06842297740331955,38.83838670559997,-7.392885767033945,-7.303595553335153
2020-03-30,70.79000091552734,71.81999969482422,68.48999786376953,71.5999984741211,61.17193984985352,10447900,0.019943042546157308,65.6429988861084,75.32799968719482,87.88519996643066,0.0674752145243549,37.024111379476565,-6.694835313466783,-7.1818435053614795
2020-03-31,71.22000122070312,71.22000122070312,67.88999938964844,69.56999969482422,59.437591552734375,11231300,-0.028351938862548942,65.53699913024903,74.22549953460694,87.37279991149903,0.06755089552662952,38.93244593946931,-6.233572492485223,-6.992189302786229
2020-04-01,66.33000183105469,69.72000122070312,63.709999084472656,64.9800033569336,55.516109466552734,11527300,-0.0659766617511155,65.6669994354248,72.71849956512452,86.74919990539551,0.06753963647712027,41.33168549921741,-6.167299933285989,-6.827211428886181
2020-04-02,64.06999969482422,66.5199966430664,63.97999954223633,65.26000213623047,55.75532150268555,10395900,0.004308999150997916,65.82199974060059,71.32899951934814,86.14219993591308,0.0676868218454359,34.22671894300218,-6.022758282763917,-6.666320799661729
2020-04-03,64.70999908447266,65.55000305175781,63.0099983215332,64.23999786376953,54.88387298583984,8666500,-0.015629853494820267,66.15399971008301,69.96749935150146,85.50339988708497,0.06768575986243695,45.72944014191892,-5.922245840041072,-6.517505807737598
2020-04-06,66.97000122070312,69.41999816894531,66.88999938964844,69.05999755859375,59.00188064575195,11485600,0.07503113099483194,67.2759994506836,69.18599910736084,84.96539985656739,0.06906181414026757,48.00508251575029,-5.391505393989732,-6.292305724988025
2020-04-07,71.7300033569336,73.12000274658203,69.72000122070312,69.7300033569336,59.57430267333984,9338600,0.009701792963015654,68.00199966430664,68.27449932098389,84.44999992370606,0.06833799049389015,59.1472680792082,-4.860793694292866,-6.006003318848993
2020-04-08,70.8499984741211,75.20999908447266,70.0999984741211,74.72000122070312,63.83753967285156,14284800,0.07156170405193807,68.9470001220703,67.86849956512451,84.02619987487793,0.06959374996152172,64.47541741997662,-3.991537761588148,-5.603110207396824
2020-04-09,76.33999633789062,80.12000274658203,76.33999633789062,78.87999725341797,67.39166259765625,15642200,0.05567446419637112,69.82399978637696,68.07399959564209,83.69159980773925,0.06700552821490104,72.79188054147797,-2.9331576434794187,-5.069119694613343
2020-04-13,78.51000213623047,78.75,75.12999725341797,75.66999816894531,64.64917755126953,9757500,-0.04069471597672458,70.37099990844726,67.79999942779541,83.29039970397949,0.06493721484646352,72.5524921421376,-2.326584456332455,-4.520612646957166
2020-04-14,77.3499984741211,78.48999786376953,76.7699966430664,77.66999816894531,66.35790252685547,8697500,0.026430554359664127,70.97799987792969,68.31049938201905,82.95239967346191,0.05181123304148363,70.59620523364146,-1.665291110774774,-3.9495483397206876
2020-04-15,75.43000030517578,76.18000030517578,73.86000061035156,74.7300033569336,63.84609603881836,9204500,-0.03785238678153091,71.49400024414062,68.51549968719482,82.54979972839355,0.051954155464316705,62.76998977941077,-1.3627356129538981,-3.4321857943673297
2020-04-16,74.5,75.31999969482422,73.36000061035156,73.88999938964844,63.12843322753906,9036800,-0.011240518259754917,72.3849998474121,69.02599964141845,82.11099967956542,0.04624486420486627,55.72033829813667,-1.1771698201659433,-2.981182599527053
2020-04-17,76.11000061035156,76.48999786376953,73.83000183105469,76.08999633789062,65.00798797607422,7339000,0.029773947305653747,73.46799926757812,69.64499950408936,81.71579963684081,0.0464419837991991,58.37837896500679,-0.8428701425359293,-2.5535201081288283
2020-04-20,74.66999816894531,75.0,73.2300033569336,73.33000183105469,62.64997863769531,7404300,-0.03627276435367022,74.37699966430664,70.26549968719482,81.25819969177246,0.04601262167638767,52.36921936282934,-0.7915195849091674,-2.2011200034848963
2020-04-21,71.47000122070312,72.62999725341797,70.98999786376953,71.98999786376953,61.505149841308594,8919100,-0.01827361153450391,74.66999969482421,70.9729995727539,80.77459968566895,0.044299337035111984,53.37799930905188,-0.849162403704014,-1.93072848352872
2020-04-22,73.31999969482422,73.76000213623047,72.45999908447266,73.13999938964844,62.487674713134766,6503500,0.01597446256430124,75.0109992980957,71.50649948120117,80.29459968566894,0.041330589163255625,62.60036554180605,-0.7929090784309665,-1.7031646025091693
2020-04-23,73.19000244140625,73.91999816894531,72.16999816894531,72.47000122070312,61.91523742675781,6051900,-0.009160489124096727,74.7859992980957,71.866499710083,79.7853997039795,0.04060506063580624,61.00091520149449,-0.7932471068259872,-1.521181103372533
2020-04-24,72.80000305175781,73.05999755859375,71.80999755859375,72.7699966430664,62.17153549194336,4911700,0.004139580754934258,74.17499923706055,71.99949951171875,79.26659965515137,0.03730584252115483,63.307335457344884,-0.7605408320543603,-1.3690530491088986
2020-04-27,73.3499984741211,75.36000061035156,73.19000244140625,75.06999969482422,64.13655853271484,5471500,0.03160647461671906,74.11499938964843,72.24299964904785,78.7803997039795,0.03786499728923452,60.17609877653205,-0.542773098893008,-1.2037970590657205
2020-04-28,76.7300033569336,77.5999984741211,75.66999816894531,75.75,64.717529296875,6052900,0.009058216437193733,73.92299957275391,72.4504997253418,78.28979972839356,0.03770218331049218,60.18957272528872,-0.3117268665287156,-1.0253830205583196
2020-04-29,77.3499984741211,77.8499984741211,75.76000213623047,76.91000366210938,65.70858001708984,7196600,0.01531357969781344,74.14099960327148,72.81749992370605,77.82379981994629,0.03701930887962469,54.25904933736119,-0.034619391014871326,-0.82723029464963
2020-04-30,75.68000030517578,76.30000305175781,74.79000091552734,76.05000305175781,64.97383880615234,8778000,-0.011181908326644008,74.35699996948242,73.37099990844726,77.36579994201661,0.033275856450286544,43.68586634837231,0.11427809115185994,-0.6389286174893322
2020-05-01,74.41000366210938,74.41999816894531,72.77999877929688,73.47000122070312,62.76960372924805,5740600,-0.03392507202529371,74.09500045776367,73.7814998626709,76.83480003356934,0.034596151478408256,44.94950167230172,0.023821236341930785,-0.5063786467230795
2020-05-04,72.66000366210938,73.33999633789062,71.58999633789062,73.25,62.58164596557617,4894100,-0.002994436056183547,74.08700027465821,74.23199996948242,76.29560005187989,0.03428469641214673,38.95000457763672,-0.06487094085974832,-0.41807710555041333
2020-05-05,73.87000274658203,74.76000213623047,73.55000305175781,73.5999984741211,62.88066864013672,7107700,0.004778136165475733,74.24800033569336,74.4590000152588,75.79019996643066,0.030333282981269496,46.754725315561515,-0.10569973770201102,-0.3556016319807329
2020-05-06,74.05000305175781,74.27999877929688,72.33000183105469,72.37999725341797,61.83834838867188,5740800,-0.01657610388581865,74.17200012207032,74.59149971008301,75.31339988708496,0.030623748770032305,45.75603693501634,-0.23380559058092842,-0.33124242370077206
2020-05-07,73.02999877929688,74.38999938964844,72.93000030517578,73.33999633789062,62.65851593017578,6427100,0.013263320266668321,74.25899963378906,74.52249946594239,74.87599983215333,0.026129588453749925,41.691844432294786,-0.25492784931067547,-0.3159795088227528
2020-05-08,74.5199966430664,75.27999877929688,74.12000274658203,75.08999633789062,64.15364074707031,7870600,0.023861468330833135,74.49099960327149,74.33299942016602,74.57339973449707,0.023342744341029998,55.6627848747582,-0.12897032724070812,-0.27857767250634385
2020-05-11,74.19000244140625,75.19000244140625,73.6500015258789,74.02999877929688,63.248046875,5544300,-0.014116361836321922,74.38699951171876,74.2509994506836,74.30599967956543,0.02173712918271566,56.684143610582964,-0.11337412143564052,-0.2455369622922032
2020-05-12,74.30000305175781,74.37999725341797,70.55000305175781,70.62999725341797,60.34321975708008,10986600,-0.04592734812836097,73.87499923706055,73.89899940490723,73.88639961242676,0.022942328175553122,42.83266182179113,-0.3710880520409745,-0.2706471802419575
2020-05-13,70.16000366210938,70.47000122070312,68.56999969482422,68.95999908447266,58.91644287109375,13770700,-0.023644318758125116,73.07999877929687,73.61049919128418,73.43319953918457,0.022057741418125554,40.51863389750728,-0.7019909792169585,-0.3569159400369577
2020-05-14,67.95999908447266,69.31999969482422,66.44000244140625,69.27999877929688,59.18984222412109,9536900,0.004640366865902079,72.40299835205079,73.3799991607666,72.91639945983887,0.022060776047627816,40.58284766125994,-0.927718470958979,-0.471076446221362
2020-05-15,68.80999755859375,69.06999969482422,67.83000183105469,68.95999908447266,58.91644287109375,9552500,-0.004618933320764462,71.95199813842774,73.0234992980957,72.43459938049317,0.020669560998978792,31.540787058336505,-1.1195252453188118,-0.6007662060408521
2020-05-18,71.37000274658203,73.58000183105469,71.33000183105469,72.9800033569336,62.35097885131836,11786200,0.05829472630265875,71.9249984741211,73.00599937438965,72.06479942321778,0.02366682888423591,43.03671275627411,-0.9363589841757118,-0.6678847616678241
2020-05-19,72.72000122070312,73.18000030517578,72.13999938964844,72.16000366210938,61.65039825439453,4982900,-0.011235950357712743,71.78099899291992,73.01449966430664,71.81419944763184,0.02343158250586271,37.85166430044902,-0.8475949776344436,-0.703826804861148
2020-05-20,73.02999877929688,73.11000061035156,72.29000091552734,72.86000061035156,62.24843597412109,4393100,0.009700622404620995,71.82899932861328,73.0004997253418,71.51219947814941,0.02325310286305011,41.77410381170701,-0.7125511136453753,-0.7055716666179935
2020-05-21,72.5,73.25,72.0199966430664,72.76000213623047,62.16299819946289,4139400,-0.0013724742421548086,71.77099990844727,73.01499977111817,71.31059959411621,0.023155506463863225,47.90065271718852,-0.6066043621462711,-0.6857782057236491
2020-05-22,72.6500015258789,73.80999755859375,72.45999908447266,73.75,63.00880813598633,4405800,0.013606347370852534,71.6370002746582,73.06399993896484,71.29019966125489,0.02333092301341895,51.414027735104554,-0.4377105892221067,-0.6361646824233407
2020-05-26,75.94000244140625,76.88999938964844,75.72000122070312,76.44000244140625,65.30703735351562,7415800,0.03647460937499991,71.87800064086915,73.13250007629395,71.19599967956543,0.023690470584994624,57.09291819054511,-0.08581116395028232,-0.526093978728729
2020-05-27,78.18000030517578,78.33999633789062,76.04000091552734,77.91000366210938,66.56295013427734,8143900,0.01923078458598848,72.60600128173829,73.24050025939941,71.40499977111817,0.023976221771446524,63.64086661204015,0.30813647361449625,-0.35924788826008397
2020-05-28,78.83000183105469,78.87000274658203,77.5999984741211,78.2300033569336,66.83633422851562,6195400,0.004107299188587321,73.53300170898437,73.30650024414062,71.55699989318848,0.023770869845309676,62.45544499042536,0.6388004220217169,-0.1596382262037238
2020-05-29,77.68000030517578,78.19999694824219,76.94999694824219,77.41999816894531,66.14429473876953,10074000,-0.010354149983766936,74.34700164794921,73.375,71.83179985046387,0.023749037251287457,56.23328391304206,0.825972042706141,0.03748382757824917
2020-06-01,77.36000061035156,79.7699966430664,77.19999694824219,79.20999908447266,67.67359924316406,6401800,0.023120653033615657,75.37200164794922,73.66199989318848,72.14179985046387,0.022716743769644675,63.33676302408366,1.1059957838803598,0.2511862188386713
2020-06-02,79.8499984741211,80.12000274658203,79.06999969482422,79.91999816894531,68.28020477294922,6300800,0.008963503253111904,76.0660011291504,73.99549980163575,72.52179985046386,0.022679968217898742,77.76449208444777,1.3694217669362843,0.4748333284581939
2020-06-03,80.7300033569336,82.68000030517578,80.5999984741211,82.31999969482422,70.33065795898438,9371500,0.030030049810630288,77.08200073242188,74.4314998626709,73.01139984130859,0.02338185927350862,88.25886447036903,1.7516568125124792,0.730198025269051
2020-06-04,82.0,82.02999877929688,80.8499984741211,81.62000274658203,69.73262023925781,6583900,-0.00850336432017984,77.95800094604492,74.8935001373291,73.39439987182617,0.02304113512199155,84.58520522168646,1.9753266009245039,0.9792237404001416
2020-06-05,84.33000183105469,86.11000061035156,84.2300033569336,84.58999633789062,72.27002716064453,10281900,0.03638806041859599,79.14100036621093,75.4560001373291,73.78079986572266,0.023971647879418356,88.14055364313866,2.3649781848739337,1.2563746292949
2020-06-08,85.68000030517578,86.86000061035156,85.66000366210938,86.81999969482422,74.1752700805664,6919300,0.026362495016857057,80.44800033569337,76.04250030517578,74.11499984741211,0.02406819280841161,87.00534384095607,2.821201452226447,1.5693399938812096
2020-06-09,85.33999633789062,85.91999816894531,84.30999755859375,85.41999816894531,72.97917175292969,10855200,-0.01612533437917496,81.34599990844727,76.6120002746582,74.41939987182617,0.024167396562193716,84.38795473647721,3.0348098567518917,1.8624339664553462
2020-06-10,84.9800033569336,85.41000366210938,82.58000183105469,83.23999786376953,71.11666107177734,9362100,-0.025520959399508936,81.87899932861328,77.24250030517578,74.65219985961915,0.022140744803686663,74.99999081238711,2.9936789828845605,2.088682969741189
2020-06-11,79.58000183105469,80.73999786376953,77.80999755859375,77.9800033569336,66.62274169921875,9634500,-0.0631907092963222,81.85399932861328,77.69350051879883,74.82039993286133,0.02649760720487619,60.069447510527205,2.507737238051334,2.172493823403218
2020-06-12,80.62999725341797,81.0199966430664,78.52999877929688,80.7699966430664,69.00639343261719,12788900,0.03577831708165391,82.18899917602539,78.2680004119873,75.13619979858399,0.027285653569869478,62.66233453471554,2.3209990136364667,2.2021948614498674
2020-06-15,77.8499984741211,81.61000061035156,77.4800033569336,81.16000366210938,69.8001937866211,8011900,0.004828612544909072,82.38399963378906,78.87800064086915,75.45419982910157,0.027136027209706613,59.284031393970324,2.1793556767833735,2.197627024516569
2020-06-16,84.06999969482422,84.22000122070312,81.41000366210938,82.76000213623047,71.17626190185547,7372800,0.01971412520854865,82.66800003051758,79.36700057983398,75.82459991455079,0.024671509204813945,59.49119245218339,2.171180796252486,2.1923377788637524
2020-06-17,83.20999908447266,83.29000091552734,81.58000183105469,81.63999938964844,70.21302032470703,4686800,-0.013533140619527817,82.6,79.84100036621093,76.07619995117187,0.024764090000153595,56.470581081937965,2.0506882257815278,2.1640078682473076
2020-06-18,80.91000366210938,81.19999694824219,80.33000183105469,80.7699966430664,69.46479034423828,5687200,-0.010656574633590044,82.51499938964844,80.23650016784669,76.29699981689453,0.025041782329145154,56.34229264928959,1.8635136198358708,2.1039090185650204
2020-06-19,81.97000122070312,81.9800033569336,79.23999786376953,79.75,68.58755493164062,9850800,-0.012628410120826272,82.03099975585937,80.58600006103515,76.39759979248046,0.025328438573329563,51.05304424544401,1.6142629727695947,2.0059798094059356
2020-06-22,79.45999908447266,79.76000213623047,78.26000213623047,79.5999984741211,68.45854949951172,5325400,-0.0018808968762245026,81.30899963378906,80.87849998474121,76.41199981689454,0.025285107293638222,49.36204192821736,1.3886190338552922,1.8825076542958068
2020-06-23,80.38999938964844,80.5199966430664,79.11000061035156,79.36000061035156,68.25215148925781,4775900,-0.0030150485976147,80.70299987792968,81.02449989318848,76.48579986572265,0.024142474365824746,43.54275674903775,1.1768626249595826,1.741378648428562
2020-06-24,78.33999633789062,78.58000183105469,75.33999633789062,77.08999633789062,66.29987335205078,7585000,-0.028603884261624413,80.0879997253418,80.98349952697754,76.47419982910156,0.02472428415251573,40.75131318122103,0.8164621048026959,1.5563953397033887
2020-06-25,76.48999786376953,78.08000183105469,76.4000015258789,78.04000091552734,67.11692810058594,4919500,0.012323318494825042,80.09399948120117,80.97399940490723,76.54039978027343,0.02486808445677573,35.42502705259324,0.6005764544080279,1.3652315626443168
2020-06-26,77.73999786376953,78.11000061035156,76.44000244140625,76.48999786376953,65.78384399414062,6942000,-0.01986164830310011,79.66599960327149,80.92749938964843,76.59239974975586,0.02516899966941073,26.296471362646443,0.3009441321135,1.1523740765381534
2020-06-29,77.3499984741211,77.98999786376953,76.16999816894531,77.91999816894531,67.01370239257812,6311100,0.01869525879347833,79.34199905395508,80.86299934387208,76.62899978637695,0.02497093174271309,32.81393794108514,0.17683399930857036,0.9572660610922369
2020-06-30,78.01000213623047,79.23999786376953,77.69999694824219,78.80999755859375,67.77912139892578,5965600,0.011421963687919368,78.9469985961914,80.8074993133545,76.73859970092774,0.025026072276643045,39.21091348685519,0.1485786158087592,0.7955285720355414
2020-07-01,79.0199966430664,80.91999816894531,78.91000366210938,80.58000183105469,69.3013916015625,6281500,0.022459133705022394,78.84099884033203,80.72049942016602,76.91039978027344,0.02459512631694998,57.62909626236138,0.26594492550454163,0.6896118427293415
2020-07-02,81.95999908447266,82.12999725341797,80.0199966430664,80.33000183105469,69.08636474609375,4294100,-0.003102506755015444,78.79699935913087,80.65599937438965,77.05419982910156,0.024535411611997123,48.482778905230965,0.3349248556023383,0.6186744453039409
2020-07-06,82.01000213623047,82.01000213623047,80.2300033569336,80.33999633789062,69.0949935913086,5060000,0.00012441810790631003,78.85599899291992,80.44349937438965,77.21159973144532,0.0229543187841602,47.09629347860151,0.385949435505168,0.5721294433441864
2020-07-07,79.52999877929688,79.94000244140625,78.7300033569336,78.80999755859375,67.77912139892578,3941100,-0.019044048407247494,78.7769989013672,80.04299926757812,77.33239974975587,0.022201212327573133,35.9430548941307,0.29947648938249927,0.517598852551849
2020-07-08,79.0,79.25,78.0199966430664,78.7300033569336,67.7103271484375,3753800,-0.0010150260644365972,78.7139991760254,79.70849952697753,77.40559982299804,0.02204458448325256,38.816312240983265,0.2219328888476042,0.45846565981100007
2020-07-09,78.61000061035156,78.6500015258789,77.05999755859375,78.29000091552734,67.33193969726562,3988600,-0.0055887517165652545,78.83399963378906,79.46099967956543,77.4563998413086,0.02145528510497452,40.143102676594985,0.12355029607876133,0.39148258706455236
2020-07-10,78.19999694824219,78.87000274658203,77.94000244140625,78.51000213623047,67.52112579345703,3588700,0.002810080701627582,78.88099975585938,79.48749961853028,77.48839981079101,0.01608857765813532,44.73685403577265,0.062611891474603,0.3257084479465625
2020-07-13,78.93000030517578,79.1500015258789,77.29000091552734,77.54000091552734,66.68688201904297,5494600,-0.012355129210415483,78.98600006103516,79.32599983215331,77.51819976806641,0.013990840258701443,41.825410473337094,-0.06322441340212492,0.24792187567682503
2020-07-14,77.36000061035156,78.33999633789062,77.2300033569336,78.12999725341797,67.1943130493164,4973400,0.007608928693892736,79.00699996948242,79.17449951171875,77.61139968872071,0.014075249081819294,45.25095396855041,-0.11402836988803244,0.17553182656385355
2020-07-15,79.44000244140625,79.69999694824219,78.38999938964844,78.94000244140625,67.89094543457031,4716300,0.010367403256920538,79.02000045776367,78.98349952697754,77.72519973754883,0.01346504376596841,58.050501388429616,-0.08791677242479068,0.12284210676612471
2020-07-16,78.55999755859375,78.81999969482422,77.81999969482422,78.08000183105469,67.15132141113281,4039300,-0.01089435753425394,78.77000045776367,78.80549964904785,77.8147998046875,0.013361439788128412,50.175442588479214,-0.1350611048970194,0.07126146443349589
2020-07-17,78.43000030517578,79.41000366210938,77.93000030517578,79.05999755859375,67.9941635131836,3474300,0.012551174494840778,78.64300003051758,78.71999969482422,77.94839981079102,0.013588859611048843,61.86519423265369,-0.09228209247301322,0.03855275305219407
2020-07-20,78.94000244140625,79.38999938964844,77.8499984741211,78.12000274658203,67.18571472167969,3111900,-0.011889638768519561,78.42100067138672,78.63849983215331,78.04399993896484,0.013556498822627135,50.96714118010777,-0.13269946554947865,0.004302309331859527
2020-07-21,78.69999694824219,79.12999725341797,78.12999725341797,78.31999969482422,67.35771942138672,3804000,0.0025601246954760626,78.37200088500977,78.57449989318847,78.10860000610352,0.013576709231509816,47.461147351884776,-0.14689908145560082,-0.025937968825632544
2020-07-22,78.01000213623047,79.55000305175781,77.81999969482422,79.5199966430664,68.3897476196289,3350000,0.015321717989249306,78.45100021362305,78.58249969482422,78.2183999633789,0.014025465003061639,44.16295348999397,-0.060623820764945435,-0.03287513921349512
2020-07-23,79.27999877929688,79.80999755859375,78.19999694824219,79.11000061035156,68.03714752197266,3681000,-0.005155885940930749,78.53300018310547,78.68349990844726,78.38800003051757,0.01237432062562271,43.39824391339458,-0.025044609776415427,-0.031309033326079184
2020-07-24,78.9800033569336,79.3499984741211,78.45999908447266,78.51000213623047,67.52112579345703,3584300,-0.0075843568384776905,78.53300018310547,78.70699996948242,78.57900009155273,0.012246622729462935,40.691769472266735,-0.044746877054024026,-0.03399660207166816
2020-07-27,78.52999877929688,79.44000244140625,77.63999938964844,79.41999816894531,68.30374145507812,2592400,0.011590829295047289,78.72099990844727,78.8534999847412,78.7818000793457,0.0115089195206131,53.31162967933265,0.012919085689262033,-0.02461346451948212
2020-07-28,79.30000305175781,81.29000091552734,79.16000366210938,80.83999633789062,69.52497100830078,4053500,0.017879604654795322,78.99199981689453,78.99949989318847,79.01940002441407,0.011447718712595449,59.99998553666563,0.1712279521910034,0.014554818822614987
2020-07-29,81.43000030517578,82.70999908447266,81.41000366210938,82.6500015258789,71.0816650390625,5100100,0.02238997117742203,79.3629997253418,79.19150009155274,79.21279998779296,0.012167772883541556,68.28861938483438,0.43769567795422404,0.09918299064893679
2020-07-30,81.62000274658203,82.23999786376953,81.12999725341797,82.2300033569336,70.720458984375,5807600,-0.005081647443331283,79.77799987792969,79.27400016784668,79.41419998168945,0.011312702606115997,65.34656519303282,0.6079745757963906,0.20094130767842755
2020-07-31,82.1500015258789,82.19999694824219,80.81999969482422,82.05999755859375,70.5742416381836,6989600,-0.0020674424346294185,80.07799987792968,79.36049995422363,79.5981999206543,0.011294940910203829,69.96467693311398,0.7208937673915159,0.3049317996210452
2020-08-03,82.16000366210938,82.18000030517578,80.6500015258789,80.98999786376953,69.65399169921875,3616900,-0.013039236249796415,80.36499938964843,79.39300003051758,79.76279983520507,0.011731503391769114,62.11865919071437,0.7157918048958436,0.3871038006760049
2020-08-04,80.80000305175781,82.27999877929688,80.79000091552734,82.01000213623047,70.53124237060547,3995000,0.01259420051074267,80.73399963378907,79.55300025939941,79.9279998779297,0.011076759408758342,62.78102851465499,0.7850052314571343,0.46668408683223084
2020-08-05,82.23999786376953,82.6500015258789,81.30999755859375,81.69999694824219,70.2646255493164,4036100,-0.0037800899879665284,80.95199966430664,79.70149993896484,80.03319976806641,0.011134137584634954,65.79405679043249,0.805556587909706,0.5344585870477259
2020-08-06,81.45999908447266,81.98999786376953,81.22000122070312,81.70999908447266,70.27323150634766,3137900,0.000122425172632612,81.21199951171874,79.87249984741212,80.10919967651367,0.011004121783180944,62.63108706166428,0.8132758371611999,0.5902220370704206
2020-08-07,81.45999908447266,82.86000061035156,81.33000183105469,82.81999969482422,71.22785186767578,3941300,0.01358463618637451,81.64299926757812,80.0879997253418,80.20099960327148,0.011295578356100882,72.04500625524253,0.8986026385439914,0.6518981573651348
2020-08-10,83.0,83.5,82.5999984741211,83.0199966430664,71.39985656738281,4031300,0.0024148387947251493,82.00299911499023,80.36199951171875,80.31299957275391,0.010725425547365237,72.04500625524253,0.9711678077088663,0.7157520874338812
2020-08-11,83.94999694824219,83.94999694824219,81.54000091552734,81.81999969482422,70.36781311035156,4076400,-0.01445431217495008,82.10099945068359,80.54649963378907,80.36519958496093,0.011391771835283367,60.788003103287366,0.9212271687878655,0.756847103704678
2020-08-12,82.3499984741211,82.76000213623047,82.11000061035156,82.61000061035156,71.04725646972656,2989300,0.00965535221796543,82.09699935913086,80.72999954223633,80.41899963378906,0.01136655186772337,65.85143700640482,0.9346215883215905,0.7924020006280605
2020-08-13,82.55999755859375,83.05999755859375,81.47000122070312,81.66999816894531,70.23883056640625,4181800,-0.011378797172995836,82.04099884033204,80.90949935913086,80.40599960327148,0.01139670541368875,63.88397433361872,0.8594788836466876,0.805817377231786
2020-08-14,81.47000122070312,82.43000030517578,81.38999938964844,81.68000030517578,70.24742126464844,2213900,0.00012247014148059066,82.00299911499023,81.04049949645996,80.40719955444337,0.011145059290775623,60.782433787092224,0.7916096542856366,0.8029758326425562
2020-08-17,81.83999633789062,82.33000183105469,81.38999938964844,82.31999969482422,70.7978515625,3122400,0.007835447934099626,82.1359992980957,81.25049934387206,80.36179962158204,0.010745699696976394,57.628867682186815,0.7804686463617827,0.7984743953864015
2020-08-18,82.3499984741211,82.41999816894531,81.44000244140625,81.93000030517578,70.46244049072266,3523100,-0.004737601932631619,82.12799911499023,81.43099937438964,80.26399963378907,0.010873007602247322,45.65217391304348,0.7317346444396549,0.7851264451970522
2020-08-19,82.01000213623047,82.08999633789062,80.33999633789062,80.45999908447266,69.19817352294922,4337000,-0.017942160566674192,82.00399932861328,81.47799949645996,80.1647996520996,0.011313362779791811,40.514463931755884,0.5679488231119194,0.7416909207800257
2020-08-20,80.08000183105469,81.69999694824219,79.8499984741211,81.19000244140625,69.82601165771484,3036300,0.009072873045489205,81.95199966430664,81.58199958801269,80.12379974365234,0.011376360885531803,45.601648995914545,0.49138813318761265,0.6916303632615433
2020-08-21,81.08999633789062,81.68000030517578,80.41999816894531,81.30999755859375,69.92921447753906,2933300,0.0014779543488017133,81.80099945068359,81.72199935913086,80.19039962768555,0.01118014920223602,51.789705449378516,0.43537708196058134,0.6403797070013508
2020-08-24,81.47000122070312,81.98999786376953,80.44999694824219,81.94999694824219,70.47962951660156,3110600,0.007871103294367243,81.69399948120117,81.8484992980957,80.21399963378906,0.011038977795492082,49.64950261903765,0.4375862998947184,0.5998210255800244
2020-08-25,82.13999938964844,82.33999633789062,81.3499984741211,82.1500015258789,70.65164184570312,3043100,0.0024405684574098085,81.72699966430665,81.91399955749512,80.23379959106445,0.010361663894285689,52.66274753760296,0.45028521130822696,0.5699138627256649
2020-08-26,82.0,82.05999755859375,80.87999725341797,81.37999725341797,69.98942565917969,4668400,-0.009373149825424809,81.60399932861328,81.85049934387207,80.2061994934082,0.009263211118988108,48.20846042078441,0.3936782032300954,0.534666730826551
2020-08-27,81.48999786376953,82.79000091552734,81.48999786376953,82.54000091552734,70.987060546875,4541700,0.014254161971732682,81.69099960327148,81.86599922180176,80.22419952392578,0.00978008207473681,48.48812913601729,0.43737752660518936,0.5152088899822787
2020-08-28,82.7699966430664,83.08999633789062,81.9000015258789,83.05000305175781,71.42568969726562,3770000,0.006178848201763509,81.82799987792968,81.91549949645996,80.2697996520996,0.009851529918181086,50.156773050182515,0.5073144600415986,0.5136300039941427
2020-08-31,82.97000122070312,83.01000213623047,81.95999908447266,82.25,70.73765563964844,3392800,-0.009632787746669202,81.82099990844726,81.97849960327149,80.3197996520996,0.009629417493183008,52.3445982429969,0.4925090851288587,0.5094058202210859
2020-09-01,81.98999786376953,82.41000366210938,81.4000015258789,82.33999633789062,70.8150405883789,3026500,0.0010941803998860689,81.86199951171875,81.9949993133545,80.374599609375,0.009223921063281508,48.406117195198625,0.482475988318086,0.504019853840486
2020-09-02,82.36000061035156,83.97000122070312,81.7699966430664,83.83999633789062,72.1050796508789,5049500,0.01821714921925177,82.19999923706055,82.10199928283691,80.46419952392579,0.009998156180676376,62.015475057917406,0.5887751177305347,0.5209709066184958
2020-09-03,83.87999725341797,84.52999877929688,82.18000030517578,82.80000305175781,71.21066284179688,5707500,-0.012404500614974334,82.3609992980957,82.15649948120117,80.57839965820312,0.01046022816216679,55.56661117789145,0.5823857960945702,0.5332538845137107
2020-09-04,83.0,83.58000183105469,81.0199966430664,82.41999816894531,70.88383483886719,7279500,-0.004589430782689252,82.47199935913086,82.13649940490723,80.66599960327149,0.010065310240215805,50.51019574046697,0.54042926232529,0.5346889600760266
2020-09-08,82.06999969482422,82.06999969482422,80.79000091552734,81.38999938964844,69.99801635742188,5431300,-0.012496952222512459,82.41599960327149,82.05499954223633,80.76399963378907,0.010408348733272559,47.413791213489105,0.41923345133905343,0.511597858328632
2020-09-09,81.7300033569336,83.13999938964844,81.62999725341797,82.12999725341797,70.63442993164062,4645000,0.009091999868765743,82.41399917602538,82.07049942016602,80.84819961547852,0.010127085008671705,58.599366705691004,0.37853304780338703,0.4849848962235831
2020-09-10,82.0199966430664,82.30999755859375,80.98999786376953,81.02999877929688,69.68842315673828,4574500,-0.013393382575272339,82.37899932861328,81.99149932861329,80.89259963989258,0.010308804318387047,49.20633118529586,0.25458233430219934,0.43890438383930636
2020-09-11,81.23999786376953,81.48999786376953,79.91000366210938,80.58000183105469,69.3013916015625,4298300,-0.005553461125772152,82.18299942016601,81.93699951171875,80.89259963989258,0.010077281300833336,46.49377775823403,0.11867153629418681,0.3748578143302825
2020-09-14,81.16999816894531,82.94000244140625,80.94999694824219,82.73999786376953,71.1590576171875,4373400,0.026805609129217034,82.1519989013672,81.98999938964843,80.94079956054688,0.01180024876329971,53.31098447325523,0.18314371099114624,0.33651499366245524
2020-09-15,83.04000091552734,84.44999694824219,82.9800033569336,83.69999694824219,71.98470306396484,4166400,0.011602599821833204,82.2969985961914,82.05899925231934,81.0079995727539,0.011949086055478276,56.10715546115169,0.3081501143043539,0.330842017790835
2020-09-16,84.19999694824219,84.97000122070312,83.75,84.1500015258789,72.37171173095703,3958900,0.005376398973048868,82.47799911499024,82.1699993133545,81.1147996520996,0.011911935636437122,61.19646469630433,0.4384757229303915,0.3523687588187463
2020-09-17,83.36000061035156,83.91999816894531,82.05999755859375,82.56999969482422,71.01286315917969,4258900,-0.018776016665534856,82.35099945068359,82.27549934387207,81.19159957885742,0.011984454511961725,50.11727441377706,0.4095457748133242,0.36380416201766186
2020-09-18,82.5999984741211,82.5999984741211,80.63999938964844,80.79000091552734,69.48201751708984,6820100,-0.021557451687970075,82.14999923706054,82.25549926757813,81.24159957885742,0.012871677405556921,41.96300229370368,0.24021846811315584,0.33908702323676065
2020-09-21,79.54000091552734,79.80999755859375,78.08999633789062,78.54000091552734,67.54692840576172,5721100,-0.027849981117744504,81.76199951171876,82.1169994354248,81.24219955444336,0.01426899249667408,38.03996704256183,-0.07467008805494402,0.25633560097841973
2020-09-22,78.68000030517578,80.06999969482422,78.4800033569336,79.45999908447266,68.3381576538086,4788600,0.01171375296945576,81.56899948120117,81.99249954223633,81.28059951782227,0.014428702358647984,41.18727281641115,-0.24713653780860056,0.15564117322101567
2020-09-23,79.0199966430664,79.0199966430664,76.62000274658203,76.70999908447266,66.3731460571289,4149800,-0.03460860850346248,81.02699966430664,81.72049942016602,81.25219955444337,0.016176388256379008,29.7327975259753,-0.5988166732246327,0.00474960393188599
2020-09-24,76.70999908447266,78.12000274658203,76.36000061035156,77.05000305175781,66.6673583984375,7611800,0.004432329179286487,80.62900009155274,81.50399971008301,81.21439956665039,0.01619791208632612,32.97809293135893,-0.8404025976192884,-0.1642808363783489
2020-09-25,76.79000091552734,78.72000122070312,76.63999938964844,78.61000061035156,68.01714324951172,3292100,0.020246560633434774,80.43199996948242,81.30749969482422,81.22499954223633,0.016577154748330346,39.45766676377578,-0.8956578317429944,-0.310556235451278
2020-09-28,79.75,80.51000213623047,79.51000213623047,80.18000030517578,69.37557983398438,3960900,0.01997200970149171,80.17600021362304,81.16399955749512,81.24739959716797,0.01722302679040257,46.749060878983656,-0.8034999018341011,-0.4091449687278426
2020-09-29,80.12000274658203,80.20999908447266,79.0,79.58000183105469,68.8564453125,4520900,-0.007483143824362881,79.7640007019043,81.03049964904785,81.27659957885743,0.017177006775889028,43.09692391132385,-0.7700028275979207,-0.48131654050185824
2020-09-30,80.0,80.69000244140625,79.04000091552734,79.83999633789062,69.08140563964844,4276500,0.0032670834487777967,79.33300018310547,80.90549964904785,81.30699951171874,0.017201186848948415,46.625061991571734,-0.7142434175787002,-0.5279019159172267
2020-10-01,80.12000274658203,81.44999694824219,79.80999755859375,81.37999725341797,70.41387939453125,18707600,0.01928858950606549,79.21399993896485,80.78249969482422,81.34419952392578,0.017267039178954155,52.13674064166002,-0.5395686681189744,-0.5302352663575762
2020-10-02,80.26000213623047,82.94000244140625,79.9000015258789,82.68000030517578,71.5387191772461,18898100,0.01597447893380477,79.40299987792969,80.77649955749511,81.41559951782227,0.017475232195608273,49.83203371628393,-0.2928623540930033,-0.4827606839046617
2020-10-05,82.9000015258789,83.41999816894531,81.63999938964844,83.13999938964844,71.93671417236328,12648700,0.005563607677488758,79.8629997253418,80.81249961853027,81.50819946289063,0.017480127571741458,48.38710386260059,-0.05954138503673789,-0.39811682413107696
2020-10-06,83.33000183105469,83.7699966430664,82.29000091552734,82.62000274658203,71.48678588867188,20491400,-0.00625447013331526,80.17900009155274,80.87399978637696,81.57219955444336,0.017289009606386293,45.61101714797967,0.08245726460646097,-0.30200200638356944
2020-10-07,83.12000274658203,83.16000366210938,82.33000183105469,82.70999908447266,71.56464385986328,3424200,0.0010892802577926464,80.77900009155273,80.90299987792969,81.609599609375,0.01718153654702477,50.439145239091246,0.19994927900644655,-0.20161174930556627
2020-10-08,83.16999816894531,84.31999969482422,82.97000122070312,84.01000213623047,72.68949127197266,4177600,0.015717604475247393,81.475,81.05200004577637,81.63679962158203,0.017176323235193122,60.41398124332551,0.39342674992718685,-0.08260404945901566
2020-10-09,84.33000183105469,84.56999969482422,83.4000015258789,83.6500015258789,72.37800598144531,10875100,-0.004285211298623581,81.97900009155273,81.20550003051758,81.66519958496093,0.017149490156750623,68.82831097362825,0.5118101699091255,0.036278794414612583
2020-10-12,83.76000213623047,84.31999969482422,83.30000305175781,84.1500015258789,72.81061553955078,5738400,0.0059772862029812135,82.37600021362304,81.27600021362305,81.70699966430664,0.01616899951317778,67.83271717966392,0.6386141579871776,0.15674586712912558
2020-10-13,84.04000091552734,84.04000091552734,82.31999969482422,82.80000305175781,71.64253997802734,4940500,-0.016042762324917192,82.69800033569337,81.23100051879882,81.7431997680664,0.01639236259714705,75.91492732591172,0.6229921717026201,0.2499951280438245
2020-10-14,82.69999694824219,82.93000030517578,81.70999908447266,81.83000183105469,70.8032455444336,5918500,-0.011714990156422855,82.89700088500976,81.11500053405761,81.7395997619629,0.016519733028929673,69.3053424294527,0.5262740831135915,0.3052509190577779
2020-10-15,81.02999877929688,82.81999969482422,81.02999877929688,82.16999816894531,71.0974349975586,4817100,0.004154910549709845,82.9760009765625,81.09500045776367,81.74899978637696,0.016028998845582842,65.94982642425768,0.4716225924198483,0.338525253730192
2020-10-16,82.19000244140625,82.30999755859375,81.52999877929688,81.66000366210938,70.65618133544922,4338800,-0.006206578047955769,82.87400131225586,81.13850059509278,81.74799987792969,0.01529937316364691,57.32676146771665,0.38274653400998204,0.34736950978615
2020-10-19,81.8499984741211,82.06999969482422,80.22000122070312,80.33999633789062,69.51403045654297,4996400,-0.01616467383078557,82.59400100708008,81.22850036621094,81.69839981079102,0.01434730666198646,53.51199197855306,0.20345278108439402,0.31858616404579887
2020-10-20,80.91000366210938,81.48999786376953,80.69000244140625,80.94000244140625,70.03317260742188,7054500,0.007468336206939208,82.4260009765625,81.30250053405761,81.65679992675781,0.014214857453991571,54.92834114047105,0.10852565208031706,0.27657406165270254
2020-10-21,80.63999938964844,81.04000091552734,80.33000183105469,80.62000274658203,69.75630187988281,4019900,-0.003953541946775552,82.21700134277344,81.49800071716308,81.63279998779296,0.01157937964976997,46.17709094481662,0.00738874456030203,0.22273699823422244
2020-10-22,80.56999969482422,80.87999725341797,80.23999786376953,80.5199966430664,69.66976165771484,3928800,-0.0012404626656982165,81.86800079345703,81.67150039672852,81.59099990844726,0.011600364193477595,37.64300741115776,-0.07991147038180202,0.16220730451101756
2020-10-23,80.7699966430664,81.30999755859375,80.38999938964844,81.01000213623047,70.09373474121094,2641500,0.006085513084857608,81.60400085449218,81.79150047302247,81.57779998779297,0.010853421100489584,37.856360531464475,-0.1083096453645993,0.10810391453589419
2020-10-26,80.31999969482422,80.41000366210938,79.23999786376953,79.9800033569336,69.2025375366211,3991400,-0.01271446429003642,81.18700103759765,81.78150062561035,81.54380004882813,0.010386018553155314,35.775886874666,-0.211489774592863,0.04418517671014274
2020-10-27,80.08000183105469,80.48999786376953,78.77999877929688,78.80000305175781,68.1815414428711,3414500,-0.014753691618512366,80.78700103759766,81.74250068664551,81.4734001159668,0.010778823742322788,31.14759284559736,-0.3840498457732764,-0.04146182778654108
2020-10-28,77.45999908447266,78.2699966430664,76.61000061035156,76.87000274658203,66.5116195678711,6085000,-0.024492388711052526,80.29100112915039,81.59400100708008,81.37220016479492,0.011995346300383253,17.545502339446543,-0.6688299846235424,-0.16693545915394134
2020-10-29,76.97000122070312,78.58999633789062,76.33000183105469,78.04000091552734,67.52397155761719,5759000,0.015220477782503128,79.8780014038086,81.42700119018555,81.32380020141602,0.011647936394703589,26.24896476786897,-0.7909931456345305,-0.2917469964500592
2020-10-30,77.55000305175781,78.0999984741211,76.62000274658203,77.51000213623047,67.06537628173828,6507300,-0.006791373309574356,79.4630012512207,81.16850128173829,81.2502001953125,0.010883288909285858,21.95948950121594,-0.9199699619188522,-0.41739158954381783
2020-11-02,78.36000061035156,79.4800033569336,77.87999725341797,79.45999908447266,68.75260925292969,6576200,0.025158004057526773,79.3750015258789,80.9845012664795,81.21320022583008,0.01247598573259895,36.57555762304076,-0.8549808738269178,-0.5049094464004379
2020-11-03,80.08000183105469,81.3499984741211,79.88999938964844,80.98999786376953,70.07643127441406,7949700,0.01925495591398585,79.38000106811523,80.90300102233887,81.19400024414062,0.013314098090602241,46.7692174065121,-0.6722689406619509,-0.5383813452527405
2020-11-04,81.38999938964844,82.44000244140625,80.5999984741211,81.16000366210938,70.22351837158203,6721800,0.002099096219582597,79.43400115966797,80.8255012512207,81.17420028686523,0.0133239967797878,46.06393935501672,-0.5078956650593085,-0.5322842092140542
2020-11-05,81.80000305175781,82.20999908447266,81.11000061035156,81.41999816894531,70.4485092163086,5409000,0.0032034807183889402,79.52400131225586,80.69600105285645,81.17500030517579,0.012787501460294379,49.04608439142016,-0.3525848968474321,-0.4963443467407298
2020-11-06,81.45999908447266,82.06999969482422,80.6500015258789,80.95999908447266,70.05048370361328,6837600,-0.005649706396678722,79.51900100708008,80.56150093078614,81.14340026855469,0.012806842304434216,52.64506091468039,-0.26357969319950314,-0.4497914160324845
2020-11-09,85.0,88.76000213623047,83.0999984741211,83.30000305175781,72.07516479492188,17599700,0.028903211385213012,79.8510009765625,80.51900100708008,81.14840026855468,0.014438585525029341,58.766714090566424,-0.004175531205319771,-0.3606682390670516
2020-11-10,83.30000305175781,84.48999786376953,82.95999908447266,84.2300033569336,72.8798599243164,9468700,0.011164469040870761,80.39400100708008,80.59050102233887,81.18800033569336,0.014167219678641693,62.82870906590666,0.27329699078369174,-0.23387519309690294
2020-11-11,84.8499984741211,85.18000030517578,83.9800033569336,84.7699966430664,73.34708404541016,5307900,0.00641093748797017,81.18400039672852,80.73750076293945,81.23660034179687,0.013891362554251989,64.64507790818854,0.5306518842183578,-0.0809697776338508
2020-11-12,84.33999633789062,84.79000091552734,83.22000122070312,83.75,72.46455383300781,3756800,-0.012032519564218136,81.75500030517578,80.81650085449219,81.23480041503906,0.014218210270990548,59.10904413842292,0.6448686424855907,0.06419790639003752
2020-11-13,84.12999725341797,86.08000183105469,84.12999725341797,85.94000244140625,74.35942840576172,4854100,0.026149282882462765,82.59800033569336,81.03050079345704,81.29760040283203,0.015158918847240731,68.39507103112277,0.9017068257132763,0.2316996902546853
2020-11-16,87.4000015258789,87.80999755859375,85.72000122070312,86.63999938964844,74.96507263183594,7907600,0.008145181851948902,83.31600036621094,81.34550094604492,81.3820004272461,0.014531146728012694,74.9363973889199,1.1484976736777952,0.41505928693930727
2020-11-17,85.98999786376953,87.04000091552734,85.54000091552734,86.70999908447266,75.02566528320312,5134800,0.0008079373882425855,83.88800048828125,81.63400077819824,81.48840042114257,0.014520940999425561,85.49785980394748,1.334348055303451,0.598917040612136
2020-11-18,86.94999694824219,87.37000274658203,85.0199966430664,85.1500015258789,73.67585754394531,7843200,-0.017990976531714664,84.2870002746582,81.86050071716309,81.5488005065918,0.015224839357157861,74.94739727611585,1.3403068333240071,0.7471949991545104
2020-11-19,85.05000305175781,85.37999725341797,84.02999877929688,85.31999969482422,73.82295989990234,4440100,0.0019964552659890167,84.6770004272461,82.10050086975097,81.63460052490234,0.015196280901456591,78.11377423118245,1.3432623471497322,0.8664084687535548
2020-11-20,85.27999877929688,85.44000244140625,84.47000122070312,84.91999816894531,73.47686004638672,3544800,-0.0046882504372907086,85.07300033569337,82.29600067138672,81.72140045166016,0.01527223926867782,72.12319319511792,1.2983611340125947,0.9527990018053629
2020-11-23,85.36000061035156,85.7300033569336,84.69000244140625,84.8499984741211,73.41629028320312,4796400,-0.0008243016525384395,85.22799987792969,82.5395004272461,81.76360046386719,0.014876332458474535,67.73899031037921,1.242801961352086,1.0107995937147076
2020-11-24,85.87000274658203,86.2699966430664,84.9800033569336,85.08999633789062,73.62394714355469,4574200,0.002828495793582464,85.31399917602539,82.85400009155273,81.79140045166015,0.014275320376512092,67.945202043427,1.2042548384418268,1.0494906426601316
2020-11-25,85.23999786376953,85.31999969482422,84.43000030517578,85.16000366210938,73.68453979492188,3380500,0.0008227444732840095,85.35299987792969,83.2685001373291,81.81160049438476,0.012651192921237604,67.37921655437648,1.1659150291086036,1.0727755199498261
2020-11-27,85.36000061035156,85.43000030517578,84.52999877929688,84.9000015258789,73.45956420898438,1658900,-0.0030531015153789642,85.46800003051757,83.61150016784669,81.85820053100586,0.012549588597933791,68.6553189029853,1.1018490248421529,1.0785902209282916
2020-11-30,84.75,84.81999969482422,83.76000213623047,84.16000366210938,72.81928253173828,4633900,-0.008716111312954022,85.2900001525879,83.94400024414062,81.9256005859375,0.012646093880520985,54.79911512562968,0.9800670092917443,1.058885578600982
2020-12-01,85.18000030517578,85.48999786376953,84.77999877929688,85.12000274658203,73.64991760253906,4831100,0.011406832731696515,85.13800048828125,84.2270004272461,82.0572006225586,0.011791569585007915,54.949946365043594,0.9500660179860603,1.0371216664779976
2020-12-02,84.87999725341797,85.43000030517578,84.2300033569336,84.36000061035156,72.99232482910156,4372300,-0.008928596237163355,84.90300064086914,84.3955005645752,82.15520065307618,0.011491388032539306,47.77417984000636,0.8551070536115333,1.0007187439047047
2020-12-03,84.43000030517578,85.38999938964844,84.29000091552734,84.98999786376953,73.53742980957031,4539200,0.007467961698196746,84.8870002746582,84.58700027465821,82.32080062866211,0.011553838419237416,57.0294665911224,0.8212203860282301,0.9648190723294099
2020-12-04,85.4000015258789,86.26000213623047,85.3499984741211,86.23999786376953,74.61900329589844,3714600,0.014707613029989908,84.97900009155273,84.82800025939942,82.50460052490234,0.011879239439338572,51.903524917049666,0.8850274654313068,0.9488607509497893
2020-12-07,85.94999694824219,86.33000183105469,85.23999786376953,85.56999969482422,74.03929138183594,8254400,-0.007768995657950861,85.04400024414062,85.05850028991699,82.6438005065918,0.01196906596118459,43.18471399483922,0.8714858364958502,0.9333857680590014
2020-12-08,85.16999816894531,85.66999816894531,85.05999755859375,85.1500015258789,73.67585754394531,4100000,-0.004908240860619251,85.07400054931641,85.15100021362305,82.74320053100585,0.010375892493592954,40.4878162245648,0.8174407081946811,0.9101967560861374
2020-12-09,85.23999786376953,85.37000274658203,83.95999908447266,84.5,73.11346435546875,7956700,-0.007633605569359325,85.01500091552734,85.16450004577636,82.84160049438476,0.01027186123175673,45.54182822875622,0.7139301217553538,0.8709434292199807
2020-12-10,84.13999938964844,84.68000030517578,83.7300033569336,84.01000213623047,72.68949127197266,2823000,-0.0057987912872133895,84.90000076293946,85.12650032043457,82.92500061035156,0.010246719805946413,41.39292080468551,0.5856079794665163,0.8138763392692879
2020-12-11,83.63999938964844,84.1500015258789,83.22000122070312,84.05000305175781,72.72410583496094,2862700,0.00047614467932621807,84.81500091552735,85.14150047302246,82.97840072631836,0.00987434899729197,44.00003367456897,0.4815880495162759,0.7474186813186856
2020-12-14,84.06999969482422,84.69999694824219,82.98999786376953,83.05999755859375,72.38507843017578,3817000,-0.011778768081119773,84.70500030517579,84.99750022888183,82.98600067138672,0.008119628403642692,39.04528980939601,0.3156279733254621,0.6610605397200409
2020-12-15,83.4000015258789,84.68000030517578,82.88999938964844,84.66000366210938,73.77946472167969,3719700,0.019263257290453417,84.65900039672852,84.89850044250488,83.01640075683594,0.009143175760774473,47.74400817216628,0.3096411871507172,0.5907766692061761
2020-12-16,84.88999938964844,85.33000183105469,84.33000183105469,84.79000091552734,73.89275360107422,3965600,0.001535521471706991,84.70200042724609,84.80250053405761,83.05980072021484,0.00915267461195409,48.07089367301495,0.3117921619343207,0.534979767751805
2020-12-17,85.25,85.69000244140625,84.8499984741211,85.62000274658203,74.61608123779297,3547200,0.009788911688791924,84.76500091552734,84.82600059509278,83.11800079345703,0.008538399748800244,53.54331181684655,0.3761351838354159,0.5032108509685272
2020-12-18,85.68000030517578,85.81999969482422,83.54000091552734,84.08000183105469,73.27400207519531,4291000,-0.017986461879538118,84.54900131225585,84.7640007019043,83.11940078735351,0.009451042915058718,49.63502836657269,0.2994108666066211,0.46245085409614606
2020-12-21,82.91999816894531,83.68000030517578,82.56999969482422,83.54000091552734,72.80340576171875,4952200,-0.006422465553847068,84.34600143432617,84.6950008392334,83.11720077514649,0.009497503652597402,42.504741223307995,0.19281013629576194,0.40852271053606926
2020-12-22,83.70999908447266,84.2699966430664,83.31999969482422,84.19999694824219,73.37857818603516,3383200,0.007900359414434455,84.2510009765625,84.66250076293946,83.11820068359376,0.009693518014066692,49.233699115458144,0.1597430352568665,0.35876677548022873
2020-12-23,84.55999755859375,85.01000213623047,83.55000305175781,83.62999725341797,72.8818359375,4579400,-0.006769592820467629,84.1640007019043,84.58950080871583,83.13480056762695,0.00976572488189754,43.448940411369705,0.0865452677873435,0.3043224739416517
2020-12-24,83.93000030517578,84.31999969482422,83.68000030517578,84.29000091552734,73.4570541381836,981700,0.007891948867454923,84.19200057983399,84.54600067138672,83.18400054931641,0.009954411254634223,40.04088229701463,0.08086018349615642,0.25963001585255263
2020-12-28,84.66000366210938,85.2300033569336,84.26000213623047,85.05999755859375,74.1280517578125,6311700,0.00913508879704561,84.29300003051758,84.55400047302246,83.24180053710937,0.010158697362537076,47.421629048146926,0.13690880768932345,0.2350857742199068
2020-12-29,85.44999694824219,85.75,84.19000244140625,84.37000274658203,73.52674102783203,3138900,-0.0081118602376683,84.4240005493164,84.56450042724609,83.29600051879883,0.010131825826025927,46.16142471382272,0.12421901192304574,0.2129124217605346
2020-12-30,84.29000091552734,85.31999969482422,84.29000091552734,84.75,73.85791778564453,4933800,0.004503937905031785,84.43300018310546,84.54600028991699,83.38420059204101,0.009842453284490967,51.263903010255326,0.14317443418025277,0.19896482424447826
2020-12-31,84.73999786376953,85.87999725341797,84.08000183105469,85.6500015258789,74.6422348022461,4171500,0.010619487031019448,84.51900024414063,84.61050033569336,83.47840057373047,0.009897551802624928,57.96115972688258,0.22818892451819295,0.20480964429922122
2021-01-04,85.86000061035156,85.98999786376953,82.70999908447266,82.73999786376953,72.10620880126953,14744100,-0.03397552376260171,84.23099975585937,84.49800033569336,83.52080047607421,0.01244086687782251,45.02655804390984,0.060058231087424474,0.1758593616568619
2021-01-05,82.72000122070312,83.48999786376953,82.63999938964844,82.7300033569336,72.09751892089844,13595100,-0.00012079413940035977,84.09599990844727,84.32250061035157,83.56500061035156,0.01186740662099572,48.646454708352344,-0.0731498025570545,0.1260575288140786
2021-01-06,82.66000366210938,83.26000213623047,82.1500015258789,82.69000244140625,72.06266021728516,18629400,-0.0004835115907678711,84.01100006103516,84.17850074768066,83.59860061645507,0.011792845424281571,40.733757555835304,-0.17987241132280474,0.06487154078670193
2021-01-07,82.69999694824219,83.0,82.19000244140625,82.68000030517578,72.053955078125,10663300,-0.00012095943808387855,83.85900039672852,84.05500068664551,83.65260055541992,0.011771662960737924,39.96193285838936,-0.26223505400011504,-0.000549778170661458
2021-01-08,82.8499984741211,83.73999786376953,82.80999755859375,83.4800033569336,72.7510986328125,4345200,0.009675895607220264,83.84400100708008,84.00400085449219,83.74620056152344,0.011924890768134494,39.79007508550312,-0.2599578490743113,-0.05243139235139143
2021-01-11,83.08000183105469,83.37999725341797,82.06999969482422,82.30000305175781,71.7227783203125,3548500,-0.01413512527222216,83.64500122070312,83.91850090026855,83.85480056762695,0.012259418274469917,41.20553538472673,-0.3493423100259747,-0.1118135758863081
2021-01-12,82.12999725341797,82.43000030517578,81.45999908447266,82.2699966430664,71.69662475585938,5314900,-0.00036459790496645716,83.36600112915039,83.82950057983399,83.93940048217773,0.012255690900141246,43.39227787825043,-0.417785435282255,-0.1730079477654975
2021-01-13,82.19000244140625,83.43000030517578,82.19000244140625,83.27999877929688,72.57681274414062,8842500,0.012276676521726815,83.25700073242187,83.84050064086914,84.05480041503907,0.012322176552605825,45.38153840968595,-0.38607790790304364,-0.21562193979300673
2021-01-14,83.5,84.16999816894531,83.13999938964844,83.63999938964844,72.89056396484375,4538600,0.004322773962876836,83.14600067138672,83.7895004272461,84.13840042114258,0.011533618916900974,50.051292966173236,-0.3281180824023693,-0.23812116831487928
2021-01-15,83.54000091552734,84.88999938964844,83.26000213623047,84.58999633789062,73.71846008300781,6775200,0.011358165413374754,83.0400001525879,83.77950019836426,84.210400390625,0.011832019118412196,51.49400097115192,-0.20318549296338517,-0.23113403324458046
2021-01-19,85.1500015258789,85.1500015258789,84.04000091552734,84.36000061035156,73.51803588867188,3413600,-0.002718947127274385,83.20200042724609,83.71650009155273,84.27440032958984,0.011613085966824296,46.315805535567435,-0.12133556790219302,-0.20917434017610298
2021-01-20,84.38999938964844,86.37999725341797,84.13999938964844,86.05999755859375,74.9995346069336,6889500,0.020151694356834726,83.53499984741211,83.81549987792968,84.36720031738281,0.01175147775953579,58.03993562563563,0.07978689994456545,-0.15138209215196932
2021-01-21,85.7300033569336,85.93000030517578,85.01000213623047,85.80000305175781,74.77294921875,4779600,-0.0030210842924893733,83.84599990844727,83.92849998474121,84.46400039672852,0.01165914160705034,55.052950497783144,0.21571192805475903,-0.07796328811062365
2021-01-22,85.47000122070312,86.16000366210938,85.22000122070312,85.97000122070312,74.92109680175781,6286300,0.0019813305699156736,84.175,84.01700019836426,84.51740036010742,0.011560176446488577,51.65631380044307,0.3333087478512198,0.00429111908174503
2021-01-25,86.01000213623047,87.20999908447266,85.54000091552734,86.61000061035156,75.4788589477539,5140000,0.0074444501635566596,84.4879997253418,84.16600036621094,84.56500030517579,0.011487293847733754,76.18408025429967,0.47269870045170137,0.0979726353557363
2021-01-26,86.76000213623047,87.5,86.62000274658203,87.23999786376953,76.02787780761719,3790600,0.007273955074221128,84.98199920654297,84.31350021362304,84.61440032958984,0.01147090788195518,78.15229463008365,0.6267766641526578,0.2037334411151206
2021-01-27,86.69000244140625,87.30999755859375,85.31999969482422,85.79000091552734,74.76423645019531,5641100,-0.016620781565199527,85.33399963378906,84.35000038146973,84.65520034790039,0.012034184914559536,66.45436086748408,0.6246809912477289,0.2879229511416423
2021-01-28,85.69999694824219,87.13999938964844,85.37999725341797,86.16000366210938,75.0866928100586,5032200,0.0043128889454886465,85.62200012207032,84.43950042724609,84.65960037231446,0.01188618465185668,67.79144430497948,0.6454360991977239,0.35942558075285863
2021-01-29,85.86000061035156,86.55999755859375,84.81999969482422,85.27999877929688,74.31977081298828,5572600,-0.010213612411897999,85.78600006103515,84.46600036621093,84.63240036010743,0.012118834349071371,59.12777233127691,0.5841420068065872,0.4043688659636044
2021-02-01,85.79000091552734,87.4000015258789,84.87000274658203,87.33999633789062,76.11502075195312,13611800,0.02415569404409812,86.06100006103516,84.55050010681153,84.64500030517578,0.01306194652736857,73.4636772294333,0.6937929703559576,0.462253686842075
2021-02-02,87.87000274658203,88.11000061035156,87.12999725341797,87.80999755859375,76.52461242675781,12298500,0.005381282807533472,86.40599975585937,84.80400009155274,84.69820022583008,0.010144992068498329,74.77642363805231,0.8092883472059356,0.5316606189148472
2021-02-03,87.51000213623047,87.73999786376953,86.37000274658203,87.56999969482422,76.31546783447266,11551100,-0.0027331496463074423,86.55699996948242,85.04599990844727,84.74320022583008,0.010204294013446058,70.60522977272278,0.8714083901101475,0.5996101731539073
2021-02-04,87.5999984741211,88.56999969482422,87.37999725341797,88.06999969482422,76.75119018554688,11375300,0.005709717959831773,86.78399963378907,85.31499977111817,84.80620025634765,0.010190297071900951,70.9953015858323,0.9500333993358367,0.6696948183902932
2021-02-05,88.2300033569336,88.51000213623047,87.94999694824219,88.23999786376953,76.89936065673828,5332900,0.0019302619454339975,87.0109992980957,85.59299964904785,84.87400024414063,0.010165344047416645,68.67967492626336,1.0143687060885185,0.7386295959299384
2021-02-08,88.23999786376953,88.5,87.80000305175781,88.4800033569336,77.10852813720703,5033800,0.002719917259456306,87.1979995727539,85.84299964904785,84.94180038452149,0.010054409472540993,71.06342778553113,1.0723598409637987,0.8053756449367104
2021-02-09,88.55000305175781,89.01000213623047,88.30000305175781,88.87000274658203,77.4483871459961,3279900,0.004407768703117654,87.36100006103516,86.17149963378907,85.01600036621093,0.00921489435905647,66.58800067376522,1.1366849282487124,0.8716375015991109
2021-02-10,89.33999633789062,89.98999786376953,88.94999694824219,89.44000244140625,77.94514465332031,5026400,0.0064138593136944255,87.72600021362305,86.52999992370606,85.10680038452148,0.009174831356078744,70.7289287911492,1.2195984631359806,0.9412296939064849
2021-02-11,89.4800033569336,89.88999938964844,88.98999786376953,89.41999816894531,77.92769622802734,3177900,-0.000223661358619065,88.05199966430663,86.83699989318848,85.21200027465821,0.009022084970729106,69.98838352405335,1.2690648694395321,1.0067967290130944
2021-02-12,89.4000015258789,89.58000183105469,88.76000213623047,89.54000091552734,78.03227233886719,2701900,0.0013420124025869118,88.47799987792969,87.13199996948242,85.30040023803711,0.009034157056302089,68.06410190076153,1.3029311918327693,1.0660236215770293
2021-02-16,89.58999633789062,89.62000274658203,88.1500015258789,88.66000366210938,77.265380859375,3652000,-0.009827979053162683,88.61000061035156,87.33550033569335,85.38640029907226,0.00929667896901507,58.49284927488881,1.2444172054940168,1.101702338360427
2021-02-17,88.45999908447266,88.70999908447266,88.05000305175781,88.54000091552734,77.16080474853516,6557400,-0.00135351614736412,88.68300094604493,87.54450035095215,85.45740036010743,0.009262109995529483,69.55899365990985,1.1748186528745777,1.1163256012632572
2021-02-18,88.16000366210938,88.55000305175781,88.05999755859375,88.30000305175781,76.95166778564453,6013800,-0.002710615103771019,88.75600128173828,87.65650062561035,85.49860046386719,0.008327579059350308,65.50722137819854,1.0877564968421183,1.1106117803790294
2021-02-19,88.73999786376953,89.25,88.30000305175781,88.70999908447266,77.30894470214844,3839200,0.004643216518061877,88.82000122070312,87.8020004272461,85.56140045166016,0.008293651743331678,76.67185180702735,1.0398555567273604,1.0964605356486956
2021-02-22,88.41999816894531,89.55999755859375,88.1500015258789,89.23999786376953,77.77084350585938,5062000,0.005974510030060998,88.92000122070313,87.96550025939942,85.64320037841797,0.008348622158360405,69.38776463480903,1.0327552292682327,1.083719474372603
2021-02-23,89.52999877929688,89.94999694824219,89.16999816894531,89.73999786376953,78.20657348632812,5684500,0.00560286880288019,89.04600067138672,88.12200012207032,85.74800033569336,0.008294246306872902,69.5740383945774,1.0553090441732564,1.0780373883327337
2021-02-24,89.63999938964844,90.4800033569336,89.33000183105469,90.22000122070312,78.62488555908203,6117200,0.005348822914641227,89.18100051879883,88.271000289917,85.8722003173828,0.008238472369799424,75.62861270610041,1.0992439641627954,1.082278703498746
2021-02-25,90.1500015258789,90.8499984741211,88.13999938964844,88.69999694824219,77.30022430419922,9618100,-0.016847752736586452,89.10699996948242,88.41650009155273,85.9652001953125,0.008265169535114301,55.08882252380947,0.9998850112042987,1.0657999650398566
2021-02-26,88.93000030517578,89.04000091552734,87.29000091552734,87.3499984741211,76.12373352050781,9978600,-0.015219825485550342,88.9,88.47599983215332,86.05100021362304,0.009056512721046777,43.962020782565666,0.8029527907376348,1.0132305301794124
2021-03-01,88.26000213623047,89.08000183105469,87.5,87.56999969482422,76.31546783447266,12062500,0.0025186173388234145,88.70299987792968,88.59049987792969,86.10920013427734,0.008687094471616951,43.80950403786668,0.65706066079008,0.941996556301546
2021-03-02,87.55999755859375,87.55999755859375,86.30000305175781,86.86000061035156,75.69670867919922,14819900,-0.008107789048155234,88.5229995727539,88.56650009155274,86.15060012817383,0.007078130694233128,36.896997283460145,0.47863173559358074,0.849323592159953
2021-03-03,86.76000213623047,87.01000213623047,85.9800033569336,86.0999984741211,75.0344009399414,15991200,-0.008749736712987066,88.27899932861328,88.4810001373291,86.16020004272461,0.007190652643758081,28.753177697730692,0.27275554987885187,0.7340099837037328
2021-03-04,86.36000061035156,86.91999816894531,84.38999938964844,85.25,74.29362487792969,18710500,-0.009872224032345112,87.9739990234375,88.3650001525879,86.18360000610352,0.007455716236986704,26.00692176404897,0.040542072538542584,0.5953164014706948
2021-03-05,86.05000305175781,86.69000244140625,84.05000305175781,86.33000183105469,75.23483276367188,7882500,0.012668643179527095,87.7359992980957,88.27800025939942,86.23940002441407,0.007947001195228514,33.36788302123975,-0.05569958925407548,0.46511320332574074
2021-03-08,86.62000274658203,87.9000015258789,86.08999633789062,87.04000091552734,75.85359191894531,8494900,0.008224244983361606,87.51599960327148,88.2180004119873,86.29620010375976,0.008188719826743103,41.45568474194065,-0.07382974387151364,0.3573246138862899
2021-03-09,87.48999786376953,88.30999755859375,87.41000366210938,87.58999633789062,76.33289337158203,4385100,0.006318881164730783,87.30099945068359,88.17350006103516,86.37540008544921,0.008305440032185406,45.20683674089996,-0.043318637655389125,0.2771959635779541
2021-03-10,87.77999877929688,88.87000274658203,87.52999877929688,88.43000030517578,77.06494903564453,5016100,0.009590181555034327,87.12199935913085,88.15149993896485,86.45820007324218,0.008543153111392933,50.61844541862574,0.04808859836752788,0.2313744905358689
2021-03-11,88.56999969482422,89.91999816894531,88.4000015258789,89.37999725341797,77.8928451538086,4329100,0.01074292598624571,87.18999938964843,88.14849967956543,86.54460006713867,0.008771685850184,53.03166508555276,0.194939168349336,0.2240874260985623
2021-03-12,89.25,90.87000274658205,89.25,90.87000274658205,79.19135284423828,5521800,0.01667045803256717,87.54199981689453,88.22099990844727,86.67460006713867,0.00952941737689268,56.78602646718034,0.42663234179717335,0.26459640923828454
2021-03-15,90.9000015258789,92.3499984741211,90.56999969482422,92.12000274658205,80.28069305419922,5335500,0.013755914627690657,87.99700012207032,88.35,86.8220001220703,0.00995795400943027,59.32603080455376,0.7030115250762776,0.35227943240588316
2021-03-16,92.11000061035156,92.47000122070312,91.45999908447266,91.91999816894533,80.10639190673828,4162000,-0.002171130825808998,88.5029998779297,88.5129997253418,86.94740005493163,0.009642999472286569,56.810879213586226,0.8955816137589494,0.46093986867649644
2021-03-17,91.75,91.95999908447266,90.93000030517578,91.95999908447266,80.1412582397461,5849400,0.0004351709782870472,89.08899993896486,88.68399963378906,87.13180007934571,0.009619978712343285,64.81818125070657,1.0394405128115665,0.5766399975035105
2021-03-18,91.37000274658205,91.56999969482422,90.66999816894533,91.1500015258789,79.43536376953125,7539500,-0.008808151007588694,89.67900009155275,88.82649955749511,87.30020004272461,0.009868559137237146,68.1644388751683,1.075689810667967,0.6764499601364018
2021-03-19,90.97000122070312,91.51000213623048,89.91000366210938,90.04000091552734,78.46803283691406,9974900,-0.012177735510365495,90.05000000000001,88.89299964904785,87.44720001220703,0.010305863999821765,60.88105679493005,1.0032846271294886,0.7418168935350192
2021-03-22,89.8499984741211,91.0199966430664,89.69000244140625,90.83999633789062,79.16519165039062,3748200,0.008884889096278492,90.42999954223635,88.9729995727539,87.61039993286133,0.010402940355830205,67.39508250948339,0.9989407748348356,0.7932416697949826
2021-03-23,90.8499984741211,91.55999755859376,90.4499969482422,90.8499984741211,79.1739273071289,3981800,0.00011010718443071887,90.75599975585939,89.02849960327148,87.75779983520508,0.010345718776498654,72.21702018327672,0.984951422510278,0.8315836203380417
2021-03-24,90.72000122070312,91.54000091552734,90.37999725341795,90.43000030517578,78.80789947509766,4046300,-0.004622984876163194,90.95599975585938,89.03899955749512,87.92039978027344,0.010348433019544825,75.24366094858786,0.9292624586648088,0.8511193880033951
2021-03-25,89.83999633789062,90.93000030517578,88.87999725341797,90.7300033569336,79.45948028564453,4701600,0.0033175168721153447,91.09100036621095,89.14049987792968,88.08959991455077,0.009555372811380356,73.20675088506579,0.8989734858928813,0.8606902075812923
2021-03-26,91.12000274658205,92.79000091552734,91.0,92.73999786376952,81.21980285644531,5190300,0.02215358131233125,91.27799987792969,89.40999984741211,88.27879989624023,0.009830778832001721,76.43783670546001,1.025339539270533,0.8936200739191404
2021-03-29,92.4499969482422,92.83000183105467,91.45999908447266,92.38999938964844,80.91326141357422,5668600,-0.003773975438679744,91.30499954223633,89.65099983215332,88.45379989624024,0.009948472061855474,72.68432051527977,1.0847393946733348,0.9318439380699793
2021-03-30,92.22000122070312,92.58000183105467,91.97000122070312,92.31999969482422,80.8519515991211,7171800,-0.000757654457047896,91.34499969482422,89.92399978637695,88.6083999633789,0.00965860104968427,69.82670926477823,1.1133320191804472,0.968141554292073
2021-03-31,92.22000122070312,92.88999938964844,91.4800033569336,91.94000244140624,80.51917266845703,8863600,-0.00411608811388775,91.34300003051757,90.21599998474122,88.76,0.009411899926724223,63.852845129035,1.092732932476821,0.9930598299290226
2021-04-01,92.4499969482422,93.62000274658205,92.01000213623048,93.58000183105467,81.95542907714844,15804700,0.0178377131400842,91.58600006103515,90.63250007629395,88.91040008544923,0.009405911749702898,64.43025272899365,1.1949674120687064,1.0334413463569594
2021-04-05,94.13999938964844,94.13999938964844,93.01000213623048,93.9499969482422,82.27947998046875,18032000,0.003953784034493868,91.97699966430663,91.01349983215331,89.0733999633789,0.009217999178695936,60.75203891624777,1.2909630688229754,1.0849456908501627
2021-04-06,94.0,94.1999969482422,93.4800033569336,94.1999969482422,82.49842834472656,15602600,0.002660989974674788,92.3129997253418,91.37149963378906,89.23799987792968,0.009176506918089404,63.317777417302004,1.3714045313076753,1.1422374589416653
2021-04-07,94.36000061035156,94.4499969482422,93.44000244140624,94.1999969482422,82.49842834472656,14850600,0.0,92.6479995727539,91.70199966430664,89.3897998046875,0.009201219766587236,63.14555609184313,1.4187999274844856,1.1975499526502293
2021-04-08,94.2699966430664,94.66999816894533,93.83999633789062,93.97000122070312,82.29701232910156,5862600,-0.0024415683119973774,93.00199966430664,91.978999710083,89.52439987182618,0.009188077364854283,67.7582302065226,1.4214171749705002,1.2423233971142835
2021-04-09,94.12999725341795,94.12999725341795,93.62999725341795,93.95999908447266,82.28826904296875,5877900,-0.0001064396733057027,93.32499923706055,92.20799980163574,89.68779983520508,0.009030942140817823,78.65503664127235,1.4064713474614337,1.2751529871837137
2021-04-12,94.11000061035156,94.4800033569336,93.37999725341795,94.47000122070312,82.73489379882812,4359100,0.005427864423156903,93.49799957275391,92.3879997253418,89.85399978637696,0.00843537497260172,77.71001257978835,1.4194174211355488,1.304005873974081
2021-04-13,94.43000030517578,95.13999938964844,94.26000213623048,95.04000091552734,83.23409271240234,7435300,0.006033658171471501,93.7629997253418,92.53399963378907,90.04919982910157,0.008035134323317282,79.4656193664691,1.4588547203689473,1.3349756432530542
2021-04-14,95.08999633789062,95.48999786376952,94.36000061035156,94.45999908447266,82.72614288330078,7114900,-0.006102712810053479,93.97699966430665,92.66099967956544,90.19159988403321,0.008178851724004897,77.71667723099773,1.4268598119306972,1.353352476988583
2021-04-15,95.05999755859376,96.12999725341795,94.87000274658205,96.12999725341795,84.18867492675781,9781300,0.017679421820149255,94.39599914550782,92.8694995880127,90.35799987792969,0.008945324779568168,81.25002207583478,1.5187512924498634,1.386432240080839
2021-04-16,96.4000015258789,96.61000061035156,95.98999786376952,96.31999969482422,84.35507202148438,4035100,0.001976515622957642,94.66999893188476,93.12799949645996,90.53299987792968,0.008559913770501712,76.24637827074308,1.5885952250206543,1.4268648370688022
2021-04-19,96.37999725341795,96.58000183105467,95.8499984741211,96.5500030517578,84.5565185546875,4047600,0.0023879086136038286,94.92999954223633,93.45349960327148,90.70259994506836,0.007805165782745456,81.04481758906438,1.6435604516617417,1.4702039599873902
2021-04-20,96.33000183105467,97.6999969482422,96.33000183105467,97.55999755859376,85.44105529785156,5150300,0.010460843862371894,95.26599960327148,93.78949966430665,90.88899993896484,0.007869811019385279,84.29321672197295,1.7484637043997964,1.5258559088698715
2021-04-21,97.66999816894533,98.1999969482422,97.31999969482422,98.01000213623048,85.83515930175781,4585600,0.00461259316213547,95.64700012207031,94.1474998474121,91.07959991455078,0.007828899304455204,89.36446443326247,1.846625151292102,1.5900097573543177
2021-04-22,97.9499969482422,98.41000366210938,97.36000061035156,97.61000061035156,85.48484802246094,6062500,-0.004081231682078079,96.01100006103516,94.50649986267089,91.25439987182617,0.007798996601292456,81.14372503054093,1.8705791529035025,1.646123636464155
2021-04-23,97.80999755859376,98.33999633789062,97.51000213623048,98.1999969482422,86.00154876708984,5015400,0.00604442510195069,96.43499984741212,94.87999954223633,91.42959976196289,0.007812908713735339,81.76381501519009,1.9150946266712054,1.6999178345055652
2021-04-26,98.68000030517578,98.87000274658205,98.0999984741211,98.36000061035156,86.14167785644531,4457100,0.0016293652452321616,96.82399978637696,95.16099967956544,91.60839981079101,0.006547341389067654,81.51515011397811,1.9409108070657766,1.7481164290176077
2021-04-27,98.68000030517578,98.68000030517578,98.08999633789062,98.38999938964844,86.1679458618164,3843900,0.0003049896208897618,97.15899963378907,95.46099967956543,91.78539978027344,0.006387922435286277,81.59878850367284,1.941411582565948,1.7867754597272758
2021-04-28,98.44000244140624,98.56999969482422,97.8000030517578,97.9800033569336,85.80889129638672,5307300,-0.0041670498552516255,97.51100006103516,95.7439998626709,91.97179977416992,0.006541895880388975,79.44199031818235,1.886973343296063,1.8068150364410334
2021-04-29,98.55999755859376,99.08000183105467,98.08000183105467,98.77999877929688,86.5094985961914,4774900,0.008164884618843793,97.77600021362305,96.08599967956543,92.17659973144531,0.006413940422695528,81.71053067468947,1.886635630058933,1.8227791551646133
2021-04-30,98.48999786376952,99.37000274658205,98.2699966430664,99.19000244140624,86.86857604980469,4994700,0.004150674905609497,98.06300048828125,96.366499710083,92.39439971923828,0.0054783579971546936,81.46667480468734,1.8975777636162405,1.8377388768549388
2021-05-03,99.61000061035156,99.62000274658205,98.66999816894533,99.02999877929688,86.72844696044922,15941100,-0.0016131027136920828,98.31100006103517,96.62049980163575,92.60079971313476,0.0055643209629811195,78.13819203896261,1.8717620175613519,1.8445435049962216
2021-05-04,98.75,99.23999786376952,97.7699966430664,98.12999725341795,85.94023895263672,15545400,-0.009088170624789282,98.36800003051758,96.81699981689454,92.77859970092773,0.006152363522788588,74.76380806470863,1.7584103908948236,1.827316882175942
2021-05-05,98.0999984741211,98.0999984741211,96.37999725341795,96.70999908447266,84.69664001464844,17545900,-0.014470581969733387,98.2379997253418,96.94249992370605,92.9179997253418,0.007173900285972417,54.05029004471087,1.5362870643212005,1.7691109186049938
2021-05-06,96.77999877929688,97.36000061035156,96.44000244140624,97.2300033569336,85.15205383300781,16013800,0.005376944239310122,98.2,97.10550003051758,93.0581997680664,0.007170005048113365,56.07478634655149,1.3862330944177046,1.692535353767536
2021-05-07,97.54000091552734,98.58999633789062,97.25,98.58999633789062,86.34310913085938,6441200,0.013987379759357488,98.23899993896484,97.33699989318848,93.25599975585938,0.007656026936979617,61.832914394958635,1.3613613832087736,1.6263005596557836
2021-05-10,98.8000030517578,99.75,98.62999725341795,98.62999725341795,86.37814331054688,7486800,0.0004057299626043509,98.26599960327147,97.54499969482421,93.48159973144531,0.007635054787494783,56.993460662749754,1.3295518661702346,1.5669508209586738
2021-05-11,97.9000015258789,97.9000015258789,96.72000122070312,97.51000213623048,85.39727020263672,8099300,-0.011355522137040941,98.1779998779297,97.66849975585937,93.68039978027343,0.00814664442740609,46.99518944208163,1.2001339518353973,1.4935874471340185
2021-05-12,97.30999755859376,97.44000244140624,95.01000213623048,95.0999984741211,83.28662109375,9227200,-0.024715450818495466,97.88999938964844,97.7004997253418,93.84519973754882,0.00991074602802615,37.850902492147114,0.8928104054294721,1.3734320387931094
2021-05-13,95.27999877929688,96.87999725341795,95.27999877929688,96.26000213623048,84.30254364013672,10680600,0.012197725349333721,97.6379997253418,97.70699996948242,94.04839981079101,0.009473427332486618,41.10094247507319,0.7343912762434712,1.2456238862831819
2021-05-14,96.77999877929688,97.62000274658205,96.56999969482422,97.33000183105467,85.2396240234375,5704900,0.011115724819015682,97.45199966430664,97.75750007629395,94.2899998474121,0.009783521100406395,45.639293004987124,0.6872606945453441,1.1339512479356144
2021-05-17,97.54000091552734,97.61000061035156,96.93000030517578,97.41999816894533,85.31842041015625,4665200,0.0009246515585901172,97.29099960327149,97.80099983215332,94.51179977416992,0.009774657754003794,45.91406225897021,0.649682189462041,1.0370974362408998
2021-05-18,97.37000274658205,98.0999984741211,96.80999755859376,97.5500030517578,85.43229675292969,3801600,0.00133447839515477,97.23300018310547,97.80050010681153,94.72199981689454,0.00949388459975619,48.144951863737276,0.6232073149976571,0.9543194119922513
2021-05-19,96.7699966430664,97.27999877929688,95.88999938964844,97.27999877929688,85.19583129882812,8013300,-0.0027678550898421195,97.2900001525879,97.76399993896484,94.91579986572266,0.009450046732250632,43.21881436863035,0.5738240119588909,0.8782203319855794
2021-05-20,97.3000030517578,98.7300033569336,97.0500030517578,98.4800033569336,86.24677276611328,6117200,0.012335573526879084,97.4150001525879,97.80750007629395,95.1167999267578,0.009813175416312079,47.004226744055075,0.6243209458344836,0.8274404547553602
2021-05-21,98.61000061035156,98.86000061035156,98.08000183105467,98.30999755859376,86.0978775024414,6711200,-0.0017262976497234295,97.3870002746582,97.81300010681153,95.29539993286133,0.009735196383147451,46.96458576174196,0.6432075859454187,0.790593880993372
2021-05-24,98.8000030517578,99.81999969482422,98.66999816894533,99.41999816894533,87.06999969482422,4352500,0.011290821258437944,97.46600036621095,97.86599998474121,95.4663998413086,0.010049645146837162,55.34382484398334,0.7392218673601434,0.7803194782667264
2021-05-25,99.5500030517578,99.88999938964844,99.01000213623048,99.51000213623048,87.14881896972656,8828700,0.0009052903735948803,97.66600036621094,97.92200012207032,95.61419982910157,0.010049663554557635,63.03537077080904,0.8132023545498583,0.7868960535233529
2021-05-26,99.70999908447266,100.33999633789062,99.45999908447266,99.83999633789062,87.43785095214844,6120900,0.003316191283046832,98.14000015258789,98.01499977111817,95.77259979248046,0.01000146855695823,62.36962245744367,0.8882213351921848,0.8071611098571193
2021-05-27,100.0500030517578,100.08999633789062,99.3499984741211,99.5,87.14007568359375,7308900,-0.003405412163077104,98.46399993896485,98.05099983215332,95.92339981079101,0.009898616113106953,54.77440882286546,0.9097524943800295,0.8276793867617014
2021-05-28,100.02999877929688,100.47000122070312,99.77999877929688,100.19000244140624,87.7443618774414,7383300,0.006934697903580256,98.75,98.10099983215332,96.10419982910156,0.009973283387857433,57.662096281612726,0.9712970161991592,0.856402912649193
2021-06-01,100.62999725341795,101.8499984741211,100.27999877929688,101.7699966430664,89.1280746459961,12740100,0.015769978672115492,99.18499984741212,98.2379997253418,96.33879974365234,0.010517532437819622,70.0187436182784,1.134486170278791,0.9120195641751127
2021-06-02,102.22000122070312,103.08999633789062,101.79000091552734,102.98999786376952,90.196533203125,15539800,0.011987828052917981,99.72899932861328,98.48099975585937,96.58179977416992,0.01046515675722836,91.74597459132357,1.346734338000914,0.9989625189402731
2021-06-03,102.9499969482422,102.9499969482422,102.18000030517578,102.79000091552734,90.02137756347656,14727100,-0.001941906518987624,100.27999954223633,98.78499984741211,96.82059982299805,0.009748012861067312,88.4569761736593,1.481724065125718,1.0955148281773621
2021-06-04,103.12000274658205,103.20999908447266,102.27999877929688,102.8000030517578,90.03013610839844,13005500,9.73065097904513e-05,100.71199951171874,99.06349983215333,97.0679998779297,0.00975455026583918,86.8101977068718,1.5713973942233395,1.1906913413865576
2021-06-07,102.9000015258789,104.0999984741211,102.9000015258789,103.80999755859376,90.91466522216795,6510100,0.009824848996623503,101.26199951171876,99.32449989318847,97.3295997619629,0.009546247745417936,88.2634414300494,1.7043159757514275,1.2934162682595316
2021-06-08,103.86000061035156,104.66999816894533,103.86000061035156,104.4800033569336,91.5014419555664,6112100,0.006454154841508908,101.76800003051758,99.61700019836425,97.56439987182617,0.009567975616437739,88.9763488956271,1.842479817263495,1.4032289780603242
2021-06-09,104.79000091552734,105.01000213623048,104.51000213623048,104.70999908447266,91.702880859375,5928800,0.0022013372908624707,102.28799972534179,99.97700004577636,97.81079986572266,0.008963885994617225,91.97741009166509,1.9480781577701975,1.512198814002299
2021-06-10,104.1500015258789,105.22000122070312,103.86000061035156,104.97000122070312,92.3929443359375,5998100,0.0024830688425536707,102.80100021362304,100.47050018310547,98.06379989624024,0.006021037632184064,91.02402729993597,2.0293524905984697,1.6156295493215331
2021-06-11,104.9499969482422,104.97000122070312,103.97000122070312,104.4499969482422,91.93524169921876,7348300,-0.004953836966883451,103.29599990844727,100.87999992370605,98.31399978637695,0.006156820925445981,87.16709124059975,2.028420615773584,1.6981877626119435
2021-06-14,104.38999938964844,104.91999816894533,104.26000213623048,104.91000366210938,92.34014892578124,5301700,0.004404085469673191,103.76800003051758,101.25900001525879,98.54059982299805,0.005933683705609625,86.07099246284078,2.0412703022361285,1.7668042705367806
2021-06-15,104.91000366210938,104.91000366210938,103.75,103.80999755859376,91.37191772460938,7924200,-0.01048523558400083,103.97200012207031,101.57849998474121,98.73779983520508,0.006718586298168887,74.94196085997966,1.9403256061387282,1.8015085376571702
2021-06-16,104.04000091552734,104.41999816894533,102.83999633789062,102.87999725341795,90.55335998535156,8696000,-0.00895867765193703,103.96100006103515,101.84499969482422,98.9113998413086,0.007243019521165996,66.48588935733584,1.764937850024026,1.7941944001305417
2021-06-17,102.72000122070312,103.19000244140624,102.33999633789062,103.04000091552734,90.69417572021484,9029000,0.001555245590795007,103.98600006103516,102.13299980163575,99.08819992065429,0.007135327398306013,69.57961604971932,1.6201763634354762,1.7593907927915287
2021-06-18,102.76000213623048,102.9800033569336,101.37999725341795,101.41000366210938,89.25949096679688,7828200,-0.01581907258283366,103.84700012207031,102.27949981689453,99.23699996948243,0.007911800717813696,56.11222383609824,1.3582674250842217,1.6791661192500673
2021-06-21,101.6999969482422,103.7300033569336,101.45999908447266,103.47000122070312,91.07266998291016,6758900,0.020313553734378154,103.81300048828125,102.5375,99.42720001220704,0.00891106001946997,58.126205767260046,1.3019195729294921,1.6037168099859522
2021-06-22,103.51000213623048,103.54000091552734,102.93000030517578,102.97000122070312,90.63256072998048,6023100,-0.004832318489428555,103.6620002746582,102.71500015258789,99.59720001220703,0.008812080630855656,49.89734796650285,1.2030496651395453,1.5235833810166708
2021-06-23,102.91999816894533,103.25,102.63999938964844,102.6999969482422,90.3949203491211,6447800,-0.0026221644096342533,103.46100006103515,102.87449989318847,99.75039993286133,0.008865910193641953,49.54126513918373,1.0903387166161878,1.4369344481365744
2021-06-24,103.0,103.02999877929688,101.9499969482422,102.36000061035156,90.0956573486328,4016200,-0.0033105778772514194,103.2,103.00050010681153,99.90839996337891,0.008922680023616274,47.8303658492543,0.9624846904870452,1.3420444966066687
2021-06-25,102.4499969482422,103.2300033569336,102.29000091552734,103.2300033569336,90.8614273071289,6519600,0.008499440615419962,103.07800064086913,103.1870002746582,100.05040008544921,0.008990157643279288,47.10003562919084,0.9207475991960052,1.2577851171245362
2021-06-28,103.44000244140624,103.47000122070312,102.08000183105467,102.81999969482422,90.50054931640624,4205000,-0.0039717489952192375,102.86900024414062,103.3185001373291,100.18040008544922,0.008998196124572547,41.47843878168072,0.844847903922826,1.1751976744841943
2021-06-29,102.88999938964844,103.4000015258789,102.48999786376952,102.5199966430664,90.23648071289062,4639000,-0.0029177499771273485,102.7400001525879,103.3560001373291,100.2997999572754,0.008368581858185281,38.83793999160069,0.7518225669853962,1.0905226529844347
2021-06-30,102.56999969482422,103.11000061035156,101.81999969482422,101.94000244140624,89.72596740722656,7737400,-0.005657376323172092,102.64600067138672,103.30350036621094,100.38740005493165,0.008004899314683327,35.044458268876454,0.6241043459819338,0.9972389915839346
2021-07-01,102.0,103.0999984741211,101.61000061035156,102.33999633789062,90.07804870605467,16376200,0.003923816822687387,102.57600021362305,103.2810001373291,100.47399993896484,0.008055883802809324,39.46054669398304,0.5488362574966885,0.9075584447664855
2021-07-02,102.7300033569336,103.16000366210938,102.27999877929688,102.68000030517578,90.3773193359375,16421400,0.0033222980208302832,102.70299987792968,103.275,100.57539993286133,0.008094093410783302,38.725976874233936,0.5107338122561202,0.8281935182644125
2021-07-06,102.68000030517578,103.70999908447266,101.95999908447266,103.45999908447266,91.06385803222656,15654200,0.007596404138864754,102.70199966430664,103.25750007629395,100.68059997558593,0.007965650397486741,48.17137677491047,0.5372832656183277,0.7700114677351956
2021-07-07,103.41999816894533,104.3499984741211,103.04000091552734,103.83999633789062,91.39833068847656,14413500,0.0036728905546161705,102.78899917602538,103.22549972534179,100.79019989013672,0.007868175333336825,55.321504666027835,0.5822744043870642,0.7324640550655693
2021-07-08,103.18000030517578,104.1500015258789,102.95999908447266,103.87999725341795,91.43354034423828,9538400,0.0003852168426237146,102.90699920654296,103.18399963378906,100.8999998474121,0.007848512836680704,54.71908378623956,0.6140792225597806,0.7087870885644116
2021-07-09,104.3499984741211,105.44000244140624,104.02999877929688,105.4000015258789,92.77143096923828,9087900,0.01463230951722938,103.2109992980957,103.20549964904785,101.04839981079101,0.008522107123916383,72.6962312183681,0.7532533756542676,0.7176803459823828
2021-07-12,105.33000183105467,106.33000183105467,105.19000244140624,106.16999816894533,93.44915008544922,6150500,0.007305470891073584,103.50499877929687,103.291499710083,101.19619979858399,0.008569711344967552,67.99997965494791,0.9151331038714261,0.7571708975601915
2021-07-13,105.93000030517578,106.08000183105467,104.37999725341795,104.63999938964844,92.10248565673828,10277000,-0.014410839273654719,103.6869987487793,103.27799949645996,101.30519973754883,0.009170858012907257,59.78897073818197,0.9094818988113786,0.7876330978104289
2021-07-14,104.81999969482422,105.8000030517578,104.51000213623048,105.48999786376952,92.85062408447266,6584500,0.008123074150219844,103.9839988708496,103.36199951171875,101.43439971923829,0.009003009547257626,65.31285985268784,0.9624959964997828,0.8226056775482997
2021-07-15,105.30999755859376,105.87000274658205,105.26000213623048,105.76000213623048,93.0882797241211,5393200,0.00255952486424027,104.36599884033203,103.50599975585938,101.58699981689453,0.00870663703911886,68.80531626959772,1.0146014452382985,0.8610048310862995
2021-07-16,106.22000122070312,106.54000091552734,105.6999969482422,105.77999877929688,93.10588073730467,7061100,0.0001890756681399708,104.70999908447266,103.64299964904785,101.76839981079101,0.008710856559682418,65.5677474827173,1.0454575666855845,0.8978953782061566
2021-07-19,104.83000183105467,104.88999938964844,103.16999816894533,103.93000030517578,91.4775390625,12408200,-0.01748911415645782,104.83499908447266,103.76899948120118,101.90239974975586,0.00889024894550014,55.76324925409315,0.9101403184117203,0.9003443662472693
2021-07-20,104.5199966430664,106.6500015258789,104.37999725341795,106.2699966430664,93.53718566894533,8337700,0.022515119128447614,105.11599884033203,103.90899925231933,102.05599975585938,0.009148394614120536,66.06686157499169,0.9804169363945618,0.9163588802767278
2021-07-21,106.5199966430664,106.80999755859376,105.94000244140624,106.0999984741211,93.3875503540039,7475900,-0.0015996817005301533,105.34199905395508,104.06549911499023,102.20539978027344,0.009061081222494091,68.47247282787293,1.01074301465448,0.9352357071522783
2021-07-22,105.6500015258789,105.76000213623048,104.83000183105467,105.30999755859376,92.69219207763672,4917100,-0.007445814579535748,105.48499908447266,104.19599914550781,102.36139968872071,0.009240050677271832,62.746793033082156,0.9599643076120259,0.9401814272442279
2021-07-23,105.68000030517578,106.41000366210938,105.44000244140624,106.25,93.51956176757812,5695600,0.008926051307552418,105.56999893188477,104.39049911499023,102.58439971923828,0.009323711806738359,64.57143640101617,0.9842266058805365,0.9489904629714897
2021-07-26,106.13999938964844,106.47000122070312,105.48999786376952,106.18000030517578,93.45797729492188,4069000,-0.0006588206571691568,105.57099914550781,104.53799896240234,102.78279968261718,0.009207110329003664,61.78510746610075,0.9864352501689666,0.9564794204109851
2021-07-27,106.1500015258789,107.08999633789062,105.7699966430664,106.95999908447266,94.1445083618164,6394500,0.007346004681249241,105.80299911499023,104.74499893188477,102.97539962768555,0.00920414535606135,63.065343811721284,1.0391463669751033,0.9730128097238088
2021-07-28,106.81999969482422,106.98999786376952,106.08000183105467,106.4499969482422,93.69561767578124,7576300,-0.004768157634590819,105.8989990234375,104.94149894714356,103.15599960327148,0.009265444723390302,60.354554860651426,1.0279181955772145,0.98399388689449
2021-07-29,106.72000122070312,107.5,106.36000061035156,106.4499969482422,93.69561767578124,5299900,0.0,105.96799850463867,105.16699867248535,103.33399948120118,0.00910682845293453,54.820919269174986,1.007407027723275,0.988676515060247
2021-07-30,106.66000366210938,107.98999786376952,106.5,106.72000122070312,93.9332504272461,5865600,0.002536442275260953,106.0619987487793,105.38599891662598,103.5227995300293,0.009098336724549159,52.64679058742664,1.001395404812115,0.9912202930106206
2021-08-02,107.08999633789062,107.94000244140624,106.37000274658205,106.4800033569336,93.72201538085938,7787900,-0.0022488555193436177,106.31699905395507,105.57599906921386,103.6827995300293,0.009145296125296755,60.10991360338046,0.9661284016629139,0.9862019147410793
2021-08-03,106.79000091552734,106.9000015258789,105.98999786376952,106.69000244140624,93.90687561035156,6865200,0.0019721926920748256,106.35899963378907,105.73749923706055,103.85039962768555,0.00904549348946608,57.09222640365999,0.9442396121830114,0.9778094542294659
2021-08-04,106.5199966430664,107.0199966430664,105.86000061035156,106.2699966430664,93.53718566894533,5810300,-0.0039366931177126085,106.3759994506836,105.85899925231934,103.98739959716796,0.009112491290787094,52.96164036401332,0.8828249742650058,0.9588125582365739
2021-08-05,106.83000183105467,107.37999725341795,106.41999816894533,107.33999633789062,94.47896575927734,5536800,0.010068690398269853,106.57899932861328,106.03199920654296,104.14399948120118,0.009321958022207182,58.07451846375967,0.9100035102495383,0.9490507486391668
2021-08-06,107.54000091552734,107.8000030517578,106.88999938964844,107.08000183105467,94.2501220703125,4280800,-0.002422158707901634,106.66199951171875,106.11599922180176,104.28879959106445,0.008842567551411348,69.51673881660248,0.9001865221109,0.9392779033335136
2021-08-09,106.9499969482422,106.9499969482422,106.33999633789062,106.5,93.73960876464844,3233400,-0.005416528027051837,106.69399948120117,106.13249931335449,104.42879959106445,0.008809608920649945,51.82252906361655,0.835968661438244,0.9186160549544596
2021-08-10,106.6999969482422,106.70999908447266,105.33999633789062,105.43000030517578,92.79781341552734,5110400,-0.010046945491307246,106.54099960327149,106.17199935913087,104.53359954833985,0.008476643147293798,45.3536924753711,0.6907727133305173,0.8730473866296713
2021-08-11,105.94000244140624,106.19000244140624,105.47000122070312,106.02999877929688,93.32594299316406,5440000,0.005690965307638685,106.49899978637696,106.19899940490723,104.61879959106446,0.008377030796108045,55.12821070157778,0.6170062765568787,0.8218391646151129
2021-08-12,106.3000030517578,106.44000244140624,105.80999755859376,106.44000244140624,93.68682098388672,4141700,0.003866864725357466,106.49800033569336,106.23299942016601,104.68779968261718,0.008400751119272243,51.46380801685274,0.5848874939930084,0.774448830490692
2021-08-13,106.6999969482422,107.06999969482422,106.29000091552734,107.0500030517578,94.22373962402344,6924600,0.005730933825253803,106.53100051879883,106.29649963378907,104.77299972534179,0.008485991959838785,56.187780607898276,0.6017188384625314,0.73990283208506
2021-08-16,106.95999908447266,107.45999908447266,106.66000366210938,106.91000366210938,94.10047912597656,5347500,-0.001307794354575953,106.57400054931641,106.44549980163575,104.85519973754883,0.007364770199424387,49.60879994173489,0.5968805520383569,0.7112983760757194
2021-08-17,106.4800033569336,106.9800033569336,106.06999969482422,106.91999816894533,94.1092758178711,4903400,9.348523518482033e-05,106.59700012207031,106.47799987792969,104.91739974975586,0.00544386183865238,53.98982401873545,0.5870850968150023,0.6864557202235761
2021-08-18,106.76000213623048,106.76000213623048,105.83000183105467,105.87999725341795,93.19391632080078,4409500,-0.009726907345097957,106.55800018310546,106.46699981689453,104.94539962768555,0.005880446969038325,45.8874482703952,0.4897571304091599,0.647116002260693
2021-08-19,105.62000274658205,106.61000061035156,105.23999786376952,106.45999908447266,93.70440673828124,6925900,0.005477916944656602,106.47000045776367,106.52449989318848,104.98039962768554,0.005737630108918421,48.20440460672251,0.45418970017067295,0.608530741842689
2021-08-20,106.44000244140624,107.43000030517578,105.68000030517578,107.0,94.17969512939452,5076600,0.005072336278143963,106.46200027465821,106.56199989318847,105.02099960327149,0.005501705046498386,53.448253182539815,0.4642245250097119,0.5796694984760936
2021-08-23,107.1999969482422,107.38999938964844,106.5,106.76000213623048,93.96847534179688,4496400,-0.002242970689434687,106.48800048828124,106.59099998474122,105.06719970703125,0.005528575884005257,50.46234939000135,0.447651130551435,0.5532658248911619
2021-08-24,106.94000244140624,106.98999786376952,105.86000061035156,106.27999877929688,93.5459976196289,3597100,-0.004496097296074475,106.57300033569337,106.55699996948242,105.094599609375,0.005364469772545747,50.065544821959065,0.39127397387801466,0.5208674546885326
2021-08-25,106.26000213623048,106.7699966430664,105.79000091552734,106.2699966430664,93.53718566894533,4231900,-9.41111812697848e-05,106.59700012207031,106.54799995422363,105.14379959106445,0.0052606137259647995,41.856927362818986,0.3418469830086224,0.48506336035255054
2021-08-26,106.36000061035156,106.56999969482422,105.7699966430664,106.13999938964844,93.42274475097656,4458700,-0.0012232733370134419,106.56699981689454,106.53250007629394,105.20899963378906,0.00526684676506208,42.70184716575221,0.28885628922851936,0.44582194612774434
2021-08-27,106.52999877929688,107.48999786376952,106.47000122070312,107.16999816894533,94.329345703125,3620800,0.009704152866212956,106.57899932861328,106.55499992370605,105.29159957885742,0.005685268601223655,54.86210615600293,0.32621269912557693,0.4219000967273109
2021-08-30,107.31999969482422,108.33000183105467,106.9800033569336,108.27999877929688,95.30635833740234,6983800,0.010357382003512994,106.71599884033203,106.64499969482422,105.42899948120117,0.006081479561495744,70.56275864802282,0.44031007523678056,0.42558209242920486
2021-08-31,108.02999877929688,108.97000122070312,107.77999877929688,108.79000091552734,95.75525665283205,8709400,0.004710030864240933,106.90299911499024,106.74999961853027,105.53539947509766,0.006138472143682275,70.17544251020311,0.5653687588381757,0.45353942571099903
2021-09-01,109.08000183105467,110.75,109.04000091552734,110.75,97.48040008544922,16250300,0.01801635323079509,107.38999938964844,106.97399978637695,105.69099945068359,0.007098307495582534,75.68532700914977,0.8132594634543011,0.5254834332596594
2021-09-02,110.88999938964844,111.26000213623048,110.0,111.23999786376952,97.91168212890624,16311700,0.004424359943742795,107.86799926757813,107.1689998626709,105.86179946899414,0.006873048760709305,75.3325061233526,1.0372960620331213,0.6278459590143518
2021-09-03,110.97000122070312,111.44000244140624,110.02999877929688,111.2699966430664,97.93809509277344,15133700,0.00026967619447115787,108.29499893188476,107.37849960327148,106.03999938964844,0.006811928132201864,76.71565625447016,1.2033953389030785,0.7429558349920973
2021-09-07,111.08999633789062,111.19000244140624,109.1500015258789,110.02999877929688,96.84668731689452,14891200,-0.011144045126083801,108.6219985961914,107.55499954223633,106.1759992980957,0.007244281628296733,66.56017472045849,1.22089898448165,0.8385444648900078
2021-09-08,109.75,110.97000122070312,109.41999816894533,110.63999938964844,97.38358306884766,10358700,0.005543948169763446,109.05799865722656,107.81549949645996,106.33239929199219,0.006739892717368215,76.56251463507056,1.269360305524458,0.924707633016898
2021-09-09,110.0199966430664,110.12000274658205,108.44000244140624,108.48999786376952,95.49118041992188,6180500,-0.01943240724638029,109.27999877929688,107.9384994506836,106.45179931640625,0.008269087081640225,59.63912162690872,1.1213528392568577,0.9640366742648899
2021-09-10,108.66999816894533,108.6999969482422,107.02999877929688,107.0500030517578,94.22373962402344,7861100,-0.013273065170670506,109.37099914550781,107.96899948120117,106.55399932861329,0.008844150395114598,50.21873614960292,0.8777422429122623,0.9467777879943644
2021-09-13,107.9499969482422,108.5,107.27999877929688,107.4800033569336,94.6021957397461,7833200,0.004016817308897247,109.40199966430664,107.99049949645996,106.65679946899414,0.008797166229770623,53.09811326701046,0.7111784981216829,0.8996579300198282
2021-09-14,108.0,108.12000274658205,106.80999755859376,107.20999908447266,94.36456298828124,6397200,-0.002512134946295763,109.29499969482421,108.00549926757813,106.74739944458008,0.008812407725054126,54.07537523461565,0.5510364370424696,0.8299336314243565
2021-09-15,107.43000030517578,108.16999816894533,106.95999908447266,107.61000061035156,94.71662902832033,6245100,0.0037310095074596372,109.17699966430663,108.03999938964844,106.83039947509765,0.008848056497332505,55.67798511491617,0.4511983463862208,0.7541865744167294
2021-09-16,107.48999786376952,108.29000091552734,106.9499969482422,107.80999755859376,94.89266204833984,6076200,0.0018585349605784174,108.88299942016602,108.13649940490723,106.90979949951172,0.008526389741470413,57.034536040066264,0.38378993110066517,0.6801072457535167
2021-09-17,107.55999755859376,108.0199966430664,106.66000366210938,106.79000091552734,93.99486541748048,10076900,-0.009461058029540004,108.4379997253418,108.15299949645996,106.96799957275391,0.008758949182364986,48.39798702230211,0.24523614211551603,0.5931330250259165
2021-09-20,105.7699966430664,106.83000183105467,105.0,106.2300033569336,93.5019760131836,12678100,-0.005243913791486143,107.93400039672852,108.11449966430663,106.984599609375,0.008760136469685872,40.9372358631781,0.08921571995024635,0.49234956401078245
2021-09-21,106.77999877929688,107.51000213623048,106.22000122070312,106.2300033569336,93.5019760131836,8385000,0.0,107.55400085449219,108.0879997253418,106.98579971313477,0.00874863368294068,38.148146055033486,-0.03403920590515952,0.3870718100275941
2021-09-22,106.9499969482422,107.8499984741211,106.45999908447266,107.2699966430664,94.41736602783205,7071900,0.009790014621748888,107.21700057983398,108.13749961853027,107.03839965820312,0.008961104825152678,32.38861488398753,-0.047256116944737414,0.3002062246331278
2021-09-23,107.48999786376952,107.83000183105467,106.8000030517578,106.9000015258789,94.09170532226562,6242600,-0.003449194823960222,107.05800094604493,108.1689998626709,107.06659973144531,0.00900415043655266,27.766364929725228,-0.08658799543295004,0.22284738061991224
2021-09-24,106.29000091552734,106.72000122070312,105.20999908447266,105.38999938964844,93.01496124267578,7605200,-0.014125370576958507,106.89200057983399,108.13149986267089,107.05919967651367,0.009566248179296482,23.843388108036322,-0.23687282283174227,0.13090333992958136
2021-09-27,105.43000030517578,106.12000274658205,103.87000274658205,103.95999908447266,91.75286865234376,6814500,-0.013568652751280275,106.5400001525879,107.97099990844727,107.02279968261719,0.009698432896871424,23.44703571268863,-0.46599203875273076,0.01152426419311893
2021-09-28,103.4000015258789,103.80999755859376,102.62999725341795,103.22000122070312,91.09974670410156,11006100,-0.007118101868856752,106.14100036621093,107.71800003051757,107.00859970092773,0.009357565466489989,17.90653317405753,-0.699222113991496,-0.13062501144380406
2021-09-29,103.75,104.51000213623048,103.63999938964844,104.01000213623048,91.79698181152344,7849800,0.0076535642916550906,105.78100051879883,107.47900009155273,106.96339981079102,0.00949653949739632,28.03919720673926,-0.8109638706864502,-0.2666927832923333
2021-09-30,104.45999908447266,104.48999786376952,102.37999725341795,102.38999938964844,90.36721801757812,11283100,-0.015575451526865569,105.2390007019043,107.06100006103516,106.88919982910156,0.008666945026116691,27.552946433952968,-1.0185000658792092,-0.4170542398097085
2021-10-01,102.87999725341795,104.4000015258789,102.33999633789062,103.83000183105467,91.63811492919922,10761400,0.014063897353161048,104.94300079345703,106.69050025939941,106.85959991455078,0.009390904678392535,33.97715466917272,-1.054620821022013,-0.5445675560521694
2021-10-04,103.56999969482422,104.18000030517578,103.0500030517578,103.62000274658205,91.45277404785156,10771600,-0.002022527985835243,104.68200073242187,106.3080005645752,106.80699996948242,0.009357705620774093,34.15710241582076,-1.0876541507810202,-0.6531848749979396
2021-10-05,103.8000030517578,103.81999969482422,102.62999725341795,103.02999877929688,90.93207550048828,8068400,-0.005693919626002297,104.3620002746582,105.9580005645752,106.74399993896485,0.009201856899640282,30.12150087287779,-1.1482058891416784,-0.7521890778266874
2021-10-06,102.5500030517578,104.13999938964844,101.55999755859376,104.0500030517578,91.83229064941406,8038400,0.00990007070315424,104.04000091552734,105.62850074768066,106.68580001831054,0.009468429554636353,34.76500963257705,-1.101193880206381,-0.8219900383026262
2021-10-07,104.6500015258789,105.48999786376952,104.0999984741211,104.23999786376952,91.99998474121094,6938100,0.0018259952565038429,103.77400054931641,105.41600074768067,106.6416000366211,0.008690660892877431,38.922657390308274,-1.0366556103649032,-0.8649231527150817
2021-10-08,104.06999969482422,104.29000091552734,103.20999908447266,103.33000183105467,91.19681549072266,4286100,-0.008729816302414983,103.56800079345703,105.23000068664551,106.57920013427734,0.008435010517939689,37.774016685611436,-1.046869975801215,-0.9013125173323084
2021-10-11,103.29000091552734,104.01000213623048,102.83000183105467,103.61000061035156,91.44396209716795,3609400,0.002709752969468626,103.53300094604492,105.0365005493164,106.51700012207031,0.008393076247975417,39.209207064044854,-1.0206064566316115,-0.9251713051921691
2021-10-12,103.8000030517578,105.41000366210938,103.52999877929688,105.0199966430664,92.68839263916016,6262300,0.013608686655812718,103.71300048828125,104.9270004272461,106.48779998779297,0.009067886024319053,41.007190295845,-0.875920466562718,-0.9153211374662789
2021-10-13,104.86000061035156,105.8499984741211,104.22000122070312,105.76000213623048,93.34149932861328,6317500,0.0070463294307574476,103.88800048828125,104.83450050354004,106.46919998168946,0.009188279389405501,45.574538208562046,-0.6935487202841131,-0.8709666540298457
2021-10-14,106.43000030517578,107.22000122070312,106.1500015258789,107.19000244140624,94.60358428955078,4335100,0.01352118264269464,104.36800079345703,104.80350074768066,106.48760009765626,0.009722226720324021,57.031260244545834,-0.42868708594599525,-0.7825107404130757
2021-10-15,107.87000274658205,108.05999755859376,106.63999938964844,107.16999816894533,94.58592987060548,5649200,-0.00018662442396943923,104.70200042724609,104.82250061035157,106.48420013427734,0.009477535432796206,64.09129546235522,-0.2178848689720354,-0.6695855661248676
2021-10-18,106.62000274658205,107.8000030517578,106.5199966430664,107.41999816894533,94.80657196044922,6011700,0.002332742411788491,105.08199996948242,104.88200035095215,106.49100006103515,0.009398724534875733,69.26602486480598,-0.030300398477095314,-0.5417285325953133
2021-10-19,107.83999633789062,108.20999908447266,107.51000213623048,107.66000366210938,95.0184097290039,4084000,0.0022342719908314823,105.54500045776368,104.95350036621093,106.51420013427735,0.009404505006799532,67.63283421679398,0.13615853254459864,-0.40615111956733096
2021-10-20,107.75,109.26000213623048,107.75,109.26000213623048,96.43052673339844,4710100,0.014861586658892367,106.06600036621094,105.05300064086914,106.59080017089843,0.009725105131385626,83.2526449897527,0.39265861566761373,-0.24638917252034204
2021-10-21,109.19000244140624,109.5,108.95999908447266,109.43000030517578,96.58057403564452,5806100,0.0015559048656554886,106.58500061035156,105.17950057983398,106.65880020141601,0.009669792964775176,80.90505114470358,0.6027065846893436,-0.07657002107840492
2021-10-22,109.62999725341795,110.33000183105467,109.54000091552734,110.0199966430664,97.1012954711914,8094900,0.0053915410421754295,107.25400009155274,105.41100044250489,106.73040008544922,0.009001978449097416,83.89826398991376,0.8074708656100142,0.10023815625927893
2021-10-25,110.23999786376952,110.66000366210938,109.41999816894533,110.37000274658205,97.41019439697266,4816600,0.003181295348073432,107.93000030517578,105.73150062561035,106.7968000793457,0.008202306231009118,89.89130606047314,0.9866174886561225,0.27751402273864767
2021-10-26,110.56999969482422,111.08000183105467,110.3499984741211,110.6999969482422,97.70144653320312,6085900,0.002989890309397225,108.49800033569336,106.10550041198731,106.87259994506836,0.00784798945949359,89.0716697357595,1.1420553491391416,0.4504222880187465
2021-10-27,111.0999984741211,111.18000030517578,109.5500030517578,109.69000244140624,96.8100357055664,7741400,-0.00912370853368849,108.89100036621093,106.38950042724609,106.92800003051758,0.008269733195162113,79.20690227581791,1.1702529105205173,0.5943884125191007
2021-10-28,109.62999725341795,111.01000213623048,109.5999984741211,110.95999908447266,97.930908203125,7503100,0.011578052828878471,109.26800003051758,106.8180004119873,107.02960006713867,0.0072824193947263515,89.37049194267796,1.2803190750323523,0.731574545021751
2021-10-29,110.56999969482422,110.9000015258789,109.25,109.83999633789062,96.9424285888672,8811200,-0.010093752305543768,109.53499984741211,107.11850013732911,107.09720001220703,0.007533555641979762,79.58212939106846,1.2626177702925503,0.837783190075911
2021-11-01,110.0,110.3000030517578,108.36000061035156,110.04000091552734,97.11891174316406,9795700,0.0018208720348229512,109.79700012207032,107.43950004577637,107.15800003051758,0.007451447012209488,76.93133222876378,1.2503152013159564,0.92028959232392
2021-11-02,110.51000213623048,110.93000030517578,109.63999938964844,110.47000122070312,97.49844360351562,6165200,0.0039076726790094884,110.07799987792968,107.81150016784667,107.23220001220703,0.007163085322221861,76.13761358353673,1.260729848811934,0.988377643621523
2021-11-03,110.5199966430664,111.0,109.87000274658205,110.69000244140624,97.69261932373048,4774700,0.0019915019305882797,110.22099990844727,108.1435001373291,107.32040008544922,0.0070087762492843635,72.43588865783353,1.2720721361220058,1.0451165421216195
2021-11-04,110.80999755859376,111.1999969482422,109.36000061035156,109.72000122070312,96.83648681640624,4961600,-0.008763223410502508,110.25,108.41750030517578,107.38940017700196,0.007494877806742511,64.57144601004453,1.1890829802419205,1.0739098297456797
2021-11-05,110.56999969482422,111.47000122070312,109.93000030517578,110.23999786376952,97.29544830322266,6082900,0.00473930584470561,110.27200012207031,108.76300010681152,107.47140014648437,0.0070137274285932295,65.63193317256886,1.1519933968170477,1.0895265431599535
2021-11-08,110.51000213623048,110.51000213623048,109.26000213623048,110.0199966430664,97.1012954711914,4248800,-0.0019956569753836195,110.23699951171875,109.08349990844727,107.5284001159668,0.007111576139797173,63.111083230830914,1.092256521578335,1.0900725388436299
2021-11-09,110.25,110.47000122070312,109.93000030517578,110.26000213623048,97.31311798095705,3419100,0.0021814715550547703,110.19300003051758,109.34550018310547,107.56800018310547,0.006661735520422217,56.54450314063452,1.052152496027432,1.0824885302803904
2021-11-10,110.06999969482422,110.62000274658205,109.70999908447266,109.76000213623048,96.87181854248048,4840900,-0.004534735990502026,110.2,109.54550018310547,107.58740020751954,0.006744774036579224,52.070274658161146,0.9688555814672952,1.0597619405177714
2021-11-11,109.9000015258789,110.05999755859376,109.20999908447266,109.98999786376952,97.07481384277344,2752100,0.002095442083297039,110.10299987792969,109.68549995422363,107.57220016479492,0.006165854916898836,49.802898969179566,0.910900614348165,1.0299896752838502
2021-11-12,110.27999877929688,110.33000183105467,109.62999725341795,110.04000091552734,97.11891174316406,4328300,0.00045461453522133155,110.12300033569336,109.82900009155273,107.54820022583007,0.006159336638102286,47.742804779279666,0.8591025147301252,0.9958122431731052
2021-11-15,110.06999969482422,110.72000122070312,109.75,110.69000244140624,97.69261932373048,4996900,0.005906956747282033,110.18800048828125,109.99250030517578,107.53660034179687,0.0062409602658336305,49.934505239580645,0.8605815895755029,0.9687661124535849
2021-11-16,110.80999755859376,110.88999938964844,109.76000213623048,110.04000091552734,97.11891174316406,4826700,-0.005872269505305727,110.14500045776367,110.11150016784669,107.53680038452148,0.00645174395456291,52.40713824713123,0.8000812377224236,0.9350291375073527
2021-11-17,109.73999786376952,110.52999877929688,108.3499984741211,110.43000030517578,97.46315002441406,6854100,0.003544160181785383,110.11900024414062,110.17000007629395,107.53260040283203,0.005625936842062074,45.852914207117834,0.7746740046730451,0.9029581109404912
2021-11-18,110.5999984741211,110.5999984741211,109.86000061035156,110.37999725341795,97.41899871826172,5395200,-0.0004528031478732153,110.18499984741212,110.21749992370606,107.570400390625,0.005624921959626608,55.07518230903257,0.7419510116346117,0.8707566910793153
2021-11-19,110.44000244140624,110.70999908447266,109.44000244140624,109.87999725341795,96.97772216796876,6454800,-0.004529806237012934,110.14899978637695,110.21049995422364,107.6270002746582,0.005603383501926405,48.57648250265385,0.6679720169562415,0.8301997562547005
2021-11-22,109.91999816894533,110.13999938964844,109.02999877929688,109.13999938964844,96.32462310791016,4993300,-0.006734600311855243,110.06100006103516,110.14899978637695,107.6602001953125,0.00573957478915683,38.78583430469661,0.5433678808026059,0.7728333811642817
2021-11-23,109.23999786376952,110.31999969482422,108.95999908447266,110.0199966430664,97.1012954711914,6294200,0.008063013178845946,110.03699951171875,110.11499977111816,107.71640014648438,0.006009739937776822,44.916499279317925,0.5097505421423421,0.7202168133598938
2021-11-24,110.0500030517578,111.54000091552734,109.79000091552734,111.3499984741211,98.2751235961914,5042300,0.012088728155205786,110.19599914550781,110.1979995727539,107.79120010375976,0.006236394646591215,61.72659122170137,0.5837000605736478,0.6929134628026448
2021-11-26,109.76000213623048,109.94000244140624,108.01000213623048,108.2699966430664,95.55675506591795,7050900,-0.027660546683981435,110.0239990234375,110.0634994506836,107.80040008544921,0.008440000312550162,39.64248581624011,0.3892877131570742,0.6321883128735307
2021-11-29,109.16999816894533,110.25,108.43000030517578,109.41000366210938,96.56291198730467,9997900,0.010529297629898515,109.9609992980957,110.04199981689453,107.85280014038086,0.008554248417807123,47.07578106084268,0.32347475059587794,0.5704456004180002
2021-11-30,108.93000030517578,109.0999984741211,106.91999816894533,107.19000244140624,94.60358428955078,13914200,-0.020290660327177745,109.6109992980957,109.89949989318848,107.87200012207032,0.009644077073854786,37.63095527186979,0.091131451774217,0.4745827706892436
2021-12-01,108.31999969482422,109.51000213623048,105.51000213623048,105.54000091552734,93.1473388671875,17616800,-0.01539324086479843,109.1609992980957,109.65299987792969,107.85820007324219,0.010055945045024085,34.43953823076974,-0.2235664847148513,0.3349529196084246
2021-12-02,106.13999938964844,109.30999755859376,106.01000213623048,108.75,95.9804229736328,15008700,0.030414999589036373,108.99299926757813,109.55599975585938,107.88780014038086,0.012415806324636208,46.25152161067712,-0.21150862782141644,0.22566061012245642
2021-12-03,109.0,109.37999725341795,107.43000030517578,108.26000213623048,95.5479507446289,14207500,-0.004505727482938093,108.78099975585937,109.48299980163574,107.9150001525879,0.012308309303177053,44.75854644402151,-0.23873938288853935,0.13278061152025727
2021-12-06,109.06999969482422,110.8000030517578,109.0199966430664,110.0,97.08363342285156,12441800,0.016072398202800375,108.79300003051758,109.47099990844727,108.00720016479492,0.012817298083119103,48.090752181153114,-0.11855009492946067,0.08251447023031369
2021-12-07,110.9499969482422,111.93000030517578,110.58000183105467,111.6500015258789,98.53990173339844,7534800,0.015000013871626416,109.04400024414062,109.5525001525879,108.16100021362304,0.013236724381261581,54.2212899632893,0.10859035319896293,0.08772964682404354
2021-12-08,111.8499984741211,112.6500015258789,111.37999725341795,112.33999633789062,99.14885711669922,9311200,0.006179980318690603,109.27600021362305,109.6564998626709,108.3434001159668,0.0132884838738064,54.93029365484184,0.340354218038982,0.13825456106703124
2021-12-09,112.04000091552734,112.05999755859376,110.83999633789062,110.91000366210938,97.88680267333984,5102300,-0.012729150101449038,109.23200073242188,109.71399993896485,108.48140014648438,0.013591596812501877,51.277124345940074,0.40398342327252124,0.19140033350812924
2021-12-10,111.23999786376952,111.58999633789062,110.76000213623048,111.18000030517578,98.12507629394533,3593700,0.002434375927792498,109.52300109863282,109.77350006103515,108.65720016479492,0.013593758805253714,53.16765045754088,0.47076975874828975,0.24727421855616136
2021-12-13,109.79000091552734,111.73999786376952,109.62999725341795,111.25,99.20138549804688,7406800,0.0006296068954134704,109.70700073242188,109.8340000152588,108.80560012817382,0.013593699012931197,55.31486544970402,0.5233143589645834,0.3024822466378458
2021-12-14,111.11000061035156,111.11000061035156,109.25,109.88999938964844,97.98863983154295,11908600,-0.012224724587429736,109.9770004272461,109.7939998626709,108.93100006103515,0.013826206879393229,49.68028211880318,0.45002800720897085,0.33199139875207084
2021-12-15,110.0,111.58000183105467,109.9499969482422,111.4000015258789,99.3351058959961,11106400,0.013741033257050894,110.56300048828125,109.86199989318848,109.0984001159668,0.01410091069356087,50.12189923244774,0.5079374119178794,0.36718060138523256
2021-12-16,111.66999816894533,112.36000061035156,110.83000183105467,111.43000030517578,99.3618621826172,8093000,0.0002692888589406195,110.83100051879883,109.91199989318848,109.24600006103516,0.014085258704593618,59.0492703568601,0.5499126326232613,0.4037270076328383
2021-12-17,111.2300033569336,112.4800033569336,110.93000030517578,111.20999908447266,99.16568756103516,9501900,-0.0019743446118694052,111.12600021362304,109.95349998474121,109.38540008544922,0.014095037758882854,55.441345173204475,0.5589824359959152,0.43477809330545375
2021-12-20,110.13999938964844,110.79000091552734,109.23999786376952,110.31999969482422,98.3720703125,15275200,-0.008002872016682705,111.15800018310547,109.97550010681152,109.5252000427246,0.014180997512890472,60.28928527896485,0.48872113478036283,0.44556670160043554
2021-12-21,111.1500015258789,111.9800033569336,111.0,111.43000030517578,99.3618621826172,7384800,0.010061644429134597,111.13600006103516,110.09000015258789,109.68160003662109,0.014239988085030767,70.07500426456092,0.5166506923770697,0.4597834997557624
2021-12-22,111.79000091552734,112.5999984741211,111.69000244140624,112.51000213623048,100.32489013671876,5007700,0.009692199839333115,111.15300064086914,110.2145004272461,109.83140014648437,0.014286289038482175,64.99205118392649,0.6187990594400787,0.4915866116926257
2021-12-23,112.9499969482422,112.9499969482422,111.83999633789062,112.41000366210938,100.2357177734375,7972000,-0.0008887963045278724,111.30300064086914,110.2675006866455,109.96440017700195,0.014059408052531292,67.0782148829247,0.6838009039676649,0.5300294701476336
2021-12-27,112.5,114.33000183105467,112.36000061035156,114.29000091552734,101.91212463378906,8782300,0.01672446572521258,111.6140007019043,110.56850090026856,110.10640014648438,0.012817287665537752,67.453238088912,0.8769069630129991,0.5994049687207067
2021-12-28,114.36000061035156,114.86000061035156,113.97000122070312,114.68000030517578,102.2598648071289,7629000,0.003412366668337663,111.95700073242188,110.83200073242188,110.25660018920898,0.012689178198647805,63.73528244019248,1.0493187045958052,0.6893877158957264
2021-12-29,114.87000274658205,115.73999786376952,114.41999816894533,115.43000030517578,102.92865753173828,6502600,0.006539937199199208,112.51100082397461,111.24400062561035,110.41680023193359,0.011525480755392503,63.931501864009476,1.232270140826273,0.7979642008818358
2021-12-30,115.43000030517578,116.37000274658205,115.08999633789062,115.9499969482422,103.39231872558594,7116800,0.004504865647506184,112.96600036621093,111.76450042724609,110.58260009765625,0.010606116795704496,74.75440526653433,1.4030464097890416,0.9189806426632771
2021-12-31,115.91999816894533,116.88999938964844,115.87999725341795,116.13999938964844,103.56175231933594,3877400,0.0016386584424925577,113.4370002746582,112.13400039672851,110.72020004272461,0.008729564325519346,74.55445462284717,1.53601323795138,1.0423871617208977
2022-01-03,116.5,116.75,113.58000183105467,115.26000213623048,102.7770767211914,13194000,-0.0075770385572809795,113.84200057983398,112.48400039672852,110.8368000793457,0.008899988703770526,68.37765167011078,1.5524858923591722,1.1444069078485528
2022-01-04,115.58000183105467,116.13999938964844,114.88999938964844,115.04000091552734,102.58088684082033,9363000,-0.0019087386484958335,114.31400070190429,112.73600044250489,110.93720016479492,0.008424052852438595,76.35620929068465,1.5301497163278839,1.221555469544419
2022-01-05,114.75,114.91000366210938,111.5500030517578,111.62999725341795,99.54019927978516,12110000,-0.029641895297039533,114.33400039672851,112.73500022888183,110.96240005493163,0.010527026738467542,50.98541458280209,1.2231891755501607,1.2218822107455676
2022-01-06,111.73999786376952,112.12999725341795,110.51000213623048,111.61000061035156,99.52236938476562,7920600,-0.0001791332397956813,114.24400024414062,112.69850044250488,110.98060012817383,0.010427508441490568,50.77187121106538,0.9671583737782896,1.170937443352112
2022-01-07,111.3000030517578,111.62999725341795,110.5500030517578,110.86000061035156,98.85359191894533,7883300,-0.006719827935655842,114.08899993896485,112.696000289917,111.00400009155274,0.010132119325208954,48.564402694510534,0.6957136330877347,1.0758926812992367
2022-01-10,110.25,110.33000183105467,108.8499984741211,110.3000030517578,98.354248046875,10109200,-0.005051394150375588,113.69000015258788,112.6520004272461,110.99080017089844,0.010176658291001848,49.915697070400775,0.4304427217974762,0.9468026893988846
2022-01-11,110.27999877929688,110.66000366210938,108.87999725341795,110.58000183105467,98.60392761230467,7339300,0.0025385201409784397,113.28000030517578,112.61850051879883,111.00560028076171,0.010195241870665011,46.1468759921506,0.24004014153622677,0.805450179826353
2022-01-12,110.5,111.38999938964844,110.5,110.69000244140624,98.70201110839844,5936600,0.0009947604316340453,112.80600051879883,112.65850067138672,111.0186003112793,0.009799018117307993,40.95426681520985,0.09690380806573273,0.6637409054742289
2022-01-13,111.08000183105467,111.4800033569336,110.22000122070312,110.33999633789062,98.38990783691406,6922600,-0.0031620389899339463,112.24500045776367,112.60550041198731,111.01600021362304,0.009305084156956692,39.96116481864088,-0.04426507465531415,0.5221397094483203
2022-01-14,109.79000091552734,109.94000244140624,108.0999984741211,109.29000091552734,97.45362091064452,12194800,-0.009516000155989746,111.56000061035157,112.49850044250488,110.98800018310547,0.00952077904116208,23.62868009805547,-0.23812334894543596,0.3700870977695691
2022-01-18,108.58000183105467,108.80999755859376,107.55999755859376,108.30999755859376,96.57978057861328,9457200,-0.008966999256327601,110.8650001525879,112.35350036621094,110.95980010986328,0.00968823744829973,18.37138560264266,-0.46546986184613104,0.20297570584642904
2022-01-19,108.77999877929688,109.37000274658205,106.94000244140624,106.9499969482422,95.36707305908205,7194100,-0.012556556559941034,110.05599975585938,112.18500022888183,110.89400009155274,0.0099057295359433,10.299610886602778,-0.7467759264904288,0.013025379379057483
2022-01-20,107.1999969482422,108.38999938964844,105.58000183105467,105.62000274658205,94.18109893798828,12901400,-0.012435663764476801,109.45500030517579,111.89450035095214,110.80600021362305,0.009800159817564156,5.047884585632062,-1.064758552466813,-0.20253140699011662
2022-01-21,106.2300033569336,106.75,105.12999725341795,105.37000274658205,93.95819091796876,16205400,-0.002366975889972589,108.83100051879883,111.53750038146973,110.70820022583008,0.009363510305484601,3.376619430457211,-1.3216992588304493,-0.4263649773581832
2022-01-24,104.63999938964844,105.79000091552734,101.7300033569336,105.54000091552734,94.10977172851562,19913600,0.0016133450176911701,108.2990005493164,111.19400024414062,110.62380020141602,0.009413034845646923,5.166030883574152,-1.4943828727455752,-0.6399685564356616
2022-01-25,104.33999633789062,105.88999938964844,103.1999969482422,105.05999755859376,93.6817398071289,14780800,-0.004548070426091511,107.775,110.73250007629395,110.5252001953125,0.008174785810408773,5.045023743916147,-1.650937164283505,-0.8421622780052302
2022-01-26,105.77999877929688,106.88999938964844,102.76000213623048,103.36000061035156,92.16588592529295,15672600,-0.016181201101723608,107.0529998779297,110.16650009155273,110.39160018920899,0.008389593677256084,5.963770500460967,-1.890391853931888,-1.0518081931905618
2022-01-27,104.08999633789062,104.95999908447266,101.4000015258789,101.80999755859376,90.7837371826172,11946500,-0.014996159467926318,106.16499938964844,109.48549995422363,110.21400009155273,0.008190052909674367,5.128183630893631,-2.180102844492552,-1.27746712345096
2022-01-28,101.98999786376952,105.12000274658205,100.8000030517578,104.9800033569336,93.61042022705078,13488400,0.031136488305241627,105.62900009155274,108.9370002746582,110.11280014038086,0.01151611619880587,27.961036339126963,-2.1293619575201888,-1.447846090264806
2022-01-31,104.66000366210938,106.6500015258789,104.33000183105467,106.58000183105467,95.03711700439452,8569000,0.015240983263079766,105.35800018310547,108.45900039672851,110.03580017089844,0.012297403513947654,37.0653687150363,-1.9377062622983345,-1.5458181246715117
2022-02-01,106.58999633789062,106.75,105.36000061035156,105.98999786376952,94.51102447509766,11087000,-0.005535784923520692,105.12600021362304,107.99550018310546,109.94800018310546,0.012276477327395507,34.37712450446614,-1.8125323872236407,-1.5991609771819377
2022-02-02,106.56999969482422,107.70999908447266,106.37000274658205,107.45999908447266,95.82183837890624,7393800,0.013869244743193176,105.1770004272461,107.61650009155274,109.89960021972657,0.012915827246962825,39.93769094270257,-1.576540992995362,-1.5946369803446228
2022-02-03,106.79000091552734,107.19000244140624,106.11000061035156,106.11000061035156,94.61803436279295,7099600,-0.012562799977877126,105.22600021362305,107.34050025939942,109.83900024414062,0.01157962275619378,37.5953226673969,-1.4813733573561336,-1.571984255746925
2022-02-04,105.55999755859376,106.38999938964844,104.20999908447266,105.12999725341795,93.74417877197266,9197300,-0.009235730386359164,105.20199966430664,107.01650009155273,109.74120025634765,0.011662140468314982,37.75029160623357,-1.4681069777661975,-1.5512088001507798
2022-02-07,105.2699966430664,105.70999908447266,104.7300033569336,104.9499969482422,93.58365631103516,7632100,-0.0017121688374237554,105.14299926757812,106.72099990844727,109.61320022583008,0.011630025070457607,39.6168140833461,-1.4553415254773654,-1.532035345216097
2022-02-08,104.83000183105467,105.26000213623048,104.1500015258789,104.4000015258789,93.09322357177734,8280000,-0.005240547292579056,105.07699966430664,106.42599983215332,109.53580032348633,0.011632138824569408,41.704635762246795,-1.4726292928415603,-1.52015413474119
2022-02-09,105.52999877929688,106.87000274658205,105.5199966430664,106.79000091552734,95.22437286376952,7728600,0.02289271412564098,105.41999969482421,106.23649978637695,109.48340026855469,0.012930767167333452,53.560552659513675,-1.2787365177522076,-1.4718706113433937
2022-02-10,105.3000030517578,106.6999969482422,103.55999755859376,104.12000274658205,92.84356689453124,11837300,-0.025002323682507654,105.65100021362305,105.90799980163574,109.4220002746582,0.01391843562595037,46.684351206212945,-1.325245034874385,-1.442545496049592
2022-02-11,104.66999816894533,104.98999786376952,102.44000244140624,103.04000091552734,91.88050842285156,10952300,-0.010372664258214814,105.45699996948242,105.54300003051758,109.3720002746582,0.01401689488859664,43.67409219516413,-1.4327348164659384,-1.4405833601328613
2022-02-14,103.13999938964844,103.80999755859376,101.66000366210938,102.08000183105467,91.02449798583984,8473000,-0.009316761218390202,105.00699996948242,105.18250007629395,109.2386003112793,0.014012332496714628,42.63835247340826,-1.5772041185657883,-1.4679075118194467
2022-02-15,103.05999755859376,103.54000091552734,102.55999755859376,102.86000061035156,91.72000885009766,6383600,0.007641053735361503,104.69400024414062,104.91000022888184,109.13060028076171,0.0141511116822834,48.706004631340846,-1.6101963572634617,-1.4963652809082497
2022-02-16,103.04000091552734,103.4800033569336,102.1500015258789,103.1999969482422,92.023193359375,7205200,0.003305428114652509,104.26800003051758,104.72250022888184,108.99460021972656,0.014000544536367848,53.837656937609154,-1.590572946300128,-1.5152068139866255
2022-02-17,102.87000274658205,103.16000366210938,101.9000015258789,102.04000091552734,90.98883056640624,7504500,-0.011240271967223325,103.86100006103516,104.5435001373291,108.80240020751953,0.013954734272270805,40.86955244335056,-1.6496075876559502,-1.5420869687204906
2022-02-18,101.93000030517578,102.83999633789062,101.33000183105467,101.51000213623048,90.51622772216795,8281700,-0.005194029542743839,103.4990005493164,104.35050010681152,108.58580032348632,0.013976886324965746,33.13372361880228,-1.7193399575777306,-1.5775375664919387
2022-02-22,101.2300033569336,101.81999969482422,100.4499969482422,100.98999786376952,90.05255126953125,10853700,-0.005122689996234109,103.10300064086914,104.12299995422363,108.38740020751953,0.013972175415458704,33.288760508273086,-1.7958617852902137,-1.6212024102515938
2022-02-23,101.45999908447266,102.1999969482422,99.16000366210938,99.20999908447266,88.4653091430664,10679800,-0.01762549576145145,102.58400039672851,103.83050003051758,108.14800018310547,0.014392029616021387,22.98622810856841,-1.9773433274557135,-1.692430593692418
2022-02-24,97.31999969482422,101.33999633789062,97.0500030517578,100.97000122070312,90.03469848632812,15484100,0.01774016885870444,102.00200042724609,103.71100006103515,107.94240020751953,0.014722438925609758,33.609688167815676,-1.956596862986288,-1.7452638475511921
2022-02-25,101.48999786376952,103.52999877929688,100.83999633789062,103.4000015258789,92.20152282714844,9811200,0.024066557153586743,101.93000030517578,103.79050025939941,107.81260025024415,0.015354751650017644,44.950388863304205,-1.7241989321430964,-1.741050864469573
2022-02-28,102.3000030517578,102.86000061035156,100.75,101.69000244140624,90.67671966552734,13154700,-0.016537708503270077,101.79500045776368,103.62600021362304,107.6184002685547,0.014057224958990868,41.26474669658457,-1.6588819738946228,-1.724617086354583
2022-03-01,102.11000061035156,102.68000030517578,100.8499984741211,101.43000030517578,90.44487762451172,11661600,-0.0025568111907585678,101.73000030517578,103.36850013732911,107.41840026855469,0.013493908779409956,41.91616219341208,-1.6095439921297725,-1.701602467509621
2022-03-02,101.91000366210938,103.69000244140624,101.79000091552734,103.18000030517578,92.0053482055664,10335700,0.01725327807093291,101.7620002746582,103.22800025939941,107.25780029296875,0.014159776109879464,39.819510771950355,-1.4129453569336192,-1.6438710453944207
2022-03-03,103.80999755859376,104.38999938964844,102.70999908447266,104.02999877929688,92.7633056640625,7639500,0.008238015813210486,101.84500045776367,103.05650024414062,107.1320002746582,0.01389691096793764,49.71714648105474,-1.175006999719784,-1.5500982362594935
2022-03-04,103.16999816894533,104.6500015258789,102.91000366210938,104.54000091552734,93.21807098388672,9952700,0.004902452583052108,102.09500045776367,102.97800025939941,106.99420028686524,0.01371463012473455,54.88917978518323,-0.9345137346281973,-1.4269813359332344
2022-03-07,104.31999969482422,104.5199966430664,102.4000015258789,102.4000015258789,91.30984497070312,10114100,-0.02047062723270532,102.18400039672852,102.84150047302246,106.7920002746582,0.014302060605196155,50.96852227557365,-0.9061555581936034,-1.3228161803853082
2022-03-08,102.25,103.7699966430664,101.62999725341795,101.83000183105467,90.80157470703124,9401700,-0.005566403186822,102.26800079345703,102.68550071716308,106.58040023803711,0.014335003868177659,46.84243122785087,-0.9190811157514105,-1.2420691674585287
2022-03-09,103.66999816894533,104.5500030517578,103.27999877929688,103.45999908447266,92.2550277709961,9432400,0.016007043347816996,102.69300079345703,102.63850059509278,106.36380020141601,0.014815489485940875,50.73864249651147,-0.7887058472889805,-1.1513965034246192
2022-03-10,102.30999755859376,103.95999908447266,102.06999969482422,103.70999908447266,92.47795867919922,8782900,0.0024163928301979,102.96700057983398,102.48450050354003,106.14440017700196,0.013797453670514987,55.002989588552154,-0.657628860917697,-1.0526429749232349
2022-03-11,104.33999633789062,104.94000244140624,102.8000030517578,102.83999633789062,91.7021713256836,5966300,-0.008388802953063434,102.91100006103515,102.42050018310547,105.89260009765626,0.012761084040716493,53.904855258837024,-0.6168407988337208,-0.9654825397053322
2022-03-14,103.48999786376952,103.62000274658205,101.66000366210938,102.11000061035156,91.05121612548828,8515900,-0.007098363997802837,102.95299987792968,102.37400016784667,105.61580017089844,0.01264882356590117,53.248268229011124,-0.6360880925735017,-0.8996036502789662
2022-03-15,103.16000366210938,103.55999755859376,101.91000366210938,102.81999969482422,91.6843490600586,6331600,0.006953276664662722,103.09199981689453,102.41100006103515,105.34940017700195,0.01256656436269022,61.16265002826224,-0.5872809103595813,-0.8371391022950891
2022-03-16,103.62000274658205,104.58000183105467,101.86000061035156,104.11000061035156,92.83465576171876,8138300,0.012546206179304908,103.18499984741212,102.47350006103515,105.12640014648437,0.012760944359628962,59.999999999999986,-0.4394429491486562,-0.7575998716658026
2022-03-17,103.76000213623048,105.62999725341795,103.6500015258789,105.62999725341795,94.19001007080078,7172800,0.014599910038952224,103.34499969482422,102.59500007629394,104.93820007324219,0.013127820768804272,57.53886659850584,-0.19735429634108925,-0.6455507566008599
2022-03-18,105.62999725341795,106.1500015258789,105.1500015258789,105.83000183105467,94.36835479736328,7229100,0.0018934448815415283,103.47399978637695,102.78450012207031,104.82220016479492,0.012794609476624086,65.58734853237553,0.010520133520088848,-0.5143365785766701
2022-03-21,105.8499984741211,106.37000274658205,104.75,105.2699966430664,93.86900329589844,6595600,-0.005291554174611579,103.7609992980957,102.97249984741211,104.69540008544922,0.012797474805584757,64.13842349089136,0.12859204922969525,-0.3857508530153971
2022-03-22,105.77999877929688,106.08000183105467,105.3000030517578,105.55999755859376,94.12759399414062,4695000,0.0027548297214319284,104.13399887084961,103.20099983215331,104.58940002441406,0.012690805866751247,59.81846829238205,0.24276707560572675,-0.26004726729117233
2022-03-23,105.22000122070312,105.58999633789062,104.1999969482422,104.41999816894533,93.11104583740234,4720800,-0.010799539750042664,104.22999877929688,103.46149978637695,104.47179992675781,0.01220963698307381,51.5713105340944,0.23851374523772506,-0.16033506478539286
2022-03-24,104.0199966430664,104.68000030517578,103.63999938964844,104.6500015258789,93.70471954345705,3886600,0.0022026753588086923,104.3239990234375,103.64549980163574,104.35319992065429,0.011680663633986248,50.453423602934514,0.2508111046736019,-0.07810583089359391
2022-03-25,105.11000061035156,105.91999816894533,104.66999816894533,105.87000274658205,94.797119140625,5140500,0.011657918804725886,104.62699966430664,103.7689998626709,104.25679992675781,0.010729682155776514,65.4772486282752,0.35490957648516996,0.008497250582158875
2022-03-28,106.12000274658205,107.08000183105467,105.83000183105467,107.06999969482422,95.87161254882812,5069500,0.011334626590258745,105.12299957275391,104.03799972534179,104.19139999389648,0.010090751020468986,72.12836194247936,0.5281499069496078,0.11242778185564868
2022-03-29,108.1999969482422,110.33999633789062,108.06999969482422,110.12000274658205,98.60260772705078,11486900,0.02848606575559054,105.85299987792969,104.47249984741211,104.20800003051758,0.011535139294003042,75.11311748568491,0.9011657949813525,0.2701753844807895
2022-03-30,109.73999786376952,109.8499984741211,108.87999725341795,109.37000274658205,97.9310531616211,6047100,-0.006810751737138632,106.37900009155274,104.78199996948243,104.22920013427735,0.011353496345637112,70.5668591756712,1.1233159546075768,0.440803498506147
2022-03-31,109.86000061035156,110.0999984741211,107.91999816894533,108.22000122070312,96.9013442993164,11802300,-0.010514780076796293,106.63800048828125,104.99150009155274,104.25460021972657,0.011666308818078118,69.15954988773277,1.1928258900895372,0.5912079768228251
2022-04-01,108.47000122070312,110.11000061035156,108.08999633789062,110.02999877929688,98.52202606201172,8195800,0.016725166680625403,107.05800018310546,105.26599998474121,104.34280014038086,0.012110038353462253,76.19045216241719,1.37807905344512,0.7485821921472842
2022-04-04,110.11000061035156,110.36000061035156,108.6999969482422,109.62999725341795,98.16384887695312,6140300,-0.0036353860794023918,107.49400024414062,105.62749977111817,104.42800003051758,0.01094914205801156,72.99119400693799,1.4756068625174805,0.8939871262213235
2022-04-05,109.29000091552734,110.75,108.87999725341795,109.2699966430664,97.84152221679688,8433700,-0.0032837783396033604,107.8650001525879,105.99949951171875,104.50259994506835,0.01086149770531999,68.58786520608966,1.5064835091128685,1.0164864027996325
2022-04-06,108.68000030517578,110.70999908447266,108.26000213623048,110.5500030517578,98.9876480102539,9412400,0.011714161691361413,108.47800064086914,106.353999710083,104.61240005493164,0.010643378524497024,68.0351824143862,1.615615484100445,1.1363122190597952
2022-04-07,109.97000122070312,110.12000274658205,108.86000061035156,109.72000122070312,98.24444580078124,8487900,-0.007507931326479311,108.98500061035156,106.65449981689453,104.73960006713867,0.010918129022631852,63.62997219846029,1.6164951989598393,1.232348815039804
2022-04-08,109.75,110.27999877929688,109.01000213623048,109.8499984741211,98.3608627319336,7789900,0.0011848090773940445,109.38300018310547,107.00499992370605,104.90040008544922,0.010603550230355524,66.54623552538591,1.6091329878094172,1.3077056495937267
2022-04-11,109.62999725341795,110.12000274658205,108.36000061035156,108.62999725341795,97.26844024658205,7436300,-0.011106064976328156,109.53899993896485,107.33099975585938,104.97339996337891,0.01084658855209159,60.39267847319245,1.4877051410934712,1.3437055478936757
2022-04-12,108.6500015258789,109.37000274658205,107.95999908447266,108.38999938964844,97.05355072021484,9739400,-0.0022093148286622677,109.36599960327149,107.60949974060058,105.00959991455078,0.01087119691078216,64.31145728477364,1.356470330276366,1.3462585043702138
2022-04-13,108.38999938964844,109.16000366210938,108.06999969482422,109.02999877929688,97.6266098022461,7387700,0.005904598147913331,109.33199920654297,107.85549964904786,105.07039993286133,0.010653766995549183,65.33611795423326,1.2892467650750774,1.3348561565111865
2022-04-14,109.20999908447266,109.86000061035156,108.43000030517578,108.5,97.15206146240234,5112400,-0.004861036276536335,109.35999908447266,107.99899978637696,105.09119995117187,0.01036222056797284,59.676219594008494,1.1796073539327239,1.303806395995494
2022-04-18,108.27999877929688,108.8499984741211,107.56999969482422,108.11000061035156,96.80282592773438,6909300,-0.003594464420722976,109.16799926757812,108.1129997253418,105.13119995117188,0.010420736411159488,54.06885913147924,1.0491536491178124,1.2528758466199577
2022-04-19,108.76000213623048,110.6500015258789,108.72000122070312,110.37999725341795,98.83541107177734,10807200,0.020997101380545447,109.24299926757813,108.36849975585938,105.23619995117187,0.01119870868485659,51.08331044514963,1.1160725168821557,1.2255151806723974
2022-04-20,110.62000274658205,112.5999984741211,110.61000061035156,112.37999725341795,100.6262435913086,9078600,0.018119224948051516,109.55399932861329,108.70949974060059,105.38479995727539,0.011736119921122739,61.35846983711666,1.3153272136561327,1.2434775872691444
2022-04-21,112.6999969482422,113.12999725341795,111.41000366210938,111.48999786376952,99.82933044433594,7741400,-0.007919553402741975,109.64799880981445,109.0629997253418,105.5265998840332,0.0115718246600066,62.58659422949855,1.3854518570979053,1.2718724412348967
2022-04-22,111.1999969482422,111.30999755859376,109.44000244140624,109.55999755859376,98.1011734008789,8384400,-0.01731097266262427,109.63199844360352,109.30849952697754,105.58199981689454,0.012461578758977944,48.20747063759859,1.2706440536026804,1.2716267637084535
2022-04-25,109.30999755859376,109.66999816894533,107.44000244140624,109.19000244140624,97.76988220214844,8750500,-0.003377100451190218,109.56599884033203,109.47449951171875,105.68339981079102,0.012324437529455562,48.31806189961509,1.1366993656914275,1.2446412841050485
2022-04-26,108.81999969482422,109.58000183105467,107.31999969482422,107.41000366210938,96.17604064941406,12086000,-0.01630184760048936,109.44399948120117,109.491499710083,105.77079986572265,0.012720461503044971,43.58622772544476,0.8768089028462214,1.171074807853283
2022-04-27,107.48999786376952,108.41000366210938,106.66999816894533,106.7699966430664,95.60298919677734,7418700,-0.005958542009329992,109.28199920654296,109.32399940490723,105.8645997619629,0.010894957753369034,36.36360633845575,0.6121442036239273,1.059288687007412
2022-04-28,107.3499984741211,109.08000183105467,106.1999969482422,108.76000213623048,97.38484954833984,10374600,0.018638246283894544,109.25499954223633,109.29349937438965,105.98259979248047,0.011697096042520215,46.80426331880773,0.5565566956694425,0.9587422887398183
2022-04-29,108.20999908447266,108.20999908447266,103.4499969482422,103.75,92.89884185791016,17174200,-0.04606474841693231,108.77999954223633,109.06999931335449,105.99359985351562,0.015445237765735717,34.67337184324241,0.10700441280727091,0.7883947135533089
2022-05-02,104.06999969482422,104.36000061035156,99.29000091552734,101.19000244140624,90.60660552978516,20384100,-0.02467467526355438,108.0879997253418,108.62799949645996,105.9765998840332,0.015578317143261272,32.48588615749672,-0.45064466718973506,0.5405868374047001
2022-05-03,101.83999633789062,103.30999755859376,101.12999725341795,102.70999908447266,91.96761322021484,10678900,0.015021213621835505,107.32099990844726,108.2819995880127,106.00059982299804,0.016153201595926477,37.38898500918613,-0.761160371818093,0.2802373955601415
2022-05-04,102.62999725341795,104.05999755859376,100.91000366210938,103.83999633789062,92.97943115234376,11560800,0.01100182322549359,106.46699981689453,108.0104995727539,106.05759979248047,0.01645897619744734,38.72228665707772,-0.9056254834700326,0.04306481975410667
2022-05-05,103.25,103.97000122070312,100.37999725341795,101.12999725341795,90.55286407470705,11247800,-0.026097834938807796,105.43099975585938,107.53949928283691,106.09599975585938,0.01691588629703358,35.371170574700386,-1.2246721448251066,-0.210482573161736
2022-05-06,100.4499969482422,100.68000030517578,98.87999725341795,99.83000183105467,89.38883209228516,13089000,-0.012854696506177765,104.45800018310547,107.0449993133545,106.0731997680664,0.01701113721030943,34.13792780894819,-1.5643844386129047,-0.48126294625196975
2022-05-09,99.05999755859376,99.05999755859376,95.2300033569336,95.5999984741211,85.60124969482422,13663300,-0.042372065304497775,103.09899978637695,106.33249931335449,105.91719970703124,0.0189166276028535,23.663577930764518,-2.150149216479946,-0.815040200297565
2022-05-10,96.68000030517578,97.37000274658205,93.05999755859376,93.75,83.94474029541016,16636100,-0.01935144878293993,101.73299942016601,105.5884994506836,105.75839965820313,0.01910544426864515,16.62486581585199,-2.732156835633532,-1.1984635273647584
2022-05-11,93.98999786376952,95.69000244140624,93.38999938964844,93.5500030517578,83.76567077636719,14684100,-0.0021333007812501803,100.41100006103515,104.84649963378907,105.60079971313476,0.019106489181769905,17.046291264117045,-3.172964193113529,-1.5933636605145125
2022-05-12,93.37999725341795,94.37999725341795,92.88999938964844,94.22000122070312,84.3656005859375,11695300,0.007161925677058978,98.95699996948242,104.10599975585937,105.42159973144531,0.019153746627511768,20.45454278281383,-3.4287197993929652,-1.9604348882902032
2022-05-13,95.19000244140624,96.8499984741211,94.52999877929688,96.7699966430664,86.64888763427734,9053100,0.027064268619463316,98.25899963378906,103.51949958801269,105.2763996887207,0.02062377592201871,27.93175295828918,-3.38660595524226,-2.2456691016806145
2022-05-16,96.66999816894533,96.98999786376952,95.97000122070312,96.12999725341795,86.0758056640625,6916400,-0.006613613845715793,97.75299911499023,102.92049942016601,105.10819961547851,0.020620140372750097,29.111093340582244,-3.366071060506485,-2.469749493445789
2022-05-17,97.08999633789062,97.3000030517578,95.87000274658205,97.1999969482422,87.03389739990234,6838500,0.01113075757199411,97.20199890136719,102.26149940490723,105.00419952392578,0.02005944576792335,32.55558710906992,-3.2262665825878543,-2.621052911274202
2022-05-18,96.9000015258789,97.12000274658205,94.11000061035156,94.38999938964844,84.51781463623047,7983200,-0.028909440810888642,96.25699920654297,101.36199951171875,104.85539947509766,0.01982045927412753,24.566346213832333,-3.3041259383788883,-2.757667516695139
2022-05-19,93.6999969482422,95.2699966430664,93.6999969482422,94.16000366210938,84.3118667602539,8900600,-0.002436653554680368,95.55999984741212,100.49549980163575,104.66939956665038,0.019866717301569317,29.56964569918769,-3.3458202388350173,-2.875298061123115
2022-05-20,95.04000091552734,95.19000244140624,93.43000030517578,94.87999725341795,84.9565658569336,11305000,0.007646490689319219,95.06499938964843,99.76149978637696,104.4927995300293,0.020048750144327526,35.413742736985185,-3.2829223217793526,-2.9568229132543626
2022-05-23,95.76000213623048,96.3499984741211,94.41000366210938,96.04000091552734,85.9952392578125,7684400,0.012226008597060689,95.10899963378907,99.103999710083,104.35679962158203,0.020494706629319067,34.32062435569743,-3.103695202074249,-2.9861973710183403
2022-05-24,95.66000366210938,97.0999984741211,94.25,96.95999908447266,86.81900787353516,8120500,0.009579322783998201,95.42999954223633,98.58149948120118,104.25379959106445,0.02063946085775875,33.66570387407795,-2.8545151808273204,-2.9598609329801366
2022-05-25,96.58999633789062,97.94000244140624,96.27999877929688,97.6500015258789,87.43684387207031,5831100,0.00711636188037823,95.83999938964844,98.1254997253418,104.15039962768554,0.020810524109955087,40.86134521126722,-2.5717156511247907,-2.8822318766090675
2022-05-26,98.06999969482422,98.7300033569336,97.58999633789062,97.73999786376952,87.51742553710938,5817900,0.0009216214693734681,96.19199905395507,97.57449951171876,104.0229995727539,0.020151790251557448,44.139073371926806,-2.313662572111596,-2.7685180157095735
2022-05-27,98.31999969482422,100.41999816894533,98.25,100.36000061035156,89.86341857910156,5921700,0.02680584002297426,96.55099945068359,97.40499954223633,103.91759963989257,0.018910896840097873,64.67326909644228,-1.8761146407116769,-2.590037340709994
2022-05-31,99.4800033569336,99.81999969482422,98.63999938964844,99.13999938964844,88.77101135253906,6680400,-0.012156249634152405,96.85199966430665,97.30249938964843,103.78379959106445,0.01830039198970517,67.2867412805065,-1.6092482432241013,-2.3938795212128157
2022-06-01,99.47000122070312,99.51000213623048,97.08000183105467,98.26000213623048,87.9830551147461,8342600,-0.008876308844418257,96.95800018310547,97.07999954223632,103.64359970092774,0.017986189988800666,64.47450667959652,-1.4520250831492376,-2.2055086336001004
2022-06-02,97.76000213623048,99.73999786376952,96.72000122070312,99.68000030517578,89.25452423095703,6916000,0.014451436373638327,97.4870002746582,96.87199974060059,103.52599975585937,0.01813394704472698,66.03996785071828,-1.199021043024885,-2.0042111154850577
2022-06-03,98.76000213623048,99.41999816894533,98.12000274658205,98.3499984741211,88.06362915039062,6051800,-0.013342714957692792,97.90599975585937,96.73299980163574,103.40459976196288,0.01744893419664915,55.00000965746889,-1.0932314591594405,-1.8220151842199344
2022-06-06,99.08999633789062,99.3000030517578,97.83000183105467,98.01000213623048,87.75919342041016,7749900,-0.0034570039976165035,98.21900024414063,96.64199981689453,103.27179977416992,0.01724524765483609,56.06453785020195,-1.0250116188782528,-1.6626144711515982
2022-06-07,97.7300033569336,99.37000274658205,97.13999938964844,99.31999969482422,88.93218231201172,6406600,0.013365957861860789,98.54700012207032,96.82799987792968,103.14079971313477,0.014446155515329259,56.73445072903451,-0.8553807522302037,-1.5011677273673194
2022-06-08,98.73999786376952,98.9499969482422,96.80999755859376,97.04000091552734,86.89064025878906,5968800,-0.02295608927006154,98.55500030517578,96.99249992370605,102.94019973754882,0.014746058868876645,58.71138837571977,-0.894611391783414,-1.3798564602505385
2022-06-09,96.29000091552734,96.95999908447266,94.5,94.5500030517578,84.963134765625,8054300,-0.025659499590659274,98.24500045776367,97.04249992370606,102.62879974365234,0.015966647378517107,51.11619834869545,-1.1137849544488034,-1.3266421590901916
2022-06-10,93.5,93.52999877929688,92.4000015258789,92.47000122070312,83.09403991699219,8669300,-0.021998961014480956,97.71800079345704,96.95499992370605,102.29079971313476,0.01665750526070051,43.60064584485544,-1.4387354991345944,-1.3490608270990723
2022-06-13,90.5,90.5,87.52999877929688,87.91000366210938,78.99639892578125,11994400,-0.04931326374388334,96.4730010986328,96.5120002746582,101.88459976196289,0.018576538659365337,31.713896522291492,-2.040691024583836,-1.487386866596025
2022-06-14,88.23999786376953,88.37999725341797,86.5999984741211,87.22000122070312,78.37635803222656,10648500,-0.007848963856927349,95.28100128173828,96.06650047302246,101.42839981079102,0.01858555466332751,27.86363354202041,-2.5440957931296424,-1.6987286519027487
2022-06-15,87.98999786376953,90.44000244140624,87.80000305175781,89.19000244140625,80.14659881591797,10030500,0.022586576394538094,94.37400131225586,95.66600074768067,101.01959991455078,0.019262843845933398,31.829891966028157,-2.752357599391459,-1.909454441400491
2022-06-16,87.3499984741211,87.91999816894531,86.56999969482422,86.94999694824219,78.13372802734375,11127100,-0.025114984099654514,93.1010009765625,95.29400062561035,100.5731999206543,0.01902295590632261,28.784898179235853,-3.0628496795425235,-2.1401334890288974
2022-06-17,87.19000244140625,88.7300033569336,86.80999755859375,87.66000366210938,78.77174377441406,12095000,0.00816568992279354,92.03200149536133,94.96900062561035,100.11539993286132,0.01921333422957531,23.001712072152188,-3.2145697232322448,-2.355020735869567
2022-06-21,88.5999984741211,89.86000061035156,88.5,89.02999877929688,80.0028305053711,5267800,0.01562850855526121,91.13400115966797,94.6765007019043,99.7015998840332,0.0195349253004606,28.64385003709937,-3.1875180703561483,-2.5215202027668835
2022-06-22,88.26000213623047,91.41000366210938,88.0999984741211,90.30999755859376,81.15303802490234,7123000,0.014377162718714365,90.23300094604492,94.39000053405762,99.31079986572266,0.019628831340493515,33.48565708676303,-3.0278905984397397,-2.622794281901455
2022-06-23,90.69000244140624,92.31999969482422,90.52999877929688,92.08000183105467,82.74359130859375,5966300,0.01959920629288603,89.73700103759765,94.14600067138672,98.97979995727539,0.02008628135504737,34.438991258065556,-2.727123542030398,-2.6436601339272436
2022-06-24,92.72000122070312,94.33000183105467,92.44000244140624,94.04000091552734,84.50485229492188,5548800,0.021285828035373155,89.68600082397461,93.96550064086914,98.69279998779297,0.020680167022242978,41.39721150993769,-2.3040483025833254,-2.57573776765846
2022-06-27,93.87999725341795,94.87999725341795,93.3499984741211,93.83000183105467,84.31613159179688,6886500,-0.0022330825438985347,89.82200088500977,93.7700008392334,98.38880004882813,0.020671333869416126,41.6131634579028,-1.9630742008937432,-2.453205054305517
2022-06-28,94.38999938964844,95.0,92.56999969482422,92.72000122070312,83.31868743896484,5507200,-0.011829911421617156,90.30300064086914,93.38800086975098,98.07320007324219,0.0196331840550183,36.65049330252359,-1.7621050906989666,-2.314985061584207
2022-06-29,92.12999725341795,92.3499984741211,91.0999984741211,92.16000366210938,82.81548309326172,5278200,-0.006039662976931814,90.79700088500977,93.03900108337402,97.75420013427734,0.019543047097486596,39.39131383769364,-1.6292418598564211,-2.17783642123865
2022-06-30,91.55999755859376,93.12999725341795,90.87999725341795,91.9800033569336,82.65372467041016,7746000,-0.0019531282337588163,91.0760009765625,92.72500114440918,97.38620025634765,0.019503343607334203,43.78927393938011,-1.5209388758786275,-2.0464569121666454
2022-07-01,91.79000091552734,93.95999908447266,91.72000122070312,93.70999908447266,84.20831298828125,7157500,0.018808389480327703,91.75200119018555,92.42650108337402,97.01280029296875,0.01973285836400504,53.04817507844134,-1.2807481167091055,-1.8933151530751373
2022-07-05,92.8499984741211,93.41000366210938,91.2300033569336,93.31999969482422,83.85784912109375,6353900,-0.004161769218425482,92.31800079345703,92.17500114440918,96.64940032958984,0.019583278644527635,66.72849131962056,-1.1090801157737786,-1.7364681456148656
2022-07-06,93.66999816894533,94.54000091552734,93.02999877929688,93.30999755859376,83.8488540649414,9022000,-0.00010718105725637805,92.74600067138672,91.94000091552735,96.32440032958985,0.01958842413862203,69.65782497810682,-0.9627411958140755,-1.5817227556547075
2022-07-07,93.73999786376952,94.3000030517578,93.19000244140624,93.47000122070312,83.99263763427734,4296500,0.00171475368444729,93.06200103759765,91.64750099182129,96.01000030517578,0.019269596120350275,65.64326131888066,-0.8243529613091312,-1.4302487967855924
2022-07-08,93.08999633789062,93.68000030517578,92.55999755859376,93.01000213623048,83.57926940917969,4098400,-0.0049213552847451325,93.15500106811524,91.44600105285645,95.7220002746582,0.018692657334344446,75.46220340732579,-0.7432298787767593,-1.2928450131838256
2022-07-11,92.7300033569336,93.1999969482422,92.13999938964844,92.83000183105467,83.41754913330078,4060800,-0.0019352790134566922,93.03400115966797,91.3600009918213,95.44320037841797,0.017842362900358743,72.73526996124235,-0.6855610506668199,-1.1713882206804245
2022-07-12,92.33000183105467,93.33999633789062,91.6999969482422,92.36000061035156,82.99519348144531,7560800,-0.0050630314707791335,92.88700103759766,91.35450096130371,95.11520034790038,0.017170789966884027,65.90258568676207,-0.670059233706084,-1.0711224232855563
2022-07-13,91.4499969482422,92.62999725341795,90.76000213623048,91.97000122070312,82.64473724365234,6089000,-0.004222600552957645,92.81200103759765,91.5575008392334,94.87960037231446,0.012729665608005931,58.66390054711823,-0.6813889952762651,-0.9931757376836982
2022-07-14,90.51000213623048,91.47000122070312,90.4000015258789,91.06999969482422,81.83598327636719,5904200,-0.009785816178463969,92.70300064086913,91.75000076293945,94.67720031738281,0.01281829213005714,44.20205371760033,-0.7542954658611905,-0.9453996833191967
2022-07-15,92.58000183105467,93.06999969482422,91.70999908447266,92.62000274658205,83.22882080078125,4818200,0.017019908388622884,92.76700057983399,91.92150077819824,94.475400390625,0.01240707744072386,41.445797308203595,-0.6791729932064499,-0.8921543452966474
2022-07-18,93.29000091552734,93.33000183105467,91.52999877929688,91.87000274658205,82.55487060546875,4728500,-0.008097602869350795,92.58300094604492,92.16750106811523,94.23600051879883,0.010950469921467794,38.91403730288954,-0.672405551745257,-0.8482045865863693
2022-07-19,92.55999755859376,94.31999969482422,92.52999877929688,94.23999786376952,84.6845703125,4771100,0.025797268382858007,92.67500076293945,92.49650077819824,94.09820053100586,0.01205785191373108,57.52473699357994,-0.47038124436616613,-0.7726399181423287
2022-07-20,94.12000274658205,95.1500015258789,93.56999969482422,93.95999908447266,84.43296813964844,6332600,-0.0029711246354400256,92.74000091552735,92.74300079345703,93.98080047607422,0.011803521467533523,59.16494642719799,-0.3290757067980792,-0.6839270758734789
2022-07-21,94.08000183105467,94.83000183105467,93.2300033569336,94.77999877929688,85.16981506347656,4335100,0.0087271147596224,92.87100067138672,92.96650085449218,93.96440048217774,0.011576375325320255,63.38430051356194,-0.1492030084690441,-0.576982262392592
2022-07-22,95.0,95.95999908447266,94.66000366210938,95.3499984741211,85.68201446533203,4629200,0.006013923846438507,93.10500030517578,93.1300006866455,93.99640045166015,0.010897784074651454,58.817198126287,0.03889327509062923,-0.45380715489594775
2022-07-25,95.4800033569336,95.9800033569336,94.9800033569336,95.48999786376952,85.80781555175781,4302200,0.001468268399463346,93.37099990844726,93.20250053405762,94.03520034790039,0.009887095456397162,61.98893611712003,0.1969869724943436,-0.32364832941788946
2022-07-26,95.41000366210938,96.08000183105467,95.2300033569336,95.5500030517578,85.86174011230469,2895000,0.000628392390100263,93.69000015258788,93.28850059509277,94.06180038452149,0.009861391135136748,62.30771423493146,0.32339142878981875,-0.19424037777634784
2022-07-27,95.7699966430664,96.58999633789062,95.1999969482422,96.3499984741211,86.58061981201172,5050500,0.00837253162545637,94.12799987792968,93.47000045776367,94.05340042114258,0.009511415982832373,64.78438339360875,0.48255818546296325,-0.058880665128485624
2022-07-28,97.05999755859376,99.63999938964844,97.0199966430664,99.5500030517578,89.45616912841797,8515600,0.033212295052565066,94.97600021362305,93.8395004272461,94.12180053710938,0.011594436183620247,76.20191969697612,0.8570332667082283,0.12430212123885717
2022-07-29,99.55999755859376,100.45999908447266,99.16999816894533,100.12999725341795,89.97735595703125,7852900,0.005826159556806987,95.72699966430663,94.2470001220703,94.1804005432129,0.011517012615910262,78.3384975894545,1.1869260072270293,0.3368268984364916
2022-08-01,99.66999816894533,99.87999725341795,98.83999633789062,99.29000091552734,89.2225341796875,6820100,-0.008389057834134128,96.46899948120117,94.52600021362304,94.27840057373047,0.011319761303399251,76.15095960564368,1.3648545033889263,0.5424324194269785
2022-08-02,99.16000366210938,99.47000122070312,97.91999816894533,98.01000213623048,88.07231140136719,4568800,-0.012891517448829881,96.84599990844727,94.76050033569337,94.3554005432129,0.011768107503962807,71.35786575387272,1.3865951091172803,0.7112649573650389
2022-08-03,98.5500030517578,99.29000091552734,98.2699966430664,98.31999969482422,88.35088348388672,4496000,0.0031629175781757723,97.28199996948243,95.01100044250488,94.42420059204102,0.011752394173765984,76.75279162894212,1.4125558435316776,0.8515231345983667
2022-08-04,98.52999877929688,98.62000274658205,97.66000366210938,98.2699966430664,88.30593872070312,3993900,-0.000508574571938758,97.63099975585938,95.25100021362304,94.46880050659179,0.011772535975010885,73.44398182619412,1.4128091003425425,0.9637803277472019
2022-08-05,97.29000091552734,98.56999969482422,97.1999969482422,98.5500030517578,88.55757141113281,4444900,0.0028493580773023552,97.95100021362303,95.5280002593994,94.5006005859375,0.01163968851480736,78.84284822965691,1.4192438258837825,1.054873027374518
2022-08-08,99.3499984741211,100.1999969482422,98.80999755859376,99.33999633789062,89.26746368408203,6310300,0.008016167038756183,98.33600006103515,95.8534999847412,94.53440048217773,0.011632080554540526,75.5000118255708,1.4711309661459637,1.1381246151288071
2022-08-09,99.62999725341795,99.94000244140624,99.0500030517578,99.93000030517578,89.79762268066406,3584900,0.005939238866874419,98.77399978637695,96.23199996948242,94.57820053100586,0.011466865894164235,78.95248610280683,1.5420841023040879,1.2189165125638632
2022-08-10,101.0,101.55999755859376,100.62999725341795,101.41999816894533,91.13654327392578,6627300,0.014910415883310879,99.28099975585937,96.70449981689453,94.59940048217773,0.0115418999959213,80.23680315737562,1.6989607866910177,1.3149253673892942
2022-08-11,101.79000091552734,102.26000213623048,100.76000213623048,101.06999969482422,90.822021484375,5766600,-0.00345098087596174,99.43299942016601,97.20449981689453,94.63800048828125,0.011197577593666564,76.57994489248654,1.774588387215971,1.4068579713546296
2022-08-12,101.69000244140624,102.8000030517578,101.56999969482422,102.69000244140624,92.27779388427734,4908000,0.016028522325848726,99.68899993896484,97.70799980163574,94.72660049438477,0.011144951078218963,79.41178853857807,1.9428485396370263,1.514056085011109
2022-08-15,102.52999877929688,103.33000183105467,102.38999938964844,103.19000244140624,92.72708129882812,4630900,0.004869023158172503,100.07900009155273,98.27399978637695,94.79680053710938,0.01069685322241561,80.12619796003838,2.092421610170476,1.6297291900429827
2022-08-16,102.73999786376952,103.36000061035156,102.47000122070312,102.80999755859376,92.38561248779295,4132300,-0.0036825746082159716,100.55899963378906,98.70249977111816,94.88600051879882,0.009801593295136926,76.34583180610659,2.1554494484532825,1.7348732417250428
2022-08-17,101.9800033569336,102.91999816894533,101.68000030517578,102.37999725341795,91.99919891357422,3552800,-0.004182475589796009,100.96499938964844,99.12349967956541,94.97340042114257,0.009853188742742876,64.91040484036559,2.1459646883080836,1.817091531041651
2022-08-18,102.4499969482422,102.5999984741211,101.12000274658205,101.58999633789062,91.28929901123048,3164100,-0.007716359999227818,101.29699935913087,99.4639995574951,95.0188003540039,0.010149946349654675,57.52576492509443,2.0510581543254034,1.8638848556984018
2022-08-19,101.27999877929688,101.41999816894533,100.27999877929688,100.66000366210938,90.45361328125,4611100,-0.00915437256920526,101.50799942016602,99.72949981689452,95.09120040893555,0.01051424545690798,56.996949021777695,1.8791398512359052,1.8669358548059027
2022-08-22,99.87999725341795,99.87999725341795,98.4499969482422,98.55999755859376,88.5665512084961,5565500,-0.020862368638141615,101.42999954223633,99.88299980163573,95.17140029907226,0.011769926962888195,52.59187085408166,1.5555094704581478,1.8046505779363518
2022-08-23,98.33000183105467,98.58000183105467,96.87000274658205,97.25,87.38937377929688,5346700,-0.013291371662372153,101.16199951171875,99.96799964904784,95.2670002746582,0.012235782230004974,45.39190811613232,1.1797250709243912,1.6796654765339598
2022-08-24,97.4000015258789,98.41999816894533,97.2699966430664,97.83000183105467,87.9105453491211,3863600,0.005964029111102054,100.8029998779297,100.04199981689452,95.4654002380371,0.012170592597541042,48.187831311293515,0.9181308860641622,1.5273585584400005
2022-08-25,98.1500015258789,99.33999633789062,97.93000030517578,99.33999633789062,89.26746368408203,3076900,0.015434881719041504,100.62999954223633,100.03149948120117,95.70780014038085,0.010165258293858422,52.95435143845815,0.8231705493421657,1.3865209566204337
2022-08-26,99.33999633789062,99.41999816894533,96.81999969482422,96.9000015258789,87.07483673095703,5300100,-0.02456205860640892,100.05099945068359,99.86999969482422,95.86200012207031,0.011431868650757984,41.87751212601609,0.5447471033813684,1.2181661859726207
2022-08-29,96.30999755859376,97.02999877929688,95.83999633789062,96.04000091552734,86.30206298828125,3996300,-0.008875135157989433,99.3359992980957,99.70749969482422,96.04380020141602,0.011447621535710457,37.279263905313634,0.25179709442812737,1.024892367663722
2022-08-30,96.33000183105467,96.45999908447266,94.38999938964844,94.63999938964844,85.04400634765625,4343900,-0.014577275224208819,98.51899948120118,99.53899955749512,96.18340011596679,0.011540960028365039,27.697367958744977,-0.09227265931679085,0.8014593622676195
2022-08-31,95.1999969482422,95.6500015258789,93.9499969482422,94.26000213623048,84.7025375366211,5569100,-0.004015186558206096,97.70699996948242,99.33599967956543,96.28800018310547,0.011493798133538737,27.64281198621798,-0.3911046101381288,0.5629465677864699
2022-09-01,93.7699966430664,94.54000091552734,92.81999969482422,94.43000030517578,84.85530090332031,7122900,0.001803502706265725,96.99100036621094,99.1439998626709,96.3704002380371,0.011521640948665257,20.029000576357348,-0.6072140668470922,0.3289144408597575
2022-09-02,95.26000213623048,95.5,93.0,93.20999908447266,83.75900268554688,5736100,-0.012919635886480596,96.24599990844726,98.87699966430664,96.39300018310547,0.01171545020270237,15.586177213564696,-0.866932809033031,0.0897449908811998
2022-09-06,93.69000244140624,94.72000122070312,93.3000030517578,94.27999877929688,84.72051239013672,7616200,0.01147945183278587,95.81800003051758,98.62399978637696,96.39780014038087,0.011906470625269628,21.922297640058943,-0.975180476867564,-0.12324010266855298
2022-09-07,94.3000030517578,96.27999877929688,94.11000061035156,96.12000274658205,86.37394714355469,4111500,0.019516376655800416,95.70500030517579,98.43349990844726,96.44360015869141,0.012771202374670809,31.144584459742106,-0.9020957921468806,-0.27901124056421855
2022-09-08,95.6500015258789,96.69000244140624,95.3000030517578,96.4000015258789,86.62554931640625,4503000,0.0029130126019145663,95.5620002746582,98.18250007629395,96.51720016479493,0.012211311018997223,33.871974971395645,-0.8122193326395006,-0.385652858979275
2022-09-09,96.63999938964844,97.6500015258789,96.22000122070312,97.31999969482422,87.45226287841797,4086300,0.009543549319325884,95.36000061035156,97.99500007629395,96.62040008544922,0.01249836143198942,39.61441177963756,-0.6591570750168358,-0.44035370218678715
2022-09-12,97.4800033569336,98.37999725341795,97.4800033569336,98.16000366210938,88.20709991455078,3640700,0.00863136015124577,95.4860008239746,97.7685001373291,96.74400009155273,0.01204373825997298,48.65049220431957,-0.4647158777795539,-0.44522613730534055
2022-09-13,96.26000213623048,96.55999755859376,94.22000122070312,94.52999877929688,84.9451675415039,7338700,-0.036980488461551664,95.33500061035156,97.33549995422364,96.76040008544922,0.014196825454681601,42.06534038050826,-0.5966530400797865,-0.47551151786022977
2022-09-14,94.19000244140624,94.2699966430664,92.70999908447266,93.29000091552734,83.83090209960938,7836600,-0.013117506397779644,95.20000076293945,96.85950012207032,96.75980010986328,0.014332157429668108,37.24718515988089,-0.7921403553441593,-0.5388372853570157
2022-09-15,93.62999725341795,93.62999725341795,91.47000122070312,91.58000183105467,82.29426574707031,7526100,-0.01832992890654006,94.93200073242187,96.31950035095215,96.7252001953125,0.014648394973086579,28.44445970323345,-1.0726828756904752,-0.6456064034237077
2022-09-16,91.08999633789062,91.56999969482422,90.41999816894533,91.51000213623048,82.23137664794922,8387900,-0.0007643556827321429,94.64000091552734,95.81550064086915,96.68600021362305,0.014674389971358585,32.75752493341976,-1.2858408615809367,-0.7736532950551536
2022-09-19,90.6999969482422,91.43000030517578,90.06999969482422,91.38999938964844,82.12354278564453,6203600,-0.0013113620782502222,94.45800094604492,95.3520004272461,96.6536001586914,0.014665364043302308,34.38549585661046,-1.4477643931417532,-0.9084755146724736
2022-09-20,90.69000244140624,90.69000244140624,88.72000122070312,89.16000366210938,80.11967468261719,9755300,-0.02440087255095935,93.94600143432618,94.88200073242187,96.5802001953125,0.014890031820002776,32.56998949745004,-1.7360202164402097,-1.073984455026021
2022-09-21,89.75,90.38999938964844,87.80999755859375,87.80999755859375,78.90653228759766,7923700,-0.015141386810971436,93.11500091552735,94.41000061035156,96.48920013427734,0.014950574262586388,30.67705007284256,-2.0497707618525993,-1.2691417163913368
2022-09-22,87.6500015258789,87.6500015258789,86.5999984741211,86.94000244140625,78.12474822998047,8593800,-0.009907700049837431,92.16900100708008,93.86550064086914,96.3886001586914,0.014758789644184629,28.46464968194782,-2.3416288251638377,-1.4836391381458371
2022-09-23,86.12999725341797,86.48999786376953,84.8499984741211,85.80000305175781,77.10033416748047,12200900,-0.013112483984765833,91.01700134277344,93.1885009765625,96.28320022583007,0.013957863293465456,28.5962050495029,-2.634547443454707,-1.7138207992076113
2022-09-26,84.4800033569336,84.4800033569336,81.72000122070312,82.61000061035156,75.0145263671875,14629400,-0.03717951431169442,89.46200103759766,92.47400093078613,96.08300018310547,0.015027738454028139,19.96913689319244,-3.0884918839548448,-1.9887550161570582
2022-09-27,83.31999969482422,83.83000183105469,81.20999908447266,81.43000030517578,73.94303131103516,10180200,-0.014283988578350448,88.15200119018554,91.74350090026856,95.87420013427734,0.015095913829628101,10.86840943622154,-3.503080949899669,-2.2916202029055803
2022-09-28,82.19999694824219,83.3499984741211,81.37000274658203,83.01000213623047,75.37776184082031,12138700,0.019403190778991775,87.12400131225586,91.16200103759766,95.64960021972657,0.016201213804021054,16.64176755558394,-3.661940260628157,-2.565684214450096
2022-09-29,82.2300033569336,82.23999786376953,80.08999633789062,80.63999938964844,73.22566223144531,11420000,-0.028550809367436703,86.03000106811524,90.48100090026855,95.38320022583008,0.01692328136335386,11.24537388444098,-3.9337312187823414,-2.8392936153165453
2022-09-30,81.30999755859375,82.08000183105469,80.87999725341797,81.41999816894531,73.93394470214844,13320100,0.009672603983141848,85.02100067138672,89.83050079345703,95.11600021362305,0.01724274190586794,10.997203504258735,-4.0396218820215495,-3.079359268657546
2022-10-03,82.66000366210938,83.41999816894531,81.29000091552734,82.94000244140625,75.31420135498047,9489600,0.01866868467998417,84.1760009765625,89.3170009613037,94.86780029296875,0.018119732326988568,20.051698495886043,-3.9552951732859043,-3.254546449583218
2022-10-04,83.80000305175781,85.19999694824219,83.75,84.55000305175781,76.77618408203125,8849400,0.019411629647454687,83.71500091552734,88.83050117492675,94.64900039672851,0.01859526043770023,27.839771953940442,-3.715719553099902,-3.3467810702865552
2022-10-05,83.48999786376953,83.55000305175781,81.54000091552734,82.86000061035156,75.24154663085938,8640700,-0.019988200832727454,83.22000122070312,88.16750106811523,94.39520034790038,0.017909769413889155,27.868030920329048,-3.6204884835723306,-3.4015225529437103
2022-10-06,82.76000213623047,82.98999786376953,80.4000015258789,80.5199966430664,73.11669158935547,11077100,-0.028240453174614433,82.57800064086913,87.37350082397461,94.0786003112793,0.018329970973084257,24.988627105895347,-3.6912851018903012,-3.459475062733029
2022-10-07,79.87000274658203,80.22000122070312,78.11000061035156,78.62999725341797,71.40045928955078,10456000,-0.023472422608591725,81.86100006103516,86.43900070190429,93.6602001953125,0.01807605696477051,23.12553689343696,-3.8554557928875823,-3.53867120876394
2022-10-10,78.80000305175781,79.37000274658203,77.6500015258789,77.75,70.60137939453125,6640200,-0.011191622588791583,81.375,85.41850051879882,93.21260025024414,0.017509319208630057,24.519883436285227,-4.010341946586706,-3.633005356328493
2022-10-11,77.76000213623047,79.13999938964844,76.83999633789062,78.61000061035156,71.38231658935547,8368000,0.011061101097769255,81.09300003051757,84.62250061035157,92.79900024414063,0.017112036110205738,28.99544953836957,-4.017385557387485,-3.709881396540292
2022-10-12,78.56999969482422,78.58000183105469,77.23999786376953,77.72000122070312,70.57414245605469,7080300,-0.011321706942351017,80.56399993896484,83.84400062561035,92.39320022583007,0.017094209980347837,28.968988200897996,-4.048118986592129,-3.7775289145506594
2022-10-13,75.98999786376953,79.4000015258789,75.66000366210938,78.98999786376953,71.72735595703125,10562200,0.01634066679257984,80.39899978637695,83.2145004272461,92.00660018920898,0.017834752884294335,34.55781884539118,-3.924755200492541,-3.8069741717390357
2022-10-14,80.04000091552734,80.18000030517578,76.93000030517578,76.97000122070312,69.89309692382812,9995700,-0.025572815517101333,79.95400009155273,82.48750038146973,91.58060028076171,0.01822100155964862,36.49425749346678,-3.9445154398842845,-3.8344824253680856
2022-10-17,78.41000366210938,80.1500015258789,78.31999969482422,79.80999755859375,72.47196197509766,7878200,0.03689744436598419,79.64099960327148,81.90850028991699,91.20580017089844,0.020826320370633367,46.40638269569447,-3.6884929516000966,-3.8052845306144882
2022-10-18,81.20999908447266,81.8499984741211,80.0,80.70999908447266,73.28922271728516,7811700,0.01127680182195423,79.25699920654297,81.48600006103516,90.83320022583008,0.020744241152810147,44.73924293792409,-3.3740764307762703,-3.719042910646845
2022-10-19,80.0,80.16000366210938,78.2699966430664,78.69999694824219,71.46401977539062,6603000,-0.024904003952803455,78.84099884033203,81.03050003051757,90.4086001586914,0.021112928567738616,45.4883664153343,-3.249629738083385,-3.6251602761341535
2022-10-20,78.80000305175781,79.61000061035156,78.13999938964844,78.33000183105469,71.1280517578125,6245700,-0.0047013358517769,78.62199935913085,80.6,89.9468002319336,0.02108455099166077,42.67426061061214,-3.144611230500402,-3.5290504670074037
2022-10-21,78.48999786376953,78.91000366210938,77.23999786376953,78.87000274658203,71.6183853149414,9357400,0.006893921906092171,78.64599990844727,80.25349998474121,89.50280029296874,0.021153352379259853,39.880653616641574,-2.9834187514631196,-3.4199241238985474
2022-10-24,79.5199966430664,79.83999633789062,78.23999786376953,78.80999755859375,71.56392669677734,4703400,-0.0007608112831070102,78.75199966430664,80.06349983215333,89.0252001953125,0.019660700721287484,34.53662109856718,-2.827916012211176,-3.3015225015610734
2022-10-25,79.12000274658203,82.0999984741211,79.01000213623047,81.94999694824219,74.41520690917969,8088000,0.039842653050634835,79.0859992980957,80.08949966430664,88.60040008544922,0.02154059146586221,47.726127156610424,-2.4233721368456997,-3.125892428617999
2022-10-26,82.04000091552734,82.83999633789062,81.55000305175781,82.11000061035156,74.56048583984375,8517600,0.00195245476592798,79.52499923706054,80.0444995880127,88.18640014648437,0.021084830246353305,54.45878991687252,-2.0660412057575144,-2.9139221840459024
2022-10-27,82.4800033569336,83.18000030517578,81.94000244140625,82.26000213623047,74.69673156738281,6276500,0.0018268362533662152,79.85199966430665,80.1254997253418,87.78400024414063,0.02001208973216311,61.280316062795286,-1.7505705117492738,-2.6812518495865767
2022-10-28,81.76000213623047,84.30999755859375,81.63999938964844,84.08999633789062,76.35844421386719,6150400,0.02224646430995114,80.56399917602539,80.25899963378906,87.43400024414062,0.020484708692555132,68.60328296916094,-1.3374748976588222,-2.4124964592010256
2022-10-31,83.31999969482422,84.43000030517578,83.08000183105469,83.98999786376953,76.26764678955078,6648600,-0.0011891839514331926,80.98199920654297,80.31149940490722,87.10060012817382,0.020102415756931426,66.52334207027576,-1.006559694837975,-2.1313091063284153
2022-11-01,84.87000274658203,85.12999725341797,83.6500015258789,83.83000183105469,76.12236785888672,5529200,-0.0019049415023721927,81.29399948120117,80.27549934387207,86.80600021362305,0.019624243706712133,69.64631963606533,-0.7485880975756913,-1.8547649045778705
2022-11-02,83.37000274658203,84.38999938964844,81.45999908447266,81.58000183105469,74.07923889160156,9168500,-0.026840032814677728,81.58199996948242,80.21149940490723,86.49260025024414,0.020042397192618272,57.83425696903793,-0.7174298592923947,-1.6272978955207753
2022-11-03,80.93000030517578,82.18000030517578,80.01000213623047,81.5199966430664,74.02474975585938,7062500,-0.000735537958341137,81.9009994506836,80.26149940490723,86.16640014648438,0.018959508534641546,65.61426052733412,-0.6896290339322633,-1.439764123203073
2022-11-04,82.44000244140625,83.13999938964844,81.05000305175781,82.6500015258789,75.05084991455078,7030500,0.013861689516011744,82.27899932861328,80.46249961853027,85.83260025024414,0.018270652003201087,61.04199901873947,-0.5698459005176773,-1.2657804786659939
2022-11-07,83.12999725341797,83.54000091552734,82.16999816894531,82.69999694824219,75.09626007080078,5931000,0.0006049052805841004,82.66799926757812,80.70999946594239,85.5486001586914,0.017988387626989864,58.28475233058586,-0.465516507021249,-1.105727684337045
2022-11-08,82.88999938964844,83.9000015258789,82.5,83.08000183105469,75.44133758544922,6634400,0.004594980614694988,82.78099975585937,80.93349952697754,85.28940017700195,0.017898373537987934,71.09827949149154,-0.34815814246753973,-0.9542137759631439
2022-11-09,82.9000015258789,83.79000091552734,82.08000183105469,82.26000213623047,74.69673156738281,5438500,-0.009870000923828948,82.79599990844727,81.1604995727539,85.04180023193359,0.017840425766029035,68.14402988071244,-0.31765617276079183,-0.8269022553226736
2022-11-10,85.33999633789062,88.44000244140625,85.1500015258789,88.25,80.1359634399414,10527900,0.07281786662063916,83.39499969482422,81.62349967956543,84.92160018920899,0.023603302900626844,78.8083340323818,0.18769598264074716,-0.6239826077299895
2022-11-11,88.43000030517578,89.12000274658203,87.87000274658203,88.04000091552734,79.94527435302734,9455500,-0.0023795930251858666,83.7900001525879,82.17699966430663,84.79380020141602,0.022525045387286714,78.08887153223594,0.5647361092493668,-0.38623886433411825
2022-11-14,87.69000244140625,87.80999755859375,85.93000030517578,86.0199966430664,78.11099243164062,6217700,-0.022944164600805617,83.99300003051758,82.48749961853028,84.6500001525879,0.022314865860196806,63.291960534466064,0.6925622367464257,-0.1704786441180095
2022-11-15,87.20999908447266,87.5199966430664,85.9800033569336,87.01000213623047,79.00997924804688,6334900,0.01150901571493912,84.31100006103516,82.80249977111816,84.50460021972657,0.022318919903464865,65.17967594468077,0.8637932621689259,0.036375737139377584
2022-11-16,86.7300033569336,87.05999755859375,85.97000122070312,86.22000122070312,78.29261016845703,6578000,-0.009079426458241557,84.775,83.17849998474121,84.30660018920898,0.021506159879763898,61.79975438633184,0.9250848100542441,0.2141175517223509
2022-11-17,85.12000274658203,85.7300033569336,84.76000213623047,85.52999877929688,77.66605377197266,4469300,-0.008002811779600938,85.17600021362304,83.53849983215332,84.08920013427735,0.02159531019409034,54.60358405594624,0.9075200467176927,0.3527980507214193
2022-11-18,86.8499984741211,86.88999938964844,85.6500015258789,86.58999633789062,78.62857818603516,4822800,0.012393283920522302,85.56999969482422,83.92449951171875,83.87460006713867,0.02166066984544893,57.831314226465054,0.9679745810088747,0.47583335677891037
2022-11-21,86.2699966430664,87.16999816894531,86.05999755859375,87.05999755859375,79.05538177490234,4889800,0.005427892834977133,86.00599975585938,84.33699951171874,83.65259994506836,0.021619754008562808,59.550538478544325,1.0418011701419942,0.5890269194515272
2022-11-22,87.38999938964844,87.56999969482422,86.87000274658203,87.5,79.4549331665039,3302700,0.005054013941478974,86.4479995727539,84.61449966430663,83.51199996948242,0.02002724113563484,69.6026152112733,1.1228700467528654,0.6957955449117948
2022-11-23,87.41000366210938,88.02999877929688,86.93000030517578,87.62000274658203,79.56388854980469,3266100,0.001371459960937571,86.98399963378907,84.88999977111817,83.39860000610352,0.020029975091592708,70.11872852977322,1.1831621771952427,0.7932688713684845
2022-11-25,87.97000122070312,88.20999908447266,87.66999816894531,88.19999694824219,80.09056091308594,2441800,0.006619426882896073,86.97899932861328,85.18699951171875,83.33099990844727,0.020038350102434387,68.9938134574924,1.263183615398546,0.8872518201744968
2022-11-28,87.70999908447266,88.08000183105469,85.61000061035156,85.7699966430664,77.88398742675781,4659500,-0.027551024821483416,86.75199890136719,85.27099952697753,83.21619979858399,0.020692771783976008,59.03471843334838,1.1176370413227232,0.9333288644041421
2022-11-29,85.9000015258789,87.25,85.62999725341797,87.19999694824219,79.18250274658203,4084500,0.016672500421408998,86.86999893188477,85.43149948120117,83.13239974975586,0.020968392175014953,61.419049794040276,1.104942319125513,0.9676515553484163
2022-11-30,86.95999908447266,89.22000122070312,86.37000274658203,89.16999816894531,80.97138214111328,7413100,0.022591757908803967,87.08599853515625,85.6984992980957,83.13259963989258,0.021433613792967824,68.00414905260781,1.2395554709743806,1.0220323384736092
2022-12-01,90.04000091552734,90.47000122070312,88.33000183105469,89.05999755859375,80.87149810791016,8371800,-0.001233605614111899,87.36999816894532,86.07249908447265,83.15759963989258,0.020271377540685476,53.04281284213302,1.3221206498481592,1.0820500007485192
2022-12-02,87.91000366210938,89.22000122070312,87.62999725341797,88.77999877929688,80.61724090576172,5360200,-0.0031439342799516323,87.69499816894532,86.43549919128418,83.19439956665039,0.020311767308454198,52.765310806303084,1.3494054811034033,1.1355210968194962
2022-12-05,88.16999816894531,88.37999725341797,87.01000213623047,87.19000244140625,79.17343139648438,10561400,-0.017909398059841042,87.75499877929687,86.66249923706054,83.22219955444336,0.020775340853536023,54.51739530795348,1.228567330704081,1.1541303435964132
2022-12-06,87.44000244140625,87.44000244140625,86.0,86.37000274658203,78.4288101196289,7308500,-0.00940474448748041,87.68599929809571,86.84599952697754,83.29739959716797,0.020952770562213542,47.49608978568443,1.0544797177761467,1.13420021843236
2022-12-07,86.11000061035156,87.44000244140625,86.06999969482422,86.54000091552734,78.58319854736328,5575500,0.001968254759052268,87.58999938964844,87.01899948120118,83.399599609375,0.02094636538237337,51.31578864813485,0.9196305334575783,1.0912862814374038
2022-12-08,87.01000213623047,87.94000244140625,86.69000244140625,87.19999694824219,79.18250274658203,5272200,0.007626485159840435,87.54799880981446,87.26599922180176,83.48339950561524,0.020778434129442934,56.88375761524924,0.8561485992540838,1.04425874500074
2022-12-09,87.0199966430664,87.91000366210938,86.75,87.08999633789062,79.08262634277344,5124600,-0.0012614749335009279,87.4369987487793,87.20799903869629,83.61239944458008,0.012753048251190896,52.23613742199997,0.78788038445974,0.99298307289254
2022-12-12,87.30000305175781,87.7699966430664,86.33000183105469,87.7300033569336,79.66378021240234,5613700,0.0073488006195323585,87.63299942016602,87.1924991607666,83.73859954833985,0.01286597683060101,52.951567790372444,0.7764698885250283,0.9496804360190376
2022-12-13,89.75,89.95999908447266,87.5999984741211,88.56999969482422,81.1517562866211,10901600,0.0095747897611842,87.76999969482422,87.31999931335449,83.8511994934082,0.011840686591256849,54.55319314717599,0.8256896364589323,0.9248822761070166
2022-12-14,88.56999969482422,89.58999633789062,87.55000305175781,87.97000122070312,80.60202026367188,8411200,-0.006774285606734098,87.65,87.36799926757813,83.91959945678711,0.011734898976935708,51.43090275849979,0.8069794223865472,0.9013017053629228
2022-12-15,86.77999877929688,87.58000183105469,86.27999877929688,86.70999908447266,79.44754791259766,8088300,-0.014323088766013736,87.4150001525879,87.3924991607666,83.99659942626953,0.012018040615728259,44.22928612838544,0.6826110851389444,0.8575635813181272
2022-12-16,85.91999816894531,85.91999816894531,83.6500015258789,84.5199966430664,77.44094848632812,7904000,-0.02525663089066299,86.98899993896484,87.34199905395508,84.07659942626952,0.013209554959821948,45.067086895624804,0.40269141151209453,0.7665891473569206
2022-12-19,84.25,84.4800033569336,83.02999877929688,83.5199966430664,76.52472686767578,4759000,-0.011831519636980925,86.62199935913085,87.18849906921386,84.1743994140625,0.013074022964291509,34.96731639117108,0.09901997022028297,0.6330753119295932
2022-12-20,83.1500015258789,83.80000305175781,82.3499984741211,83.29000091552734,76.3139877319336,4732000,-0.0027537803733634902,86.31399917602539,86.99999923706055,84.28519943237305,0.012966094876402235,21.99999273390469,-0.15837492039858603,0.47478526546395744
2022-12-21,83.87999725341797,85.0199966430664,83.80000305175781,84.1500015258789,77.10195922851562,4836000,0.010325376406512099,86.07499923706055,86.83249931335449,84.39599945068359,0.013171776297293124,28.177780611016573,-0.2896287042981669,0.3219024715115326
2022-12-22,83.44000244140625,83.87999725341797,82.27999877929688,83.80999755859375,76.7904281616211,5294100,-0.0040404511125361475,85.7359992980957,86.64199905395508,84.5177993774414,0.013157322245365274,28.02828340609703,-0.41628507705935647,0.1742649617973548
2022-12-23,83.80000305175781,84.55000305175781,83.22000122070312,84.52999877929688,77.45014190673828,2958900,0.008590875094582229,85.47999954223633,86.45849914550782,84.62859939575195,0.013233547220437,37.26052183877135,-0.45333729364453745,0.04874451070897634
2022-12-27,84.55999755859375,84.76000213623047,83.73999786376953,84.47000122070312,77.39515686035156,3787800,-0.000709778297174668,85.15399932861328,86.39349937438965,84.77859939575195,0.011792734488590709,40.18594284101935,-0.4819867011287897,-0.05740173165857688
2022-12-28,84.72000122070312,85.05999755859375,82.97000122070312,83.04000091552734,76.08493041992188,3734900,-0.01692909061809389,84.60099945068359,86.18549957275391,84.84319946289062,0.011579514760049503,34.00365987692547,-0.6130141905834279,-0.1685242234435471
2022-12-29,83.72000122070312,85.08000183105469,83.43000030517578,84.88999938964844,77.77998352050781,3904000,0.022278401417685556,84.29299926757812,85.97149963378907,84.92679946899415,0.011544109791922377,40.47816723525445,-0.5611069129831492,-0.24704076135146752
2022-12-30,84.30999755859375,84.66999816894531,83.23999786376953,84.19000244140625,77.13861083984375,4576300,-0.008245929476676905,84.04099960327149,85.72799987792969,85.03659957885742,0.011613326606576522,38.60065401658794,-0.5698846496178334,-0.3116095390047407
2023-01-03,84.95999908447266,85.61000061035156,83.41999816894531,84.33999633789062,77.27603912353516,8371700,0.0017816117369608975,84.0229995727539,85.50599975585938,85.15679946899414,0.011656535402685778,36.140595592414016,-0.5583020566676851,-0.3609480425373296
2023-01-04,85.0999984741211,86.97000122070312,84.7699966430664,86.1500015258789,78.93445587158203,8849000,0.021460816535216143,84.28600006103515,85.45399971008301,85.30239944458008,0.012227186623019306,40.8333381498714,-0.3984770807371234,-0.3684538501772884
2023-01-05,85.51000213623047,85.51000213623047,83.72000122070312,83.8499984741211,76.82708740234375,7553900,-0.02669765538038793,84.34199981689453,85.32799949645997,85.40319946289063,0.013439245801693272,36.174488843419745,-0.45219306006863746,-0.3852016921555582
2023-01-06,84.58000183105469,86.48999786376953,83.91999816894531,86.20999908447266,78.98942565917969,5508400,0.028145505704212148,84.54799957275391,85.31149940490722,85.48839950561523,0.014971266773025637,48.4375,-0.3008628748437161,-0.3683339286931898
2023-01-09,86.5,87.19000244140625,85.87000274658203,86.20999908447266,78.98942565917969,5028500,0.0,84.78799972534179,85.26199951171876,85.57039947509766,0.014861247116658814,56.11876444668373,-0.17887070266073124,-0.3304412834866981
2023-01-10,86.12000274658203,86.44000244140625,85.31999969482422,86.4000015258789,79.16351318359375,3950500,0.002203949001554628,84.975,85.22749977111816,85.65319946289063,0.01487168127841224,61.07694185697116,-0.06609748750307176,-0.27757252428997287
2023-01-11,87.16000366210938,89.55000305175781,87.13999938964844,89.54000091552734,82.04051971435547,7431800,0.036342584886505325,85.48199996948242,85.31799964904785,85.76219955444336,0.01692690976868118,69.64173023694755,0.27349512511381135,-0.16735899440921603
2023-01-12,89.98999786376953,90.66999816894533,88.97000122070312,90.51000213623048,82.92928314208984,6204500,0.010833160719065038,86.22900009155275,85.41499977111818,85.89259963989258,0.01696214783597057,69.85018387693154,0.6138199745408173,-0.011123200619209364
2023-01-13,89.77999877929688,90.3499984741211,89.3499984741211,90.01000213623047,82.47115325927734,5779600,-0.005524251333542618,86.74100036621094,85.51699981689453,86.0161996459961,0.016933419013832794,69.15946990326509,0.8335751132709106,0.15781646215881465
2023-01-17,90.11000061035156,90.63999938964844,89.8499984741211,90.0999984741211,82.5536117553711,4915600,0.0009998481919200053,87.33199996948242,85.68649978637696,86.18659957885743,0.016532071892451372,67.90997213675604,1.0034277063154207,0.32693871099013583
2023-01-18,90.56999969482422,90.66999816894533,88.72000122070312,88.8499984741211,81.4083023071289,5395000,-0.013873474152821808,87.78300018310547,85.90299987792969,86.33319961547852,0.015718469578269733,63.08243074181513,1.0253529264350334,0.4666215540791153
2023-01-19,88.4800033569336,89.37999725341797,88.1500015258789,88.37000274658203,80.96851348876953,4160500,-0.005402315540600333,88.00500030517578,86.14550018310547,86.44759963989257,0.015471209229917763,66.87778371551185,0.9925556143440417,0.5718083661321006
2023-01-20,88.41000366210938,89.51000213623047,87.37999725341797,89.47000122070312,81.97638702392578,4729000,0.01244764558031708,88.56700057983399,86.45450019836426,86.5829997253418,0.015550007948163858,65.22607671400203,1.0432977054921508,0.6661062340041107
2023-01-23,89.51000213623047,90.30999755859376,88.88999938964844,89.80000305175781,82.27873992919922,5141800,0.00368840758413147,88.9260009765625,86.7370002746582,86.71739974975586,0.015471783330952723,69.12065886356848,1.097488404960231,0.7523826681953347
2023-01-24,89.68000030517578,90.4000015258789,88.41999816894531,90.06999969482422,82.526123046875,3608000,0.0030066440299649777,89.31200103759765,87.05000038146973,86.87359970092774,0.015374132423079945,69.37120690411153,1.1489767090620546,0.8317014763686787
2023-01-25,89.5,90.23999786376952,89.16999816894531,89.97000122070312,82.43452453613281,3782900,-0.0011102306479394697,89.66900100708008,87.32200050354004,86.9079997253418,0.015365395477560958,64.60245178984621,1.1682457105331707,0.8990103232015771
2023-01-26,90.4800033569336,91.0199966430664,90.01000213623047,90.97000122070312,83.35075378417969,3765500,0.011114815898989772,89.81200103759765,87.64700050354004,86.96659973144531,0.015432972671532768,80.22074743511602,1.2498012448990607,0.969168507541074
2023-01-27,90.80999755859376,92.26000213623048,90.75,91.9000015258789,84.20285034179688,3790000,0.010223153706676369,89.9510009765625,88.09000053405762,87.08419982910156,0.014687342614759099,77.48795881450154,1.3736433403860815,1.0500634741100754
2023-01-30,91.2300033569336,92.16999816894533,90.75,90.8000030517578,83.19499969482422,3465700,-0.011969515297683087,90.03000106811524,88.38550071716308,87.15999984741211,0.014585494101219927,70.04370414446409,1.3672674019872062,1.1135042596855016
2023-01-31,90.76000213623048,92.66999816894533,90.7300033569336,92.58999633789062,84.83506774902344,6607000,0.01971358178382987,90.27900085449218,88.80550041198731,87.28739974975586,0.0147424041046945,73.71649126827613,1.4894821009731913,1.1886998279430396
2023-02-01,92.2300033569336,93.80999755859376,91.18000030517578,93.19000244140624,85.38482666015625,9861300,0.006480247621200919,90.71300125122069,89.24800071716308,87.44059982299805,0.014728042314897565,67.36444378305185,1.616123937770027,1.2741846499084373
2023-02-02,93.98999786376952,96.0199966430664,93.97000122070312,95.23999786376952,87.26310729980469,7677400,0.021998018764429528,91.40000076293944,89.70250053405762,87.61359985351562,0.014759898043596335,70.40553688248853,1.860459781628208,1.3914396762523915
2023-02-03,93.98999786376952,93.98999786376952,92.23999786376952,93.30999755859376,85.4947509765625,7994000,-0.020264598366921516,91.7840003967285,90.17550048828124,87.73859985351562,0.014084409146167544,62.6728115999778,1.8767290391483442,1.4884975488315821
2023-02-06,92.20999908447266,92.81999969482422,91.7300033569336,92.73999786376952,84.97249603271484,5769400,-0.006108666913921201,92.07799987792967,90.50200042724609,87.84339981079101,0.013236855606901897,59.77778656885954,1.8226183217875445,1.5553217034227746
2023-02-07,92.16000366210938,92.98999786376952,91.31999969482422,92.58000183105467,84.8259048461914,6626200,-0.0017252106577559934,92.32900009155273,90.8205005645752,87.94259979248046,0.013268094931619385,65.02823986951924,1.7466900896582587,1.5935953806698717
2023-02-08,92.20999908447266,92.66000366210938,91.81999969482422,92.19000244140624,84.46857452392578,3648700,-0.004212566233905757,92.55100021362304,91.11000061035156,88.02239990234375,0.013382081835250725,65.50326510012037,1.636185795913704,1.6021134637186383
2023-02-09,92.68000030517578,93.0999984741211,90.87999725341795,91.12000274658205,83.4881820678711,4531700,-0.011606461291768122,92.56600036621093,91.18900070190429,88.12940002441407,0.011288346073779383,56.71278865559241,1.445606264806898,1.5708120239362904
2023-02-10,90.7300033569336,91.62999725341795,90.25,91.41000366210938,83.75391387939453,5992100,0.0031826262816723183,92.51700057983398,91.23400077819824,88.2136001586914,0.011062659782953035,56.5714392481456,1.3029516480580696,1.5172399487606463
2023-02-13,91.75,92.37999725341795,91.62000274658205,92.27999877929688,84.55103302001953,3022000,0.009517504456113768,92.6650001525879,91.34750061035155,88.27580017089844,0.01113880482250509,58.599229459832245,1.2457380784942274,1.4629395747073626
2023-02-14,91.98999786376952,92.62999725341795,90.91999816894533,91.47000122070312,83.8088607788086,4286700,-0.00877760694959473,92.55300064086914,91.41600074768066,88.32400024414062,0.011365163451609902,55.53098067105002,1.1221009970564637,1.3947718591771827
2023-02-15,90.81999969482422,91.87999725341795,90.68000030517578,91.87000274658205,84.17536926269531,3061000,0.004373035099384914,92.42100067138672,91.5670009613037,88.38580032348632,0.010844337133658377,53.4722324425102,1.0443558156917874,1.3246886504801036
2023-02-16,90.8499984741211,91.80999755859376,89.88999938964844,91.08000183105467,83.45153045654297,5476100,-0.008599117142801704,92.00500106811523,91.70250091552734,88.4636003112793,0.010977711873028673,46.80186938246458,0.9085228419800444,1.2414554887800917
2023-02-17,90.72000122070312,90.94000244140624,89.79000091552734,90.66000366210938,83.06670379638672,5494700,-0.004611310501775767,91.7400016784668,91.76200103759764,88.54940032958984,0.01074826733652344,49.42339549978261,0.7582433323814115,1.1448130575003557
2023-02-21,90.11000061035156,90.12999725341795,88.5,88.86000061035156,81.41747283935547,4577500,-0.019854433918472303,91.352001953125,91.71500091552733,88.59580032348633,0.011656389649988831,34.65021563254301,0.48827203916670214,1.0135048538336249
2023-02-22,89.26000213623047,89.26000213623047,87.56999969482422,87.94999694824219,80.58367919921875,8041600,-0.010240869410970577,90.88900146484374,91.60900077819824,88.61080032348633,0.011824128023088406,28.972676217091347,0.1985988302499635,0.8505236491168927
2023-02-23,88.45999908447266,88.8499984741211,87.63999938964844,88.48999786376953,81.07847595214844,8262700,0.0061398628114237574,90.51900100708008,91.53500061035155,88.6388003540039,0.011935183834022754,19.17807360173019,0.012460647519660029,0.6829110487974461
2023-02-24,87.51000213623047,87.62999725341797,86.56999969482422,86.9800033569336,79.69493103027344,8579100,-0.017064013372003695,90.10500106811523,91.33550071716307,88.6238003540039,0.012121215432443976,19.943022213656533,-0.2539715149655848,0.49553453604484
2023-02-27,88.06999969482422,88.41999816894531,86.73999786376953,87.16000366210938,79.85985565185547,5895700,0.0020694446795677113,89.68000106811523,91.0985008239746,88.5956004333496,0.011815704808727854,22.48521333354404,-0.445461401229565,0.30733534858995903
2023-02-28,87.19999694824219,88.13999938964844,86.8499984741211,87.06999969482422,79.77739715576172,6287800,-0.0010326292278975968,89.15900115966797,90.91200065612793,88.57760040283203,0.011609464407868721,22.641497997946843,-0.5975924103511119,0.12634979680174485
2023-03-01,86.41999816894531,86.6500015258789,85.25,85.87999725341797,78.68705749511719,7388100,-0.013667192438005626,88.60000076293946,90.5765007019043,88.56100036621093,0.010681177220244167,20.97514446363688,-0.8049021716798848,-0.05990059689458109
2023-03-02,85.27999877929688,87.05999755859375,85.18000030517578,86.9000015258789,79.62162017822266,6459900,0.011877087856105417,88.10300064086914,90.26200065612792,88.60860046386719,0.01101486422545121,30.499083345085268,-0.8767838128473642,-0.22327724008513772
2023-03-03,87.48999786376953,88.48999786376953,87.33999633789062,88.31999969482422,80.9227066040039,6044200,0.016340600046162557,87.82700042724609,89.91600074768067,88.70460052490235,0.010381931667937102,37.071118060206466,-0.8098332924462,-0.3405884505573502
2023-03-06,88.68000030517578,88.77999877929688,87.80999755859375,87.97000122070312,80.60202026367188,6009600,-0.003962845055824893,87.55800018310546,89.64900093078613,88.79820053100586,0.009626533000427125,31.146130504607726,-0.7760704177889011,-0.4276848440036604
2023-03-07,88.0,88.02999877929688,85.79000091552734,85.9000015258789,78.70540618896484,7663500,-0.023530745323407598,87.2620002746582,89.3070011138916,88.83320053100586,0.010664632052587964,28.053604119509103,-0.905902096572845,-0.5233282945174973
2023-03-08,86.13999938964844,87.43000030517578,85.8499984741211,86.91000366210938,79.63078308105469,6873400,0.011757882634334749,87.15800094604492,89.02350120544433,88.89520065307617,0.011212720701264266,31.353401875452775,-0.91672843123051,-0.6020083218600999
2023-03-09,86.95999908447266,87.12999725341797,84.7300033569336,84.88999938964844,77.77998352050781,8018000,-0.023242482882803173,86.79800109863281,88.65850105285645,88.90240066528321,0.012085961639503649,28.699255123976258,-1.0759034965719394,-0.6967873568024678
2023-03-10,84.7300033569336,84.98999786376953,81.72000122070312,82.0999984741211,75.2236557006836,15665600,-0.03286607298371069,86.31000061035157,88.2075008392334,88.85500061035157,0.013623029238811632,24.67456601654358,-1.4109164726898058,-0.8396131799799353
2023-03-13,81.61000061035156,84.3499984741211,81.41000366210938,83.23999786376953,76.2681884765625,20371400,0.013885498304945454,85.91800003051758,87.7990005493164,88.8590005493164,0.01416533199683005,32.69704986021401,-1.5663720841755548,-0.9849649608190594
2023-03-14,84.55999755859375,85.0,83.18000030517578,84.06999969482422,77.02865600585938,9897000,0.009971189961021754,85.61800003051758,87.38850059509278,88.84260055541992,0.014189429208343063,37.995066391265865,-1.6041064247805394,-1.1087932536113554
2023-03-15,83.06999969482422,84.27999877929688,82.69000244140625,83.91999816894531,76.8912353515625,15743700,-0.0017842455860999085,85.42200012207032,87.01100044250488,88.8372004699707,0.014165959541942087,35.51047480729383,-1.627355885441105,-1.2125057799773054
2023-03-16,83.36000061035156,84.27999877929688,82.44999694824219,83.94000244140625,76.90955352783203,11693900,0.00023837312794827703,85.12600021362304,86.6145004272461,88.82920059204102,0.014064034270673913,39.35575524212873,-1.6254301262131463,-1.2950906492244736
2023-03-17,83.44000244140625,83.66999816894531,81.91000366210938,82.05999755859375,75.18701934814453,11823400,-0.022397007721376094,84.5,86.16350021362305,88.74740051269531,0.01460829231706841,34.042560302196094,-1.7553698197351082,-1.3871464833266007
2023-03-20,82.36000061035156,83.2699966430664,81.91000366210938,82.98999786376953,76.03911590576172,9923600,0.011333174906710486,84.00199966430664,85.77999992370606,88.73020050048828,0.015064247273775729,37.871592291509614,-1.7629821499193667,-1.462313616645154
2023-03-21,83.55999755859375,83.66999816894531,81.83999633789062,82.5199966430664,75.60848236083984,8059000,-0.005663347786496464,83.66399917602538,85.4629997253418,88.65640045166016,0.014620803643114392,39.56522934119081,-1.7863482364740264,-1.5271205406109287
2023-03-22,82.13999938964844,82.13999938964844,79.58999633789062,79.6500015258789,72.97886657714844,11555300,-0.03477938965026173,82.93799896240235,85.04799995422363,88.52520050048828,0.01615701415850137,29.80502766131802,-2.0132432340178497,-1.624345079292313
2023-03-23,79.58000183105469,80.61000061035156,78.41000366210938,78.7300033569336,72.54669952392578,10029600,-0.011550510374395917,82.32199935913086,84.56000022888183,88.37180053710938,0.01600905611359614,22.52151968688463,-2.241457194470698,-1.74776750232799
2023-03-24,78.33999633789062,80.7300033569336,78.11000061035156,80.69000244140625,74.35276794433594,10335800,0.024895198792088458,82.18099975585938,84.24550018310546,88.19480056762696,0.017150550682815607,30.90242947618198,-2.2383604308849954,-1.8458860880393912
2023-03-27,81.29000091552734,81.4800033569336,80.5,80.58000183105469,74.25141143798828,5936500,-0.0013632495603336237,81.9150001525879,83.91650009155273,87.99620056152344,0.017107893817114878,34.444457829336386,-2.2192007880936444,-1.920549028050242
2023-03-28,80.01000213623047,80.76000213623047,79.75,80.31999969482422,74.01181030273438,5155800,-0.003226633535893808,81.5400001525879,83.57900009155273,87.80240051269531,0.01709640017423909,29.847099595945735,-2.199640545627716,-1.9763673315657369
2023-03-29,81.4000015258789,82.25,81.18000030517578,82.12000274658203,75.67044830322266,6142200,0.02241039664587796,81.36000061035156,83.39100036621093,87.64280059814453,0.01789479975202865,41.41353225556986,-2.015658453576819,-1.9842255559679534
2023-03-30,83.0,83.4000015258789,82.77999877929688,83.1500015258789,76.61954498291016,7304400,0.012542605270915441,81.28100051879883,83.20350036621093,87.5288006591797,0.017922721898742482,53.65345265690686,-1.766377328367085,-1.9406559104477796
2023-03-31,83.62000274658203,85.11000061035156,83.47000122070312,84.9000015258789,78.23212432861328,9879300,0.021046301477882112,81.56500091552735,83.03250045776367,87.45940063476563,0.018205506812664942,55.540729121041416,-1.4113408077227945,-1.8347928899027828
2023-04-03,84.80000305175781,85.41000366210938,83.77999877929688,84.2300033569336,77.61473846435547,16471000,-0.007891615511232741,81.68900146484376,82.84550056457519,87.35460067749024,0.018251048822831312,50.539823154634675,-1.1705417830002887,-1.701942668522284
2023-04-04,84.41000366210938,84.56999969482422,83.5999984741211,84.16999816894531,77.5594482421875,14169100,-0.0007123968371935963,81.85400161743163,82.75900039672851,87.24200057983398,0.01753411084551224,50.84860764948526,-0.9733288095899724,-1.5562198967358218
2023-04-05,83.87999725341797,84.51000213623047,83.63999938964844,83.70999908447266,77.13558197021484,13544600,-0.005465119335625435,82.26000137329102,82.59900016784668,87.11480056762696,0.017302695637780287,49.24191407705736,-0.8444202381912334,-1.4138599650269044
2023-04-06,84.02999877929688,84.30000305175781,83.33999633789062,84.22000122070312,77.60552215576172,13907800,0.006092487657487933,82.80900115966797,82.56550025939941,86.99980056762695,0.0166127983843028,57.826098494355904,-0.6931165404650983,-1.2697112801145432
2023-04-10,83.77999877929688,84.68000030517578,83.37999725341797,84.62999725341797,77.98331451416016,7395700,0.004868155150466347,83.20300064086913,82.69200019836425,86.87300048828125,0.014754094972075877,56.174697064751044,-0.5339687571244696,-1.1225627755165286
2023-04-11,84.87999725341797,85.72000122070312,84.51000213623047,85.08000183105469,78.39796447753906,6484000,0.005317317644347952,83.65300064086914,82.78400039672852,86.73660049438476,0.014501511353414803,59.65311001343487,-0.36729740777687425,-0.9715097019685978
2023-04-12,85.88999938964844,85.93000030517578,84.58000183105469,84.66000366210938,78.0109634399414,6572200,-0.004936508696594899,84.08700103759766,82.81350059509278,86.6138005065918,0.014409458534676045,73.17298673361145,-0.2660328437562782,-0.8304143303261339
2023-04-13,84.83000183105469,84.83000183105469,83.62999725341797,84.41999816894531,77.78980255126953,4839900,-0.0028349336496837907,84.31700057983399,82.83850059509277,86.4504005432129,0.01441993943926654,78.08483605106642,-0.20280853414917033,-0.7048931710907412
2023-04-14,84.56999969482422,84.94999694824219,82.51000213623047,83.05999755859375,76.53662872314453,7371600,-0.016109934137049642,84.30800018310546,82.79450035095215,86.24780044555663,0.014885212487018486,62.434373694078545,-0.2594526874577099,-0.6158050743641349
2023-04-17,83.16999816894531,84.86000061035156,83.1500015258789,84.86000061035156,78.19525909423828,6174700,0.0216711185247509,84.30400009155274,82.93450050354004,86.04020050048828,0.014721735341283817,69.07305032537076,-0.1572852970326295,-0.5241011188978338
2023-04-18,84.97000122070312,84.97000122070312,84.22000122070312,84.69999694824219,78.04782104492188,4257400,-0.0018855015432306388,84.35099945068359,83.02000045776367,85.86800048828125,0.014566279395431652,69.69420036596335,-0.08821102063386377,-0.43692309924503986
2023-04-19,84.25,85.36000061035156,83.94000244140625,85.12000274658203,78.43484497070312,5031500,0.0049587463219922245,84.44599990844726,83.15000076293946,85.7156005859375,0.01449937961301056,65.40037786571668,0.00041699203197254064,-0.3494550809896374
2023-04-20,84.69000244140625,84.7300033569336,83.93000030517578,84.25,77.63316345214844,4444100,-0.010220896599030804,84.5,83.3800006866455,85.5490005493164,0.012091657995907749,55.7411045710149,0.00044821314503451504,-0.279474422162703
2023-04-21,84.26000213623047,84.79000091552734,83.69999694824219,84.41999816894531,77.78980255126953,5031500,0.00201778242071593,84.51999969482422,83.6645004272461,85.39360046386719,0.01161044835253708,46.99998760226936,0.014028673783158752,-0.22077380297353066
2023-04-24,84.4800033569336,84.77999877929688,83.44999694824219,84.18000030517578,77.56865692138672,4270900,-0.0028429029729334365,84.475,83.83900032043456,85.25480041503906,0.010534429888981418,49.66972983759617,0.005363636161490604,-0.1755463151465264
2023-04-25,83.68000030517578,83.98999786376953,83.22000122070312,83.29000091552734,76.7485580444336,3879800,-0.010572575272296825,84.29599990844727,83.9745002746582,85.09240036010742,0.010892274594078375,44.76193157718344,-0.07248343734492835,-0.1549337395862068
2023-04-26,83.22000122070312,83.95999908447266,82.5,82.63999938964844,76.14962768554688,4950100,-0.00780407634450786,84.09399948120117,84.09050025939942,84.89960037231445,0.011048464461288881,43.77184342279274,-0.18450068574806266,-0.160847128818578
2023-04-27,82.87999725341797,84.88999938964844,82.80000305175781,84.66999816894531,78.02017211914062,6338900,0.02456436101512316,84.11899948120117,84.21800003051757,84.76360031127929,0.011271451075706299,52.22550070181264,-0.10822369072684523,-0.15032244120023144
2023-04-28,84.88999938964844,86.05000305175781,84.63999938964844,85.68000030517578,78.95086669921875,5242300,0.011928689713860408,84.38099975585938,84.34449996948243,84.63980026245117,0.011240848497865413,54.90196497466846,0.03334077710276517,-0.11358979753963212
2023-05-01,85.36000061035156,85.88999938964844,84.80000305175781,84.91999816894531,78.25054168701172,4390000,-0.008870239653635426,84.38699951171876,84.34549980163574,84.51660018920899,0.010475702210947424,49.27403185785812,0.08324620653375803,-0.0742225967249541
2023-05-02,84.69999694824219,84.88999938964844,82.91000366210938,83.47000122070312,76.9144287109375,5962600,-0.017074858449213193,84.26399993896484,84.30749969482422,84.37280014038086,0.011029365271171375,45.062238036747665,0.005727955014108943,-0.0582324863771415
2023-05-03,83.91000366210938,84.72000122070312,83.0,83.06999969482422,76.54584503173828,6510100,-0.0047921590994262075,84.05899963378906,84.25249977111817,84.25700012207031,0.01107317409867588,44.47175721433075,-0.08697994730088965,-0.06398197856189114
2023-05-04,83.08000183105469,84.2699966430664,82.55999755859375,83.75,77.17243194580078,6806900,0.0081858710445879,84.00899963378906,84.25449981689454,84.17300018310547,0.01117770561477369,52.9922012199076,-0.10437808064135368,-0.07206119897778365
2023-05-05,84.4000015258789,85.30000305175781,84.23999786376953,85.13999938964844,78.45326232910156,6020500,0.016597007637593197,84.08099975585938,84.3004997253418,84.10600021362305,0.011709110875824996,51.25898614223319,-0.005936460800626264,-0.05883625134235218
2023-05-08,84.87999725341797,85.19000244140625,84.30999755859375,84.66000366210938,78.0109634399414,3514600,-0.005637722938454992,84.12900009155274,84.30200004577637,84.05960021972656,0.011743550123979336,49.82520420630305,0.03296755893813952,-0.04047548928625384
2023-05-09,84.20999908447266,84.62000274658203,83.4000015258789,84.2699966430664,77.65159606933594,3581800,-0.004606744651223349,84.22699966430665,84.26149978637696,84.0018000793457,0.011720378765111068,46.27517164460539,0.031960546571198734,-0.025988282114763332
2023-05-10,85.19999694824219,85.38999938964844,84.23999786376953,85.08000183105469,78.39796447753906,6104000,0.00961202349893453,84.47099990844727,84.28249969482422,83.96200012207031,0.011875322120924589,53.65639376527559,0.09542315248710054,-0.0017059951943905576
2023-05-11,84.4800033569336,84.55000305175781,83.66000366210938,84.1500015258789,77.54102325439453,5522900,-0.010930891927135922,84.41900024414062,84.2689998626709,83.92740020751953,0.01212370295080438,48.88523344608365,0.06986906551276206,0.012609016947039966
2023-05-12,84.31999969482422,84.41999816894531,83.51000213623047,84.16999816894531,77.5594482421875,5352800,0.00023763092933815066,84.26800003051758,84.32449989318847,83.87280014038086,0.011523037094109803,49.95793889686335,0.05064700233857877,0.020216614025347728
2023-05-15,84.38999938964844,84.54000091552734,83.83000183105469,84.02999877929688,77.43045043945312,6693400,-0.0016632932481170926,84.17900009155274,84.28299980163574,83.78700012207031,0.010419231962941653,53.3213527716121,0.02384176503827007,0.020941644227932196
2023-05-16,83.94999694824219,83.9800033569336,81.97000122070312,81.9800033569336,75.54145050048828,7454200,-0.024395994908289254,84.03000030517578,84.14700012207031,83.66720016479492,0.011718433889233798,47.36843706327955,-0.16096358864808735,-0.015439402347271716
2023-05-17,82.5,83.19000244140625,81.7300033569336,83.04000091552734,76.51819610595703,5566400,0.012929952612695361,84.0270004272461,84.04300003051758,83.61000015258789,0.012081930194968109,42.95593216762512,-0.21936155522510603,-0.05622383292283858
2023-05-18,82.66000366210938,83.05999755859375,82.0,82.66999816894531,76.17726135253906,5176100,-0.004455717033992057,83.91900024414062,83.96399993896485,83.5252000427246,0.011922265555942828,36.23054870911067,-0.2921309896754707,-0.10340526427336501
2023-05-19,83.13999938964844,83.41000366210938,82.16000366210938,82.55999755859375,76.07591247558594,5054900,-0.0013305989208656221,83.66100006103515,83.87099990844726,83.47860000610352,0.011902945170164362,38.52139644654228,-0.3545899287210261,-0.15364219716289723
2023-05-22,82.75,83.58999633789062,82.2300033569336,83.08000183105469,76.55506134033203,5847400,0.006298501548427149,83.50299987792968,83.81599998474121,83.49820007324219,0.012005390447969128,47.914443128000755,-0.3580022617516221,-0.1945142100806422
2023-05-23,82.9000015258789,83.68000030517578,82.12000274658203,82.19000244140625,75.73495483398438,5888800,-0.010712558618598433,83.29500045776368,83.76100006103516,83.47720016479492,0.012011556428343752,45.52847104359065,-0.427593046499652,-0.2411299773644442
2023-05-24,81.93000030517578,82.02999877929688,80.43000030517578,80.51000213623047,74.18690490722656,5649000,-0.02044044598214323,82.83800048828125,83.65450019836426,83.40600021362305,0.012721993006869926,35.05536587648972,-0.6112600042336567,-0.3151559827382867
2023-05-25,80.98999786376953,81.11000061035156,79.94000244140625,80.5199966430664,74.19610595703125,6282500,0.0001241399400166987,82.475,83.4470001220703,83.33800018310546,0.011196465759630507,25.58137846881425,-0.7473954092721442,-0.4016038680450582
2023-05-26,80.70999908447266,81.6500015258789,80.31999969482422,81.44999694824219,75.0530776977539,5791800,0.011549929755938049,82.20299987792968,83.23549995422363,83.2882000732422,0.011171157187170277,33.80421025402565,-0.771348817259522,-0.475552857887951
2023-05-30,82.05000305175781,82.69999694824219,81.56999969482422,81.80000305175781,75.37559509277344,5191700,0.0042971898910939554,81.98000030517578,83.07950019836426,83.28300018310547,0.011162040127754768,37.48737130714604,-0.7534047176272054,-0.531123229835802
2023-05-31,81.87000274658203,82.38999938964844,81.33000183105469,82.2300033569336,75.77180480957031,6593100,0.005256727251021109,82.00500030517578,83.01750030517579,83.26780029296874,0.010660401188316897,34.98419854760091,-0.6964581227146169,-0.564190208411565
2023-06-01,82.08999633789062,82.66999816894531,81.36000061035156,82.27999877929688,75.81788635253906,6137700,0.0006079948962942616,81.92900009155274,82.97800025939941,83.26300033569336,0.01061944487265198,39.140509459659434,-0.6399167611248942,-0.5793355189542309
2023-06-02,83.22000122070312,84.37999725341797,82.93000030517578,84.12000274658203,77.51338958740234,6739000,0.02236271262254963,82.07400054931641,82.99650039672852,83.35240036010742,0.011647747863157943,49.76032875886652,-0.44154453159310947,-0.5517773214820066
2023-06-05,84.12000274658203,84.51000213623047,83.41999816894531,83.55999755859375,76.99734497070312,5701300,-0.006657217899473156,82.1740005493164,82.91750030517578,83.44900024414062,0.011080578207238125,47.83409697552689,-0.32576562565596134,-0.5065749823167977
2023-06-06,84.0999984741211,84.43000030517578,83.37999725341797,84.27999877929688,77.66082000732422,5344500,0.008616577809235082,82.29400024414062,82.89850006103515,83.52080017089844,0.01121589529753679,62.07979278846808,-0.17390723302054312,-0.4400414324575468
2023-06-07,84.27999877929688,85.44000244140625,83.75,85.19999694824219,78.87916564941406,6594200,0.010915972736953883,82.59499969482422,82.94500007629395,83.61320007324218,0.011427439485351541,61.51382276891343,0.02044215625947743,-0.34794471471414196
2023-06-08,84.83000183105469,84.98999786376953,83.8499984741211,84.76000213623047,78.4718246459961,4701000,-0.005164258541922373,83.01999969482422,82.92900009155274,83.70200012207032,0.01129173718807919,61.05821669246128,0.13737793600489567,-0.25088018457033445
2023-06-09,84.87999725341797,84.93000030517578,83.91000366210938,84.23999786376953,77.99039459228516,5801400,-0.006135019577101497,83.39199981689453,82.93349990844726,83.74440002441406,0.011099530548685331,58.5192642050928,0.185946904828441,-0.16351476669057935
2023-06-12,84.68000030517578,84.68000030517578,83.55000305175781,84.33999633789062,78.08296966552734,5775300,0.0011870664370481343,83.68099975585938,82.94199981689454,83.7681999206543,0.01110212566577111,56.67369799243526,0.22985754893826993,-0.08484030356480948
2023-06-13,84.4000015258789,85.08000183105469,84.04000091552734,84.95999908447266,78.6570053100586,6487300,0.007351230418580101,83.99699935913085,82.98849983215332,83.76939987182617,0.011206719140315671,65.10357083726103,0.3110999245472357,-0.005652257942400457
2023-06-14,85.31999969482422,85.91999816894531,84.66000366210938,85.38999938964844,79.05508422851562,7965600,0.005061208919602933,84.31299896240235,83.15899963378907,83.79259979248047,0.009562342376849093,80.80804091356153,0.4055080787899783,0.0765798094040753
2023-06-15,85.01000213623047,86.02999877929688,84.55000305175781,85.83999633789062,79.47169494628906,7261500,0.005269902230456536,84.66899871826172,83.29899940490722,83.82599975585937,0.009253443696351615,81.81814863250538,0.5107505991671104,0.16341396735668234
2023-06-16,86.16000366210938,86.58000183105469,85.66000366210938,85.80999755859375,79.44392395019531,7814300,-0.00034947321268274933,84.83799819946289,83.45599937438965,83.8679997253418,0.009154697500835203,79.22249789833893,0.5849919806107948,0.24772957000750484
2023-06-20,85.44000244140625,85.5999984741211,84.36000061035156,84.91000366210938,78.6106948852539,5985900,-0.010488217248460274,84.97299880981446,83.57349967956543,83.88179977416992,0.009545733821375553,69.41325058149171,0.5646973449213419,0.3111231249902723
2023-06-21,84.45999908447266,84.80999755859375,83.83000183105469,84.54000091552734,78.26815032958984,6214300,-0.004357587217336811,84.9989990234375,83.64649963378906,83.87999984741211,0.00955810747608417,64.52829210899577,0.5128458033299523,0.35146766065820834
2023-06-22,84.66000366210938,84.66000366210938,82.8499984741211,83.30000305175781,77.1201400756836,7309100,-0.014667587536562054,84.80899963378906,83.70199966430664,83.84439987182617,0.009847853419797355,55.5798924539106,0.36745977103223026,0.35466608273301276
2023-06-23,83.0199966430664,83.55999755859375,82.22000122070312,82.23999786376953,76.13877868652344,6717200,-0.012725151850590644,84.55699920654297,83.78849945068359,83.79599975585937,0.00909800761246103,38.75595247873169,0.16480694131806217,0.31669425445002264
2023-06-26,82.30000305175781,84.19999694824219,82.18000030517578,84.11000061035156,77.87004089355469,5030600,0.022738360836045857,84.54399948120117,83.96799964904785,83.7897998046875,0.010296321160721017,52.843863267338136,0.15332922327711174,0.28402124821544045
2023-06-27,84.41999816894531,85.33000183105469,83.87000274658203,85.12000274658203,78.80511474609375,5045000,0.012008109961969993,84.62200012207032,84.15149993896485,83.83099990844727,0.010318626446174805,54.216887773587736,0.22315933854800107,0.2718488662819526
2023-06-28,85.16000366210938,85.44999694824219,84.5199966430664,85.25,78.92546844482422,5234900,0.0015272233226424348,84.65100021362305,84.32399978637696,83.83879989624023,0.010308377717894395,50.272644829565785,0.28569656772465635,0.27461840657049336
2023-06-29,84.97000122070312,86.11000061035156,84.62000274658203,86.11000061035156,79.72167205810547,5753600,0.010087983699138547,84.72300033569336,84.51799964904785,83.86699996948242,0.010441549190738916,57.03857098874208,0.40004120830165846,0.2997029669167264
2023-06-30,86.94000244140625,87.04000091552734,85.45999908447266,86.54000091552734,80.11978149414062,6301300,0.0049936163294381775,84.79300079345703,84.73099975585937,83.89539993286132,0.01044887863460317,62.10527921977796,0.5193706096417969,0.3436364954617405
2023-07-03,86.44000244140625,87.69999694824219,86.08000183105469,87.27999877929688,80.80487060546875,3903200,0.008550934318707126,84.94000091552735,84.88899955749511,83.95599990844727,0.00948440937263367,64.49705433122409,0.6659747210820228,0.408104140585797
2023-07-05,87.12000274658203,88.08000183105469,86.38999938964844,87.58000183105469,81.08261108398438,6291600,0.0034372485787541596,85.20700073242188,85.08999977111816,84.01919998168945,0.009271936159297138,63.34013659879717,0.7971779040192075,0.48591889327247917
2023-07-06,86.44000244140625,86.98999786376953,85.2699966430664,86.87999725341797,80.43453979492188,7128600,-0.007992744496478243,85.44100036621094,85.21999969482422,84.0731999206543,0.009427678741704252,57.38353457838349,0.8350469510785246,0.5557445048336883
2023-07-07,86.4800033569336,87.19999694824219,86.2300033569336,86.6500015258789,80.22160339355469,6739300,-0.0026472805572057556,85.77600021362305,85.29249992370606,84.14039993286133,0.009204622716622491,54.10336860477969,0.8368529902976292,0.6119662019264765
2023-07-10,86.43000030517578,87.08999633789062,86.18000030517578,87.01000213623047,80.55490112304688,5419000,0.004154652094772837,86.25300064086915,85.40499992370606,84.22779998779296,0.009117781790816012,55.88237274063435,0.8574491894825371,0.6610627994376886
2023-07-11,87.30000305175781,88.22000122070312,87.0199966430664,88.18000030517578,81.63809967041016,4294300,0.013446708886565295,86.66000061035156,85.60200004577636,84.29800003051758,0.009320799690514334,65.61601661414022,0.9571474993070268,0.7202797394115563
2023-07-12,89.2300033569336,89.45999908447266,88.58000183105469,88.66000366210938,82.08248901367188,7678700,0.005443449254619814,87.0140007019043,85.8180004119873,84.35760009765625,0.009341914973535594,69.47069500260683,1.0626419129783784,0.7887521741249208
2023-07-13,88.68000030517578,89.29000091552734,88.13999938964844,89.27999877929688,82.656494140625,5869200,0.006992951630707678,87.41700057983398,86.03400039672852,84.44480010986328,0.009332546557683107,80.02003863718883,1.1826426519782558,0.8675302696955879
2023-07-14,89.19999694824219,89.37999725341797,88.54000091552734,89.1500015258789,82.53614044189453,5566600,-0.0014560624461849025,87.72100067138672,86.22200050354004,84.55840011596679,0.009353059206963311,88.26137650179962,1.2528127645746991,0.9445867686714102
2023-07-17,88.83999633789062,89.2300033569336,88.41000366210938,88.55000305175781,81.98064422607422,4058400,-0.006730212718470074,87.92200088500977,86.3575008392334,84.66800018310546,0.00952890151927979,78.6082834046787,1.24564915383489,1.0047992457041062
2023-07-18,88.8499984741211,88.8499984741211,87.2699966430664,88.02999877929688,81.49922943115234,7295300,-0.005872436527833758,87.99700088500977,86.46850090026855,84.75360015869141,0.009667342626547795,70.01373711424053,1.1843593840409028,1.0407112733714654
2023-07-19,88.69999694824219,89.4000015258789,88.47000122070312,89.0,82.39727020263672,5853400,0.011018984825105438,88.1390007019043,86.67300071716309,84.83080017089844,0.009478803329664474,73.11960368543943,1.2002223753519417,1.0726134937675607
2023-07-20,88.6500015258789,88.73999786376953,87.5999984741211,88.7300033569336,82.14730834960938,6771000,-0.0030336701468135496,88.32400131225586,86.8825008392334,84.91220016479492,0.009433660764825397,67.42023880421362,1.1774347032814916,1.0935777356703469
2023-07-21,88.94999694824219,89.37999725341797,88.70999908447266,89.13999938964844,82.5268783569336,6570200,0.00462071472110237,88.57300109863282,87.17450065612793,85.00960021972656,0.008533071405153941,67.33334079319334,1.1788692909838119,1.1106360467330398
2023-07-24,89.25,89.94000244140625,89.0999984741211,89.86000061035156,83.19346618652344,5716400,0.008077195710489704,88.85800094604492,87.55550079345703,85.1052001953125,0.007686281822163105,67.24601139513962,1.2239948426473148,1.133307805915895
2023-07-25,89.75,90.1500015258789,89.19000244140625,89.2300033569336,82.61021423339844,6629100,-0.007010875240806458,88.9630012512207,87.81150093078614,85.2068002319336,0.006790954953051902,60.56340367168748,1.1951447692603523,1.1456751985847866
2023-07-26,89.16000366210938,89.83000183105469,89.11000061035156,89.69000244140625,83.03607177734375,7138900,0.005155206401064261,89.0660011291504,88.04000091552734,85.31720031738281,0.006477134903541152,68.56017810691857,1.1956166356614233,1.155663486000114
2023-07-27,90.05000305175781,90.33999633789062,87.62999725341797,87.72000122070312,81.21222686767578,10635500,-0.02196455755467408,88.91000137329101,88.1635009765625,85.39100036621093,0.008502567747089579,55.74651370711124,1.0252099762254119,1.1295727840451737
2023-07-28,88.86000061035156,88.94000244140625,87.37000274658203,87.55000305175781,81.0548324584961,5812400,-0.0019379635952990748,88.7500015258789,88.23550109863281,85.50240036010742,0.008282952516694746,52.960535396842,0.8664560731477167,1.0769494418656822
2023-07-31,87.72000122070312,88.55999755859375,87.5199966430664,88.05000305175781,81.51776123046875,6546900,0.00571102207391605,88.7000015258789,88.31100120544434,85.60260040283202,0.008303313711216181,49.23078451041346,0.7720881311563801,1.0159771797238217
2023-08-01,87.83000183105469,88.22000122070312,87.47000122070312,87.87999725341797,81.36036682128906,6867100,-0.001930786967036302,88.68500137329102,88.34100112915038,85.70680038452149,0.008123714744070771,45.20880099350938,0.6757926926214566,0.9479402823033487
2023-08-02,87.33999633789062,87.62000274658203,86.87000274658203,87.37000274658203,80.88819122314453,6499600,-0.005803305903222533,88.52200164794922,88.33050117492675,85.80300048828126,0.008202720133882282,38.10710997646572,0.5519628847610534,0.8687448027948897
2023-08-03,86.54000091552734,86.73999786376953,85.23999786376953,86.41000366210938,79.99942016601562,8494900,-0.010987742409224177,88.2900016784668,88.30700149536133,85.86960052490234,0.008380048137807645,34.53724585528079,0.3720739301573843,0.7694106282673887
2023-08-04,86.08999633789062,87.01000213623047,85.4800033569336,85.75,79.38836669921875,8059900,-0.0076380469174633925,87.95100173950195,88.26200141906739,85.94080047607422,0.008528566836521003,34.30491240734817,0.1742452669787582,0.6503775560096626
2023-08-07,85.86000061035156,86.83000183105469,85.86000061035156,86.79000091552734,80.3512191772461,4650900,0.012128290560085686,87.64400177001953,88.25100135803223,86.06640045166016,0.008933726978845776,43.43221109511775,0.10022863504919144,0.5403477718175684
2023-08-08,86.02999877929688,86.45999908447266,85.44999694824219,86.20999908447266,79.81424713134766,4185900,-0.006682818584357486,87.34200134277344,88.15250129699707,86.18020050048828,0.008449350811723015,34.58562250411187,-0.005171762644124556,0.43124386492522987
2023-08-09,85.9800033569336,86.70999908447266,85.66000366210938,86.25,79.8512954711914,3850600,0.0004639939212636168,86.99800109863281,88.0320011138916,86.27620056152344,0.008318900856416497,35.94102356721781,-0.08450052811511455,0.328094986317161
2023-08-10,86.62000274658203,87.12999725341797,85.69000244140625,85.91999816894531,79.54576110839844,4186300,-0.003826108186141264,86.81800079345703,87.86400108337402,86.35860046386719,0.008097047819972747,31.578951962778362,-0.1720146582051285,0.22807305741270312
2023-08-11,85.5199966430664,86.18000030517578,85.33999633789062,86.08999633789062,79.7031478881836,3340900,0.0019785634609890135,86.67200012207032,87.71100082397462,86.43580032348633,0.00814291589124972,26.98410776167232,-0.22505847134320334,0.13744675166152182
2023-08-14,85.87000274658203,85.93000030517578,85.23999786376953,85.48999786376953,79.14766693115234,3785400,-0.006969433147217097,86.41599960327149,87.5580005645752,86.50000030517577,0.008150844969942088,27.083309958973317,-0.31191537163662986,0.04757432700189148
2023-08-15,84.83999633789062,85.1500015258789,84.37999725341797,84.47000122070312,78.20333099365234,4457300,-0.011931181056897389,86.075,87.3800006866455,86.5070002746582,0.00842120255581734,20.068804530039856,-0.4577783120924721,-0.05349620081698124
2023-08-16,84.56999969482422,84.69000244140625,83.5,83.51000213623047,77.31455993652344,5295300,-0.011364970647560146,85.68899993896484,87.10550079345703,86.50600036621094,0.008076326339155176,22.69779776659591,-0.6434226703324128,-0.17148149472006757
2023-08-17,83.70999908447266,84.18000030517578,82.87000274658203,82.93000030517578,76.77758026123047,5909200,-0.006945297763356839,85.34099960327148,86.81550064086915,86.47900039672851,0.0081206706493591,21.551716848083956,-0.8278060296036074,-0.3027464016967756
2023-08-18,82.37999725341797,83.33999633789062,82.12000274658203,83.12999725341797,76.96273803710938,5194600,0.0024116356867986966,85.07899932861328,86.51500053405762,86.43760040283203,0.008021064510689499,18.542161187063584,-0.9468780670120935,-0.43157273475983915
2023-08-21,83.0,83.05000305175781,81.75,82.4000015258789,76.28691864013672,4746600,-0.008781375576300099,84.63999938964844,86.14200057983399,86.390400390625,0.007621422504862586,17.30308763253585,-1.0876107689789904,-0.5627803416036694
2023-08-22,82.7699966430664,83.0199966430664,82.41000366210938,82.66999816894531,76.53688049316406,5256200,0.0032766582289638357,84.2859992980957,85.81400032043457,86.35900039672852,0.007774196162909724,21.13016378845748,-1.163938814446567,-0.6830120361722489
2023-08-23,83.2300033569336,84.12000274658203,83.08000183105469,84.0,77.76820373535156,5131400,0.016088083470579884,84.06099929809571,85.52950019836426,86.3522004699707,0.008757831425178513,35.84015735748443,-1.1043787175128585,-0.767285372440371
2023-08-24,84.2300033569336,85.1500015258789,83.62999725341797,83.63999938964844,77.4349136352539,5419200,-0.004285721551804289,83.83299942016602,85.32550010681152,86.32580047607422,0.007581079924912099,37.14980020444197,-1.0738473088605076,-0.8285977597243984
2023-08-25,83.86000061035156,84.33999633789062,83.41000366210938,83.79000091552734,77.57378387451172,5789200,0.0017934185434425043,83.60299987792969,85.1375,86.2938005065918,0.00763749254911015,29.50817450903959,-1.0257231796882706,-0.8680228437171729
2023-08-28,84.23999786376953,84.97000122070312,84.16000366210938,84.48999786376953,78.22184753417969,4479100,0.008354182367749097,83.50299987792968,84.95949974060059,86.26680053710938,0.007802042331626156,38.440832097656426,-0.9204897244407135,-0.878516219861881
2023-08-29,84.55999755859375,85.55999755859375,84.20999908447266,85.51000213623047,79.16618347167969,6630900,0.012072485480536743,83.60699996948242,84.84099998474122,86.26080062866211,0.008415849278060114,45.60570846075433,-0.7461840870625167,-0.8520497933020083
2023-08-30,85.48999786376953,86.05999755859375,85.44000244140625,85.83000183105469,79.46244812011719,5658500,0.0037422487057643394,83.83899993896485,84.76399993896484,86.27920059204102,0.008419625258152322,49.46494374561151,-0.5755892777111313,-0.7967576901838329
2023-08-31,85.8499984741211,85.94999694824219,85.08999633789062,85.33999633789062,79.00878143310547,4463100,-0.005709023449965378,84.07999954223632,84.7104995727539,86.29520050048828,0.008164135905519973,45.70446525171771,-0.47446171111887736,-0.7322984943708419
2023-09-01,85.72000122070312,86.0999984741211,85.12000274658203,85.38999938964844,79.05508422851562,5769900,0.0005859275123452079,84.30599975585938,84.69249954223633,86.3370004272461,0.007995904935503891,49.38876240592668,-0.38583489315145414,-0.6630057741269645
2023-09-05,85.11000061035156,85.33999633789062,84.33000183105469,84.33000183105469,78.07373046875,6565700,-0.012413603070270618,84.49899978637696,84.56949958801269,86.3788005065918,0.007890054147711918,49.148422330547646,-0.3965591584704953,-0.6097164509956706
2023-09-06,84.31999969482422,84.5199966430664,83.52999877929688,84.16000366210938,77.91633605957031,5332100,-0.0020158681993851513,84.64800033569335,84.46699981689453,86.37980056762696,0.0077942443748268515,54.37416890431426,-0.41400327544862137,-0.5705738158862608
2023-09-07,84.08000183105469,85.08000183105469,83.93000030517578,84.70999908447266,78.42552947998047,5260600,0.006535116426223508,84.71900024414063,84.38999977111817,86.37160049438477,0.007977456348395338,62.0270286989191,-0.37907805391306226,-0.5322746634916211
2023-09-08,84.94000244140625,84.9800033569336,84.13999938964844,84.27999877929688,78.02742004394531,4260500,-0.0050761457894360484,84.78300018310547,84.30799980163575,86.3522004699707,0.008006677510060711,57.53605465168251,-0.3816970294315354,-0.502159136679604
2023-09-11,84.38999938964844,84.58999633789062,83.91999816894531,84.27999877929688,78.02742004394531,4085900,0.0,84.83199996948242,84.21749992370606,86.31560043334962,0.00798099548435468,63.623165490376465,-0.3793991096305689,-0.47760713126979704
2023-09-12,84.2300033569336,84.48999786376953,83.73999786376953,84.37999725341797,78.12000274658203,4518100,0.0011865030323856551,84.82099990844726,84.16199989318848,86.27240036010743,0.007869214994181509,62.70429592513448,-0.36529802228247377,-0.45514530947233245
2023-09-13,84.31999969482422,84.41999816894531,83.25,83.4800033569336,77.2867660522461,5446500,-0.010665962618858882,84.61800003051758,84.1125,86.19640045166015,0.007778088623445621,45.87303951665934,-0.4218816063044244,-0.4484925688387509
2023-09-14,84.2300033569336,85.16999816894531,84.08999633789062,85.02999877929688,78.7217788696289,5846200,0.01856726593236946,84.53799972534179,84.18849983215333,86.145400390625,0.008441182289226993,59.279046742071124,-0.3377593480555703,-0.42634592468211474
2023-09-15,84.56999969482422,84.91000366210938,84.31999969482422,84.58000183105469,78.30517578125,6497000,-0.0052922139798001755,84.46200027465821,84.27099990844727,86.09940048217773,0.008367722081479238,55.070618550138136,-0.3038996789391035,-0.4018566755335125
2023-09-18,84.61000061035156,84.6500015258789,83.73999786376953,83.91999816894531,77.69413757324219,4982500,-0.007803306311434111,84.31500015258788,84.31049995422363,86.04480041503906,0.008587097298143973,46.3225789938443,-0.32655806872905657,-0.3867969541726214
2023-09-19,83.86000061035156,84.19999694824219,83.30000305175781,83.54000091552734,77.34232330322266,4389800,-0.004528089391195755,84.23600006103516,84.36749992370605,85.975400390625,0.00839546337953529,36.1462357283887,-0.37090208016218185,-0.3836179793705335
2023-09-20,84.12000274658203,84.6500015258789,83.62999725341797,83.62999725341797,77.42566680908203,5643400,0.0010772843775956886,84.18299942016601,84.41549987792969,85.88440032958984,0.008374598874198816,34.01155279654637,-0.3942385398844692,-0.38574209147332067
2023-09-21,83.13999938964844,83.18000030517578,80.68000030517578,80.68000030517578,74.69451141357422,9010000,-0.03527438772122671,83.77999954223633,84.24949989318847,85.72480026245117,0.010879294392887326,25.05348351466131,-0.6433567359382408,-0.4372650203663047
2023-09-22,80.76000213623047,81.26000213623047,80.12999725341797,80.19000244140625,74.2408676147461,8696000,-0.0060733498006456665,83.37099990844726,84.07700004577637,85.54300033569336,0.01090673796141662,23.4150622523169,-0.8702912577518731,-0.5238702678434184
2023-09-25,79.81999969482422,80.1500015258789,79.52999877929688,80.04000091552734,74.10198974609375,6067800,-0.0018705763974569134,82.9470001220703,83.88950004577637,85.36080032348633,0.01086954631163301,25.81728101977886,-1.0501370446246625,-0.6291236231996673
2023-09-26,78.58999633789062,78.86000061035156,77.47000122070312,77.68000030517578,72.73492431640625,7726200,-0.029485264659632637,82.2770004272461,83.54900016784669,85.14340026855469,0.012148253776160587,20.70516185597519,-1.3673366466228458,-0.776766227884303
2023-09-27,78.11000061035156,78.37999725341797,76.75,77.12000274658203,72.21058654785156,8713100,-0.0072090313644919135,81.64100036621093,83.12950019836425,84.92520034790039,0.011545559715155921,15.718101896394401,-1.6449448392257864,-0.9504019501525998
2023-09-28,77.45999908447266,78.18000030517578,77.2699966430664,77.87999725341797,72.92218017578125,8431500,0.009854700204475986,80.92600021362304,82.73199996948242,84.70280029296875,0.01186795550991979,21.929746482605935,-1.7830719828653798,-1.1169359566951558
2023-09-29,79.2300033569336,79.25,77.70999908447266,78.13999938964844,73.16564178466797,8764900,0.0033384969876724124,80.28199996948243,82.37200012207032,84.49100021362305,0.012002372768858622,23.67061092877296,-1.8502304351587497,-1.2635948523878746
2023-10-02,77.88999938964844,78.19000244140625,76.20999908447266,76.69999694824219,71.81730651855469,11887600,-0.018428493123292977,79.55999984741212,81.9375,84.24220016479492,0.012340939868450602,20.461485281404848,-1.9966341986898755,-1.4102027216482749
2023-10-03,76.29000091552734,76.56999969482422,75.01000213623047,75.20999908447266,70.42217254638672,10290000,-0.019426309296661337,78.72699966430665,81.4814998626709,83.94920013427735,0.01265007633201819,19.5731575183044,-2.2074445643931284,-1.5696510901972456
2023-10-04,75.76000213623047,76.12000274658203,74.69999694824219,76.02999877929688,71.1899642944336,7980400,0.010902801553065222,77.96699981689453,81.07499961853027,83.6852000427246,0.013163701638157861,15.007736191136132,-2.282040236346802,-1.712128919427157
2023-10-05,76.13999938964844,76.69000244140625,75.66999816894531,76.61000061035156,71.7330551147461,6656300,0.007628591876455815,77.55999984741212,80.66999969482421,83.42360000610351,0.013216226934766808,19.32252805082038,-2.268210030000205,-1.8233451415417667
2023-10-06,75.94999694824219,77.30999755859375,75.20999908447266,76.7699966430664,71.88287353515625,7606700,0.0020884483936842724,77.21799926757812,80.2944995880127,83.20459991455078,0.013308800001641691,21.37705570931783,-2.2187626346118208,-1.9024286401557775
2023-10-09,76.37999725341797,77.94999694824219,76.33000183105469,77.75,72.80046081542969,8146600,0.012765447437623534,76.98899917602539,79.96799964904785,83.00859985351562,0.01383523430126189,27.883858250506634,-2.0765598475337583,-1.937254881631374
2023-10-10,77.68000030517578,78.69000244140625,77.30000305175781,78.0,73.03456115722656,5994400,0.003215434083601254,77.02099914550782,79.64899978637695,82.80759979248047,0.013882102977318213,28.75471511248614,-1.9215398878853165,-1.9341118828821624
2023-10-11,78.69000244140625,79.45999908447266,78.5,79.44000244140625,74.38290405273438,6364000,0.018461569761618613,77.25299911499023,79.44699974060059,82.63879989624023,0.014634781650053549,44.718917847522555,-1.6633156234572937,-1.8799526309971886
2023-10-12,79.41000366210938,79.41000366210938,77.8499984741211,78.19999694824219,73.22183227539062,9653000,-0.015609333522851654,77.28499908447266,79.10549964904786,82.45539978027344,0.014044211677535787,42.03360841493138,-1.5409658188904984,-1.8121552685758506
2023-10-13,78.7300033569336,78.86000061035156,77.75,78.12000274658203,73.14693450927734,8625100,-0.0010229437951654319,77.28299942016602,78.78249969482422,82.28959976196289,0.014057310141450384,42.270537632823356,-1.4339281497026235,-1.7365098448012053
2023-10-16,78.75,79.20999908447266,77.80999755859375,79.0199966430664,73.9896240234375,6540200,0.011520658792139482,77.51499938964844,78.53749961853028,82.15499969482421,0.014431834025796073,56.113126745503806,-1.2619312815344301,-1.6415941321478504
2023-10-17,78.26000213623047,79.81999969482422,78.26000213623047,78.80000305175781,73.78364562988281,10660300,-0.0027840243059273906,77.87399978637696,78.3004997253418,81.99519973754883,0.014426770596645608,57.909615275473904,-1.1303442635408203,-1.5393441584264445
2023-10-18,78.26000213623047,78.48999786376953,77.02999877929688,77.08000183105469,72.17312622070312,8722600,-0.021827425813338963,77.97900009155273,77.97299995422364,81.81259979248047,0.014999165416518238,46.54578660217036,-1.1515756800003345,-1.4617904627412224
2023-10-19,76.47000122070312,77.08000183105469,75.11000061035156,75.23999786376953,70.45025634765625,12199100,-0.02387135344545155,77.84199981689453,77.70099983215331,81.59239974975586,0.013924484038094962,38.98175379890047,-1.3018675543317926,-1.4298058810593364
2023-10-20,75.37000274658203,75.87000274658203,74.72000122070312,74.75,69.99146270751953,9323700,-0.006512465147284097,77.64000015258789,77.428999710083,81.36899978637695,0.013929280475785679,42.01474892338609,-1.443869649515193,-1.4326186347505079
2023-10-23,74.18000030517578,75.06999969482422,73.83999633789062,74.04000091552734,69.32665252685547,8808400,-0.009498315511339839,77.26900024414063,77.12899971008301,81.12799987792968,0.013989106035405418,44.88189449401663,-1.595308600918628,-1.465156627984132
2023-10-24,74.30000305175781,75.12999725341797,74.11000061035156,74.91999816894531,70.15062713623047,8164400,0.01188543007207632,76.96100006103515,76.99099960327149,80.9165998840332,0.013015196009505334,45.169706032339626,-1.6255779859231012,-1.4972408995719257
2023-10-25,74.19999694824219,74.44000244140625,73.16999816894531,73.27999877929688,68.61502838134766,8236100,-0.02189000840536892,76.34499969482422,76.79899940490722,80.69279983520508,0.01373479321499395,36.73304752965436,-1.761594372939328,-1.5501115942454062
2023-10-26,73.62000274658203,75.23999786376953,73.5999984741211,74.7300033569336,69.97272491455078,10955200,0.01978718070129637,75.99800033569336,76.64149971008301,80.51719985961914,0.014368474042537977,42.63008010866377,-1.7324148879361303,-1.586572252983551
2023-10-27,75.06999969482422,75.06999969482422,73.3499984741211,73.62000274658203,68.93339538574219,9656000,-0.014853480001196573,75.54800033569336,76.41549987792969,80.33099990844727,0.014589269418460797,35.21832803134771,-1.7783579054923138,-1.6249293834853038
2023-10-30,74.19999694824219,74.54000091552734,72.87999725341797,73.95999908447266,69.25173950195312,8309600,0.0046182603260824795,75.04200057983398,76.27849998474122,80.14759994506836,0.014200994461697515,35.63298787598265,-1.7669647452217703,-1.6533364558325974
2023-10-31,74.5999984741211,75.37999725341797,73.94000244140625,75.33000183105469,70.5345458984375,8676300,0.018523563595739034,74.69500045776367,76.28450012207031,80.00619995117188,0.014246067479760541,35.310923948135354,-1.6286141612913383,-1.6483919969243457
2023-11-01,75.3499984741211,75.86000061035156,74.94000244140625,75.83999633789062,71.01204681396484,10792900,0.006770137985390168,74.57099990844726,76.275,79.86959991455078,0.014111634047272108,41.10103957855297,-1.4609768011276856,-1.6109089577650137
2023-11-02,76.8499984741211,78.48999786376953,76.6500015258789,78.2300033569336,73.24990844726562,9187400,0.031513807152557805,74.87000045776367,76.3560001373291,79.75419998168945,0.015713671068297144,50.35324555686768,-1.1223318501797905,-1.5131935362479692
2023-11-03,79.54000091552734,81.11000061035156,79.48999786376953,80.02999877929688,74.9353256225586,10154000,0.023009016299674556,75.39800033569335,76.51900024414063,79.68199996948242,0.016457177451551747,53.066188613344266,-0.7006322469388522,-1.350681278386146
2023-11-06,80.02999877929688,80.02999877929688,78.5,78.97000122070312,73.94281768798828,8434400,-0.013245002808471407,75.89100036621093,76.58000030517579,79.58559997558594,0.01660619823463293,50.49104041860745,-0.44681461663004995,-1.1699079460349269
2023-11-07,78.83000183105469,78.97000122070312,78.13999938964844,78.27999877929688,73.29674530029297,8560900,-0.00873752603191491,76.2270004272461,76.59400024414063,79.46139999389648,0.01673344513672578,53.68549458912802,-0.29790567519965805,-0.9955074918678731
2023-11-08,78.62000274658203,78.88999938964844,78.30999755859375,78.66000366210938,73.65254211425781,6482600,0.00485443138398467,76.76500091552734,76.55500030517578,79.32440002441406,0.01622558337147647,61.53848133861385,-0.14753040935092088,-0.8259120753644827
2023-11-09,78.94000244140625,78.9800033569336,77.26000213623047,77.41999816894531,72.4914779663086,9070100,-0.015764116901018865,77.03400039672852,76.51600036621093,79.15619995117187,0.016233270552771847,58.57417120412075,-0.12695158901698278,-0.6861199780949827
2023-11-10,78.0199966430664,78.30999755859375,77.26000213623047,78.19000244140625,73.21245574951172,5418400,0.009945805872801028,77.49100036621094,76.51950035095214,79.01320007324219,0.016394755950867597,63.275746013119814,-0.04795699763008088,-0.5584873820020023
2023-11-13,77.62000274658203,77.81999969482422,77.05999755859375,77.55000305175781,72.61319732666016,4812700,-0.008185181860405177,77.85000076293946,76.44600067138671,78.85640014648438,0.01626849695227254,58.544517152488595,-0.03657421212649581,-0.45410474802690104
2023-11-14,80.04000091552734,82.41000366210938,79.55999755859375,81.72000122070312,76.51776123046875,15751000,0.05377173442742755,78.4890007019043,76.59200057983398,78.80420013427734,0.02031890957077407,73.54909630911285,0.3054101513847911,-0.3022017681445626
2023-11-15,81.55999755859375,82.63999938964844,81.41999816894531,81.94999694824219,76.73310089111328,7927800,0.0028144361735618073,79.10000076293946,76.83550033569335,78.76,0.019528836938430213,71.61674135400244,0.588213398482111,-0.12411873481922792
2023-11-16,82.19999694824219,82.3499984741211,81.62999725341797,81.86000061035156,76.64884185791016,6620600,-0.001098185982208899,79.46300048828125,77.16650047302247,78.70300003051757,0.01850133276049196,76.27550288072891,0.7959004124333973,0.05988509463129714
2023-11-17,82.55000305175781,82.58999633789062,81.44000244140625,81.69999694824219,76.49901580810547,4579400,-0.001954601281656254,79.63000030517578,77.51400032043458,78.65139999389649,0.018387752955503676,74.96772275483026,0.9367842433388205,0.23526492437280183
2023-11-20,81.5999984741211,82.37000274658203,81.0199966430664,82.33999633789062,77.0982894897461,6169900,0.007833530153665613,79.96699981689453,77.92900009155274,78.61259994506835,0.018093746901354953,73.73050940786204,1.0875417915889471,0.4057202978160309
2023-11-21,82.0,82.19000244140625,81.66999816894531,81.94000244140625,76.72374725341797,4730700,-0.0048578323326972095,80.33300018310547,78.28000030517578,78.56380004882813,0.018168962799579146,70.80492694310118,1.1613546961498145,0.5568471774827877
2023-11-22,82.4800033569336,82.8499984741211,81.88999938964844,82.25,77.01400756835938,4303800,0.003783226133236006,80.69199981689454,78.72850036621094,78.53919998168945,0.017069372776631887,65.97773647040273,1.2306796580024155,0.6916136735867132
2023-11-24,82.06999969482422,82.55000305175781,81.68000030517578,82.55000305175781,77.29490661621094,2314400,0.0036474535168122824,81.20500030517579,79.11950035095215,78.48960006713867,0.016758275269451926,61.371858556006494,1.294901114773566,0.8122711618240839
2023-11-27,82.5999984741211,83.26000213623047,82.19000244140625,82.8499984741211,77.5758285522461,6466400,0.0036341055272304246,81.67099990844727,79.5810001373291,78.455,0.01609536367517299,68.79843686121377,1.354391621836669,0.9206952538266009
2023-11-28,82.61000061035156,83.43000030517578,82.18000030517578,83.33999633789062,78.03460693359375,7386200,0.0059142772817621925,82.24999923706055,80.05,78.44339996337891,0.016091930630807855,75.0,1.4246544797869518,1.021487099018671
2023-11-29,83.94999694824219,84.69000244140625,83.8499984741211,83.94999694824219,78.60579681396484,6359500,0.007319422092105565,82.47299880981446,80.48099975585937,78.4515998840332,0.015829874712690605,75.55554572701928,1.5121293661317594,1.1196155524412887
2023-11-30,83.87000274658203,84.63999938964844,83.5999984741211,84.58999633789062,79.20503997802734,8109100,0.0076235784742555435,82.7369987487793,80.91849975585937,78.47079986572265,0.01583449093290598,86.76927892327556,1.6144856601216446,1.21858957397736
2023-12-01,84.52999877929688,86.56999969482422,84.27999877929688,86.56999969482422,81.0589828491211,17020700,0.023407062804738255,83.20799865722657,81.3354995727539,78.58859985351563,0.015228137191582974,88.22997089548758,1.8342296265058877,1.3417175844830656
2023-12-04,86.0199966430664,87.08999633789062,85.95999908447266,87.08999633789062,81.5458984375,13459700,0.00600666102459857,83.7469985961914,81.6884994506836,78.72659973144532,0.014644163970343727,94.00373587609391,2.0269720146982024,1.478768470526093
2023-12-05,86.66000366210938,86.77999877929688,86.11000061035156,86.55999755859375,81.04962921142578,13199600,-0.006085644753509811,84.16899871826172,82.06799926757813,78.85699966430664,0.014274637503745085,83.61117115742448,2.11260250721611,1.6055352778640966
2023-12-06,86.93000030517578,87.51000213623047,86.16999816894531,86.18000030517578,80.6938247680664,10876700,-0.004389986877723073,84.59299850463867,82.46299934387207,79.02699966430664,0.0140912651448472,78.77559875313611,2.1253035109706673,1.7094889244854108
2023-12-07,86.23999786376953,86.72000122070312,85.87999725341797,86.47000122070312,80.96534729003906,8795100,0.003365060507082962,85.01499862670899,82.85349922180175,79.21399963378906,0.014095514698949983,80.52985472800913,2.134168432974633,1.7944248261832554
2023-12-08,86.11000061035156,86.51000213623047,85.41000366210938,86.29000091552734,80.79681396484375,5477800,-0.002081650313804806,85.38899841308594,83.29699935913087,79.38219970703125,0.01335566300219131,80.31712948731774,2.1024338782004577,1.856026636586696
2023-12-11,85.98999786376953,86.6500015258789,85.81999969482422,86.48999786376953,80.98408508300781,4347300,0.002317730283001973,85.75299835205078,83.71199913024903,79.54919967651367,0.013331538526316805,79.10246848452877,2.0695654351095243,1.8987343962912617
2023-12-12,86.44999694824219,86.77999877929688,86.0,86.55000305175781,81.04027557373047,5163800,0.0006937818183645472,86.0739990234375,84.16199913024903,79.74619979858399,0.013008394455945654,83.94701891507431,2.025015753266871,1.9239906676863836
2023-12-13,86.5999984741211,90.05000305175781,86.37999725341797,89.77999877929688,84.06465148925781,11198900,0.037319417835346425,86.65699920654296,84.56499900817872,80.03759979248046,0.009964851907775754,88.7744871565198,2.224698530620998,1.9841322402733066
2023-12-14,91.22000122070312,92.8499984741211,91.22000122070312,92.26000213623048,86.38677215576172,10613300,0.02762311640290971,87.42399978637695,85.08049926757812,80.36219985961914,0.011179871859260872,90.83265691121599,2.553627486871818,2.098031289593009
2023-12-15,92.1500015258789,92.1500015258789,90.36000061035156,91.11000061035156,85.30999755859375,12226800,-0.012464789716575497,87.87799987792968,85.54299926757812,80.65219985961915,0.011829776700560879,82.41759623728252,2.690496177176314,2.21652426710967
2023-12-18,91.5,91.61000061035156,90.7699966430664,90.97000122070312,85.17889404296875,7094300,-0.0015365973955721035,88.26600036621093,86.00649948120117,80.93619995117187,0.011816400003742523,80.79098167344213,2.755900513970829,2.3243995164819022
2023-12-19,91.30999755859376,91.79000091552734,91.12999725341795,91.58000183105467,85.75005340576172,6754200,0.006705513929494478,88.76800079345703,86.46849975585937,81.21279998779296,0.01180713090309783,80.7909816734421,2.8243979716701233,2.4243992075195466
2023-12-20,90.77999877929688,91.41999816894533,89.56999969482422,89.62999725341797,84.63301086425781,7895400,-0.021292908262155796,89.11300048828124,86.85299949645996,81.44539993286133,0.013063506649928728,68.39415777916753,2.690321278812007,2.477583621778039
2023-12-21,90.41000366210938,90.6500015258789,89.44999694824219,90.4800033569336,85.43563079833984,6895300,0.009483500274046985,89.5140007019043,87.26449966430664,81.66619995117188,0.013107421949660575,65.55290924364036,2.6224232595732815,2.5065515493370873
2023-12-22,90.7699966430664,91.44000244140624,90.31999969482422,90.77999877929688,85.71890258789062,4737300,0.003315599151558768,89.96300048828125,87.67599945068359,81.91779998779298,0.013109248229957932,64.93927375613131,2.5632728991665203,2.517895819302974
2023-12-26,90.83999633789062,91.68000030517578,90.66000366210938,91.47000122070312,86.37044525146484,3094100,0.007600820122103835,90.46100082397462,88.1069995880127,82.18479995727539,0.013119984667968675,69.62429987705158,2.5427618668327625,2.522869028808932
2023-12-27,91.63999938964844,91.95999908447266,91.16000366210938,91.9499969482422,86.82366180419922,5522900,0.005247575392296255,91.00100021362304,88.53749961853028,82.44339996337891,0.013118499170833846,72.87863946384937,2.5360048839609135,2.5254961998393286
2023-12-28,91.73999786376952,92.47000122070312,91.68000030517578,92.45999908447266,87.30524444580078,4143700,0.0055465160756615894,91.26900024414063,88.9629997253418,82.7165998840332,0.013108050193493577,73.34370010495613,2.5424945420488143,2.528895868281226
2023-12-29,91.91999816894533,92.2300033569336,91.31999969482422,91.41000366210938,86.31378936767578,4854400,-0.011356212770497587,91.18400039672852,89.30400009155274,83.0031999206543,0.013580560852880943,68.68613516720899,2.434844416635144,2.51008557795201
2024-01-02,91.0,92.31999969482422,90.70999908447266,92.22000122070312,87.07862854003906,4613800,0.008861147862851526,91.29500045776368,89.58650016784668,83.34279998779297,0.012855024608824789,70.02096883145549,2.387370825425265,2.485542627446661
2024-01-03,91.38999938964844,91.4499969482422,89.83000183105469,90.0199966430664,85.00125885009766,7145500,-0.02385604585247847,91.2,89.73300018310547,83.64819992065429,0.01418295602890561,60.54709004770109,2.1474709705584587,2.4179282960690207
2024-01-04,90.06999969482422,90.44000244140624,89.47000122070312,89.86000061035156,84.85018920898438,6303700,-0.001777338798947481,91.02799987792969,89.89800033569335,83.96459991455077,0.014090083184711808,50.29896039558795,1.9222794238729222,2.318798521629801
2024-01-05,89.16000366210938,90.37000274658205,88.68000030517578,89.66000366210938,84.66134643554688,6890700,-0.0022256504215864004,91.03100051879883,90.07200050354004,84.25940002441406,0.01404694135197595,38.28829355164853,1.7079868096712119,2.1966361792380833
2024-01-08,89.5,90.9800033569336,89.37999725341797,90.9499969482422,85.87942504882812,4941900,0.014387611347800755,91.07799987792968,90.29600028991699,84.61279998779297,0.014313939759463178,49.288239318838436,1.6235349460460498,2.0820159325996768
2024-01-09,90.1500015258789,90.69000244140624,89.63999938964844,90.31999969482422,85.28453063964844,5348300,-0.006926852936306349,91.03199996948243,90.49750022888183,84.92459991455078,0.014438263292769985,47.229317197765425,1.488610942123529,1.9633349345044473
2024-01-10,90.5199966430664,90.81999969482422,90.08999633789062,90.38999938964844,85.35064697265625,5212200,0.0007750187672801445,90.92399978637695,90.69250030517578,85.2599998474121,0.014442752238773037,44.682735458111985,1.3715210464195025,1.8449721568874584
2024-01-11,90.08999633789062,90.19000244140624,89.0999984741211,89.58999633789062,84.59524536132812,6250400,-0.008850570385659617,90.6879997253418,90.84449996948243,85.57259979248047,0.014654955890171552,49.80079196875895,1.2003361719080914,1.7160449598915852
2024-01-12,90.54000091552734,90.73999786376952,89.69000244140625,90.16999816894533,85.14291381835938,5250900,0.0064739575260970295,90.45899963378906,90.86399993896484,85.86939971923829,0.012128733127538937,48.41348117363278,1.098805875871804,1.5925971430876291
2024-01-16,89.69999694824219,90.08000183105467,89.20999908447266,89.54000091552734,84.54803466796875,7090200,-0.006986772387835738,90.27199935913086,90.72799987792969,86.14339981079101,0.010363769523828267,43.861386512567776,0.9564811521989469,1.4653739449098928
2024-01-17,88.3499984741211,89.41999816894531,86.98999786376953,87.94000244140625,83.0372314453125,8928100,-0.017869091554181926,89.84399948120117,90.56949996948242,86.33759979248048,0.010730218180748473,33.96909431085865,0.7064379017880498,1.3135867362855242
2024-01-18,87.98999786376953,88.30999755859375,86.77999877929688,87.3499984741211,82.48014068603516,6415800,-0.006709164781730226,89.57699966430664,90.38849983215331,86.48399978637696,0.01078789791031324,29.316530350547765,0.455418652346097,1.141953119497639
2024-01-19,87.55000305175781,88.63999938964844,86.91999816894531,88.31999969482422,83.39604949951172,7749000,0.011104765170551145,89.42299957275391,90.22549972534179,86.67099975585937,0.01101658277776612,32.12433423902311,0.330940207826913,0.9797505371634938
2024-01-22,88.56999969482422,89.68000030517578,88.38999938964844,88.77999877929688,83.83039093017578,5674500,0.005208322985304603,89.33499908447266,90.18299980163575,86.88099975585938,0.010098091066903146,38.034544040875325,0.266338046263229,0.837068038983441
2024-01-23,89.08000183105469,89.36000061035156,87.9000015258789,88.23999786376953,83.32051086425781,4400900,-0.006082461398425609,89.06399917602539,90.07099952697754,87.07259963989257,0.009891752717287622,31.43654040912662,0.1696116295970569,0.7035767571061642
2024-01-24,89.19000244140625,89.19000244140625,86.91999816894531,86.94999694824219,82.1024398803711,5461800,-0.014619231037595104,88.72699890136718,89.8794994354248,87.26319961547851,0.01026613689918665,34.35268681731051,-0.011010127486585475,0.5606593801876143
2024-01-25,88.13999938964844,88.48999786376953,87.61000061035156,88.08999633789062,83.17887115478516,5037700,0.013110976764346916,88.4969985961914,89.71049919128419,87.4611994934082,0.010608480092250832,41.79793617325175,-0.061457306340997775,0.4362360428818919
2024-01-26,88.18000030517578,88.44999694824219,87.56999969482422,87.80999755859375,82.91448211669922,3705400,-0.0031785536489622457,88.31899871826172,89.50349922180176,87.66639938354493,0.010479255939159144,41.49030848877563,-0.12261716611283191,0.32446540108294714
2024-01-29,87.8499984741211,88.51000213623047,87.5199966430664,88.41999816894531,83.49047088623047,4002600,0.006946824135196206,88.14399871826171,89.30149917602539,87.80039932250976,0.010538588018483239,37.58587746251937,-0.12047607119247061,0.2354771066278636
2024-01-30,87.93000030517578,88.2699966430664,87.36000061035156,87.56999969482422,82.6878662109375,4935100,-0.00961319262297411,87.9469985961914,89.10949897766113,87.9127993774414,0.010465650907669582,36.79155123638659,-0.18523177457572615,0.15133533038714567
2024-01-31,87.94999694824219,88.47000122070312,86.54000091552734,86.75,81.91358184814453,9875200,-0.009363933969188776,87.82799835205078,88.83599891662598,88.01059936523437,0.01025309706923756,33.6917643584338,-0.2992684776730812,0.0612145687751003
2024-02-01,86.87000274658203,88.3499984741211,86.2300033569336,88.30999755859375,83.38660430908203,12125900,0.017982680790705974,87.92399826049805,88.75049896240235,88.1427993774414,0.01004040066108006,44.630876778858905,-0.2607587563068563,-0.0031800962412910153
2024-02-02,87.37000274658203,87.77999877929688,85.77999877929688,87.11000061035156,82.25350952148438,15816800,-0.013588460892505316,87.80299835205078,88.61299896240234,88.23819946289062,0.010433711249511974,37.79904626433245,-0.32334196471096277,-0.06721246993522537
2024-02-05,86.08999633789062,86.1500015258789,85.1500015258789,85.33999633789062,80.58218383789062,12253400,-0.02031918562804602,87.45899810791016,88.39699859619141,88.30619934082031,0.01125215215175404,34.64910641833954,-0.509886506252812,-0.1557472771987427
2024-02-06,85.4800033569336,86.72000122070312,85.22000122070312,86.5199966430664,81.6963882446289,10685600,0.013827048931473573,87.28699798583985,88.17549858093261,88.39159927368163,0.011208733830221945,44.645529526500056,-0.5560978861789607,-0.23581739899478632
2024-02-07,86.88999938964844,86.94000244140625,85.94999694824219,86.5,81.67752075195312,5407500,-0.0002311216347927747,87.24199829101562,87.9844985961914,88.47059921264649,0.011167392500872063,46.65091086831443,-0.5875612592297728,-0.3061661710417836
2024-02-08,86.22000122070312,87.30000305175781,86.22000122070312,87.0999984741211,82.24406433105469,4580600,0.006936398544752587,87.14299850463867,87.81999855041504,88.55559921264648,0.011334586298461864,45.048693155710346,-0.5576530691348012,-0.35646355066038715
2024-02-09,87.0199966430664,87.31999969482422,86.20999908447266,87.1500015258789,82.2912826538086,5128500,0.0005740878603190946,87.07699890136719,87.69799880981445,88.63179931640624,0.011220985281504397,43.15702016633495,-0.5238768583032396,-0.38994621218895764
2024-02-12,87.36000061035156,87.80999755859375,86.93000030517578,87.08999633789062,82.23461151123047,3816100,-0.0006885276757048198,86.94399871826172,87.54399871826172,88.69459930419922,0.011072465648474233,44.96937228707615,-0.4962306470547446,-0.41120309916211506
2024-02-13,85.25,85.43000030517578,84.23999786376953,85.31999969482422,80.56329345703125,10341700,-0.020323765271492267,86.71899871826172,87.33299865722657,88.70919937133789,0.011787549234844673,43.15702016633495,-0.610111773334836,-0.4509848339966593
2024-02-14,85.79000091552734,86.55999755859375,85.41000366210938,86.0999984741211,81.29981994628906,7169700,0.009142039171200267,86.65399856567383,87.24099845886231,88.69979934692383,0.011458030252101552,41.38528721874441,-0.6301599124042667,-0.4868198496781808
2024-02-15,86.80000305175781,88.1500015258789,86.80000305175781,88.04000091552734,83.13166046142578,5352200,0.022531968359899013,86.62699890136719,87.27549858093262,88.71879943847657,0.0125079166466038,50.870565378024686,-0.4839278048119553,-0.48624144070493575
2024-02-16,86.94000244140625,87.63999938964844,86.44999694824219,87.0999984741211,82.24406433105469,7266700,-0.01067699263551991,86.62599868774414,87.21449851989746,88.72959945678711,0.012481253738813376,45.125555370862365,-0.4388295927100927,-0.47675907110596716
2024-02-20,86.79000091552734,87.37999725341797,86.2699966430664,86.95999908447266,82.11186218261719,5858200,-0.0016073408966824632,86.78799896240234,87.12349853515624,88.74519943237304,0.012406530410192556,47.62275711888415,-0.40966337108987716,-0.4633399311027492
2024-02-21,87.3499984741211,87.63999938964844,86.88999938964844,87.5999984741211,82.71619415283203,5101000,0.00735969867049735,86.89599914550782,87.09149856567383,88.7677993774414,0.012478435922669692,53.35967735807066,-0.33108973194435976,-0.4368898912710713
2024-02-22,87.80000305175781,88.18000030517578,87.5,87.66000366210938,82.77285766601562,5262400,0.0006849907423915891,87.01199951171876,87.12699890136719,88.79519943237305,0.012014084966276954,47.08523155706577,-0.26096934745299905,-0.4017057825074569
2024-02-23,87.93000030517578,88.19999694824219,87.47000122070312,87.7699966430664,82.87671661376953,5583900,0.0012547681537979916,87.07899932861328,87.11099891662597,88.82079940795899,0.011644616658271534,53.28029668167012,-0.1942833457671469,-0.36022129515939494
2024-02-26,87.4800033569336,87.94999694824219,86.61000061035156,86.77999877929688,81.94190979003906,5589100,-0.011279456552739209,87.04199905395508,87.05949897766114,88.82539932250977,0.011894895803033175,57.758634864364474,-0.21879661168985365,-0.3319363584654867
2024-02-27,87.27999877929688,87.63999938964844,86.63999938964844,86.94999694824219,82.1024398803711,5385500,0.0019589556503412098,87.02799911499024,86.98599891662597,88.76879928588868,0.011781798004635762,52.59976106239593,-0.22194764573976045,-0.30993861592034144
2024-02-28,86.4000015258789,88.23999786376953,86.30000305175781,87.81999969482422,82.9239273071289,5674300,0.010005782370526184,87.27799911499024,86.99849891662598,88.67999923706054,0.011823598000743637,57.236838252701865,-0.15248515820832154,-0.2784479243779375
2024-02-29,88.48999786376953,88.98999786376953,88.12999725341797,88.5999984741211,83.66044616699219,8300400,0.008881789820170516,87.52799911499024,87.09099884033203,88.62979919433593,0.011749767048682493,58.06451348269441,-0.03410313392259923,-0.22957896628686983
2024-03-01,88.56999969482422,89.55999755859375,87.45999908447266,89.55999755859375,84.5669174194336,14064600,0.010835204300291945,87.67999877929688,87.15349884033203,88.60159912109376,0.011310410860632638,61.80213638010977,0.13561607855460522,-0.1565399573185748
2024-03-04,89.30000305175781,90.4800033569336,88.68000030517578,90.43000030517578,85.38842010498047,12760500,0.00971418903861454,88.01299896240235,87.31949882507324,88.57859909057618,0.010948562739807221,65.15428758949137,0.33644341764664887,-0.057943282325530074
2024-03-05,90.0,90.5999984741211,88.91999816894531,89.37999725341797,84.39693450927734,10980100,-0.011611224684444865,88.25499877929687,87.52149887084961,88.57359909057617,0.010162142138936755,69.70872017315017,0.40619173425780275,0.0348837209911365
2024-03-06,89.9000015258789,90.08999633789062,89.26000213623047,89.6500015258789,84.65190887451172,10676300,0.003020857918527353,88.45999908447266,87.67799911499023,88.55699905395508,0.009801487492905272,68.13074542002937,0.4777476879898188,0.12345651439087296
2024-03-07,90.18000030517578,90.4499969482422,89.33999633789062,89.83999633789062,84.83130645751953,3898500,0.002119295134165533,88.67799835205078,87.84499893188476,88.53819900512696,0.009789631719435622,61.194000108177974,0.5435219081056886,0.2074695931338361
2024-03-08,90.25,91.06999969482422,90.1500015258789,90.8499984741211,85.78498840332031,6119400,0.011242232606865077,88.98599853515626,88.03249893188476,88.52579895019531,0.009951268974121867,73.11960368543943,0.6694304058660805,0.29986175568028495
2024-03-11,90.54000091552734,91.1999969482422,90.0199966430664,90.41999816894533,85.37898254394531,5528300,-0.004733079938336493,89.34999847412111,88.1959987640381,88.49519897460938,0.010065798921122002,70.59522890450101,0.7261458096145645,0.3851185664671409
2024-03-12,90.23999786376952,90.54000091552734,89.43000030517578,90.1999969482422,85.1712417602539,5505100,-0.0024331035739689755,89.6749984741211,88.35149879455567,88.44999893188476,0.010096845698165406,66.29071040341135,0.7447558341521301,0.45704602000413874
2024-03-13,90.06999969482422,90.62999725341795,89.44999694824219,89.73999786376953,84.73689270019531,4356500,-0.0050997682930812305,89.86699829101562,88.57249870300294,88.41659881591796,0.008835945484366156,62.41047066460424,0.7141540080723274,0.5084676176177765
2024-03-14,89.37999725341797,89.55999755859375,87.62000274658203,88.33999633789062,83.41493225097656,8196000,-0.015600641399659776,89.84099807739258,88.6844985961914,88.33899871826172,0.009568463897849095,52.947256220477534,0.5703586777907077,0.5208458296523628
2024-03-15,87.63999938964844,88.52999877929688,87.52999877929688,88.23999786376953,83.32051086425781,5869000,-0.0011319728126160111,89.70899810791016,88.69449844360352,88.30339874267578,0.008169319493735996,58.314339514760434,0.4432216184915774,0.5053209874202058
2024-03-18,88.38999938964844,88.70999908447266,88.05999755859375,88.16999816894531,83.25440216064453,4758500,-0.0007932875852092458,89.48299789428711,88.74799842834473,88.26959869384766,0.007769353361873464,57.027650377162466,0.332977831493551,0.47085235623487487
2024-03-19,88.16999816894531,88.52999877929688,87.6500015258789,88.25,83.32994079589844,5295500,0.0009073588830226242,89.36999816894532,88.8124984741211,88.24139862060547,0.0077514072784263845,52.72496782409667,0.24919178738842618,0.4265202424655851
2024-03-20,87.55000305175781,89.0199966430664,87.33000183105469,88.79000091552734,83.83983612060547,6651400,0.0061189905442191606,89.28399810791015,88.8719985961914,88.19819869995118,0.007700651027283264,51.24184453606355,0.22378465450040608,0.3859731248725493
2024-03-21,88.83999633789062,89.41000366210938,88.47000122070312,89.06999969482422,84.4246597290039,5545100,0.0031534944972380075,89.20699844360351,88.94249839782715,88.17319869995117,0.007720103482691416,46.48495522525293,0.22366461364029533,0.3535114226260985
2024-03-22,88.98999786376953,89.20999908447266,87.83000183105469,87.88999938964844,83.30621337890625,4604500,-0.013248010656997322,88.91099853515625,88.94849853515625,88.12319869995117,0.008334432136958852,32.55495412411379,0.12689060157190113,0.30818725841525907
2024-03-25,88.05999755859375,88.36000061035156,87.48999786376953,87.48999786376953,82.92706298828125,3989300,-0.004551160867638071,88.61799850463868,88.98399848937989,88.08119873046876,0.007979089830912658,35.746621435015555,0.0177155062735892,0.25009290798692513
2024-03-26,87.63999938964844,87.7300033569336,87.0199966430664,87.06999969482422,82.52896881103516,3713200,-0.0048005278226123105,88.30499877929688,88.98999862670898,88.01919876098633,0.008054071157978765,30.97343439844802,-0.1015265505999281,0.1797690162695545
2024-03-27,87.88999938964844,89.29000091552734,87.80999755859375,89.26000213623047,84.60475158691406,5766900,0.025152204537522538,88.25699920654297,89.0619987487793,88.01359878540039,0.0095985643964138,46.697074155401445,-0.01909176734761786,0.13999685954612
2024-03-28,89.6500015258789,90.12999725341795,89.54000091552734,89.9000015258789,85.21138000488281,6174700,0.007170057969208443,88.41299972534179,89.12699890136719,88.05279876708984,0.009530636928540137,44.3519825530973,0.09676554141002214,0.13135059591890044
2024-04-01,90.04000091552734,90.04000091552734,88.2300033569336,88.41999816894531,83.80855560302734,6770300,-0.01646277343507674,88.43099975585938,89.06999893188477,88.07419876098633,0.009958635095220195,39.42918297791343,0.06837125009541012,0.11875472675420239
2024-04-02,87.72000122070312,87.8499984741211,87.04000091552734,87.31999969482422,82.76593017578125,6075100,-0.012440607293604633,88.34599990844727,88.91449890136718,88.05419876098632,0.009983893683808372,36.073519591820116,-0.04240331511053341,0.08652311838125523
2024-04-03,87.23999786376953,87.54000091552734,86.7699966430664,87.43000030517578,82.87020111083984,5085700,0.0012597413048098804,88.26399993896484,88.81699905395507,88.0271987915039,0.009722889490537326,38.438457014991485,-0.11993429824829605,0.04523163505534497
2024-04-04,88.18000030517578,88.54000091552734,86.54000091552734,86.80999755859375,82.28251647949219,5767300,-0.007091418785518777,88.06599960327148,88.67499885559081,87.99859878540039,0.009762491534613792,41.6938237569729,-0.2287700819354228,-0.00956870834280859
2024-04-05,86.7300033569336,87.4800033569336,86.31999969482422,87.19000244140625,82.6427230834961,6698000,0.004377432248584112,87.87799987792968,88.5424991607666,88.00339889526367,0.009820209369707157,44.46789267410311,-0.28111943654361937,-0.06387885398297075
2024-04-08,87.54000091552734,88.22000122070312,87.41000366210938,88.16999816894531,83.57159423828125,5115400,0.011239771763943196,87.90599975585937,88.40849914550782,88.00499893188477,0.009820041983545148,50.0,-0.24075395050367376,-0.09925387328711135
2024-04-09,88.62000274658203,89.29000091552734,88.33000183105469,89.2300033569336,84.57633209228516,6223700,0.012022288873786424,88.08000030517579,88.34899940490723,88.03339904785156,0.010231351028880894,54.30580966357625,-0.12182611652454511,-0.1037683219345981
2024-04-10,86.93000030517578,87.16999816894531,85.11000061035156,85.61000061035156,81.1451187133789,13392400,-0.040569344507379035,87.93400039672852,88.1194995880127,87.97719909667968,0.01359070725102832,39.00415922942136,-0.3160358546839177,-0.14622182848446202
2024-04-11,86.22000122070312,86.3499984741211,85.01000213623047,85.70999908447266,81.2398910522461,8081100,0.0011680700082719042,87.57900009155273,87.91799964904786,87.93999908447266,0.013600336878754851,38.235303545955304,-0.45661584699077196,-0.20830063218572403
2024-04-12,85.4000015258789,85.51000213623047,84.52999877929688,84.80000305175781,80.37737274169922,8962400,-0.010617151352644183,87.06900024414062,87.74099998474121,87.90099914550781,0.013385977655370475,38.97218349742964,-0.6341455433225036,-0.29346961441307995
2024-04-15,85.41000366210938,85.48999786376953,82.88999938964844,83.41999816894531,79.06934356689453,8786100,-0.016273641900345304,86.56900024414062,87.5,87.80319915771484,0.013759839339421171,36.424295757622644,-0.8760948910053798,-0.40999466973154
2024-04-16,83.0199966430664,83.12999725341797,81.97000122070312,82.18000030517578,77.89400482177734,7518400,-0.014864515595627847,86.05500030517578,87.20050010681152,87.70459915161133,0.01401386232128873,34.53511883218724,-1.1545895668865995,-0.5589136491625519
2024-04-17,81.9800033569336,82.43000030517578,81.58999633789062,81.62999725341797,77.37269592285156,6989700,-0.006692663053241343,85.475,86.86949996948242,87.63039916992187,0.013993443717516853,23.07693136028152,-1.4035005727242265,-0.7278310338748868
2024-04-18,81.91000366210938,82.12000274658203,81.25,81.5999984741211,77.34425354003906,5545700,-0.00036749700240401584,84.95400009155273,86.5099998474121,87.53199920654296,0.013825676794391763,19.395297911820947,-1.5849150745326739,-0.8992478420064443
2024-04-19,81.93000030517578,82.37000274658203,81.6500015258789,81.98999786376953,77.71390533447266,4579400,0.0047794043742797054,84.43399963378906,86.15599975585937,87.44179916381836,0.01387539819931797,24.2181405704238,-1.6778761707977452,-1.0549735077647044
2024-04-22,82.26000213623047,82.86000061035156,81.75,82.6500015258789,78.33950805664062,4251400,0.008049807041171197,83.88199996948242,85.8939998626709,87.35279922485351,0.013948636936208238,30.590221448784177,-1.6789379777796114,-1.1797664017676859
2024-04-23,82.80000305175781,83.72000122070312,82.6500015258789,83.3499984741211,79.00299072265625,4777200,0.008469412405552212,83.29399948120117,85.68699989318847,87.27679916381835,0.014173278800731914,33.835188286289466,-1.6047964691132677,-1.2647724152368023
2024-04-24,83.0999984741211,83.7300033569336,82.54000091552734,83.61000061035156,79.24942779541016,4856200,0.0031194018115212607,83.09399948120117,85.51399993896484,87.20719924926757,0.014211051001446349,36.9494518788458,-1.507679202520265,-1.3133537726934947
2024-04-25,82.76000213623047,83.30999755859375,82.23999786376953,83.11000061035156,78.77550506591797,5678400,-0.005980145871905429,82.83399963378906,85.2064998626709,87.16299926757813,0.012714908911873563,33.521808473924494,-1.454294686499864,-1.3415419554547687
2024-04-26,83.2699966430664,84.05000305175781,83.05999755859375,83.23999786376953,78.89871978759766,4978900,0.0015641589756141272,82.67799911499023,84.87349967956543,87.1057992553711,0.012528072172081031,28.620999284703302,-1.3855259008949758,-1.3503387445428103
2024-04-29,83.52999877929688,84.33999633789062,83.52999877929688,84.12000274658203,79.73283386230469,5499900,0.010571899392077366,82.74799957275391,84.65849990844727,87.02739929199218,0.012544440111349671,27.48899620076523,-1.2456579340469176,-1.3294025824436317
2024-04-30,83.5199966430664,83.9000015258789,82.56999969482422,82.5999984741211,78.29209899902344,9296300,-0.018069474831569732,82.78999938964844,84.42249984741211,86.9373992919922,0.012840880207635127,33.729731602245764,-1.243133139202186,-1.3121486937953426
2024-05-01,82.5199966430664,84.23999786376953,82.37999725341797,82.72000122070312,78.40584564208984,14147700,0.0014528177820685162,82.89899978637695,84.18699989318847,86.8525993347168,0.012844082236520896,33.87273988736165,-1.2174153954887714,-1.2932020341340285
2024-05-02,83.54000091552734,84.0999984741211,82.62000274658203,83.81999969482422,79.44847869873047,12627400,0.013297853697876727,83.12099990844726,84.0375,86.77699935913085,0.013277822240241766,44.82028609379624,-1.0956433203362508,-1.2536902913744732
2024-05-03,85.47000122070312,85.8499984741211,84.3499984741211,84.45999908447266,80.05509185791016,12365700,0.007635401956318066,83.36800003051758,83.90099983215332,86.71299926757813,0.013375495428908847,55.96330194960581,-0.9366978022210475,-1.1902917935437882
2024-05-06,85.19000244140625,85.30000305175781,84.30000305175781,84.66999816894531,80.2541275024414,8851900,0.00248637327431922,83.56999969482422,83.72599983215332,86.6509992980957,0.01307644692578966,66.18982186528035,-0.7847411553384092,-1.1091816659027125
2024-05-07,85.16000366210938,85.66999816894531,85.02999877929688,85.41999816894531,80.96503448486328,6117700,0.008857919171127104,83.77699966430664,83.5354995727539,86.62379928588867,0.01291677643134938,74.01772841506964,-0.5969148233894686,-1.0067282974000638
2024-05-08,84.94999694824219,84.98999786376953,84.45999908447266,84.7699966430664,80.34890747070312,5385400,-0.00760947716942495,83.89299926757812,83.49349937438964,86.58019927978516,0.009364282007498613,68.62511475456867,-0.4948069662529804,-0.9043440311706471
2024-05-09,85.4800033569336,86.47000122070312,85.38999938964844,86.4000015258789,81.8939208984375,8093800,0.01922855901098841,84.22199935913086,83.52799949645996,86.55179931640625,0.01034780439871098,72.61536800229116,-0.27914022751710377,-0.7793032704399385
2024-05-10,86.68000030517578,86.69999694824219,85.94999694824219,86.23999786376953,81.74226379394531,5146200,-0.001851894204671356,84.52199935913086,83.59999923706054,86.50459930419922,0.010035216299366467,69.40535359917125,-0.11975330010008634,-0.6473932763719681
2024-05-13,86.58000183105469,86.97000122070312,86.05000305175781,86.43000030517578,81.92234802246094,4207700,0.002203182352884525,84.75299911499023,83.75049934387206,86.44199935913086,0.009186555150545223,67.62010593834347,0.021644097619159197,-0.5135858015737427
2024-05-14,87.06999969482422,87.48999786376953,86.63999938964844,87.06999969482422,82.52896881103516,5882100,0.007404829195749807,85.19999923706055,83.9949993133545,86.37479934692382,0.008372103590461035,68.96925577578324,0.18323296056067306,-0.3742220491468595
2024-05-15,88.48999786376953,88.73999786376953,88.0999984741211,88.4000015258789,83.78961181640625,6438100,0.01527508712204284,85.76799926757812,84.33349952697753,86.35519943237304,0.00848384473893601,76.58286617761962,0.4138428088119781,-0.216609077555092
2024-05-16,88.56999969482422,88.7300033569336,88.1500015258789,88.33000183105469,83.72325897216797,4169700,-0.0007918517377369927,86.21899948120117,84.66999969482421,86.32879943847657,0.008495932723745889,75.73302579254111,0.5842198617429659,-0.056443289695480445
2024-05-17,88.26000213623047,88.54000091552734,87.97000122070312,88.33999633789062,83.73273468017578,4138500,0.00011314962785857752,86.60699920654297,84.98749961853028,86.29879943847656,0.00853750715894456,73.39239480626692,0.7118456631687877,0.0972145008773732
2024-05-20,88.19000244140625,88.38999938964844,87.69000244140625,87.72000122070312,83.14507293701172,3240500,-0.007018283256613356,86.91199951171875,85.24099960327149,86.23619949340821,0.00880086771665041,81.52709984449946,0.7542668866963282,0.22862497804116422
2024-05-21,87.61000061035156,87.91999816894531,87.41000366210938,87.75,83.17351531982422,2763100,0.000341983343358665,87.14499969482422,85.46099967956543,86.1827995300293,0.008723198691182705,81.32004697351469,0.7813003190142922,0.3391600462357898
2024-05-22,87.45999908447266,87.80000305175781,86.73999786376953,86.94000244140625,82.40575408935547,3796900,-0.009230741408475795,87.3620002746582,85.62749977111817,86.11759963989257,0.009113743144253113,70.15506206524022,0.7289614613811324,0.41712032926485837
2024-05-23,86.97000122070312,87.01000213623047,85.02999877929688,85.08000183105469,80.64276123046875,5336100,-0.021394071291924832,87.23000030517578,85.72599983215332,86.02439971923827,0.010386437170354427,53.45983710900414,0.5312718637045322,0.4399506361527932
2024-05-24,85.62999725341797,85.73999786376953,85.0,85.08999633789062,80.65223693847656,4392400,0.00011747186907418161,87.1150001525879,85.81849975585938,85.95939971923828,0.01038897618224511,52.39725132600006,0.3711297536632685,0.42618645965488827
2024-05-28,85.75,85.87000274658203,84.5,84.56999969482422,80.15935516357422,3709500,-0.006111137212904683,86.92900009155274,85.84099960327148,85.88599975585937,0.010261722504878277,45.017588768947164,0.19995167593718577,0.3809395029113478
2024-05-29,83.7699966430664,83.88999938964844,83.38999938964844,83.77999877929688,79.41056060791016,4983800,-0.009341384869080094,86.6,85.89999961853027,85.79819976806641,0.009603099829108763,44.2906635292544,0.000539129745760647,0.3048594282782304
2024-05-30,84.33000183105469,85.04000091552734,84.23999786376953,85.0,80.56692504882812,4901000,0.014561962741453272,86.2599998474121,86.01399955749511,85.73319976806641,0.010088473455602558,41.525401028769146,-0.05837988034521402,0.23221156655354155
2024-05-31,85.7300033569336,86.69000244140625,85.13999938964844,86.66999816894531,82.14984130859375,5354000,0.019647037281709467,86.09399948120117,86.15649948120117,85.69079971313477,0.010570658021855884,52.20061987972553,0.029343026996173194,0.1916378586420679
2024-06-03,86.83000183105469,86.9800033569336,85.94000244140625,86.43000030517578,81.92234802246094,5413700,-0.0027690996750883157,85.90299987792969,86.25499954223633,85.6379997253418,0.010520441001522792,50.0,0.0785922783504418,0.1690287425837427
2024-06-04,86.02999877929688,87.48999786376953,86.02999877929688,87.19999694824219,82.65219116210938,4294400,0.00890890478245554,85.85099945068359,86.38149948120117,85.62419967651367,0.01065869323254676,50.653254232791454,0.17770646927603195,0.17076428792220055
2024-06-05,87.08999633789062,87.25,86.5199966430664,86.98999786376953,82.4531478881836,3256000,-0.00240824646584914,85.77499923706054,86.45999946594239,85.61419967651368,0.010548002976071648,42.015808364193745,0.23658282899739902,0.18392799613724026
2024-06-06,86.79000091552734,87.25,86.27999877929688,87.12999725341797,82.58584594726562,4098000,0.001609373411730397,85.79399871826172,86.57799949645997,85.61539962768555,0.010353268770856025,43.25837928844091,0.2911829729220301,0.20537899149419825
2024-06-07,86.02999877929688,86.66999816894531,85.7699966430664,86.43000030517578,81.92234802246094,5987600,-0.008033937453323259,85.92899856567382,86.57949943542481,85.55879959106446,0.00965712667351012,40.04170322925559,0.2748023265881301,0.21926365851298463
2024-06-10,86.26000213623047,87.06999969482422,85.58999633789062,86.66999816894531,82.14984130859375,3305500,0.00277678888027455,86.0869987487793,86.60099945068359,85.49419952392579,0.009664316396269136,44.29964296660785,0.2779819651561297,0.23100731984161366
2024-06-11,85.80000305175781,86.30999755859375,85.55999755859375,85.87999725341797,81.91708374023438,3129100,-0.009115044793094329,86.21799850463867,86.5734992980957,85.44339950561523,0.00987564725391268,40.62183144128529,0.21428523327810467,0.22766290252891186
2024-06-12,88.02999877929688,88.2699966430664,86.5,86.62000274658203,82.62294006347656,7425200,0.0086167386682654,86.50199890136719,86.55099945068359,85.42939956665039,0.009928810770626238,48.38383768325022,0.22097016663714442,0.2263243553505584
2024-06-13,86.91999816894531,87.30000305175781,86.33000183105469,87.12999725341797,83.10941314697266,4051500,0.005887722127278172,86.71499862670899,86.48749923706055,85.42339950561524,0.009363956706361313,61.9883051372268,0.2643727939835685,0.23393404307716043
2024-06-14,86.80999755859375,87.31999969482422,86.33000183105469,87.05999755859375,83.04264068603516,3743500,-0.000803393745332337,86.75399856567383,86.4239990234375,85.42839950561523,0.009363964212299701,61.44021238285625,0.28978088483614783,0.24510341142895792
2024-06-17,86.54000091552734,87.13999938964844,86.16000366210938,86.75,82.7469482421875,4547500,-0.003560734749448069,86.78599853515625,86.34449920654296,85.41959945678711,0.009383555389917399,62.97621350713849,0.28165601248427663,0.2524139316400217
2024-06-18,86.91000366210938,87.3499984741211,86.7699966430664,87.0,82.98541259765625,3567900,0.0028818443804035088,86.76599884033203,86.30849914550781,85.3961994934082,0.009302700106332992,70.48350649955738,0.292023636567734,0.2603358726255642
2024-06-20,86.80000305175781,87.08000183105469,86.5199966430664,86.7699966430664,82.76602172851562,3613600,-0.0026437167463631006,86.74399871826172,86.25949897766114,85.34699935913086,0.009314606921232094,62.88209509996524,0.2784706681419209,0.2639628317288355
2024-06-21,86.91999816894531,87.19999694824219,86.41000366210938,87.12999725341797,83.10941314697266,3341900,0.004148906583832712,86.74399871826172,86.26899871826171,85.37739929199219,0.009134814739830504,54.13668990708862,0.29339678808544534,0.26984962300015747
2024-06-24,87.19000244140625,88.58999633789062,86.94999694824219,87.6500015258789,83.60540771484375,4135100,0.0059681428767695,86.86599884033203,86.39749870300292,85.41619934082031,0.007670129761580974,60.4452224805999,0.34322931076646057,0.2845255605534181
2024-06-25,87.58000183105469,87.58999633789062,86.1500015258789,86.58999633789062,82.59432983398438,3915400,-0.01209361288687838,86.85799865722656,86.47249870300293,85.45199920654296,0.008251377220559025,45.02446880538463,0.29380162196459025,0.28638077283565255
2024-06-26,86.13999938964844,86.61000061035156,85.87999725341797,86.33999633789062,82.3558578491211,2950900,-0.0028871695412071574,86.90399856567383,86.56099853515624,85.51039916992187,0.008137778125434283,44.73256957024416,0.2317850381800497,0.275461625904532
2024-06-27,86.63999938964844,87.18000030517578,86.25,87.06999969482422,83.05216979980469,2865900,0.008454984803065502,86.94899826049804,86.72549858093262,85.60819915771485,0.007909480683374253,49.556231716566145,0.23878900769761913,0.2681271022631494
2024-06-28,87.5199966430664,88.19999694824219,87.0999984741211,87.73999786376953,83.69125366210938,5015700,0.007694937076991204,87.0099983215332,86.8624984741211,85.73039916992188,0.007470376441262376,59.73250683583565,0.29500235333014757,0.2735021524765491
2024-07-01,87.4800033569336,87.87000274658203,86.37999725341797,86.93000030517578,82.91864013671875,5124100,-0.009231793689480128,86.9969985961914,86.87549858093261,85.83699920654297,0.006533583885412863,51.78083394385819,0.2710671083016365,0.27301514364156654
2024-07-02,87.18000030517578,87.45999908447266,86.81999969482422,87.26000213623047,83.2334213256836,2963200,0.0037961788783640316,87.04799880981446,86.91699867248535,85.94239929199219,0.0065430611104103946,60.08773788835671,0.2755502719867735,0.27352216931060797
2024-07-03,87.58999633789062,87.91999816894531,87.20999908447266,87.22000122070312,83.19524383544922,2833000,-0.0004584106640851404,87.06999893188477,86.91799888610839,86.03379928588868,0.006237458300479727,54.88597547413402,0.27273159190330887,0.27336405382914813
2024-07-05,87.41999816894531,87.66999816894531,86.91999816894531,87.47000122070312,83.43373107910156,3871800,0.0028663150252359326,87.13999938964844,86.94199905395507,86.11619934082032,0.006240448093689706,52.89118404577627,0.2873581919301813,0.2761628814493548
2024-07-08,87.52999877929688,87.93000030517578,87.37000274658203,87.77999877929688,83.72940826416016,3107200,0.0035440442925291915,87.20499954223632,86.97449913024903,86.19959930419923,0.006276804528951455,55.88235294117647,0.3202721915891402,0.2849847434773119
2024-07-09,87.55000305175781,88.05999755859375,86.9000015258789,87.76000213623047,83.71034240722656,2348900,-0.00022780409369427268,87.21599960327148,87.04099922180175,86.2925993347168,0.0059600977540311744,58.66209688922739,0.3408145139082279,0.2961506975634951
2024-07-10,88.20999908447266,88.47000122070312,87.55000305175781,88.44000244140625,84.35895538330078,3444700,0.007748408028981357,87.40100021362305,87.1294994354248,86.39659942626953,0.0061484307595844,61.501599001599004,0.4072700384866863,0.3183745657481334
2024-07-11,89.8499984741211,91.2300033569336,89.69999694824219,90.87999725341795,86.68637084960938,7488300,0.027589266674073798,87.85500030517578,87.3794994354248,86.53179931640625,0.008122167849643657,74.26210164117526,0.6493385394594924,0.3845673604904052
2024-07-12,91.4800033569336,92.1999969482422,91.2300033569336,91.63999938964844,87.41130065917969,5344800,0.008362699815133379,88.3120002746582,87.63049926757813,86.7125993347168,0.008112892103502963,75.42277756322203,0.892220429556744,0.48609797430367296
2024-07-15,91.79000091552734,92.25,91.41999816894533,92.05999755859376,87.81192779541016,4012600,0.004583131511814109,88.74400024414062,87.87699928283692,86.89939926147461,0.008092416987973573,75.14251836231551,1.1058488819470256,0.6100481558323435
2024-07-16,92.66000366210938,93.19000244140624,92.16000366210938,93.19000244140624,88.88977813720703,4809900,0.012274656884422086,89.37000045776367,88.18349952697754,87.08679931640626,0.008312451493004417,87.3303667289216,1.3507621742498372,0.7581909595158423
2024-07-17,93.08999633789062,94.37000274658205,93.08999633789062,93.8000030517578,89.47164154052734,6270100,0.006545773091218621,90.02400054931641,88.53599967956544,87.27359939575196,0.008170415911533292,90.54352819808567,1.5759135240393505,0.921735472420544
2024-07-18,93.23999786376952,94.87999725341795,92.8000030517578,93.0999984741211,88.80392456054688,5090200,-0.007462735126463116,90.6120002746582,88.84099960327148,87.44219940185548,0.008559485942359318,82.87895301723071,1.6785142047291828,1.0730912188822717
2024-07-19,93.20999908447266,93.4499969482422,92.45999908447266,92.91000366210938,88.62269592285156,3812800,-0.002040760635077077,91.15600051879883,89.14799995422364,87.59199951171875,0.008538007524896658,79.74688656426835,1.724614705112245,1.2033959161282664
2024-07-22,93.08999633789062,93.87999725341795,92.48999786376952,93.80999755859376,89.48115539550781,4144000,0.009686727596712297,91.75900039672851,89.48199996948242,87.7727995300293,0.008650621532784458,89.17997829356877,1.81287398684006,1.3252915302706252
2024-07-23,93.58000183105467,94.25,93.1999969482422,93.69000244140624,89.36670684814453,4054000,-0.0012791293072209609,92.3520004272461,89.78400001525878,87.91859954833984,0.008703809299025363,87.51465567509567,1.8517912040666573,1.4305914650298317
2024-07-24,93.54000091552734,94.1500015258789,92.16000366210938,92.1999969482422,87.94544219970703,4693500,-0.015903569797597994,92.72799987792969,90.06450004577637,88.0377995300293,0.009093132298523201,74.85030532839946,1.7423180305978718,1.4929367781434397
2024-07-25,92.86000061035156,93.66999816894533,91.6999969482422,91.88999938964844,87.64977264404297,6443500,-0.00336222959712007,92.82900009155273,90.34200019836426,88.14699951171875,0.009110426736860239,71.92462329814322,1.61196382413938,1.516742187342628
2024-07-26,92.31999969482422,93.73999786376952,92.26000213623048,93.44000244140624,89.12824249267578,4575600,0.016868027664090013,93.00900039672851,90.66050033569336,88.27439956665039,0.00955137926119287,75.00003369876268,1.6151114690868837,1.536416043691479
2024-07-29,93.72000122070312,94.3000030517578,92.7300033569336,94.04000091552734,89.7005615234375,5905300,0.006421216378898809,93.20700073242188,90.97550048828126,88.38719955444336,0.009526710254012916,76.38656302652466,1.6470348701113977,1.558539808975463
2024-07-30,94.33999633789062,94.86000061035156,94.0199966430664,94.68000030517578,90.31101989746094,3982000,0.006805608075475478,93.35600051879882,91.36300048828124,88.51419952392578,0.009060792636551109,76.30692055968653,1.7043305359560037,1.5876979543715712
2024-07-31,94.43000030517578,95.5,94.12000274658205,94.43000030517578,90.07254791259766,6431000,-0.0026404731642817314,93.41900024414062,91.72150039672852,88.63599960327149,0.009193636711843312,68.35575865545906,1.7098547124900136,1.6121293059952597
2024-08-01,95.1999969482422,95.91999816894533,94.56999969482422,95.5199966430664,91.11224365234376,11377200,0.011542903043185504,93.66100006103515,92.13650016784668,88.79199951171876,0.00927886007959626,69.40000106811604,1.7816485220564857,1.646033149207505
2024-08-02,95.1999969482422,96.48999786376952,94.69000244140624,95.61000061035156,91.19810485839844,10929000,0.0009422526219455829,93.93099975585938,92.5435001373291,88.94919952392578,0.00930766803754779,68.35575865545896,1.8247733500523253,1.6817811893764694
2024-08-05,93.91999816894533,95.44000244140624,92.68000030517578,92.9000015258789,88.6131591796875,12392800,-0.0283443056915873,93.84000015258789,92.7995002746582,89.06839950561523,0.011861050566533771,48.711106168013686,1.6215832074124705,1.6697415929836696
2024-08-06,92.80999755859376,95.73999786376952,92.48999786376952,94.83999633789062,90.46363067626952,9250800,0.020882613349272106,93.95499954223632,93.15349998474122,89.26359939575195,0.012490171132073095,54.13352303739988,1.5986664914031081,1.6555265726675574
2024-08-07,95.1500015258789,96.27999877929688,93.9800033569336,94.01000213623048,89.67193603515625,7478500,-0.008751520810935998,94.13600006103516,93.43199996948242,89.44199951171875,0.012768659412798599,53.57987949015625,1.4962830141533345,1.623677860964713
2024-08-08,94.22000122070312,95.16999816894533,93.8000030517578,95.01000213623048,90.62579345703124,6434600,0.010637166017195554,94.44800033569337,93.63850021362305,89.65079956054687,0.011565992378291782,57.7662772397129,1.4787884605912325,1.5946999808900169
2024-08-09,95.4000015258789,95.66000366210938,94.43000030517578,95.44000244140624,91.03594970703124,4156500,0.004525842495605836,94.64800033569335,93.82850036621093,89.88399963378906,0.01149151721715785,56.24523527788551,1.482531630029925,1.5722663107179986
2024-08-12,95.1500015258789,95.1500015258789,94.13999938964844,94.79000091552734,90.41593933105467,3658300,-0.0068105774230040605,94.72300033569336,93.96500053405762,90.07979965209961,0.011643176483660658,54.05006974887603,1.4167173917134193,1.5411565269170828
2024-08-13,95.45999908447266,95.68000030517578,94.94000244140624,95.5199966430664,91.11224365234376,3203000,0.007701189160126631,94.80699996948242,94.08150024414063,90.25679962158203,0.01146451990632767,62.94853247049258,1.4072418796541655,1.5143735974644994
2024-08-14,95.75,96.3000030517578,95.30999755859376,95.9000015258789,91.47472381591795,4231500,0.003978275713644397,94.95400009155273,94.18650016784667,90.44619964599609,0.011416943322880116,65.55471179041118,1.4140948807477258,1.4943178541211448
2024-08-15,95.97000122070312,96.0999984741211,95.29000091552734,95.61000061035156,91.19810485839844,5084500,-0.003023992814526588,94.96300048828125,94.3120002746582,90.61439971923828,0.011282653627421087,59.329321173524036,1.3802150236052029,1.4714972880179564
2024-08-16,95.54000091552734,95.9499969482422,95.1999969482422,95.63999938964844,91.22672271728516,4700100,0.0003137619402298064,94.96600036621093,94.44850006103516,90.78739974975586,0.011257207896617194,57.23327274420469,1.3403350948636046,1.445264849387086
2024-08-19,95.69000244140624,96.38999938964844,95.62000274658205,96.37000274658205,91.92303466796876,3101400,0.007632824776163893,95.31300048828125,94.57650032043458,90.97219985961914,0.011187838670358056,57.57849043280254,1.3520495484554687,1.4266217892007627
2024-08-20,96.54000091552734,96.62999725341795,95.91000366210938,96.3499984741211,91.9039535522461,3944000,-0.0002075777927863509,95.4640007019043,94.70950012207031,91.17059982299804,0.011176859433255084,58.791201881358724,1.3442237846806364,1.4101421882967373
2024-08-21,96.3000030517578,96.8000030517578,95.88999938964844,96.69000244140624,92.228271484375,3571700,0.0035288424771118265,95.73200073242188,94.93400039672852,91.37099990844726,0.010406002122832134,55.752237616869536,1.3498965223079438,1.3980930550989787
2024-08-22,96.75,97.11000061035156,96.48999786376952,97.05999755859376,92.58119201660156,2741000,0.003826611933449353,95.9370002746582,95.19250030517578,91.59459991455078,0.010319120493754115,56.93778646742146,1.3684728187168531,1.3921690078225537
2024-08-23,97.44000244140624,99.2300033569336,97.3499984741211,99.13999938964844,94.56521606445312,6437900,0.021430062676428552,96.30699996948242,95.4775001525879,91.84499984741211,0.010690399247830829,81.77188420412293,1.5333578372556502,1.420406773709173
2024-08-26,99.52999877929688,99.6999969482422,98.8499984741211,98.98999786376952,94.42213439941406,3571700,-0.001513027302828318,96.72699966430665,95.725,92.08219985961914,0.010704728855156886,75.84058663631376,1.6331011592628641,1.4629456508199112
2024-08-27,98.25,99.27999877929688,98.1999969482422,99.20999908447266,94.6319808959961,3713000,0.002222459091330675,97.09599990844727,95.95149993896484,92.32519989013672,0.010659434970123638,85.04034729105557,1.7101867521250256,1.5123938710809341
2024-08-28,99.20999908447266,99.4800033569336,98.30999755859376,98.86000061035156,94.29813385009766,2873900,-0.0035278548266398646,97.39199981689453,96.17299995422363,92.56739990234375,0.010683312132139015,78.43420757551324,1.7231720334731904,1.5545495035593855
2024-08-29,98.75,98.91000366210938,98.08000183105467,98.52999877929688,93.98336791992188,5013900,-0.0033380723145588487,97.68399963378906,96.32350006103516,92.79799987792968,0.01052636195276506,73.16334420739096,1.6873834664285141,1.5811162961332115
2024-08-30,99.01000213623048,99.52999877929688,98.25,99.52999877929688,94.9372100830078,4101900,0.010149193264885392,98.0729995727539,96.51949996948242,93.0531999206543,0.010695800112899412,83.76061130691714,1.7198866293829411,1.6088703627831573
2024-09-03,98.8000030517578,99.98999786376952,98.8000030517578,99.52999877929688,94.9372100830078,7191100,0.0,98.3889991760254,96.85099983215332,93.30119995117188,0.007989918848710344,81.87592865503431,1.7257522228158138,1.6322467347896887
2024-09-04,99.8000030517578,100.7300033569336,99.25,99.80999755859376,95.20429229736328,6448200,0.0028132099139051014,98.73499908447266,97.09949989318848,93.54439987182617,0.006860671046899016,81.58311527762174,1.7330171661864426,1.6524008210690395
2024-09-05,100.48999786376952,100.58999633789062,99.27999877929688,99.48999786376952,94.89906311035156,7729800,-0.003206088594846279,99.01499862670899,97.37349967956543,93.80239990234375,0.006480141788888509,81.18964415426012,1.6934325488277437,1.6606071666207805
2024-09-06,99.61000061035156,99.77999877929688,98.62000274658205,99.4000015258789,94.813232421875,9306300,-0.00090457673960187,99.2489990234375,97.59299964904785,94.06360000610351,0.0062609964432678265,79.9362921909335,1.6359413880588107,1.6556740109083865
2024-09-09,99.3499984741211,100.7699966430664,99.30999755859376,100.61000061035156,95.96737670898438,5657300,0.012173028831972799,99.39599914550782,97.85149955749512,94.33440002441407,0.006628141564254572,81.36092103466251,1.668779392621616,1.6582950872510325
2024-09-10,100.91999816894533,102.1999969482422,100.69000244140624,102.1999969482422,97.4840087890625,5856100,0.015803561556951617,99.71699905395508,98.22199935913086,94.62360000610352,0.0068522724765329715,85.11406090147794,1.802327059702023,1.6871014817412306
2024-09-11,101.18000030517578,101.95999908447266,100.01000213623048,101.83999633789062,97.140625,4270200,-0.0035225109696812584,99.97999877929688,98.53799934387207,94.92179992675781,0.00697383886230338,80.83832061766155,1.8577010856805316,1.721221402529091
2024-09-12,102.02999877929688,102.27999877929688,101.12000274658205,102.1999969482422,97.4840087890625,4537700,0.003534962915327844,100.31399841308594,98.85299911499024,95.22059982299805,0.006972044356494476,80.81535759372052,1.9086329087324287,1.7587037037697586
2024-09-13,102.79000091552734,103.1500015258789,102.5500030517578,103.13999938964844,98.38063049316406,4797000,0.009197675826568608,100.77499847412109,99.22949905395508,95.53899978637695,0.006932449778714453,77.77778955153943,2.0017719060649455,1.807317344228796
2024-09-16,103.5999984741211,103.93000030517578,103.1500015258789,103.61000061035156,98.8289566040039,4680400,0.004556924796242479,101.18299865722656,99.62799911499023,95.86179977416992,0.0068842486790653785,80.71811708082171,2.0894248143893606,1.8637388382609088
2024-09-17,103.6999969482422,103.94000244140624,102.48999786376952,102.76000213623048,98.01817321777344,5279000,-0.00820382655259011,101.50599899291993,99.94749908447265,96.1613998413086,0.00734377479060533,71.77917613710825,2.066481490333146,1.9042873686753563
2024-09-18,102.93000030517578,104.04000091552734,102.41999816894533,102.56999969482422,97.83694458007812,6219100,-0.001848992190116694,101.78199920654296,100.25849914550781,96.45759979248047,0.0073933433989521935,73.21652112884497,2.0097994150164453,1.9253897779435742
2024-09-19,103.47000122070312,103.47000122070312,101.9000015258789,102.45999908447266,97.73200225830078,6329900,-0.0010724442885721164,102.07899932861328,100.54699897766113,96.7379997253418,0.007452568891110226,75.2895881794409,1.9337117071474808,1.9270541637843557
2024-09-20,102.06999969482422,102.37999725341795,101.72000122070312,102.2699966430664,97.55078125,6514900,-0.001854406042397172,102.36599884033203,100.80749893188477,96.96579971313477,0.007524454637007759,69.68389528873848,1.8369053400479771,1.90902439903708
2024-09-23,102.7699966430664,103.26000213623048,102.61000061035156,103.16999816894533,98.40924835205078,4126500,0.008800249881888877,102.6219985961914,101.00899887084961,97.1963996887207,0.0062943178491496445,73.15521060427506,1.8119214950680629,1.8896038182432768
2024-09-24,102.66000366210938,103.5500030517578,102.33999633789062,103.1999969482422,98.43785095214844,4173100,0.00029077037733160616,102.72199859619141,101.21949882507325,97.41919967651367,0.006253928974913987,72.27331877632926,1.774091644556833,1.8665013835059883
2024-09-25,102.69000244140624,102.87000274658205,101.63999938964844,101.88999938964844,97.8644561767578,3969100,-0.012693775167946675,102.72699890136718,101.35349884033204,97.59319961547851,0.007074533185566578,63.9534997192205,1.6197340744444801,1.8171479216936868
2024-09-26,101.98999786376952,102.08999633789062,100.66000366210938,100.9499969482422,96.96159362792967,5236800,-0.009225659505713302,102.60199890136718,101.45799865722657,97.73619949340821,0.007389334447922175,58.20103000812998,1.4053541985526152,1.7347891770654726
2024-09-27,101.76000213623048,101.97000122070312,101.0,101.1500015258789,97.1536865234375,4384500,0.001981224206863974,102.40299911499024,101.58899879455566,97.89719955444336,0.007317611438368071,53.199053739257614,1.2373321059866527,1.6352977628497087
2024-09-30,100.88999938964844,101.9800033569336,100.6500015258789,101.87000274658205,97.84524536132812,5498600,0.007118153335063715,102.22899932861328,101.70599899291992,98.07639953613281,0.007155114382386058,47.820386064741896,1.149026209405747,1.5380434521609165
2024-10-01,102.16000366210938,102.31999969482422,100.8000030517578,101.26000213623048,97.25933837890624,10335000,-0.0059880297821237605,102.07899932861329,101.7924991607666,98.22539962768555,0.007330524950633312,46.29160426737962,1.0180853447698013,1.4340518306826935
2024-10-02,100.38999938964844,100.95999908447266,100.16000366210938,100.91999816894533,96.9327621459961,5577200,-0.003357732175708783,101.9139991760254,101.84799919128417,98.36999954223633,0.007374938350996577,41.79489888141601,0.8767714124679458,1.322595747039744
2024-10-03,100.5199966430664,100.77999877929688,99.62999725341795,99.91999816894533,95.9722900390625,4147200,-0.009908838863888492,101.65999908447267,101.86949920654297,98.52439956665039,0.00770107690468781,29.516573030436106,0.6762915918614567,1.1933349160040865
2024-10-04,99.41000366210938,99.66999816894533,98.48999786376952,99.36000061035156,95.43441009521484,5790600,-0.00560445925596309,101.36899948120119,101.8674991607666,98.67379959106445,0.007808915059408865,23.27048129409698,0.4668413107365126,1.0480361949505717
2024-10-07,98.87000274658205,98.87000274658205,98.0500030517578,98.5,94.60839080810548,5101400,-0.008655400614620778,100.90199966430666,101.76199913024902,98.77499954223633,0.007483358424640876,23.241240828688817,0.2288179214426549,0.8841925402489884
2024-10-08,98.93000030517578,99.16999816894533,98.38999938964844,98.7300033569336,94.82929229736328,5238200,0.002335059461254785,100.45500030517579,101.5884994506836,98.86879959106446,0.006418830995425959,26.0000686644199,0.05807259452686253,0.7189685511045633
2024-10-09,98.54000091552734,98.87000274658205,98.19000244140624,98.8000030517578,94.8965301513672,3079700,0.0007090012401917978,100.14600067138673,101.43649978637696,98.9511996459961,0.006425541615410259,27.01011659725779,-0.07078000896279946,0.5610188390910907
2024-10-10,98.3499984741211,99.04000091552734,97.73999786376952,98.01000213623048,94.1377410888672,3391600,-0.007995960436493754,99.85200119018556,101.22700004577636,99.02279968261719,0.006467693091356703,25.11689177506159,-0.23394630969947627,0.4020258093329774
2024-10-11,98.54000091552734,99.11000061035156,98.33999633789062,99.11000061035156,95.19427490234376,3757000,0.011223328743449335,99.64800109863282,101.02550010681152,99.0945997619629,0.0066662586258522515,26.82652378696227,-0.27136793416784144,0.2673470606328136
2024-10-14,98.75,99.86000061035156,98.55999755859376,99.76000213623048,95.818603515625,3193300,0.006558384843870391,99.43700103759765,100.83300018310547,99.17759979248046,0.006783386623954691,31.663165120862246,-0.24574238507246093,0.16472917149175872
2024-10-15,100.13999938964844,101.75,100.13999938964844,100.94000244140624,96.95198822021484,6918700,0.01182839093732535,99.40500106811524,100.74200019836425,99.33839981079102,0.007261010153237799,44.86488983172458,-0.12873382642163733,0.10603657190907952
2024-10-16,101.18000030517578,102.0999984741211,100.88999938964844,101.9800033569336,97.95089721679688,4237900,0.010303159207184054,99.51100158691406,100.71250038146972,99.48119995117187,0.007671454927087344,55.50804757144893,0.04736963389014193,0.094303184305292
2024-10-17,101.51000213623048,101.6999969482422,100.87000274658205,101.19000244140624,97.19210815429688,3736000,-0.007746625706240962,99.63800201416015,100.64900054931641,99.62479995727539,0.007851682558919118,50.20121164486962,0.12178258948959808,0.09979906534215323
2024-10-18,101.48999786376952,101.97000122070312,101.0500030517578,101.94000244140624,97.9124755859375,3713600,0.007411799406115138,99.89600219726563,100.6325008392334,99.7633999633789,0.00804442751464986,50.35105131738928,0.23852456223004026,0.12754416471973062
2024-10-21,101.37999725341795,101.83000183105467,99.77999877929688,99.9000015258789,95.9530792236328,6073600,-0.02001178013214089,100.03600234985352,100.46900100708008,99.85259994506836,0.00889566353994124,44.035089832702155,0.16453572638938851,0.1349424770536622
2024-10-22,99.66000366210938,100.44000244140624,99.44000244140624,100.01000213623048,96.05872344970705,5405900,0.0011011071939082129,100.1640022277832,100.30950126647949,99.95699996948242,0.008906430647258908,45.92660895104417,0.113467191711635,0.13064741998525675
2024-10-23,99.83000183105467,101.08000183105467,99.66999816894533,100.91000366210938,96.92317199707033,5452700,0.00899911515503149,100.37500228881837,100.26050148010253,100.06480010986328,0.008795661041325972,54.47156656797389,0.14395815160162329,0.13330956630853008
2024-10-24,101.0500030517578,101.7300033569336,100.97000122070312,101.16000366210938,97.16329193115234,3491500,0.0024774550681527785,100.69000244140625,100.2710018157959,100.17000015258789,0.008567171670150071,58.36431885735035,0.1861495514971665,0.14387756334625737
2024-10-25,101.76000213623048,102.18000030517578,100.1500015258789,100.1999969482422,96.24121856689452,4394800,-0.009489982988471923,100.79900207519532,100.22350158691407,100.2618000793457,0.008817665384894487,57.82686217371402,0.14050239701570888,0.1432025300801477
2024-10-28,100.98999786376952,101.45999908447266,100.29000091552734,100.45999908447266,96.4909439086914,4458800,0.0025948317779367347,100.86900177001954,100.15300140380859,100.35820007324219,0.008670527048813473,57.94303673313835,0.12387870112961252,0.13933776429004066
2024-10-29,100.18000030517578,100.5500030517578,99.26000213623048,99.52999877929688,95.59768676757812,7021200,-0.009257419009070289,100.72800140380859,100.06650123596191,100.42139999389649,0.00880600990334458,53.10636076405535,0.035254656348683966,0.11852114270176933
2024-10-30,99.58999633789062,100.7300033569336,99.52999877929688,100.01000213623048,96.05872344970705,6237600,0.004822700319709661,100.53100128173828,100.02100143432617,100.49460006713868,0.008871881131160017,58.741245216630475,0.0037089670437921995,0.0955587075701739
2024-10-31,99.22000122070312,99.7699966430664,98.23999786376952,98.30999755859376,94.42588806152344,7701000,-0.016998345578685514,100.24300079345703,99.9405014038086,100.52699996948242,0.009397234172551594,46.677734758667064,-0.1566614848104706,0.045114669094045004
2024-11-01,98.93000030517578,99.0999984741211,97.16000366210938,97.1999969482422,93.35974884033205,9487500,-0.011290821258438055,99.76900024414063,99.83250122070312,100.52979995727539,0.009634241616125375,39.75999799805051,-0.3690695913931705,-0.0377221830033981
2024-11-04,97.68000030517578,98.52999877929688,97.5500030517578,98.25,94.36825561523438,3926900,0.010802500871650356,99.60400009155273,99.82000122070312,100.51199996948242,0.009807146535306899,39.12693263203085,-0.44751935063946746,-0.11968161653061199
2024-11-05,97.72000122070312,99.5999984741211,97.47000122070312,99.58999633789062,95.6553192138672,5125600,0.013638639571405875,99.56199951171875,99.86300086975098,100.52399993896485,0.01026857648127762,40.56825948328549,-0.39698860684811166,-0.17514301459411194
2024-11-06,99.30999755859376,99.30999755859376,96.05999755859376,97.08000183105467,93.2444839477539,10360500,-0.02520327943702294,99.17899932861329,99.77700080871583,100.48139999389649,0.011764446061320767,35.719261895269,-0.5531023881056569,-0.25073488929642096
2024-11-07,97.62999725341795,98.56999969482422,97.33999633789062,98.27999877929688,94.39708709716795,7768300,0.012360907762759554,98.89099884033203,99.79050064086914,100.46979995727538,0.011988641740155305,37.66846090966581,-0.573384341788298,-0.3152647797947964
2024-11-08,98.73999786376952,100.16000366210938,98.58000183105467,99.88999938964844,95.94346618652344,7286700,0.01638177279557218,98.85999908447266,99.82950057983399,100.49699996948242,0.012289843051829546,49.96529448857418,-0.45430736972485875,-0.34307329778080886
2024-11-11,99.66000366210938,100.37000274658205,99.18000030517578,99.2300033569336,95.3095474243164,3711500,-0.006607228318626257,98.73699951171875,99.80300064086914,100.49100006103515,0.012298827464369055,47.39305337819846,-0.4084854099518509,-0.3561557202150173
2024-11-12,98.91999816894533,99.33000183105467,97.88999938964844,97.88999938964844,94.02249145507812,7729300,-0.013504020174877174,98.5729995727539,99.65050048828125,100.45820007324218,0.01229994934629087,40.19479715235495,-0.47482481310454716,-0.37988953879292325
2024-11-13,99.01000213623048,99.41000366210938,98.43000030517578,98.55999755859376,94.66600036621094,4801500,0.006844398540431174,98.42799911499023,99.47950019836426,100.43320007324219,0.012149234171409078,41.78253824340752,-0.4679418726034186,-0.3975000055550223
2024-11-14,98.54000091552734,98.54000091552734,97.55999755859376,97.69000244140624,93.83039855957033,6714800,-0.008827061066740804,98.36599960327149,99.30450019836425,100.39720016479492,0.012180208524232346,42.02163004265278,-0.5266179043784405,-0.423323585319706
2024-11-15,97.26000213623048,97.98999786376952,96.95999908447266,97.8000030517578,93.93603515625,6786300,0.0011260170703499828,98.42600021362304,99.09750022888184,100.3652001953125,0.012013002231214627,41.463424189107194,-0.5578128332410301,-0.4502214349039708
2024-11-18,97.38999938964844,98.62000274658205,97.18000030517578,98.5999984741211,94.70442962646484,4726100,0.008179912038856596,98.46100006103515,99.03250007629394,100.32500015258789,0.011428298655655126,46.99028819378776,-0.5120791645176013,-0.4625929808266969
2024-11-19,98.3000030517578,99.31999969482422,97.88999938964844,99.12000274658205,95.20389556884766,5340800,0.005273877084262191,98.4140007019043,98.98800010681153,100.26340026855469,0.011498716556669878,47.12717898403394,-0.42893046028420656,-0.45586047671819885
2024-11-20,98.52999877929688,99.06999969482422,98.12999725341795,98.91000366210938,95.002197265625,4329700,-0.002118634772534933,98.59700088500976,98.88800010681152,100.20480041503906,0.011288045540041397,52.14288127668241,-0.37564943139506113,-0.43981826765357135
2024-11-21,99.0500030517578,99.93000030517578,98.62999725341795,99.62000274658205,95.68413543701172,3826200,0.007178233325095595,98.73100128173829,98.81100006103516,100.15320053100587,0.011411209616933262,58.897091121449385,-0.2729860267360209,-0.4064518194700613
2024-11-22,99.9800033569336,100.52999877929688,99.93000030517578,100.36000061035156,96.3948974609375,3402700,0.0074282056150103415,98.77800140380859,98.81900024414062,100.09760055541992,0.01135259860215747,57.93831489416416,-0.13040961484504976,-0.35124337854505905
2024-11-25,100.94000244140624,102.2300033569336,100.94000244140624,101.76000213623048,97.73959350585938,5112800,0.013949795908376306,99.03100128173828,98.88400039672851,100.0606005859375,0.011758439989929807,58.12737275896967,0.09446273402674876,-0.26210215603069753
2024-11-26,101.69000244140624,102.29000091552734,101.1999969482422,102.08000183105467,98.04694366455078,3068400,0.003144651023059053,99.4500015258789,99.01150054931641,100.04700057983399,0.011529982522236975,72.40145696975978,0.29509531653022236,-0.15066266151851357
2024-11-27,102.75,103.45999908447266,102.63999938964844,102.87000274658205,98.80573272705078,4141000,0.0077390370430718836,99.88100204467773,99.15450057983398,100.05300064086914,0.011594749665853821,71.34887081332229,0.5119431927612652,-0.01814149066255781
2024-11-29,102.91000366210938,103.2699966430664,102.2300033569336,102.30999755859376,98.26786041259766,4566800,-0.0054438142610712115,100.34300155639649,99.35450057983398,100.05000061035156,0.010892435754826579,62.47422129026468,0.6313313634986599,0.11175308016968573
2024-12-02,101.8499984741211,101.93000030517578,100.56999969482422,100.94000244140624,96.95198822021484,7207500,-0.013390627992175608,100.65700149536133,99.54150085449218,100.02340072631836,0.011036981247401517,58.21325521690265,0.6083870849161457,0.21107988111897774
2024-12-03,100.94000244140624,101.23999786376952,100.23999786376952,100.36000061035156,96.3948974609375,4252400,-0.005746005716528058,100.83300170898437,99.64700088500976,99.96720077514648,0.010958236302987003,62.797941880579586,0.5372096597896814,0.2763058368531185
2024-12-04,100.33000183105467,100.37999725341795,99.51000213623048,100.02999877929688,96.0779266357422,2553200,-0.003288180839455368,100.92400131225585,99.66900100708008,99.90380081176758,0.010587912318494262,57.89474546825303,0.4489968910760922,0.31084404769771323
2024-12-05,99.62000274658205,99.8499984741211,99.19000244140624,99.72000122070312,95.78018188476562,2955100,-0.0030990459099946577,101.00500106811523,99.8010009765625,99.86040084838868,0.008789449989241777,61.59999302455356,0.3500383993348919,0.318682918025149
2024-12-06,100.0199966430664,100.36000061035156,99.19000244140624,99.69000244140624,95.75137329101562,2913000,-0.00030083011361481393,101.01200103759766,99.87150115966797,99.83520095825196,0.00840438642928763,60.89965276127811,0.26612471088336065,0.30817127659679133
2024-12-09,99.81999969482422,100.22000122070312,99.58999633789062,99.97000122070312,96.0203094482422,3739300,0.002808694677898682,100.9730010986328,99.8755012512207,99.81160095214844,0.007583246847550918,58.404923252049784,0.2196836927996202,0.2904737598373571
2024-12-10,99.93000030517578,99.93000030517578,98.0999984741211,98.38999938964844,94.50272369384766,5809700,-0.01580475954548133,100.63600082397461,99.83350105285645,99.74200088500976,0.00825817458529033,46.03689777687204,0.054754729797480195,0.24332995382938175
2024-12-11,98.4499969482422,98.91000366210938,97.9000015258789,98.20999908447266,94.32984161376952,3654100,-0.001829457325870476,100.2490005493164,99.84950103759766,99.68100082397461,0.007674598569481892,46.187339028507196,-0.0894461029367335,0.1767747424761587
2024-12-12,98.0199966430664,99.08999633789062,97.95999908447266,98.0199966430664,94.14734649658205,4411000,-0.0019346547518326318,99.76399993896484,99.82250099182129,99.62300079345704,0.007523614665222791,40.76209337811118,-0.2165615244453818,0.0981074890918506
2024-12-13,97.79000091552734,98.18000030517578,97.54000091552734,97.61000061035156,93.75354766845705,5145300,-0.0041827795016951,99.29400024414062,99.81850090026856,99.57680084228515,0.007313621116860337,33.4934009873333,-0.34639167753115885,0.009207655767248718
2024-12-16,97.75,98.5,97.2699966430664,97.33000183105467,93.48460388183594,4478300,-0.002868546025469376,98.93300018310546,99.7950008392334,99.53620086669922,0.0073353178099475475,19.278773455629448,-0.4664990598923566,-0.08593368736467236
2024-12-17,96.1999969482422,96.91999816894533,95.76000213623048,96.05999755859376,93.02749633789062,3856200,-0.013048435719392848,98.50299987792968,99.66800079345703,99.48740081787109,0.00758811668341595,13.112735473303175,-0.6565949389198948,-0.20006593767571684
2024-12-18,95.83999633789062,96.27999877929688,92.1500015258789,92.1500015258789,89.24095153808594,9655800,-0.04070368657182066,97.71500015258789,99.31950073242187,99.35580078125,0.011470544643011438,2.4822589503359893,-1.1099564087002562,-0.38204403188062475
2024-12-19,92.4000015258789,93.11000061035156,90.68000030517578,90.73999786376952,87.87544250488281,12763300,-0.015301178933929904,96.81699981689454,98.91100044250489,99.19460067749023,0.011757580983595427,2.3083169224790225,-1.564983990164265,-0.6186320235373528
2024-12-20,91.0,93.37999725341795,91.0,92.38999938964844,89.4733657836914,14194600,0.018183839152785986,96.08699951171874,98.5495002746582,99.08220062255859,0.012550639546806656,15.551972084170643,-1.772028452321905,-0.8493113092942632
2024-12-23,92.20999908447266,92.9000015258789,91.73999786376952,92.79000091552734,89.8607406616211,5846900,0.004329489430906053,95.36899948120117,98.17100028991699,98.9558006286621,0.01242473105509507,19.051522416253064,-1.882139764457122,-1.0558770003268352
2024-12-24,92.54000091552734,93.5,92.43000030517578,93.41000366210938,90.4611587524414,2207200,0.006681784033459204,94.87099990844726,97.75350036621094,98.82880065917969,0.011975203788476347,23.56232884141724,-1.8975015162378952,-1.2242019035090472
2024-12-26,93.06999969482422,93.68000030517578,92.66000366210938,93.5999984741211,90.64517211914062,3958600,0.002033987844588747,94.40999984741211,97.32950019836426,98.68200057983398,0.011941867047251751,25.322572606908523,-1.872756846546821,-1.3539128921166022
2024-12-27,93.0999984741211,93.76000213623048,92.45999908447266,92.66999816894533,89.74452209472656,5279100,-0.00993590085829854,93.875,96.81949996948242,98.49580047607422,0.01165792238420722,23.609012550064463,-1.906216097241085,-1.4643735331414987
2024-12-30,92.45999908447266,92.5199966430664,91.37999725341795,92.27999877929688,89.3668441772461,4020600,-0.004208475206155193,93.34199981689453,96.31800003051758,98.31760040283203,0.011659511633330191,21.32736636331161,-1.9418184119479491,-1.5598625089027887
2024-12-31,93.08000183105467,93.26000213623048,92.20999908447266,93.05999755859376,90.1222152709961,5447500,0.008452522644288196,92.91499938964844,95.92399978637695,98.14000030517577,0.011861385620527744,28.865973144048652,-1.8853608537607442,-1.62496217787438
