Date,Open,High,Low,Close,Adj Close,Volume
2010-01-04,45.220001220703125,45.41999816894531,44.20000076293945,44.54999923706055,23.346330642700195,2408400
2010-01-05,44.5,44.58000183105469,43.93000030517578,44.5,23.32012367248535,2054200
2010-01-06,44.52000045776367,44.84000015258789,44.29999923706055,44.41999816894531,23.278194427490234,2471200
2010-01-07,44.459999084472656,45.09999847412109,43.95000076293945,44.900001525878906,23.529733657836918,2091700
2010-01-08,44.810001373291016,44.84999847412109,44.18000030517578,44.56999969482422,23.3568058013916,2682000
2010-01-11,44.869998931884766,45.060001373291016,44.58000183105469,44.83000183105469,23.49305534362793,1924800
2010-01-12,44.43000030517578,44.77000045776367,43.86000061035156,44.08000183105469,23.10001945495605,3124500
2010-01-13,44.18000030517578,45.08000183105469,44.130001068115234,44.970001220703125,23.566415786743164,2133000
2010-01-14,44.90999984741211,45.060001373291016,44.59000015258789,44.93000030517578,23.545454025268555,1594700
2010-01-15,44.75,44.84999847412109,44.400001525878906,44.59000015258789,23.36728286743164,5577000
2010-01-19,44.540000915527344,45.630001068115234,44.459999084472656,45.5,23.84416961669922,2454200
2010-01-20,45.15999984741211,45.15999984741211,44.54999923706055,44.9900016784668,23.576904296875,3339900
2010-01-21,44.97999954223633,45.27000045776367,43.619998931884766,43.70000076293945,22.90087890625,4233400
2010-01-22,43.54999923706055,44.0099983215332,42.470001220703125,42.59999847412109,22.32442283630371,5039500
2010-01-25,43.13999938964844,43.13999938964844,42.09999847412109,42.900001525878906,22.48164176940918,3749000
2010-01-26,42.470001220703125,43.18000030517578,42.41999816894531,42.5,22.272018432617188,3352900
2010-01-27,42.630001068115234,42.93999862670898,41.86000061035156,42.880001068115234,22.471162796020508,3714400
2010-01-28,43.209999084472656,43.22999954223633,42.09999847412109,42.5099983215332,22.27726936340332,3750000
2010-01-29,42.81999969482422,43.18000030517578,41.97999954223633,42.27000045776367,22.15149307250977,4096200
2010-02-01,42.59000015258789,43.09999847412109,42.4900016784668,43.040000915527344,22.55501747131348,2839200
2010-02-02,43.16999816894531,43.84000015258789,42.68000030517578,43.630001068115234,22.86420249938965,3270000
2010-02-03,43.47999954223633,43.4900016784668,42.66999816894531,42.91999816894531,22.492122650146484,3079200
2010-02-04,42.560001373291016,42.61000061035156,41.33000183105469,41.33000183105469,21.658884048461918,3942800
2010-02-05,41.4900016784668,42.27999877929688,40.86000061035156,42.09000015258789,22.05716323852539,5100500
2010-02-08,42.2599983215332,42.38999938964844,41.06999969482422,41.16999816894531,21.57504653930664,2969600
2010-02-09,41.68000030517578,41.810001373291016,40.720001220703125,41.040000915527344,21.506914138793945,4785200
2010-02-10,41.119998931884766,41.630001068115234,40.33000183105469,41.119998931884766,21.54883575439453,2893900
2010-02-11,41.09999847412109,41.52999877929688,40.59999847412109,41.5099983215332,21.753210067749023,2706400
2010-02-12,40.9900016784668,42.0,40.869998931884766,42.0,22.01000022888184,3385000
2010-02-16,42.43999862670898,43.22999954223633,42.36000061035156,43.18999862670898,22.633621215820312,2730300
2010-02-17,43.310001373291016,43.75,43.2400016784668,43.58000183105469,22.83799934387207,3139000
2010-02-18,43.40999984741211,44.34999847412109,43.27000045776367,44.22999954223633,23.178625106811523,2737200
2010-02-19,44.02999877929688,44.5,43.86000061035156,44.2599983215332,23.194339752197266,3250100
2010-02-22,44.400001525878906,44.66999816894531,44.150001525878906,44.369998931884766,23.25198745727539,1757800
2010-02-23,44.209999084472656,44.5099983215332,43.93000030517578,44.02999877929688,23.07381820678711,2715900
2010-02-24,44.11000061035156,44.4900016784668,44.040000915527344,44.47999954223633,23.30963134765625,2965400
2010-02-25,44.0,44.7400016784668,43.720001220703125,44.650001525878906,23.398717880249023,2067000
2010-02-26,44.7599983215332,45.119998931884766,44.43000030517578,44.630001068115234,23.38825416564941,1784300
2010-03-01,44.900001525878906,45.18000030517578,44.72999954223633,45.0099983215332,23.587377548217773,1849600
2010-03-02,45.18999862670898,45.27000045776367,44.91999816894531,45.02999877929688,23.597869873046875,1575400
2010-03-03,45.13999938964844,45.220001220703125,44.84000015258789,44.90999984741211,23.534975051879883,1884000
2010-03-04,44.91999816894531,45.2400016784668,44.880001068115234,45.18999862670898,23.68171501159668,1557300
2010-03-05,45.34999847412109,46.5099983215332,45.25,46.41999816894531,24.32628631591797,2161800
2010-03-08,46.45000076293945,47.060001373291016,46.36000061035156,46.88999938964844,24.572599411010746,1729200
2010-03-09,46.810001373291016,47.720001220703125,46.61000061035156,47.0,24.630239486694336,2126000
2010-03-10,47.22999954223633,47.63999938964844,46.959999084472656,47.41999816894531,24.85033798217773,2311500
2010-03-11,47.20000076293945,47.75,47.02999877929688,47.70000076293945,24.9970703125,1766200
2010-03-12,48.09000015258789,48.36000061035156,47.68999862670898,48.08000183105469,25.19621467590332,2344400
2010-03-15,47.959999084472656,48.31999969482422,47.47999954223633,47.970001220703125,25.13857078552246,2164400
2010-03-16,48.16999816894531,49.27999877929688,48.02999877929688,49.130001068115234,25.74647521972656,3905000
2010-03-17,49.34999847412109,49.959999084472656,49.150001525878906,49.86000061035156,26.129011154174805,3467900
2010-03-18,49.70000076293945,50.060001373291016,49.5099983215332,49.59000015258789,25.987518310546875,2448700
2010-03-19,49.04999923706055,49.810001373291016,49.0,49.04999923706055,25.70453643798828,2703900
2010-03-22,48.70000076293945,49.810001373291016,48.619998931884766,49.66999816894531,26.02944564819336,2922600
2010-03-23,49.65999984741211,49.7400016784668,49.06999969482422,49.52999877929688,25.95608711242676,3974700
2010-03-24,49.369998931884766,50.150001525878906,49.310001373291016,49.79999923706055,26.097570419311523,3241200
2010-03-25,49.79999923706055,50.5,49.54999923706055,49.54999923706055,26.16145896911621,4033400
2010-03-26,49.77999877929688,50.040000915527344,49.16999816894531,49.290000915527344,26.02418327331543,4339000
2010-03-29,49.630001068115234,49.65999984741211,49.09999847412109,49.43999862670898,26.103382110595703,1914200
2010-03-30,49.52999877929688,49.630001068115234,49.16999816894531,49.369998931884766,26.066415786743164,1968300
2010-03-31,49.18999862670898,49.41999816894531,48.790000915527344,48.810001373291016,25.7707633972168,2365900
2010-04-01,49.16999816894531,49.310001373291016,48.61000061035156,49.060001373291016,25.902742385864254,2198300
2010-04-05,49.27000045776367,50.220001220703125,49.130001068115234,50.13999938964844,26.47297096252441,1961200
2010-04-06,50.04999923706055,51.400001525878906,49.869998931884766,51.290000915527344,27.08014869689941,3307100
2010-04-07,51.18999862670898,51.31999969482422,49.93999862670898,50.15999984741211,26.4835147857666,3521700
2010-04-08,49.93999862670898,50.29999923706055,49.84999847412109,50.220001220703125,26.515209197998047,2047800
2010-04-09,50.41999816894531,51.04999923706055,50.130001068115234,50.93000030517578,26.89007568359375,1710500
2010-04-12,51.119998931884766,51.150001525878906,50.560001373291016,50.61000061035156,26.72113037109375,1872300
2010-04-13,50.650001525878906,52.02999877929688,50.58000183105469,51.84999847412109,27.375804901123047,1712600
2010-04-14,52.25,52.29999923706055,51.630001068115234,51.93000030517578,27.418052673339844,2026800
2010-04-15,51.68000030517578,51.77999877929688,50.459999084472656,50.5099983215332,26.66831970214844,2594700
2010-04-16,50.38999938964844,50.81999969482422,49.2400016784668,49.34999847412109,26.05586242675781,4450000
2010-04-19,49.0099983215332,49.959999084472656,48.84000015258789,49.56999969482422,26.172021865844727,2825700
2010-04-20,49.84999847412109,50.40999984741211,49.31999969482422,50.40999984741211,26.615524291992188,2193300
2010-04-21,50.31999969482422,51.59000015258789,50.27999877929688,51.290000915527344,27.08014869689941,2980100
2010-04-22,50.900001525878906,52.27999877929688,50.619998931884766,52.08000183105469,27.49724769592285,1552700
2010-04-23,52.22999954223633,52.83000183105469,51.720001220703125,52.77000045776367,27.86156272888184,3302900
2010-04-26,52.93000030517578,53.59999847412109,52.720001220703125,53.18999862670898,28.08331298828125,2486700
2010-04-27,52.88999938964844,53.25,51.4900016784668,51.4900016784668,27.18574523925781,4589700
2010-04-28,52.119998931884766,52.20000076293945,51.43999862670898,51.650001525878906,27.27021598815918,3500600
2010-04-29,52.310001373291016,54.060001373291016,52.27000045776367,53.97999954223633,28.50040054321289,3268600
2010-04-30,53.869998931884766,54.36000061035156,52.18000030517578,52.29999923706055,27.613405227661133,4056200
2010-05-03,52.7599983215332,54.34999847412109,52.75,54.040000915527344,28.532094955444336,4016000
2010-05-04,53.22999954223633,53.540000915527344,52.34000015258789,52.810001373291016,27.882686614990234,3672500
2010-05-05,51.970001220703125,53.04999923706055,51.31999969482422,52.09999847412109,27.507810592651367,3597300
2010-05-06,51.72999954223633,52.09000015258789,45.0,49.959999084472656,26.377933502197266,6191800
2010-05-07,50.43000030517578,51.130001068115234,48.31999969482422,49.119998931884766,25.934431076049805,5896600
2010-05-10,51.7599983215332,52.5099983215332,51.33000183105469,52.36000061035156,27.645076751708984,4817300
2010-05-11,51.650001525878906,53.18000030517578,51.52000045776367,52.66999816894531,27.80875396728516,3229100
2010-05-12,52.90999984741211,53.709999084472656,52.54999923706055,53.52000045776367,28.257545471191406,2577400
2010-05-13,53.63999938964844,53.7599983215332,52.560001373291016,52.650001525878906,27.798200607299805,2522000
2010-05-14,52.209999084472656,52.2599983215332,50.43999862670898,50.97999954223633,26.91646957397461,4558000
2010-05-17,51.2400016784668,52.0099983215332,49.52000045776367,51.04999923706055,26.953428268432617,2913300
2010-05-18,51.84999847412109,51.900001525878906,49.470001220703125,49.7599983215332,26.272327423095703,3725300
2010-05-19,49.29999923706055,50.400001525878906,47.97999954223633,49.29999923706055,26.029451370239254,5955800
2010-05-20,47.97999954223633,48.459999084472656,46.66999816894531,46.77000045776367,24.69366836547852,5847200
2010-05-21,46.0,48.400001525878906,45.72999954223633,48.34000015258789,25.52260398864746,5652000
2010-05-24,48.380001068115234,48.63999938964844,47.18000030517578,47.2599983215332,24.952373504638672,3826100
2010-05-25,45.91999816894531,47.7400016784668,45.36000061035156,47.63999938964844,25.153011322021484,4736400
2010-05-26,48.43999862670898,49.040000915527344,47.22999954223633,47.540000915527344,25.100215911865234,4937300
2010-05-27,48.77000045776367,50.20000076293945,48.18999862670898,50.150001525878906,26.47823905944824,2876100
2010-05-28,50.06999969482422,50.470001220703125,49.18999862670898,49.5099983215332,26.14033508300781,2769200
2010-06-01,48.84000015258789,49.70000076293945,48.400001525878906,48.47999954223633,25.596513748168945,2715000
2010-06-02,48.81999969482422,49.52999877929688,47.970001220703125,49.43000030517578,26.098093032836918,2015700
2010-06-03,49.70000076293945,49.75,48.84999847412109,49.290000915527344,26.02418327331543,2171700
2010-06-04,48.31999969482422,48.709999084472656,46.25,46.5,24.55111694335937,9751200
2010-06-07,46.7599983215332,47.52999877929688,46.16999816894531,46.25,24.419124603271484,3646600
2010-06-08,46.41999816894531,47.16999816894531,45.22999954223633,47.08000183105469,24.857345581054688,4966300
2010-06-09,47.52999877929688,48.720001220703125,47.119998931884766,47.36000061035156,25.005176544189453,4130400
2010-06-10,48.380001068115234,49.59999847412109,47.959999084472656,49.40999984741211,26.087533950805664,3918800
2010-06-11,48.880001068115234,50.119998931884766,48.790000915527344,50.0,26.3990535736084,2626800
2010-06-14,50.65999984741211,51.150001525878906,50.11000061035156,50.619998931884766,26.72640609741211,2967100
2010-06-15,50.93000030517578,51.86000061035156,50.59000015258789,51.75,27.3230037689209,2692500
2010-06-16,51.369998931884766,51.709999084472656,51.02000045776367,51.27999877929688,27.074861526489254,2496600
2010-06-17,51.4900016784668,51.630001068115234,50.83000183105469,51.38999938964844,27.132932662963867,3137100
2010-06-18,51.58000183105469,51.58000183105469,50.970001220703125,51.22999954223633,27.04846572875977,1981200
2010-06-21,51.93999862670898,52.150001525878906,50.68000030517578,50.83000183105469,26.837276458740234,2910100
2010-06-22,50.970001220703125,51.18000030517578,49.18999862670898,49.31999969482422,26.040019989013672,4468100
2010-06-23,49.2599983215332,50.02999877929688,48.52000045776367,49.45000076293945,26.10865592956543,2987900
2010-06-24,48.66999816894531,48.84999847412109,47.790000915527344,47.95000076293945,25.55597686767578,3163500
2010-06-25,48.150001525878906,49.380001068115234,47.84000015258789,49.15999984741211,26.20087242126465,4883700
2010-06-28,49.34000015258789,49.38999938964844,48.38999938964844,48.58000183105469,25.89175033569336,2439400
2010-06-29,47.84999847412109,47.869998931884766,46.59999847412109,46.9900016784668,25.04431533813477,4804700
2010-06-30,47.060001373291016,47.709999084472656,46.34000015258789,46.4900016784668,24.7778263092041,3616100
2010-07-01,46.52000045776367,46.7400016784668,45.18000030517578,46.33000183105469,24.69256019592285,7804700
2010-07-02,46.52000045776367,46.709999084472656,45.20000076293945,45.43999862670898,24.218217849731445,2682600
2010-07-06,46.33000183105469,46.54999923706055,43.959999084472656,44.43000030517578,23.679914474487305,4989800
2010-07-07,44.5,46.650001525878906,44.45000076293945,46.59000015258789,24.831127166748047,3702500
2010-07-08,47.25,47.59000015258789,46.33000183105469,47.16999816894531,25.140256881713867,2288500
2010-07-09,47.09000015258789,47.86000061035156,46.95000076293945,47.77000045776367,25.46002769470215,1597100
2010-07-12,47.68999862670898,48.06999969482422,47.16999816894531,47.91999816894531,25.539974212646484,2419900
2010-07-13,48.63999938964844,49.27999877929688,48.38999938964844,49.09999847412109,26.168880462646484,2622800
2010-07-14,48.869998931884766,49.27000045776367,48.16999816894531,48.810001373291016,26.01433563232422,2297300
2010-07-15,48.880001068115234,48.900001525878906,47.68000030517578,48.650001525878906,25.92904663085937,2560700
2010-07-16,48.33000183105469,48.400001525878906,46.70000076293945,47.06999969482422,25.08695411682129,2758100
2010-07-19,47.150001525878906,47.900001525878906,46.369998931884766,47.650001525878906,25.396076202392575,2740600
2010-07-20,46.880001068115234,48.709999084472656,46.720001220703125,48.540000915527344,25.870424270629883,3494800
2010-07-21,48.7599983215332,48.91999816894531,47.27999877929688,47.52999877929688,25.33212661743164,3526700
2010-07-22,48.13999938964844,49.709999084472656,48.09000015258789,49.310001373291016,26.280820846557617,3295200
2010-07-23,49.2400016784668,49.97999954223633,48.43999862670898,49.93999862670898,26.61658096313477,2956400
2010-07-26,50.04999923706055,51.310001373291016,49.63999938964844,51.18999862670898,27.28278923034668,3857800
2010-07-27,51.68000030517578,51.81999969482422,50.59000015258789,51.18000030517578,27.2774600982666,3483300
2010-07-28,51.02999877929688,51.70000076293945,50.77999877929688,51.08000183105469,27.224178314208984,2919200
2010-07-29,51.5099983215332,51.63999938964844,50.13999938964844,50.650001525878906,26.9949951171875,2276900
2010-07-30,50.08000183105469,51.209999084472656,49.95000076293945,50.95000076293945,27.15487670898437,2746300
2010-08-02,51.77999877929688,52.810001373291016,51.619998931884766,52.65999984741211,28.066267013549805,3018300
2010-08-03,52.52999877929688,52.56999969482422,51.77999877929688,52.150001525878906,27.79444122314453,1955500
2010-08-04,52.38999938964844,52.540000915527344,51.900001525878906,52.52000045776367,27.991640090942383,2041300
2010-08-05,52.2400016784668,52.5,51.75,51.86000061035156,27.639894485473636,1847300
2010-08-06,51.310001373291016,51.77999877929688,50.7599983215332,51.619998931884766,27.51197052001953,1836100
2010-08-09,51.880001068115234,52.380001068115234,51.560001373291016,52.209999084472656,27.826419830322266,2914500
2010-08-10,51.77999877929688,52.22999954223633,51.15999984741211,51.70000076293945,27.554611206054688,2180200
2010-08-11,50.84000015258789,51.09000015258789,49.9900016784668,50.40999984741211,26.8670711517334,2688600
2010-08-12,49.75,50.290000915527344,49.5,49.77999877929688,26.53130149841309,2632600
2010-08-13,49.75,50.150001525878906,49.619998931884766,49.77999877929688,26.53130149841309,2208700
2010-08-16,49.52999877929688,50.18999862670898,49.25,49.7400016784668,26.509984970092773,1827400
2010-08-17,50.22999954223633,51.2400016784668,49.93000030517578,50.880001068115234,27.11757469177246,2290800
2010-08-18,51.02999877929688,51.27000045776367,50.5099983215332,50.93000030517578,27.14421844482422,1651800
2010-08-19,50.77999877929688,50.77999877929688,49.34999847412109,49.630001068115234,26.45136260986328,2883700
2010-08-20,49.34999847412109,49.540000915527344,48.959999084472656,49.470001220703125,26.366086959838867,1585400
2010-08-23,49.66999816894531,49.84000015258789,49.18999862670898,49.209999084472656,26.227514266967773,1535700
2010-08-24,48.5,49.34000015258789,48.11000061035156,49.0099983215332,26.12091445922852,2611500
2010-08-25,48.59999847412109,50.040000915527344,48.52999877929688,49.790000915527344,26.536643981933597,1817700
2010-08-26,50.150001525878906,50.43999862670898,49.41999816894531,49.4900016784668,26.37674140930176,2792800
2010-08-27,49.79999923706055,50.400001525878906,48.75,50.310001373291016,26.81378746032715,2298700
2010-08-30,50.2400016784668,50.68000030517578,49.869998931884766,49.91999816894531,26.605932235717773,1641900
2010-08-31,49.7599983215332,50.459999084472656,49.4900016784668,50.29999923706055,26.808460235595703,2804700
2010-09-01,50.88999938964844,52.06999969482422,50.880001068115234,51.93999862670898,27.68253326416016,2037800
2010-09-02,51.9900016784668,52.66999816894531,51.86000061035156,52.59999847412109,28.03428840637207,1990000
2010-09-03,53.33000183105469,53.400001525878906,52.81999969482422,53.369998931884766,28.444677352905277,2093000
2010-09-07,52.91999816894531,53.11000061035156,52.4900016784668,52.54999923706055,28.007640838623047,1728300
2010-09-08,52.61000061035156,52.9900016784668,52.43000030517578,52.65999984741211,28.066267013549805,2043200
2010-09-09,53.209999084472656,53.27999877929688,51.88999938964844,52.04999923706055,27.741151809692383,1428600
2010-09-10,52.209999084472656,52.56999969482422,51.91999816894531,52.33000183105469,27.89039421081543,1024300
2010-09-13,52.83000183105469,53.22999954223633,52.65999984741211,53.18999862670898,28.34873580932617,1611000
2010-09-14,53.04999923706055,53.380001068115234,52.70000076293945,52.9900016784668,28.24213981628418,1842800
2010-09-15,52.72999954223633,53.650001525878906,52.66999816894531,53.45000076293945,28.487308502197266,3981000
2010-09-16,53.34999847412109,53.540000915527344,52.959999084472656,53.16999816894531,28.33807945251465,1490300
2010-09-17,53.400001525878906,53.560001373291016,52.84999847412109,53.33000183105469,28.423355102539062,1287600
2010-09-20,53.52000045776367,54.84999847412109,53.40999984741211,54.630001068115234,29.1162223815918,1801800
2010-09-21,54.77000045776367,54.77000045776367,53.709999084472656,53.83000183105469,28.689847946166992,3266300
2010-09-22,53.540000915527344,53.91999816894531,53.0,53.09999847412109,28.30077362060547,2927100
2010-09-23,52.68000030517578,52.790000915527344,51.59000015258789,51.790000915527344,27.602575302124023,2352800
2010-09-24,52.02999877929688,52.79999923706055,51.91999816894531,52.77999877929688,28.38342666625977,3617600
2010-09-27,52.97999954223633,52.97999954223633,51.880001068115234,52.130001068115234,28.033859252929688,1765200
2010-09-28,52.29999923706055,52.470001220703125,51.36000061035156,52.34000015258789,28.14680290222168,1755000
2010-09-29,52.27000045776367,52.27999877929688,51.7400016784668,51.93000030517578,27.92631149291992,2032200
2010-09-30,52.34999847412109,52.81999969482422,51.68000030517578,52.08000183105469,28.00698471069336,2745600
2010-10-01,52.38999938964844,52.59999847412109,51.68999862670898,52.34000015258789,28.14680290222168,6097900
2010-10-04,52.25,52.81999969482422,52.150001525878906,52.81999969482422,28.404926300048828,5232900
2010-10-05,53.11000061035156,53.84000015258789,52.81999969482422,53.65999984741211,28.856653213500977,2061300
2010-10-06,53.459999084472656,53.59999847412109,53.09000015258789,53.369998931884766,28.70070457458496,2100000
2010-10-07,53.59999847412109,53.88999938964844,53.2599983215332,53.52000045776367,28.781370162963867,1283000
2010-10-08,53.54999923706055,53.79999923706055,53.2400016784668,53.66999816894531,28.862031936645508,1118100
2010-10-11,53.7400016784668,53.84000015258789,53.52000045776367,53.65999984741211,28.856653213500977,954600
2010-10-12,53.5099983215332,54.18000030517578,53.27999877929688,54.040000915527344,29.061010360717773,1686500
2010-10-13,54.20000076293945,55.09000015258789,54.11000061035156,54.59999847412109,29.36216354370117,1634600
2010-10-14,54.5,54.810001373291016,54.119998931884766,54.459999084472656,29.286869049072266,1587600
2010-10-15,54.75,54.91999816894531,54.27000045776367,54.38999938964844,29.24921989440918,1794000
2010-10-18,54.369998931884766,55.150001525878906,54.310001373291016,55.09000015258789,29.625661849975582,1638000
2010-10-19,54.45000076293945,55.2400016784668,54.22999954223633,54.40999984741211,29.25998306274414,1987000
2010-10-20,54.52000045776367,56.08000183105469,54.52000045776367,55.59999847412109,29.89991950988769,1958700
2010-10-21,55.93000030517578,56.18000030517578,55.18000030517578,55.540000915527344,29.8676700592041,1848300
2010-10-22,55.70000076293945,55.90999984741211,55.16999816894531,55.56999969482422,29.8837890625,1147900
2010-10-25,56.0,56.0,55.56999969482422,55.66999816894531,29.937572479248047,1663900
2010-10-26,55.25,55.43000030517578,54.970001220703125,55.27000045776367,29.72246551513672,1669500
2010-10-27,55.02999877929688,55.2599983215332,54.5,54.880001068115234,29.51272964477539,2485700
2010-10-28,55.13999938964844,55.380001068115234,54.0099983215332,54.540000915527344,29.32990264892578,1185400
2010-10-29,54.43000030517578,54.77000045776367,54.31999969482422,54.54999923706055,29.33527946472168,1017800
2010-11-01,54.810001373291016,55.540000915527344,54.66999816894531,55.02000045776367,29.58801651000977,1263100
2010-11-02,55.43999862670898,55.56999969482422,55.08000183105469,55.400001525878906,29.79237174987793,1166400
2010-11-03,55.61000061035156,55.61000061035156,54.91999816894531,55.400001525878906,29.79237174987793,1589400
2010-11-04,55.90999984741211,56.77999877929688,55.77000045776367,56.68000030517578,30.480722427368164,1186500
2010-11-05,56.880001068115234,57.650001525878906,56.459999084472656,57.290000915527344,30.808752059936523,1534200
2010-11-08,57.130001068115234,57.29999923706055,56.5,56.97999954223633,30.64203453063965,1784400
2010-11-09,57.119998931884766,57.209999084472656,54.290000915527344,54.66999816894531,29.39979362487793,3078600
2010-11-10,54.90999984741211,55.380001068115234,54.70000076293945,55.34999847412109,29.765480041503903,1480000
2010-11-11,55.0,55.43000030517578,54.75,54.90999984741211,29.528867721557617,1305100
2010-11-12,54.59999847412109,55.060001373291016,54.130001068115234,54.400001525878906,29.254615783691406,1683700
2010-11-15,54.52000045776367,54.81999969482422,53.790000915527344,53.880001068115234,28.9749698638916,2017000
2010-11-16,53.5099983215332,53.540000915527344,51.619998931884766,52.02999877929688,27.980085372924805,3883400
2010-11-17,52.15999984741211,52.7400016784668,51.959999084472656,52.43000030517578,28.195199966430664,1503300
2010-11-18,53.310001373291016,53.400001525878906,52.790000915527344,52.900001525878906,28.44795608520508,2498900
2010-11-19,52.75,53.310001373291016,52.33000183105469,53.18000030517578,28.59853744506836,2001900
2010-11-22,53.040000915527344,53.5,53.0099983215332,53.31999969482422,28.673810958862305,1443200
2010-11-23,52.720001220703125,53.0,52.58000183105469,52.900001525878906,28.44795608520508,2671600
2010-11-24,53.31999969482422,54.0,53.29999923706055,53.91999816894531,28.996469497680664,1555400
2010-11-26,53.68000030517578,54.04999923706055,53.56999969482422,53.810001373291016,28.93733024597168,661100
2010-11-29,53.52999877929688,53.93999862670898,53.040000915527344,53.77999877929688,28.921180725097656,1620500
2010-11-30,53.29999923706055,53.869998931884766,53.209999084472656,53.540000915527344,28.79211807250977,1652000
2010-12-01,54.20000076293945,54.20000076293945,53.40999984741211,53.84999847412109,28.95883560180664,2195300
2010-12-02,54.02000045776367,54.720001220703125,53.88999938964844,54.68000030517578,29.405168533325195,1353800
2010-12-03,54.29999923706055,54.810001373291016,54.16999816894531,54.66999816894531,29.39979362487793,1589000
2010-12-06,54.63999938964844,54.90999984741211,54.08000183105469,54.77999877929688,29.458955764770508,1602500
2010-12-07,55.310001373291016,55.41999816894531,54.88999938964844,54.900001525878906,29.523475646972656,1773500
2010-12-08,55.040000915527344,55.11000061035156,53.77000045776367,54.09000015258789,29.0879020690918,2263600
2010-12-09,54.29999923706055,54.47999954223633,53.4900016784668,53.61000061035156,28.82977867126465,1487900
2010-12-10,53.709999084472656,54.29999923706055,53.619998931884766,53.959999084472656,29.017980575561523,2754600
2010-12-13,54.27000045776367,54.43999862670898,53.9900016784668,54.04999923706055,29.066389083862305,1023800
2010-12-14,54.13999938964844,54.61000061035156,53.27999877929688,53.52000045776367,28.781370162963867,1645800
2010-12-15,53.470001220703125,53.869998931884766,52.91999816894531,53.0099983215332,28.507116317749023,1447800
2010-12-16,53.09999847412109,53.34999847412109,52.75,53.09999847412109,28.555509567260746,1270200
2010-12-17,53.18999862670898,53.59000015258789,53.04999923706055,53.540000915527344,28.79211807250977,2871200
2010-12-20,53.709999084472656,54.36000061035156,53.65999984741211,54.18000030517578,29.13630485534668,2388500
2010-12-21,54.31999969482422,54.84000015258789,54.27000045776367,54.75,29.44281578063965,2927500
2010-12-22,54.66999816894531,55.52000045776367,54.66999816894531,55.16999816894531,29.6686954498291,1398000
2010-12-23,55.18999862670898,55.34999847412109,54.900001525878906,54.91999816894531,29.534236907958984,1241600
2010-12-27,54.310001373291016,55.02000045776367,54.11000061035156,55.0,29.90121459960937,1275200
2010-12-28,55.09999847412109,55.290000915527344,54.720001220703125,55.220001220703125,30.020811080932617,2919200
2010-12-29,55.22999954223633,55.43000030517578,55.02000045776367,55.33000183105469,30.080629348754883,1511400
2010-12-30,55.2400016784668,55.68000030517578,55.2400016784668,55.47999954223633,30.16215705871582,1229500
2010-12-31,55.470001220703125,55.75,55.29999923706055,55.369998931884766,30.10236549377441,1168500
2011-01-03,55.7599983215332,56.43999862670898,55.72999954223633,56.400001525878906,30.662334442138672,1957400
2011-01-04,56.47999954223633,56.630001068115234,55.0,55.31999969482422,30.075172424316406,2315700
2011-01-05,55.150001525878906,55.630001068115234,55.13999938964844,55.52000045776367,30.18391227722168,1512700
2011-01-06,55.66999816894531,55.68000030517578,54.970001220703125,55.0,29.90121459960937,1819300
2011-01-07,55.290000915527344,55.45000076293945,54.5,55.02000045776367,29.912086486816406,2001200
2011-01-10,54.79999923706055,55.13999938964844,54.41999816894531,55.0099983215332,29.906644821166992,1668400
2011-01-11,55.209999084472656,55.38999938964844,54.5099983215332,54.88999938964844,29.841407775878903,1237500
2011-01-12,55.310001373291016,55.34999847412109,54.86000061035156,55.119998931884766,29.96645164489746,1639600
2011-01-13,55.130001068115234,55.470001220703125,54.9900016784668,55.29999923706055,30.06431579589844,1200400
2011-01-14,55.2599983215332,55.66999816894531,55.119998931884766,55.66999816894531,30.265460968017575,1334300
2011-01-18,55.650001525878906,56.150001525878906,55.400001525878906,56.150001525878906,30.52642250061035,1348900
2011-01-19,56.09000015258789,56.130001068115234,55.150001525878906,55.40999984741211,30.12411499023437,2340800
2011-01-20,55.33000183105469,55.84000015258789,55.150001525878906,55.41999816894531,30.12954330444336,1934400
2011-01-21,55.59999847412109,55.66999816894531,55.310001373291016,55.459999084472656,30.15129852294922,1196800
2011-01-24,55.540000915527344,56.02000045776367,55.36000061035156,55.7400016784668,30.30352210998535,1143000
2011-01-25,55.59000015258789,56.40999984741211,55.41999816894531,56.38999938964844,30.65690040588379,1249600
2011-01-26,56.560001373291016,56.7599983215332,56.15999984741211,56.47999954223633,30.70583152770996,2310600
2011-01-27,56.970001220703125,57.5,56.75,57.369998931884766,31.18968772888184,1926600
2011-01-28,57.43999862670898,57.59999847412109,56.27000045776367,56.41999816894531,30.673194885253903,1404200
2011-01-31,56.68999862670898,57.34999847412109,56.59000015258789,57.16999816894531,31.080951690673828,1916800
2011-02-01,57.5099983215332,57.56999969482422,56.7599983215332,57.310001373291016,31.15707397460937,2400100
2011-02-02,57.27999877929688,57.68000030517578,57.220001220703125,57.310001373291016,31.15707397460937,1698300
2011-02-03,57.09999847412109,57.61000061035156,57.0,57.470001220703125,31.24405860900879,1294300
2011-02-04,57.540000915527344,57.59999847412109,56.810001373291016,57.04999923706055,31.01571083068848,1842700
2011-02-07,57.130001068115234,57.70000076293945,57.02000045776367,57.61000061035156,31.320161819458008,1361500
2011-02-08,57.65999984741211,57.95000076293945,57.56999969482422,57.86000061035156,31.45607566833496,1356800
2011-02-09,57.77999877929688,57.95000076293945,57.59999847412109,57.900001525878906,31.477819442749023,1702500
2011-02-10,57.720001220703125,58.27000045776367,57.720001220703125,58.13999938964844,31.608299255371094,1364800
2011-02-11,58.06999969482422,58.56999969482422,57.84000015258789,58.52000045776367,31.814889907836918,1355200
2011-02-14,58.59999847412109,58.709999084472656,58.130001068115234,58.52999877929688,31.82032012939453,1062000
2011-02-15,58.310001373291016,58.5099983215332,58.0,58.310001373291016,31.70072364807129,1198500
2011-02-16,58.47999954223633,58.900001525878906,58.18000030517578,58.43999862670898,31.771379470825195,1084400
2011-02-17,58.45000076293945,58.720001220703125,58.369998931884766,58.5,31.804014205932617,1011000
2011-02-18,58.59000015258789,58.88999938964844,58.5,58.72999954223633,31.92905616760254,1288000
2011-02-22,58.27999877929688,58.869998931884766,58.09000015258789,58.220001220703125,31.65180015563965,2159100
2011-02-23,58.20000076293945,58.41999816894531,57.369998931884766,57.72999954223633,31.385406494140625,1966800
2011-02-24,57.65999984741211,57.84000015258789,56.83000183105469,57.290000915527344,31.14618682861328,1586800
2011-02-25,57.540000915527344,58.4900016784668,57.540000915527344,58.40999984741211,31.755077362060547,1135900
2011-02-28,58.88999938964844,59.86000061035156,58.790000915527344,59.86000061035156,32.54338455200195,1725800
2011-03-01,59.83000183105469,60.0,58.06999969482422,58.08000183105469,31.5756893157959,3119700
2011-03-02,58.0,58.15999984741211,57.34000015258789,57.54999923706055,31.287538528442383,2400000
2011-03-03,58.130001068115234,58.400001525878906,57.93999862670898,58.380001068115234,31.7387809753418,1590100
2011-03-04,58.34000015258789,58.45000076293945,57.52999877929688,57.81999969482422,31.43433952331543,1681900
2011-03-07,58.02000045776367,58.20000076293945,57.04999923706055,57.400001525878906,31.20600128173828,1661400
2011-03-08,57.5,58.52000045776367,57.40999984741211,58.209999084472656,31.646360397338867,2228600
2011-03-09,58.209999084472656,58.470001220703125,57.720001220703125,58.150001525878906,31.613744735717773,1358600
2011-03-10,57.66999816894531,57.7400016784668,57.20000076293945,57.2599983215332,31.12987518310547,1704800
2011-03-11,57.04999923706055,57.95000076293945,57.02000045776367,57.84000015258789,31.445192337036133,1349400
2011-03-14,57.5,57.61000061035156,57.02999877929688,57.2599983215332,31.12987518310547,1673700
2011-03-15,56.119998931884766,57.34999847412109,55.90999984741211,56.959999084472656,30.96678352355957,2439500
2011-03-16,56.95000076293945,57.0099983215332,55.72999954223633,56.119998931884766,30.51011276245117,3176100
2011-03-17,56.790000915527344,56.95000076293945,56.09000015258789,56.54999923706055,30.743879318237305,1837500
2011-03-18,57.02999877929688,57.36000061035156,56.84999847412109,57.119998931884766,31.05377769470215,1887600
2011-03-21,57.619998931884766,57.9900016784668,57.470001220703125,57.7400016784668,31.39082717895508,1340600
2011-03-22,57.75,57.869998931884766,57.20000076293945,57.369998931884766,31.18968772888184,2793800
2011-03-23,57.27000045776367,57.27000045776367,56.36000061035156,56.7400016784668,30.8471794128418,1699400
2011-03-24,57.08000183105469,57.150001525878906,56.369998931884766,56.97999954223633,30.977651596069336,1466700
2011-03-25,56.79999923706055,57.2599983215332,56.560001373291016,57.0099983215332,31.219701766967773,2441500
2011-03-28,57.06999969482422,57.27999877929688,56.790000915527344,56.93999862670898,31.181360244750977,1843000
2011-03-29,57.0,57.290000915527344,56.380001068115234,57.16999816894531,31.307323455810547,2293200
2011-03-30,57.4900016784668,58.06999969482422,57.2400016784668,58.0,31.7618408203125,1832700
2011-03-31,57.959999084472656,58.560001373291016,57.900001525878906,58.470001220703125,32.01921844482422,3204000
2011-04-01,58.77999877929688,58.95000076293945,58.25,58.560001373291016,32.06850051879883,4149100
2011-04-04,58.7400016784668,58.77000045776367,58.400001525878906,58.52000045776367,32.04658508300781,1072600
2011-04-05,58.459999084472656,58.81999969482422,58.38999938964844,58.58000183105469,32.07947540283203,1248100
2011-04-06,58.84000015258789,58.84000015258789,58.43999862670898,58.61000061035156,32.09589767456055,1286500
2011-04-07,58.66999816894531,58.68999862670898,57.68999862670898,57.959999084472656,31.73993682861328,1773000
2011-04-08,58.119998931884766,58.34999847412109,57.369998931884766,57.540000915527344,31.50994110107422,2259700
2011-04-11,57.650001525878906,58.02999877929688,57.38999938964844,57.58000183105469,31.53184509277344,1335300
2011-04-12,57.38999938964844,57.75,57.33000183105469,57.47999954223633,31.477088928222656,1996500
2011-04-13,57.7599983215332,57.77000045776367,57.290000915527344,57.38999938964844,31.42780113220215,1212600
2011-04-14,57.220001220703125,58.34000015258789,57.09999847412109,58.220001220703125,31.882333755493164,1423500
2011-04-15,58.380001068115234,59.0,58.25,58.970001220703125,32.29304122924805,1408600
2011-04-18,58.52999877929688,58.52999877929688,58.060001373291016,58.43999862670898,32.00279998779297,1709900
2011-04-19,58.560001373291016,59.0,58.5099983215332,58.900001525878906,32.25470733642578,1096500
2011-04-20,59.40999984741211,59.68000030517578,59.0,59.59000015258789,32.6325569152832,1432600
2011-04-21,59.75,60.02000045776367,59.33000183105469,59.9900016784668,32.85160446166992,1746900
2011-04-25,60.119998931884766,60.61000061035156,59.810001373291016,60.38999938964844,33.07065200805664,1421400
2011-04-26,60.61000061035156,61.13999938964844,60.27000045776367,60.91999816894531,33.36088180541992,2700000
2011-04-27,61.040000915527344,61.43000030517578,60.83000183105469,61.369998931884766,33.6073112487793,1860300
2011-04-28,61.45000076293945,62.380001068115234,61.38999938964844,62.18999862670898,34.05636215209961,2348200
2011-04-29,62.290000915527344,62.34999847412109,61.09000015258789,61.83000183105469,33.85922622680664,1777800
2011-05-02,62.130001068115234,62.36000061035156,61.400001525878906,61.91999816894531,33.90850830078125,2434500
2011-05-03,61.7400016784668,62.18999862670898,60.68999862670898,61.38999938964844,33.61827087402344,2052900
2011-05-04,61.290000915527344,61.4900016784668,60.75,61.040000915527344,33.426605224609375,1650200
2011-05-05,60.709999084472656,61.45000076293945,60.52000045776367,61.0,33.404685974121094,1900000
2011-05-06,61.43000030517578,61.54999923706055,60.290000915527344,60.459999084472656,33.10898971557617,2277700
2011-05-09,60.4900016784668,60.93000030517578,60.220001220703125,60.77000045776367,33.27873992919922,983300
2011-05-10,61.02000045776367,61.810001373291016,60.97999954223633,61.72999954223633,33.80446243286133,1699400
2011-05-11,61.68999862670898,61.709999084472656,60.880001068115234,61.08000183105469,33.448516845703125,1736000
2011-05-12,60.900001525878906,61.27000045776367,60.38999938964844,61.18000030517578,33.50326156616211,1429800
2011-05-13,61.33000183105469,61.33000183105469,60.380001068115234,60.52999877929688,33.147308349609375,1482300
2011-05-16,60.2599983215332,61.0099983215332,60.22999954223633,60.619998931884766,33.196590423583984,2157000
2011-05-17,60.43999862670898,60.75,60.220001220703125,60.59999847412109,33.18565368652344,2183400
2011-05-18,60.59000015258789,61.25,60.34000015258789,61.18999862670898,33.50874710083008,1323700
2011-05-19,61.45000076293945,61.709999084472656,60.970001220703125,61.45000076293945,33.651119232177734,1324000
2011-05-20,61.15999984741211,61.40999984741211,60.63999938964844,60.70000076293945,33.24039840698242,1385200
2011-05-23,60.08000183105469,60.36000061035156,59.91999816894531,60.08000183105469,32.90087890625,1809700
2011-05-24,60.20000076293945,60.4900016784668,60.040000915527344,60.2599983215332,32.99945068359375,1299400
2011-05-25,60.13999938964844,60.84999847412109,59.720001220703125,60.540000915527344,33.152793884277344,1411900
2011-05-26,60.47999954223633,61.5099983215332,60.27000045776367,61.34999847412109,33.59635543823242,1095800
2011-05-27,61.5099983215332,61.77000045776367,61.25,61.70000076293945,33.788028717041016,970600
2011-05-31,62.18000030517578,62.70000076293945,61.95000076293945,62.68000030517578,34.32469940185547,1691500
2011-06-01,62.540000915527344,62.61000061035156,60.79999923706055,60.880001068115234,33.338985443115234,2859300
2011-06-02,60.880001068115234,61.400001525878906,60.34000015258789,60.43999862670898,33.0980224609375,2122900
2011-06-03,59.84000015258789,60.959999084472656,59.68000030517578,60.68000030517578,33.22946548461914,1897800
2011-06-06,60.58000183105469,60.77999877929688,59.7599983215332,59.790000915527344,32.74208450317383,1172700
2011-06-07,60.119998931884766,60.959999084472656,59.93999862670898,60.41999816894531,33.08707427978516,1252000
2011-06-08,60.15999984741211,60.810001373291016,60.11000061035156,60.25,32.99399185180664,1509400
2011-06-09,60.41999816894531,60.459999084472656,59.33000183105469,59.59999847412109,32.638023376464844,1381600
2011-06-10,59.33000183105469,59.43000030517578,58.0099983215332,58.09999847412109,31.81660461425781,2011600
2011-06-13,58.25,58.7599983215332,57.97999954223633,58.34000015258789,31.948028564453125,1780800
2011-06-14,58.90999984741211,59.369998931884766,58.7400016784668,59.209999084472656,32.42446517944336,1163900
2011-06-15,58.68999862670898,59.0099983215332,57.81999969482422,58.2599983215332,31.904226303100582,1761700
2011-06-16,58.27000045776367,59.0,57.88999938964844,58.720001220703125,32.1561279296875,2077100
2011-06-17,59.36000061035156,59.45000076293945,58.72999954223633,59.27999877929688,32.46280288696289,1912800
2011-06-20,59.09000015258789,60.150001525878906,59.09000015258789,60.0,32.857078552246094,1968200
2011-06-21,60.36000061035156,60.52999877929688,59.9900016784668,60.470001220703125,33.114463806152344,1375400
2011-06-22,60.34000015258789,60.880001068115234,60.22999954223633,60.290000915527344,33.01588439941406,3467800
2011-06-23,59.470001220703125,59.560001373291016,58.52999877929688,59.06999969482422,32.347801208496094,2618700
2011-06-24,58.709999084472656,59.040000915527344,58.20000076293945,58.58000183105469,32.35277557373047,2083800
2011-06-27,58.61000061035156,59.04999923706055,58.52999877929688,58.83000183105469,32.490840911865234,2519000
2011-06-28,59.02000045776367,59.369998931884766,58.63999938964844,59.31999969482422,32.761451721191406,1278700
2011-06-29,59.63999938964844,60.09000015258789,59.31999969482422,59.93999862670898,33.1038703918457,2049000
2011-06-30,60.13999938964844,60.400001525878906,59.83000183105469,60.09999847412109,33.19224166870117,1960900
2011-07-01,60.27000045776367,61.29999923706055,60.119998931884766,61.130001068115234,33.76108932495117,1796700
2011-07-05,61.310001373291016,61.790000915527344,60.84000015258789,61.59999847412109,34.02065658569336,1693200
2011-07-06,61.41999816894531,62.150001525878906,61.34000015258789,62.060001373291016,34.27472686767578,1655200
2011-07-07,62.52999877929688,62.9900016784668,62.45000076293945,62.84000015258789,34.70548629760742,1530900
2011-07-08,62.130001068115234,62.77999877929688,61.959999084472656,62.7599983215332,34.66130828857422,1956000
2011-07-11,61.869998931884766,62.18000030517578,61.52999877929688,61.66999816894531,34.059326171875,1878600
2011-07-12,61.470001220703125,62.7400016784668,61.36000061035156,61.880001068115234,34.1753044128418,2078400
2011-07-13,62.04999923706055,62.20000076293945,61.220001220703125,61.27000045776367,33.838401794433594,1853600
2011-07-14,61.41999816894531,61.5099983215332,60.43000030517578,60.70000076293945,33.52360153198242,1715800
2011-07-15,60.93999862670898,61.380001068115234,60.52999877929688,61.369998931884766,33.89364242553711,1526200
2011-07-18,61.18999862670898,61.290000915527344,60.40999984741211,60.93999862670898,33.656150817871094,1272400
2011-07-19,61.310001373291016,61.95000076293945,61.09999847412109,61.91999816894531,34.197391510009766,1363100
2011-07-20,62.15999984741211,62.47999954223633,61.79999923706055,62.369998931884766,34.44591522216797,1508500
2011-07-21,62.709999084472656,63.22999954223633,62.70000076293945,62.869998931884766,34.72206115722656,1373600
2011-07-22,62.9900016784668,63.31999969482422,62.709999084472656,63.18000030517578,34.89326477050781,1184400
2011-07-25,62.47999954223633,62.9900016784668,62.290000915527344,62.59000015258789,34.56741714477539,2624300
2011-07-26,62.54999923706055,62.959999084472656,62.209999084472656,62.72999954223633,34.644752502441406,1815200
2011-07-27,62.380001068115234,62.52999877929688,60.91999816894531,60.970001220703125,33.67272186279297,1794700
2011-07-28,60.95000076293945,61.619998931884766,60.369998931884766,61.02999877929688,33.70586395263672,2360300
2011-07-29,60.4900016784668,61.13999938964844,59.959999084472656,61.040000915527344,33.71138000488281,1982300
2011-08-01,61.77000045776367,62.0,59.63999938964844,60.119998931884766,33.20328521728516,2668900
2011-08-02,59.72999954223633,60.040000915527344,58.130001068115234,58.20000076293945,32.142906188964844,3298000
2011-08-03,58.290000915527344,58.29999923706055,56.209999084472656,57.720001220703125,31.87781143188477,4775700
2011-08-04,57.09999847412109,57.2599983215332,54.7599983215332,54.900001525878906,30.32036590576172,4629400
2011-08-05,55.459999084472656,55.59000015258789,52.70000076293945,53.52999877929688,29.563724517822266,7017600
2011-08-08,51.709999084472656,52.43999862670898,48.720001220703125,48.880001068115234,26.995615005493164,9058400
2011-08-09,49.52000045776367,53.43000030517578,48.959999084472656,53.33000183105469,29.453275680541992,8039400
2011-08-10,52.34999847412109,54.68999862670898,51.65999984741211,52.09999847412109,28.773971557617188,7527500
2011-08-11,52.47999954223633,55.84999847412109,52.130001068115234,54.79999923706055,30.265121459960938,4463100
2011-08-12,55.470001220703125,56.310001373291016,54.4900016784668,54.790000915527344,30.259611129760746,4019100
2011-08-15,55.209999084472656,56.84000015258789,55.11000061035156,56.790000915527344,31.36417579650879,2630500
2011-08-16,56.20000076293945,56.9900016784668,55.66999816894531,56.619998931884766,31.270288467407227,2688800
2011-08-17,56.95000076293945,57.5,56.27000045776367,56.77999877929688,31.358665466308597,2230600
2011-08-18,54.86000061035156,55.45000076293945,53.650001525878906,54.25,29.961376190185547,3488600
2011-08-19,53.20000076293945,54.68000030517578,53.06999969482422,53.209999084472656,29.387008666992188,3271400
2011-08-22,54.40999984741211,54.58000183105469,52.52000045776367,53.27000045776367,29.42013931274414,2213600
2011-08-23,53.34000015258789,54.630001068115234,53.0,54.58000183105469,30.143632888793945,2687800
2011-08-24,54.459999084472656,55.47999954223633,53.959999084472656,55.29999923706055,30.54128646850586,3095000
2011-08-25,55.58000183105469,56.25,53.68999862670898,54.27000045776367,29.972431182861328,2370800
2011-08-26,53.97999954223633,55.130001068115234,52.7400016784668,54.93000030517578,30.336929321289062,2829900
2011-08-29,55.630001068115234,56.86000061035156,55.619998931884766,56.810001373291016,31.375215530395508,1976900
2011-08-30,56.70000076293945,57.38999938964844,55.79999923706055,56.970001220703125,31.46358108520508,2705900
2011-08-31,57.41999816894531,57.88999938964844,56.81999969482422,57.61000061035156,31.817047119140625,3047600
2011-09-01,57.5,57.959999084472656,56.52000045776367,56.77999877929688,31.358665466308597,4270000
2011-09-02,55.63999938964844,56.45000076293945,55.27999877929688,55.43999862670898,30.61858940124512,3459400
2011-09-06,53.72999954223633,55.43999862670898,53.65999984741211,55.20000076293945,30.486034393310547,3163900
2011-09-07,55.90999984741211,57.34999847412109,55.2599983215332,57.27999877929688,31.63479804992676,1902000
2011-09-08,56.869998931884766,57.59000015258789,56.58000183105469,56.84000015258789,31.39179229736328,2395000
2011-09-09,56.31999969482422,56.59000015258789,54.560001373291016,55.060001373291016,30.40873336791992,2436900
2011-09-12,54.18999862670898,55.27999877929688,54.040000915527344,55.2400016784668,30.508134841918945,4245800
2011-09-13,55.59000015258789,55.61000061035156,54.7400016784668,55.369998931884766,30.579931259155277,2166300
2011-09-14,55.5,56.119998931884766,54.68000030517578,55.72999954223633,30.778759002685547,2115200
2011-09-15,56.45000076293945,56.709999084472656,55.83000183105469,56.650001525878906,31.286849975585938,2848800
2011-09-16,56.68000030517578,57.220001220703125,55.93999862670898,57.20000076293945,31.59061813354492,2019000
2011-09-19,56.22999954223633,56.4900016784668,55.79999923706055,55.95000076293945,30.90024948120117,1958600
2011-09-20,55.900001525878906,56.65999984741211,55.709999084472656,55.91999816894531,30.88368225097656,1546600
2011-09-21,55.880001068115234,55.97999954223633,52.93000030517578,52.970001220703125,29.254451751708984,2825000
2011-09-22,51.84000015258789,52.54999923706055,50.869998931884766,51.68000030517578,28.54200935363769,4405500
2011-09-23,51.0,51.7400016784668,50.650001525878906,51.560001373291016,28.752233505249023,2688200
2011-09-26,52.0099983215332,52.369998931884766,51.15999984741211,52.27999877929688,29.153743743896484,2246100
2011-09-27,53.18999862670898,53.77999877929688,52.52999877929688,52.79999923706055,29.443723678588867,1777600
2011-09-28,52.68999862670898,53.2599983215332,51.36000061035156,51.459999084472656,28.69647979736328,2241900
2011-09-29,52.43999862670898,52.56999969482422,51.4900016784668,52.2599983215332,29.142597198486328,2151600
2011-09-30,51.400001525878906,52.369998931884766,50.86000061035156,50.869998931884766,28.36746597290039,1970600
2011-10-03,50.34000015258789,51.27999877929688,48.38999938964844,48.470001220703125,27.029109954833984,5785500
2011-10-04,47.790000915527344,50.58000183105469,47.09999847412109,50.380001068115234,28.09421730041504,5508100
2011-10-05,50.58000183105469,50.58000183105469,47.869998931884766,49.95000076293945,27.854434967041016,8885500
2011-10-06,49.900001525878906,51.40999984741211,49.369998931884766,51.31999969482422,28.61840057373047,2513100
2011-10-07,51.56999969482422,51.810001373291016,49.77999877929688,49.88999938964844,27.82096290588379,2993000
2011-10-10,50.84999847412109,52.38999938964844,50.75,52.380001068115234,29.209508895874023,2280500
2011-10-11,52.0,52.18999862670898,51.06999969482422,51.34000015258789,28.62956428527832,2206200
2011-10-12,51.84999847412109,52.970001220703125,51.34000015258789,52.18000030517578,29.097976684570312,2634100
2011-10-13,51.95000076293945,52.27000045776367,50.810001373291016,51.84000015258789,28.90837287902832,1850000
2011-10-14,52.400001525878906,53.27999877929688,52.290000915527344,53.040000915527344,29.577560424804688,1685600
2011-10-17,52.81999969482422,52.81999969482422,51.65999984741211,51.88999938964844,28.93627548217773,1835000
2011-10-18,51.81999969482422,53.959999084472656,51.720001220703125,53.720001220703125,29.956750869750977,3158600
2011-10-19,53.65999984741211,54.0099983215332,52.869998931884766,53.09999847412109,29.611013412475582,2348600
2011-10-20,53.52999877929688,53.52999877929688,52.08000183105469,53.400001525878906,29.77831077575684,1965200
2011-10-21,53.959999084472656,55.15999984741211,53.93000030517578,55.15999984741211,30.75975799560547,1636200
2011-10-24,55.29999923706055,56.61000061035156,55.040000915527344,56.52999877929688,31.52374839782715,2858800
2011-10-25,56.0,56.25,55.369998931884766,55.61000061035156,31.010704040527344,2190500
2011-10-26,56.08000183105469,56.29999923706055,55.130001068115234,56.02000045776367,31.239347457885746,1919000
2011-10-27,57.900001525878906,59.119998931884766,57.119998931884766,58.68000030517578,32.72267532348633,2167600
2011-10-28,58.150001525878906,58.83000183105469,58.06999969482422,58.79999923706055,32.78960037231445,1971100
2011-10-31,58.2400016784668,58.900001525878906,57.59999847412109,58.13999938964844,32.42155456542969,2033500
2011-11-01,56.34999847412109,57.560001373291016,55.9900016784668,56.27000045776367,31.378742218017575,3614000
2011-11-02,57.11000061035156,57.81999969482422,56.33000183105469,57.34999847412109,31.98100852966309,2302500
2011-11-03,58.04999923706055,58.290000915527344,56.4900016784668,58.13999938964844,32.42155456542969,2155400
2011-11-04,57.65999984741211,57.77999877929688,56.70000076293945,57.66999816894531,32.15947341918945,1500600
2011-11-07,57.59000015258789,58.369998931884766,56.900001525878906,57.68000030517578,32.1650390625,1661500
2011-11-08,58.0,58.4900016784668,56.709999084472656,58.43000030517578,32.58327102661133,1250100
2011-11-09,57.09999847412109,57.40999984741211,55.630001068115234,55.7599983215332,31.0943546295166,1950700
2011-11-10,56.33000183105469,56.61000061035156,55.400001525878906,55.75,31.08877944946289,2765200
2011-11-11,56.41999816894531,57.41999816894531,56.11000061035156,57.25,31.925254821777344,1796700
2011-11-14,56.97999954223633,57.060001373291016,55.810001373291016,56.18999862670898,31.334131240844727,2019900
2011-11-15,55.900001525878906,57.0099983215332,55.630001068115234,56.61000061035156,31.56834983825684,1725800
2011-11-16,56.060001373291016,56.93999862670898,55.93000030517578,56.06999969482422,31.267229080200195,1466300
2011-11-17,55.97999954223633,56.04999923706055,54.70000076293945,55.040000915527344,30.692853927612305,2401000
2011-11-18,55.380001068115234,55.4900016784668,54.75,55.38999938964844,30.888023376464844,1924800
2011-11-21,54.58000183105469,54.58000183105469,53.650001525878906,53.9900016784668,30.107332229614254,2054100
2011-11-22,53.77000045776367,54.25,53.38999938964844,53.7400016784668,29.96791648864746,2021300
2011-11-23,53.290000915527344,53.290000915527344,52.060001373291016,52.119998931884766,29.06452178955078,1728000
2011-11-25,52.0,53.29999923706055,51.88999938964844,52.34999847412109,29.192779541015625,680200
2011-11-28,53.880001068115234,54.16999816894531,53.08000183105469,53.52000045776367,29.845239639282227,1721900
2011-11-29,53.59999847412109,53.84999847412109,53.130001068115234,53.43999862670898,29.80061149597168,1794100
2011-11-30,54.810001373291016,56.0,54.7599983215332,55.93000030517578,31.18916320800781,2171600
2011-12-01,55.90999984741211,55.90999984741211,54.91999816894531,55.470001220703125,30.93264389038086,2356400
2011-12-02,55.83000183105469,56.36000061035156,55.369998931884766,55.41999816894531,30.904748916625977,1374500
2011-12-05,56.18000030517578,56.5,55.4900016784668,55.88999938964844,31.16685485839844,1362900
2011-12-06,55.810001373291016,56.13999938964844,55.41999816894531,55.79999923706055,31.11665344238281,2075500
2011-12-07,55.7400016784668,56.61000061035156,55.22999954223633,56.40999984741211,31.456836700439453,1675500
2011-12-08,56.02000045776367,56.20000076293945,55.0099983215332,55.130001068115234,30.74304962158203,1642200
2011-12-09,55.52000045776367,56.61000061035156,55.310001373291016,56.34000015258789,31.41779136657715,1221700
2011-12-12,55.84999847412109,55.84999847412109,54.869998931884766,55.34000015258789,30.860143661499023,1710100
2011-12-13,55.619998931884766,56.11000061035156,54.40999984741211,54.68999862670898,30.497657775878903,1555200
2011-12-14,54.4900016784668,55.59000015258789,54.29999923706055,55.0099983215332,30.67610740661621,2213400
2011-12-15,55.5099983215332,56.15999984741211,55.36000061035156,55.93000030517578,31.18916320800781,1268500
2011-12-16,56.15999984741211,57.0099983215332,56.060001373291016,56.54999923706055,31.534894943237305,1749800
2011-12-19,56.650001525878906,56.869998931884766,55.90999984741211,56.060001373291016,31.261653900146484,1366200
2011-12-20,56.84999847412109,57.81999969482422,56.68000030517578,57.7599983215332,32.20964813232422,1248400
2011-12-21,57.72999954223633,57.93999862670898,57.27000045776367,57.7400016784668,32.1984977722168,2621500
2011-12-22,57.95000076293945,58.869998931884766,57.81999969482422,58.56999969482422,32.66133117675781,1388200
2011-12-23,58.29999923706055,58.34000015258789,57.77000045776367,58.18000030517578,32.80342102050781,2307400
2011-12-27,58.09999847412109,58.84999847412109,57.77999877929688,58.43999862670898,32.95001983642578,1173200
2011-12-28,58.560001373291016,58.619998931884766,57.709999084472656,57.7400016784668,32.55533599853516,1359300
2011-12-29,57.900001525878906,58.380001068115234,57.72999954223633,58.25,32.8428840637207,948500
2011-12-30,58.369998931884766,58.709999084472656,57.97999954223633,58.0,32.70193099975586,1969300
2012-01-03,59.04999923706055,59.650001525878906,57.9900016784668,58.4900016784668,32.97820281982422,6177500
2012-01-04,58.09999847412109,58.25,57.31999969482422,57.4900016784668,32.41437530517578,2393900
2012-01-05,57.47999954223633,58.150001525878906,57.02999877929688,58.02999877929688,32.718841552734375,1805000
2012-01-06,58.18000030517578,58.34000015258789,57.56999969482422,57.84000015258789,32.611724853515625,1337800
2012-01-09,58.0099983215332,58.119998931884766,57.4900016784668,57.63999938964844,32.498958587646484,1537200
2012-01-10,58.310001373291016,58.650001525878906,58.18999862670898,58.27999877929688,32.859798431396484,1558300
2012-01-11,58.18999862670898,58.79999923706055,58.02000045776367,58.68999862670898,33.09096908569336,1407000
2012-01-12,58.63999938964844,58.77999877929688,57.90999984741211,58.2599983215332,32.84854507446289,1734500
2012-01-13,58.0,58.400001525878906,57.66999816894531,58.38999938964844,32.921836853027344,1534700
2012-01-17,58.970001220703125,59.290000915527344,58.63999938964844,58.869998931884766,33.19246292114258,1450300
2012-01-18,58.959999084472656,59.47999954223633,58.81999969482422,59.27999877929688,33.42363739013672,1522000
2012-01-19,59.5099983215332,59.72999954223633,59.209999084472656,59.5099983215332,33.55331802368164,1277300
2012-01-20,59.56999969482422,59.93999862670898,59.15999984741211,59.880001068115234,33.761924743652344,1352900
2012-01-23,60.06999969482422,60.400001525878906,59.77000045776367,60.16999816894531,33.92544174194336,1238800
2012-01-24,59.97999954223633,60.630001068115234,59.77999877929688,60.630001068115234,34.18479537963867,1820800
2012-01-25,60.59000015258789,61.459999084472656,60.34999847412109,61.40999984741211,34.62458419799805,1499400
2012-01-26,61.720001220703125,62.119998931884766,61.54999923706055,61.84000015258789,34.86703109741211,1620800
2012-01-27,61.65999984741211,62.04999923706055,61.34999847412109,61.86000061035156,34.8783073425293,1498300
2012-01-30,61.58000183105469,61.58000183105469,61.09999847412109,61.400001525878906,34.618953704833984,2355500
2012-01-31,61.72999954223633,61.84000015258789,61.29999923706055,61.70000076293945,34.788089752197266,2069500
2012-02-01,62.209999084472656,62.400001525878906,61.959999084472656,62.310001373291016,35.13201904296875,3222200
2012-02-02,62.36000061035156,62.459999084472656,62.119998931884766,62.45000076293945,35.21096420288086,2712600
2012-02-03,62.97999954223633,63.34999847412109,62.72999954223633,63.31999969482422,35.70148468017578,2698900
2012-02-06,63.15999984741211,63.310001373291016,62.7599983215332,63.119998931884766,35.58872985839844,1778100
2012-02-07,63.09999847412109,63.20000076293945,62.83000183105469,62.959999084472656,35.49851608276367,1985800
2012-02-08,63.06999969482422,63.34999847412109,62.630001068115234,63.06999969482422,35.56053924560547,1735200
2012-02-09,63.20000076293945,63.27000045776367,62.2400016784668,62.61000061035156,35.301177978515625,1438000
2012-02-10,62.09999847412109,62.45000076293945,61.84000015258789,62.02999877929688,34.974159240722656,1675200
2012-02-13,62.369998931884766,62.81999969482422,62.29999923706055,62.65999984741211,35.32936477661133,1842100
2012-02-14,62.630001068115234,62.72999954223633,61.63999938964844,62.02000045776367,34.96851348876953,1866500
2012-02-15,62.220001220703125,62.220001220703125,61.43999862670898,61.650001525878906,34.75990295410156,1969800
2012-02-16,61.88999938964844,62.41999816894531,61.52000045776367,62.29999923706055,35.12638854980469,2318000
2012-02-17,62.5,62.5,61.91999816894531,62.34999847412109,35.15458297729492,1695100
2012-02-21,62.47999954223633,62.54999923706055,61.13999938964844,61.380001068115234,34.607666015625,2815800
2012-02-22,61.34000015258789,61.59000015258789,60.77999877929688,60.86000061035156,34.314491271972656,2261300
2012-02-23,60.790000915527344,61.650001525878906,60.77999877929688,61.619998931884766,34.743003845214844,2453200
2012-02-24,61.790000915527344,61.91999816894531,61.310001373291016,61.70000076293945,34.788089752197266,1810800
2012-02-27,61.36000061035156,61.810001373291016,60.84000015258789,61.59999847412109,34.73170471191406,2002800
2012-02-28,61.77999877929688,61.86000061035156,61.04999923706055,61.2400016784668,34.52873611450195,2381700
2012-02-29,61.400001525878906,61.68999862670898,60.88999938964844,60.9900016784668,34.387779235839844,3013500
2012-03-01,61.04999923706055,61.52000045776367,61.0,61.36000061035156,34.59639358520508,3386900
2012-03-02,61.220001220703125,61.61000061035156,61.060001373291016,61.27000045776367,34.54564666748047,1860100
2012-03-05,61.25,61.88999938964844,60.97999954223633,61.88999938964844,34.89522171020508,1830300
2012-03-06,61.15999984741211,61.68999862670898,60.95000076293945,61.06999969482422,34.43288040161133,2236400
2012-03-07,61.34999847412109,61.41999816894531,60.650001525878906,61.400001525878906,34.618953704833984,1367200
2012-03-08,61.54999923706055,61.59999847412109,60.90999984741211,61.08000183105469,34.43852233886719,1454200
2012-03-09,61.2599983215332,61.59999847412109,61.0,61.380001068115234,34.607666015625,1621800
2012-03-12,61.34999847412109,62.0099983215332,61.34999847412109,61.83000183105469,34.86139297485352,2644800
2012-03-13,62.150001525878906,63.18000030517578,62.06999969482422,63.08000183105469,35.5661735534668,2407300
2012-03-14,63.15999984741211,63.33000183105469,62.52000045776367,62.90999984741211,35.470314025878906,2280800
2012-03-15,63.060001373291016,63.060001373291016,62.58000183105469,62.81999969482422,35.4195671081543,1595600
2012-03-16,62.90999984741211,63.2400016784668,62.810001373291016,63.18000030517578,35.62255096435547,1799600
2012-03-19,63.18000030517578,63.970001220703125,62.93999862670898,63.619998931884766,35.87065124511719,2106100
2012-03-20,63.22999954223633,63.77999877929688,63.220001220703125,63.52999877929688,35.81988906860352,1795700
2012-03-21,63.63999938964844,63.7400016784668,63.41999816894531,63.43999862670898,35.76914978027344,1515200
2012-03-22,63.08000183105469,63.08000183105469,62.18999862670898,62.56999969482422,35.27861785888672,3203400
2012-03-23,62.630001068115234,63.27000045776367,62.34999847412109,62.959999084472656,35.49851608276367,2495000
2012-03-26,63.0099983215332,63.31999969482422,62.790000915527344,63.18999862670898,35.9145622253418,1630000
2012-03-27,63.31999969482422,63.58000183105469,63.08000183105469,63.20000076293945,35.92024612426758,3449500
2012-03-28,63.220001220703125,63.25,62.459999084472656,63.09999847412109,35.863407135009766,1573800
2012-03-29,62.70000076293945,63.18000030517578,62.34000015258789,63.130001068115234,35.880455017089844,1530300
2012-03-30,63.380001068115234,63.790000915527344,63.27999877929688,63.650001525878906,36.17599868774414,2059900
2012-04-02,63.72999954223633,64.16999816894531,63.4900016784668,64.0999984741211,36.4317512512207,6716800
2012-04-03,64.06999969482422,64.19000244140625,63.59999847412109,63.84999847412109,36.28966522216797,2338900
2012-04-04,63.369998931884766,63.470001220703125,62.88999938964844,63.150001525878906,35.891815185546875,2045700
2012-04-05,62.97999954223633,63.209999084472656,62.68000030517578,62.90999984741211,35.75541305541992,2925300
2012-04-09,62.16999816894531,62.52000045776367,61.83000183105469,62.2400016784668,35.37460708618164,1126900
2012-04-10,62.25,62.41999816894531,60.84000015258789,60.900001525878906,34.61301803588867,2670600
2012-04-11,61.5,61.70000076293945,61.18000030517578,61.68000030517578,35.05632781982422,1917300
2012-04-12,61.810001373291016,62.560001373291016,61.52999877929688,62.52999877929688,35.53944396972656,1373400
2012-04-13,62.43999862670898,62.630001068115234,62.02000045776367,62.27000045776367,35.39165496826172,2097600
2012-04-16,62.650001525878906,63.4900016784668,62.459999084472656,63.119998931884766,35.87477493286133,1973400
2012-04-17,63.5099983215332,63.93000030517578,63.02000045776367,63.65999984741211,36.181678771972656,1524000
2012-04-18,63.52000045776367,63.650001525878906,63.22999954223633,63.22999954223633,35.93730545043945,1278100
2012-04-19,63.310001373291016,63.619998931884766,62.93000030517578,63.22999954223633,35.93730545043945,2543700
2012-04-20,63.5,64.26000213623047,63.38999938964844,64.0,36.37492370605469,1649700
2012-04-23,63.560001373291016,63.59000015258789,62.90999984741211,63.34000015258789,35.99980163574219,1764500
2012-04-24,63.43999862670898,64.33000183105469,63.400001525878906,64.29000091552734,36.53974914550781,2618500
2012-04-25,64.69000244140625,65.05000305175781,64.58999633789062,65.02999877929688,36.96034240722656,2191000
2012-04-26,64.91999816894531,65.33999633789062,64.66999816894531,65.19000244140625,37.05127716064453,1885400
2012-04-27,65.5,65.76000213623047,65.01000213623047,65.63999938964844,37.30702972412109,2058500
2012-04-30,65.55000305175781,65.62999725341797,65.02999877929688,65.47000122070312,37.21041870117188,2165000
2012-05-01,65.55000305175781,66.69000244140625,65.47000122070312,66.18000030517578,37.61395263671875,3024200
2012-05-02,65.87000274658203,66.22000122070312,65.44999694824219,66.08000183105469,37.55709838867188,1801900
2012-05-03,66.29000091552734,66.4000015258789,65.79000091552734,65.8499984741211,37.426387786865234,2099900
2012-05-04,65.58999633789062,65.62999725341797,65.05000305175781,65.2699966430664,37.09674835205078,1480000
2012-05-07,65.06999969482422,65.87999725341797,65.0,65.7300033569336,37.358192443847656,1574000
2012-05-08,65.36000061035156,65.69000244140625,65.0,65.61000061035156,37.28997802734375,1610900
2012-05-09,65.08999633789062,65.86000061035156,64.87999725341797,65.4000015258789,37.17062759399414,2729800
2012-05-10,65.81999969482422,65.9000015258789,65.01000213623047,65.44999694824219,37.19905090332031,2346300
2012-05-11,65.11000061035156,65.83000183105469,64.94999694824219,65.58999633789062,37.27861404418945,2780400
2012-05-14,64.87999725341797,65.38999938964844,64.72000122070312,64.76000213623047,36.80688095092773,2759300
2012-05-15,64.80000305175781,64.83000183105469,64.23999786376953,64.41999816894531,36.61363983154297,2525400
2012-05-16,64.72000122070312,64.72000122070312,63.59999847412109,63.709999084472656,36.21009063720703,2051300
2012-05-17,63.68999862670898,63.720001220703125,61.84999847412109,61.84999847412109,35.15294647216797,3341500
2012-05-18,62.04999923706055,62.34999847412109,60.90999984741211,61.09999847412109,34.726680755615234,2888400
2012-05-21,61.22999954223633,62.540000915527344,61.150001525878906,62.43000030517578,35.48261260986328,2124900
2012-05-22,62.66999816894531,62.93000030517578,62.25,62.54999923706055,35.550804138183594,1767400
2012-05-23,62.11000061035156,62.790000915527344,61.54999923706055,62.63999938964844,35.60196304321289,2668900
2012-05-24,62.880001068115234,63.220001220703125,62.18000030517578,62.91999816894531,35.76109313964844,1369500
2012-05-25,62.83000183105469,63.16999816894531,62.470001220703125,62.66999816894531,35.61901092529297,1383000
2012-05-29,63.04999923706055,63.619998931884766,62.900001525878906,63.560001373291016,36.12485122680664,1423600
2012-05-30,63.119998931884766,63.209999084472656,62.04999923706055,62.04999923706055,35.266624450683594,1484000
2012-05-31,62.16999816894531,63.0099983215332,61.52000045776367,62.52000045776367,35.53373336791992,2127000
2012-06-01,61.59999847412109,61.79999923706055,60.86000061035156,60.9900016784668,34.66416549682617,3453800
2012-06-04,60.959999084472656,61.130001068115234,60.13999938964844,60.56999969482422,34.42545700073242,3573700
2012-06-05,60.310001373291016,61.93000030517578,60.29999923706055,61.81999969482422,35.13589859008789,2871000
2012-06-06,62.310001373291016,63.18999862670898,62.0,63.18999862670898,35.9145622253418,6758200
2012-06-07,63.7599983215332,63.869998931884766,62.650001525878906,62.7400016784668,35.65880584716797,2191500
2012-06-08,62.70000076293945,63.630001068115234,62.59999847412109,63.630001068115234,36.16462707519531,1696000
2012-06-11,64.16000366210938,64.2699966430664,62.119998931884766,62.20000076293945,35.35188293457031,2074000
2012-06-12,62.4900016784668,62.86000061035156,61.88999938964844,62.790000915527344,35.687217712402344,1951500
2012-06-13,62.59000015258789,63.2599983215332,62.209999084472656,62.470001220703125,35.505332946777344,1600500
2012-06-14,62.540000915527344,63.630001068115234,62.4900016784668,63.380001068115234,36.022544860839844,1532600
2012-06-15,63.619998931884766,63.84999847412109,63.22999954223633,63.77000045776367,36.24420166015625,1319900
2012-06-18,63.47999954223633,64.62999725341797,63.36000061035156,64.30000305175781,36.54542541503906,1754000
2012-06-19,64.61000061035156,64.97000122070312,64.05000305175781,64.55999755859375,36.693206787109375,2485300
2012-06-20,64.63999938964844,64.81999969482422,64.1500015258789,64.52999877929688,36.67616271972656,2001800
2012-06-21,64.66000366210938,64.73999786376953,63.380001068115234,63.47999954223633,36.079376220703125,3072600
2012-06-22,63.7599983215332,63.93000030517578,63.06999969482422,63.4900016784668,36.085052490234375,2204200
2012-06-25,62.31999969482422,62.84999847412109,62.18999862670898,62.650001525878906,35.901126861572266,3700200
2012-06-26,62.79999923706055,63.18999862670898,62.43999862670898,62.86000061035156,36.02145767211914,2121600
2012-06-27,63.02000045776367,63.25,62.77000045776367,63.11000061035156,36.16472244262695,1694800
2012-06-28,62.869998931884766,63.810001373291016,62.540000915527344,63.79999923706055,36.56012344360352,1726500
2012-06-29,64.95999908447266,65.47000122070312,64.6500015258789,65.43000030517578,37.4941635131836,2215800
2012-07-02,65.94000244140625,66.16999816894531,65.33000183105469,66.1500015258789,37.906768798828125,3891600
2012-07-03,66.31999969482422,66.69000244140625,66.06999969482422,66.54000091552734,38.13024520874024,1586100
2012-07-05,66.43000030517578,66.6500015258789,65.98999786376953,66.12999725341797,37.89529800415039,1407800
2012-07-06,65.58000183105469,66.4000015258789,65.58000183105469,66.29000091552734,37.98699951171875,1617000
2012-07-09,66.29000091552734,66.44000244140625,65.98999786376953,66.36000061035156,38.027103424072266,1785700
2012-07-10,66.69000244140625,66.69999694824219,65.29000091552734,65.6500015258789,37.62024688720703,1534000
2012-07-11,65.73999786376953,65.8499984741211,65.2699966430664,65.72000122070312,37.66035079956055,1630900
2012-07-12,65.4000015258789,66.25,65.08000183105469,65.91999816894531,37.77496719360352,2271800
2012-07-13,66.12999725341797,66.80999755859375,66.02999877929688,66.7300033569336,38.23912811279297,1484600
2012-07-16,66.68000030517578,67.04000091552734,66.5,66.86000061035156,38.31362533569336,1789000
2012-07-17,67.25,67.70999908447266,66.5999984741211,67.5,38.68037414550781,2007300
2012-07-18,67.41000366210938,67.51000213623047,66.87999725341797,67.0999984741211,38.45115661621094,1690200
2012-07-19,67.12999725341797,67.3499984741211,65.94999694824219,66.4000015258789,38.05002975463867,2365200
2012-07-20,65.91000366210938,66.25,65.75,66.05000305175781,37.849456787109375,1475600
2012-07-23,65.2699966430664,65.75,65.12000274658203,65.56999969482422,37.57440948486328,1342000
2012-07-24,65.6500015258789,65.9000015258789,64.93000030517578,65.3499984741211,37.44833755493164,1941200
2012-07-25,65.66000366210938,65.76000213623047,64.97000122070312,65.31999969482422,37.4311408996582,1350800
2012-07-26,66.1500015258789,66.41999816894531,65.51000213623047,65.9000015258789,37.76351165771485,1365900
2012-07-27,66.30999755859375,67.01000213623047,66.18000030517578,66.52999877929688,38.12451934814453,1469300
2012-07-30,66.62000274658203,67.08000183105469,66.51000213623047,66.83999633789062,38.30215835571289,1370800
2012-07-31,66.91000366210938,66.9800033569336,66.5199966430664,66.73999786376953,38.244850158691406,1782500
2012-08-01,67.12000274658203,67.4800033569336,66.41999816894531,66.41999816894531,38.06148910522461,2666100
2012-08-02,66.4000015258789,66.7300033569336,65.91999816894531,66.61000061035156,38.17036819458008,1637600
2012-08-03,67.23999786376953,67.41000366210938,67.0199966430664,67.12999725341797,38.46834182739258,1730800
2012-08-06,67.38999938964844,67.55000305175781,67.05999755859375,67.05999755859375,38.42823791503906,1768200
2012-08-07,67.29000091552734,67.29000091552734,66.2699966430664,66.2699966430664,37.97552490234375,2471600
2012-08-08,66.11000061035156,66.23999786376953,65.5999984741211,65.81999969482422,37.7176513671875,1899300
2012-08-09,65.88999938964844,66.08000183105469,65.5,65.61000061035156,37.59732055664063,1324000
2012-08-10,65.48999786376953,65.7300033569336,65.4000015258789,65.69999694824219,37.64889526367188,987000
2012-08-13,65.66999816894531,65.80000305175781,65.30000305175781,65.6500015258789,37.62024688720703,1448400
2012-08-14,65.87000274658203,65.88999938964844,65.4000015258789,65.51000213623047,37.5400276184082,1586100
2012-08-15,65.43000030517578,65.93000030517578,65.43000030517578,65.80999755859375,37.71192932128906,1079200
2012-08-16,65.86000061035156,66.30999755859375,65.5,66.30999755859375,37.99844741821289,1362700
2012-08-17,66.36000061035156,66.4000015258789,66.08000183105469,66.33000183105469,38.009910583496094,1773500
2012-08-20,66.33999633789062,66.44000244140625,65.80999755859375,66.13999938964844,37.90103149414063,2710100
2012-08-21,66.37999725341797,66.4800033569336,66.13999938964844,66.27999877929688,37.98126602172852,1429600
2012-08-22,66.1500015258789,66.2699966430664,65.51000213623047,66.23999786376953,37.95833206176758,1893100
2012-08-23,66.13999938964844,66.2699966430664,65.80000305175781,66.04000091552734,37.84373092651367,2421000
2012-08-24,65.9800033569336,66.44000244140625,65.7300033569336,66.26000213623047,37.96981430053711,1946500
2012-08-27,66.51000213623047,66.61000061035156,66.12999725341797,66.45999908447266,38.08441162109375,1191000
2012-08-28,66.30999755859375,66.75,66.0999984741211,66.69000244140625,38.21620559692383,1189900
2012-08-29,66.81999969482422,66.8499984741211,66.54000091552734,66.66999816894531,38.20475006103516,1198700
2012-08-30,66.47000122070312,66.63999938964844,66.2699966430664,66.5199966430664,38.1187858581543,1375000
2012-08-31,66.81999969482422,66.87999725341797,66.19999694824219,66.7300033569336,38.23912811279297,2484900
2012-09-04,66.73999786376953,67.2699966430664,66.26000213623047,67.19999694824219,38.50846099853516,1714000
2012-09-05,67.29000091552734,67.3499984741211,66.79000091552734,67.08000183105469,38.439697265625,1612500
2012-09-06,67.37999725341797,67.69000244140625,67.33000183105469,67.68000030517578,38.78352355957031,2373700
2012-09-07,67.81999969482422,67.91999816894531,67.5999984741211,67.73999786376953,38.81790542602539,1648300
2012-09-10,67.63999938964844,67.66000366210938,67.12000274658203,67.20999908447266,38.51419448852539,3773600
2012-09-11,67.19999694824219,67.44000244140625,67.0199966430664,67.41000366210938,38.62880706787109,3574500
2012-09-12,67.47000122070312,67.62999725341797,67.26000213623047,67.55000305175781,38.70903396606445,3416200
2012-09-13,67.62000274658203,68.4800033569336,67.5199966430664,68.37999725341797,39.18464279174805,4467500
2012-09-14,68.54000091552734,69.19999694824219,68.51000213623047,68.76000213623047,39.40242767333984,4855800
2012-09-17,68.79000091552734,69.11000061035156,68.47000122070312,68.55999755859375,39.28779983520508,2430200
2012-09-18,68.3499984741211,68.41000366210938,67.69000244140625,67.91000366210938,38.91532897949219,2344400
2012-09-19,67.97000122070312,68.0199966430664,67.52999877929688,67.52999877929688,38.69755935668945,1972600
2012-09-20,67.2300033569336,67.23999786376953,66.29000091552734,66.52999877929688,38.12451934814453,4285400
2012-09-21,66.63999938964844,66.76000213623047,66.4800033569336,66.54000091552734,38.13024520874024,6134600
2012-09-24,65.7300033569336,66.25,65.69999694824219,65.7699966430664,37.988731384277344,4512700
2012-09-25,65.9800033569336,66.02999877929688,64.7699966430664,64.80000305175781,37.42846298217773,5153600
2012-09-26,64.73999786376953,65.18000030517578,64.66999816894531,64.79000091552734,37.42267990112305,2693300
2012-09-27,65.05000305175781,65.5199966430664,64.83999633789062,65.06999969482422,37.58441925048828,1542000
2012-09-28,64.91999816894531,65.2699966430664,64.58999633789062,64.97000122070312,37.526649475097656,2903500
2012-10-01,65.0999984741211,65.30999755859375,63.81999969482422,64.48999786376953,37.24941635131836,5154300
2012-10-02,64.68000030517578,64.9800033569336,64.41000366210938,64.9800033569336,37.53242874145508,2511100
2012-10-03,65.06999969482422,65.68000030517578,65.0,65.11000061035156,37.60752868652344,2928600
2012-10-04,65.41999816894531,65.62000274658203,64.77999877929688,65.08999633789062,37.59597396850586,2258000
2012-10-05,65.1500015258789,65.5199966430664,64.95999908447266,65.16999816894531,37.64217376708984,1636300
2012-10-08,64.83000183105469,65.05999755859375,64.72000122070312,65.02999877929688,37.56132507324219,1825600
2012-10-09,65.05000305175781,65.36000061035156,64.7699966430664,64.79000091552734,37.42267990112305,2292200
2012-10-10,64.87000274658203,65.19000244140625,64.68000030517578,65.05000305175781,37.572879791259766,1984800
2012-10-11,65.36000061035156,65.52999877929688,65.0,65.0,37.54399108886719,1537800
2012-10-12,65.11000061035156,65.37000274658203,64.70999908447266,64.7699966430664,37.41114807128906,1741200
2012-10-15,64.79000091552734,65.23999786376953,64.45999908447266,65.19999694824219,37.65950775146485,2209900
2012-10-16,65.44999694824219,65.70999908447266,65.4000015258789,65.5999984741211,37.89054870605469,2355800
2012-10-17,65.30999755859375,65.55000305175781,64.98999786376953,65.41999816894531,37.78657531738281,2665300
2012-10-18,65.31999969482422,66.11000061035156,65.31999969482422,66.08999633789062,38.1735725402832,2155900
2012-10-19,66.05999755859375,66.31999969482422,65.44000244140625,65.54000091552734,37.85590744018555,2046100
2012-10-22,65.48999786376953,65.55000305175781,64.83000183105469,65.20999908447266,37.665283203125,1642900
2012-10-23,64.73999786376953,64.86000061035156,64.08999633789062,64.55000305175781,37.28406524658203,1976200
2012-10-24,64.72000122070312,64.94999694824219,64.30000305175781,64.5,37.25518798828125,1701100
2012-10-25,64.86000061035156,65.1500015258789,63.68000030517578,64.31999969482422,37.15121078491211,2028200
2012-10-26,64.30000305175781,64.30000305175781,63.400001525878906,63.7599983215332,36.82777786254883,2320000
2012-10-31,64.04000091552734,64.44000244140625,63.7400016784668,64.37999725341797,37.18587875366211,2616900
2012-11-01,64.5,64.94999694824219,64.22000122070312,64.69000244140625,37.36492156982422,2311200
2012-11-02,65.05999755859375,65.56999969482422,65.01000213623047,65.12000274658203,37.6133041381836,2587100
2012-11-05,65.12000274658203,65.19999694824219,64.30000305175781,64.69000244140625,37.36492156982422,1633100
2012-11-06,64.91999816894531,65.0999984741211,64.55000305175781,64.97000122070312,37.526649475097656,1415100
2012-11-07,64.61000061035156,64.94000244140625,64.37000274658203,64.68000030517578,37.35916519165039,2476300
2012-11-08,64.69999694824219,64.69999694824219,63.900001525878906,63.90999984741211,36.91440582275391,1793200
2012-11-09,63.77999877929688,64.19000244140625,63.45000076293945,63.7400016784668,36.81621551513672,2400500
2012-11-12,63.86000061035156,63.91999816894531,63.34999847412109,63.59000015258789,36.72956848144531,1182200
2012-11-13,63.34999847412109,63.90999984741211,63.25,63.540000915527344,36.70068359375,1648100
2012-11-14,63.810001373291016,63.810001373291016,62.150001525878906,62.34999847412109,36.013336181640625,2489400
2012-11-15,62.380001068115234,62.72999954223633,61.68999862670898,62.060001373291016,35.84584045410156,3151600
2012-11-16,62.11000061035156,62.5,61.65999984741211,62.43999862670898,36.065338134765625,2446300
2012-11-19,63.130001068115234,63.38999938964844,62.79999923706055,63.209999084472656,36.51008224487305,2112300
2012-11-20,63.29999923706055,63.68000030517578,62.86000061035156,63.68000030517578,36.78154754638672,2490200
2012-11-21,63.720001220703125,63.86000061035156,63.2400016784668,63.56999969482422,36.718017578125,1954000
2012-11-23,63.79999923706055,64.08999633789062,63.59999847412109,64.04000091552734,36.98948669433594,921500
2012-11-26,63.900001525878906,64.61000061035156,63.70000076293945,64.16999816894531,37.06459045410156,3668600
2012-11-27,63.65999984741211,64.38999938964844,63.2599983215332,63.810001373291016,36.85663986206055,5494200
2012-11-28,63.70000076293945,63.79999923706055,63.11000061035156,63.72999954223633,36.81044006347656,5931100
2012-11-29,64.12999725341797,64.1500015258789,63.540000915527344,64.08000183105469,37.01258850097656,3011100
2012-11-30,64.0999984741211,64.5199966430664,64.02999877929688,64.20999908447266,37.087677001953125,3312300
2012-12-03,64.4800033569336,64.8499984741211,64.27999877929688,64.47000122070312,37.23786926269531,3735500
2012-12-04,64.37999725341797,64.91000366210938,64.33999633789062,64.56999969482422,37.29562759399414,2379700
2012-12-05,64.61000061035156,64.69000244140625,64.12999725341797,64.37000274658203,37.18009948730469,2487100
2012-12-06,64.55999755859375,64.98999786376953,64.3499984741211,64.97000122070312,37.526649475097656,2335500
2012-12-07,65.05000305175781,65.22000122070312,64.93000030517578,65.20999908447266,37.665283203125,2812900
2012-12-10,65.30000305175781,65.48999786376953,65.05000305175781,65.18000030517578,37.6479606628418,1934200
2012-12-11,65.41999816894531,65.5199966430664,65.19999694824219,65.33999633789062,37.7403678894043,2086900
2012-12-12,65.52999877929688,65.68000030517578,64.9000015258789,65.16000366210938,37.63640975952149,2335300
2012-12-13,65.0,65.23999786376953,64.44999694824219,64.66000366210938,37.34761047363281,2614500
2012-12-14,64.66999816894531,64.81999969482422,64.48999786376953,64.6500015258789,37.341835021972656,2544500
2012-12-17,64.94999694824219,65.05999755859375,64.6500015258789,64.98999786376953,37.53820037841797,2315800
2012-12-18,65.19999694824219,65.66000366210938,65.05999755859375,65.66000366210938,37.92520904541016,2532300
2012-12-19,65.95999908447266,65.98999786376953,65.54000091552734,65.56999969482422,37.87322998046875,3408800
2012-12-20,65.4800033569336,66.45999908447266,65.4800033569336,66.43000030517578,38.36996078491211,2695600
2012-12-21,65.87999725341797,66.55999755859375,65.68000030517578,66.31999969482422,38.306419372558594,2252500
2012-12-24,65.56999969482422,65.80999755859375,65.29000091552734,65.61000061035156,38.357269287109375,1802600
2012-12-26,65.91000366210938,65.91000366210938,65.13999938964844,65.30000305175781,38.176048278808594,1724100
2012-12-27,65.41000366210938,65.66000366210938,64.80999755859375,65.54000091552734,38.31636047363281,2305800
2012-12-28,65.33999633789062,65.72000122070312,65.05999755859375,65.11000061035156,38.064979553222656,1990300
2012-12-31,65.12000274658203,65.80999755859375,64.88999938964844,65.80000305175781,38.46836471557617,3718700
2013-01-02,66.93000030517578,67.08999633789062,66.20999908447266,66.62000274658203,38.94776916503906,5286400
2013-01-03,66.62000274658203,66.94000244140625,66.48999786376953,66.61000061035156,38.9419059753418,3571000
2013-01-04,66.80999755859375,66.94999694824219,66.5199966430664,66.91999816894531,39.123138427734375,2338700
2013-01-07,66.94000244140625,67.12000274658203,66.76000213623047,67.06999969482422,39.21083068847656,2243600
2013-01-08,67.08000183105469,67.19999694824219,66.73999786376953,66.94000244140625,39.13483428955078,1533700
2013-01-09,67.16000366210938,67.22000122070312,66.93000030517578,67.12999725341797,39.24591827392578,2134400
2013-01-10,67.36000061035156,67.55000305175781,66.94000244140625,67.19999694824219,39.28683853149414,2824100
2013-01-11,67.29000091552734,67.37000274658203,66.9000015258789,67.16000366210938,39.263450622558594,2022000
2013-01-14,67.33999633789062,67.36000061035156,67.1500015258789,67.3499984741211,39.37452697753906,1787200
2013-01-15,67.29000091552734,67.76000213623047,67.1500015258789,67.66999816894531,39.56160736083984,2101400
2013-01-16,67.55999755859375,67.62999725341797,67.37999725341797,67.58999633789062,39.51484680175781,2384800
2013-01-17,67.87999725341797,67.91999816894531,67.72000122070312,67.80000305175781,39.637603759765625,2421900
2013-01-18,67.88999938964844,68.08999633789062,67.66000366210938,68.08999633789062,39.8071517944336,2277500
2013-01-22,68.1500015258789,68.44999694824219,68.01000213623047,68.44000244140625,40.01177215576172,2187400
2013-01-23,68.4800033569336,68.52999877929688,68.26000213623047,68.41999816894531,40.00008010864258,2383100
2013-01-24,68.5999984741211,68.73999786376953,68.33000183105469,68.55999755859375,40.081939697265625,2346200
2013-01-25,68.80000305175781,68.98999786376953,68.61000061035156,68.94999694824219,40.30992889404297,2095600
2013-01-28,69.16999816894531,69.29000091552734,68.80999755859375,69.12999725341797,40.415164947509766,3364700
2013-01-29,69.16999816894531,69.33000183105469,69.05999755859375,69.33000183105469,40.53209686279297,2343700
2013-01-30,69.30999755859375,69.30999755859375,68.54000091552734,68.66999816894531,40.14623260498047,1872600
2013-01-31,68.5199966430664,68.61000061035156,68.08999633789062,68.26000213623047,39.906532287597656,2186400
2013-02-01,68.62000274658203,68.86000061035156,68.3499984741211,68.66000366210938,40.1403923034668,3376600
2013-02-04,68.41999816894531,68.7699966430664,68.29000091552734,68.5,40.04684829711914,2827500
2013-02-05,68.75,68.79000091552734,68.25,68.33999633789062,39.95329284667969,2401200
2013-02-06,68.18000030517578,68.58999633789062,68.02999877929688,68.58000183105469,40.09361267089844,8277600
2013-02-07,68.58000183105469,68.69999694824219,68.11000061035156,68.29000091552734,39.924072265625,1793400
2013-02-08,68.44000244140625,68.91999816894531,68.37000274658203,68.91999816894531,40.29239273071289,2799900
2013-02-11,68.8499984741211,69.08999633789062,68.80000305175781,69.0199966430664,40.3508415222168,2177700
2013-02-12,69.16000366210938,69.55000305175781,69.01000213623047,69.54000091552734,40.65486526489258,2357700
2013-02-13,69.70999908447266,69.7300033569336,69.30999755859375,69.5,40.631473541259766,2525900
2013-02-14,69.47000122070312,69.48999786376953,69.16999816894531,69.20999908447266,40.46192932128906,2169200
2013-02-15,69.33000183105469,69.33999633789062,68.97000122070312,69.23999786376953,40.479469299316406,1504200
2013-02-19,69.44999694824219,69.80000305175781,69.36000061035156,69.79000091552734,40.80100631713867,1673700
2013-02-20,69.83000183105469,70.06999969482422,69.33999633789062,69.33999633789062,40.53792190551758,1764500
2013-02-21,69.30999755859375,69.36000061035156,68.66000366210938,68.81999969482422,40.23393630981445,2185700
2013-02-22,69.1500015258789,69.51000213623047,69.04000091552734,69.51000213623047,40.637332916259766,1941400
2013-02-25,69.73999786376953,69.81999969482422,68.19000244140625,68.19000244140625,39.86561965942383,2550400
2013-02-26,68.54000091552734,68.8499984741211,68.12000274658203,68.66000366210938,40.1403923034668,2382800
2013-02-27,68.76000213623047,69.4800033569336,68.55999755859375,69.16000366210938,40.432708740234375,1551400
2013-02-28,69.16000366210938,69.45999908447266,69.05999755859375,69.08999633789062,40.39177322387695,4566400
2013-03-01,68.91000366210938,69.41000366210938,68.55999755859375,69.31999969482422,40.5262451171875,3862400
2013-03-04,69.27999877929688,70.0199966430664,69.27999877929688,69.83999633789062,40.83024597167969,3141000
2013-03-05,70.1500015258789,70.54000091552734,69.83000183105469,70.38999938964844,41.15179061889648,2835800
2013-03-06,70.61000061035156,70.73999786376953,69.91999816894531,70.18000030517578,41.029029846191406,3021800
2013-03-07,70.41000366210938,70.41000366210938,69.79000091552734,69.8499984741211,40.83608627319336,1923300
2013-03-08,70.22000122070312,70.2300033569336,69.52999877929688,69.97000122070312,40.90625381469727,2473300
2013-03-11,69.97000122070312,70.12000274658203,69.70999908447266,70.02999877929688,40.94132232666016,1712600
2013-03-12,70.12999725341797,70.12999725341797,69.6500015258789,69.7699966430664,40.78932571411133,2190100
2013-03-13,69.80000305175781,70.02999877929688,69.55999755859375,69.83999633789062,40.83024597167969,1785000
2013-03-14,69.94999694824219,70.37000274658203,69.86000061035156,70.27999877929688,41.08747863769531,2647700
2013-03-15,70.20999908447266,70.47000122070312,69.91999816894531,70.44000244140625,41.1810188293457,2243800
2013-03-18,69.87999725341797,70.27999877929688,69.87000274658203,70.05000305175781,40.95301055908203,2398300
2013-03-19,70.08000183105469,70.2300033569336,69.2699966430664,69.70999908447266,40.75423812866211,3055200
2013-03-20,69.9800033569336,70.06999969482422,69.69000244140625,69.93000030517578,40.88287353515625,3110100
2013-03-21,69.69999694824219,70.19999694824219,69.66999816894531,69.72000122070312,40.76008605957031,1723800
2013-03-22,69.4000015258789,69.63999938964844,69.26000213623047,69.55000305175781,40.97452926635742,3143500
2013-03-25,69.66999816894531,70.0,69.41999816894531,69.55999755859375,40.98041915893555,2676500
2013-03-26,69.75,70.20999908447266,69.75,70.16000366210938,41.33390808105469,1722600
2013-03-27,69.94999694824219,70.29000091552734,69.80000305175781,70.29000091552734,41.41050720214844,2463100
2013-03-28,70.36000061035156,70.58000183105469,70.0999984741211,70.52999877929688,41.551902770996094,2632300
2013-04-01,70.66000366210938,70.7699966430664,70.11000061035156,70.73999786376953,41.67561340332031,2501200
2013-04-02,70.9800033569336,71.30000305175781,70.79000091552734,70.95999908447266,41.80522537231445,2546100
2013-04-03,71.19999694824219,71.2699966430664,70.55999755859375,70.70999908447266,41.65793228149414,2215900
2013-04-04,70.83999633789062,71.94000244140625,70.76000213623047,71.86000061035156,42.33545684814453,1905200
2013-04-05,71.22000122070312,72.25,71.08999633789062,72.25,42.56520080566406,2288300
2013-04-08,72.27999877929688,72.9000015258789,71.83000183105469,72.83000183105469,42.90689468383789,1773500
2013-04-09,73.08999633789062,73.1500015258789,72.45999908447266,72.83999633789062,42.91280364990234,2537900
2013-04-10,73.12000274658203,73.41000366210938,72.9000015258789,73.29000091552734,43.17790603637695,2088000
2013-04-11,73.44999694824219,74.08000183105469,73.25,73.72000122070312,43.431251525878906,2425000
2013-04-12,73.70999908447266,73.94000244140625,73.51000213623047,73.9000015258789,43.53729248046875,1618800
2013-04-15,73.6500015258789,73.81999969482422,72.37000274658203,72.37000274658203,42.63592147827149,3345500
2013-04-16,72.88999938964844,73.6500015258789,72.33999633789062,73.56999969482422,43.34288024902344,3296300
2013-04-17,73.30000305175781,73.37999725341797,72.2699966430664,72.79000091552734,42.88334655761719,3039700
2013-04-18,72.94999694824219,73.0199966430664,72.33000183105469,72.68000030517578,42.81854248046875,2616900
2013-04-19,72.94999694824219,73.8499984741211,72.76000213623047,73.80000305175781,43.47836685180664,1621200
2013-04-22,74.01000213623047,74.08000183105469,73.27999877929688,73.69999694824219,43.41944885253906,2638500
2013-04-23,74.05999755859375,74.26000213623047,73.58000183105469,74.11000061035156,43.66100692749024,3312300
2013-04-24,74.18000030517578,74.4000015258789,73.94999694824219,74.2699966430664,43.7552490234375,1750700
2013-04-25,74.37000274658203,74.41000366210938,73.62000274658203,74.0199966430664,43.60797500610352,2981700
2013-04-26,73.94999694824219,74.27999877929688,73.70999908447266,73.77999877929688,43.46659851074219,2601000
2013-04-29,74.36000061035156,74.47000122070312,73.8499984741211,74.41000366210938,43.83776092529297,1889800
2013-04-30,74.44999694824219,75.29000091552734,74.37000274658203,75.27999877929688,44.35028839111328,2439700
2013-05-01,75.38999938964844,75.43000030517578,74.52999877929688,74.68000030517578,43.9968147277832,6260100
2013-05-02,74.79000091552734,75.47000122070312,74.79000091552734,75.16999816894531,44.28548812866211,2590600
2013-05-03,75.68000030517578,75.87000274658203,75.31999969482422,75.47000122070312,44.46224212646485,2878800
2013-05-06,75.4800033569336,75.91999816894531,75.4800033569336,75.86000061035156,44.69200897216797,2427700
2013-05-07,75.97000122070312,76.31999969482422,75.70999908447266,76.27999877929688,44.93942260742188,2442800
2013-05-08,76.19000244140625,76.4800033569336,75.9000015258789,76.31999969482422,44.96299743652344,2703100
2013-05-09,76.1500015258789,76.33999633789062,75.70999908447266,75.81999969482422,44.66842651367188,2255800
2013-05-10,76.04000091552734,76.16999816894531,75.75,76.0999984741211,44.8333854675293,1706300
2013-05-13,76.05999755859375,76.51000213623047,76.04000091552734,76.45999908447266,45.04547500610352,2114100
2013-05-14,76.4800033569336,76.94999694824219,76.44999694824219,76.73999786376953,45.210445404052734,2081600
2013-05-15,76.80000305175781,77.5,76.44000244140625,77.5,45.65818786621094,2836800
2013-05-16,77.38999938964844,77.70999908447266,76.86000061035156,77.0999984741211,45.42253494262695,2485200
2013-05-17,77.29000091552734,77.56999969482422,77.05000305175781,77.52999877929688,45.67586135864258,1717700
2013-05-20,77.66000366210938,77.7699966430664,77.37000274658203,77.70999908447266,45.78191757202149,2534100
2013-05-21,77.9000015258789,78.33000183105469,77.87000274658203,78.1500015258789,46.0411262512207,2321300
2013-05-22,78.02999877929688,78.86000061035156,75.75,76.25,44.92177581787109,5514100
2013-05-23,75.62999725341797,75.62999725341797,74.3499984741211,74.81999969482422,44.079288482666016,5071800
2013-05-24,74.55999755859375,74.77999877929688,73.77999877929688,74.62999725341797,43.96735382080078,3020000
2013-05-28,75.48999786376953,75.5999984741211,73.55000305175781,73.98999786376953,43.5903205871582,3666200
2013-05-29,73.41000366210938,73.47000122070312,71.54000091552734,72.41999816894531,42.66536331176758,5983200
2013-05-30,72.30999755859375,72.94999694824219,71.66000366210938,71.73999786376953,42.26475524902344,3753500
2013-05-31,71.4800033569336,72.16000366210938,70.75,70.77999877929688,41.699180603027344,6474200
2013-06-03,70.76000213623047,71.5,70.0999984741211,71.18000030517578,41.93483352661133,6934600
2013-06-04,71.27999877929688,71.4800033569336,70.19000244140625,70.19000244140625,41.35158920288086,4116400
2013-06-05,70.05000305175781,70.47000122070312,69.4000015258789,69.61000061035156,41.0098876953125,4197000
2013-06-06,69.66000366210938,70.80999755859375,69.1500015258789,70.7300033569336,41.66972732543945,5111000
2013-06-07,70.94999694824219,71.12999725341797,69.75,70.73999786376953,41.67561340332031,3588900
2013-06-10,70.9000015258789,70.95999908447266,69.9800033569336,70.12999725341797,41.31624221801758,3347500
2013-06-11,69.3499984741211,69.94999694824219,69.05999755859375,69.08999633789062,40.70352554321289,4747000
2013-06-12,69.4800033569336,69.62000274658203,67.93000030517578,68.1500015258789,40.14974594116211,3558600
2013-06-13,67.86000061035156,70.13999938964844,67.80000305175781,69.91999816894531,41.192501068115234,4603500
2013-06-14,69.98999786376953,71.04000091552734,69.73999786376953,70.18000030517578,41.34570693969727,3547000
2013-06-17,70.69000244140625,71.08000183105469,69.93000030517578,70.37999725341797,41.463523864746094,4148100
2013-06-18,70.48999786376953,71.19999694824219,70.0999984741211,70.73999786376953,41.67561340332031,4303700
2013-06-19,70.51000213623047,70.93000030517578,68.3499984741211,68.56999969482422,40.39718246459961,4929600
2013-06-20,67.77999877929688,67.91000366210938,65.38999938964844,65.72000122070312,38.718143463134766,8148100
2013-06-21,66.2300033569336,67.16999816894531,65.41000366210938,66.61000061035156,39.242462158203125,7812200
2013-06-24,64.83000183105469,67.0999984741211,64.27999877929688,65.68000030517578,39.06462860107422,8414700
2013-06-25,66.44000244140625,67.18000030517578,65.69000244140625,66.77999877929688,39.718875885009766,11383300
2013-06-26,67.52999877929688,67.97000122070312,67.33000183105469,67.79000091552734,40.319602966308594,6721700
2013-06-27,68.33999633789062,69.18000030517578,68.20999908447266,69.1500015258789,41.12849044799805,5114900
2013-06-28,68.88999938964844,69.3499984741211,68.38999938964844,68.72000122070312,40.87275314331055,6234200
2013-07-01,69.26000213623047,69.52999877929688,68.37000274658203,68.56999969482422,40.78351593017578,3141000
2013-07-02,68.66999816894531,69.68000030517578,67.91999816894531,69.62000274658203,41.40803909301758,3707600
2013-07-03,69.38999938964844,69.38999938964844,68.33999633789062,69.16000366210938,41.13443756103516,2446400
2013-07-05,69.1500015258789,69.26000213623047,67.37000274658203,68.83000183105469,40.93816757202149,2506100
2013-07-08,69.08999633789062,69.55999755859375,68.83999633789062,68.9000015258789,40.97981262207031,2918000
2013-07-09,69.30000305175781,70.13999938964844,68.97000122070312,69.87999725341797,41.56267929077149,1955900
2013-07-10,69.87000274658203,70.08000183105469,69.3499984741211,69.91000366210938,41.580528259277344,3267800
2013-07-11,70.94999694824219,71.66999816894531,70.72000122070312,71.5999984741211,42.58568954467773,3844300
2013-07-12,71.83000183105469,71.9000015258789,70.87999725341797,71.16000366210938,42.32399368286133,3398200
2013-07-15,71.37999725341797,71.69000244140625,71.04000091552734,71.45999908447266,42.50242233276367,2942200
2013-07-16,71.37999725341797,71.80000305175781,71.30999755859375,71.51000213623047,42.53215408325195,2946400
2013-07-17,71.83000183105469,71.97000122070312,71.41999816894531,71.7699966430664,42.68678665161133,2209600
2013-07-18,72.08999633789062,72.41000366210938,71.7699966430664,72.37999725341797,43.04960250854492,1931600
2013-07-19,72.30999755859375,72.51000213623047,72.0199966430664,72.33000183105469,43.01986312866211,1864400
2013-07-22,72.37999725341797,72.69000244140625,72.0999984741211,72.55000305175781,43.15073013305664,1934800
2013-07-23,72.77999877929688,72.86000061035156,72.20999908447266,72.47000122070312,43.10314178466797,1402800
2013-07-24,72.5999984741211,72.69999694824219,70.56999969482422,71.05999755859375,42.2645149230957,3115300
2013-07-25,70.98999786376953,71.27999877929688,70.58999633789062,71.16999816894531,42.32992935180664,1760800
2013-07-26,70.94999694824219,71.3499984741211,70.66000366210938,71.2300033569336,42.36561965942383,1586800
2013-07-29,71.06999969482422,71.4000015258789,70.58999633789062,70.69999694824219,42.05039978027344,3562300
2013-07-30,70.9000015258789,71.33000183105469,70.25,70.48999786376953,41.92549514770508,2362600
2013-07-31,70.33000183105469,70.7300033569336,68.7699966430664,69.33999633789062,41.24150085449219,3443900
2013-08-01,69.61000061035156,69.80999755859375,68.88999938964844,69.06999969482422,41.08091735839844,3445000
2013-08-02,69.23999786376953,69.3499984741211,68.70999908447266,68.7300033569336,40.87869644165039,2578300
2013-08-05,68.54000091552734,68.9800033569336,68.47000122070312,68.68000030517578,40.84895324707031,2831300
2013-08-06,68.5999984741211,68.97000122070312,68.33000183105469,68.44000244140625,40.70621109008789,3889300
2013-08-07,68.63999938964844,68.69999694824219,67.91999816894531,68.26000213623047,40.599151611328125,2021200
2013-08-08,68.47000122070312,68.63999938964844,67.93000030517578,68.29000091552734,40.61699295043945,2476400
2013-08-09,68.19999694824219,69.27999877929688,68.0999984741211,68.88999938964844,40.97385787963867,2893000
2013-08-12,68.80999755859375,68.80999755859375,68.08999633789062,68.4000015258789,40.68241500854492,2709000
2013-08-13,68.4000015258789,68.5,67.2699966430664,67.45999908447266,40.123329162597656,3778200
2013-08-14,67.4000015258789,67.62000274658203,67.1500015258789,67.19999694824219,39.96867752075195,2538300
2013-08-15,66.6500015258789,66.81999969482422,65.72000122070312,65.97000122070312,39.237117767333984,3630500
2013-08-16,65.91999816894531,65.91999816894531,64.23999786376953,64.3499984741211,38.27359008789063,4256700
2013-08-19,64.37999725341797,64.37999725341797,63.470001220703125,63.5,37.76803207397461,4763500
2013-08-20,63.869998931884766,65.22000122070312,63.650001525878906,64.94000244140625,38.62451553344727,4124500
2013-08-21,64.36000061035156,65.81999969482422,64.0,64.79000091552734,38.535282135009766,4437200
2013-08-22,64.94999694824219,65.20999908447266,64.43000030517578,65.18000030517578,38.76724243164063,2499500
2013-08-23,65.22000122070312,65.87999725341797,64.94000244140625,65.86000061035156,39.17168045043945,2917800
2013-08-26,65.86000061035156,66.0,65.47000122070312,65.66999816894531,39.05868911743164,2925200
2013-08-27,65.08999633789062,65.73999786376953,65.0,65.3499984741211,38.86836242675781,3355100
2013-08-28,65.47000122070312,65.47000122070312,64.80999755859375,64.94999694824219,38.63045120239258,2142600
2013-08-29,64.7699966430664,65.05999755859375,64.4800033569336,65.05000305175781,38.689918518066406,2334600
2013-08-30,65.20999908447266,65.47000122070312,64.41000366210938,64.5,38.36280822753906,3852400
2013-09-03,64.75,64.98999786376953,63.400001525878906,63.93999862670898,38.02973175048828,6455100
2013-09-04,64.0,64.70999908447266,63.709999084472656,64.48999786376953,38.35686111450195,4261500
2013-09-05,64.55000305175781,64.55000305175781,63.7400016784668,63.810001373291016,37.952415466308594,3024700
2013-09-06,64.38999938964844,65.37999725341797,64.38999938964844,64.80000305175781,38.54123306274414,4582200
2013-09-09,64.87000274658203,66.1500015258789,64.83000183105469,66.1500015258789,39.34417724609375,3579700
2013-09-10,66.30999755859375,66.5,65.72000122070312,66.0999984741211,39.31443405151367,2905300
2013-09-11,66.16000366210938,66.62999725341797,66.05000305175781,66.62999725341797,39.62968063354492,2568000
2013-09-12,66.6500015258789,67.0,66.08000183105469,66.19999694824219,39.373931884765625,2628600
2013-09-13,66.29000091552734,66.5199966430664,66.05999755859375,66.38999938964844,39.486915588378906,2582600
2013-09-16,67.37000274658203,67.93000030517578,66.87999725341797,67.05000305175781,39.87947463989258,4413800
2013-09-17,67.02999877929688,67.55999755859375,66.9000015258789,67.01000213623047,39.85568618774414,3328300
2013-09-18,67.01000213623047,69.36000061035156,66.30999755859375,69.27999877929688,41.20580673217773,4452500
2013-09-19,69.44000244140625,70.06999969482422,69.16999816894531,69.22000122070312,41.17012405395508,5138400
2013-09-20,69.06999969482422,69.37999725341797,67.94000244140625,68.08999633789062,40.498043060302734,4082500
2013-09-23,67.44999694824219,67.77999877929688,66.97000122070312,67.01000213623047,40.220741271972656,3523100
2013-09-24,66.98999786376953,67.16999816894531,66.45999908447266,66.5,39.91462326049805,4447700
2013-09-25,66.63999938964844,67.1500015258789,66.20999908447266,66.72000122070312,40.04667282104492,2626300
2013-09-26,66.83000183105469,67.16000366210938,66.68000030517578,67.12999725341797,40.292747497558594,1465400
2013-09-27,66.94000244140625,67.20999908447266,66.41000366210938,66.8499984741211,40.12469482421875,3412300
2013-09-30,66.29000091552734,67.0,65.88999938964844,66.13999938964844,39.69854736328125,3804700
2013-10-01,66.1500015258789,67.80000305175781,66.0,67.0999984741211,40.27475738525391,4416100
2013-10-02,66.7699966430664,67.23999786376953,66.44999694824219,67.19999694824219,40.33476257324219,2604000
2013-10-03,66.91999816894531,67.05999755859375,65.68000030517578,66.02999877929688,39.63252258300781,6150600
2013-10-04,66.05999755859375,66.41999816894531,65.52999877929688,65.9000015258789,39.55448913574219,2389200
2013-10-07,65.54000091552734,66.47000122070312,65.5,66.19999694824219,39.73457336425781,2267400
2013-10-08,66.11000061035156,66.41999816894531,65.47000122070312,65.4800033569336,39.30239868164063,2622000
2013-10-09,65.5,66.18000030517578,65.4000015258789,65.48999786376953,39.30839538574219,2896600
2013-10-10,66.0199966430664,67.22000122070312,66.0,67.16000366210938,40.31077575683594,2370200
2013-10-11,67.05000305175781,67.9000015258789,66.86000061035156,67.83000183105469,40.71290588378906,2111100
2013-10-14,67.44000244140625,67.94000244140625,67.26000213623047,67.87000274658203,40.73692321777344,2278000
2013-10-15,67.7699966430664,68.19000244140625,67.4800033569336,67.62000274658203,40.58687210083008,3231700
2013-10-16,67.9000015258789,68.95999908447266,67.7699966430664,68.88999938964844,41.34915542602539,3066400
2013-10-17,68.6500015258789,70.05999755859375,68.52999877929688,69.93000030517578,41.9733772277832,3258600
2013-10-18,70.30000305175781,70.31999969482422,69.45999908447266,69.86000061035156,41.93136215209961,2685200
2013-10-21,69.83000183105469,69.87999725341797,69.11000061035156,69.44000244140625,41.67926025390625,2276500
2013-10-22,69.5,70.36000061035156,69.44999694824219,70.08000183105469,42.06341552734375,3611600
2013-10-23,69.94999694824219,70.25,69.68000030517578,70.20999908447266,42.141448974609375,4650000
2013-10-24,70.44999694824219,70.44999694824219,69.79000091552734,70.19000244140625,42.12944030761719,1600400
2013-10-25,70.36000061035156,71.12999725341797,70.19999694824219,71.05000305175781,42.6456184387207,2213000
2013-10-28,71.0999984741211,71.0999984741211,69.94999694824219,70.54000091552734,42.339500427246094,3347400
2013-10-29,70.16000366210938,70.54000091552734,69.7300033569336,70.12999725341797,42.09343338012695,3174900
2013-10-30,70.04000091552734,70.2300033569336,69.19999694824219,69.54000091552734,41.73928451538086,2466500
2013-10-31,69.62000274658203,69.77999877929688,68.66000366210938,69.12999725341797,41.49319076538086,4039600
2013-11-01,69.41000366210938,69.69999694824219,68.7300033569336,69.48999786376953,41.70928955078125,3448800
2013-11-04,69.86000061035156,69.94999694824219,68.9800033569336,69.62000274658203,41.78730773925781,2640800
2013-11-05,69.3499984741211,69.3499984741211,68.3499984741211,68.4800033569336,41.10306930541992,2533800
2013-11-06,68.56999969482422,69.0,68.29000091552734,68.37999725341797,41.04303359985352,2256900
2013-11-07,68.38999938964844,68.62999725341797,67.37999725341797,67.52999877929688,40.532840728759766,3236900
2013-11-08,66.91999816894531,67.22000122070312,65.66000366210938,66.62000274658203,39.98664855957031,3577500
2013-11-11,66.5,67.0999984741211,66.44999694824219,66.69000244140625,40.0286865234375,2243000
2013-11-12,66.51000213623047,66.6500015258789,65.86000061035156,66.38999938964844,39.84858703613281,2269900
2013-11-13,66.29000091552734,66.81999969482422,65.95999908447266,66.81999969482422,40.1067008972168,2547100
2013-11-14,66.98999786376953,67.77999877929688,66.9000015258789,67.29000091552734,40.3887939453125,2483500
2013-11-15,67.3499984741211,67.6500015258789,67.13999938964844,67.54000091552734,40.538856506347656,2140300
2013-11-18,67.79000091552734,67.80000305175781,67.05000305175781,67.12000274658203,40.28675079345703,1739500
2013-11-19,66.9800033569336,67.13999938964844,66.37999725341797,66.6500015258789,40.004661560058594,2202800
2013-11-20,66.61000061035156,67.2699966430664,65.6500015258789,65.83999633789062,39.51847076416016,2922700
2013-11-21,66.0199966430664,66.51000213623047,65.75,66.3499984741211,39.824588775634766,2998000
2013-11-22,66.4800033569336,66.55000305175781,65.73999786376953,66.08999633789062,39.66852951049805,1919400
2013-11-25,66.16000366210938,66.20999908447266,65.69000244140625,65.77999877929688,39.48246765136719,2934200
2013-11-26,65.93000030517578,65.94000244140625,65.4000015258789,65.55000305175781,39.34440612792969,2673400
2013-11-27,65.58000183105469,66.16000366210938,65.4800033569336,66.11000061035156,39.68053817749024,2990600
2013-11-29,65.83000183105469,66.19000244140625,65.4000015258789,65.5,39.31439971923828,2259600
2013-12-02,65.43000030517578,65.62000274658203,64.86000061035156,65.12000274658203,39.08632659912109,3659000
2013-12-03,64.91000366210938,65.20999908447266,64.70999908447266,64.98999786376953,39.00830459594727,2246800
2013-12-04,64.47000122070312,65.69000244140625,64.38999938964844,65.2300033569336,39.15235137939453,3189600
2013-12-05,65.16999816894531,65.55000305175781,64.70999908447266,65.45999908447266,39.2903938293457,2622100
2013-12-06,65.91999816894531,66.0999984741211,65.61000061035156,65.93000030517578,39.57249450683594,2022500
2013-12-09,66.26000213623047,66.30999755859375,65.66000366210938,66.25,39.76457214355469,2326100
2013-12-10,66.12999725341797,66.51000213623047,66.08000183105469,66.08000183105469,39.66253662109375,2439600
2013-12-11,66.08999633789062,66.19999694824219,64.5,64.55999755859375,38.75017547607422,2789100
2013-12-12,64.45999908447266,64.5999984741211,63.959999084472656,64.19999694824219,38.53411483764648,2746100
2013-12-13,64.43000030517578,65.12000274658203,64.19000244140625,64.36000061035156,38.63014221191406,3165400
2013-12-16,64.51000213623047,64.75,64.29000091552734,64.58000183105469,38.76220703125,2571400
2013-12-17,64.61000061035156,65.05999755859375,64.36000061035156,64.87999725341797,38.94227600097656,2640100
2013-12-18,64.91000366210938,66.08999633789062,64.1500015258789,66.02999877929688,39.63252258300781,4120500
2013-12-19,65.83999633789062,65.87000274658203,64.75,65.12000274658203,39.08632659912109,3297500
2013-12-20,65.11000061035156,65.58000183105469,64.94999694824219,65.5199966430664,39.32639694213867,3832900
2013-12-23,65.72000122070312,66.05000305175781,65.56999969482422,65.6500015258789,39.40443801879883,4183400
2013-12-24,64.68000030517578,64.86000061035156,64.52999877929688,64.69999694824219,39.43980026245117,1801200
2013-12-26,64.81999969482422,65.23999786376953,64.58999633789062,64.75,39.47026824951172,4333500
2013-12-27,64.9000015258789,65.0,64.31999969482422,64.88999938964844,39.55561065673828,3277100
2013-12-30,64.87999725341797,65.16000366210938,64.76000213623047,64.91000366210938,39.56780624389648,3603900
2013-12-31,64.91999816894531,65.1500015258789,64.44999694824219,64.55999755859375,39.35444641113281,5576900
2014-01-02,64.27999877929688,64.75,64.05000305175781,64.56999969482422,39.36055374145508,5829600
2014-01-03,64.48999786376953,65.18000030517578,64.41000366210938,64.93000030517578,39.57999801635742,2771700
2014-01-06,65.13999938964844,65.55999755859375,64.93000030517578,65.26000213623047,39.78116226196289,2917500
2014-01-07,65.23999786376953,65.81999969482422,65.06999969482422,65.55000305175781,39.95793533325195,2582600
2014-01-08,65.37999725341797,65.62000274658203,64.94000244140625,65.2300033569336,39.76287460327149,3368400
2014-01-09,65.48999786376953,65.51000213623047,64.75,65.2300033569336,39.76287460327149,2543000
2014-01-10,65.76000213623047,66.16000366210938,65.61000061035156,66.12000274658203,40.30540466308594,2683900
2014-01-13,66.0999984741211,66.2300033569336,65.5,65.68000030517578,40.03717803955078,3650800
2014-01-14,65.91000366210938,66.36000061035156,65.66000366210938,66.16000366210938,40.32979583740234,2383400
2014-01-15,66.1500015258789,66.77999877929688,66.1500015258789,66.66000366210938,40.63457489013672,3069700
2014-01-16,66.55000305175781,66.80999755859375,66.55000305175781,66.77999877929688,40.70771408081055,2704800
2014-01-17,66.8499984741211,66.97000122070312,66.33000183105469,66.38999938964844,40.469970703125,2957800
2014-01-21,66.72000122070312,67.25,66.58999633789062,66.98999786376953,40.83573532104492,3255800
2014-01-22,67.02999877929688,67.47000122070312,67.0,67.27999877929688,41.01249694824219,3432800
2014-01-23,67.05000305175781,67.26000213623047,66.80000305175781,67.12000274658203,40.91497421264648,3262600
2014-01-24,66.81999969482422,66.91999816894531,66.13999938964844,66.27999877929688,40.402931213378906,2745800
2014-01-27,66.31999969482422,66.58000183105469,65.51000213623047,65.7699966430664,40.0920524597168,3818500
2014-01-28,65.8499984741211,66.44000244140625,65.79000091552734,66.31999969482422,40.42732238769531,2406700
2014-01-29,65.98999786376953,66.29000091552734,65.62999725341797,65.95999908447266,40.20785903930664,3308200
2014-01-30,66.20999908447266,67.20999908447266,66.1500015258789,66.95999908447266,40.81744384765625,2990100
2014-01-31,66.43000030517578,67.62000274658203,66.22000122070312,67.31999969482422,41.03689956665039,5454400
2014-02-03,67.22000122070312,67.31999969482422,65.98999786376953,66.25,40.38465881347656,7310400
2014-02-04,66.31999969482422,67.08999633789062,66.05999755859375,67.05000305175781,40.87229919433594,4472100
2014-02-05,66.5999984741211,67.01000213623047,66.54000091552734,66.91000366210938,40.78697204589844,2656000
2014-02-06,66.94999694824219,67.5,66.91000366210938,67.4000015258789,41.08564376831055,2755500
2014-02-07,67.81999969482422,68.01000213623047,67.4000015258789,67.91000366210938,41.39654541015625,5918800
2014-02-10,68.12000274658203,68.75,67.68000030517578,68.55000305175781,41.78667831420898,6276300
2014-02-11,68.43000030517578,69.16000366210938,68.33000183105469,68.81999969482422,41.95125198364258,7136400
2014-02-12,69.0199966430664,69.02999877929688,68.5199966430664,68.86000061035156,41.97563934326172,3335400
2014-02-13,68.61000061035156,69.44000244140625,68.48999786376953,69.12000274658203,42.13413619995117,2754600
2014-02-14,69.01000213623047,69.5199966430664,69.01000213623047,69.38999938964844,42.29872894287109,2509200
2014-02-18,69.61000061035156,69.7300033569336,69.02999877929688,69.7300033569336,42.505985260009766,3819900
2014-02-19,69.5999984741211,70.43000030517578,69.55999755859375,69.69000244140625,42.48159790039063,4334000
2014-02-20,69.69999694824219,70.23999786376953,69.29000091552734,69.54000091552734,42.3901481628418,3503400
2014-02-21,69.58000183105469,70.0,69.19999694824219,69.70999908447266,42.4937744140625,2406000
2014-02-24,69.9800033569336,70.56999969482422,69.83999633789062,69.87999725341797,42.59741973876953,3690100
2014-02-25,70.0,70.44000244140625,69.8499984741211,70.11000061035156,42.73761367797852,3329500
2014-02-26,70.3499984741211,70.52999877929688,70.01000213623047,70.2699966430664,42.83514404296875,4623500
2014-02-27,70.30000305175781,70.52999877929688,69.77999877929688,70.08000183105469,42.71932601928711,3334400
2014-02-28,70.1500015258789,70.98999786376953,70.05000305175781,70.7300033569336,43.11556243896485,8733500
2014-03-03,70.29000091552734,70.83999633789062,70.05999755859375,70.7699966430664,43.139930725097656,5816200
2014-03-04,71.2699966430664,71.87999725341797,71.13999938964844,71.79000091552734,43.76171875,4444400
2014-03-05,71.83999633789062,72.01000213623047,71.13999938964844,71.69999694824219,43.706844329833984,3489400
2014-03-06,71.83000183105469,71.83000183105469,70.94000244140625,71.0999984741211,43.34109878540039,3705600
2014-03-07,70.7699966430664,70.97000122070312,70.0199966430664,70.33000183105469,42.8717155456543,3665900
2014-03-10,70.36000061035156,70.44000244140625,69.69000244140625,69.95999908447266,42.64617919921875,6387500
2014-03-11,70.05000305175781,70.66999816894531,70.0,70.4000015258789,42.9144172668457,5101900
2014-03-12,70.1500015258789,70.69000244140625,70.1500015258789,70.61000061035156,43.04241943359375,2711900
2014-03-13,70.73999786376953,70.87000274658203,70.1500015258789,70.27999877929688,42.84125518798828,3688000
2014-03-14,70.33999633789062,70.77999877929688,70.16000366210938,70.45999908447266,42.95096206665039,2713900
2014-03-17,71.02999877929688,71.06999969482422,70.4000015258789,70.61000061035156,43.04241943359375,3115600
2014-03-18,70.62999725341797,70.9000015258789,70.33999633789062,70.81999969482422,43.17042541503906,2483700
2014-03-19,71.0,71.19000244140625,69.23999786376953,69.4800033569336,42.35358047485352,4561500
2014-03-20,69.37000274658203,69.62000274658203,68.79000091552734,69.5999984741211,42.42674255371094,3811500
2014-03-21,69.81999969482422,70.47000122070312,69.75,70.23999786376953,42.81685256958008,2970400
2014-03-24,70.44000244140625,70.48999786376953,69.41999816894531,69.77999877929688,42.53644561767578,5826500
2014-03-25,69.87000274658203,70.08999633789062,69.44000244140625,69.95999908447266,42.92484664916992,3125500
2014-03-26,70.25,70.37999725341797,69.16000366210938,69.16999816894531,42.440128326416016,4286800
2014-03-27,69.1500015258789,69.66999816894531,68.87000274658203,69.61000061035156,42.71009826660156,3097600
2014-03-28,69.76000213623047,70.29000091552734,69.7300033569336,70.02999877929688,42.96778106689453,2278400
2014-03-31,70.44999694824219,70.83000183105469,69.79000091552734,70.62000274658203,43.32978439331055,3597700
2014-04-01,70.7699966430664,70.94000244140625,70.12999725341797,70.94000244140625,43.526126861572266,5804400
2014-04-02,70.9000015258789,71.06999969482422,70.52999877929688,71.0,43.56295394897461,3266700
2014-04-03,71.0999984741211,71.12999725341797,70.5999984741211,70.8499984741211,43.47091293334961,2372300
2014-04-04,71.1500015258789,71.52999877929688,70.7699966430664,71.08999633789062,43.61815643310547,3600300
2014-04-07,71.11000061035156,71.80000305175781,71.08000183105469,71.31999969482422,43.75928115844727,3845100
2014-04-08,71.37999725341797,71.80000305175781,71.11000061035156,71.76000213623047,44.02924728393555,2935500
2014-04-09,72.0,72.0,71.19999694824219,71.58000183105469,43.91881561279297,4339600
2014-04-10,71.69000244140625,71.9800033569336,70.70999908447266,70.9000015258789,43.50160217285156,4136300
2014-04-11,70.7699966430664,71.1500015258789,70.37000274658203,70.47000122070312,43.23775863647461,3785000
2014-04-14,70.83000183105469,70.98999786376953,70.37000274658203,70.88999938964844,43.49546051025391,2963500
2014-04-15,70.98999786376953,71.76000213623047,70.83999633789062,71.7300033569336,44.010841369628906,3800100
2014-04-16,71.9800033569336,72.27999877929688,71.68000030517578,72.19000244140625,44.29308319091797,2141600
2014-04-17,72.13999938964844,72.1500015258789,71.51000213623047,71.7699966430664,44.03538513183594,3736800
2014-04-21,71.87000274658203,72.26000213623047,71.77999877929688,72.18000030517578,44.28696060180664,2447200
2014-04-22,72.26000213623047,72.43000030517578,71.63999938964844,72.33999633789062,44.38511657714844,2889700
2014-04-23,72.33000183105469,72.47000122070312,71.87000274658203,72.05000305175781,44.20719528198242,3180700
2014-04-24,72.19999694824219,72.48999786376953,72.06999969482422,72.3499984741211,44.39125442504883,2332400
2014-04-25,72.38999938964844,72.43000030517578,71.91000366210938,72.06999969482422,44.219459533691406,2608900
2014-04-28,72.29000091552734,72.69000244140625,71.94000244140625,72.62999725341797,44.56303405761719,2994200
2014-04-29,72.8499984741211,72.98999786376953,72.4800033569336,72.68000030517578,44.59373092651367,2944200
2014-04-30,72.81999969482422,72.98999786376953,72.44999694824219,72.94000244140625,44.75326919555664,2660700
2014-05-01,73.05999755859375,73.31999969482422,72.30999755859375,73.25,44.94346237182617,3817400
2014-05-02,72.9000015258789,73.55000305175781,72.86000061035156,73.2300033569336,44.93119430541992,3495200
2014-05-05,73.0,73.44000244140625,72.69000244140625,73.37999725341797,45.023231506347656,2628500
2014-05-06,73.05999755859375,73.38999938964844,72.87000274658203,73.12000274658203,44.86370468139648,2879800
2014-05-07,73.27999877929688,74.05000305175781,73.16000366210938,74.0,45.40364456176758,4417300
2014-05-08,73.97000122070312,74.51000213623047,73.9000015258789,74.16999816894531,45.507930755615234,3389200
2014-05-09,74.22000122070312,74.44999694824219,73.80000305175781,74.22000122070312,45.53861618041992,3706300
2014-05-12,74.13999938964844,74.5999984741211,74.13999938964844,74.44999694824219,45.67974090576172,2983200
2014-05-13,74.4800033569336,75.0199966430664,73.86000061035156,73.97000122070312,45.38522720336914,2476600
2014-05-14,74.05000305175781,74.30000305175781,73.69000244140625,74.0,45.40364456176758,3956800
2014-05-15,74.05000305175781,74.08000183105469,73.3499984741211,73.95999908447266,45.37910842895508,2941200
2014-05-16,74.02999877929688,74.6500015258789,73.6500015258789,74.63999938964844,45.79631423950195,2478900
2014-05-19,74.61000061035156,74.61000061035156,74.0,74.33999633789062,45.61227416992188,2420400
2014-05-20,74.38999938964844,74.5999984741211,73.87000274658203,74.11000061035156,45.471134185791016,2210200
2014-05-21,74.36000061035156,74.36000061035156,73.5,73.62000274658203,45.170501708984375,2164800
2014-05-22,73.69000244140625,73.9000015258789,73.44999694824219,73.48999786376953,45.09071731567383,1820600
2014-05-23,73.48999786376953,74.16999816894531,73.48999786376953,74.13999938964844,45.48953628540039,1418000
2014-05-27,74.33999633789062,74.70999908447266,74.18000030517578,74.66999816894531,45.81471252441406,2713200
2014-05-28,74.4000015258789,74.43000030517578,73.76000213623047,74.19999694824219,45.526363372802734,2363100
2014-05-29,74.30000305175781,74.4000015258789,74.01000213623047,74.3499984741211,45.61837387084961,2379800
2014-05-30,74.27999877929688,74.77999877929688,74.22000122070312,74.69000244140625,45.82700347900391,3281400
2014-06-02,74.91999816894531,75.11000061035156,74.55999755859375,74.91999816894531,45.96811294555664,3096500
2014-06-03,74.91000366210938,74.97000122070312,74.62000274658203,74.87999725341797,45.94356536865234,1828800
2014-06-04,74.88999938964844,75.19000244140625,74.62999725341797,75.02999877929688,46.03561019897461,1910500
2014-06-05,75.19999694824219,76.44000244140625,74.91000366210938,76.41000366210938,46.882320404052734,4992400
2014-06-06,76.7699966430664,76.7699966430664,75.94999694824219,76.08999633789062,46.68598175048828,9927200
2014-06-09,76.16999816894531,76.33999633789062,75.02999877929688,75.16999816894531,46.12149429321289,2468000
2014-06-10,75.11000061035156,75.19000244140625,74.33999633789062,74.61000061035156,45.77791213989258,2614700
2014-06-11,74.30999755859375,74.7300033569336,74.04000091552734,74.41000366210938,45.65519332885742,2365800
2014-06-12,74.4000015258789,74.45999908447266,73.6500015258789,74.22000122070312,45.53861618041992,2249600
2014-06-13,74.22000122070312,74.52999877929688,73.7300033569336,74.41000366210938,45.65519332885742,1853100
2014-06-16,74.3499984741211,74.66000366210938,73.91999816894531,74.02999877929688,45.42205429077149,2643400
2014-06-17,73.9800033569336,74.30000305175781,73.69999694824219,74.22000122070312,45.53861618041992,1942400
2014-06-18,74.2300033569336,74.91000366210938,73.91999816894531,74.73999786376953,45.857666015625,2734500
2014-06-19,74.94000244140625,75.36000061035156,74.69999694824219,75.36000061035156,46.23807907104492,2555800
2014-06-20,75.36000061035156,75.66000366210938,74.94999694824219,75.62000274658203,46.39761352539063,2133100
2014-06-23,75.58999633789062,75.91000366210938,75.30000305175781,75.30999755859375,46.2073860168457,4780100
2014-06-24,74.62000274658203,74.91000366210938,74.43000030517578,74.66999816894531,46.24145126342773,3286300
2014-06-25,74.58999633789062,74.77999877929688,74.33000183105469,74.5199966430664,46.14857482910156,3838900
2014-06-26,74.55999755859375,74.58999633789062,74.2300033569336,74.44999694824219,46.10523223876953,2612600
2014-06-27,74.33999633789062,75.02999877929688,74.27999877929688,75.0199966430664,46.45819854736328,2013100
2014-06-30,75.06999969482422,75.08000183105469,74.33999633789062,74.83999633789062,46.34673309326172,4124700
2014-07-01,74.88999938964844,75.44000244140625,74.62999725341797,75.23999786376953,46.59444427490234,3025500
2014-07-02,75.23999786376953,75.23999786376953,74.62999725341797,75.05999755859375,46.48298263549805,2935000
2014-07-03,74.79000091552734,74.87999725341797,74.30999755859375,74.62999725341797,46.21669387817383,2878500
2014-07-07,74.51000213623047,74.97000122070312,74.51000213623047,74.8499984741211,46.35292816162109,2436200
2014-07-08,74.62000274658203,75.31999969482422,74.62000274658203,75.06999969482422,46.48916244506836,3175000
2014-07-09,75.16999816894531,75.30999755859375,74.66000366210938,75.19000244140625,46.5634765625,2534800
2014-07-10,74.80999755859375,75.69999694824219,74.72000122070312,75.52999877929688,46.774044036865234,3409400
2014-07-11,75.5,75.62999725341797,75.16999816894531,75.54000091552734,46.78022003173828,2629400
2014-07-14,75.72000122070312,75.9800033569336,75.4000015258789,75.91000366210938,47.00938415527344,1907000
2014-07-15,75.95999908447266,76.0999984741211,75.56999969482422,75.95999908447266,47.04033660888672,2907800
2014-07-16,76.12000274658203,76.2699966430664,75.73999786376953,76.19999694824219,47.188961029052734,2204200
2014-07-17,76.05999755859375,76.18000030517578,75.69999694824219,75.80999755859375,46.94743347167969,2930400
2014-07-18,75.8499984741211,76.58000183105469,75.80000305175781,76.55999755859375,47.41188049316406,2042200
2014-07-21,76.36000061035156,76.41999816894531,76.05000305175781,76.27999877929688,47.23849868774414,2612300
2014-07-22,76.41000366210938,76.75,76.41000366210938,76.5199966430664,47.38713073730469,2536100
2014-07-23,76.61000061035156,76.7699966430664,76.41000366210938,76.66000366210938,47.47382736206055,1972200
2014-07-24,76.8499984741211,76.87999725341797,76.37999725341797,76.55999755859375,47.41188049316406,2035000
2014-07-25,76.66000366210938,76.66000366210938,76.0,76.02999877929688,47.08369064331055,4739600
2014-07-28,76.1500015258789,76.76000213623047,76.0999984741211,76.55999755859375,47.41188049316406,2155500
2014-07-29,76.69999694824219,76.73999786376953,76.08999633789062,76.19000244140625,47.18276596069336,1898000
2014-07-30,76.16999816894531,76.4800033569336,75.66999816894531,76.02999877929688,47.08369064331055,3117400
2014-07-31,75.6500015258789,75.91999816894531,74.9000015258789,74.9000015258789,46.38390350341797,3195700
2014-08-01,74.88999938964844,75.4000015258789,74.72000122070312,74.72000122070312,46.27241134643555,3394800
2014-08-04,74.91999816894531,75.41000366210938,74.38999938964844,75.23999786376953,46.59444427490234,2458400
2014-08-05,74.94999694824219,75.19999694824219,74.30999755859375,74.47000122070312,46.11761093139648,2968400
2014-08-06,74.26000213623047,74.79000091552734,74.0,74.44000244140625,46.09903717041016,1930600
2014-08-07,74.66999816894531,74.87999725341797,74.31999969482422,74.4800033569336,46.123802185058594,2299300
2014-08-08,74.5999984741211,74.97000122070312,74.33000183105469,74.91999816894531,46.39628601074219,2574200
2014-08-11,75.12000274658203,75.61000061035156,75.0,75.38999938964844,46.68733978271485,2307300
2014-08-12,75.37000274658203,75.61000061035156,75.12999725341797,75.2699966430664,46.61302185058594,1510400
2014-08-13,75.41000366210938,76.38999938964844,75.41000366210938,76.36000061035156,47.28805541992188,1847200
2014-08-14,76.5,76.63999938964844,76.1500015258789,76.30999755859375,47.25706481933594,2020500
2014-08-15,76.55000305175781,76.72000122070312,75.94999694824219,76.2300033569336,47.20752334594727,2972400
2014-08-18,76.41000366210938,76.98999786376953,76.41000366210938,76.9800033569336,47.6719970703125,2328200
2014-08-19,77.1500015258789,77.33000183105469,76.87999725341797,77.13999938964844,47.77108001708984,1893300
2014-08-20,77.1500015258789,77.61000061035156,76.72000122070312,77.48999786376953,47.98783874511719,2361100
2014-08-21,77.55000305175781,77.83999633789062,77.31999969482422,77.37000274658203,47.91350555419922,2436900
2014-08-22,77.33999633789062,77.37000274658203,76.48999786376953,76.75,47.529544830322266,2568700
2014-08-25,77.12999725341797,77.19999694824219,76.30999755859375,76.58000183105469,47.42429733276367,1913700
2014-08-26,76.62000274658203,76.94000244140625,76.5999984741211,76.7300033569336,47.51717376708984,1762400
2014-08-27,76.81999969482422,77.0,76.58999633789062,76.77999877929688,47.54814147949219,1527300
2014-08-28,76.72000122070312,76.93000030517578,76.5,76.7699966430664,47.54195022583008,2491900
2014-08-29,76.87000274658203,77.18000030517578,76.70999908447266,77.18000030517578,47.79585647583008,1857400
2014-09-02,77.05000305175781,77.33000183105469,76.9800033569336,77.19000244140625,47.80204772949219,2356800
2014-09-03,77.3499984741211,77.48999786376953,77.11000061035156,77.38999938964844,47.925872802734375,2254000
2014-09-04,77.38999938964844,77.61000061035156,76.86000061035156,77.0999984741211,47.74629211425781,2032500
2014-09-05,77.2300033569336,77.94999694824219,77.12999725341797,77.91999816894531,48.25413131713867,2285600
2014-09-08,77.86000061035156,78.08000183105469,77.61000061035156,77.83999633789062,48.20457458496094,3472300
2014-09-09,77.83999633789062,77.83999633789062,77.22000122070312,77.36000061035156,47.907325744628906,2389600
2014-09-10,77.25,77.25,76.08000183105469,76.13999938964844,47.15179443359375,3369300
2014-09-11,76.05999755859375,76.43000030517578,75.8499984741211,76.19999694824219,47.188961029052734,3158100
2014-09-12,75.8499984741211,75.87000274658203,73.44999694824219,73.86000061035156,45.7398567199707,5664200
2014-09-15,73.83000183105469,74.19999694824219,73.23999786376953,73.5,45.51691055297852,4031200
2014-09-16,73.52999877929688,74.44000244140625,73.5,74.22000122070312,45.96278762817383,3866000
2014-09-17,74.44999694824219,74.8499984741211,74.0999984741211,74.19999694824219,45.950416564941406,3340200
2014-09-18,74.29000091552734,74.4000015258789,73.51000213623047,73.55000305175781,45.54787826538086,3321000
2014-09-19,73.55000305175781,73.95999908447266,73.38999938964844,73.63999938964844,45.60361099243164,3465500
2014-09-22,73.55000305175781,73.5999984741211,73.05999755859375,73.05999755859375,45.24443054199219,2511100
2014-09-23,73.02999877929688,73.3499984741211,72.5,72.52999877929688,44.91619873046875,5408600
2014-09-24,71.8499984741211,72.52999877929688,71.52999877929688,71.66999816894531,44.79619216918945,4459300
2014-09-25,71.70999908447266,71.80999755859375,71.08999633789062,71.3499984741211,44.5961799621582,5149900
2014-09-26,71.23999786376953,72.37999725341797,71.12000274658203,72.30999755859375,45.19621658325195,3992400
2014-09-29,71.87999725341797,72.26000213623047,71.4800033569336,72.20999908447266,45.13371276855469,3798600
2014-09-30,72.23999786376953,72.41000366210938,71.68000030517578,71.8499984741211,44.90869522094727,4720400
2014-10-01,71.5999984741211,72.38999938964844,71.5999984741211,71.91000366210938,44.94621276855469,6004400
2014-10-02,71.8499984741211,72.2699966430664,71.31999969482422,71.79000091552734,44.871192932128906,4035000
2014-10-03,72.08999633789062,72.41999816894531,71.66999816894531,72.23999786376953,45.1524658203125,3338400
2014-10-06,72.43000030517578,72.83999633789062,72.25,72.43000030517578,45.2712287902832,2874400
2014-10-07,72.29000091552734,72.63999938964844,71.8499984741211,71.86000061035156,44.91497039794922,2711000
2014-10-08,72.04000091552734,73.45999908447266,71.98999786376953,73.41999816894531,45.88999938964844,4952700
2014-10-09,73.3499984741211,74.29000091552734,73.30000305175781,73.41999816894531,45.88999938964844,4812800
2014-10-10,73.52999877929688,74.4000015258789,73.47000122070312,73.48999786376953,45.93376922607422,4856500
2014-10-13,73.80000305175781,74.30999755859375,73.5,73.55999755859375,45.97751235961914,4322300
2014-10-14,73.87000274658203,75.26000213623047,73.7699966430664,74.75,46.72130584716797,4833400
2014-10-15,74.48999786376953,75.05999755859375,73.77999877929688,74.45999908447266,46.54005813598633,6098400
2014-10-16,73.48999786376953,74.79000091552734,73.48999786376953,74.58000183105469,46.61504364013672,4380100
2014-10-17,75.16999816894531,75.26000213623047,74.05000305175781,74.66999816894531,46.671295166015625,3592900
2014-10-20,74.80000305175781,75.83000183105469,74.69000244140625,75.80999755859375,47.38383483886719,3538000
2014-10-21,76.05000305175781,76.54000091552734,75.62000274658203,76.5,47.81511306762695,3590600
2014-10-22,76.55000305175781,77.0199966430664,76.38999938964844,76.5199966430664,47.82762145996094,3685100
2014-10-23,76.97000122070312,77.27999877929688,76.58000183105469,77.11000061035156,48.19639205932617,4636200
2014-10-24,77.16999816894531,77.44999694824219,76.61000061035156,77.05000305175781,48.15888214111328,3367300
2014-10-27,77.01000213623047,77.6500015258789,76.94999694824219,77.62000274658203,48.51515197753906,3241900
2014-10-28,77.4000015258789,77.95999908447266,77.31999969482422,77.95999908447266,48.7276611328125,2537300
2014-10-29,77.83000183105469,77.87999725341797,76.8499984741211,77.5199966430664,48.45264053344727,3652200
2014-10-30,77.41999816894531,78.01000213623047,77.12999725341797,78.01000213623047,48.758914947509766,2619400
2014-10-31,78.38999938964844,79.05000305175781,78.30000305175781,78.98999786376953,49.37145614624024,5992000
2014-11-03,79.02999877929688,79.68000030517578,78.87000274658203,79.68000030517578,49.80272674560547,5130100
2014-11-04,79.66000366210938,79.81999969482422,79.0,79.80999755859375,49.883975982666016,2749400
2014-11-05,79.9800033569336,80.18000030517578,79.18000030517578,79.63999938964844,49.7777214050293,2257200
2014-11-06,79.61000061035156,79.91000366210938,78.9000015258789,79.02999877929688,49.396446228027344,3025000
2014-11-07,79.11000061035156,79.30999755859375,78.55000305175781,78.93000030517578,49.33393859863281,3680900
2014-11-10,78.75,79.62000274658203,78.68000030517578,79.58000183105469,49.74021530151367,2141300
2014-11-11,79.55000305175781,79.63999938964844,78.91999816894531,79.2699966430664,49.54646301269531,2158300
2014-11-12,79.30000305175781,79.3499984741211,78.54000091552734,78.66999816894531,49.17144775390625,3648500
2014-11-13,78.83000183105469,79.29000091552734,78.7300033569336,79.0999984741211,49.44021224975586,4038700
2014-11-14,79.0999984741211,79.23999786376953,78.29000091552734,78.44999694824219,49.03392791748047,3117900
2014-11-17,78.3499984741211,78.93000030517578,78.3499984741211,78.80000305175781,49.2526969909668,2501400
2014-11-18,78.80999755859375,79.25,78.66000366210938,79.13999938964844,49.4652214050293,2609900
2014-11-19,78.91999816894531,79.16999816894531,78.41999816894531,78.43000030517578,49.02143859863281,2985900
2014-11-20,78.37000274658203,78.79000091552734,78.05999755859375,78.69000244140625,49.18393325805664,3400800
2014-11-21,79.29000091552734,79.37999725341797,78.95999908447266,79.18000030517578,49.490196228027344,2827500
2014-11-24,79.33999633789062,79.72000122070312,79.29000091552734,79.45999908447266,49.66521453857422,3367400
2014-11-25,79.62999725341797,79.77999877929688,79.30999755859375,79.5999984741211,49.752716064453125,4664900
2014-11-26,79.6500015258789,80.44000244140625,79.6500015258789,80.37000274658203,50.23400115966797,2303900
2014-11-28,80.56999969482422,81.44000244140625,80.4000015258789,80.56999969482422,50.359012603759766,2225200
2014-12-01,80.5,81.05999755859375,80.2699966430664,80.37000274658203,50.23400115966797,5767100
2014-12-02,80.36000061035156,80.95999908447266,79.86000061035156,80.87000274658203,50.5465202331543,3641400
2014-12-03,80.88999938964844,80.9800033569336,80.55000305175781,80.79000091552734,50.49652099609375,3620900
2014-12-04,80.7699966430664,81.11000061035156,80.37000274658203,81.0,50.62776184082031,3367000
2014-12-05,80.81999969482422,80.81999969482422,79.95999908447266,80.58999633789062,50.37151718139648,4100400
2014-12-08,80.44999694824219,82.37999725341797,80.44000244140625,81.0999984741211,50.69025802612305,2651600
2014-12-09,80.30000305175781,81.63999938964844,80.22000122070312,81.47000122070312,50.92152404785156,3905800
2014-12-10,81.26000213623047,81.66000366210938,81.05000305175781,81.38999938964844,50.87153244018555,3634400
2014-12-11,81.37999725341797,81.87000274658203,81.27999877929688,81.54000091552734,50.96528625488281,2845100
2014-12-12,81.36000061035156,81.79000091552734,80.80000305175781,80.83000183105469,50.52151870727539,3903500
2014-12-15,81.27999877929688,81.29000091552734,79.62999725341797,79.77999877929688,49.865230560302734,5900900
2014-12-16,79.77999877929688,80.38999938964844,79.16999816894531,79.66999816894531,49.796485900878906,7097800
2014-12-17,79.79000091552734,81.54000091552734,79.77999877929688,81.5,50.94029998779297,7227900
2014-12-18,82.06999969482422,82.16000366210938,81.43000030517578,82.06999969482422,51.29655075073242,6041800
2014-12-19,82.23999786376953,82.44000244140625,81.80000305175781,82.02999877929688,51.27154541015625,5490300
2014-12-22,81.1500015258789,82.33999633789062,81.11000061035156,82.27999877929688,52.12874603271485,3600200
2014-12-23,82.56999969482422,82.62999725341797,81.83000183105469,82.05000305175781,51.98306274414063,4804100
2014-12-24,82.26000213623047,82.41000366210938,81.62000274658203,81.70999908447266,51.76762771606445,1306900
2014-12-26,82.12000274658203,82.25,81.72000122070312,82.0,51.95133972167969,2907700
2014-12-29,81.9000015258789,82.7699966430664,81.80000305175781,82.44999694824219,52.2364616394043,2789100
2014-12-30,82.44000244140625,82.87999725341797,82.19000244140625,82.38999938964844,52.19844818115234,3292600
2014-12-31,82.7699966430664,83.08999633789062,80.91999816894531,81.0,51.31779861450195,4494500
2015-01-02,81.69999694824219,82.29000091552734,81.33999633789062,82.22000122070312,52.09074020385742,5570500
2015-01-05,82.0,82.87999725341797,81.75,82.66999816894531,52.37586212158203,6073700
2015-01-06,82.75,83.75,82.75,83.48999786376953,52.89533233642578,7577100
2015-01-07,83.80999755859375,84.88999938964844,83.37000274658203,84.7699966430664,53.706298828125,6920700
2015-01-08,85.3499984741211,85.36000061035156,84.41000366210938,85.08999633789062,53.909027099609375,5255000
2015-01-09,85.08999633789062,85.5199966430664,84.55999755859375,85.12999725341797,53.93437194824219,4643900
2015-01-12,85.33999633789062,85.87000274658203,85.18000030517578,85.77999877929688,54.3461799621582,5131800
2015-01-13,86.08000183105469,86.33000183105469,85.19999694824219,85.6500015258789,54.26383209228516,5859600
2015-01-14,85.5999984741211,86.43000030517578,85.1500015258789,86.38999938964844,54.7326545715332,6249100
2015-01-15,86.56999969482422,86.80999755859375,86.04000091552734,86.58999633789062,54.859352111816406,5004100
2015-01-16,86.58999633789062,87.44999694824219,86.27999877929688,87.33999633789062,55.33453750610352,4717000
2015-01-20,87.7300033569336,87.8499984741211,86.44999694824219,86.6500015258789,54.89737319946289,5012700
2015-01-21,86.69000244140625,86.69000244140625,86.18000030517578,86.58999633789062,54.859352111816406,4354500
2015-01-22,86.93000030517578,88.22000122070312,86.70999908447266,88.12999725341797,55.83504486083984,4450600
2015-01-23,88.11000061035156,88.3499984741211,87.68000030517578,87.87999725341797,55.67663192749024,3491800
2015-01-26,88.0,88.69000244140625,87.63999938964844,88.62000274658203,56.145469665527344,2885100
2015-01-27,88.4000015258789,89.0,88.30000305175781,88.6500015258789,56.16450500488281,3209400
2015-01-28,88.83000183105469,89.2699966430664,88.05999755859375,88.05999755859375,55.79067993164063,3948900
2015-01-29,88.45999908447266,88.45999908447266,87.45999908447266,88.37000274658203,55.98711013793945,3337500
2015-01-30,88.20999908447266,88.25,86.54000091552734,86.55000305175781,54.83403396606445,4969800
2015-02-02,86.52999877929688,86.69000244140625,84.69000244140625,86.31999969482422,54.68832015991211,7523600
2015-02-03,86.33000183105469,87.0999984741211,85.66000366210938,87.06999969482422,55.16347885131836,4617400
2015-02-04,86.87000274658203,87.08999633789062,86.20999908447266,86.70999908447266,54.93540573120117,3332800
2015-02-05,86.91999816894531,87.79000091552734,86.66999816894531,87.75,55.59429550170898,2921600
2015-02-06,87.54000091552734,87.66000366210938,84.83000183105469,85.19999694824219,53.97871398925781,6323300
2015-02-09,85.12000274658203,85.61000061035156,84.58000183105469,84.5999984741211,53.59860229492188,4235700
2015-02-10,84.75,85.05999755859375,83.8499984741211,84.87000274658203,53.76963424682617,6144500
2015-02-11,85.04000091552734,85.31999969482422,84.04000091552734,84.62000274658203,53.61127853393555,4027100
2015-02-12,84.81999969482422,85.72000122070312,84.5199966430664,85.62999725341797,54.251163482666016,4523100
2015-02-13,85.9000015258789,85.94000244140625,84.55999755859375,85.05999755859375,53.89002990722656,3444500
2015-02-17,85.0,85.86000061035156,84.6500015258789,84.8499984741211,53.7569694519043,6414800
2015-02-18,84.83999633789062,85.75,84.22000122070312,85.63999938964844,54.25749969482422,5487900
2015-02-19,85.69000244140625,85.69000244140625,83.61000061035156,83.80000305175781,53.09174346923828,5415600
2015-02-20,83.81999969482422,84.73999786376953,83.69000244140625,84.61000061035156,53.60491180419922,4982700
2015-02-23,84.62000274658203,85.33000183105469,84.55000305175781,85.29000091552734,54.0357551574707,3883800
2015-02-24,85.1500015258789,85.1500015258789,83.25,83.61000061035156,52.971378326416016,6027700
2015-02-25,83.69999694824219,84.52999877929688,83.52999877929688,83.62999725341797,52.98403549194336,6699700
2015-02-26,83.62000274658203,83.66000366210938,82.52999877929688,82.72000122070312,52.40751266479492,4738700
2015-02-27,82.9800033569336,83.58000183105469,82.43000030517578,83.37000274658203,52.81932067871094,4328200
2015-03-02,83.58000183105469,84.7699966430664,83.45999908447266,83.8499984741211,53.12343597412109,5353500
2015-03-03,83.73999786376953,83.93000030517578,82.97000122070312,83.69000244140625,53.022071838378906,4311400
2015-03-04,83.69000244140625,83.80000305175781,82.69999694824219,82.88999938964844,52.51522445678711,3054200
2015-03-05,83.0999984741211,83.94999694824219,83.05000305175781,83.12999725341797,52.667266845703125,3503900
2015-03-06,82.05999755859375,82.08999633789062,80.22000122070312,80.37000274658203,50.91866683959961,7166500
2015-03-09,80.6500015258789,81.19000244140625,80.6500015258789,81.01000213623047,51.32415390014648,6548000
2015-03-10,80.7699966430664,81.33000183105469,80.6500015258789,80.94999694824219,51.2861328125,5985700
2015-03-11,81.05000305175781,81.29000091552734,80.70999908447266,81.0199966430664,51.33049011230469,2833100
2015-03-12,81.31999969482422,82.54000091552734,81.29000091552734,82.43000030517578,52.223777770996094,4013200
2015-03-13,82.41999816894531,82.61000061035156,81.83000183105469,82.37999725341797,52.19210433959961,2863500
2015-03-16,82.83999633789062,83.72000122070312,82.62000274658203,83.2300033569336,52.73064422607422,2761500
2015-03-17,83.06999969482422,83.58000183105469,82.70999908447266,83.19999694824219,52.71163558959961,3764800
2015-03-18,83.20999908447266,85.18000030517578,82.7300033569336,84.94000244140625,53.81400680541992,5781800
2015-03-19,84.81999969482422,85.41000366210938,84.55000305175781,84.9000015258789,53.788673400878906,5663200
2015-03-20,85.4000015258789,87.11000061035156,85.11000061035156,87.02999877929688,55.13813018798828,6004800
2015-03-23,87.02999877929688,87.61000061035156,86.73999786376953,86.91999816894531,55.06843948364258,3644100
2015-03-24,86.86000061035156,86.88999938964844,86.16000366210938,86.18000030517578,54.5996208190918,5828800
2015-03-25,85.88999938964844,86.08000183105469,83.94999694824219,84.19000244140625,53.65761947631836,5391800
2015-03-26,83.9800033569336,84.1500015258789,83.37000274658203,83.75,53.37718963623047,5638200
2015-03-27,83.81999969482422,84.22000122070312,83.5199966430664,83.86000061035156,53.44730758666992,2330600
2015-03-30,84.22000122070312,85.13999938964844,84.01000213623047,85.05999755859375,54.21209335327149,4149800
2015-03-31,84.68000030517578,85.27999877929688,84.06999969482422,84.30999755859375,53.73410415649414,2982800
2015-04-01,84.37000274658203,84.6500015258789,83.52999877929688,84.19000244140625,53.65761947631836,6666100
2015-04-02,84.33999633789062,85.13999938964844,84.13999938964844,84.83000183105469,54.065521240234375,3905900
2015-04-06,85.11000061035156,86.0,84.9800033569336,85.70999908447266,54.62636566162109,4398100
2015-04-07,85.69000244140625,85.80999755859375,84.19999694824219,84.19999694824219,53.66399765014648,3039000
2015-04-08,84.47000122070312,84.56999969482422,84.08999633789062,84.33000183105469,53.746849060058594,2630300
2015-04-09,84.19000244140625,84.19000244140625,82.37999725341797,82.58000183105469,52.63150405883789,5098700
2015-04-10,83.01000213623047,83.48999786376953,82.27999877929688,82.5199966430664,52.59326553344727,3651600
2015-04-13,82.48999786376953,82.81999969482422,82.27999877929688,82.30000305175781,52.45307540893555,2348700
2015-04-14,82.4800033569336,83.0,82.4000015258789,82.58999633789062,52.63787078857422,3662600
2015-04-15,82.91999816894531,82.93000030517578,81.91999816894531,81.97000122070312,52.24272918701172,3514000
2015-04-16,81.81999969482422,82.52999877929688,81.43000030517578,82.18000030517578,52.37656784057617,3395400
2015-04-17,81.86000061035156,82.27999877929688,81.23999786376953,81.80000305175781,52.13439178466797,5055300
2015-04-20,82.12999725341797,82.38999938964844,81.66000366210938,81.91999816894531,52.21086502075195,3191200
2015-04-21,82.13999938964844,82.58000183105469,81.83000183105469,82.05999755859375,52.30007553100586,3830400
2015-04-22,82.08000183105469,82.66000366210938,82.01000213623047,82.2300033569336,52.40843200683594,3852800
2015-04-23,82.22000122070312,82.62999725341797,82.05000305175781,82.44999694824219,52.54865264892578,2266200
2015-04-24,82.54000091552734,83.0999984741211,82.25,82.62000274658203,52.656986236572266,2291700
2015-04-27,82.69000244140625,83.30999755859375,82.31999969482422,82.51000213623047,52.58689498901367,2973300
2015-04-28,82.43000030517578,82.62000274658203,81.81999969482422,82.3499984741211,52.48492050170898,3423400
2015-04-29,81.55999755859375,81.95999908447266,80.4800033569336,80.69000244140625,51.42693710327149,3149400
2015-04-30,80.37000274658203,80.47000122070312,78.88999938964844,79.37999725341797,50.59201431274414,8753800
2015-05-01,79.47000122070312,80.52999877929688,79.30999755859375,79.9800033569336,50.97443008422852,5902600
2015-05-04,80.23999786376953,80.80000305175781,79.94000244140625,80.05999755859375,51.02540969848633,4563700
2015-05-05,80.0199966430664,80.0199966430664,78.19000244140625,78.31999969482422,49.91641998291016,6407200
2015-05-06,78.3499984741211,78.54000091552734,77.72000122070312,78.16999816894531,49.820838928222656,6480100
2015-05-07,78.27999877929688,79.68000030517578,78.20999908447266,79.37000274658203,50.58566665649414,6360600
2015-05-08,80.1500015258789,81.56999969482422,80.12000274658203,80.4800033569336,51.29308319091797,5136500
2015-05-11,80.16999816894531,80.70999908447266,79.02999877929688,79.2699966430664,50.521915435791016,3080600
2015-05-12,78.68000030517578,79.76000213623047,78.12000274658203,79.51000213623047,50.67486953735352,4739300
2015-05-13,80.0,80.3499984741211,78.58999633789062,78.75,50.19050216674805,6222300
2015-05-14,79.19000244140625,80.30999755859375,78.98999786376953,80.2699966430664,51.15924072265625,4905400
2015-05-15,80.5999984741211,81.33000183105469,80.41000366210938,81.08999633789062,51.6818733215332,4390600
2015-05-18,80.81999969482422,81.05999755859375,80.44000244140625,80.87999725341797,51.54802703857422,3450200
2015-05-19,80.4800033569336,81.08000183105469,80.41000366210938,80.5999984741211,51.36956787109375,2784700
2015-05-20,80.70999908447266,81.08000183105469,80.43000030517578,80.52999877929688,51.32495880126953,3427400
2015-05-21,80.61000061035156,80.70999908447266,79.77999877929688,80.1500015258789,51.08277893066406,2667800
2015-05-22,79.86000061035156,80.5999984741211,79.5999984741211,80.05000305175781,51.019039154052734,4067500
2015-05-26,80.0,80.05000305175781,79.20999908447266,79.44000244140625,50.63025665283203,3041700
2015-05-27,79.73999786376953,80.3499984741211,79.36000061035156,80.22000122070312,51.12738800048828,2978600
2015-05-28,80.16999816894531,80.38999938964844,79.6500015258789,80.05999755859375,51.02540969848633,2772000
2015-05-29,79.93000030517578,80.19999694824219,79.02999877929688,79.13999938964844,50.43907165527344,4786500
2015-06-01,79.38999938964844,80.26000213623047,79.0199966430664,80.11000061035156,51.05728149414063,4464400
2015-06-02,79.76000213623047,79.80000305175781,79.02999877929688,79.37000274658203,50.58566665649414,3313200
2015-06-03,79.1500015258789,79.30999755859375,78.13999938964844,78.2300033569336,49.85908126831055,3886000
2015-06-04,78.1500015258789,78.44000244140625,77.83000183105469,78.08000183105469,49.76348114013672,3710100
2015-06-05,77.05000305175781,77.80000305175781,76.5,77.20999908447266,49.20898818969727,6141000
2015-06-08,77.19999694824219,77.41000366210938,76.9000015258789,77.06999969482422,49.11976623535156,3347100
2015-06-09,76.81999969482422,77.20999908447266,76.4000015258789,76.51000213623047,48.76285934448242,4604500
2015-06-10,76.47000122070312,77.7300033569336,76.37999725341797,77.05000305175781,49.10701751708984,4332000
2015-06-11,77.62000274658203,77.80999755859375,77.37000274658203,77.5199966430664,49.40655899047852,9411000
2015-06-12,77.23999786376953,77.76000213623047,77.22000122070312,77.44999694824219,49.36194610595703,3125500
2015-06-15,77.37999725341797,77.37999725341797,76.8499984741211,77.02999877929688,49.094276428222656,3565200
2015-06-16,77.0999984741211,77.7699966430664,76.94000244140625,77.6500015258789,49.48942184448242,5474800
2015-06-17,77.70999908447266,78.37000274658203,77.12000274658203,78.30999755859375,49.91006851196289,3922300
2015-06-18,78.36000061035156,79.72000122070312,78.30999755859375,79.38999938964844,50.5984001159668,5616900
2015-06-19,79.44000244140625,79.61000061035156,78.52999877929688,78.77999877929688,50.209617614746094,5986300
2015-06-22,78.77999877929688,79.12999725341797,77.88999938964844,77.97000122070312,49.69336700439453,3898700
2015-06-23,77.6500015258789,77.81999969482422,77.18000030517578,77.31999969482422,49.279109954833984,2933200
2015-06-24,77.3499984741211,77.66000366210938,76.87000274658203,76.9000015258789,49.01141357421875,3900200
2015-06-25,77.0,77.0,76.08999633789062,76.12000274658203,48.514286041259766,4820600
2015-06-26,75.30000305175781,76.08999633789062,75.08999633789062,75.9000015258789,48.86323165893555,3789500
2015-06-29,75.62000274658203,76.37999725341797,74.66999816894531,74.72000122070312,48.103546142578125,5112000
2015-06-30,75.12999725341797,75.38999938964844,74.5,74.69000244140625,48.08424758911133,5855900
2015-07-01,74.37999725341797,75.91999816894531,74.36000061035156,75.91999816894531,48.87611389160156,6318900
2015-07-02,76.45999908447266,77.13999938964844,75.9800033569336,76.11000061035156,48.99842071533203,4303700
2015-07-06,75.7300033569336,76.69000244140625,75.63999938964844,76.58999633789062,49.30744171142578,5116700
2015-07-07,77.0,77.93000030517578,76.80999755859375,77.79000091552734,50.07997512817383,5921000
2015-07-08,77.37000274658203,77.76000213623047,77.25,77.48999786376953,49.8868408203125,4941800
2015-07-09,77.68000030517578,77.94000244140625,76.93000030517578,77.12000274658203,49.64863204956055,3312900
2015-07-10,77.44000244140625,78.27999877929688,77.26000213623047,77.76000213623047,50.0606575012207,4774100
2015-07-13,77.81999969482422,78.73999786376953,77.45999908447266,77.87000274658203,50.131473541259766,2887800
2015-07-14,78.0,78.30000305175781,77.56999969482422,78.02999877929688,50.234466552734375,2422900
2015-07-15,77.83000183105469,78.44000244140625,77.68000030517578,78.16000366210938,50.31818771362305,2238100
2015-07-16,78.29000091552734,78.88999938964844,78.29000091552734,78.79000091552734,50.723751068115234,2494800
2015-07-17,78.73999786376953,78.83000183105469,78.2699966430664,78.51000213623047,50.54350662231445,1803100
2015-07-20,78.31999969482422,78.73999786376953,78.08000183105469,78.5999984741211,50.60143661499024,2164800
2015-07-21,78.68000030517578,78.98999786376953,78.37000274658203,78.37999725341797,50.45980072021485,3540700
2015-07-22,78.44999694824219,79.0,78.37000274658203,78.72000122070312,50.678688049316406,2883500
2015-07-23,78.66999816894531,78.70999908447266,77.2699966430664,77.73999786376953,50.04778671264648,3188900
2015-07-24,77.7699966430664,78.33000183105469,77.52999877929688,78.06999969482422,50.26024627685547,2800300
2015-07-27,77.94000244140625,78.66000366210938,77.94000244140625,78.20999908447266,50.35038375854492,3003000
2015-07-28,78.22000122070312,78.51000213623047,77.9800033569336,78.26000213623047,50.3825569152832,2674000
2015-07-29,78.16999816894531,78.9000015258789,77.8499984741211,78.7699966430664,50.71086883544922,7988100
2015-07-30,78.6500015258789,78.77999877929688,78.12000274658203,78.37999725341797,50.45980072021485,2932500
2015-07-31,78.91999816894531,79.62999725341797,78.8499984741211,79.0,50.85896682739258,5490400
2015-08-03,79.2699966430664,79.56999969482422,79.0,79.48999786376953,51.17439651489258,3766400
2015-08-04,79.72000122070312,79.86000061035156,78.7300033569336,78.91000366210938,50.801002502441406,4087300
2015-08-05,79.0,79.1500015258789,78.08000183105469,78.38999938964844,50.46623611450195,3783100
2015-08-06,78.45999908447266,78.55000305175781,77.19000244140625,78.5,50.53705596923828,3473300
2015-08-07,78.37000274658203,78.9000015258789,77.80000305175781,78.79000091552734,50.723751068115234,3942600
2015-08-10,79.0999984741211,79.16999816894531,78.18000030517578,78.54000091552734,50.56282043457031,2605100
2015-08-11,78.33999633789062,79.38999938964844,78.25,79.05999755859375,50.89757537841797,4539900
2015-08-12,78.77999877929688,79.33000183105469,78.36000061035156,79.30999755859375,51.05852890014648,3229200
2015-08-13,79.12999725341797,79.7300033569336,78.47000122070312,79.4000015258789,51.116458892822266,2381900
2015-08-14,79.16999816894531,79.86000061035156,78.87000274658203,79.83000183105469,51.39330291748047,2558200
2015-08-17,79.91000366210938,80.56999969482422,79.48999786376953,80.51000213623047,51.83105850219727,2912600
2015-08-18,80.47000122070312,80.83000183105469,80.23999786376953,80.7300033569336,51.97270584106445,2904800
2015-08-19,80.51000213623047,80.62000274658203,79.7699966430664,80.25,51.66368103027344,2401000
2015-08-20,79.86000061035156,80.26000213623047,79.41999816894531,79.66000366210938,51.28384399414063,3999800
2015-08-21,79.26000213623047,79.55999755859375,78.18000030517578,78.18000030517578,50.33105850219727,4126300
2015-08-24,75.5199966430664,77.06999969482422,72.25,74.5199966430664,47.97478866577149,10864500
2015-08-25,75.5199966430664,76.0,72.45999908447266,72.47000122070312,46.65504455566406,9163900
2015-08-26,73.19000244140625,74.62999725341797,72.86000061035156,74.43000030517578,47.91684722900391,5067500
2015-08-27,75.12000274658203,76.47000122070312,74.4800033569336,75.87000274658203,48.84391021728516,5627400
2015-08-28,75.81999969482422,75.9800033569336,75.22000122070312,75.76000213623047,48.77308654785156,3881100
2015-08-31,75.58000183105469,75.75,74.02999877929688,74.02999877929688,47.65935134887695,6197200
2015-09-01,73.29000091552734,73.66000366210938,72.0999984741211,72.62000274658203,46.75161743164063,7218400
2015-09-02,73.08999633789062,73.62999725341797,72.72000122070312,73.37000274658203,47.23446273803711,5018500
2015-09-03,73.62000274658203,74.11000061035156,73.4000015258789,73.56999969482422,47.363189697265625,3712600
2015-09-04,73.12000274658203,73.12000274658203,71.66999816894531,72.19999694824219,46.48120880126953,4262900
2015-09-08,72.83999633789062,73.48999786376953,72.61000061035156,73.29000091552734,47.18294525146485,3004500
2015-09-09,73.87000274658203,74.13999938964844,72.33999633789062,72.44999694824219,46.64216232299805,3338100
2015-09-10,72.33000183105469,73.37000274658203,72.25,72.61000061035156,46.74518203735352,4609500
2015-09-11,72.5999984741211,74.0199966430664,72.48999786376953,74.0,47.64003372192383,3892500
2015-09-14,74.11000061035156,74.25,73.81999969482422,74.04000091552734,47.66578674316406,3040500
2015-09-15,74.06999969482422,74.93000030517578,73.56999969482422,74.7699966430664,48.13575744628906,2737200
2015-09-16,74.72000122070312,75.75,74.69000244140625,75.56999969482422,48.65078353881836,3318500
2015-09-17,75.6500015258789,77.73999786376953,75.2699966430664,76.43000030517578,49.20441818237305,6337800
2015-09-18,75.88999938964844,77.20999908447266,75.54000091552734,76.30000305175781,49.120750427246094,5798800
2015-09-21,76.33999633789062,77.33999633789062,76.30000305175781,76.94999694824219,49.53919982910156,3176300
2015-09-22,76.41000366210938,76.83000183105469,75.80999755859375,75.9800033569336,48.91471481323242,2963500
2015-09-23,75.5,76.08000183105469,75.08999633789062,75.69999694824219,49.22162628173828,3708700
2015-09-24,75.58999633789062,75.91000366210938,74.52999877929688,74.98999786376953,48.75997161865234,3707600
2015-09-25,75.31999969482422,75.91999816894531,74.8499984741211,75.29000091552734,48.955039978027344,3330000
2015-09-28,75.12000274658203,75.1500015258789,73.56999969482422,74.12000274658203,48.19428253173828,4094600
2015-09-29,74.56999969482422,75.2300033569336,74.05000305175781,74.91000366210938,48.707950592041016,3784900
2015-09-30,75.44999694824219,75.69000244140625,74.91000366210938,75.54000091552734,49.11758804321289,6237100
2015-10-01,75.66000366210938,76.02999877929688,75.11000061035156,75.91000366210938,49.358184814453125,4105200
2015-10-02,76.11000061035156,76.4800033569336,75.04000091552734,76.45999908447266,49.71579360961914,4602000
2015-10-05,76.77999877929688,77.87999725341797,76.75,77.75,50.55458068847656,5176500
2015-10-06,77.79000091552734,78.20999908447266,77.3499984741211,77.56999969482422,50.43755340576172,3570700
2015-10-07,77.87999725341797,78.45999908447266,77.61000061035156,78.45999908447266,51.016239166259766,4211900
2015-10-08,78.38999938964844,79.19000244140625,78.12999725341797,79.12000274658203,51.44537353515625,3953200
2015-10-09,79.11000061035156,79.18000030517578,78.5999984741211,78.98999786376953,51.36084365844727,3102700
2015-10-12,79.16000366210938,79.8499984741211,78.98999786376953,79.55000305175781,51.724979400634766,3216500
2015-10-13,79.30000305175781,79.5999984741211,78.69999694824219,78.93000030517578,51.32183074951172,2362700
2015-10-14,79.08999633789062,79.18000030517578,78.16999816894531,78.33999633789062,50.93821334838867,3349200
2015-10-15,78.41999816894531,79.41000366210938,78.3499984741211,79.41000366210938,51.63394165039063,2533600
2015-10-16,79.45999908447266,80.1500015258789,79.43000030517578,80.01000213623047,52.024070739746094,2875000
2015-10-19,79.9800033569336,81.12999725341797,79.87000274658203,81.12999725341797,52.752323150634766,3146100
2015-10-20,80.9800033569336,81.31999969482422,80.76000213623047,81.0999984741211,52.73281097412109,2781500
2015-10-21,81.25,81.48999786376953,80.73999786376953,80.80000305175781,52.53775405883789,3460600
2015-10-22,80.95999908447266,81.7699966430664,80.80999755859375,81.51000213623047,52.99940872192383,3504200
2015-10-23,81.54000091552734,81.68000030517578,80.2300033569336,80.72000122070312,52.4857292175293,3421300
2015-10-26,80.75,80.94000244140625,80.05000305175781,80.69999694824219,52.47270965576172,3280000
2015-10-27,80.69000244140625,80.87999725341797,80.2699966430664,80.66999816894531,52.45318984985352,7135300
2015-10-28,80.66999816894531,81.26000213623047,79.25,80.73999786376953,52.49873352050781,4576600
2015-10-29,80.5,80.73999786376953,80.08999633789062,80.62999725341797,52.42720413208008,3283100
2015-10-30,80.63999938964844,80.80999755859375,79.81999969482422,79.88999938964844,51.94603729248047,7057100
2015-11-02,80.06999969482422,81.5999984741211,79.77999877929688,81.58999633789062,53.05142211914063,6869600
2015-11-03,81.41000366210938,81.48999786376953,80.44999694824219,80.7699966430664,52.51823806762695,5285300
2015-11-04,80.81999969482422,80.95999908447266,80.16999816894531,80.41000366210938,52.28416442871094,3165100
2015-11-05,80.44000244140625,80.81999969482422,79.9800033569336,80.7300033569336,52.49224853515625,2804100
2015-11-06,79.43000030517578,79.76000213623047,77.72000122070312,78.22000122070312,50.86017608642578,7070200
2015-11-09,77.72000122070312,77.88999938964844,76.37999725341797,76.87999725341797,49.988887786865234,5919100
2015-11-10,76.87000274658203,77.94000244140625,76.8499984741211,77.76000213623047,50.56108093261719,4688800
2015-11-11,77.76000213623047,78.18000030517578,77.55999755859375,77.8499984741211,50.61960983276367,2228400
2015-11-12,77.63999938964844,78.01000213623047,77.18000030517578,77.31999969482422,50.27497482299805,3212200
2015-11-13,77.36000061035156,77.75,76.37999725341797,76.44000244140625,49.70279312133789,4250100
2015-11-16,76.2699966430664,77.31999969482422,76.12000274658203,77.31999969482422,50.27497482299805,3117900
2015-11-17,77.11000061035156,77.9800033569336,77.02999877929688,77.31999969482422,50.27497482299805,3845600
2015-11-18,77.41000366210938,78.05000305175781,76.91999816894531,78.0,50.71714401245117,3429200
2015-11-19,78.0999984741211,78.62999725341797,77.88999938964844,78.23999786376953,50.87318420410156,3628100
2015-11-20,78.7300033569336,79.30999755859375,78.5,79.22000122070312,51.51041412353516,3964600
2015-11-23,79.26000213623047,79.69000244140625,79.11000061035156,79.38999938964844,51.62093734741211,2370000
2015-11-24,78.95999908447266,79.12999725341797,78.31999969482422,78.97000122070312,51.34785079956055,3498900
2015-11-25,79.01000213623047,79.4800033569336,78.93000030517578,79.29000091552734,51.555908203125,1959700
2015-11-27,79.26000213623047,80.2300033569336,79.23999786376953,79.9800033569336,52.00456619262695,1348700
2015-11-30,80.2699966430664,80.45999908447266,79.18000030517578,79.38999938964844,51.62093734741211,7609800
2015-12-01,79.5,80.5199966430664,79.41999816894531,80.48999786376953,52.33617782592773,3847300
2015-12-02,80.26000213623047,80.37000274658203,78.7300033569336,78.8499984741211,51.269813537597656,5713500
2015-12-03,78.7300033569336,78.8499984741211,77.4000015258789,77.61000061035156,50.46354293823242,4737300
2015-12-04,77.68000030517578,79.29000091552734,77.6500015258789,79.08999633789062,51.42588424682617,3434100
2015-12-07,78.95999908447266,79.19000244140625,78.5199966430664,78.87000274658203,51.28282928466797,4195100
2015-12-08,78.44000244140625,79.08999633789062,78.36000061035156,78.80000305175781,51.23731231689453,3638600
2015-12-09,78.52999877929688,79.16000366210938,77.95999908447266,78.36000061035156,50.951210021972656,4218800
2015-12-10,78.48999786376953,78.76000213623047,77.7300033569336,77.80000305175781,50.58708572387695,3465000
2015-12-11,77.62000274658203,78.01000213623047,77.16999816894531,77.66000366210938,50.49605178833008,3420800
2015-12-14,77.7699966430664,78.05999755859375,77.06999969482422,78.0199966430664,50.73015594482422,4775000
2015-12-15,78.37000274658203,79.26000213623047,78.37000274658203,78.87000274658203,51.28282928466797,3449100
2015-12-16,79.19999694824219,80.56999969482422,79.01000213623047,80.41000366210938,52.28416442871094,4699300
2015-12-17,80.51000213623047,80.58999633789062,79.77999877929688,80.01000213623047,52.024070739746094,3726800
2015-12-18,79.91999816894531,80.05000305175781,79.08000183105469,79.08000183105469,51.41935729980469,5724400
2015-12-21,79.5,79.87000274658203,78.95999908447266,79.38999938964844,51.62093734741211,4455300
2015-12-22,79.56999969482422,80.20999908447266,79.55999755859375,79.70999908447266,51.82900619506836,6484300
2015-12-23,78.80000305175781,79.44000244140625,78.70999908447266,79.41999816894531,52.36171340942383,4029000
2015-12-24,79.2699966430664,79.69000244140625,78.9800033569336,79.41999816894531,52.36171340942383,1426000
2015-12-28,79.16000366210938,79.87000274658203,79.01000213623047,79.86000061035156,52.651817321777344,6628800
2015-12-29,80.0,80.80000305175781,79.87000274658203,80.70999908447266,53.21222305297852,3499800
2015-12-30,80.6500015258789,80.91000366210938,80.37000274658203,80.43000030517578,53.027626037597656,3114300
2015-12-31,80.38999938964844,80.63999938964844,79.72000122070312,79.7300033569336,52.56612777709961,3292400
2016-01-04,79.06999969482422,79.0999984741211,78.04000091552734,78.7699966430664,51.93317794799805,8843700
2016-01-05,78.80000305175781,80.54000091552734,78.7300033569336,80.29000091552734,52.93531036376953,7114700
2016-01-06,79.56999969482422,80.19000244140625,79.52999877929688,80.06999969482422,52.79026794433594,5481200
2016-01-07,79.0999984741211,79.43000030517578,78.43000030517578,78.51000213623047,51.76176452636719,6297500
2016-01-08,79.04000091552734,79.0999984741211,77.33000183105469,77.45999908447266,51.06949615478516,4628600
2016-01-11,77.52999877929688,78.36000061035156,77.5,77.9000015258789,51.35958099365234,4956800
2016-01-12,78.30999755859375,78.41000366210938,76.9800033569336,77.37999725341797,51.0167350769043,5951900
2016-01-13,77.62999725341797,78.19999694824219,76.0999984741211,76.2699966430664,50.284934997558594,7679400
2016-01-14,76.16999816894531,76.77999877929688,75.5199966430664,76.08999633789062,50.166259765625,5167500
2016-01-15,75.13999938964844,75.76000213623047,74.55000305175781,75.56999969482422,49.82341003417969,5571400
2016-01-19,75.91999816894531,76.55999755859375,75.56999969482422,75.97000122070312,50.08713150024414,4978100
2016-01-20,75.0999984741211,75.30000305175781,72.33000183105469,73.93000030517578,48.74216842651367,9091600
2016-01-21,74.27999877929688,75.38999938964844,73.68000030517578,74.33999633789062,49.01247787475586,6849300
2016-01-22,75.05999755859375,76.69999694824219,74.94000244140625,76.41000366210938,50.377227783203125,4542700
2016-01-25,76.25,77.06999969482422,75.7300033569336,75.93000030517578,50.06077194213867,4670100
2016-01-26,76.27999877929688,77.55000305175781,76.12999725341797,77.5199966430664,51.10904693603516,5214000
2016-01-27,77.41999816894531,77.41999816894531,75.54000091552734,76.0199966430664,50.1201057434082,4883200
2016-01-28,76.45999908447266,76.73999786376953,75.1500015258789,75.44000244140625,49.73770523071289,5584400
2016-01-29,75.9000015258789,77.06999969482422,75.33000183105469,76.98999786376953,50.75962066650391,11112200
2016-02-01,76.5199966430664,77.7699966430664,76.2699966430664,77.12000274658203,50.84534454345703,6925300
2016-02-02,76.75,77.0,75.98999786376953,76.41999816894531,50.3838119506836,6406000
2016-02-03,76.80999755859375,77.2300033569336,75.9800033569336,76.93000030517578,50.72008514404297,5729100
2016-02-04,76.87999725341797,77.38999938964844,76.18000030517578,76.97000122070312,50.74644088745117,4286700
2016-02-05,76.80999755859375,76.80999755859375,75.44000244140625,75.51000213623047,49.783878326416016,4033800
2016-02-08,75.0199966430664,75.12000274658203,72.19000244140625,73.3499984741211,48.359745025634766,5440900
2016-02-09,72.61000061035156,72.80000305175781,71.44000244140625,72.0,47.46969985961914,8405600
2016-02-10,72.47000122070312,73.4800033569336,72.18000030517578,72.5,47.79935836791992,3877700
2016-02-11,71.4800033569336,71.94999694824219,70.88999938964844,71.47000122070312,47.12028121948242,4930700
2016-02-12,72.12999725341797,72.48999786376953,71.55000305175781,72.29000091552734,47.66091537475586,5067000
2016-02-16,72.8499984741211,73.69999694824219,72.51000213623047,73.62000274658203,48.53777313232422,3888900
2016-02-17,73.69000244140625,75.08999633789062,73.69000244140625,74.25,48.95313262939453,3060900
2016-02-18,74.41000366210938,75.19999694824219,73.94999694824219,75.0,49.44761276245117,3539700
2016-02-19,74.73999786376953,75.75,74.48999786376953,75.43000030517578,49.73111343383789,2885500
2016-02-22,76.02999877929688,76.70999908447266,76.0,76.1500015258789,50.20580291748047,2966500
2016-02-23,76.08000183105469,76.8499984741211,75.83000183105469,75.94999694824219,50.07394790649414,2608300
2016-02-24,75.62000274658203,76.0199966430664,75.08000183105469,75.86000061035156,50.01460647583008,2997500
2016-02-25,76.19999694824219,77.44999694824219,76.19999694824219,77.41000366210938,51.03654098510742,3399900
2016-02-26,77.33000183105469,77.68000030517578,76.9800033569336,77.01000213623047,50.77280807495117,3180500
2016-02-29,76.93000030517578,77.77999877929688,76.58999633789062,76.70999908447266,50.57501983642578,5057700
2016-03-01,76.77999877929688,78.87999725341797,76.63999938964844,78.87000274658203,51.99911117553711,5309500
2016-03-02,78.55999755859375,79.4800033569336,78.41000366210938,79.44000244140625,52.374908447265625,3621700
2016-03-03,79.47000122070312,79.86000061035156,79.05999755859375,79.86000061035156,52.651817321777344,2907800
2016-03-04,79.7300033569336,79.94000244140625,79.29000091552734,79.87000274658203,52.65840911865234,2740000
2016-03-07,79.45999908447266,80.26000213623047,79.31999969482422,80.08000183105469,52.796875,3504600
2016-03-08,79.97000122070312,80.04000091552734,79.16000366210938,79.26000213623047,52.25624084472656,2829000
2016-03-09,79.51000213623047,80.12000274658203,79.33000183105469,79.69999694824219,52.54632186889648,3566700
2016-03-10,80.25,80.41000366210938,78.52999877929688,79.41000366210938,52.35514068603516,2472500
2016-03-11,80.20999908447266,81.2699966430664,80.02999877929688,81.19000244140625,53.5286979675293,2520900
2016-03-14,81.06999969482422,81.27999877929688,80.75,81.19999694824219,53.5352897644043,2593900
2016-03-15,80.86000061035156,81.41000366210938,80.69000244140625,81.23999786376953,53.5616455078125,1898100
2016-03-16,81.01000213623047,82.3499984741211,80.72000122070312,82.22000122070312,54.207767486572266,3439600
2016-03-17,82.3499984741211,83.55999755859375,81.9800033569336,83.37999725341797,54.97255706787109,5526400
2016-03-18,83.54000091552734,83.75,83.0199966430664,83.0199966430664,54.73520660400391,3281800
2016-03-21,81.95999908447266,82.22000122070312,81.22000122070312,81.36000061035156,54.24120330810547,4343000
2016-03-22,81.19999694824219,81.61000061035156,80.87999725341797,81.36000061035156,54.24120330810547,4791300
2016-03-23,81.36000061035156,81.44999694824219,80.87000274658203,80.91999816894531,53.94786834716797,2837500
2016-03-24,80.77999877929688,81.0199966430664,80.2300033569336,80.94999694824219,53.96785354614258,2839400
2016-03-28,80.93000030517578,81.86000061035156,80.91000366210938,81.68000030517578,54.45454406738281,3885100
2016-03-29,81.77999877929688,83.48999786376953,81.52999877929688,83.44999694824219,55.63455581665039,5022700
2016-03-30,83.66000366210938,83.83999633789062,83.22000122070312,83.29000091552734,55.52789688110352,3503100
2016-03-31,83.27999877929688,83.91000366210938,83.11000061035156,83.80000305175781,55.867919921875,7533800
2016-04-01,83.62999725341797,83.83000183105469,83.16999816894531,83.69000244140625,55.79457092285156,5267300
2016-04-04,83.86000061035156,83.94000244140625,83.27999877929688,83.56999969482422,55.71456909179688,6908900
2016-04-05,83.19999694824219,83.41999816894531,82.80999755859375,83.0199966430664,55.34788513183594,3251300
2016-04-06,83.05000305175781,83.26000213623047,82.58999633789062,83.22000122070312,55.48121643066406,2940500
2016-04-07,83.0199966430664,83.22000122070312,82.33000183105469,82.69999694824219,55.134552001953125,2339400
2016-04-08,83.12999725341797,83.5,82.94999694824219,83.16000366210938,55.44121170043945,3370300
2016-04-11,83.31999969482422,83.55999755859375,82.97000122070312,82.98999786376953,55.32786560058594,2848100
2016-04-12,83.16999816894531,83.79000091552734,82.95999908447266,83.58999633789062,55.72789001464844,2504600
2016-04-13,83.83000183105469,83.87000274658203,82.94000244140625,83.22000122070312,55.48121643066406,2827000
2016-04-14,83.16999816894531,83.2300033569336,82.54000091552734,82.76000213623047,55.17455291748047,2044200
2016-04-15,82.91999816894531,83.58000183105469,82.5,83.37999725341797,55.587890625,2429100
2016-04-18,83.25,83.79000091552734,83.13999938964844,83.77999877929688,55.85456466674805,2347400
2016-04-19,84.01000213623047,84.01000213623047,83.4800033569336,83.81999969482422,55.88123321533203,3137200
2016-04-20,83.83000183105469,84.0,82.33000183105469,82.4000015258789,54.93453979492188,4085800
2016-04-21,82.36000061035156,82.52999877929688,80.68000030517578,80.93000030517578,53.95452117919922,5046100
2016-04-22,80.93000030517578,81.94999694824219,80.80999755859375,81.80999755859375,54.54122543334961,3124400
2016-04-25,81.55000305175781,82.5,81.52999877929688,82.48999786376953,54.99452972412109,2385600
2016-04-26,82.79000091552734,83.27999877929688,82.51000213623047,82.80999755859375,55.20786666870117,3190800
2016-04-27,82.79000091552734,82.91999816894531,81.86000061035156,82.76000213623047,55.17455291748047,3244500
2016-04-28,82.26000213623047,83.08999633789062,81.94000244140625,82.58999633789062,55.06122970581055,2870600
2016-04-29,82.19000244140625,82.37000274658203,81.02999877929688,81.83000183105469,54.55455017089844,4117300
2016-05-02,81.77999877929688,83.30999755859375,81.77999877929688,83.0999984741211,55.4012336730957,4008000
2016-05-03,83.06999969482422,83.29000091552734,82.58999633789062,83.2300033569336,55.48790740966797,3305700
2016-05-04,82.70999908447266,84.58000183105469,82.70999908447266,84.41999816894531,56.28123474121094,4138600
2016-05-05,84.52999877929688,84.81999969482422,84.12999725341797,84.66000366210938,56.441253662109375,3324300
2016-05-06,84.6500015258789,85.66000366210938,84.26000213623047,85.58999633789062,57.06124496459961,3499300
2016-05-09,85.86000061035156,86.66999816894531,85.62000274658203,86.52999877929688,57.68793487548828,4568700
2016-05-10,86.72000122070312,86.81999969482422,86.22000122070312,86.5199966430664,57.6812858581543,4034800
2016-05-11,86.47000122070312,86.47000122070312,84.33999633789062,84.66999816894531,56.44791030883789,4063900
2016-05-12,84.7699966430664,85.44000244140625,84.08000183105469,85.16000366210938,56.77458190917969,3471000
2016-05-13,84.93000030517578,84.93000030517578,83.80999755859375,84.4000015258789,56.26791000366211,3991500
2016-05-16,84.38999938964844,85.44999694824219,84.31999969482422,85.19999694824219,56.80123901367188,3374900
2016-05-17,84.98999786376953,84.98999786376953,83.16000366210938,83.62000274658203,55.74790191650391,4308300
2016-05-18,83.2699966430664,83.36000061035156,81.37000274658203,82.30999755859375,54.87453079223633,4708500
2016-05-19,81.79000091552734,81.9800033569336,80.95999908447266,81.38999938964844,54.26118850708008,4316000
2016-05-20,81.69999694824219,82.19000244140625,81.55000305175781,82.04000091552734,54.69454574584961,3296100
2016-05-23,82.18000030517578,82.36000061035156,81.8499984741211,82.05000305175781,54.70121765136719,2744000
2016-05-24,82.55999755859375,83.20999908447266,82.26000213623047,83.06999969482422,55.381229400634766,2998500
2016-05-25,83.29000091552734,83.29000091552734,82.25,83.06999969482422,55.381229400634766,3250000
2016-05-26,82.91000366210938,83.4800033569336,82.72000122070312,83.2300033569336,55.48790740966797,3053400
2016-05-27,83.37000274658203,84.02999877929688,83.29000091552734,83.68000030517578,55.78791046142578,3006900
2016-05-31,83.55000305175781,83.91999816894531,83.16000366210938,83.66999816894531,55.78123092651367,4810900
2016-06-01,83.37999725341797,83.94999694824219,83.30000305175781,83.73999786376953,55.82789993286133,4417500
2016-06-02,83.5,84.19999694824219,83.29000091552734,84.16999816894531,56.11457443237305,8043500
2016-06-03,84.9800033569336,85.23999786376953,84.0999984741211,84.51000213623047,56.34124755859375,4295200
2016-06-06,84.58999633789062,84.7699966430664,83.41999816894531,83.86000061035156,55.90789031982422,3231900
2016-06-07,84.2300033569336,84.62000274658203,83.98999786376953,84.37000274658203,56.24790954589844,2424600
2016-06-08,84.30999755859375,84.9800033569336,84.05000305175781,84.91000366210938,56.60791015625,3099000
2016-06-09,84.91000366210938,85.26000213623047,84.61000061035156,85.0999984741211,56.73458480834961,4132700
2016-06-10,84.77999877929688,85.0199966430664,84.33999633789062,84.69999694824219,56.46791076660156,2538400
2016-06-13,84.7300033569336,85.36000061035156,84.62000274658203,84.72000122070312,56.48123550415039,3250300
2016-06-14,84.72000122070312,85.0199966430664,84.19000244140625,84.5,56.33457946777344,3437300
2016-06-15,84.69000244140625,85.58999633789062,84.56999969482422,85.30000305175781,56.8679313659668,2829400
2016-06-16,85.18000030517578,85.80999755859375,84.76000213623047,85.77999877929688,57.18791961669922,2827100
2016-06-17,85.83000183105469,85.83000183105469,84.9800033569336,85.63999938964844,57.0945930480957,4408400
2016-06-20,86.05000305175781,86.79000091552734,85.6500015258789,85.76000213623047,57.174591064453125,3987000
2016-06-21,85.30999755859375,85.56999969482422,84.93000030517578,85.31999969482422,57.392539978027344,3614700
2016-06-22,85.5,85.51000213623047,84.9800033569336,85.19000244140625,57.30510711669922,3994500
2016-06-23,85.58000183105469,85.94000244140625,85.44000244140625,85.62000274658203,57.59435272216797,1672700
2016-06-24,84.12999725341797,85.72000122070312,83.54000091552734,84.86000061035156,57.08311462402344,5661700
2016-06-27,84.5199966430664,85.05000305175781,83.70999908447266,84.91999816894531,57.12345886230469,4769800
2016-06-28,85.47000122070312,86.72000122070312,85.1500015258789,86.70999908447266,58.32754898071289,5128700
2016-06-29,87.12000274658203,87.87999725341797,87.01000213623047,87.76000213623047,59.03387451171875,4395600
2016-06-30,87.98999786376953,88.66999816894531,87.2699966430664,88.66999816894531,59.645992279052734,6555800
2016-07-01,88.97000122070312,89.4000015258789,88.44000244140625,88.69999694824219,59.66617965698242,4731800
2016-07-05,88.70999908447266,89.68000030517578,88.5999984741211,89.68000030517578,60.32539367675781,3808400
2016-07-06,89.55000305175781,89.6500015258789,88.8499984741211,89.29000091552734,60.06305694580078,4577200
2016-07-07,89.19999694824219,89.26000213623047,87.87999725341797,88.37000274658203,59.44422149658203,5342000
2016-07-08,88.86000061035156,89.83999633789062,88.75,89.80000305175781,60.40611267089844,2663400
2016-07-11,89.87000274658203,90.58999633789062,89.33000183105469,90.4000015258789,60.80970764160156,3381400
2016-07-12,90.41000366210938,90.54000091552734,89.68000030517578,90.38999938964844,60.803016662597656,3727600
2016-07-13,90.5999984741211,90.88999938964844,90.19000244140624,90.88999938964844,61.13932037353516,4902800
2016-07-14,90.61000061035156,90.83999633789062,89.87000274658203,90.08000183105467,60.5944709777832,3060500
2016-07-15,90.06999969482422,90.18000030517578,89.45999908447266,90.11000061035156,60.61464309692383,3345600
2016-07-18,90.23999786376952,90.37999725341795,90.0,90.3499984741211,60.77608108520508,2699700
2016-07-19,90.3499984741211,90.79000091552734,89.93000030517578,90.79000091552734,61.07209014892578,1916500
2016-07-20,90.9499969482422,91.04000091552734,90.51000213623048,90.8000030517578,61.078800201416016,2100600
2016-07-21,90.5999984741211,90.9800033569336,90.1999969482422,90.9800033569336,61.19988632202149,2179600
2016-07-22,90.88999938964844,92.0500030517578,90.6999969482422,91.77999877929688,61.73800277709961,2482900
2016-07-25,91.80999755859376,92.13999938964844,91.3000030517578,91.61000061035156,61.6236572265625,2374700
2016-07-26,91.69000244140624,91.97000122070312,90.94000244140624,91.16000366210938,61.32097244262695,2460200
2016-07-27,91.13999938964844,91.13999938964844,89.69999694824219,90.4499969482422,60.843360900878906,3935200
2016-07-28,90.30999755859376,91.6500015258789,90.0999984741211,91.29000091552734,61.40842819213867,2853100
2016-07-29,91.54000091552734,92.91999816894533,91.1999969482422,92.4499969482422,62.18870162963867,3502600
2016-08-01,92.33000183105467,92.75,92.26000213623048,92.6500015258789,62.3232421875,3335100
2016-08-02,92.37999725341795,92.54000091552734,91.0,91.16999816894533,61.32768249511719,3877100
2016-08-03,90.8499984741211,91.2300033569336,90.1500015258789,90.63999938964844,60.97117614746094,3829400
2016-08-04,90.75,90.91999816894533,90.11000061035156,90.2699966430664,60.72227096557617,2649700
2016-08-05,90.31999969482422,90.5999984741211,90.01000213623047,90.33000183105467,60.762638092041016,2941600
2016-08-08,90.2699966430664,90.91000366210938,90.11000061035156,90.48999786376952,60.87025833129883,2240200
2016-08-09,90.63999938964844,90.9800033569336,89.94000244140625,90.9800033569336,61.19988632202149,3474300
2016-08-10,91.23999786376952,91.4000015258789,90.58999633789062,90.87999725341795,61.13262939453125,5302900
2016-08-11,90.8499984741211,90.88999938964844,89.37000274658203,89.8499984741211,60.439727783203125,4788300
2016-08-12,90.05000305175781,91.05999755859376,89.77999877929688,90.2300033569336,60.69535827636719,2972100
2016-08-15,90.37000274658205,90.68000030517578,90.0999984741211,90.13999938964844,60.63483810424805,2961400
2016-08-16,89.83999633789062,89.94999694824219,88.94000244140625,89.05999755859375,59.9083366394043,4166800
2016-08-17,88.9800033569336,89.48999786376953,88.37000274658203,89.41999816894531,60.150508880615234,5192000
2016-08-18,89.29000091552734,89.69000244140625,88.66999816894531,89.08999633789062,59.928524017333984,4074800
2016-08-19,88.97000122070312,89.06999969482422,88.26000213623047,88.5199966430664,59.54511260986328,3284900
2016-08-22,88.75,89.06999969482422,88.54000091552734,89.0,59.86797332763672,3671000
2016-08-23,89.30999755859375,89.51000213623047,89.01000213623047,89.05000305175781,59.901611328125,6526100
2016-08-24,89.27999877929688,89.29000091552734,88.16000366210938,88.66000366210938,59.639259338378906,6064800
2016-08-25,88.9000015258789,89.5999984741211,88.62000274658203,89.05999755859375,59.9083366394043,3219700
2016-08-26,89.22000122070312,89.7699966430664,87.58999633789062,88.18000030517578,59.316383361816406,5844000
2016-08-29,88.37000274658203,89.33000183105469,88.36000061035156,89.05000305175781,59.901611328125,3318600
2016-08-30,89.23999786376953,89.3499984741211,88.0999984741211,88.87999725341797,59.78726959228516,3431900
2016-08-31,88.79000091552734,89.2699966430664,88.47000122070312,88.97000122070312,59.84781265258789,5003000
2016-09-01,89.06999969482422,89.0999984741211,88.30000305175781,88.75,59.69983673095703,4098000
2016-09-02,89.2699966430664,90.61000061035156,89.12999725341797,89.5199966430664,60.2177619934082,4439500
2016-09-06,89.91000366210938,90.22000122070312,89.12000274658203,90.20999908447266,60.68191909790039,3874300
2016-09-07,90.08999633789062,90.8000030517578,89.79000091552734,90.75,61.04516220092773,2874200
2016-09-08,90.3499984741211,90.5,89.55000305175781,89.63999938964844,60.29850387573242,3123900
2016-09-09,88.62000274658203,88.87000274658203,86.06999969482422,86.08999633789062,57.91050720214844,7589300
2016-09-12,85.91999816894531,87.51000213623047,85.66000366210938,87.11000061035156,58.59663009643555,7088200
2016-09-13,86.08000183105469,86.11000061035156,84.1500015258789,84.33999633789062,57.12550354003906,7223000
2016-09-14,84.55999755859375,85.08000183105469,84.2699966430664,84.61000061035156,57.30836868286133,4781900
2016-09-15,84.58000183105469,85.05999755859375,84.12999725341797,84.93000030517578,57.52510833740234,4320500
2016-09-16,84.83000183105469,85.05000305175781,84.3499984741211,84.97000122070312,57.552207946777344,6251400
2016-09-19,85.25,85.83999633789062,85.16000366210938,85.73999786376953,58.07373428344727,3407700
2016-09-20,86.13999938964844,86.25,85.61000061035156,85.61000061035156,57.98569107055664,3905800
2016-09-21,85.76000213623047,86.83999633789062,84.5999984741211,86.70999908447266,58.730735778808594,6905000
2016-09-22,87.51000213623047,88.33999633789062,87.29000091552734,88.26000213623047,59.78059005737305,3575700
2016-09-23,88.0199966430664,88.83000183105469,87.29000091552734,88.52999877929688,59.963470458984375,4722300
2016-09-26,88.27999877929688,88.94999694824219,88.0,88.73999786376953,60.10570526123047,3440200
2016-09-27,89.02999877929688,89.02999877929688,87.6500015258789,87.80000305175781,59.46904373168945,6479800
2016-09-28,87.94000244140625,88.58999633789062,87.66999816894531,88.5199966430664,59.95670700073242,2676300
2016-09-29,88.22000122070312,88.27999877929688,87.08000183105469,87.33999633789062,59.15743637084961,4662800
2016-09-30,87.6500015258789,88.19000244140625,86.7300033569336,86.73999786376953,58.75105285644531,6718600
2016-10-03,86.01000213623047,86.29000091552734,84.94999694824219,85.12000274658203,57.653804779052734,10473900
2016-10-04,85.0,85.04000091552734,83.45999908447266,83.95999908447266,56.86809158325195,7415500
2016-10-05,84.12000274658203,84.55000305175781,82.16999816894531,82.26000213623047,55.716644287109375,8125200
2016-10-06,81.8499984741211,82.88999938964844,81.11000061035156,82.29000091552734,55.73696517944336,6760300
2016-10-07,82.80000305175781,83.62999725341797,81.7699966430664,82.1500015258789,55.64215469360352,6036800
2016-10-10,82.1500015258789,83.01000213623047,82.1500015258789,82.66000366210938,55.98759078979492,2818300
2016-10-11,82.55000305175781,82.73999786376953,81.63999938964844,81.86000061035156,55.44572830200195,4306600
2016-10-12,81.98999786376953,82.91999816894531,81.86000061035156,82.80000305175781,56.08241271972656,3492600
2016-10-13,82.47000122070312,83.58999633789062,82.22000122070312,83.44999694824219,56.52265930175781,3633600
2016-10-14,83.30000305175781,83.98999786376953,82.91000366210938,83.08000183105469,56.27204895019531,3187500
2016-10-17,83.1500015258789,83.7699966430664,83.08000183105469,83.26000213623047,56.39397430419922,3154000
2016-10-18,83.80999755859375,84.27999877929688,83.51000213623047,83.79000091552734,56.75297927856445,2533200
2016-10-19,83.80999755859375,84.08999633789062,83.33999633789062,83.97000122070312,56.8748779296875,2871000
2016-10-20,83.95999908447266,84.33000183105469,83.31999969482422,83.77999877929688,56.74617767333984,3261100
2016-10-21,83.37999725341797,83.69000244140625,83.0999984741211,83.47000122070312,56.53621673583984,3193800
2016-10-24,83.8499984741211,84.51000213623047,83.33000183105469,83.66000366210938,56.66489791870117,3948800
2016-10-25,83.31999969482422,83.62000274658203,83.05999755859375,83.51000213623047,56.56330108642578,3161400
2016-10-26,83.19000244140625,83.30999755859375,81.8499984741211,82.41999816894531,55.82502746582031,4093100
2016-10-27,82.2699966430664,82.30999755859375,80.04000091552734,80.26000213623047,54.36199569702149,5969300
2016-10-28,80.38999938964844,81.13999938964844,80.1500015258789,80.44999694824219,54.49068832397461,4819100
2016-10-31,80.80000305175781,81.91000366210938,80.47000122070312,81.76000213623047,55.37797927856445,5009700
2016-11-01,81.4000015258789,81.47000122070312,79.69999694824219,79.9800033569336,54.172340393066406,7465200
2016-11-02,79.8499984741211,80.08000183105469,78.79000091552734,78.80999755859375,53.3798713684082,7847600
2016-11-03,78.87000274658203,79.01000213623047,78.18000030517578,78.19999694824219,52.96671676635742,7221900
2016-11-04,78.38999938964844,79.08000183105469,78.05999755859375,78.81999969482422,53.38666534423828,4432600
2016-11-07,79.41000366210938,80.2300033569336,79.41000366210938,80.19999694824219,54.32136917114258,5860500
2016-11-08,80.18000030517578,80.88999938964844,79.80000305175781,80.62000274658203,54.60583114624024,4023300
2016-11-09,78.69999694824219,80.0,77.7699966430664,79.4000015258789,53.77951049804688,10045800
2016-11-10,79.30000305175781,79.33999633789062,76.9800033569336,78.06999969482422,52.878662109375,13504700
2016-11-11,78.0,79.51000213623047,77.94999694824219,78.54000091552734,53.19701766967773,5066000
2016-11-14,78.4000015258789,80.61000061035156,78.0199966430664,80.4000015258789,54.45682144165039,6755200
2016-11-15,80.66999816894531,81.33999633789062,79.18000030517578,79.7300033569336,54.00304412841797,7719900
2016-11-16,79.76000213623047,80.0,78.9000015258789,79.5,53.84724426269531,10337100
2016-11-17,79.45999908447266,80.05999755859375,78.58000183105469,78.69000244140625,53.298606872558594,3645200
2016-11-18,78.79000091552734,79.12999725341797,78.41999816894531,78.91999816894531,53.45439147949219,3655600
2016-11-21,79.18000030517578,79.75,78.58999633789062,78.68000030517578,53.291839599609375,3488200
2016-11-22,79.06999969482422,80.0999984741211,78.83000183105469,80.05999755859375,54.22653579711914,4226700
2016-11-23,79.36000061035156,79.80000305175781,79.04000091552734,79.72000122070312,53.99626159667969,6542100
2016-11-25,79.80000305175781,80.62999725341797,79.73999786376953,80.18000030517578,54.307804107666016,1904500
2016-11-28,80.18000030517578,81.08000183105469,80.12999725341797,80.55000305175781,54.55843734741211,4065700
2016-11-29,80.62999725341797,81.7300033569336,80.56999969482422,81.31999969482422,55.07997512817383,3754200
2016-11-30,80.55000305175781,81.05000305175781,80.0,80.38999938964844,54.45005416870117,6826400
2016-12-01,79.91999816894531,80.20999908447266,78.76000213623047,79.20999908447266,53.65079879760742,6361900
2016-12-02,79.55999755859375,80.83000183105469,79.43000030517578,80.0,54.18590927124024,3695900
2016-12-05,80.01000213623047,80.69000244140625,79.7300033569336,80.58999633789062,54.58552551269531,3457200
2016-12-06,80.80000305175781,81.47000122070312,80.5,81.11000061035156,54.93771362304688,4024800
2016-12-07,81.16999816894531,82.86000061035156,81.06999969482422,82.7300033569336,56.03498458862305,5754300
2016-12-08,82.44999694824219,83.52999877929688,82.01000213623047,83.30000305175781,56.42105865478516,4404200
2016-12-09,83.3499984741211,83.98999786376953,83.0199966430664,83.20999908447266,56.36011505126953,4506200
2016-12-12,82.9800033569336,83.80999755859375,82.83000183105469,83.76000213623047,56.73263931274414,3610700
2016-12-13,84.0999984741211,84.19000244140625,83.13999938964844,83.72000122070312,56.70554733276367,4015100
2016-12-14,83.62000274658203,83.83000183105469,81.75,81.88999938964844,55.46604537963867,4857300
2016-12-15,81.81999969482422,82.47000122070312,81.16000366210938,81.41000366210938,55.14091873168945,3915200
2016-12-16,81.58000183105469,83.16999816894531,81.44999694824219,82.62999725341797,55.96726608276367,6581100
2016-12-19,82.91000366210938,83.87999725341797,82.9000015258789,83.5199966430664,56.5700569152832,3663600
2016-12-20,83.4800033569336,84.08000183105469,83.18000030517578,83.70999908447266,56.698768615722656,5193600
2016-12-21,83.70999908447266,84.26000213623047,82.41999816894531,82.44000244140625,55.83856201171875,4998400
2016-12-22,80.63999938964844,80.87999725341797,79.91000366210938,80.61000061035156,55.74522018432617,3891700
2016-12-23,80.72000122070312,82.27999877929688,80.48999786376953,80.81999969482422,55.89043045043945,4504400
2016-12-27,80.94000244140625,81.30000305175781,80.61000061035156,80.98999786376953,56.00798034667969,3833000
2016-12-28,81.18000030517578,81.18000030517578,80.23999786376953,80.5,55.66914367675781,3979500
2016-12-29,80.76000213623047,81.73999786376953,80.44999694824219,81.5,56.36068344116211,4259400
2016-12-30,81.58999633789062,82.69999694824219,81.19999694824219,82.52999877929688,57.07298278808594,6673400
2017-01-03,82.9800033569336,83.0,82.13999938964844,82.80000305175781,57.25967788696289,9380300
2017-01-04,82.91000366210938,84.19000244140625,82.83000183105469,84.01000213623047,58.096466064453125,6598700
2017-01-05,83.69999694824219,84.37999725341797,82.91999816894531,84.27999877929688,58.28316879272461,8555700
2017-01-06,84.0199966430664,84.69999694824219,83.81999969482422,84.29000091552734,58.290077209472656,3901200
2017-01-09,84.52999877929688,84.52999877929688,83.5,83.52999877929688,57.76451873779297,3546100
2017-01-10,83.56999969482422,83.56999969482422,82.77999877929688,82.81999969482422,57.27350234985352,3959600
2017-01-11,82.87000274658203,82.95999908447266,82.2300033569336,82.30999755859375,56.92084503173828,4498000
2017-01-12,82.4000015258789,82.7699966430664,81.5999984741211,82.7300033569336,57.211273193359375,4670700
2017-01-13,82.72000122070312,83.0199966430664,82.33000183105469,82.61000061035156,57.1283073425293,3658100
2017-01-17,82.95999908447266,83.31999969482422,82.76000213623047,83.25,57.57086181640625,4139200
2017-01-18,83.22000122070312,83.66999816894531,83.02999877929688,83.38999938964844,57.66769409179688,3317400
2017-01-19,83.08000183105469,83.25,82.33999633789062,82.54000091552734,57.07990264892578,3169200
2017-01-20,82.56999969482422,83.19000244140625,82.37999725341797,83.13999938964844,57.49481201171875,3285400
2017-01-23,83.26000213623047,83.97000122070312,83.0,83.83999633789062,57.97887802124024,3165600
2017-01-24,83.83999633789062,84.20999908447266,83.5,83.86000061035156,57.992713928222656,4204200
2017-01-25,83.80999755859375,84.16000366210938,83.05999755859375,83.30999755859375,57.61237335205078,3461500
2017-01-26,83.31999969482422,83.72000122070312,83.02999877929688,83.1500015258789,57.50172424316406,4093700
2017-01-27,83.38999938964844,83.5,82.0199966430664,82.33999633789062,56.94157409667969,2996000
2017-01-30,82.0999984741211,82.2699966430664,81.56999969482422,81.77999877929688,56.55431365966797,3182600
2017-01-31,81.80000305175781,82.94999694824219,81.80000305175781,82.37000274658203,56.96230697631836,11091400
2017-02-01,82.27999877929688,82.88999938964844,81.31999969482422,81.37999725341797,56.2777099609375,4555800
2017-02-02,81.43000030517578,82.43000030517578,81.41999816894531,82.3499984741211,56.94847106933594,4754800
2017-02-03,82.95999908447266,83.2300033569336,82.45999908447266,82.80000305175781,57.25967788696289,4165000
2017-02-06,82.9000015258789,83.05999755859375,82.48999786376953,82.66000366210938,57.16286087036133,2985800
2017-02-07,82.7300033569336,83.02999877929688,82.23999786376953,82.37000274658203,56.96230697631836,3250700
2017-02-08,82.62000274658203,83.19999694824219,82.30000305175781,83.0199966430664,57.41183090209961,3316700
2017-02-09,83.0199966430664,83.37999725341797,82.91999816894531,83.22000122070312,57.55014419555664,2806600
2017-02-10,83.19000244140625,83.86000061035156,83.02999877929688,83.80999755859375,57.958133697509766,2983800
2017-02-13,83.87999725341797,84.19999694824219,83.37999725341797,83.83999633789062,57.97887802124024,3968200
2017-02-14,83.63999938964844,83.69000244140625,82.75,83.4000015258789,57.67461395263672,2687900
2017-02-15,82.87999725341797,83.25,82.33999633789062,83.12000274658203,57.480987548828125,3687300
2017-02-16,83.20999908447266,84.16999816894531,83.12000274658203,83.61000061035156,57.81983184814453,3097800
2017-02-17,83.80999755859375,83.9000015258789,83.06999969482422,83.7699966430664,57.930477142333984,2624100
2017-02-21,83.68000030517578,84.93000030517578,83.56999969482422,84.83999633789062,58.67043685913086,5646700
2017-02-22,84.95999908447266,85.25,84.12999725341797,84.55999755859375,58.4768180847168,3464400
2017-02-23,84.79000091552734,85.06999969482422,84.22000122070312,85.0,58.78105926513672,3430900
2017-02-24,84.9800033569336,85.43000030517578,84.5199966430664,85.4000015258789,59.057708740234375,3667400
2017-02-27,85.38999938964844,86.16000366210938,85.31999969482422,85.8499984741211,59.3688850402832,3326700
2017-02-28,85.8499984741211,85.8499984741211,85.05999755859375,85.26000213623047,58.96085739135742,5778100
2017-03-01,85.0,85.48999786376953,84.69999694824219,85.0,58.78105926513672,6282800
2017-03-02,84.87999725341797,84.94999694824219,84.25,84.54000091552734,58.46295928955078,3060400
2017-03-03,84.47000122070312,84.55000305175781,83.3499984741211,84.20999908447266,58.2347526550293,4177700
2017-03-06,84.05999755859375,84.0999984741211,83.43000030517578,83.83000183105469,57.97198867797852,3237400
2017-03-07,83.6500015258789,83.79000091552734,83.02999877929688,83.43000030517578,57.6953353881836,4658000
2017-03-08,82.94000244140625,83.04000091552734,81.83000183105469,81.88999938964844,56.63037490844727,4814100
2017-03-09,81.7300033569336,82.22000122070312,80.4800033569336,80.66000366210938,55.77979278564453,5604300
2017-03-10,81.30000305175781,81.70999908447266,79.9800033569336,80.41000366210938,55.606895446777344,6278800
2017-03-13,80.5,81.11000061035156,80.33999633789062,80.61000061035156,55.74522018432617,4691000
2017-03-14,80.52999877929688,80.79000091552734,80.06999969482422,80.58999633789062,55.73136901855469,4582400
2017-03-15,80.83000183105469,82.63999938964844,80.77999877929688,82.22000122070312,56.858585357666016,7177800
2017-03-16,82.12999725341797,82.62000274658203,81.91000366210938,82.05999755859375,56.74793243408203,4456700
2017-03-17,82.4000015258789,82.69999694824219,82.0,82.44000244140625,57.01073455810547,4380600
2017-03-20,82.5,82.73999786376953,82.16000366210938,82.37000274658203,56.96230697631836,2748500
2017-03-21,82.4800033569336,82.72000122070312,81.87999725341797,82.01000213623047,56.7133674621582,6969700
2017-03-22,81.51000213623047,81.55999755859375,80.55000305175781,81.37000274658203,56.6820182800293,4618000
2017-03-23,81.37999725341797,82.62999725341797,81.26000213623047,81.97000122070312,57.0999755859375,7610200
2017-03-24,82.08999633789062,82.44999694824219,81.77999877929688,81.87999725341797,57.03728866577149,4399200
2017-03-27,81.76000213623047,82.12000274658203,80.88999938964844,81.13999938964844,56.52179336547852,4556000
2017-03-28,81.33000183105469,81.61000061035156,80.56999969482422,81.48999786376953,56.76561737060547,4232100
2017-03-29,81.45999908447266,81.95999908447266,81.20999908447266,81.94999694824219,57.0860481262207,3123200
2017-03-30,81.81999969482422,82.2300033569336,81.27999877929688,82.0999984741211,57.190521240234375,4593300
2017-03-31,82.12999725341797,82.88999938964844,81.98999786376953,82.58999633789062,57.531856536865234,7167900
2017-04-03,82.36000061035156,82.98999786376953,82.31999969482422,82.83000183105469,57.69904708862305,7469000
2017-04-04,82.70999908447266,83.37000274658203,82.5999984741211,82.83000183105469,57.69904708862305,5359300
2017-04-05,82.91000366210938,83.41000366210938,82.81999969482422,82.94999694824219,57.78263854980469,4738600
2017-04-06,82.7699966430664,83.54000091552734,82.43000030517578,83.38999938964844,58.089141845703125,4711500
2017-04-07,83.58999633789062,83.87999725341797,83.2699966430664,83.51000213623047,58.17272567749024,4483800
2017-04-10,83.55999755859375,84.16000366210938,83.36000061035156,84.02999877929688,58.53497314453125,2547800
2017-04-11,84.05999755859375,84.7699966430664,83.94000244140625,84.61000061035156,58.9389877319336,3864200
2017-04-12,84.58000183105469,84.9000015258789,84.30999755859375,84.45999908447266,58.834510803222656,3526900
2017-04-13,84.43000030517578,84.6500015258789,84.16000366210938,84.2699966430664,58.70213317871094,2759500
2017-04-17,84.4000015258789,85.30999755859375,84.30999755859375,85.29000091552734,59.41268157958984,3875000
2017-04-18,85.22000122070312,85.5999984741211,85.16000366210938,85.5199966430664,59.57288360595703,2807300
2017-04-19,85.44999694824219,85.72000122070312,85.25,85.4000015258789,59.48929977416992,3622900
2017-04-20,85.23999786376953,85.47000122070312,84.80000305175781,85.41000366210938,59.496280670166016,3109100
2017-04-21,85.36000061035156,85.45999908447266,84.95999908447266,85.0999984741211,59.28030776977539,3261900
2017-04-24,85.5,85.55000305175781,83.38999938964844,84.16000366210938,58.625526428222656,6595300
2017-04-25,84.16000366210938,84.63999938964844,84.0199966430664,84.51000213623047,58.86933135986328,3412300
2017-04-26,84.44999694824219,84.62000274658203,83.66999816894531,83.87999725341797,58.43048095703125,4185400
2017-04-27,84.01000213623047,84.20999908447266,83.5,83.66000366210938,58.27724075317383,4822200
2017-04-28,83.44000244140625,83.56999969482422,82.48999786376953,82.79000091552734,57.67117691040039,5983700
2017-05-01,83.1500015258789,83.52999877929688,82.45999908447266,83.27999877929688,58.01252365112305,6003600
2017-05-02,83.37999725341797,83.58999633789062,82.83000183105469,83.13999938964844,57.91499328613281,4930000
2017-05-03,83.0999984741211,83.19999694824219,81.76000213623047,82.02999877929688,57.14176177978516,6207500
2017-05-04,81.5199966430664,81.76000213623047,80.69999694824219,81.62999725341797,56.863128662109375,8025100
2017-05-05,81.80999755859375,82.4000015258789,81.7699966430664,82.4000015258789,57.39950942993164,5458100
2017-05-08,82.58000183105469,82.58000183105469,81.36000061035156,81.81999969482422,56.99549102783203,3940600
2017-05-09,81.80999755859375,81.91999816894531,81.05999755859375,81.37999725341797,56.68899154663086,5790900
2017-05-10,81.37000274658203,82.30000305175781,81.16999816894531,82.0199966430664,57.13480758666992,3801400
2017-05-11,81.72000122070312,81.8499984741211,80.9000015258789,81.61000061035156,56.84920501708984,3542600
2017-05-12,81.61000061035156,81.77999877929688,81.20999908447266,81.27999877929688,56.61933517456055,3115400
2017-05-15,81.3499984741211,82.22000122070312,81.30000305175781,81.5199966430664,56.78650665283203,3263900
2017-05-16,81.5199966430664,81.69000244140625,80.70999908447266,80.97000122070312,56.40337371826172,4338600
2017-05-17,80.91999816894531,81.61000061035156,80.75,81.30000305175781,56.63325500488281,7243700
2017-05-18,81.16999816894531,81.95999908447266,80.7300033569336,81.75,56.94671630859375,4128200
2017-05-19,81.69000244140625,82.68000030517578,81.3499984741211,82.19000244140625,57.25322723388672,6390100
2017-05-22,82.22000122070312,82.80000305175781,82.16000366210938,82.51000213623047,57.47613143920898,3433700
2017-05-23,82.68000030517578,82.98999786376953,82.52999877929688,82.58000183105469,57.52488708496094,2960100
2017-05-24,82.69000244140625,83.30000305175781,82.6500015258789,83.25,57.991607666015625,2578500
2017-05-25,83.38999938964844,83.6500015258789,83.08000183105469,83.26000213623047,57.99858856201172,3146900
2017-05-26,83.2300033569336,83.33000183105469,82.4000015258789,82.66000366210938,57.58064651489258,3046100
2017-05-30,82.6500015258789,82.81999969482422,82.13999938964844,82.13999938964844,57.218406677246094,1865200
2017-05-31,82.27999877929688,82.52999877929688,81.87000274658203,82.19000244140625,57.25322723388672,5515000
2017-06-01,81.95999908447266,82.72000122070312,81.76000213623047,82.62000274658203,57.55276870727539,6557200
2017-06-02,82.95999908447266,83.6500015258789,82.95999908447266,83.47000122070312,58.14487457275391,3999500
2017-06-05,83.26000213623047,83.37999725341797,82.7300033569336,83.11000061035156,57.89409637451172,4919900
2017-06-06,83.16000366210938,83.18000030517578,82.58999633789062,82.70999908447266,57.61547088623047,4358300
2017-06-07,82.69000244140625,83.44000244140625,82.62000274658203,83.29000091552734,58.01949691772461,3191200
2017-06-08,83.31999969482422,83.31999969482422,82.3499984741211,83.08999633789062,57.88016891479492,2963600
2017-06-09,83.08999633789062,83.94999694824219,82.80000305175781,83.66999816894531,58.28418350219727,4950400
2017-06-12,83.5999984741211,84.44000244140625,83.47000122070312,84.41999816894531,58.80663299560547,4049500
2017-06-13,84.37999725341797,84.69000244140625,84.02999877929688,84.61000061035156,58.9389877319336,2787500
2017-06-14,85.12000274658203,85.30000305175781,84.44000244140625,84.7300033569336,59.0225830078125,5317300
2017-06-15,84.37000274658203,85.38999938964844,84.30000305175781,85.16000366210938,59.32213592529297,3757200
2017-06-16,85.2699966430664,85.31999969482422,84.56999969482422,84.94000244140625,59.16885757446289,4497900
2017-06-19,84.94000244140625,84.98999786376953,84.54000091552734,84.94999694824219,59.17584609985352,4892200
2017-06-20,85.0,85.23999786376953,84.0999984741211,84.75,59.0365104675293,3194300
2017-06-21,84.75,84.98999786376953,84.04000091552734,84.58000183105469,58.91807556152344,2559700
2017-06-22,84.47000122070312,84.83000183105469,84.12999725341797,84.66000366210938,58.97382736206055,6220800
2017-06-23,83.88999938964844,84.62999725341797,83.75,84.1500015258789,59.17847442626953,3759000
2017-06-26,84.36000061035156,85.05999755859375,84.36000061035156,84.75,59.60041427612305,6417400
2017-06-27,84.33000183105469,84.83000183105469,83.94000244140625,83.98999786376953,59.06591796875,3925300
2017-06-28,84.22000122070312,84.58999633789062,83.93000030517578,84.19000244140625,59.20657730102539,2956300
2017-06-29,83.91999816894531,83.91999816894531,83.08000183105469,83.2300033569336,58.53148651123047,3985800
2017-06-30,83.45999908447266,83.87999725341797,82.98999786376953,83.2300033569336,58.53148651123047,4206900
2017-07-03,83.55999755859375,84.45999908447266,83.37000274658203,84.29000091552734,59.27692413330078,3169500
2017-07-05,84.44000244140625,84.44000244140625,82.94000244140625,83.0999984741211,58.44005584716797,5370200
2017-07-06,82.58999633789062,82.97000122070312,81.44000244140625,81.54000091552734,57.34298706054688,4091400
2017-07-07,81.73999786376953,82.2300033569336,81.43000030517578,82.0,57.66647338867188,3249800
2017-07-10,82.18000030517578,82.26000213623047,81.19000244140625,81.25,57.1390495300293,4164100
2017-07-11,81.30999755859375,81.38999938964844,80.58000183105469,81.16000366210938,57.07573699951172,3346600
2017-07-12,81.70999908447266,82.62999725341797,81.54000091552734,82.16000366210938,57.77901458740234,3189200
2017-07-13,82.22000122070312,82.48999786376953,82.0,82.29000091552734,57.870418548583984,2556100
2017-07-14,82.79000091552734,83.2300033569336,82.70999908447266,83.08000183105469,58.42598342895508,2577600
2017-07-17,83.08000183105469,83.87999725341797,82.91999816894531,83.75,58.89716720581055,2730700
2017-07-18,83.77999877929688,83.93000030517578,83.33999633789062,83.56999969482422,58.77060317993164,3012500
2017-07-19,83.69999694824219,84.2300033569336,83.5199966430664,84.19999694824219,59.21361923217773,2949700
2017-07-20,84.25,84.38999938964844,83.7699966430664,83.80999755859375,58.93936920166016,3140400
2017-07-21,83.87000274658203,83.97000122070312,83.3499984741211,83.75,58.89716720581055,2967100
2017-07-24,83.7300033569336,83.83000183105469,83.20999908447266,83.58999633789062,58.78462600708008,2659300
2017-07-25,83.6500015258789,83.77999877929688,83.12999725341797,83.69999694824219,58.862003326416016,2785000
2017-07-26,83.7300033569336,84.56999969482422,83.54000091552734,84.27999877929688,59.26988220214844,2976800
2017-07-27,83.9800033569336,84.7300033569336,83.4800033569336,84.37999725341797,59.3402099609375,2828800
2017-07-28,84.4000015258789,84.66000366210938,83.9800033569336,84.1500015258789,59.17847442626953,3024500
2017-07-31,84.23999786376953,84.37999725341797,83.5999984741211,84.26000213623047,59.25581741333008,2967600
2017-08-01,84.5199966430664,85.0,83.97000122070312,84.63999938964844,59.5230598449707,3142900
2017-08-02,84.45999908447266,84.45999908447266,83.58999633789062,83.87000274658203,58.981563568115234,2192000
2017-08-03,83.72000122070312,84.18000030517578,83.4000015258789,83.69999694824219,58.862003326416016,2032500
2017-08-04,83.68000030517578,84.13999938964844,83.5,83.9800033569336,59.05891036987305,2068700
2017-08-07,84.0,84.11000061035156,83.56999969482422,83.88999938964844,58.99561309814453,1642700
2017-08-08,83.7300033569336,83.91999816894531,83.27999877929688,83.48999786376953,58.714332580566406,2324400
2017-08-09,83.55000305175781,83.58999633789062,83.05000305175781,83.20999908447266,58.517391204833984,4508400
2017-08-10,83.02999877929688,83.18000030517578,82.61000061035156,82.61000061035156,58.09545516967773,4190800
2017-08-11,82.62999725341797,82.69000244140625,81.7300033569336,82.0999984741211,57.736793518066406,2692800
2017-08-14,82.44000244140625,83.62999725341797,82.30000305175781,83.47000122070312,58.70026016235352,2160200
2017-08-15,83.30999755859375,83.30999755859375,82.66999816894531,83.22000122070312,58.524444580078125,2260000
2017-08-16,83.31999969482422,83.80999755859375,83.31999969482422,83.55000305175781,58.75652313232422,2945300
2017-08-17,83.44999694824219,83.75,82.98999786376953,83.02999877929688,58.39081954956055,2053900
2017-08-18,82.81999969482422,82.94999694824219,81.94999694824219,82.19000244140625,57.80009841918945,2011600
2017-08-21,82.19999694824219,83.20999908447266,82.06999969482422,83.06999969482422,58.41895294189453,2487600
2017-08-22,83.08000183105469,83.33000183105469,82.61000061035156,82.83000183105469,58.25017547607422,1835300
2017-08-23,82.86000061035156,83.77999877929688,82.6500015258789,83.68000030517578,58.847938537597656,1889800
2017-08-24,83.8499984741211,84.33000183105469,83.37000274658203,83.41999816894531,58.66508483886719,2012200
2017-08-25,83.69000244140625,84.12999725341797,83.30999755859375,83.81999969482422,58.94640350341797,2147300
2017-08-28,83.86000061035156,83.94000244140625,82.91999816894531,83.18000030517578,58.49632263183594,2072000
2017-08-29,83.05999755859375,83.44999694824219,83.0,83.08999633789062,58.43302917480469,1401700
2017-08-30,82.94999694824219,83.56999969482422,82.62000274658203,83.55999755859375,58.7635498046875,2054100
2017-08-31,83.79000091552734,84.2699966430664,83.62999725341797,84.04000091552734,59.1010971069336,3212700
2017-09-01,84.05999755859375,84.68000030517578,83.94999694824219,84.33000183105469,59.30506134033203,3385900
2017-09-05,84.41999816894531,84.68000030517578,83.68000030517578,84.0999984741211,59.1432991027832,3705200
2017-09-06,84.2699966430664,84.88999938964844,84.19000244140625,84.31999969482422,59.29802703857422,3330500
2017-09-07,84.48999786376953,85.0,84.36000061035156,84.86000061035156,59.67778015136719,2313000
2017-09-08,84.62999725341797,85.23999786376953,84.55999755859375,84.93000030517578,59.72698974609375,2334500
2017-09-11,85.12000274658203,85.80000305175781,85.0,85.70999908447266,60.275535583496094,2352600
2017-09-12,85.58000183105469,85.80000305175781,84.38999938964844,84.69999694824219,59.56525039672852,3991300
2017-09-13,84.72000122070312,84.76000213623047,84.19000244140625,84.4800033569336,59.41054534912109,1840100
2017-09-14,84.37000274658203,85.22000122070312,84.16999816894531,85.18000030517578,59.902809143066406,2839400
2017-09-15,85.12999725341797,85.37999725341797,84.58000183105469,85.33999633789062,60.01535415649414,3172800
2017-09-18,85.31999969482422,85.47000122070312,84.61000061035156,84.87999725341797,59.69183349609375,3442200
2017-09-19,84.94999694824219,84.97000122070312,84.26000213623047,84.31999969482422,59.29802703857422,2916500
2017-09-20,84.54000091552734,84.66000366210938,83.72000122070312,84.08999633789062,59.136260986328125,2741300
2017-09-21,84.08000183105469,84.62999725341797,83.91999816894531,83.93000030517578,59.02374649047852,6278500
2017-09-22,83.16999816894531,83.4800033569336,82.44000244140625,82.48999786376953,58.60741424560547,4549600
2017-09-25,82.48999786376953,83.30999755859375,82.48999786376953,82.97000122070312,58.94845199584961,5536300
2017-09-26,83.12999725341797,83.37999725341797,82.91000366210938,83.11000061035156,59.04790496826172,3099300
2017-09-27,82.94000244140625,83.0999984741211,82.06999969482422,82.36000061035156,58.51505661010742,3812800
2017-09-28,82.19000244140625,83.0,82.19000244140625,82.91999816894531,58.91290664672852,4114300
2017-09-29,82.80000305175781,83.18000030517578,82.62000274658203,83.08999633789062,59.0337028503418,4245200
2017-10-02,83.22000122070312,83.26000213623047,82.83999633789062,82.97000122070312,58.94845199584961,4533800
2017-10-03,82.95999908447266,83.04000091552734,82.66000366210938,82.8499984741211,58.86319351196289,6710800
2017-10-04,82.91999816894531,83.33000183105469,82.62999725341797,83.2699966430664,59.16159439086914,4137400
2017-10-05,83.37999725341797,83.98999786376953,83.37000274658203,83.56999969482422,59.37473678588867,3398700
2017-10-06,83.12999725341797,83.37000274658203,82.5999984741211,83.30000305175781,59.182891845703125,2594800
2017-10-09,83.33999633789062,83.70999908447266,83.25,83.5,59.32499313354492,2248200
2017-10-10,83.76000213623047,84.31999969482422,83.5,83.75,59.50261306762695,6012600
2017-10-11,83.81999969482422,84.29000091552734,83.80999755859375,84.02999877929688,59.70155334472656,2944800
2017-10-12,84.05999755859375,84.56999969482422,83.93000030517578,84.56999969482422,60.08521270751953,2787500
2017-10-13,84.87999725341797,85.0,84.4000015258789,84.79000091552734,60.24151611328125,2662600
2017-10-16,84.7300033569336,84.9000015258789,84.30000305175781,84.37000274658203,59.943115234375,1972300
2017-10-17,84.27999877929688,84.5199966430664,84.12000274658203,84.47000122070312,60.01416397094727,2191300
2017-10-18,84.37000274658203,84.69000244140625,84.20999908447266,84.37999725341797,59.95022964477539,1935900
2017-10-19,84.36000061035156,84.54000091552734,83.83999633789062,84.12999725341797,59.7725944519043,1838700
2017-10-20,84.05999755859375,84.0999984741211,83.33000183105469,83.6500015258789,59.43156433105469,2929900
2017-10-23,83.75,83.83000183105469,83.2300033569336,83.33000183105469,59.204227447509766,2618800
2017-10-24,83.16999816894531,83.44000244140625,82.54000091552734,82.83000183105469,58.84897613525391,2521400
2017-10-25,82.4800033569336,82.87000274658203,82.0199966430664,82.58999633789062,58.6784553527832,3490900
2017-10-26,82.80999755859375,83.0,81.61000061035156,81.91000366210938,58.195350646972656,3916400
2017-10-27,81.86000061035156,82.48999786376953,81.33999633789062,82.27999877929688,58.45822143554688,2979900
2017-10-30,81.86000061035156,82.54000091552734,81.86000061035156,82.20999908447266,58.408451080322266,3061000
2017-10-31,82.22000122070312,82.3499984741211,81.48999786376953,82.19999694824219,58.40135955810547,4422700
2017-11-01,82.33999633789062,82.77999877929688,82.1500015258789,82.5999984741211,58.685577392578125,3507700
2017-11-02,82.8499984741211,83.63999938964844,82.7300033569336,83.30000305175781,59.182891845703125,5159300
2017-11-03,82.88999938964844,83.41000366210938,82.52999877929688,83.08999633789062,59.0337028503418,2458400
2017-11-06,83.16000366210938,83.87999725341797,83.11000061035156,83.6500015258789,59.43156433105469,3156300
2017-11-07,83.69000244140625,84.5999984741211,83.68000030517578,84.33000183105469,59.91469955444336,3992500
2017-11-08,84.2699966430664,84.80000305175781,84.2300033569336,84.75,60.21308898925781,2058200
2017-11-09,84.44000244140625,85.3499984741211,84.20999908447266,84.83999633789062,60.27703857421875,3856400
2017-11-10,84.41000366210938,85.20999908447266,84.25,84.93000030517578,60.34098815917969,3657400
2017-11-13,84.9800033569336,85.4800033569336,84.8499984741211,85.36000061035156,60.64649200439453,3487200
2017-11-14,85.12000274658203,85.41999816894531,85.02999877929688,85.18000030517578,60.518592834472656,4039200
2017-11-15,85.05000305175781,85.19999694824219,84.2699966430664,84.31999969482422,59.907596588134766,5171100
2017-11-16,84.11000061035156,85.11000061035156,84.0999984741211,85.0199966430664,60.40493774414063,5137200
2017-11-17,84.80999755859375,85.06999969482422,84.55000305175781,84.6500015258789,60.14205551147461,2782600
2017-11-20,84.70999908447266,84.79000091552734,84.26000213623047,84.4000015258789,59.96442794799805,3613800
2017-11-21,84.63999938964844,85.08000183105469,84.51000213623047,85.02999877929688,60.41203308105469,3056900
2017-11-22,84.87000274658203,85.12999725341797,84.62999725341797,84.83999633789062,60.27703857421875,2347400
2017-11-24,84.91000366210938,85.08999633789062,84.87999725341797,84.94999694824219,60.35519409179688,1255000
2017-11-27,85.04000091552734,85.05000305175781,84.5199966430664,84.55000305175781,60.07101440429688,2218000
2017-11-28,84.51000213623047,84.62000274658203,83.79000091552734,84.2300033569336,59.8436393737793,2946800
2017-11-29,84.0199966430664,84.44999694824219,83.76000213623047,84.26000213623047,59.86495971679688,4633900
2017-11-30,84.52999877929688,84.6500015258789,84.13999938964844,84.38999938964844,59.95730972290039,4849800
2017-12-01,84.48999786376953,84.91000366210938,83.8499984741211,84.58999633789062,60.09940719604492,4664700
2017-12-04,84.76000213623047,85.0999984741211,84.1500015258789,84.16999816894531,59.801029205322266,4484100
2017-12-05,83.75,84.30000305175781,83.44999694824219,83.47000122070312,59.30367660522461,4372600
2017-12-06,83.33999633789062,83.77999877929688,83.0,83.38999938964844,59.24684143066406,3967900
2017-12-07,83.5999984741211,83.68000030517578,83.11000061035156,83.5999984741211,59.39603805541992,4049100
2017-12-08,83.93000030517578,84.18000030517578,83.55000305175781,84.02999877929688,59.70155334472656,3448600
2017-12-11,84.05000305175781,84.1500015258789,83.83999633789062,84.0199966430664,59.69443893432617,5326200
2017-12-12,84.45999908447266,84.66000366210938,83.73999786376953,84.43000030517578,59.98573303222656,4732000
2017-12-13,84.62000274658203,84.97000122070312,84.41000366210938,84.56999969482422,60.08521270751953,3887100
2017-12-14,84.62000274658203,84.87999725341797,84.37999725341797,84.55000305175781,60.07101440429688,4901000
2017-12-15,84.66000366210938,85.25,84.62999725341797,85.08000183105469,60.447547912597656,4909500
2017-12-18,85.26000213623047,86.13999938964844,85.25,85.63999938964844,60.84542465209961,5169400
2017-12-19,85.66999816894531,85.69000244140625,83.66999816894531,83.81999969482422,59.55236053466797,5259200
2017-12-20,83.86000061035156,84.08999633789062,82.83999633789062,82.8499984741211,58.86319351196289,7831900
2017-12-21,81.94999694824219,81.94999694824219,81.18000030517578,81.2699966430664,58.63520050048828,4701300
2017-12-22,81.31999969482422,81.94999694824219,81.22000122070312,81.83000183105469,59.03923034667969,6484400
2017-12-26,81.8499984741211,82.45999908447266,81.68000030517578,82.23999786376953,59.33504104614258,2874500
2017-12-27,82.81999969482422,82.81999969482422,82.30999755859375,82.51000213623047,59.52981948852539,4341500
2017-12-28,82.38999938964844,83.02999877929688,82.30999755859375,82.94999694824219,59.847286224365234,3172900
2017-12-29,83.11000061035156,83.27999877929688,82.8499984741211,82.9800033569336,59.868927001953125,2957300
2018-01-02,83.04000091552734,83.16999816894531,82.4000015258789,82.66999816894531,59.64528274536133,4639500
2018-01-03,82.7300033569336,82.93000030517578,82.26000213623047,82.43000030517578,59.472129821777344,5516900
2018-01-04,82.44999694824219,82.4800033569336,80.98999786376953,81.01000213623047,58.447601318359375,4734100
2018-01-05,81.16999816894531,81.2300033569336,80.83999633789062,81.05000305175781,58.476470947265625,5742900
2018-01-08,81.16000366210938,81.61000061035156,81.04000091552734,81.47000122070312,58.77951049804688,4763200
2018-01-09,81.5,81.7300033569336,80.38999938964844,80.41999816894531,58.02191925048828,4631000
2018-01-10,80.0999984741211,80.2300033569336,79.11000061035156,79.5199966430664,57.37258529663086,6244400
2018-01-11,79.70999908447266,79.93000030517578,79.16999816894531,79.25,57.17780685424805,5067100
2018-01-12,79.02999877929688,79.23999786376953,78.47000122070312,78.61000061035156,56.71606063842773,5154600
2018-01-16,78.9000015258789,80.02999877929688,78.73999786376953,78.76000213623047,56.824256896972656,5760800
2018-01-17,79.08999633789062,79.4000015258789,78.69999694824219,79.30999755859375,57.221073150634766,5560300
2018-01-18,79.01000213623047,79.0999984741211,78.22000122070312,78.29000091552734,56.48517227172852,4548200
2018-01-19,78.41999816894531,78.72000122070312,78.19999694824219,78.70999908447266,56.78820037841797,4546800
2018-01-22,78.83000183105469,79.47000122070312,78.73999786376953,79.43000030517578,57.30767440795898,4767400
2018-01-23,79.79000091552734,80.55000305175781,79.66000366210938,80.52999877929688,58.1013069152832,4599700
2018-01-24,80.41999816894531,80.61000061035156,79.83000183105469,80.11000061035156,57.79825973510742,6242500
2018-01-25,79.97000122070312,80.11000061035156,79.44999694824219,79.97000122070312,57.69725036621094,4765000
2018-01-26,79.97000122070312,80.08000183105469,79.2300033569336,79.69000244140625,57.49525451660156,4966400
2018-01-29,79.4800033569336,79.48999786376953,78.56999969482422,78.62000274658203,56.72325134277344,5280200
2018-01-30,78.2699966430664,78.58999633789062,77.91999816894531,78.05000305175781,56.31201934814453,6937600
2018-01-31,78.2699966430664,79.4800033569336,78.0199966430664,79.44999694824219,57.32208251953125,8845500
2018-02-01,79.08999633789062,79.73999786376953,77.5999984741211,77.73999786376953,56.08834457397461,7313200
2018-02-02,77.16000366210938,77.5999984741211,76.44000244140625,77.08000183105469,55.612152099609375,11151800
2018-02-05,76.69999694824219,77.54000091552734,74.69000244140625,74.79000091552734,53.95995330810547,8861900
2018-02-06,73.55000305175781,75.19999694824219,73.08999633789062,74.80000305175781,53.967193603515625,12554100
2018-02-07,74.77999877929688,75.91999816894531,74.43000030517578,74.4800033569336,53.73631286621094,7480000
2018-02-08,74.1500015258789,74.93000030517578,72.2699966430664,72.33999633789062,52.19231796264648,11116900
2018-02-09,72.79000091552734,74.73999786376953,72.05000305175781,74.1500015258789,53.49821472167969,12718500
2018-02-12,74.58999633789062,74.62999725341797,72.11000061035156,74.18000030517578,53.51985168457031,15209300
2018-02-13,74.01000213623047,74.91000366210938,73.5199966430664,74.69999694824219,53.89502334594727,8766100
2018-02-14,74.05999755859375,74.25,73.16000366210938,74.16000366210938,53.50544357299805,8225700
2018-02-15,74.2699966430664,75.01000213623047,74.05999755859375,74.87999725341797,54.02489471435547,7359200
2018-02-16,75.11000061035156,75.66999816894531,74.81999969482422,75.29000091552734,54.32071304321289,7002400
2018-02-20,75.05999755859375,75.68000030517578,74.30999755859375,74.4000015258789,53.67859649658203,5766000
2018-02-21,74.4000015258789,74.52999877929688,72.93000030517578,72.93000030517578,52.61800384521485,7852900
2018-02-22,73.27999877929688,74.30999755859375,73.12999725341797,73.76000213623047,53.216827392578125,7412700
2018-02-23,74.02999877929688,74.95999908447266,73.91999816894531,74.94000244140625,54.06818008422852,6884100
2018-02-26,75.30999755859375,75.36000061035156,74.63999938964844,75.1500015258789,54.21969985961914,6336100
2018-02-27,75.30000305175781,75.3499984741211,73.37999725341797,73.4000015258789,52.95709228515625,7635400
2018-02-28,73.66000366210938,74.3499984741211,73.3499984741211,73.3499984741211,52.9210090637207,9175500
2018-03-01,73.19000244140625,74.30000305175781,72.83000183105469,73.41999816894531,52.97151947021485,8794700
2018-03-02,73.06999969482422,73.47000122070312,72.62000274658203,73.38999938964844,52.94988250732422,8408100
2018-03-05,73.19000244140625,74.56999969482422,73.13999938964844,74.22000122070312,53.54872131347656,5558100
2018-03-06,74.33999633789062,74.7300033569336,73.69000244140625,74.56999969482422,53.80123519897461,6039100
2018-03-07,74.2300033569336,75.08999633789062,74.19000244140625,75.02999877929688,54.13310241699219,9868300
2018-03-08,75.19999694824219,75.3499984741211,74.79000091552734,75.16999816894531,54.23412704467773,6381300
2018-03-09,75.16999816894531,75.58000183105469,74.68000030517578,75.58000183105469,54.52993392944336,6293400
2018-03-12,75.62999725341797,76.08999633789062,75.37999725341797,75.91000366210938,54.768028259277344,6661400
2018-03-13,76.16000366210938,76.51000213623047,75.72000122070312,75.9800033569336,54.81852340698242,4877100
2018-03-14,75.91000366210938,76.3499984741211,75.7300033569336,76.05000305175781,54.869049072265625,5945100
2018-03-15,76.18000030517578,76.30999755859375,75.62999725341797,76.02999877929688,54.8546142578125,5680500
2018-03-16,75.94000244140625,76.66000366210938,75.7699966430664,76.55999755859375,55.23698806762695,4951000
2018-03-19,76.45999908447266,76.4800033569336,75.41999816894531,75.9000015258789,54.76080322265625,3999400
2018-03-20,75.8499984741211,76.37999725341797,75.3499984741211,75.63999938964844,54.57322692871094,5677000
2018-03-21,75.55000305175781,75.8499984741211,74.68000030517578,75.08000183105469,54.16918563842773,5905400
2018-03-22,74.9000015258789,75.97000122070312,74.61000061035156,74.63999938964844,53.85173797607422,5605700
2018-03-23,74.62000274658203,74.83000183105469,73.12000274658203,73.30999755859375,52.89216995239258,9530900
2018-03-26,73.02999877929688,73.55999755859375,72.68000030517578,73.43000030517578,53.49390411376953,6979200
2018-03-27,73.52999877929688,74.68000030517578,72.66999816894531,73.70999908447266,53.69788360595703,9132000
2018-03-28,73.97000122070312,75.69999694824219,73.83999633789062,75.55999755859375,55.04561233520508,8917300
2018-03-29,75.7699966430664,75.94999694824219,75.16000366210938,75.47000122070312,54.98005294799805,5993400
2018-04-02,75.33999633789062,75.66999816894531,73.94999694824219,74.44999694824219,54.23697662353516,6487700
2018-04-03,74.56999969482422,75.41999816894531,74.08000183105469,75.08000183105469,54.6959342956543,9987300
2018-04-04,74.66000366210938,76.08999633789062,74.48999786376953,75.87000274658203,55.271446228027344,5502800
2018-04-05,75.91999816894531,75.98999786376953,75.19000244140625,75.83999633789062,55.24959182739258,4195900
2018-04-06,75.66999816894531,76.25,75.0199966430664,75.2699966430664,54.8343391418457,4817500
2018-04-09,75.31999969482422,75.62999725341797,74.91000366210938,75.02999877929688,54.65949630737305,4466300
2018-04-10,75.3499984741211,75.48999786376953,74.83000183105469,74.94999694824219,54.601219177246094,7318500
2018-04-11,74.80999755859375,75.68000030517578,74.73999786376953,75.11000061035156,54.7177963256836,3892500
2018-04-12,75.2300033569336,75.23999786376953,74.05000305175781,74.2699966430664,54.10585784912109,4049600
2018-04-13,74.19999694824219,74.72000122070312,74.08999633789062,74.66000366210938,54.38996505737305,3817100
2018-04-16,74.75,75.37000274658203,74.56999969482422,75.12000274658203,54.72508239746094,4279000
2018-04-17,75.29000091552734,76.41999816894531,75.05999755859375,76.0,55.36614990234375,4503600
2018-04-18,76.18000030517578,76.27999877929688,75.83000183105469,75.83999633789062,55.24959182739258,4122900
2018-04-19,75.58999633789062,75.66999816894531,74.20999908447266,74.73999786376953,54.4482421875,6917900
2018-04-20,74.66000366210938,74.95999908447266,73.94999694824219,74.05000305175781,53.94558334350586,5171200
2018-04-23,74.08000183105469,74.37999725341797,73.66000366210938,73.98999786376953,53.90187454223633,4325700
2018-04-24,74.05000305175781,74.58000183105469,73.8499984741211,74.2699966430664,54.10585784912109,5852200
2018-04-25,74.02999877929688,74.41000366210938,73.55000305175781,74.12999725341797,54.00384521484375,4055400
2018-04-26,74.3499984741211,75.5199966430664,74.25,75.0999984741211,54.71051406860352,5551000
2018-04-27,75.05999755859375,76.63999938964844,74.97000122070312,76.38999938964844,55.6502685546875,6278700
2018-04-30,76.41999816894531,76.70999908447266,76.06999969482422,76.08999633789062,55.43170928955078,6625500
2018-05-01,76.08000183105469,76.93000030517578,75.94000244140625,76.77999877929688,55.93437194824219,5251600
2018-05-02,76.61000061035156,76.83000183105469,75.83000183105469,76.5,55.73041534423828,5361800
2018-05-03,76.26000213623047,76.7699966430664,76.16000366210938,76.44999694824219,55.69398498535156,5839500
2018-05-04,76.41000366210938,77.48999786376953,76.41000366210938,77.29000091552734,56.30592727661133,3746600
2018-05-07,77.4000015258789,77.9000015258789,77.3499984741211,77.80999755859375,56.68474578857422,4670300
2018-05-08,77.80000305175781,77.80000305175781,77.16999816894531,77.41999816894531,56.400611877441406,4311600
2018-05-09,77.26000213623047,77.95999908447266,77.16000366210938,77.94000244140625,56.77946090698242,4685300
2018-05-10,78.2300033569336,78.69999694824219,78.06999969482422,78.55000305175781,57.22384262084961,3664000
2018-05-11,78.58999633789062,78.87000274658203,78.16000366210938,78.27999877929688,57.02714157104492,2694500
2018-05-14,78.22000122070312,78.38999938964844,77.23999786376953,77.61000061035156,56.53903198242188,3536200
2018-05-15,77.22000122070312,77.22000122070312,76.12000274658203,76.3499984741211,55.62112808227539,5134300
2018-05-16,76.5,76.75,76.01000213623047,76.12000274658203,55.45357894897461,4400400
2018-05-17,76.08999633789062,76.3499984741211,75.58000183105469,75.73999786376953,55.176734924316406,3998100
2018-05-18,75.83000183105469,76.12000274658203,75.5,75.83999633789062,55.24959182739258,3343800
2018-05-21,76.01000213623047,76.87000274658203,75.5999984741211,76.73999786376953,55.90523910522461,3671500
2018-05-22,76.7300033569336,76.94999694824219,76.41999816894531,76.8499984741211,55.98539733886719,3470800
2018-05-23,76.80000305175781,77.86000061035156,76.79000091552734,77.62000274658203,56.546329498291016,3983200
2018-05-24,77.63999938964844,77.94000244140625,77.04000091552734,77.45999908447266,56.42976760864258,3173500
2018-05-25,77.52999877929688,78.0199966430664,77.41999816894531,77.7300033569336,56.6264533996582,3597300
2018-05-29,77.54000091552734,78.2300033569336,77.31999969482422,78.0999984741211,56.8960189819336,4611800
2018-05-30,78.05000305175781,79.4000015258789,77.83000183105469,79.16000366210938,57.66823196411133,4901800
2018-05-31,78.91000366210938,79.19000244140625,78.58999633789062,78.88999938964844,57.47153091430664,5430500
2018-06-01,78.58999633789062,79.43000030517578,78.43000030517578,79.23999786376953,57.726505279541016,7233800
2018-06-04,79.4000015258789,79.94999694824219,79.11000061035156,79.93000030517578,58.22917175292969,5391500
2018-06-05,80.22000122070312,80.30000305175781,79.55999755859375,79.72000122070312,58.07617568969727,5543000
2018-06-06,79.72000122070312,79.91000366210938,79.31999969482422,79.91000366210938,58.214603424072266,4006100
2018-06-07,79.91999816894531,80.12000274658203,79.43000030517578,79.91000366210938,58.214603424072266,3353300
2018-06-08,79.97000122070312,80.2699966430664,79.79000091552734,80.19999694824219,58.42586898803711,2773200
2018-06-11,80.11000061035156,80.2699966430664,79.93000030517578,80.08000183105469,58.33843231201172,4168300
2018-06-12,80.02999877929688,80.7699966430664,79.81999969482422,80.55999755859375,58.68811798095703,3287900
2018-06-13,80.55999755859375,80.69999694824219,78.80999755859375,78.98999786376953,57.54437255859375,7230900
2018-06-14,79.25,80.01000213623047,79.25,79.73999786376953,58.09074783325195,4458200
2018-06-15,79.72000122070312,80.26000213623047,79.52999877929688,79.69000244140625,58.0543327331543,11131800
2018-06-18,78.77999877929688,79.05000305175781,78.44000244140625,78.9800033569336,58.070499420166016,6391600
2018-06-19,78.73999786376953,79.27999877929688,78.73999786376953,78.9000015258789,58.01168823242188,11275400
2018-06-20,78.95999908447266,79.88999938964844,78.91000366210938,79.77999877929688,58.65871047973633,7327500
2018-06-21,80.0,80.26000213623047,79.62000274658203,80.16000366210938,58.93812942504883,3719700
2018-06-22,80.33000183105469,80.83999633789062,79.97000122070312,80.79000091552734,59.40131759643555,4391700
2018-06-25,80.6500015258789,80.9000015258789,80.08999633789062,80.58000183105469,59.24691009521485,5904500
2018-06-26,80.73999786376953,81.16999816894531,80.37000274658203,80.83999633789062,59.438079833984375,3751000
2018-06-27,81.05000305175781,81.26000213623047,80.51000213623047,80.52999877929688,59.21015930175781,4559900
2018-06-28,80.52999877929688,81.3499984741211,80.44000244140625,81.25,59.73954391479492,3896700
2018-06-29,81.0999984741211,81.80000305175781,80.62000274658203,81.44999694824219,59.886600494384766,5235400
2018-07-02,81.5199966430664,81.54000091552734,80.08000183105469,81.0,59.55572891235352,7926500
2018-07-03,81.04000091552734,82.18000030517578,80.83999633789062,81.61000061035156,60.00422668457031,7325300
2018-07-05,81.8499984741211,82.62000274658203,81.54000091552734,82.58000183105469,60.71742248535156,7214700
2018-07-06,82.79000091552734,83.16000366210938,82.73999786376953,83.0199966430664,61.04094314575195,7887400
2018-07-09,83.12999725341797,83.12999725341797,81.94000244140625,82.36000061035156,60.55568313598633,6621300
2018-07-10,82.51000213623047,82.7300033569336,82.02999877929688,82.52999877929688,60.68067169189453,4561900
2018-07-11,82.43000030517578,82.70999908447266,82.18000030517578,82.26000213623047,60.48214340209961,5127900
2018-07-12,82.5199966430664,82.6500015258789,82.08000183105469,82.51000213623047,60.66593933105469,4042100
2018-07-13,82.55000305175781,82.9000015258789,82.19999694824219,82.26000213623047,60.48214340209961,5013800
2018-07-16,82.11000061035156,82.19999694824219,81.36000061035156,81.81999969482422,60.15864944458008,3023900
2018-07-17,81.94999694824219,82.05999755859375,81.19000244140625,81.27999877929688,59.761600494384766,4031200
2018-07-18,81.16000366210938,81.44999694824219,80.55000305175781,80.91999816894531,59.49689483642578,5185600
2018-07-19,80.87999725341797,82.1500015258789,80.6500015258789,81.87000274658203,60.19539260864258,4358700
2018-07-20,81.58999633789062,81.80000305175781,80.86000061035156,81.08000183105469,59.614540100097656,3265500
2018-07-23,81.04000091552734,81.18000030517578,80.43000030517578,80.91000366210938,59.48954772949219,4379600
2018-07-24,80.88999938964844,81.02999877929688,80.30000305175781,80.5,59.18810272216797,4174900
2018-07-25,80.54000091552734,81.27999877929688,80.38999938964844,81.13999938964844,59.65864181518555,4521400
2018-07-26,81.25,81.81999969482422,81.05000305175781,81.41000366210938,59.857177734375,4385400
2018-07-27,81.55999755859375,81.61000061035156,80.45999908447266,80.54000091552734,59.21750259399414,4788000
2018-07-30,80.51000213623047,80.77999877929688,79.98999786376953,80.58999633789062,59.25428009033203,4002000
2018-07-31,80.83999633789062,82.30999755859375,80.83999633789062,81.94000244140625,60.24687576293945,5737300
2018-08-01,81.3499984741211,82.52999877929688,81.12999725341797,82.5199966430664,60.67329406738281,7798900
2018-08-02,82.3499984741211,82.66000366210938,82.01000213623047,82.19000244140625,60.4306755065918,4748200
2018-08-03,82.2300033569336,83.12000274658203,82.1500015258789,83.08000183105469,61.08503723144531,4342700
2018-08-06,83.12000274658203,83.37999725341797,82.7699966430664,82.97000122070312,61.00420379638672,4655000
2018-08-07,83.12000274658203,83.37999725341797,82.4000015258789,82.81999969482422,60.89386749267578,3047100
2018-08-08,82.7699966430664,82.80000305175781,82.1500015258789,82.33999633789062,60.54096603393555,2415400
2018-08-09,82.33999633789062,82.6500015258789,82.19000244140625,82.37999725341797,60.57040023803711,3720900
2018-08-10,82.48999786376953,82.5,81.5999984741211,81.75,60.10716247558594,4524100
2018-08-13,81.66000366210938,81.8499984741211,81.37999725341797,81.58999633789062,59.98950958251953,2755400
2018-08-14,81.58000183105469,82.19999694824219,81.58000183105469,81.98999786376953,60.28361892700195,3249400
2018-08-15,82.04000091552734,82.72000122070312,81.80999755859375,82.62000274658203,60.7468376159668,5202600
2018-08-16,82.62999725341797,83.30000305175781,82.55999755859375,83.29000091552734,61.23947525024414,3329800
2018-08-17,83.11000061035156,84.06999969482422,83.11000061035156,84.05999755859375,61.805606842041016,4698400
2018-08-20,84.16999816894531,84.55000305175781,84.0,84.12000274658203,61.84973907470703,4629200
2018-08-21,84.0,84.1500015258789,83.41000366210938,83.61000061035156,61.47474670410156,3149000
2018-08-22,83.52999877929688,83.63999938964844,82.83000183105469,83.13999938964844,61.129173278808594,2954900
2018-08-23,83.1500015258789,83.30000305175781,82.9000015258789,82.93000030517578,60.97476196289063,2528800
2018-08-24,82.93000030517578,83.43000030517578,82.80000305175781,83.41999816894531,61.33502960205078,3897100
2018-08-27,83.48999786376953,83.55999755859375,82.83999633789062,83.12000274658203,61.11446762084961,4479000
2018-08-28,83.23999786376953,84.25,83.0199966430664,84.23999786376953,61.93794250488281,4653100
2018-08-29,84.2300033569336,84.44000244140625,84.06999969482422,84.26000213623047,61.952632904052734,3564900
2018-08-30,84.3499984741211,84.37000274658203,83.6500015258789,83.72000122070312,61.55563354492188,2968300
2018-08-31,83.77999877929688,84.2300033569336,83.72000122070312,84.05000305175781,61.79825592041016,3305800
2018-09-04,83.86000061035156,84.06999969482422,82.94999694824219,83.05000305175781,61.06300354003906,4718600
2018-09-05,83.0199966430664,83.81999969482422,82.58000183105469,83.52999877929688,61.415924072265625,5407700
2018-09-06,83.66000366210938,84.0,83.63999938964844,83.7699966430664,61.59239196777344,3760300
2018-09-07,83.55000305175781,83.55000305175781,82.7699966430664,82.86000061035156,60.923301696777344,4234400
2018-09-10,83.25,83.69999694824219,83.11000061035156,83.2300033569336,61.195350646972656,3089200
2018-09-11,83.01000213623047,83.5,82.87999725341797,83.22000122070312,61.18799209594727,3980300
2018-09-12,83.23999786376953,83.47000122070312,82.9800033569336,83.26000213623047,61.2174072265625,2827800
2018-09-13,83.61000061035156,83.93000030517578,83.33999633789062,83.66999816894531,61.51884460449219,3813600
2018-09-14,83.55000305175781,83.62000274658203,82.54000091552734,83.13999938964844,61.129173278808594,5215800
2018-09-17,83.12999725341797,83.58000183105469,82.87000274658203,83.41000366210938,61.32768249511719,4414700
2018-09-18,83.30000305175781,83.52999877929688,82.87000274658203,83.01000213623047,61.03357696533203,8039400
2018-09-19,83.05000305175781,83.08000183105469,81.91000366210938,82.04000091552734,60.32038497924805,4410600
2018-09-20,82.05000305175781,82.86000061035156,81.7699966430664,82.80999755859375,60.886531829833984,4308300
2018-09-21,82.69000244140625,83.20999908447266,82.56999969482422,82.77999877929688,60.86449432373047,7292200
2018-09-24,81.44000244140625,81.61000061035156,79.83999633789062,80.16999816894531,59.77148818969727,4111200
2018-09-25,80.19000244140625,80.62000274658203,80.08000183105469,80.18000030517578,59.77894592285156,4781800
2018-09-26,80.16999816894531,80.27999877929688,79.18000030517578,79.22000122070312,59.06319046020508,8971900
2018-09-27,79.62000274658203,79.97000122070312,79.37999725341797,79.5999984741211,59.34651947021485,4942200
2018-09-28,79.70999908447266,80.68000030517578,79.62999725341797,80.68000030517578,60.15171432495117,6092300
2018-10-01,80.5999984741211,80.81999969482422,79.91999816894531,79.93000030517578,59.59254455566406,7215600
2018-10-02,79.94999694824219,80.19000244140625,79.62999725341797,79.75,59.4583740234375,5746700
2018-10-03,79.75,80.0199966430664,78.44000244140625,78.9000015258789,58.82463836669922,7104300
2018-10-04,78.58000183105469,78.6500015258789,77.7300033569336,78.23999786376953,58.33256149291992,6759300
2018-10-05,78.26000213623047,78.69000244140625,78.1500015258789,78.19999694824219,58.302730560302734,4971600
2018-10-08,78.31999969482422,79.62999725341797,78.19999694824219,79.33000183105469,59.14522552490234,5246900
2018-10-09,79.3499984741211,79.79000091552734,78.95999908447266,79.44000244140625,59.22723007202149,5852000
2018-10-10,79.25,79.69000244140625,78.23999786376953,78.26000213623047,58.34747314453125,8837400
2018-10-11,78.38999938964844,78.38999938964844,75.93000030517578,76.0199966430664,56.67742919921875,12471700
2018-10-12,76.83999633789062,77.06999969482422,75.37999725341797,75.81999969482422,56.52829360961914,10167900
2018-10-15,75.79000091552734,77.04000091552734,75.7300033569336,76.33000183105469,56.90853500366211,8526800
2018-10-16,76.47000122070312,78.05000305175781,76.12000274658203,77.9000015258789,58.079063415527344,5315400
2018-10-17,77.81999969482422,78.0,77.05000305175781,77.5999984741211,57.85540771484375,5088900
2018-10-18,77.58999633789062,78.18000030517578,77.22000122070312,77.44999694824219,57.74357986450195,6818700
2018-10-19,77.5,78.37000274658203,77.5,78.12000274658203,58.24308776855469,5357300
2018-10-22,78.19000244140625,78.58000183105469,77.02999877929688,77.02999877929688,57.430419921875,7499300
2018-10-23,76.7699966430664,77.86000061035156,76.44000244140625,77.37000274658203,57.68391799926758,6988400
2018-10-24,77.56999969482422,78.77999877929688,77.41999816894531,78.0999984741211,58.22817993164063,6016200
2018-10-25,78.19999694824219,79.52999877929688,77.86000061035156,79.0999984741211,58.97373962402344,6215700
2018-10-26,79.18000030517578,79.18000030517578,76.68000030517578,77.19999694824219,57.55716323852539,11721400
2018-10-29,77.72000122070312,78.72000122070312,77.69000244140625,78.18000030517578,58.28782653808594,7159600
2018-10-30,78.30000305175781,79.8499984741211,78.0999984741211,79.25,59.08557891845703,9053000
2018-10-31,79.22000122070312,79.37999725341797,78.16999816894531,78.31999969482422,58.39219665527344,8322000
2018-11-01,78.37999725341797,78.8499984741211,78.02999877929688,78.69000244140625,58.66805648803711,6062700
2018-11-02,78.83999633789062,78.86000061035156,77.1500015258789,78.04000091552734,58.18343734741211,7609100
2018-11-05,78.19999694824219,79.45999908447266,78.18000030517578,79.19999694824219,59.04829025268555,6753000
2018-11-06,79.27999877929688,79.62999725341797,79.08000183105469,79.5999984741211,59.34651947021485,4127900
2018-11-07,79.94999694824219,80.58000183105469,79.5199966430664,80.55000305175781,60.0547981262207,7559200
2018-11-08,80.41999816894531,80.66999816894531,79.94999694824219,80.61000061035156,60.09952163696289,3559700
2018-11-09,80.5199966430664,80.87000274658203,80.16000366210938,80.5999984741211,60.09210205078125,3388500
2018-11-12,80.70999908447266,81.43000030517578,80.54000091552734,80.76000213623047,60.21136474609375,4969800
2018-11-13,80.81999969482422,81.12999725341797,80.19000244140625,80.68000030517578,60.15171432495117,4882600
2018-11-14,80.79000091552734,81.0,80.0999984741211,80.4800033569336,60.00260162353516,4545800
2018-11-15,80.23999786376953,80.27999877929688,79.12999725341797,79.93000030517578,59.59254455566406,6413700
2018-11-16,79.77999877929688,80.91000366210938,79.69999694824219,80.79000091552734,60.23374176025391,4347600
2018-11-19,80.93000030517578,81.48999786376953,80.41000366210938,80.9000015258789,60.31575393676758,7117500
2018-11-20,80.5,81.13999938964844,80.05999755859375,80.06999969482422,59.69691848754883,5295700
2018-11-21,80.05999755859375,80.80999755859375,79.7300033569336,80.13999938964844,59.749114990234375,4139600
2018-11-23,79.87999725341797,80.3499984741211,79.51000213623047,79.9800033569336,59.629825592041016,2815500
2018-11-26,80.2699966430664,80.4800033569336,79.76000213623047,80.12999725341797,59.74166488647461,4422200
2018-11-27,80.05999755859375,80.4800033569336,79.73999786376953,80.47000122070312,59.99513626098633,5183600
2018-11-28,80.5,81.26000213623047,80.1500015258789,81.19000244140625,60.531959533691406,8681300
2018-11-29,81.13999938964844,81.61000061035156,80.66000366210938,81.20999908447266,60.54686737060547,5681000
2018-11-30,81.41000366210938,82.05000305175781,81.12999725341797,81.9800033569336,61.12094497680664,6641000
2018-12-03,82.4800033569336,82.55999755859375,81.55999755859375,82.41999816894531,61.44899368286133,7407000
2018-12-04,82.3499984741211,82.62999725341797,80.98999786376953,81.19999694824219,60.53940963745117,9346700
2018-12-06,80.75,83.30999755859375,80.0199966430664,83.20999908447266,62.03798294067383,15059500
2018-12-07,82.94000244140625,83.08999633789062,81.80999755859375,82.12000274658203,61.22532653808594,9987800
2018-12-10,82.16999816894531,82.23999786376953,80.58000183105469,81.58999633789062,60.83018112182617,5804300
2018-12-11,82.05999755859375,82.38999938964844,81.62999725341797,81.62999725341797,60.8599967956543,5108800
2018-12-12,82.12000274658203,82.25,80.26000213623047,80.37000274658203,59.92060470581055,6943900
2018-12-13,79.5199966430664,80.5,79.44999694824219,79.87999725341797,60.26689529418945,6131600
2018-12-14,79.58000183105469,80.01000213623047,79.23999786376953,79.6500015258789,60.093360900878906,10390400
2018-12-17,79.73999786376953,79.98999786376953,76.47000122070312,76.6500015258789,57.82996368408203,20329300
2018-12-18,77.48999786376953,77.95999908447266,77.06999969482422,77.44000244140625,58.42599487304688,9575700
2018-12-19,77.45999908447266,78.0,76.27999877929688,76.58999633789062,57.78468704223633,10760000
2018-12-20,76.48999786376953,76.72000122070312,74.88999938964844,75.44000244140625,56.91706848144531,13284100
2018-12-21,75.61000061035156,77.0199966430664,74.31999969482422,74.38999938964844,56.1248664855957,16609300
2018-12-24,74.08000183105469,74.33000183105469,71.68000030517578,71.73999786376953,54.125526428222656,9335800
2018-12-26,71.88999938964844,74.13999938964844,71.08000183105469,74.13999938964844,55.93624877929688,16977000
2018-12-27,73.58999633789062,74.20999908447266,72.0199966430664,74.12999725341797,55.92870330810547,12102300
2018-12-28,74.91000366210938,75.18000030517578,73.80000305175781,74.37000274658203,56.10977935791016,12729300
2018-12-31,74.30999755859375,74.72000122070312,73.30000305175781,74.56999969482422,56.26067733764648,15750600
2019-01-02,73.55999755859375,73.69999694824219,72.52999877929688,72.94999694824219,55.03843688964844,12880400
2019-01-03,72.7699966430664,74.56999969482422,72.70999908447266,73.45999908447266,55.42319488525391,12264300
2019-01-04,73.73999786376953,75.0199966430664,73.30000305175781,74.31999969482422,56.07204818725586,9389000
2019-01-07,74.5999984741211,75.61000061035156,74.4000015258789,75.05000305175781,56.62282180786133,9227900
2019-01-08,75.52999877929688,76.79000091552734,75.33000183105469,76.5999984741211,57.7922477722168,10761000
2019-01-09,76.77999877929688,76.87000274658203,75.76000213623047,76.48999786376953,57.709259033203125,6434200
2019-01-10,76.25,77.75,76.08000183105469,77.52999877929688,58.493900299072266,8671800
2019-01-11,77.45999908447266,77.83000183105469,77.0999984741211,77.75,58.659889221191406,5141900
2019-01-14,77.5,77.94000244140625,77.18000030517578,77.48999786376953,58.46372222900391,4934500
2019-01-15,77.5999984741211,78.41999816894531,77.56999969482422,78.2300033569336,59.02201843261719,5377200
2019-01-16,78.20999908447266,79.05999755859375,78.0999984741211,78.77999877929688,59.43698120117188,6164000
2019-01-17,78.62999725341797,79.19999694824219,78.47000122070312,79.16000366210938,59.72367477416992,4327000
2019-01-18,79.48999786376953,79.5,78.81999969482422,79.43000030517578,59.92740249633789,6397100
2019-01-22,79.26000213623047,79.54000091552734,78.58000183105469,79.19000244140625,59.74631118774414,6062600
2019-01-23,79.33000183105469,79.4000015258789,78.68000030517578,79.19999694824219,59.75385284423828,3972000
2019-01-24,78.97000122070312,79.6500015258789,78.69000244140625,79.47000122070312,59.95756912231445,4142500
2019-01-25,79.73999786376953,80.5199966430664,79.58999633789062,80.45999908447266,60.70450592041016,5713400
2019-01-28,80.30999755859375,81.33000183105469,80.05999755859375,81.25,61.30051040649414,5471200
2019-01-29,81.12999725341797,81.93000030517578,80.97000122070312,81.88999938964844,61.78337478637695,4832200
2019-01-30,81.91999816894531,82.8499984741211,81.83000183105469,82.55000305175781,62.28133010864258,6635900
2019-01-31,82.44999694824219,83.47000122070312,81.77999877929688,83.41000366210938,62.9301643371582,13041700
2019-02-01,83.48999786376953,83.75,81.72000122070312,82.87999725341797,62.53030776977539,16142500
2019-02-04,82.86000061035156,83.5,82.19999694824219,83.5,62.99806213378906,13612800
2019-02-05,83.58000183105469,84.02999877929688,83.05999755859375,83.9800033569336,63.36021423339844,10279100
2019-02-06,83.66999816894531,83.88999938964844,83.16000366210938,83.43000030517578,62.94525146484375,8419900
2019-02-07,83.18000030517578,84.22000122070312,82.91000366210938,84.12000274658203,63.465858459472656,8823200
2019-02-08,83.80000305175781,84.44999694824219,83.6500015258789,84.12000274658203,63.465858459472656,6853900
2019-02-11,84.25,84.51000213623047,83.95999908447266,84.3499984741211,63.63935470581055,4999200
2019-02-12,84.55000305175781,84.55000305175781,83.51000213623047,83.81999969482422,63.23952865600586,8588900
2019-02-13,83.83000183105469,84.33000183105469,83.5199966430664,84.25,63.56393051147461,5697000
2019-02-14,84.37999725341797,84.83999633789062,83.98999786376953,84.5199966430664,63.76763153076172,6928100
2019-02-15,84.73999786376953,85.0999984741211,84.54000091552734,85.08999633789062,64.19766235351562,4998600
2019-02-19,84.91000366210938,85.2699966430664,84.75,85.06999969482422,64.18257904052734,5981200
2019-02-20,85.01000213623047,85.01000213623047,83.9800033569336,84.54000091552734,63.78270721435547,7918900
2019-02-21,84.05999755859375,84.69999694824219,83.77999877929688,84.62000274658203,63.843074798583984,4756900
2019-02-22,84.79000091552734,85.44999694824219,84.5199966430664,85.12000274658203,64.22032165527344,4490300
2019-02-25,85.29000091552734,85.36000061035156,84.37000274658203,84.44999694824219,63.71481323242188,4956800
2019-02-26,84.56999969482422,84.79000091552734,84.05000305175781,84.19000244140625,63.5186653137207,4777100
2019-02-27,83.91000366210938,84.12999725341797,83.1500015258789,83.7699966430664,63.20176315307617,8116400
2019-02-28,83.83000183105469,84.91999816894531,83.5199966430664,83.98999786376953,63.367767333984375,6547100
2019-03-01,83.94000244140625,84.23999786376953,82.81999969482422,83.7300033569336,63.17161560058594,10635700
2019-03-04,84.12000274658203,84.19999694824219,83.18000030517578,84.11000061035156,63.45830535888672,7103600
2019-03-05,84.06999969482422,84.70999908447266,83.9000015258789,84.33999633789062,63.6318244934082,9077500
2019-03-06,84.41999816894531,84.5999984741211,83.8499984741211,83.94999694824219,63.33757019042969,5370800
2019-03-07,84.16000366210938,84.55000305175781,83.55000305175781,83.7699966430664,63.20176315307617,8328500
2019-03-08,83.62999725341797,84.16000366210938,83.48999786376953,83.86000061035156,63.26968765258789,9264800
2019-03-11,84.1500015258789,85.1500015258789,84.01000213623047,85.08999633789062,64.19766235351562,4679300
2019-03-12,85.19999694824219,85.69000244140625,85.11000061035156,85.4800033569336,64.49192810058594,6072500
2019-03-13,85.58000183105469,86.12999725341797,85.58000183105469,85.9000015258789,64.80878448486328,4282900
2019-03-14,85.95999908447266,86.05000305175781,85.62000274658203,86.02999877929688,64.90689086914062,4303200
2019-03-15,86.12000274658203,86.19000244140625,85.61000061035156,85.76000213623047,64.70316314697266,4742200
2019-03-18,85.80000305175781,86.02999877929688,84.91999816894531,85.33000183105469,64.37875366210938,4125300
2019-03-19,85.37999725341797,85.51000213623047,84.80999755859375,85.06999969482422,64.18257904052734,6169200
2019-03-20,85.05000305175781,85.86000061035156,84.44000244140625,85.33000183105469,64.37875366210938,6499300
2019-03-21,85.20999908447266,86.88999938964844,85.19999694824219,86.8499984741211,65.52554321289062,6948200
2019-03-22,86.93000030517578,87.41999816894531,86.19999694824219,86.22000122070312,65.05023193359375,8769700
2019-03-25,86.25,86.61000061035156,85.75,86.33000183105469,65.13320922851562,6324300
2019-03-26,86.5199966430664,87.05999755859375,86.43000030517578,87.0199966430664,65.65377807617188,8576400
2019-03-27,87.13999938964844,87.29000091552734,86.22000122070312,86.7699966430664,65.46517944335938,7252600
2019-03-28,86.3499984741211,87.02999877929688,86.0999984741211,86.98999786376953,66.10042572021484,5600000
2019-03-29,87.06999969482422,87.16000366210938,86.56999969482422,86.91000366210938,66.03964233398438,13743500
2019-04-01,87.0,87.02999877929688,85.91000366210938,86.86000061035156,66.00164031982422,8528500
2019-04-02,86.9800033569336,87.55000305175781,86.22000122070312,87.47000122070312,66.46516418457031,10358100
2019-04-03,87.47000122070312,87.73999786376953,86.77999877929688,87.37000274658203,66.38916778564453,5004200
2019-04-04,87.43000030517578,87.5,86.80000305175781,87.2300033569336,66.28279113769531,4249100
2019-04-05,87.23999786376953,87.88999938964844,87.0999984741211,87.83999633789062,66.7463150024414,4827100
2019-04-08,87.7699966430664,87.83000183105469,87.06999969482422,87.3499984741211,66.37398529052734,4575500
2019-04-09,87.3499984741211,87.4800033569336,86.73999786376953,86.88999938964844,66.02442932128906,3507600
2019-04-10,87.19999694824219,87.7699966430664,87.0199966430664,87.69000244140625,66.63233184814453,4264500
2019-04-11,87.77999877929688,88.08999633789062,87.27999877929688,87.62999725341797,66.58673095703125,2925600
2019-04-12,87.58999633789062,88.08000183105469,86.97000122070312,88.05000305175781,66.9058837890625,4148900
2019-04-15,88.0999984741211,88.13999938964844,87.37000274658203,87.5999984741211,66.56393432617188,3468900
2019-04-16,87.62000274658203,87.66000366210938,85.27999877929688,85.62000274658203,65.0594253540039,7256100
2019-04-17,85.91000366210938,86.02999877929688,84.55999755859375,84.83999633789062,64.46670532226562,6121300
2019-04-18,85.11000061035156,85.66999816894531,84.58000183105469,85.48999786376953,64.96061706542969,4827400
2019-04-22,85.38999938964844,85.69000244140625,83.77999877929688,84.55000305175781,64.2463607788086,5012000
2019-04-23,84.91999816894531,85.79000091552734,84.5199966430664,85.66999816894531,65.097412109375,4692300
2019-04-24,85.97000122070312,86.55999755859375,85.66000366210938,86.30000305175781,65.57611083984375,4853800
2019-04-25,86.08000183105469,86.3499984741211,85.47000122070312,86.12000274658203,65.43933868408203,3732500
2019-04-26,86.27999877929688,86.87000274658203,86.12999725341797,86.80000305175781,65.95606231689453,3109400
2019-04-29,86.70999908447266,86.97000122070312,85.8499984741211,85.94999694824219,65.31016540527344,4280600
2019-04-30,86.0199966430664,86.94999694824219,85.4800033569336,86.7699966430664,65.93325805664062,5541400
2019-05-01,86.7699966430664,87.83000183105469,86.72000122070312,86.83999633789062,65.98645782470703,7675800
2019-05-02,86.87999725341797,87.77999877929688,86.66999816894531,86.93000030517578,66.05484008789062,5675900
2019-05-03,87.23999786376953,87.79000091552734,86.93000030517578,87.66999816894531,66.61711883544922,4678400
2019-05-06,87.25,87.66999816894531,86.87000274658203,87.38999938964844,66.40435791015625,4836000
2019-05-07,87.27999877929688,87.27999877929688,85.20999908447266,85.80999755859375,65.20380401611328,7037100
2019-05-08,85.87999725341797,86.58000183105469,85.66999816894531,85.72000122070312,65.13539123535156,5976800
2019-05-09,85.56999969482422,86.11000061035156,84.95999908447266,85.94000244140625,65.30257415771484,4005000
2019-05-10,85.87999725341797,87.08000183105469,85.70999908447266,86.86000061035156,66.00164031982422,4269000
2019-05-13,86.31999969482422,86.9000015258789,86.08000183105469,86.7699966430664,65.93325805664062,5794100
2019-05-14,86.94999694824219,87.37000274658203,86.73999786376953,87.08999633789062,66.17639923095703,4740500
2019-05-15,87.01000213623047,87.88999938964844,86.72000122070312,87.68000030517578,66.62471008300781,3410600
2019-05-16,87.6500015258789,88.41999816894531,87.44999694824219,88.02999877929688,66.89069366455078,4008500
2019-05-17,87.7300033569336,88.06999969482422,87.41000366210938,87.86000061035156,66.76150512695312,5346600
2019-05-20,87.41999816894531,87.69000244140625,86.23999786376953,86.58999633789062,65.79647064208984,4221100
2019-05-21,86.87000274658203,87.55000305175781,86.75,87.33000183105469,66.35879516601562,2930100
2019-05-22,87.41999816894531,87.6500015258789,87.16000366210938,87.58999633789062,66.55634307861328,2825100
2019-05-23,87.37999725341797,87.87000274658203,87.08999633789062,87.79000091552734,66.70832061767578,3304500
2019-05-24,88.0199966430664,88.47000122070312,87.98999786376953,88.05999755859375,66.91346740722656,3121800
2019-05-28,88.33000183105469,88.58999633789062,87.13999938964844,87.19000244140625,66.25241088867188,4614500
2019-05-29,87.05999755859375,87.20999908447266,85.70999908447266,86.02999877929688,65.3709716796875,8170000
2019-05-30,86.12000274658203,86.77999877929688,86.02999877929688,86.38999938964844,65.64451599121094,3984100
2019-05-31,86.16000366210938,87.37000274658203,85.88999938964844,86.88999938964844,66.02442932128906,5369200
2019-06-03,87.19999694824219,87.38999938964844,86.4800033569336,87.0999984741211,66.18399810791016,6347800
2019-06-04,87.25,87.25,85.94999694824219,86.70999908447266,65.88766479492188,6993200
2019-06-05,87.20999908447266,88.62000274658203,86.98999786376953,88.5199966430664,67.26301574707031,6775400
2019-06-06,88.80000305175781,88.88999938964844,88.05000305175781,88.69000244140625,67.3921890258789,4077200
2019-06-07,89.12999725341797,89.56999969482422,88.91999816894531,89.0199966430664,67.64295196533203,3525700
2019-06-10,89.19000244140625,89.29000091552734,88.4000015258789,88.7300033569336,67.42259979248047,2945500
2019-06-11,88.98999786376953,89.19000244140625,88.30999755859375,88.97000122070312,67.60494232177734,3834000
2019-06-12,89.04000091552734,89.56999969482422,88.9000015258789,89.2699966430664,67.83292388916016,2768500
2019-06-13,89.3499984741211,89.6500015258789,89.0999984741211,89.6500015258789,68.12164306640625,2799400
2019-06-14,89.5999984741211,90.12000274658205,89.55000305175781,89.69999694824219,68.15965270996094,2981700
2019-06-17,89.94000244140625,90.77999877929688,89.94000244140625,90.66000366210938,68.88911437988281,3574900
2019-06-18,91.33000183105467,91.58999633789062,90.16000366210938,90.56999969482422,68.82075500488281,4449200
2019-06-19,90.41999816894533,91.36000061035156,90.01000213623047,91.05999755859376,69.19304656982422,3694600
2019-06-20,91.55999755859376,91.8499984741211,91.38999938964844,91.5199966430664,69.54259490966797,4862000
2019-06-21,91.0,91.2699966430664,90.04000091552734,90.2300033569336,68.5623779296875,7941700
2019-06-24,90.62999725341795,90.91000366210938,89.6500015258789,89.91999816894531,68.32682037353516,3773600
2019-06-25,89.94000244140625,90.16999816894533,88.58999633789062,88.58999633789062,67.31619262695312,5381300
2019-06-26,88.62999725341797,88.72000122070312,86.61000061035156,86.81999969482422,65.97125244140625,12897000
2019-06-27,86.52999877929688,87.16000366210938,86.37000274658203,87.0999984741211,66.82051086425781,6924500
2019-06-28,87.20999908447266,87.95999908447266,87.13999938964844,87.4000015258789,67.05067443847656,9638200
2019-07-01,87.9800033569336,87.9800033569336,86.33000183105469,87.36000061035156,67.01997375488281,9746000
2019-07-02,87.44000244140625,88.87999725341797,87.44000244140625,88.87999725341797,68.18608093261719,7633700
2019-07-03,89.0199966430664,90.01000213623047,88.94999694824219,89.94000244140625,68.99925231933594,5418000
2019-07-05,89.30999755859375,89.91000366210938,88.22000122070312,89.62000274658203,68.75379180908203,5375100
2019-07-08,89.52999877929688,90.08999633789062,89.38999938964844,89.94000244140625,68.99925231933594,4509700
2019-07-09,89.75,90.38999938964844,89.51000213623047,90.23999786376952,69.22941589355469,4906800
2019-07-10,90.62000274658205,91.0,90.1500015258789,90.76000213623048,69.62834167480469,6833700
2019-07-11,90.7699966430664,90.7699966430664,89.23999786376953,89.58000183105469,68.72310638427734,4020600
2019-07-12,89.6500015258789,89.7699966430664,89.06999969482422,89.45999908447266,68.63103485107422,2948600
2019-07-15,89.58000183105469,89.9800033569336,89.30000305175781,89.38999938964844,68.57732391357422,3185700
2019-07-16,89.2699966430664,89.56999969482422,88.80999755859375,89.18000030517578,68.41621398925781,3611600
2019-07-17,89.41000366210938,89.69000244140625,88.36000061035156,88.87999725341797,68.18608093261719,6422000
2019-07-18,88.6500015258789,89.12000274658203,88.16999816894531,88.87999725341797,68.18608093261719,7048200
2019-07-19,88.97000122070312,89.02999877929688,87.30999755859375,87.43000030517578,67.07366943359375,5064600
2019-07-22,87.52999877929688,87.69000244140625,87.0199966430664,87.3499984741211,67.01229858398438,3265200
2019-07-23,87.55999755859375,88.33999633789062,87.29000091552734,88.33999633789062,67.77180480957031,4239800
2019-07-24,88.44999694824219,88.5,87.9000015258789,88.41000366210938,67.82550048828125,2946100
2019-07-25,88.37999725341797,88.44000244140625,87.58000183105469,87.88999938964844,67.42658996582031,5629200
2019-07-26,88.01000213623047,88.44000244140625,87.62999725341797,88.29000091552734,67.73343658447266,3111900
2019-07-29,88.44000244140625,89.13999938964844,88.37999725341797,88.52999877929688,67.91755676269531,4898200
2019-07-30,88.47000122070312,89.55999755859375,88.44999694824219,89.23999786376953,68.46224212646484,3818100
2019-07-31,89.33999633789062,89.9800033569336,88.37999725341797,88.88999938964844,68.19374084472656,5979800
2019-08-01,89.01000213623047,89.72000122070312,88.3499984741211,88.88999938964844,68.19374084472656,8371300
2019-08-02,88.81999969482422,89.79000091552734,88.66999816894531,89.31999969482422,68.52362060546875,4794000
2019-08-05,89.0999984741211,89.1500015258789,86.44999694824219,87.55999755859375,67.17340087890625,6840000
2019-08-06,87.76000213623047,89.0199966430664,87.54000091552734,88.52999877929688,67.91755676269531,7789000
2019-08-07,88.19999694824219,89.98999786376953,87.36000061035156,89.38999938964844,68.57732391357422,8674600
2019-08-08,89.58999633789062,90.95999908447266,88.9800033569336,90.95999908447266,69.78177642822266,5766700
2019-08-09,90.8000030517578,91.1500015258789,90.0,90.8499984741211,69.69740295410156,3304800
2019-08-12,90.73999786376952,90.9800033569336,90.13999938964844,90.61000061035156,69.51327514648438,2944000
2019-08-13,90.55999755859376,91.0199966430664,90.01000213623047,90.73999786376952,69.61298370361328,4540200
2019-08-14,90.33999633789062,90.4800033569336,89.1500015258789,89.36000061035156,68.55430603027344,4645100
2019-08-15,89.48999786376953,90.44000244140624,89.38999938964844,90.25,69.23709869384766,4582900
2019-08-16,90.45999908447266,91.3499984741211,90.25,91.18000030517578,69.95056915283203,3951100
2019-08-19,91.56999969482422,92.0500030517578,91.16999816894533,91.83999633789062,70.45690155029297,3255600
2019-08-20,92.13999938964844,92.20999908447266,91.12000274658205,91.19000244140624,69.95825958251953,2556300
2019-08-21,91.44000244140624,91.76000213623048,91.08000183105467,91.56999969482422,70.24977111816406,2739400
2019-08-22,91.55999755859376,92.05999755859376,91.0500030517578,91.98999786376952,70.57196807861328,2587300
2019-08-23,91.91000366210938,92.5500030517578,90.4000015258789,90.6999969482422,69.5822982788086,5776500
2019-08-26,91.1999969482422,91.4800033569336,90.7699966430664,91.4000015258789,70.11933898925781,2736200
2019-08-27,91.9000015258789,92.12999725341795,91.06999969482422,91.13999938964844,69.91986846923828,3252300
2019-08-28,91.12999725341795,91.58000183105467,90.91000366210938,91.44000244140624,70.15001678466797,3498600
2019-08-29,91.8499984741211,92.25,91.63999938964844,92.1500015258789,70.6947250366211,2688000
2019-08-30,92.41000366210938,92.51000213623048,91.80999755859376,92.22000122070312,70.7484130859375,5678300
2019-09-03,92.1999969482422,93.23999786376952,92.0,93.13999938964844,71.4542007446289,5927900
2019-09-04,93.5999984741211,94.06999969482422,93.44000244140624,93.91999816894533,72.0526123046875,4757100
2019-09-05,94.01000213623048,94.01000213623048,93.06999969482422,93.23999786376952,71.53092956542969,6036600
2019-09-06,93.51000213623048,93.79000091552734,93.22000122070312,93.4499969482422,71.6920394897461,2986400
2019-09-09,93.4499969482422,93.45999908447266,92.75,93.0,71.34683227539062,3772100
2019-09-10,92.66000366210938,92.68000030517578,91.23999786376952,92.04000091552734,70.61032104492188,5379400
2019-09-11,91.91999816894533,92.29000091552734,91.41999816894533,92.13999938964844,70.6870346069336,3972200
2019-09-12,92.8499984741211,93.16999816894533,92.08999633789062,92.62999725341795,71.06295776367188,3486100
2019-09-13,92.5199966430664,92.98999786376952,91.36000061035156,91.63999938964844,70.3034439086914,6109300
2019-09-16,91.8000030517578,92.58999633789062,91.48999786376952,92.44000244140624,70.91717529296875,4688300
2019-09-17,92.8499984741211,93.4800033569336,92.61000061035156,93.44000244140624,71.68435668945312,3674800
2019-09-18,93.97000122070312,93.97000122070312,92.33999633789062,93.12000274658205,71.4388656616211,5655000
2019-09-19,93.31999969482422,93.8499984741211,93.22000122070312,93.4499969482422,71.6920394897461,2892800
2019-09-20,93.66000366210938,93.94000244140624,93.18000030517578,93.4499969482422,71.6920394897461,6900400
2019-09-23,93.26000213623048,94.0,93.2300033569336,93.5999984741211,71.8071060180664,3515200
2019-09-24,93.11000061035156,93.33000183105467,92.33999633789062,92.6500015258789,71.64781188964844,3705600
2019-09-25,92.6500015258789,93.0500030517578,92.41000366210938,92.83000183105467,71.7870101928711,7088700
2019-09-26,93.11000061035156,93.83000183105467,93.0,93.61000061035156,72.39018249511719,2984700
2019-09-27,93.80999755859376,93.91000366210938,92.44000244140624,93.08999633789062,71.9880599975586,4090300
2019-09-30,93.19000244140624,93.72000122070312,93.11000061035156,93.25,72.11180114746094,3189800
2019-10-01,93.1999969482422,93.4800033569336,92.22000122070312,92.37000274658205,71.4312744140625,5226300
2019-10-02,92.37999725341795,92.4499969482422,91.38999938964844,91.9800033569336,71.12970733642578,3384300
2019-10-03,91.93000030517578,93.12000274658205,91.75,92.87000274658205,71.81795501708984,6634500
2019-10-04,93.0500030517578,93.47000122070312,92.9800033569336,93.43000030517578,72.25099182128906,2189400
2019-10-07,93.0,93.69000244140624,92.8499984741211,93.2300033569336,72.0963363647461,3667600
2019-10-08,93.12000274658205,93.5,92.29000091552734,92.73999786376952,71.71742248535156,3108100
2019-10-09,93.66999816894533,93.66999816894533,92.8000030517578,92.91999816894533,71.85659790039062,4166000
2019-10-10,92.87999725341795,93.25,92.5500030517578,93.06999969482422,71.97261047363281,3719700
2019-10-11,93.41000366210938,93.77999877929688,92.9800033569336,93.02999877929688,71.94165802001953,3376300
2019-10-14,93.13999938964844,93.29000091552734,92.72000122070312,93.06999969482422,71.97261047363281,1877600
2019-10-15,93.1500015258789,93.29000091552734,92.55999755859376,93.19000244140624,72.06539154052734,3218500
2019-10-16,93.13999938964844,93.22000122070312,92.62000274658205,93.1999969482422,72.07315063476562,3413900
2019-10-17,93.38999938964844,93.95999908447266,93.25,93.80999755859376,72.54484558105469,3223100
2019-10-18,93.7300033569336,94.66999816894533,93.69000244140624,94.52999877929688,73.10163879394531,2492100
2019-10-21,94.6500015258789,95.29000091552734,94.41000366210938,95.25,73.65843200683594,2591900
2019-10-22,95.45999908447266,95.48999786376952,94.79000091552734,94.97000122070312,73.4419174194336,2644200
2019-10-23,95.11000061035156,95.2699966430664,94.43000030517578,95.18000030517578,73.60430145263672,3020200
2019-10-24,95.37000274658205,95.37000274658205,94.70999908447266,94.94000244140624,73.418701171875,3148800
2019-10-25,94.87999725341795,94.98999786376952,93.9499969482422,94.12999725341795,72.79232025146484,4184600
2019-10-28,94.12999725341795,94.12999725341795,93.4499969482422,93.55999755859376,72.35150909423828,4897400
2019-10-29,93.72000122070312,94.38999938964844,93.5999984741211,94.12999725341795,72.79232025146484,5512200
2019-10-30,94.0199966430664,94.52999877929688,93.47000122070312,94.47000122070312,73.05523681640625,3861400
2019-10-31,94.66999816894533,94.76000213623048,93.9499969482422,94.3000030517578,72.92376708984375,4723500
2019-11-01,94.41000366210938,94.79000091552734,93.4499969482422,94.27999877929688,72.9083023071289,6520400
2019-11-04,94.25,94.27999877929688,93.41999816894533,93.62000274658205,72.39791107177734,3878100
2019-11-05,93.3499984741211,93.3499984741211,91.66999816894533,92.02999877929688,71.16834259033203,9141700
2019-11-06,92.22000122070312,92.66999816894533,92.0199966430664,92.2300033569336,71.32302856445312,4500400
2019-11-07,91.9800033569336,92.08000183105467,90.9800033569336,91.30999755859376,70.61156463623047,4945300
2019-11-08,91.20999908447266,91.6999969482422,90.91000366210938,91.08999633789062,70.4414291381836,7330200
2019-11-11,91.0999984741211,91.58000183105467,91.0,91.29000091552734,70.59610748291016,3525200
2019-11-12,91.31999969482422,91.87999725341795,90.5199966430664,90.5999984741211,70.06249237060547,5701600
2019-11-13,90.6999969482422,91.58999633789062,90.6500015258789,91.43000030517578,70.7043685913086,4316000
2019-11-14,91.5999984741211,92.16000366210938,91.5,92.13999938964844,71.25341796875,5136200
2019-11-15,92.29000091552734,92.66999816894533,92.0500030517578,92.63999938964844,71.64007568359375,2785200
2019-11-18,92.7699966430664,93.5,92.70999908447266,93.08999633789062,71.9880599975586,3251900
2019-11-19,93.33999633789062,93.5199966430664,93.0,93.25,72.11180114746094,4065100
2019-11-20,93.31999969482422,93.4800033569336,92.79000091552734,93.1999969482422,72.07315063476562,5698800
2019-11-21,92.9499969482422,93.01000213623048,91.86000061035156,91.88999938964844,71.0600814819336,5002900
2019-11-22,92.05999755859376,92.12999725341795,91.0500030517578,91.5500030517578,70.79715728759766,5112000
2019-11-25,91.73999786376952,92.37000274658205,91.73999786376952,91.83999633789062,71.02141571044922,5183500
2019-11-26,92.04000091552734,93.11000061035156,91.9499969482422,93.05999755859376,71.96487426757812,4858500
2019-11-27,93.05999755859376,93.5500030517578,92.77999877929688,93.5,72.30512237548828,4121600
2019-11-29,93.5,93.8499984741211,93.02999877929688,93.06999969482422,71.97261047363281,3531100
2019-12-02,92.6999969482422,93.0199966430664,91.61000061035156,91.66000366210938,70.8822250366211,9430800
2019-12-03,91.62000274658205,92.37000274658205,91.54000091552734,92.25,71.33848571777344,4762900
2019-12-04,92.06999969482422,92.97000122070312,91.97000122070312,92.62999725341795,71.6323471069336,4129800
2019-12-05,92.61000061035156,92.72000122070312,92.16000366210938,92.68000030517578,71.67100524902344,4846800
2019-12-06,92.6500015258789,93.37000274658205,92.6500015258789,92.87000274658205,71.81795501708984,4486000
2019-12-09,93.0,93.22000122070312,92.61000061035156,93.0500030517578,71.95713806152344,3961000
2019-12-10,93.08000183105467,93.27999877929688,92.3000030517578,92.51000213623048,71.53955078125,5227100
2019-12-11,92.58000183105467,92.61000061035156,91.29000091552734,91.56999969482422,70.8126220703125,5112100
2019-12-12,91.58000183105467,91.91000366210938,90.1999969482422,90.33000183105467,69.85372161865234,7923900
2019-12-13,90.37000274658205,90.8000030517578,89.68000030517578,90.3499984741211,69.86917114257812,6814200
2019-12-16,90.61000061035156,91.1999969482422,89.9800033569336,91.0,70.37184143066406,5185200
2019-12-17,91.27999877929688,91.31999969482422,89.98999786376953,90.13999938964844,69.70680236816406,9649900
2019-12-18,89.22000122070312,90.5199966430664,89.22000122070312,90.2699966430664,70.55638885498047,6340700
2019-12-19,90.2300033569336,91.12000274658205,90.12999725341795,91.06999969482422,71.18167877197266,6117400
2019-12-20,91.31999969482422,91.97000122070312,91.25,91.56999969482422,71.572509765625,9514600
2019-12-23,92.0500030517578,92.0500030517578,91.0199966430664,91.11000061035156,71.21293640136719,5369100
2019-12-24,91.33000183105467,91.51000213623048,91.0,91.3499984741211,71.40055084228516,1962000
2019-12-26,91.41999816894533,91.7699966430664,91.29000091552734,91.75,71.71318817138672,2243900
2019-12-27,91.95999908447266,92.18000030517578,91.6999969482422,92.04000091552734,71.93985748291016,4195900
2019-12-30,91.88999938964844,92.20999908447266,91.62000274658205,92.12999725341795,72.01020812988281,3466500
2019-12-31,92.08999633789062,92.83000183105467,92.0,92.79000091552734,72.52606964111328,4649500
2020-01-02,93.19000244140624,93.23999786376952,91.0999984741211,91.6999969482422,71.67411804199219,5106600
2020-01-03,91.23999786376952,92.45999908447266,91.02999877929688,92.2699966430664,72.11964416503906,5015500
2020-01-06,92.16999816894533,92.70999908447266,91.87000274658205,92.37999725341795,72.2055892944336,4889000
2020-01-07,92.18000030517578,92.18000030517578,90.8499984741211,91.3499984741211,71.40055084228516,6529100
2020-01-08,91.38999938964844,91.80999755859376,91.05999755859376,91.62999725341795,71.61939239501953,6766100
2020-01-09,91.61000061035156,91.87000274658205,91.36000061035156,91.58000183105467,71.58032989501953,4213800
2020-01-10,91.77999877929688,92.38999938964844,91.52999877929688,92.27999877929688,72.12744903564453,5838800
2020-01-13,92.37000274658205,93.4000015258789,92.33999633789062,93.38999938964844,72.99503326416016,5552600
2020-01-14,93.3000030517578,93.3499984741211,92.5199966430664,93.04000091552734,72.72146606445312,4120700
2020-01-15,93.30999755859376,94.08000183105467,93.2699966430664,93.87999725341795,73.3780288696289,4471500
2020-01-16,94.02999877929688,94.62999725341795,93.87000274658205,94.62999725341795,73.96422576904297,4426700
2020-01-17,94.58000183105467,95.02999877929688,94.5199966430664,94.72000122070312,74.03458404541016,3581300
2020-01-21,94.83999633789062,95.69000244140624,94.58999633789062,95.62000274658205,74.73802947998047,4217400
2020-01-22,95.8499984741211,96.1500015258789,94.81999969482422,94.9800033569336,74.2378158569336,5024300
2020-01-23,95.08999633789062,95.81999969482422,94.69000244140624,95.77999877929688,74.86309814453125,4825000
2020-01-24,95.9000015258789,96.04000091552734,95.16000366210938,95.4499969482422,74.60516357421875,3518100
2020-01-27,94.95999908447266,95.30999755859376,94.7300033569336,94.98999786376952,74.24562072753906,3047000
2020-01-28,95.1500015258789,95.66999816894533,94.97000122070312,95.37000274658205,74.54265594482422,3006100
2020-01-29,95.66000366210938,95.77999877929688,94.93000030517578,95.0199966430664,74.26908111572266,3785500
2020-01-30,94.7699966430664,95.29000091552734,94.5999984741211,95.08999633789062,74.32377624511719,4142400
2020-01-31,95.0,95.0999984741211,93.66999816894533,93.93000030517578,73.41709899902344,6370900
2020-02-03,93.87999725341795,94.9499969482422,93.8499984741211,94.23999786376952,73.65941619873047,7508200
2020-02-04,94.58000183105467,95.5999984741211,94.31999969482422,95.20999908447266,74.41759490966797,4422900
2020-02-05,95.38999938964844,95.62999725341795,95.0500030517578,95.2699966430664,74.46446990966797,4413700
2020-02-06,95.5500030517578,95.87000274658205,95.41000366210938,95.58999633789062,74.71458435058594,3327500
2020-02-07,95.72000122070312,95.83000183105467,95.31999969482422,95.56999969482422,74.6989517211914,3176200
2020-02-10,95.9499969482422,96.66000366210938,95.83999633789062,96.63999938964844,75.5352783203125,4457000
2020-02-11,96.97000122070312,97.95999908447266,96.97000122070312,97.37000274658205,76.10586547851562,5362200
2020-02-12,97.52999877929688,98.25,97.12999725341795,97.9499969482422,76.55919647216797,6298700
2020-02-13,97.93000030517578,98.7300033569336,97.75,98.54000091552734,77.02037048339844,3683500
2020-02-14,98.7699966430664,99.58000183105467,98.63999938964844,99.55999755859376,77.81761932373047,3004800
2020-02-18,99.62000274658205,99.69000244140624,98.87999725341795,99.4499969482422,77.73161315917969,4186800
2020-02-19,99.5,99.5,98.0999984741211,98.11000061035156,76.68427276611328,4415200
2020-02-20,98.16000366210938,99.33000183105467,97.87000274658205,99.27999877929688,77.59876251220703,5556500
2020-02-21,99.2699966430664,99.72000122070312,99.02999877929688,99.56999969482422,77.82543182373047,3670800
2020-02-24,98.38999938964844,99.12999725341795,97.75,98.20999908447266,76.76240539550781,5214600
2020-02-25,98.44000244140624,98.62000274658205,95.29000091552734,95.5500030517578,74.6833267211914,7378900
2020-02-26,95.73999786376952,96.45999908447266,94.47000122070312,94.5199966430664,73.87825012207031,9407200
2020-02-27,93.0999984741211,93.3000030517578,89.48999786376953,89.48999786376953,69.94674682617188,11869100
2020-02-28,87.5,88.19999694824219,84.66000366210938,87.33000183105469,68.25843048095703,22471800
2020-03-02,87.6500015258789,91.06999969482422,87.16000366210938,91.05999755859376,71.17385864257812,14250500
2020-03-03,91.18000030517578,93.30999755859376,90.0999984741211,90.8499984741211,71.0097427368164,14654200
2020-03-04,92.26000213623048,94.4000015258789,92.12999725341795,94.27999877929688,73.69066619873047,10638200
2020-03-05,92.72000122070312,93.44000244140624,91.1500015258789,92.26000213623048,72.11182403564453,9803600
2020-03-06,90.23999786376952,91.01000213623048,87.79000091552734,90.66999816894533,70.8690414428711,10302700
2020-03-09,86.0,86.52999877929688,83.55999755859375,83.68000030517578,65.4055404663086,14017500
2020-03-10,85.05000305175781,86.62000274658203,81.83000183105469,86.54000091552734,68.16886901855469,11782100
2020-03-11,84.6500015258789,84.6500015258789,80.52999877929688,81.33999633789062,64.07275390625,16447000
2020-03-12,75.9000015258789,78.52999877929688,72.5999984741211,73.0999984741211,57.58197784423828,16761500
2020-03-13,77.33000183105469,79.56999969482422,73.0199966430664,79.4800033569336,62.60759353637695,10968600
2020-03-16,71.87999725341797,74.3499984741211,65.23999786376953,65.38999938964844,51.50868988037109,11396500
2020-03-17,66.62999725341797,70.5,64.44000244140625,69.16999816894531,54.48624420166016,9100900
2020-03-18,65.04000091552734,67.44000244140625,60.5,62.59000015258789,49.30308532714844,15714500
2020-03-19,61.709999084472656,64.25,60.0,62.810001373291016,49.47637176513672,13090000
2020-03-20,63.54999923706055,65.19999694824219,59.34999847412109,59.68000030517578,47.010841369628906,18838000
2020-03-23,59.38999938964844,59.5,55.58000183105469,56.90999984741211,44.82886505126953,15558600
2020-03-24,59.61000061035156,62.2599983215332,58.77999877929688,62.02999877929688,48.861961364746094,14401600
2020-03-25,62.290000915527344,68.7699966430664,61.83000183105469,65.37000274658203,51.49293518066406,15209300
2020-03-26,65.9800033569336,70.25,65.58000183105469,69.9800033569336,55.124298095703125,14486100
2020-03-27,67.79000091552734,71.83000183105469,67.4000015258789,70.05000305175781,55.179447174072266,11521700
2020-03-30,70.76000213623047,71.83000183105469,68.44000244140625,71.58000183105469,56.3846435546875,12754300
2020-03-31,71.05999755859375,71.22000122070312,67.94999694824219,69.8499984741211,55.02189636230469,16815900
2020-04-01,66.51000213623047,66.80000305175781,63.88999938964844,65.26000213623047,51.406280517578125,12174800
2020-04-02,64.31999969482422,66.83999633789062,64.16999816894531,65.4800033569336,51.579586029052734,10916700
2020-04-03,64.98999786376953,65.87999725341797,63.27000045776367,64.52999877929688,50.83125686645508,8986700
2020-04-06,66.80999755859375,69.68000030517578,66.80999755859375,69.30999755859375,54.59651947021485,8382200
2020-04-07,71.98999786376953,73.3499984741211,69.91999816894531,69.94999694824219,55.10066986083984,7675100
2020-04-08,71.0,75.16000366210938,70.0999984741211,74.72000122070312,58.85807037353516,9628300
2020-04-09,75.9800033569336,79.98999786376953,75.9800033569336,78.91000366210938,62.15858840942383,13840900
2020-04-13,78.41000366210938,78.61000061035156,75.06999969482422,75.58999633789062,59.54336929321289,10139000
2020-04-14,77.08999633789062,78.52999877929688,77.08999633789062,77.70999908447266,61.213340759277344,9400800
2020-04-15,75.30999755859375,76.16999816894531,73.83000183105469,74.62999725341797,58.78717041015625,8568200
2020-04-16,74.7699966430664,75.20999908447266,73.27999877929688,73.77999877929688,58.11762619018555,6252800
2020-04-17,75.91999816894531,76.51000213623047,75.06999969482422,76.11000061035156,59.9529914855957,8593100
2020-04-20,74.54000091552734,74.95999908447266,73.26000213623047,73.27999877929688,57.723758697509766,6631000
2020-04-21,71.36000061035156,72.55000305175781,70.98999786376953,71.94999694824219,56.67609405517578,8620400
2020-04-22,73.05999755859375,73.66000366210938,72.44999694824219,73.05000305175781,57.542572021484375,6484200
2020-04-23,73.2699966430664,73.88999938964844,72.19000244140625,72.44000244140625,57.06207656860352,7648200
2020-04-24,72.97000122070312,73.12000274658203,71.87000274658203,72.75,57.3062744140625,6419000
2020-04-27,73.41000366210938,75.51000213623047,73.25,75.23999786376953,59.267677307128906,7669500
2020-04-28,76.68000030517578,77.80000305175781,75.80000305175781,75.86000061035156,59.75607681274414,8177900
2020-04-29,77.5,78.05000305175781,76.68000030517578,77.0,60.654056549072266,7307000
2020-04-30,75.87000274658203,76.36000061035156,74.80999755859375,76.11000061035156,59.9529914855957,8606000
2020-05-01,74.08000183105469,74.37000274658203,72.76000213623047,73.54000091552734,57.92856979370117,6013600
2020-05-04,72.66000366210938,73.23999786376953,71.56999969482422,73.18000030517578,57.644981384277344,7288000
2020-05-05,73.9000015258789,74.66000366210938,73.43000030517578,73.54000091552734,57.92856979370117,7520300
2020-05-06,73.79000091552734,74.1500015258789,72.19999694824219,72.22000122070312,56.888771057128906,6266800
2020-05-07,72.9000015258789,74.30000305175781,72.8499984741211,73.25,57.70011901855469,6727300
2020-05-08,74.22000122070312,75.23999786376953,74.06999969482422,74.98999786376953,59.070743560791016,6625600
2020-05-11,74.12999725341797,75.08000183105469,73.5,73.9000015258789,58.21214294433594,6874900
2020-05-12,74.22000122070312,74.22000122070312,70.4800033569336,70.54000091552734,55.56541442871094,11764700
2020-05-13,70.02999877929688,70.36000061035156,68.51000213623047,68.83000183105469,54.21842956542969,8358600
2020-05-14,67.87000274658203,69.06999969482422,66.2699966430664,69.06999969482422,54.407474517822266,8609800
2020-05-15,68.62999725341797,68.83999633789062,67.58000183105469,68.80000305175781,54.19479751586914,11916700
2020-05-18,71.01000213623047,73.43000030517578,71.01000213623047,72.87000274658203,57.40078353881836,8617200
2020-05-19,72.58999633789062,72.94999694824219,71.88999938964844,71.88999938964844,56.62884521484375,5804700
2020-05-20,72.79000091552734,72.83999633789062,72.01000213623047,72.52999877929688,57.13297653198242,5133700
2020-05-21,72.20999908447266,73.08999633789062,71.9000015258789,72.58999633789062,57.18023300170898,5385100
2020-05-22,72.58999633789062,73.62999725341797,72.27999877929688,73.56999969482422,57.952178955078125,4737900
2020-05-26,75.76000213623047,76.72000122070312,75.55000305175781,76.31999969482422,60.118412017822266,6001000
2020-05-27,78.0,78.2699966430664,75.97000122070312,77.83999633789062,61.31574630737305,5880500
2020-05-28,78.69000244140625,78.81999969482422,77.58000183105469,78.20999908447266,61.60719680786133,5642800
2020-05-29,77.58000183105469,78.13999938964844,76.88999938964844,77.43000030517578,60.992767333984375,8989500
2020-06-01,77.36000061035156,79.79000091552734,77.2699966430664,79.22000122070312,62.40277099609375,11218300
2020-06-02,79.80999755859375,80.0999984741211,79.02999877929688,79.86000061035156,62.90691757202149,7162100
2020-06-03,80.69000244140625,82.7699966430664,80.66999816894531,82.41999816894531,64.9234848022461,7485600
2020-06-04,82.0199966430664,82.12000274658203,80.86000061035156,81.5999984741211,64.27752685546875,5503500
2020-06-05,84.48999786376953,86.06999969482422,84.30000305175781,84.69000244140625,66.71159362792969,6158800
2020-06-08,85.81999969482422,86.80000305175781,85.66999816894531,86.79000091552734,68.36578369140625,7130500
2020-06-09,85.20999908447266,85.9000015258789,84.30000305175781,85.3499984741211,67.23148345947266,7168900
2020-06-10,85.11000061035156,85.11000061035156,82.52999877929688,83.18000030517578,65.52213287353516,6433900
2020-06-11,79.56999969482422,80.62999725341797,77.7300033569336,77.83999633789062,61.31574630737305,8611900
2020-06-12,80.55000305175781,80.91999816894531,78.44000244140625,80.62999725341797,63.51347351074219,8871700
2020-06-15,78.1500015258789,82.19000244140625,77.9800033569336,81.7699966430664,64.41145324707031,6138600
2020-06-16,84.61000061035156,84.83999633789062,82.0199966430664,83.37999725341797,65.67969512939453,5811700
2020-06-17,83.87000274658203,83.94999694824219,82.16000366210938,82.16999816894531,64.72654724121094,5041500
2020-06-18,81.19000244140625,81.72000122070312,80.81999969482422,81.2699966430664,64.01759338378906,5005900
2020-06-19,82.44999694824219,82.44999694824219,79.68000030517578,80.08999633789062,63.08809280395508,10402000
2020-06-22,79.94000244140625,80.2300033569336,78.68000030517578,80.01000213623047,63.02507781982422,3995500
2020-06-23,80.80000305175781,80.93000030517578,79.44000244140625,79.68000030517578,62.76514053344727,3958100
2020-06-24,78.68000030517578,78.87999725341797,75.66000366210938,77.41000366210938,60.977027893066406,7034900
2020-06-25,76.16999816894531,77.70999908447266,76.02999877929688,77.62999725341797,61.75582504272461,6626000
2020-06-26,77.36000061035156,77.6500015258789,76.05000305175781,76.13999938964844,60.57050704956055,7277100
2020-06-29,76.87999725341797,77.66999816894531,75.83999633789062,77.61000061035156,61.73992919921875,4687100
2020-06-30,77.87000274658203,78.91000366210938,77.37999725341797,78.52999877929688,62.4717903137207,5212200
2020-07-01,78.80000305175781,80.66000366210938,78.5999984741211,80.33999633789062,63.91166305541992,5023700
2020-07-02,81.66999816894531,81.9000015258789,79.75,80.11000061035156,63.72871398925781,4588100
2020-07-06,81.5999984741211,81.72000122070312,79.94000244140625,80.06999969482422,63.69688415527344,6174300
2020-07-07,79.12999725341797,79.48999786376953,78.37999725341797,78.4800033569336,62.432010650634766,3389200
2020-07-08,78.58999633789062,78.87999725341797,77.66000366210938,78.37000274658203,62.344512939453125,3848100
2020-07-09,78.2300033569336,78.30000305175781,76.6500015258789,77.87999725341797,61.954708099365234,3455900
2020-07-10,77.72000122070312,78.51000213623047,77.55999755859375,78.12000274658203,62.1456184387207,3809900
2020-07-13,78.4000015258789,78.8499984741211,77.0,77.19000244140625,61.40580368041992,6071800
2020-07-14,77.16000366210938,78.06999969482422,76.94000244140625,77.83999633789062,61.92288589477539,3473900
2020-07-15,79.1500015258789,79.38999938964844,78.05000305175781,78.5999984741211,62.52748489379883,3547200
2020-07-16,78.16999816894531,78.44999694824219,77.36000061035156,77.66000366210938,61.77970504760742,3605400
2020-07-17,77.91999816894531,79.0,77.47000122070312,78.66999816894531,62.58316421508789,3720500
2020-07-20,78.5999984741211,79.0,77.45999908447266,77.7300033569336,61.83538436889648,4364100
2020-07-21,78.37999725341797,78.73999786376953,77.70999908447266,77.91999816894531,61.98652648925781,3007200
2020-07-22,77.55999755859375,79.19000244140625,77.36000061035156,79.11000061035156,62.933197021484375,2682400
2020-07-23,78.94999694824219,79.41000366210938,77.80999755859375,78.77999877929688,62.67067337036133,4630900
2020-07-24,78.58999633789062,79.0,78.06999969482422,78.19999694824219,62.20927047729492,2702200
2020-07-27,78.16000366210938,79.02999877929688,77.2300033569336,78.94000244140625,62.797943115234375,4111800
2020-07-28,78.91000366210938,80.9000015258789,78.73999786376953,80.51000213623047,64.04691314697266,6613300
2020-07-29,80.95999908447266,82.06999969482422,80.81999969482422,82.06999969482422,65.28792572021484,5429600
2020-07-30,81.0,81.61000061035156,80.47000122070312,81.54000091552734,64.86629486083984,6602700
2020-07-31,81.44999694824219,81.5,80.12000274658203,81.38999938964844,64.74698638916016,9312300
2020-08-03,81.41999816894531,81.41999816894531,79.87999725341797,80.30999755859375,63.887813568115234,5629700
2020-08-04,80.16999816894531,81.70999908447266,80.12999725341797,81.51000213623047,64.84244537353516,4078000
2020-08-05,81.80000305175781,82.12000274658203,80.69999694824219,81.0999984741211,64.51626586914062,3374500
2020-08-06,80.79000091552734,81.45999908447266,80.70999908447266,81.2300033569336,64.61968231201172,3646500
2020-08-07,80.93000030517578,82.43000030517578,80.80000305175781,82.38999938964844,65.54249572753906,4447800
2020-08-10,82.63999938964844,83.0199966430664,82.16000366210938,82.5199966430664,65.64591217041016,3410000
2020-08-11,83.33000183105469,83.47000122070312,81.0199966430664,81.33000183105469,64.69922637939453,5193800
2020-08-12,81.95999908447266,82.27999877929688,81.63999938964844,82.1500015258789,65.35157012939453,2245300
2020-08-13,81.87999725341797,82.56999969482422,80.93000030517578,81.13999938964844,64.54808807373047,3585400
2020-08-14,80.93000030517578,81.91000366210938,80.83999633789062,81.1500015258789,64.55604553222656,3399300
2020-08-17,81.19999694824219,81.8499984741211,80.83000183105469,81.80999755859375,65.08108520507812,2749900
2020-08-18,81.80999755859375,81.91000366210938,80.91999816894531,81.41999816894531,64.77083587646484,3635300
2020-08-19,81.61000061035156,81.66999816894531,79.83999633789062,79.98999786376953,63.633262634277344,4376200
2020-08-20,79.5999984741211,81.2699966430664,79.37999725341797,80.75,64.23784637451172,2949900
2020-08-21,80.73999786376953,81.2300033569336,79.88999938964844,80.87999725341797,64.34125518798828,3380700
2020-08-24,81.0,81.43000030517578,79.91999816894531,81.4000015258789,64.75492095947266,2553700
2020-08-25,81.61000061035156,81.80000305175781,80.83000183105469,81.61000061035156,64.9219970703125,3123500
2020-08-26,81.43000030517578,81.43000030517578,80.37000274658203,80.86000061035156,64.32536315917969,3139800
2020-08-27,81.02999877929688,82.30999755859375,81.01000213623047,82.05000305175781,65.27200317382812,4006700
2020-08-28,82.18000030517578,82.58999633789062,81.33999633789062,82.58999633789062,65.70158386230469,4548700
2020-08-31,82.4800033569336,82.5,81.44000244140625,81.75,65.03336334228516,4835100
2020-09-01,81.47000122070312,81.87999725341797,80.87999725341797,81.80999755859375,65.08108520507812,3498500
2020-09-02,81.9000015258789,83.45999908447266,81.23999786376953,83.33000183105469,66.29026794433594,3136500
2020-09-03,83.30999755859375,84.04000091552734,81.69999694824219,82.33000183105469,65.49475860595703,5716500
2020-09-04,82.56999969482422,83.0999984741211,80.52999877929688,81.9000015258789,65.15267181396484,4956900
2020-09-08,81.54000091552734,81.58999633789062,80.31999969482422,80.9000015258789,64.35718536376953,3774000
2020-09-09,81.31999969482422,82.73999786376953,81.23999786376953,81.69999694824219,64.99358367919922,3158300
2020-09-10,81.79000091552734,81.9000015258789,80.62000274658203,80.69999694824219,64.19806671142578,4308700
2020-09-11,80.88999938964844,80.9800033569336,79.51000213623047,80.25,63.84009552001953,4255400
2020-09-14,80.77999877929688,82.45999908447266,80.68000030517578,82.20999908447266,65.39928436279297,3732000
2020-09-15,82.55999755859375,83.9800033569336,82.5,83.19999694824219,66.18683624267578,3017500
2020-09-16,83.69999694824219,84.48999786376953,83.29000091552734,83.63999938964844,66.53687286376953,3722400
2020-09-17,82.77999877929688,83.3499984741211,81.4800033569336,82.01000213623047,65.24018859863281,5981400
2020-09-18,81.9800033569336,81.9800033569336,80.0199966430664,80.16000366210938,63.76847457885742,5024200
2020-09-21,79.16000366210938,79.16999816894531,77.31999969482422,77.75,61.85128021240234,5297300
2020-09-22,77.98999786376953,79.31999969482422,77.83000183105469,78.68000030517578,62.59111404418945,4486400
2020-09-23,78.7300033569336,78.7300033569336,76.20999908447266,76.30999755859375,60.705753326416016,7876400
2020-09-24,76.31999969482422,77.80999755859375,75.94999694824219,76.72000122070312,61.03190994262695,6813300
2020-09-25,75.95999908447266,77.76000213623047,75.72000122070312,77.69999694824219,62.29054641723633,3503300
2020-09-28,78.79000091552734,79.66999816894531,78.69999694824219,79.29000091552734,63.565223693847656,3470900
2020-09-29,79.27999877929688,79.33000183105469,78.08000183105469,78.72000122070312,63.10824966430664,3662900
2020-09-30,79.12000274658203,79.87999725341797,78.1500015258789,78.95999908447266,63.3006591796875,4507100
2020-10-01,79.27999877929688,80.61000061035156,78.93000030517578,80.54000091552734,64.56732940673828,6406300
2020-10-02,79.45999908447266,82.19000244140625,79.16999816894531,81.93000030517578,65.68164825439453,3346700
2020-10-05,82.2300033569336,82.66000366210938,80.83000183105469,82.4000015258789,66.0584487915039,2654800
2020-10-06,82.61000061035156,83.06999969482422,81.54000091552734,81.86000061035156,65.62554168701172,5830300
2020-10-07,82.37000274658203,82.4000015258789,81.5999984741211,81.9800033569336,65.72174835205078,2362400
2020-10-08,82.41999816894531,83.58000183105469,82.27999877929688,83.3499984741211,66.82003784179688,2269000
2020-10-09,83.86000061035156,83.87999725341797,82.7300033569336,83.0199966430664,66.55548095703125,6556200
2020-10-12,83.12000274658203,83.63999938964844,82.55000305175781,83.41000366210938,66.86813354492188,5655800
2020-10-13,83.06999969482422,83.12000274658203,81.5,81.9800033569336,65.72174835205078,4406300
2020-10-14,81.9000015258789,82.0999984741211,80.86000061035156,80.9800033569336,64.92005920410156,4651400
2020-10-15,80.3499984741211,82.05999755859375,80.33000183105469,81.4000015258789,65.25676727294922,2915400
2020-10-16,81.41000366210938,81.43000030517578,80.66999816894531,80.81999969482422,64.79178619384766,2925400
2020-10-19,81.02999877929688,81.19999694824219,79.44000244140625,79.55999755859375,63.78167724609375,9873000
2020-10-20,80.08999633789062,80.73999786376953,79.93000030517578,80.12999725341797,64.23863220214844,4038600
2020-10-21,79.91000366210938,80.2699966430664,79.51000213623047,79.88999938964844,64.04623413085938,2685900
2020-10-22,79.87999725341797,80.22000122070312,79.52999877929688,79.87999725341797,64.03822326660156,3828900
2020-10-23,80.18000030517578,80.66999816894531,79.69000244140625,80.36000061035156,64.42301177978516,2588700
2020-10-26,79.73999786376953,79.86000061035156,78.51000213623047,79.20999908447266,63.50109100341797,2691200
2020-10-27,79.30000305175781,79.7300033569336,77.94000244140625,77.94000244140625,62.48296356201172,2264100
2020-10-28,76.68000030517578,77.43000030517578,75.79000091552734,76.08000183105469,60.99184036254883,4422000
2020-10-29,76.19999694824219,77.68000030517578,75.45999908447266,77.0999984741211,61.809547424316406,4645500
2020-10-30,76.66000366210938,77.22000122070312,75.68000030517578,76.58999633789062,61.40069961547852,3978900
2020-11-02,77.4000015258789,78.45999908447266,76.87999725341797,78.41999816894531,62.86776351928711,4254500
2020-11-03,79.19999694824219,80.4000015258789,78.91999816894531,79.93000030517578,64.07829284667969,4214600
2020-11-04,80.5,81.29000091552734,79.44000244140625,80.06999969482422,64.19053649902344,2867500
2020-11-05,80.69000244140625,81.20999908447266,80.12000274658203,80.44999694824219,64.49517059326172,3984900
2020-11-06,80.69000244140625,81.11000061035156,79.5999984741211,79.9000015258789,64.05423736572266,3696600
2020-11-09,84.52999877929688,88.29000091552734,82.55999755859375,82.7300033569336,66.3230209350586,8999300
2020-11-10,82.8499984741211,84.0199966430664,82.38999938964844,83.94000244140625,67.29303741455078,6146100
2020-11-11,84.27999877929688,84.6500015258789,83.44000244140625,84.26000213623047,67.54959106445312,3416100
2020-11-12,83.87999725341797,84.2300033569336,82.58999633789062,83.16000366210938,66.66773986816406,3939500
2020-11-13,83.66000366210938,85.56999969482422,83.66000366210938,85.37999725341797,68.44744873046875,3443000
2020-11-16,87.16999816894531,87.44000244140625,85.31999969482422,86.33999633789062,69.21707153320312,2978300
2020-11-17,85.69999694824219,86.76000213623047,85.11000061035156,86.41999816894531,69.28119659423828,3856900
2020-11-18,86.58999633789062,87.08000183105469,84.68000030517578,84.73999786376953,67.93437194824219,9655500
2020-11-19,84.62000274658203,85.16999816894531,83.7300033569336,85.06999969482422,68.19893646240234,4225400
2020-11-20,85.02999877929688,85.1500015258789,84.2300033569336,84.61000061035156,67.83016204833984,3136400
2020-11-23,85.19000244140625,85.7699966430664,84.62999725341797,84.7699966430664,67.95842742919922,4520000
2020-11-24,85.70999908447266,86.41000366210938,85.12000274658203,85.22000122070312,68.31917572021484,4805500
2020-11-25,85.29000091552734,85.41000366210938,83.02999877929688,85.2699966430664,68.35926818847656,5792800
2020-11-27,85.5199966430664,85.55000305175781,84.54000091552734,84.88999938964844,68.05464172363281,2063900
2020-11-30,84.77999877929688,84.8499984741211,83.7300033569336,84.0,67.34114074707031,6413600
2020-12-01,84.95999908447266,85.43000030517578,84.69999694824219,85.08000183105469,68.20694732666016,6489100
2020-12-02,84.88999938964844,85.38999938964844,84.33999633789062,84.41000366210938,67.66981506347656,3738500
2020-12-03,84.5999984741211,85.55000305175781,84.47000122070312,85.12000274658203,68.23902893066406,3386300
2020-12-04,85.48999786376953,86.44000244140625,85.48999786376953,86.41999816894531,69.28119659423828,3053200
2020-12-07,86.20999908447266,86.48999786376953,85.3499984741211,85.66999816894531,68.67994689941406,2620500
2020-12-08,85.29000091552734,85.81999969482422,85.25,85.37000274658203,68.43944549560547,2648100
2020-12-09,85.55000305175781,85.6500015258789,84.27999877929688,84.83999633789062,68.01455688476562,5024000
2020-12-10,84.37999725341797,85.0199966430664,84.16000366210938,84.47000122070312,67.71793365478516,3737900
2020-12-11,84.05999755859375,84.56999969482422,83.56999969482422,84.38999938964844,67.65377044677734,4044400
2020-12-14,85.08000183105469,85.68000030517578,83.95999908447266,84.0199966430664,67.3571548461914,3735200
2020-12-15,84.5,85.76000213623047,83.8499984741211,85.73999786376953,68.7360610961914,2867700
2020-12-16,85.98999786376953,86.45999908447266,85.41000366210938,85.83999633789062,68.81623077392578,3419900
2020-12-17,86.26000213623047,86.75,85.91999816894531,86.66999816894531,69.48160552978516,3341400
2020-12-18,86.76000213623047,86.7699966430664,84.4000015258789,84.93000030517578,68.08670043945312,3988500
2020-12-21,83.69999694824219,84.51000213623047,83.3499984741211,84.44999694824219,67.701904296875,4993600
2020-12-22,84.5,85.12000274658203,84.11000061035156,85.04000091552734,68.17489624023438,2828900
2020-12-23,85.37000274658203,85.93000030517578,84.41999816894531,84.48999786376953,67.73394775390625,3659000
2020-12-24,83.4800033569336,83.9000015258789,83.2300033569336,83.87999725341797,68.32697296142578,1563600
2020-12-28,84.29000091552734,84.51000213623047,83.80000305175781,84.37999725341797,68.73426055908203,5655100
2020-12-29,84.69000244140625,85.13999938964844,83.56999969482422,83.66000366210938,68.14775848388672,3880100
2020-12-30,83.87000274658203,84.77999877929688,83.70999908447266,84.12000274658203,68.52246856689453,3995900
2020-12-31,84.08999633789062,85.05000305175781,83.4000015258789,84.93000030517578,69.18228149414062,4827300
2021-01-04,85.19999694824219,85.27999877929688,82.06999969482422,82.16999816894531,66.93404388427734,5311500
2021-01-05,82.16999816894531,82.87000274658203,82.12999725341797,82.29000091552734,67.0317611694336,4932600
2021-01-06,82.26000213623047,82.97000122070312,81.7300033569336,82.43000030517578,67.14583587646484,6520100
2021-01-07,82.5,82.54000091552734,81.75,82.2699966430664,67.0154800415039,4068400
2021-01-08,82.52999877929688,83.36000061035156,82.38999938964844,83.06999969482422,67.66716766357422,4931600
2021-01-11,82.52999877929688,83.0199966430664,81.68000030517578,81.97000122070312,66.7711181640625,6565100
2021-01-12,81.86000061035156,82.2300033569336,81.2300033569336,82.16000366210938,66.92588806152344,7857300
2021-01-13,82.22000122070312,83.33000183105469,82.20999908447266,83.16000366210938,67.74047088623047,9024900
2021-01-14,83.44000244140625,84.22000122070312,83.12999725341797,83.6500015258789,68.1396255493164,5866400
2021-01-15,83.45999908447266,84.87000274658203,83.18000030517578,84.61000061035156,68.9216079711914,3939700
2021-01-19,85.13999938964844,85.18000030517578,83.98999786376953,84.37000274658203,68.72610473632812,5521200
2021-01-20,84.44000244140625,86.37000274658203,84.12999725341797,85.9800033569336,70.03760528564453,5198300
2021-01-21,85.7300033569336,85.73999786376953,84.83000183105469,85.56999969482422,69.70359802246094,4213200
2021-01-22,85.12999725341797,85.91000366210938,84.91999816894531,85.7699966430664,69.86653900146484,5272700
2021-01-25,85.73999786376953,87.08000183105469,85.26000213623047,86.41999816894531,70.39599609375,7819700
2021-01-26,86.61000061035156,87.30999755859375,86.45999908447266,87.02999877929688,70.89289093017578,4706300
2021-01-27,86.37999725341797,87.18000030517578,85.06999969482422,85.48999786376953,69.638427734375,5907600
2021-01-28,85.51000213623047,86.91000366210938,85.2300033569336,85.94999694824219,70.0131607055664,6237000
2021-01-29,85.47000122070312,86.33000183105469,84.51000213623047,84.95999908447266,69.20672607421875,7349800
2021-02-01,85.4800033569336,86.95999908447266,84.41999816894531,86.9000015258789,70.78700256347656,6149000
2021-02-02,87.45999908447266,87.73999786376953,86.68000030517578,87.41999816894531,71.21058654785156,3849800
2021-02-03,87.47000122070312,87.4800033569336,86.0,87.19999694824219,71.03138732910156,5148700
2021-02-04,87.22000122070312,88.29000091552734,87.0999984741211,87.80000305175781,71.5201187133789,4118200
2021-02-05,88.16999816894531,88.27999877929688,87.80999755859375,88.11000061035156,71.77265167236328,2583900
2021-02-08,88.43000030517578,88.58999633789062,87.79000091552734,88.58999633789062,72.16363525390625,3212700
2021-02-09,88.75,89.12999725341797,88.38999938964844,88.9000015258789,72.41614532470703,2518800
2021-02-10,89.36000061035156,90.0999984741211,88.98999786376953,89.37999725341797,72.80715942382812,3421400
2021-02-11,89.54000091552734,90.08999633789062,89.05000305175781,89.56999969482422,72.96192932128906,3717000
2021-02-12,89.33999633789062,89.68000030517578,88.91000366210938,89.58999633789062,72.97821044921875,2297400
2021-02-16,89.91999816894531,89.97000122070312,88.41000366210938,88.9000015258789,72.41614532470703,2774500
2021-02-17,88.69999694824219,88.93000030517578,88.25,88.79000091552734,72.32655334472656,2939000
2021-02-18,88.47000122070312,88.79000091552734,88.26000213623047,88.41000366210938,72.01702880859375,3254600
2021-02-19,88.7300033569336,89.44999694824219,88.48999786376953,88.91999816894531,72.43244934082031,4170700
2021-02-22,88.69999694824219,90.05000305175781,88.51000213623047,89.66000366210938,73.0352554321289,3493000
2021-02-23,89.87999725341797,90.47000122070312,89.6500015258789,90.22000122070312,73.49141693115234,4378300
2021-02-24,90.2300033569336,91.19000244140624,90.01000213623047,90.91000366210938,74.05347442626953,3551200
2021-02-25,90.8000030517578,91.4499969482422,88.55999755859375,89.16999816894531,72.63610076904297,7548800
2021-02-26,89.51000213623047,89.5199966430664,87.7699966430664,87.87000274658203,71.5771484375,6519800
2021-03-01,88.87000274658203,89.66999816894531,88.16000366210938,88.26000213623047,71.89483642578125,4834000
2021-03-02,88.29000091552734,88.29000091552734,86.83000183105469,87.41000366210938,71.20244598388672,4715600
2021-03-03,87.37000274658203,87.7300033569336,86.7300033569336,86.91000366210938,70.79515838623047,6231400
2021-03-04,87.08000183105469,87.55000305175781,84.87999725341797,85.91999816894531,69.98870086669922,6869500
2021-03-05,86.58000183105469,87.16000366210938,84.44999694824219,86.86000061035156,70.75440979003906,7166100
2021-03-08,87.2300033569336,88.52999877929688,86.58999633789062,87.61000061035156,71.36534881591797,4823000
2021-03-09,88.12999725341797,88.87000274658203,88.06999969482422,88.19000244140625,71.83781433105469,3873600
2021-03-10,88.41999816894531,89.62999725341797,88.1500015258789,89.06999969482422,72.55464935302734,3429700
2021-03-11,89.69999694824219,90.62999725341795,89.1500015258789,90.11000061035156,73.40179443359375,3830000
2021-03-12,90.06999969482422,91.66000366210938,90.02999877929688,91.62000274658205,74.63182067871094,3262800
2021-03-15,91.83000183105467,93.1999969482422,91.36000061035156,92.9800033569336,75.73965454101562,6026400
2021-03-16,92.98999786376952,93.1999969482422,92.1999969482422,92.5999984741211,75.43011474609375,3122500
2021-03-17,92.43000030517578,92.72000122070312,91.56999969482422,92.68000030517578,75.49527740478516,3663100
2021-03-18,92.30999755859376,92.4000015258789,91.43000030517578,91.73999786376952,74.72957611083984,3496000
2021-03-19,91.87999725341795,92.12000274658205,90.41000366210938,90.48999786376952,73.71134948730469,4429400
2021-03-22,90.5,91.3499984741211,90.1999969482422,91.12999725341795,74.23267364501953,2677000
2021-03-23,91.0999984741211,91.70999908447266,90.48999786376952,91.0,74.12677764892578,2966400
2021-03-24,91.0500030517578,91.77999877929688,90.48999786376952,90.48999786376952,73.71134948730469,4144500
2021-03-25,89.83000183105469,91.08999633789062,88.83000183105469,90.87999725341795,74.46186828613281,4218800
2021-03-26,91.31999969482422,92.88999938964844,91.16000366210938,92.83999633789062,76.06776428222656,3864600
2021-03-29,92.63999938964844,92.94000244140624,91.48999786376952,92.3000030517578,75.62532043457031,5116600
2021-03-30,92.16000366210938,92.68000030517578,92.04000091552734,92.41999816894533,75.72366333007812,5822100
2021-03-31,92.41999816894533,92.87999725341795,91.48999786376952,91.86000061035156,75.26481628417969,4430400
2021-04-01,92.33999633789062,93.58000183105467,92.0,93.52999877929688,76.63311767578125,5461200
2021-04-05,94.16000366210938,94.16000366210938,92.9800033569336,93.88999938964844,76.92810821533203,4239900
2021-04-06,93.9499969482422,94.13999938964844,93.48999786376952,94.12999725341795,77.12472534179688,5111600
2021-04-07,94.1500015258789,94.5,93.37999725341795,94.1999969482422,77.18207550048828,3038500
2021-04-08,94.2300033569336,94.58000183105467,93.76000213623048,93.8499984741211,76.89533233642578,5034300
2021-04-09,94.0,94.12000274658205,93.5199966430664,93.73999786376952,76.80519104003906,5371000
2021-04-12,93.93000030517578,94.29000091552734,93.13999938964844,94.29000091552734,77.25582122802734,2828200
2021-04-13,94.1500015258789,94.87999725341795,94.02999877929688,94.76000213623048,77.64091491699219,3975300
2021-04-14,94.8499984741211,95.33999633789062,94.12999725341795,94.26000213623048,77.23124694824219,4569100
2021-04-15,94.83999633789062,95.91000366210938,94.63999938964844,95.91000366210938,78.58316040039062,6497000
2021-04-16,96.26000213623048,96.4000015258789,95.8000030517578,96.12000274658205,78.75521850585938,3754200
2021-04-19,96.16999816894533,96.30999755859376,95.51000213623048,96.30999755859376,78.9109115600586,2882900
2021-04-20,96.16000366210938,97.27999877929688,96.12000274658205,97.0999984741211,79.55816650390625,4968700
2021-04-21,97.22000122070312,97.91000366210938,96.87000274658205,97.73999786376952,80.08255004882812,4407000
2021-04-22,97.7300033569336,98.12999725341795,96.98999786376952,97.20999908447266,79.64828491210938,3207200
2021-04-23,97.43000030517578,97.9800033569336,97.13999938964844,97.77999877929688,80.11532592773438,5225600
2021-04-26,98.0999984741211,98.6500015258789,97.83999633789062,98.06999969482422,80.3529281616211,5404600
2021-04-27,98.36000061035156,98.4000015258789,97.80999755859376,98.05999755859376,80.34474182128906,3091100
2021-04-28,98.30999755859376,98.44000244140624,97.8000030517578,97.8499984741211,80.17267608642578,3509200
2021-04-29,98.5,99.12999725341795,98.02999877929688,98.69000244140624,80.8609390258789,3319100
2021-04-30,98.38999938964844,99.3000030517578,98.20999908447266,99.08000183105467,81.18048858642578,4371300
2021-05-03,99.55999755859376,99.55999755859376,98.66999816894533,98.88999938964844,81.0248031616211,6844100
2021-05-04,98.43000030517578,99.2300033569336,97.69000244140624,98.25,80.50042724609375,6449000
2021-05-05,98.08000183105467,98.08000183105467,96.2300033569336,96.62000274658205,79.1648941040039,4580300
2021-05-06,96.69000244140624,97.23999786376952,96.26000213623048,97.16000366210938,79.60735321044922,5649700
2021-05-07,97.2300033569336,98.5,97.06999969482422,98.44000244140624,80.65609741210938,5884900
2021-05-10,98.8000030517578,99.56999969482422,98.4000015258789,98.41000366210938,80.63152313232422,3436700
2021-05-11,97.56999969482422,97.56999969482422,96.36000061035156,97.16999816894533,79.61553192138672,4036900
2021-05-12,96.94000244140624,97.12999725341795,94.63999938964844,94.70999908447266,77.5999526977539,4601200
2021-05-13,95.0,96.62000274658205,94.94000244140624,95.94000244140624,78.60774230957031,5118900
2021-05-14,96.4499969482422,97.41999816894533,96.30999755859376,97.08000183105467,79.54179382324219,3936600
2021-05-17,97.04000091552734,97.38999938964844,96.69000244140624,97.18000030517578,79.62373352050781,3320200
2021-05-18,97.1999969482422,97.83000183105467,96.5999984741211,97.1999969482422,79.64010620117188,3359800
2021-05-19,96.4499969482422,96.88999938964844,95.45999908447266,96.88999938964844,79.38611602783203,3602500
2021-05-20,96.91000366210938,98.29000091552734,96.63999938964844,97.9800033569336,80.27920532226562,2466500
2021-05-21,98.22000122070312,98.41000366210938,97.6500015258789,97.87999725341795,80.19727325439453,3020000
2021-05-24,98.31999969482422,99.47000122070312,98.2300033569336,99.0999984741211,81.19686889648438,3491500
2021-05-25,99.27999877929688,99.5,98.66999816894533,99.06999969482422,81.17227935791016,4243300
2021-05-26,99.25,100.06999969482422,99.0500030517578,99.51000213623048,81.53278350830078,4518100
2021-05-27,99.81999969482422,99.83000183105467,99.16000366210938,99.27999877929688,81.3443603515625,4362900
2021-05-28,99.86000061035156,100.16999816894533,99.55999755859376,99.87999725341795,81.83595275878906,3409400
2021-06-01,100.37000274658205,101.69000244140624,100.01000213623048,101.68000030517578,83.31076049804688,4385000
2021-06-02,102.05999755859376,102.9800033569336,101.61000061035156,102.87000274658205,84.28577423095703,4446100
2021-06-03,102.75,102.75,102.01000213623048,102.48999786376952,83.97444915771484,4187600
2021-06-04,103.0,103.0,102.08000183105467,102.54000091552734,84.01539611816406,3121200
2021-06-07,102.73999786376952,104.1999969482422,102.70999908447266,103.75,85.00682830810547,4773100
2021-06-08,104.01000213623048,104.88999938964844,103.88999938964844,104.61000061035156,85.71142578125,3935800
2021-06-09,104.91000366210938,105.20999908447266,104.6999969482422,104.75,85.82615661621094,3243000
2021-06-10,104.8499984741211,105.7699966430664,104.54000091552734,105.5,86.44066619873047,4010100
2021-06-11,105.5199966430664,105.62999725341795,104.55999755859376,105.08000183105467,86.09652709960938,3274100
2021-06-14,105.08999633789062,105.48999786376952,104.91000366210938,105.48999786376952,86.43246459960938,3531700
2021-06-15,105.4000015258789,105.48999786376952,104.36000061035156,104.36000061035156,85.50659942626953,4099600
2021-06-16,104.58000183105467,105.0500030517578,103.48999786376952,103.68000030517578,84.94945526123047,4498600
2021-06-17,103.41000366210938,103.6999969482422,102.86000061035156,103.5500030517578,84.84293365478516,5055100
2021-06-18,103.0199966430664,103.47000122070312,101.79000091552734,101.79000091552734,83.4009017944336,5358000
2021-06-21,102.30999755859376,104.20999908447266,101.8000030517578,103.88999938964844,85.12152862548828,3672900
2021-06-22,103.88999938964844,104.01000213623048,103.27999877929688,103.3499984741211,84.6790771484375,3088200
2021-06-23,103.3499984741211,103.75,103.08000183105467,103.16999816894533,84.53158569335938,3682900
2021-06-24,102.81999969482422,102.81999969482422,101.66000366210938,102.22000122070312,84.34922790527344,3229000
2021-06-25,102.25,103.01000213623048,102.08000183105467,102.91000366210938,84.9186019897461,2739100
2021-06-28,103.08999633789062,103.1500015258789,101.69000244140624,102.61000061035156,84.6710433959961,3940700
2021-06-29,102.7699966430664,103.1999969482422,102.26000213623048,102.33000183105467,84.43998718261719,3777300
2021-06-30,102.33999633789062,102.9000015258789,101.68000030517578,101.79000091552734,83.99440002441406,6640100
2021-07-01,102.02999877929688,103.0199966430664,101.51000213623048,102.2300033569336,84.35747528076172,6491100
2021-07-02,102.62999725341795,103.04000091552734,102.16999816894533,102.54000091552734,84.61328125,4451800
2021-07-06,102.51000213623048,103.47000122070312,101.79000091552734,103.29000091552734,85.232177734375,4478800
2021-07-07,103.12999725341795,103.98999786376952,102.8000030517578,103.6500015258789,85.52922821044922,5085500
2021-07-08,102.7300033569336,103.7699966430664,102.51000213623048,103.36000061035156,85.28993225097656,6426800
2021-07-09,103.9000015258789,105.06999969482422,103.62999725341795,105.05999755859376,86.69270324707031,5780200
2021-07-12,105.0,106.0500030517578,104.77999877929688,105.95999908447266,87.43537902832031,5627600
2021-07-13,105.69000244140624,105.77999877929688,104.08000183105467,104.4800033569336,86.21411895751953,5474100
2021-07-14,104.48999786376952,105.5199966430664,104.25,105.20999908447266,86.8165054321289,3397400
2021-07-15,105.0,105.5,104.91999816894533,105.37999725341795,86.95677185058594,2990100
2021-07-16,105.76000213623048,106.1999969482422,105.23999786376952,105.30999755859376,86.89901733398438,6435400
2021-07-19,104.11000061035156,104.33000183105467,102.58999633789062,103.38999938964844,85.3146743774414,5097800
2021-07-20,103.9499969482422,106.23999786376952,103.8000030517578,105.83000183105467,87.32809448242188,4999700
2021-07-21,106.0199966430664,106.5199966430664,105.66000366210938,105.81999969482422,87.31983184814453,4329100
2021-07-22,105.33000183105467,105.33999633789062,104.44000244140624,104.9800033569336,86.626708984375,3932400
2021-07-23,105.3499984741211,105.97000122070312,104.9800033569336,105.8499984741211,87.34459686279297,4128200
2021-07-26,105.75,106.16999816894533,105.12999725341795,105.9000015258789,87.3858642578125,2857700
2021-07-27,105.83999633789062,106.66999816894533,105.41000366210938,106.5,87.88096618652344,3096100
2021-07-28,106.58999633789062,106.8000030517578,105.8000030517578,106.12999725341795,87.57563781738281,3577300
2021-07-29,106.51000213623048,107.18000030517578,106.0500030517578,106.1500015258789,87.5921630859375,3357700
2021-07-30,106.36000061035156,107.72000122070312,106.23999786376952,106.29000091552734,87.70767974853516,4325800
2021-08-02,106.87000274658205,107.66000366210938,105.8499984741211,106.05999755859376,87.51788330078125,4089800
2021-08-03,106.26000213623048,106.41999816894533,105.43000030517578,106.19000244140624,87.62516021728516,5178600
2021-08-04,106.16999816894533,106.58999633789062,105.45999908447266,105.86000061035156,87.35286712646484,4038300
2021-08-05,106.44000244140624,107.12000274658205,106.16999816894533,107.0999984741211,88.37606048583984,3294800
2021-08-06,107.26000213623048,107.6500015258789,106.75,106.91000366210938,88.21928405761719,2753600
2021-08-09,106.72000122070312,106.76000213623048,106.1500015258789,106.33999633789062,87.74893188476562,2727800
2021-08-10,106.48999786376952,106.5,105.19000244140624,105.33000183105467,86.91551971435547,3771000
2021-08-11,105.76000213623048,106.08999633789062,105.27999877929688,105.9499969482422,87.42711639404297,3256700
2021-08-12,106.19000244140624,106.23999786376952,105.69000244140624,106.18000030517578,87.61689758300781,2891900
2021-08-13,106.4000015258789,106.87999725341795,106.0500030517578,106.76000213623048,88.09551239013672,2601600
2021-08-16,106.66000366210938,107.22000122070312,106.37000274658205,106.62999725341795,87.98824310302734,3166800
2021-08-17,106.18000030517578,106.55999755859376,105.5999984741211,106.5199966430664,87.89746856689453,3004300
2021-08-18,106.3000030517578,106.36000061035156,105.4800033569336,105.5500030517578,87.09703826904297,3439200
2021-08-19,105.0199966430664,106.1500015258789,104.8499984741211,106.05999755859376,87.51788330078125,4069500
2021-08-20,105.81999969482422,107.02999877929688,105.22000122070312,106.58999633789062,87.95524597167969,3238900
2021-08-23,106.8000030517578,107.0199966430664,106.08999633789062,106.38999938964844,87.79020690917969,3230600
2021-08-24,106.52999877929688,106.62000274658205,105.45999908447266,105.91999816894533,87.40237426757812,2867100
2021-08-25,105.9000015258789,106.5199966430664,105.43000030517578,105.8499984741211,87.34459686279297,3329400
2021-08-26,105.9499969482422,106.2300033569336,105.45999908447266,105.88999938964844,87.37760925292969,2889400
2021-08-27,106.2699966430664,107.33000183105467,106.16000366210938,107.0,88.2935562133789,3059300
2021-08-30,107.0500030517578,108.08000183105467,106.77999877929688,108.06999969482422,89.1764907836914,3600600
2021-08-31,107.73999786376952,108.70999908447266,107.54000091552734,108.58000183105467,89.59734344482422,4210100
2021-09-01,108.83999633789062,110.4000015258789,108.8000030517578,110.31999969482422,91.03311920166016,5683100
2021-09-02,110.54000091552734,110.91000366210938,109.6500015258789,110.9000015258789,91.51172637939452,5207100
2021-09-03,110.62999725341795,111.05999755859376,109.6999969482422,110.91999816894533,91.52823638916016,4460700
2021-09-07,110.6500015258789,110.73999786376952,108.81999969482422,109.66999816894533,90.49677276611328,4929300
2021-09-08,109.4000015258789,110.5500030517578,109.12999725341795,110.22000122070312,90.95061492919922,4265700
2021-09-09,109.62000274658205,109.73999786376952,107.9499969482422,107.9800033569336,89.10222625732422,6221300
2021-09-10,108.06999969482422,108.25,106.37999725341795,106.4000015258789,87.79844665527344,5894700
2021-09-13,107.33000183105467,108.01000213623048,106.81999969482422,107.12000274658205,88.39257049560547,5725300
2021-09-14,107.69000244140624,107.7300033569336,106.30999755859376,106.93000030517578,88.23579406738281,3848200
2021-09-15,107.05999755859376,107.73999786376952,106.48999786376952,107.2699966430664,88.5163345336914,4027400
2021-09-16,107.18000030517578,107.87000274658205,106.56999969482422,107.36000061035156,88.59062194824219,3405200
2021-09-17,107.12999725341795,107.66000366210938,106.19000244140624,106.4000015258789,87.79844665527344,6964300
2021-09-20,105.22000122070312,106.36000061035156,104.48999786376952,105.75,87.26209259033203,6207000
2021-09-21,106.29000091552734,107.05999755859376,105.7699966430664,105.8000030517578,87.3033447265625,4371800
2021-09-22,106.56999969482422,107.4800033569336,106.0999984741211,106.83000183105467,88.15326690673828,4650400
2021-09-23,107.13999938964844,107.51000213623048,106.5199966430664,106.62000274658205,87.97998046875,4042800
2021-09-24,105.68000030517578,106.0999984741211,104.58999633789062,104.83000183105467,87.03926849365234,4881000
2021-09-27,104.87000274658205,105.58000183105467,103.31999969482422,103.41999816894533,85.86856079101562,4311000
2021-09-28,102.83000183105467,103.29000091552734,102.08999633789062,102.72000122070312,85.28734588623047,7096500
2021-09-29,103.3000030517578,103.98999786376952,103.0999984741211,103.48999786376952,85.92667388916016,6227000
2021-09-30,103.83999633789062,103.9499969482422,101.77999877929688,101.77999877929688,84.50688934326172,7019300
2021-10-01,102.44000244140624,103.93000030517578,101.83999633789062,103.22000122070312,85.70249938964844,6106100
2021-10-04,103.0999984741211,103.69000244140624,102.5999984741211,103.23999786376952,85.71910858154297,5638600
2021-10-05,103.31999969482422,103.4000015258789,102.16999816894533,102.52999877929688,85.12960052490234,4313800
2021-10-06,102.11000061035156,103.63999938964844,101.0,103.51000213623048,85.94328308105469,5587900
2021-10-07,104.06999969482422,105.0199966430664,103.66000366210938,103.79000091552734,86.17577362060547,4055300
2021-10-08,103.77999877929688,103.91000366210938,102.7300033569336,102.80999755859376,85.36209106445312,5295400
2021-10-11,102.83000183105467,103.5199966430664,102.33999633789062,103.06999969482422,85.57794952392578,2634200
2021-10-12,103.31999969482422,104.86000061035156,103.04000091552734,104.41999816894533,86.69884490966797,3666500
2021-10-13,104.29000091552734,105.22000122070312,103.62999725341795,105.18000030517578,87.32986450195312,3371000
2021-10-14,105.79000091552734,106.55999755859376,105.5199966430664,106.45999908447266,88.39263153076172,2721900
2021-10-15,107.30999755859376,107.4000015258789,105.91000366210938,106.37999725341795,88.32621002197266,3065400
2021-10-18,105.94000244140624,107.0,105.77999877929688,106.6500015258789,88.55039978027344,3424100
2021-10-19,107.11000061035156,107.31999969482422,106.61000061035156,106.6999969482422,88.59191131591797,3104500
2021-10-20,106.8499984741211,108.37999725341795,106.77999877929688,108.37999725341795,89.9867935180664,6018900
2021-10-21,108.31999969482422,108.58000183105467,108.08000183105467,108.52999877929688,90.11133575439452,4849600
2021-10-22,108.66999816894533,109.41000366210938,108.56999969482422,109.04000091552734,90.5347900390625,4873000
2021-10-25,109.1999969482422,109.66999816894533,108.4000015258789,109.38999938964844,90.8253936767578,2625200
2021-10-26,109.5999984741211,110.05999755859376,109.3499984741211,109.69000244140624,91.07445526123048,2940600
2021-10-27,110.0999984741211,110.0999984741211,108.75,108.76000213623048,90.30232238769533,3573000
2021-10-28,108.86000061035156,110.3000030517578,108.77999877929688,110.27999877929688,91.56433868408205,3681000
2021-10-29,109.8000030517578,110.2300033569336,108.5500030517578,109.04000091552734,90.5347900390625,5990500
2021-11-01,109.3000030517578,109.8000030517578,107.79000091552734,109.58000183105467,90.98313903808594,5846500
2021-11-02,109.94000244140624,110.5199966430664,109.23999786376952,110.0999984741211,91.4148941040039,3405900
2021-11-03,110.16999816894533,110.7699966430664,109.61000061035156,110.47000122070312,91.72209930419922,2723200
2021-11-04,110.51000213623048,110.91000366210938,108.97000122070312,109.41999816894533,90.8502960205078,3378800
2021-11-05,110.41000366210938,111.2699966430664,109.87999725341795,109.9800033569336,91.31526184082033,3209300
2021-11-08,110.37000274658205,110.58000183105467,109.19000244140624,109.88999938964844,91.24053955078124,2989800
2021-11-09,110.01000213623048,110.31999969482422,109.76000213623048,110.08000183105467,91.3982925415039,2671500
2021-11-10,109.75,110.4499969482422,109.52999877929688,109.56999969482422,90.97484588623048,4021900
2021-11-11,109.73999786376952,109.7699966430664,109.0,109.75,91.1242904663086,2395200
2021-11-12,110.0500030517578,110.08000183105467,109.36000061035156,109.66999816894533,91.0578842163086,3194300
2021-11-15,109.8499984741211,110.47000122070312,109.4499969482422,110.44000244140624,91.69719696044922,2713500
2021-11-16,110.51000213623048,110.58999633789062,109.45999908447266,109.70999908447266,91.09107971191406,3043900
2021-11-17,109.43000030517578,110.1999969482422,107.97000122070312,110.0500030517578,91.37338256835938,4667900
2021-11-18,110.1999969482422,110.26000213623048,109.58000183105467,110.06999969482422,91.38997650146484,2812800
2021-11-19,110.08000183105467,110.18000030517578,109.01000213623048,109.41999816894533,90.8502960205078,2928800
2021-11-22,109.52999877929688,109.83000183105467,108.69000244140624,108.87999725341795,90.40193939208984,3352600
2021-11-23,109.11000061035156,110.08000183105467,108.6999969482422,109.76000213623048,91.1325912475586,3867100
2021-11-24,109.69000244140624,111.29000091552734,109.43000030517578,111.08999633789062,92.23688507080078,3227600
2021-11-26,109.5,109.5,107.36000061035156,108.0,89.67127990722656,3514700
2021-11-29,108.8000030517578,109.72000122070312,108.0,108.8000030517578,90.33551025390624,4825900
2021-11-30,108.1500015258789,108.43000030517578,106.6500015258789,106.73999786376952,88.62513732910156,6335800
2021-12-01,107.73999786376952,109.05999755859376,104.9499969482422,104.9800033569336,87.163818359375,8641300
2021-12-02,105.5,108.76000213623048,105.26000213623048,108.12999725341795,89.77923583984375,7134400
2021-12-03,108.25,108.76000213623048,106.83999633789062,107.7699966430664,89.48031616210938,7798400
2021-12-06,108.41999816894533,110.4499969482422,108.41999816894533,109.66000366210938,91.049560546875,7212400
2021-12-07,110.55999755859376,111.55999755859376,110.29000091552734,111.23999786376952,92.3614273071289,5363400
2021-12-08,111.23999786376952,112.30999755859376,111.0,112.04000091552734,93.02565002441406,5542400
2021-12-09,111.61000061035156,111.6500015258789,110.38999938964844,110.41999816894533,91.68058776855467,3724500
2021-12-10,110.9800033569336,111.0,110.27999877929688,110.76000213623048,91.962890625,3828200
2021-12-13,110.54000091552734,112.29000091552734,110.20999908447266,111.8000030517578,92.82640075683594,6555000
2021-12-14,111.48999786376952,111.70999908447266,109.83999633789062,110.37000274658205,91.6390609741211,5924500
2021-12-15,110.6999969482422,112.11000061035156,110.37000274658205,111.91999816894533,92.926025390625,6675800
2021-12-16,112.2699966430664,112.91999816894533,111.2699966430664,111.87999725341795,92.89281463623048,6178900
2021-12-17,111.69000244140624,112.97000122070312,111.48999786376952,111.73999786376952,92.77658081054688,7201700
2021-12-20,110.56999969482422,111.19000244140624,109.62000274658205,110.87000274658205,92.05420684814452,6071100
2021-12-21,111.7300033569336,112.63999938964844,111.5,112.12000274658205,93.09207916259766,4251000
2021-12-22,112.4499969482422,113.37999725341795,112.31999969482422,113.2699966430664,94.04690551757812,4517500
2021-12-23,113.5500030517578,113.6999969482422,112.55999755859376,113.1500015258789,93.94727325439452,6977700
2021-12-27,112.11000061035156,114.0199966430664,112.0199966430664,114.0,95.54216766357422,9185100
2021-12-28,113.93000030517578,114.54000091552734,113.66999816894533,114.41999816894533,95.8941650390625,3630400
2021-12-29,114.6500015258789,115.44000244140624,114.0500030517578,115.19000244140624,96.53948974609376,3842900
2021-12-30,115.23999786376952,116.16999816894533,115.23999786376952,115.69000244140624,96.9585418701172,3990400
2021-12-31,115.70999908447266,116.70999908447266,115.6500015258789,116.01000213623048,97.22673034667967,5440300
2022-01-03,116.20999908447266,116.23999786376952,113.45999908447266,115.0999984741211,96.46408081054688,9845000
2022-01-04,115.41999816894533,116.08000183105467,114.86000061035156,114.95999908447266,96.34673309326172,5330700
2022-01-05,114.76000213623048,114.8000030517578,111.5500030517578,111.66999816894533,93.58941650390624,6928300
2022-01-06,111.80999755859376,112.22000122070312,110.5999984741211,111.7699966430664,93.6732177734375,5974500
2022-01-07,111.4800033569336,111.8499984741211,110.76000213623048,111.02999877929688,93.05303955078124,6999300
2022-01-10,110.3499984741211,110.5,109.0199966430664,110.38999938964844,92.51667022705078,6571900
2022-01-11,110.2699966430664,110.66999816894533,108.86000061035156,110.55999755859376,92.65912628173828,5568500
2022-01-12,110.56999969482422,111.37000274658205,110.5199966430664,110.69000244140624,92.76809692382812,4331700
2022-01-13,111.0,111.48999786376952,110.27999877929688,110.47000122070312,92.58370971679688,3921700
2022-01-14,109.87999725341795,109.98999786376952,108.16999816894533,109.47000122070312,91.74562072753906,6465300
2022-01-18,108.75,108.9000015258789,107.5999984741211,108.31999969482422,90.78180694580078,5828700
2022-01-19,108.9000015258789,109.36000061035156,106.86000061035156,106.86000061035156,89.55821990966797,5111000
2022-01-20,107.0,108.3000030517578,105.41999816894533,105.48999786376952,88.4100112915039,6982000
2022-01-21,105.52999877929688,106.5999984741211,104.95999908447266,105.2300033569336,88.19212341308594,8031500
2022-01-24,104.16000366210938,105.6999969482422,101.5999984741211,105.43000030517578,88.3597183227539,15646100
2022-01-25,104.27999877929688,105.80999755859376,103.04000091552734,105.01000213623048,88.00773620605469,9942900
2022-01-26,105.62000274658205,106.86000061035156,102.66999816894533,103.37000274658205,86.6332778930664,9589300
2022-01-27,103.98999786376952,104.87000274658205,101.22000122070312,101.66000366210938,85.20016479492188,7459300
2022-01-28,101.8000030517578,104.95999908447266,100.62000274658205,104.9499969482422,87.95745086669922,6924500
2022-01-31,104.56999969482422,106.44000244140624,104.06999969482422,106.23999786376952,89.03860473632812,7457700
2022-02-01,106.1500015258789,106.62999725341795,105.22000122070312,105.86000061035156,88.72013092041016,9610000
2022-02-02,106.41000366210938,107.5199966430664,106.27999877929688,107.20999908447266,89.85155487060547,4619300
2022-02-03,106.52999877929688,107.05999755859376,105.98999786376952,106.06999969482422,88.8961181640625,5453100
2022-02-04,105.37999725341795,106.2699966430664,104.02999877929688,105.0199966430664,88.0161361694336,6865600
2022-02-07,104.94000244140624,105.58999633789062,104.63999938964844,104.87000274658205,87.89041137695312,5860900
2022-02-08,104.80999755859376,105.19000244140624,104.12000274658205,104.37999725341795,87.4797592163086,6106100
2022-02-09,105.47000122070312,106.81999969482422,105.47000122070312,106.73999786376952,89.45762634277344,5746600
2022-02-10,105.27999877929688,106.73999786376952,103.62999725341795,104.22000122070312,87.34565734863281,6948000
2022-02-11,104.75,105.1500015258789,102.6500015258789,103.2699966430664,86.5494613647461,5679000
2022-02-14,103.41000366210938,104.0500030517578,101.88999938964844,102.33000183105467,85.76166534423828,5350200
2022-02-15,103.22000122070312,103.86000061035156,102.87999725341795,103.25,86.53272247314453,3612600
2022-02-16,103.36000061035156,103.98999786376952,102.62000274658205,103.7300033569336,86.93498992919922,4333000
2022-02-17,103.33999633789062,103.6500015258789,102.48999786376952,102.62999725341795,86.01309204101562,4847000
2022-02-18,102.37000274658205,103.4499969482422,101.87000274658205,102.01000213623048,85.49347686767578,4809500
2022-02-22,101.62000274658205,102.37000274658205,100.97000122070312,101.63999938964844,85.18338775634766,6656900
2022-02-23,102.5,102.94000244140624,99.91999816894533,99.95999908447266,83.775390625,6201000
2022-02-24,98.01000213623048,101.95999908447266,97.70999908447266,101.63999938964844,85.18338775634766,9479200
2022-02-25,102.0500030517578,104.23999786376952,101.58999633789062,104.08999633789062,87.2366943359375,5870300
2022-02-28,103.2300033569336,103.63999938964844,101.45999908447266,102.54000091552734,85.93765258789062,7296900
2022-03-01,102.8000030517578,103.41999816894533,101.4499969482422,102.0,85.48509216308594,8896200
2022-03-02,102.37000274658205,104.43000030517578,102.22000122070312,103.91000366210938,87.08584594726562,6946100
2022-03-03,104.48999786376952,105.11000061035156,103.41000366210938,104.76000213623048,87.79823303222656,6517000
2022-03-04,103.8499984741211,105.33999633789062,103.58000183105467,105.23999786376952,88.20050048828125,6438500
2022-03-07,105.01000213623048,105.26000213623048,103.11000061035156,103.16000366210938,86.45728302001953,6506200
2022-03-08,103.11000061035156,104.5,102.30999755859376,102.66000366210938,86.03823852539062,7090600
2022-03-09,104.38999938964844,105.27999877929688,104.06999969482422,104.23999786376952,87.36241149902344,5785900
2022-03-10,103.13999938964844,104.75,102.86000061035156,104.5,87.5802993774414,4034900
2022-03-11,105.3000030517578,105.79000091552734,103.5999984741211,103.66999816894533,86.88471221923828,5381600
2022-03-14,104.26000213623048,104.44000244140624,102.4000015258789,102.86000061035156,86.20584106445312,4539900
2022-03-15,103.77999877929688,104.33000183105467,102.61000061035156,103.5500030517578,86.78412628173828,5245000
2022-03-16,104.30999755859376,105.2699966430664,102.55999755859376,104.77999877929688,87.81498718261719,6561300
2022-03-17,104.4000015258789,106.4000015258789,104.37999725341795,106.4000015258789,89.17268371582031,3844300
2022-03-18,106.33999633789062,106.76000213623048,105.76000213623048,106.4000015258789,89.17268371582031,5815300
2022-03-21,106.4800033569336,106.97000122070312,105.29000091552734,105.75,88.6279296875,4571900
2022-03-22,106.38999938964844,106.66999816894533,105.79000091552734,106.0199966430664,88.85421752929688,4749800
2022-03-23,105.0,105.5,104.12000274658205,104.26000213623048,87.8573226928711,4595400
2022-03-24,104.29000091552734,104.9499969482422,103.88999938964844,104.91999816894533,88.41349792480469,3893400
2022-03-25,105.37999725341795,106.2300033569336,105.01000213623048,106.2300033569336,89.51739501953125,4495100
2022-03-28,106.33000183105467,107.36000061035156,106.11000061035156,107.36000061035156,90.4696273803711,4130800
2022-03-29,108.41999816894533,110.69000244140624,108.30999755859376,110.51000213623048,93.12405395507812,5350500
2022-03-30,110.05999755859376,110.26000213623048,109.22000122070312,109.70999908447266,92.4499053955078,5216200
2022-03-31,110.16000366210938,110.48999786376952,108.37000274658205,108.37000274658205,91.32073211669922,7466900
2022-04-01,108.87000274658205,110.5199966430664,108.5199966430664,110.4800033569336,93.09877014160156,6568700
2022-04-04,110.5199966430664,110.76000213623048,108.97000122070312,109.94000244140624,92.64373779296876,6311800
2022-04-05,109.62999725341795,110.98999786376952,109.06999969482422,109.4000015258789,92.1886749267578,4993700
2022-04-06,108.95999908447266,110.80999755859376,108.44000244140624,110.6999969482422,93.28416442871094,5050800
2022-04-07,110.05999755859376,110.1500015258789,108.87999725341795,109.5999984741211,92.35721588134766,5338200
2022-04-08,109.76000213623048,110.26000213623048,108.9800033569336,109.77999877929688,92.50890350341795,5941000
2022-04-11,109.48999786376952,110.08999633789062,108.37000274658205,108.5999984741211,91.51453399658205,4315700
2022-04-12,108.6500015258789,109.43000030517578,108.0199966430664,108.44000244140624,91.37972259521484,5094800
2022-04-13,108.51000213623048,109.37000274658205,108.16000366210938,109.20999908447266,92.02855682373048,4673100
2022-04-14,109.63999938964844,110.12000274658205,108.6500015258789,108.73999786376952,91.63251495361328,4464700
2022-04-18,108.5199966430664,109.12999725341795,107.7699966430664,108.3000030517578,91.26173400878906,4256900
2022-04-19,108.86000061035156,110.95999908447266,108.75,110.66000366210938,93.2504653930664,7536100
2022-04-20,111.05999755859376,112.87000274658205,110.9800033569336,112.5,94.80097198486328,5395900
2022-04-21,113.06999969482422,113.41000366210938,111.62000274658205,111.72000122070312,94.14368438720705,4820700
2022-04-22,111.44000244140624,111.5500030517578,109.69000244140624,109.76000213623048,92.49205780029295,4917800
2022-04-25,109.41999816894533,109.93000030517578,107.66000366210938,109.4800033569336,92.256103515625,6032300
2022-04-26,109.16000366210938,109.83000183105467,107.61000061035156,107.68000030517578,90.73927307128906,6217500
2022-04-27,107.73999786376952,108.61000061035156,106.87999725341795,106.97000122070312,90.1409912109375,6007100
2022-04-28,107.5,109.29000091552734,106.36000061035156,108.94000244140624,91.80104064941406,7235300
2022-04-29,108.2699966430664,108.41999816894533,103.68000030517578,103.94000244140624,87.58768463134766,9573900
2022-05-02,103.87000274658205,104.54000091552734,99.36000061035156,101.43000030517578,85.4725570678711,11885700
2022-05-03,101.7699966430664,103.30999755859376,101.08999633789062,102.69000244140624,86.53433990478516,7245400
2022-05-04,102.76000213623048,104.08000183105467,100.94000244140624,103.87000274658205,87.52869415283203,8686700
2022-05-05,103.44000244140624,103.9800033569336,100.31999969482422,101.0999984741211,85.19446563720703,8884000
2022-05-06,100.37999725341795,100.6999969482422,98.87000274658205,99.9000015258789,84.18326568603516,9398500
2022-05-09,99.0,99.0,95.1500015258789,95.5,80.47549438476562,8491700
2022-05-10,96.58000183105467,97.26000213623048,93.01000213623048,93.76000213623048,79.00924682617188,12528300
2022-05-11,93.95999908447266,95.75,93.36000061035156,93.55999755859376,78.8406982421875,9095800
2022-05-12,93.38999938964844,94.4000015258789,92.87999725341795,94.29000091552734,79.45585632324219,8312300
2022-05-13,95.11000061035156,96.80999755859376,94.5,96.77999877929688,81.55412292480469,7536700
2022-05-16,96.5500030517578,96.98999786376952,95.97000122070312,96.16999816894533,81.04008483886719,4614200
2022-05-17,97.31999969482422,97.51000213623048,96.04000091552734,97.4800033569336,82.14397430419922,4492000
2022-05-18,97.19000244140624,97.33000183105467,94.27999877929688,94.6500015258789,79.75922393798828,5130300
2022-05-19,93.88999938964844,95.36000061035156,93.88999938964844,94.2300033569336,79.4052963256836,6365100
2022-05-20,95.0999984741211,95.33000183105467,93.3499984741211,94.83000183105467,79.91090393066406,4471300
2022-05-23,95.6500015258789,96.1999969482422,94.27999877929688,95.93000030517578,80.83784484863281,4662400
2022-05-24,95.48999786376952,96.91999816894533,94.05999755859376,96.73999786376952,81.52041625976562,5895300
2022-05-25,96.36000061035156,97.81999969482422,96.08000183105467,97.55999755859376,82.21139526367188,4589300
2022-05-26,97.93000030517578,98.63999938964844,97.5500030517578,97.68000030517578,82.31253051757812,4355200
2022-05-27,98.19000244140624,100.31999969482422,98.19000244140624,100.3000030517578,84.52033233642578,4990000
2022-05-31,99.37999725341795,99.7300033569336,98.52999877929688,99.06999969482422,83.48384857177734,6276900
2022-06-01,99.4000015258789,99.51000213623048,96.9800033569336,98.25,82.7928466796875,4607100
2022-06-02,97.87999725341795,99.6500015258789,96.69000244140624,99.5999984741211,83.93047332763672,5450800
2022-06-03,98.81999969482422,99.3499984741211,98.01000213623048,98.2699966430664,82.8096923828125,4989900
2022-06-06,99.08999633789062,99.29000091552734,97.72000122070312,97.95999908447266,82.5484848022461,5445300
2022-06-07,97.4800033569336,99.36000061035156,97.0999984741211,99.30999755859376,83.68608093261719,6489200
2022-06-08,98.66999816894533,98.91999816894533,96.80999755859376,97.0199966430664,81.75635528564453,4566100
2022-06-09,96.61000061035156,97.1500015258789,94.72000122070312,94.72000122070312,79.81820678710938,4358600
2022-06-10,93.4800033569336,93.7300033569336,92.55999755859376,92.62000274658205,78.04859924316406,7260100
2022-06-13,90.55999755859376,90.61000061035156,87.61000061035156,87.98999786376953,74.14701080322266,8559700
2022-06-14,88.29000091552734,88.45999908447266,86.62999725341797,87.31999969482422,73.5824203491211,8707300
2022-06-15,88.13999938964844,90.61000061035156,87.91000366210938,89.38999938964844,75.32674407958984,8851100
2022-06-16,87.2699966430664,88.0,86.66000366210938,87.04000091552734,73.3464584350586,8083300
2022-06-17,87.01000213623047,88.8499984741211,86.9000015258789,87.69999694824219,73.90263366699219,7791800
2022-06-21,88.51000213623047,89.87999725341797,88.47000122070312,88.91999816894531,74.9306869506836,5933100
2022-06-22,87.98999786376953,91.1999969482422,87.9800033569336,90.05000305175781,75.8829116821289,6250200
2022-06-23,89.80999755859375,91.44000244140624,89.76000213623047,91.18000030517578,77.32459259033203,6139300
2022-06-24,91.83000183105467,93.23999786376952,91.55999755859376,93.12000274658205,78.96980285644531,4656500
2022-06-27,93.0500030517578,93.98999786376952,92.43000030517578,92.9800033569336,78.85106658935547,3784200
2022-06-28,93.52999877929688,94.23999786376952,91.72000122070312,91.8499984741211,77.89277648925781,4735900
2022-06-29,91.33000183105467,91.45999908447266,90.2699966430664,91.27999877929688,77.40939331054688,4606700
2022-06-30,90.63999938964844,92.2300033569336,89.95999908447266,91.11000061035156,77.26522064208984,6402600
2022-07-01,90.97000122070312,93.01000213623048,90.8000030517578,92.75,78.65601348876953,4512500
2022-07-05,91.80999755859376,92.5199966430664,90.33000183105467,92.48999786376952,78.4355239868164,5154400
2022-07-06,92.77999877929688,93.5500030517578,92.01000213623048,92.31999969482422,78.29134368896484,3428900
2022-07-07,92.87999725341795,93.38999938964844,92.33000183105467,92.56999969482422,78.50337219238281,3032400
2022-07-08,92.37000274658205,92.7699966430664,91.63999938964844,92.08000183105467,78.08782196044922,3509800
2022-07-11,91.77999877929688,92.25,91.16999816894533,91.87999725341795,77.91822052001953,3453200
2022-07-12,91.4000015258789,92.4499969482422,90.87000274658205,91.5199966430664,77.61289978027344,4396100
2022-07-13,90.48999786376952,91.75,89.91999816894531,91.08000183105467,77.23978424072266,5572400
2022-07-14,89.56999969482422,90.66000366210938,89.44999694824219,90.26000213623048,76.54438781738281,4494500
2022-07-15,91.7300033569336,92.2300033569336,90.9000015258789,91.79000091552734,77.8418960571289,5124800
2022-07-18,92.43000030517578,92.52999877929688,90.77999877929688,91.13999938964844,77.2906494140625,3397900
2022-07-19,91.95999908447266,93.61000061035156,91.86000061035156,93.5,79.29204559326172,3659100
2022-07-20,93.33000183105467,94.41999816894533,92.81999969482422,93.27999877929688,79.10548400878906,4212400
2022-07-21,93.47000122070312,94.02999877929688,92.37999725341795,94.0199966430664,79.73303985595703,5062800
2022-07-22,94.58000183105467,95.11000061035156,93.79000091552734,94.51000213623048,80.14857482910156,3615200
2022-07-25,94.61000061035156,95.20999908447266,94.19000244140624,94.66999816894533,80.28425598144531,3252800
2022-07-26,94.66000366210938,95.27999877929688,94.41999816894533,94.7699966430664,80.36904907226562,3337300
2022-07-27,95.0,95.56999969482422,94.19000244140624,95.33999633789062,80.85244750976562,4160900
2022-07-28,95.97000122070312,98.5199966430664,95.95999908447266,98.43000030517578,83.472900390625,4100300
2022-07-29,98.43000030517578,99.31999969482422,98.02999877929688,98.95999908447266,83.92235565185547,3301300
2022-08-01,98.4499969482422,98.6999969482422,97.69000244140624,98.16000366210938,83.24393463134766,3572700
2022-08-02,98.12999725341795,98.41000366210938,96.83999633789062,96.9000015258789,82.17539978027344,4731300
2022-08-03,97.5,98.22000122070312,97.16000366210938,97.20999908447266,82.43829345703125,3107000
2022-08-04,97.33999633789062,97.48999786376952,96.47000122070312,97.05999755859376,82.31108856201172,2884200
2022-08-05,96.3499984741211,97.37999725341795,96.01000213623048,97.33000183105467,82.54005432128906,2719300
2022-08-08,98.0,98.9000015258789,97.62999725341795,98.1999969482422,83.2778549194336,4694200
2022-08-09,98.33000183105467,98.75,97.9000015258789,98.73999786376952,83.73579406738281,3403700
2022-08-10,99.86000061035156,100.38999938964844,99.47000122070312,100.23999786376952,85.00785827636719,3165200
2022-08-11,100.68000030517578,101.12000274658205,99.72000122070312,100.0,84.80431365966797,2151600
2022-08-12,100.5999984741211,101.79000091552734,100.56999969482422,101.72000122070312,86.26296997070312,3423700
2022-08-15,101.51000213623048,102.27999877929688,101.33000183105467,102.12999725341795,86.61067962646484,2135300
2022-08-16,101.68000030517578,102.37000274658205,101.48999786376952,101.86000061035156,86.38168334960938,3680800
2022-08-17,100.94000244140624,101.8499984741211,100.63999938964844,101.25,85.8643798828125,3683400
2022-08-18,101.26000213623048,101.51000213623048,100.11000061035156,100.58000183105467,85.29620361328125,2263400
2022-08-19,99.9800033569336,100.37999725341795,99.16999816894533,99.5199966430664,84.39726257324219,2788800
2022-08-22,98.73999786376952,98.81999969482422,97.25,97.3499984741211,82.55701446533203,3517500
2022-08-23,97.25,97.3000030517578,95.7300033569336,96.0999984741211,81.4969711303711,5605300
2022-08-24,96.19000244140624,97.23999786376952,96.11000061035156,96.6500015258789,81.96339416503906,2292200
2022-08-25,96.9499969482422,98.12000274658205,96.75,98.08999633789062,83.1845703125,2129200
2022-08-26,98.19000244140624,98.19000244140624,95.58000183105467,95.62000274658205,81.08991241455078,3187200
2022-08-29,95.0500030517578,95.73999786376952,94.58000183105467,94.76000213623048,80.36058044433594,2833800
2022-08-30,95.12000274658205,95.12000274658205,93.18000030517578,93.4499969482422,79.24964141845703,3643600
2022-08-31,93.9800033569336,94.4000015258789,92.8000030517578,93.01000213623048,78.87651824951172,4100800
2022-09-01,92.4499969482422,93.1999969482422,91.51000213623048,93.18000030517578,79.02068328857422,4746100
2022-09-02,93.98999786376952,94.16999816894533,91.66000366210938,91.87999725341795,77.91822052001953,3561800
2022-09-06,92.2699966430664,93.0999984741211,91.76000213623048,92.70999908447266,78.62210845947266,4591800
2022-09-07,92.70999908447266,94.70999908447266,92.66999816894533,94.5199966430664,80.15705871582031,3681100
2022-09-08,94.02999877929688,95.11000061035156,93.75,94.77999877929688,80.3775405883789,3408300
2022-09-09,95.08000183105467,96.13999938964844,94.68000030517578,95.80999755859376,81.25102996826172,4129900
2022-09-12,96.19000244140624,96.91999816894533,96.06999969482422,96.73999786376952,82.0396957397461,2737500
2022-09-13,94.8499984741211,95.11000061035156,92.73999786376952,93.04000091552734,78.90193939208984,4824900
2022-09-14,92.6500015258789,92.93000030517578,91.33000183105467,91.9800033569336,78.0030288696289,5301500
2022-09-15,92.01000213623048,92.27999877929688,90.18000030517578,90.27999877929688,76.56134796142578,6727800
2022-09-16,89.80999755859375,90.38999938964844,89.0999984741211,90.29000091552734,76.56983184814453,6807800
2022-09-19,89.4800033569336,90.1999969482422,88.87999725341797,90.16000366210938,76.4595718383789,4467100
2022-09-20,89.31999969482422,89.4000015258789,87.5199966430664,87.97000122070312,74.60236358642578,5850800
2022-09-21,88.58000183105469,89.0999984741211,86.55000305175781,86.58000183105469,73.423583984375,7128900
2022-09-22,86.31999969482422,86.36000061035156,85.18000030517578,85.4800033569336,72.4907455444336,6743600
2022-09-23,83.69999694824219,84.12999725341797,82.5199966430664,83.44000244140625,71.5272216796875,8982100
2022-09-26,82.98999786376953,83.05000305175781,80.25,81.0999984741211,69.52129364013672,8119600
2022-09-27,81.80000305175781,82.3499984741211,79.81999969482422,80.0199966430664,68.5954818725586,10015000
2022-09-28,80.75,82.01000213623047,79.93000030517578,81.68000030517578,70.01849365234375,9000200
2022-09-29,80.86000061035156,80.86000061035156,78.7300033569336,79.27999877929688,67.96113586425781,8576300
2022-09-30,79.69999694824219,80.73999786376953,79.5,80.16999816894531,68.72406768798828,9023600
2022-10-03,81.4000015258789,82.11000061035156,80.04000091552734,81.5999984741211,69.94991302490234,8718400
2022-10-04,82.55000305175781,83.87000274658203,82.43000030517578,83.25,71.36433410644531,6439300
2022-10-05,82.12000274658203,82.25,80.2699966430664,81.62000274658203,69.9670639038086,6518400
2022-10-06,81.38999938964844,81.72000122070312,79.18000030517578,79.3499984741211,68.02114868164062,7820800
2022-10-07,78.5999984741211,79.04000091552734,76.91999816894531,77.44000244140625,66.38383483886719,6913700
2022-10-10,77.55000305175781,78.20999908447266,76.58999633789062,76.70999908447266,65.75807189941406,6549500
2022-10-11,76.66000366210938,78.0199966430664,75.76000213623047,77.48999786376953,66.42669677734375,7189700
2022-10-12,77.5,77.5,76.19999694824219,76.68000030517578,65.73233795166016,6634400
2022-10-13,75.1500015258789,78.45999908447266,74.66000366210938,78.08000183105469,66.93246459960938,8561200
2022-10-14,78.68000030517578,79.27999877929688,76.02999877929688,76.13999938964844,65.26945495605469,7320700
2022-10-17,77.55000305175781,79.30999755859375,77.48999786376953,79.01000213623047,67.72969818115234,5823800
2022-10-18,80.30999755859375,80.98999786376953,79.12999725341797,79.87000274658203,68.46690368652344,5609200
2022-10-19,79.08999633789062,79.3499984741211,77.4000015258789,77.87999725341797,66.76103210449219,6452100
2022-10-20,77.91999816894531,78.79000091552734,77.31999969482422,77.54000091552734,66.46956634521484,4959700
2022-10-21,77.80999755859375,78.19000244140625,76.54000091552734,78.1500015258789,66.99246978759766,6060100
2022-10-24,78.79000091552734,79.11000061035156,77.56999969482422,78.13999938964844,66.98390197753906,4918000
2022-10-25,78.41000366210938,81.36000061035156,78.41000366210938,81.20999908447266,69.61559295654297,5815800
2022-10-26,81.12999725341797,81.91000366210938,80.61000061035156,81.16000366210938,69.5727310180664,5746800
2022-10-27,81.61000061035156,82.22000122070312,81.0199966430664,81.27999877929688,69.67560577392578,5239600
2022-10-28,80.94999694824219,83.27999877929688,80.72000122070312,83.06999969482422,71.21002960205078,4651400
2022-10-31,82.30000305175781,83.43000030517578,82.08000183105469,82.9800033569336,71.1329116821289,5112200
2022-11-01,83.87999725341797,84.12999725341797,82.76000213623047,82.94999694824219,71.10717010498047,4751100
2022-11-02,82.43000030517578,83.41999816894531,80.51000213623047,80.66999816894531,69.1526870727539,7240200
2022-11-03,79.93000030517578,81.16999816894531,79.02999877929688,80.55999755859375,69.05838012695312,5231600
2022-11-04,81.19999694824219,82.20999908447266,80.0999984741211,81.66000366210938,70.00135040283203,5664800
2022-11-07,82.08999633789062,82.55000305175781,81.11000061035156,81.66000366210938,70.00135040283203,5545800
2022-11-08,81.87999725341797,82.77999877929688,81.38999938964844,81.91000366210938,70.21566009521484,5578400
2022-11-09,81.70999908447266,82.62000274658203,80.86000061035156,81.06999969482422,69.49556732177734,5510300
2022-11-10,84.0,87.16999816894531,83.94999694824219,87.0,74.5789566040039,8312600
2022-11-11,87.02999877929688,87.88999938964844,86.66000366210938,86.98999786376953,74.57038879394531,5928000
2022-11-14,86.51000213623047,86.62000274658203,84.80999755859375,84.87000274658203,72.75304412841797,6181900
2022-11-15,86.0,86.38999938964844,84.87999725341797,85.79000091552734,73.54170989990234,5283900
2022-11-16,85.56999969482422,85.9000015258789,84.80999755859375,85.01000213623047,72.87308502197266,4258200
2022-11-17,83.95999908447266,84.61000061035156,83.5999984741211,84.43000030517578,72.37586975097656,4463400
2022-11-18,85.44000244140625,85.83999633789062,84.63999938964844,85.5,73.2931137084961,3854100
2022-11-21,85.19999694824219,86.02999877929688,84.94000244140625,85.94999694824219,73.67886352539062,3505900
2022-11-22,86.31999969482422,86.52999877929688,85.76000213623047,86.41999816894531,74.08175659179688,3514700
2022-11-23,86.30999755859375,86.91000366210938,85.79000091552734,86.48999786376953,74.14177703857422,4423800
2022-11-25,86.56999969482422,87.05999755859375,86.56999969482422,87.04000091552734,74.61322784423828,1524100
2022-11-28,86.55000305175781,86.95999908447266,84.51000213623047,84.70999908447266,72.61591339111328,4032700
2022-11-29,84.77999877929688,86.22000122070312,84.51000213623047,86.11000061035156,73.8160171508789,6035700
2022-11-30,85.91000366210938,88.13999938964844,85.2699966430664,88.08000183105469,75.50475311279297,7077800
2022-12-01,88.72000122070312,89.37999725341797,87.16999816894531,87.88999938964844,75.34188842773438,5038900
2022-12-02,86.8499984741211,88.06999969482422,86.48999786376953,87.62999725341797,75.11900329589844,3953700
2022-12-05,87.37000274658203,87.37000274658203,85.83999633789062,86.02999877929688,73.74744415283203,5983200
2022-12-06,86.20999908447266,86.25,84.8499984741211,85.22000122070312,73.0530776977539,5276900
2022-12-07,85.05000305175781,86.29000091552734,84.87999725341797,85.38999938964844,73.19880676269531,6206700
2022-12-08,85.66000366210938,86.7699966430664,85.5,85.98999786376953,73.71315002441406,3994400
2022-12-09,85.70999908447266,86.66000366210938,85.5,85.83000183105469,73.57600402832031,4572500
2022-12-12,86.02999877929688,86.5,85.05999755859375,86.48999786376953,74.14177703857422,5115900
2022-12-13,88.87999725341797,89.47000122070312,87.08000183105469,88.08999633789062,75.5133285522461,6864400
2022-12-14,88.02999877929688,89.11000061035156,87.05000305175781,87.48999786376953,74.99900817871094,6553300
2022-12-15,86.51000213623047,87.12000274658203,85.83999633789062,86.31999969482422,73.99604034423828,5325500
2022-12-16,85.41999816894531,85.41999816894531,83.16000366210938,84.08999633789062,72.08440399169922,8166400
2022-12-19,84.0,84.0,82.5199966430664,83.0199966430664,71.16718292236328,3776100
2022-12-20,82.62999725341797,83.29000091552734,81.86000061035156,82.80999755859375,70.98716735839844,6614800
2022-12-21,83.36000061035156,84.41999816894531,83.25,83.5199966430664,71.59578704833984,7101700
2022-12-22,81.66999816894531,82.05999755859375,80.48999786376953,82.01000213623047,71.29500579833984,6619400
2022-12-23,81.76000213623047,82.7699966430664,81.4000015258789,82.73999786376953,71.92960357666016,3539500
2022-12-27,82.70999908447266,82.97000122070312,81.9800033569336,82.70999908447266,71.90354919433594,3961900
2022-12-28,82.87999725341797,83.2699966430664,81.18000030517578,81.30000305175781,70.6777572631836,5168000
2022-12-29,81.87000274658203,83.26000213623047,81.62999725341797,83.08000183105469,72.22521209716797,5398400
2022-12-30,82.4800033569336,82.8499984741211,81.5,82.4800033569336,71.7035903930664,4897700
2023-01-03,83.16999816894531,83.86000061035156,81.66000366210938,82.55999755859375,71.77313232421875,5906600
2023-01-04,83.25,85.18000030517578,83.16999816894531,84.43000030517578,73.39881134033203,6860200
2023-01-05,83.76000213623047,83.76000213623047,81.95999908447266,82.16000366210938,71.42539978027344,6839500
2023-01-06,82.56999969482422,84.66000366210938,82.19999694824219,84.37000274658203,73.34664916992188,5962000
2023-01-09,84.63999938964844,85.33000183105469,84.04000091552734,84.4000015258789,73.37274169921875,5699200
2023-01-10,84.2699966430664,84.58999633789062,83.47000122070312,84.58999633789062,73.53789520263672,8040700
2023-01-11,85.22000122070312,87.6500015258789,85.22000122070312,87.62000274658203,76.17202758789062,5663300
2023-01-12,88.0,88.86000061035156,87.12999725341797,88.7300033569336,77.13700103759766,5890600
2023-01-13,87.80000305175781,88.52999877929688,87.52999877929688,88.18000030517578,76.65885925292969,4153800
2023-01-17,88.30999755859375,88.88999938964844,88.08000183105469,88.43000030517578,76.87618255615234,3943900
2023-01-18,88.68000030517578,88.9800033569336,86.98999786376953,87.13999938964844,75.75472259521484,5984200
2023-01-19,86.66000366210938,87.62999725341797,86.61000061035156,86.66000366210938,75.33745574951172,4696800
2023-01-20,86.68000030517578,87.72000122070312,85.66999816894531,87.69000244140625,76.23287963867188,4251100
2023-01-23,87.69999694824219,88.58999633789062,87.13999938964844,88.08999633789062,76.58061218261719,5154100
2023-01-24,87.8499984741211,88.68000030517578,87.0,88.30999755859375,76.7718734741211,3810600
2023-01-25,87.91000366210938,88.48999786376953,87.5,88.3499984741211,76.80664825439453,4953300
2023-01-26,88.8499984741211,89.36000061035156,88.37000274658203,89.33999633789062,77.66728973388672,3939000
2023-01-27,89.13999938964844,90.68000030517578,89.13999938964844,90.33999633789062,78.53662872314453,4972100
2023-01-30,89.62000274658203,90.58000183105467,89.1500015258789,89.19000244140625,77.53689575195312,4737700
2023-01-31,89.29000091552734,91.16999816894533,89.13999938964844,91.05999755859376,79.1625747680664,5449600
2023-02-01,90.56999969482422,92.23999786376952,89.5999984741211,91.62000274658205,79.64939880371094,9787400
2023-02-02,92.4499969482422,94.52999877929688,92.41999816894533,93.6999969482422,81.45765686035156,5218600
2023-02-03,92.38999938964844,92.44000244140624,90.8000030517578,91.94000244140624,79.92759704589844,5353000
2023-02-06,90.8000030517578,91.37999725341795,90.33999633789062,91.2699966430664,79.34513092041016,3787500
2023-02-07,90.83999633789062,91.48999786376952,89.87000274658203,91.06999969482422,79.17127227783203,5912700
2023-02-08,90.6500015258789,91.1500015258789,90.31999969482422,90.63999938964844,78.79743957519531,4886900
2023-02-09,91.01000213623048,91.52999877929688,89.41000366210938,89.6500015258789,77.93678283691406,2905100
2023-02-10,89.25,90.12999725341795,88.76000213623047,89.95999908447266,78.20628356933594,3270300
2023-02-13,90.18000030517578,90.9000015258789,90.08000183105467,90.76000213623048,78.90177154541016,2921900
2023-02-14,90.47000122070312,91.16000366210938,89.5,90.04000091552734,78.27584075927734,4217600
2023-02-15,89.48999786376953,90.41999816894533,89.23999786376953,90.4000015258789,78.58879852294922,3669900
2023-02-16,89.12999725341797,90.30999755859376,88.41999816894531,89.5199966430664,77.82378387451172,4493100
2023-02-17,89.20999908447266,89.45999908447266,88.31999969482422,89.16999816894531,77.5195083618164,4299600
2023-02-21,88.61000061035156,88.62000274658203,86.98999786376953,87.37999725341797,75.96339416503906,4926400
2023-02-22,87.5999984741211,87.7699966430664,86.19999694824219,86.58999633789062,75.276611328125,4456500
2023-02-23,87.12000274658203,87.47000122070312,86.29000091552734,87.23999786376953,75.84165954589844,6074900
2023-02-24,86.26000213623047,86.33000183105469,85.2699966430664,85.70999908447266,74.51158142089844,5065400
2023-02-27,86.54000091552734,87.1500015258789,85.47000122070312,85.83999633789062,74.62458801269531,5170800
2023-02-28,85.80000305175781,86.83999633789062,85.62000274658203,85.72000122070312,74.520263671875,7261100
2023-03-01,85.12000274658203,85.37000274658203,83.95999908447266,84.63999938964844,73.58136749267578,7041800
2023-03-02,84.04000091552734,85.76000213623047,83.91999816894531,85.62999725341797,74.4420166015625,5208800
2023-03-03,86.30999755859375,87.12999725341797,86.05999755859375,86.93000030517578,75.57218170166016,4542100
2023-03-06,87.33000183105469,87.41000366210938,86.38999938964844,86.58999633789062,75.276611328125,3893700
2023-03-07,86.52999877929688,86.61000061035156,84.38999938964844,84.56999969482422,73.52052307128906,6540600
2023-03-08,84.52999877929688,86.04000091552734,84.48999786376953,85.54000091552734,74.36378479003906,5750400
2023-03-09,85.68000030517578,85.76000213623047,83.4000015258789,83.58000183105469,72.65986633300781,5974200
2023-03-10,83.45999908447266,83.62999725341797,80.37999725341797,80.80999755859375,70.25179290771484,10351000
2023-03-13,80.38999938964844,82.95999908447266,80.08999633789062,81.87000274658203,71.17328643798828,16288000
2023-03-14,83.26000213623047,83.62000274658203,81.7699966430664,82.66000366210938,71.86007690429688,8706400
2023-03-15,81.30999755859375,82.8499984741211,81.30000305175781,82.5999984741211,71.80790710449219,10284900
2023-03-16,81.86000061035156,82.83000183105469,80.94999694824219,82.41999816894531,71.65144348144531,10324300
2023-03-17,82.08000183105469,82.16000366210938,80.47000122070312,80.55000305175781,70.0257568359375,9103200
2023-03-20,81.16000366210938,81.81999969482422,80.44000244140625,81.47000122070312,70.82555389404297,6300300
2023-03-21,82.0,82.22000122070312,80.4000015258789,81.11000061035156,70.51258850097656,5024500
2023-03-22,80.63999938964844,80.66999816894531,78.05999755859375,78.08000183105469,67.87847137451172,8283600
2023-03-23,78.4800033569336,79.48999786376953,77.30999755859375,77.58999633789062,67.4524917602539,6274400
2023-03-24,76.45999908447266,78.80999755859375,76.22000122070312,78.79000091552734,69.18228149414062,8380000
2023-03-27,79.26000213623047,79.55000305175781,78.58000183105469,78.69999694824219,69.1032485961914,4956700
2023-03-28,78.12000274658203,78.86000061035156,77.81999969482422,78.51000213623047,68.9364013671875,4213800
2023-03-29,79.44000244140625,80.3499984741211,79.30000305175781,80.25,70.46424102783203,6364000
2023-03-30,81.0199966430664,81.55000305175781,80.9000015258789,81.30000305175781,71.38619232177734,4838000
2023-03-31,81.7699966430664,83.12000274658203,81.63999938964844,83.04000091552734,72.91401672363281,6148200
2023-04-03,82.94000244140625,83.62000274658203,81.95999908447266,82.37999725341797,72.3344955444336,7582700
2023-04-04,82.55000305175781,82.72000122070312,81.72000122070312,82.2699966430664,72.2379150390625,6243400
2023-04-05,82.04000091552734,82.5999984741211,81.70999908447266,81.83000183105469,71.8515853881836,7024100
2023-04-06,82.12000274658203,82.44000244140625,81.47000122070312,82.38999938964844,72.3432846069336,7008200
2023-04-10,82.0,82.79000091552734,81.52999877929688,82.7699966430664,72.67694091796875,3972100
2023-04-11,82.93000030517578,83.80000305175781,82.5999984741211,83.12000274658203,72.98426055908203,4839400
2023-04-12,83.86000061035156,83.9800033569336,82.58000183105469,82.72000122070312,72.63304138183594,5920500
2023-04-13,82.77999877929688,82.83000183105469,81.68000030517578,82.47000122070312,72.41352081298828,3884400
2023-04-14,82.5199966430664,83.01000213623047,80.56999969482422,81.19000244140625,71.28959655761719,5078300
2023-04-17,81.19000244140625,82.9000015258789,81.19000244140625,82.87999725341797,72.77352905273438,5148900
2023-04-18,82.97000122070312,82.9800033569336,82.2699966430664,82.69000244140625,72.606689453125,4189600
2023-04-19,82.2699966430664,83.37000274658203,81.97000122070312,83.18000030517578,73.03695678710938,3624200
2023-04-20,82.68000030517578,82.7699966430664,81.93000030517578,82.36000061035156,72.31694793701172,4604400
2023-04-21,82.38999938964844,82.7699966430664,81.68000030517578,82.37000274658203,72.32572174072266,5136600
2023-04-24,82.36000061035156,82.73999786376953,81.41999816894531,82.05999755859375,72.05352020263672,3673500
2023-04-25,81.5999984741211,81.88999938964844,81.16000366210938,81.25,71.34228515625,5127500
2023-04-26,81.08999633789062,81.81999969482422,80.29000091552734,80.47000122070312,70.65740203857422,5128500
2023-04-27,80.75,82.5199966430664,80.61000061035156,82.29000091552734,72.25547790527344,6439300
2023-04-28,82.41999816894531,83.70999908447266,82.20999908447266,83.30000305175781,73.14231872558594,5352800
2023-05-01,83.30999755859375,83.62000274658203,82.55000305175781,82.68000030517578,72.5979232788086,4817200
2023-05-02,82.47000122070312,82.63999938964844,80.66999816894531,81.27999877929688,71.3686294555664,5442500
2023-05-03,81.68000030517578,82.58000183105469,80.88999938964844,80.95999908447266,71.08765411376953,7538900
2023-05-04,80.91999816894531,82.11000061035156,80.43000030517578,81.62999725341797,71.67594909667969,7231800
2023-05-05,82.11000061035156,83.16999816894531,82.08999633789062,82.98999786376953,72.8701171875,4560600
2023-05-08,82.80999755859375,83.06999969482422,82.16999816894531,82.51000213623047,72.44865417480469,4896000
2023-05-09,82.11000061035156,82.51000213623047,81.25,82.16000366210938,72.1413345336914,4522000
2023-05-10,82.95999908447266,83.2699966430664,82.0999984741211,82.94999694824219,72.83499908447266,6331600
2023-05-11,82.36000061035156,82.4000015258789,81.52999877929688,82.04000091552734,72.03595733642578,5175400
2023-05-12,82.19999694824219,82.29000091552734,81.36000061035156,82.02999877929688,72.02717590332031,3293800
2023-05-15,82.16999816894531,82.37999725341797,81.68000030517578,81.88999938964844,71.90425109863281,3477400
2023-05-16,81.69000244140625,81.80000305175781,79.83000183105469,79.83999633789062,70.10420989990234,5401000
2023-05-17,80.3499984741211,81.05999755859375,79.62000274658203,80.91999816894531,71.05252838134766,4849000
2023-05-18,80.58000183105469,80.94999694824219,79.91000366210938,80.52999877929688,70.71009063720703,4009000
2023-05-19,80.88999938964844,81.30999755859375,80.01000213623047,80.4000015258789,70.59593963623047,4803400
2023-05-22,80.47000122070312,81.37999725341797,80.05000305175781,80.88999938964844,71.02619171142578,4839100
2023-05-23,80.70999908447266,81.55000305175781,80.02999877929688,80.12999725341797,70.3588638305664,5460000
2023-05-24,79.68000030517578,79.9000015258789,78.31999969482422,78.41000366210938,68.8486099243164,4910700
2023-05-25,78.79000091552734,78.97000122070312,77.80999755859375,78.4000015258789,68.83982849121094,4810700
2023-05-26,78.52999877929688,79.44999694824219,78.18000030517578,79.30000305175781,69.63008117675781,3230700
2023-05-30,79.58000183105469,80.4800033569336,79.37000274658203,79.5999984741211,69.89348602294922,4449400
2023-05-31,79.38999938964844,80.18000030517578,79.11000061035156,80.0,70.24472045898438,4673800
2023-06-01,79.9000015258789,80.4800033569336,79.1500015258789,80.01000213623047,70.25348663330078,4016600
2023-06-02,80.88999938964844,82.19000244140625,80.73999786376953,81.95999908447266,71.96570587158203,5114900
2023-06-05,81.86000061035156,82.30999755859375,81.23999786376953,81.38999938964844,71.46522521972656,3936600
2023-06-06,81.79000091552734,82.33999633789062,81.19999694824219,82.16999816894531,72.15009307861328,4728200
2023-06-07,82.54000091552734,83.9000015258789,82.1500015258789,83.68000030517578,73.4759750366211,3825200
2023-06-08,83.30000305175781,83.44000244140625,82.26000213623047,83.16000366210938,73.01937866210938,3097900
2023-06-09,83.19000244140625,83.33999633789062,82.33999633789062,82.68000030517578,72.5979232788086,3199400
2023-06-12,82.62000274658203,82.72000122070312,81.94999694824219,82.69999694824219,72.61546325683594,4072500
2023-06-13,82.5999984741211,83.33000183105469,82.3499984741211,83.2300033569336,73.08086395263672,3693700
2023-06-14,83.56999969482422,84.12999725341797,82.8499984741211,83.54000091552734,73.3530502319336,5042700
2023-06-15,83.2300033569336,84.12000274658203,82.68000030517578,83.9800033569336,73.7394027709961,4661000
2023-06-16,84.16000366210938,84.68000030517578,83.73999786376953,83.91999816894531,73.68671417236328,4576900
2023-06-20,83.62000274658203,83.72000122070312,82.47000122070312,82.93000030517578,72.81743621826172,3826600
2023-06-21,82.47000122070312,82.7300033569336,81.83000183105469,82.43000030517578,72.3783950805664,4691300
2023-06-22,82.54000091552734,82.61000061035156,80.76000213623047,81.25,71.34228515625,5114800
2023-06-23,80.76000213623047,81.44999694824219,80.0999984741211,80.12999725341797,70.3588638305664,3956400
2023-06-26,80.12999725341797,82.0999984741211,80.0199966430664,81.9800033569336,71.98329162597656,3246800
2023-06-27,82.30999755859375,83.22000122070312,81.73999786376953,82.98999786376953,72.8701171875,3845900
2023-06-28,82.91000366210938,83.27999877929688,82.37000274658203,83.11000061035156,72.97547912597656,4691000
2023-06-29,81.94000244140625,83.12999725341797,81.66000366210938,83.0999984741211,73.7906265258789,5033400
2023-06-30,83.80999755859375,84.01000213623047,82.38999938964844,83.55999755859375,74.19910430908203,5758500
2023-07-03,83.43000030517578,84.75,83.12999725341797,84.37999725341797,74.92723846435547,3632400
2023-07-05,84.19999694824219,85.0999984741211,83.43000030517578,84.56999969482422,75.09596252441406,5766400
2023-07-06,83.45999908447266,84.0199966430664,82.36000061035156,83.91999816894531,74.51878356933594,5609000
2023-07-07,83.5,84.2699966430664,83.31999969482422,83.7300033569336,74.3500747680664,5865300
2023-07-10,83.47000122070312,84.16000366210938,83.23999786376953,84.08999633789062,74.66973876953125,3855600
2023-07-11,84.31999969482422,85.33999633789062,84.12000274658203,85.29000091552734,75.73531341552734,4038400
2023-07-12,86.44000244140625,86.55000305175781,85.66999816894531,85.75,76.14378356933594,5361600
2023-07-13,85.73999786376953,86.31999969482422,85.26000213623047,86.30000305175781,76.63217163085938,5067100
2023-07-14,85.9800033569336,86.19000244140625,85.58000183105469,86.12999725341797,76.48119354248047,5618100
2023-07-17,85.91000366210938,86.2300033569336,85.41000366210938,85.56999969482422,75.98394775390625,5610700
2023-07-18,85.70999908447266,85.83000183105469,84.37999725341797,85.0999984741211,75.56660461425781,4605100
2023-07-19,85.5999984741211,86.44999694824219,85.58000183105469,86.05999755859375,76.41903686523438,5363700
2023-07-20,85.7300033569336,85.81999969482422,84.70999908447266,85.77999877929688,76.17040252685547,5667100
2023-07-21,86.01000213623047,86.41999816894531,85.80000305175781,86.18000030517578,76.52559661865234,4767700
2023-07-24,86.20999908447266,86.97000122070312,86.1500015258789,86.88999938964844,77.15606689453125,4990600
2023-07-25,86.56999969482422,87.16999816894531,86.18000030517578,86.2699966430664,76.60551452636719,4968100
2023-07-26,86.12999725341797,86.83999633789062,86.08999633789062,86.66000366210938,76.95183563232422,7377400
2023-07-27,87.11000061035156,87.31999969482422,84.70999908447266,84.77999877929688,75.28243255615234,8010000
2023-07-28,85.79000091552734,86.0,84.55000305175781,84.70999908447266,75.22028350830078,5025800
2023-07-31,84.94000244140625,85.73999786376953,84.66999816894531,85.26000213623047,75.70867156982422,6121600
2023-08-01,85.04000091552734,85.41999816894531,84.66999816894531,85.12000274658203,75.5843505859375,4641600
2023-08-02,84.41000366210938,84.81999969482422,84.08999633789062,84.62999725341797,75.14924621582031,4147000
2023-08-03,83.80999755859375,83.83000183105469,82.58999633789062,83.70999908447266,74.33230590820312,6454100
2023-08-04,83.48999786376953,84.2300033569336,82.73999786376953,83.02999877929688,73.72847747802734,5148300
2023-08-07,83.25,84.11000061035156,83.08999633789062,84.06999969482422,74.65198516845703,3906500
2023-08-08,83.4000015258789,83.7300033569336,82.7300033569336,83.52999877929688,74.17247009277344,3854800
2023-08-09,83.26000213623047,83.9800033569336,82.95999908447266,83.5199966430664,74.16358947753906,2960200
2023-08-10,83.69999694824219,84.38999938964844,82.9800033569336,83.19999694824219,73.87943267822266,4451100
2023-08-11,82.88999938964844,83.44999694824219,82.62999725341797,83.33000183105469,73.99488067626953,3654700
2023-08-14,83.19000244140625,83.19000244140625,82.52999877929688,82.77999877929688,73.50648498535156,3376700
2023-08-15,82.12999725341797,82.41000366210938,81.66999816894531,81.8499984741211,72.68067932128906,3398400
2023-08-16,81.91000366210938,81.97000122070312,80.79000091552734,80.83999633789062,71.7838134765625,3703700
2023-08-17,80.91999816894531,81.44000244140625,80.16000366210938,80.19000244140625,71.2066421508789,4069800
2023-08-18,79.62000274658203,80.61000061035156,79.5,80.44000244140625,71.42863464355469,3307400
2023-08-21,80.25,80.27999877929688,79.04000091552734,79.69999694824219,70.77153015136719,3789800
2023-08-22,79.9800033569336,80.25,79.68000030517578,79.93000030517578,70.97577667236328,3380200
2023-08-23,80.19999694824219,81.29000091552734,80.19999694824219,81.19000244140625,72.09461212158203,3257800
2023-08-24,81.41999816894531,82.30999755859375,80.80999755859375,80.87999725341797,71.8193359375,4523800
2023-08-25,80.98999786376953,81.5,80.58999633789062,80.94000244140625,71.87262725830078,4252000
2023-08-28,81.2699966430664,82.13999938964844,81.2699966430664,81.69999694824219,72.5474853515625,3448800
2023-08-29,81.66999816894531,82.72000122070312,81.37999725341797,82.69000244140625,73.42656707763672,3515300
2023-08-30,82.70999908447266,83.20999908447266,82.62000274658203,82.98999786376953,73.69296264648438,3042100
2023-08-31,83.0,83.12999725341797,82.37999725341797,82.37999725341797,73.15129089355469,3410200
2023-09-01,82.9000015258789,83.16999816894531,82.30000305175781,82.5199966430664,73.27561950683594,3403900
2023-09-05,82.27999877929688,82.44999694824219,81.52999877929688,81.55999755859375,72.42314910888672,3578000
2023-09-06,81.44999694824219,81.72000122070312,80.77999877929688,81.38999938964844,72.272216796875,3681300
2023-09-07,81.12999725341797,82.26000213623047,81.12999725341797,81.9000015258789,72.72506713867188,5056100
2023-09-08,81.95999908447266,82.18000030517578,81.38999938964844,81.58000183105469,72.44091796875,3317400
2023-09-11,81.69000244140625,81.83999633789062,81.18000030517578,81.58999633789062,72.44979858398438,2813600
2023-09-12,81.41999816894531,81.72000122070312,81.01000213623047,81.55000305175781,72.4142837524414,2959200
2023-09-13,81.54000091552734,81.62000274658203,80.45999908447266,80.66000366210938,71.62398529052734,3989000
2023-09-14,81.12000274658203,82.30000305175781,81.12000274658203,82.12000274658203,72.92044067382812,3926600
2023-09-15,81.70999908447266,82.06999969482422,81.48999786376953,81.80999755859375,72.6451644897461,3784500
2023-09-18,81.80999755859375,81.80999755859375,80.87000274658203,81.08000183105469,71.99694061279297,3117700
2023-09-19,80.94000244140625,81.30999755859375,80.4800033569336,80.70999908447266,71.66837310791016,2742500
2023-09-20,81.37000274658203,81.77999877929688,80.7699966430664,80.77999877929688,71.73055267333984,3827800
2023-09-21,80.18000030517578,80.30000305175781,78.0,78.02999877929688,69.28861236572266,6202200
2023-09-22,78.05999755859375,78.48999786376953,77.37999725341797,77.44000244140625,68.76470947265625,5061200
2023-09-25,77.12999725341797,77.44000244140625,76.79000091552734,77.37000274658203,68.70255279541016,3928200
2023-09-26,76.91000366210938,77.06999969482422,75.69000244140625,75.95999908447266,67.45050048828125,5220800
2023-09-27,76.2300033569336,76.6500015258789,75.05000305175781,75.44999694824219,66.99762725830078,6657600
2023-09-28,75.0,75.75,74.8499984741211,75.44000244140625,67.6405258178711,6659600
2023-09-29,76.44000244140625,76.7699966430664,75.22000122070312,75.66000366210938,67.8377685546875,6630600
2023-10-02,75.41000366210938,75.69999694824219,73.80000305175781,74.2699966430664,66.59147644042969,7564300
2023-10-03,73.86000061035156,74.1500015258789,72.58999633789062,72.81999969482422,65.29139709472656,7121000
2023-10-04,73.20999908447266,73.72000122070312,72.33999633789062,73.70999908447266,66.08937072753906,8748100
2023-10-05,73.55000305175781,74.20999908447266,73.23999786376953,74.12000274658203,66.45698547363281,5306900
2023-10-06,73.45999908447266,74.77999877929688,72.75,74.31999969482422,66.63630676269531,5919900
2023-10-09,73.83999633789062,75.41000366210938,73.76000213623047,75.12999725341797,67.36255645751953,3848200
2023-10-10,75.1500015258789,76.1500015258789,74.80000305175781,75.48999786376953,67.68533325195312,4585700
2023-10-11,76.0999984741211,76.8499984741211,75.94999694824219,76.80000305175781,68.85990905761719,6128600
2023-10-12,76.55999755859375,76.6500015258789,75.29000091552734,75.68000030517578,67.85570526123047,4429000
2023-10-13,76.04000091552734,76.26000213623047,75.1500015258789,75.48999786376953,67.68533325195312,5860800
2023-10-16,76.0199966430664,76.5999984741211,75.25,76.38999938964844,68.49229431152344,4381800
2023-10-17,75.68000030517578,77.27999877929688,75.68000030517578,76.27999877929688,68.3936767578125,5419300
2023-10-18,75.70999908447266,75.97000122070312,74.5999984741211,74.66000366210938,66.94115447998047,4853700
2023-10-19,74.01000213623047,74.66000366210938,72.73999786376953,72.88999938964844,65.35414123535156,8238400
2023-10-20,73.0,73.45999908447266,72.3499984741211,72.4000015258789,64.9148178100586,5874400
2023-10-23,71.7300033569336,72.69000244140625,71.48999786376953,71.69000244140625,64.2782211303711,6906600
2023-10-24,71.9800033569336,72.80999755859375,71.95999908447266,72.61000061035156,65.10309600830078,5755200
2023-10-25,71.87000274658203,72.13999938964844,70.94999694824219,71.05000305175781,63.70438766479492,6254500
2023-10-26,71.41000366210938,72.9000015258789,71.36000061035156,72.41000366210938,64.92377471923828,8144400
2023-10-27,72.68000030517578,72.68000030517578,71.01000213623047,71.25,63.883697509765625,12043000
2023-10-30,71.68000030517578,72.2300033569336,70.61000061035156,71.69999694824219,64.28719329833984,7041000
2023-10-31,72.2699966430664,73.0,71.58000183105469,72.91999816894531,65.38102722167969,5964700
2023-11-01,73.0199966430664,73.44000244140625,72.54000091552734,73.37000274658203,65.7845230102539,7021600
2023-11-02,74.5999984741211,75.98999786376953,74.43000030517578,75.77999877929688,67.94535827636719,6450300
2023-11-03,77.04000091552734,78.61000061035156,77.0199966430664,77.58999633789062,69.56822967529297,6394100
2023-11-06,77.43000030517578,77.4800033569336,76.08000183105469,76.47000122070312,68.56402587890625,4432100
2023-11-07,76.37000274658203,76.52999877929688,75.7300033569336,75.83999633789062,67.9991455078125,5235300
2023-11-08,76.05999755859375,76.37999725341797,75.76000213623047,76.08999633789062,68.22330474853516,4398300
2023-11-09,76.3499984741211,76.4000015258789,74.72000122070312,74.88999938964844,67.14737701416016,4922800
2023-11-10,75.2699966430664,75.75,74.69000244140625,75.58999633789062,67.77500915527344,3943800
2023-11-13,75.02999877929688,75.27999877929688,74.51000213623047,74.95999908447266,67.21012115478516,3791200
2023-11-14,77.4000015258789,79.80999755859375,77.25,79.12000274658203,70.9400405883789,7493800
2023-11-15,79.05000305175781,80.06999969482422,78.9800033569336,79.3499984741211,71.14627075195312,6033400
2023-11-16,79.5,79.73999786376953,78.93000030517578,79.18000030517578,70.99382781982422,4879800
2023-11-17,79.86000061035156,79.87999725341797,78.79000091552734,79.12000274658203,70.9400405883789,4379000
2023-11-20,79.02999877929688,79.69999694824219,78.38999938964844,79.69999694824219,71.4600830078125,4225000
2023-11-21,79.36000061035156,79.44000244140625,78.94000244140625,79.13999938964844,70.9579849243164,3703600
2023-11-22,79.86000061035156,80.08999633789062,79.16999816894531,79.52999877929688,71.30767059326172,5280200
2023-11-24,79.33999633789062,79.81999969482422,78.97000122070312,79.76000213623047,71.51387786865234,1893600
2023-11-27,79.80000305175781,80.48999786376953,79.43000030517578,80.05000305175781,71.7739028930664,5790800
2023-11-28,79.83999633789062,80.6500015258789,79.43000030517578,80.58000183105469,72.24911499023438,5811300
2023-11-29,81.16000366210938,81.93000030517578,81.04000091552734,81.13999938964844,72.75120544433594,4605400
2023-11-30,81.08000183105469,81.77999877929688,80.79000091552734,81.7300033569336,73.28022003173828,4118600
2023-12-01,81.66000366210938,83.75,81.41999816894531,83.73999786376953,75.08238983154297,7182800
2023-12-04,83.37999725341797,84.37000274658203,83.19000244140625,84.3499984741211,75.62933349609375,6740500
2023-12-05,83.9000015258789,84.04000091552734,83.36000061035156,83.79000091552734,75.12723541259766,6149900
2023-12-06,84.20999908447266,84.77999877929688,83.4800033569336,83.54000091552734,74.90308380126953,4405000
2023-12-07,83.58999633789062,84.04000091552734,83.20999908447266,83.77999877929688,75.11827087402344,6631500
2023-12-08,83.48999786376953,83.8499984741211,82.79000091552734,83.63999938964844,74.99274444580078,3416900
2023-12-11,83.36000061035156,84.0199966430664,83.23999786376953,83.87000274658203,75.19895935058594,3143200
2023-12-12,83.86000061035156,84.12999725341797,83.37999725341797,83.81999969482422,75.15413665771484,3158400
2023-12-13,83.94000244140625,87.33000183105469,83.70999908447266,87.02999877929688,78.03226470947266,5649600
2023-12-14,88.6500015258789,90.08999633789062,88.63999938964844,89.54000091552734,80.28276062011719,6918500
2023-12-15,89.33000183105469,89.37999725341797,87.63999938964844,88.27999877929688,79.15302276611328,7666400
2023-12-18,88.69999694824219,88.7699966430664,87.9800033569336,88.08000183105469,78.97371673583984,6353800
2023-12-19,88.5,89.0,88.41999816894531,88.75,79.57443237304688,5786900
2023-12-20,88.83999633789062,89.45999908447266,87.61000061035156,87.66999816894531,78.60608673095703,6072600
2023-12-21,87.3499984741211,87.58999633789062,86.43000030517578,87.37000274658203,79.30318450927734,4430000
2023-12-22,87.70999908447266,88.41000366210938,87.2699966430664,87.70999908447266,79.6117935180664,5100300
2023-12-26,87.68000030517578,88.5999984741211,87.58999633789062,88.36000061035156,80.20177459716797,4336600
2023-12-27,88.52999877929688,88.9000015258789,88.12999725341797,88.79000091552734,80.59207153320312,5383600
2023-12-28,88.68000030517578,89.41999816894531,88.55999755859375,89.41999816894531,81.1639175415039,3879100
2023-12-29,89.0999984741211,89.16999816894531,88.26000213623047,88.36000061035156,80.20177459716797,5331500
2024-01-02,88.05000305175781,89.26000213623047,87.68000030517578,89.12000274658203,80.89160919189453,6057900
2024-01-03,88.41999816894531,88.41999816894531,86.81999969482422,86.98999786376953,78.95826721191406,5159600
2024-01-04,86.81999969482422,87.41999816894531,86.44999694824219,86.83000183105469,78.81305694580078,5609900
2024-01-05,86.19999694824219,87.37000274658203,85.69999694824219,86.61000061035156,78.61336517333984,3805800
2024-01-08,86.55999755859375,87.94999694824219,86.36000061035156,87.8499984741211,79.73886108398438,5372100
2024-01-09,87.0,87.61000061035156,86.58000183105469,87.26000213623047,79.20333862304688,3819000
2024-01-10,87.44000244140625,87.7699966430664,87.04000091552734,87.36000061035156,79.29410552978516,3649900
2024-01-11,87.18000030517578,87.18000030517578,86.05000305175781,86.55000305175781,78.55889892578125,5512700
2024-01-12,87.41999816894531,87.69999694824219,86.62999725341797,87.06999969482422,79.0308837890625,3070300
2024-01-16,86.58000183105469,86.97000122070312,86.1500015258789,86.43000030517578,78.4499740600586,5125800
2024-01-17,85.25,86.33000183105469,83.98999786376953,84.8499984741211,77.01585388183594,4898900
2024-01-18,84.9800033569336,85.30000305175781,83.77999877929688,84.38999938964844,76.59832000732422,4537800
2024-01-19,84.58999633789062,85.68000030517578,83.94999694824219,85.4000015258789,77.51507568359375,6188700
2024-01-22,85.69999694824219,86.73999786376953,85.5199966430664,85.91000366210938,77.97797393798828,4203000
2024-01-23,86.23999786376953,86.52999877929688,85.02999877929688,85.31999969482422,77.44245910644531,4821800
2024-01-24,86.19000244140625,86.2699966430664,84.04000091552734,84.0999984741211,76.33509826660156,3265600
2024-01-25,85.11000061035156,85.62000274658203,84.76000213623047,85.18000030517578,77.31538391113281,4394300
2024-01-26,85.3499984741211,85.58999633789062,84.75,84.94000244140625,77.09754180908203,2783200
2024-01-29,84.91999816894531,85.66999816894531,84.69000244140625,85.5,77.60585021972656,3591900
2024-01-30,85.12999725341797,85.43000030517578,84.54000091552734,84.69999694824219,76.87971496582031,4580900
2024-01-31,84.9800033569336,85.62999725341797,83.7300033569336,83.88999938964844,76.14450073242188,8892900
2024-02-01,83.80000305175781,85.44000244140625,83.33999633789062,85.41000366210938,77.52415466308594,8950700
2024-02-02,84.18000030517578,84.87999725341797,82.94000244140625,84.3499984741211,76.56201171875,7935800
2024-02-05,83.30000305175781,83.30000305175781,82.33000183105469,82.58000183105469,74.95545196533203,6269400
2024-02-06,82.70999908447266,83.8499984741211,82.41000366210938,83.69000244140625,75.96295928955078,5482300
2024-02-07,83.98999786376953,84.06999969482422,83.0999984741211,83.56999969482422,75.85404205322266,5074200
2024-02-08,83.33000183105469,84.48999786376953,83.33000183105469,84.25,76.47126770019531,3697200
2024-02-09,84.19999694824219,84.5199966430664,83.43000030517578,84.37999725341797,76.5892333984375,3478100
2024-02-12,84.54000091552734,85.01000213623047,84.22000122070312,84.4000015258789,76.60740661621094,3949000
2024-02-13,82.58000183105469,82.68000030517578,81.54000091552734,82.66000366210938,75.02806091308594,6203500
2024-02-14,83.0199966430664,83.77999877929688,82.62000274658203,83.30999755859375,75.61803436279297,5264400
2024-02-15,84.06999969482422,85.33999633789062,84.0199966430664,85.25,77.37892150878906,5164800
2024-02-16,84.25,84.86000061035156,83.6500015258789,84.37000274658203,76.5801773071289,4781000
2024-02-20,83.87999725341797,84.55999755859375,83.4800033569336,84.22000122070312,76.44403076171875,4739900
2024-02-21,84.4000015258789,84.80999755859375,84.06999969482422,84.69000244140625,76.8706283569336,4053000
2024-02-22,84.95999908447266,85.27999877929688,84.66999816894531,84.8499984741211,77.01585388183594,5000600
2024-02-23,84.9000015258789,85.30000305175781,84.5999984741211,84.80999755859375,76.97954559326172,4695600
2024-02-26,84.58999633789062,85.04000091552734,83.72000122070312,83.87999725341797,76.13542175292969,5943300
2024-02-27,84.33999633789062,84.72000122070312,83.80000305175781,83.9800033569336,76.22618865966797,3857800
2024-02-28,83.55000305175781,85.3499984741211,83.45999908447266,84.83000183105469,76.9977035522461,5170700
2024-02-29,85.51000213623047,86.0,85.16000366210938,85.55000305175781,77.65123748779297,6595400
2024-03-01,85.41999816894531,86.56999969482422,84.52999877929688,86.56999969482422,78.57704162597656,6560900
2024-03-04,86.33000183105469,87.43000030517578,85.72000122070312,87.37999725341797,79.312255859375,5319000
2024-03-05,86.91000366210938,87.54000091552734,85.91999816894531,86.31999969482422,78.35012817382812,4722600
2024-03-06,86.87999725341797,87.08000183105469,86.23999786376953,86.75,78.74042510986328,4999400
2024-03-07,87.20999908447266,87.41999816894531,86.30000305175781,86.7300033569336,78.72228240966797,3164100
2024-03-08,87.5,88.02999877929688,87.30000305175781,87.7300033569336,79.62994384765625,4546400
2024-03-11,87.54000091552734,88.06999969482422,86.94000244140625,87.30999755859375,79.24872589111328,3467200
2024-03-12,87.1500015258789,87.4800033569336,86.37000274658203,87.12000274658203,79.07626342773438,3309000
2024-03-13,86.97000122070312,87.51000213623047,86.4000015258789,86.68000030517578,78.67689514160156,3418600
2024-03-14,86.31999969482422,86.48999786376953,84.6500015258789,85.37999725341797,77.49691009521484,4155000
2024-03-15,84.55999755859375,85.5199966430664,84.54000091552734,85.19000244140625,77.32447052001953,4214300
2024-03-18,85.37999725341797,85.68000030517578,85.06999969482422,85.2300033569336,77.36076354980469,3030800
2024-03-19,85.1500015258789,85.5199966430664,84.69000244140625,85.19999694824219,77.33354187011719,4165700
2024-03-20,84.66999816894531,86.0199966430664,84.31999969482422,85.76000213623047,77.84183502197266,4605800
2024-03-21,86.12999725341797,86.75,85.86000061035156,86.37999725341797,78.40458679199219,3753200
2024-03-22,85.69000244140625,85.87999725341797,84.51000213623047,84.56999969482422,77.41775512695312,3923200
2024-03-25,84.6500015258789,84.95999908447266,84.05000305175781,84.05000305175781,76.94173431396484,5262400
2024-03-26,84.2699966430664,84.37000274658203,83.69000244140625,83.70999908447266,76.63047790527344,4923000
2024-03-27,84.66999816894531,85.9000015258789,84.47000122070312,85.87000274658203,78.60781860351562,5191400
2024-03-28,86.02999877929688,86.7699966430664,86.02999877929688,86.4800033569336,79.16622924804688,4626900
2024-04-01,86.73999786376953,86.73999786376953,84.87000274658203,85.02999877929688,77.83885192871094,5331200
2024-04-02,84.37000274658203,84.44000244140625,83.62999725341797,83.95999908447266,76.85934448242188,5116000
2024-04-03,83.76000213623047,84.1500015258789,83.41000366210938,84.05000305175781,76.94173431396484,3632700
2024-04-04,84.73999786376953,85.13999938964844,83.22000122070312,83.51000213623047,76.4474105834961,5953600
2024-04-05,83.22000122070312,84.13999938964844,83.01000213623047,83.94000244140625,76.8410415649414,4789000
2024-04-08,84.20999908447266,84.91999816894531,84.12000274658203,84.83999633789062,77.6649169921875,3866900
2024-04-09,85.1500015258789,85.97000122070312,84.97000122070312,85.97000122070312,78.69935607910156,4075600
2024-04-10,83.44999694824219,83.70999908447266,81.93000030517578,82.41000366210938,75.4404296875,8332800
2024-04-11,82.98999786376953,83.16000366210938,81.86000061035156,82.69000244140625,75.69676208496094,7145900
2024-04-12,82.19000244140625,82.37999725341797,81.38999938964844,81.70999908447266,74.79962921142578,5451200
2024-04-15,82.25,82.33000183105469,79.87000274658203,80.31999969482422,73.52719116210938,5478600
2024-04-16,79.95999908447266,80.05000305175781,78.95999908447266,79.19000244140625,72.49275207519531,6598800
2024-04-17,79.02999877929688,79.37999725341797,78.55999755859375,78.61000061035156,71.96180725097656,5554700
2024-04-18,78.93000030517578,79.12000274658203,78.2699966430664,78.62000274658203,71.9709701538086,4158300
2024-04-19,78.66000366210938,79.3499984741211,78.62999725341797,79.0,72.3188247680664,4585600
2024-04-22,79.30000305175781,79.86000061035156,78.76000213623047,79.69999694824219,72.95962524414062,3846100
2024-04-23,79.8499984741211,80.76000213623047,79.72000122070312,80.43000030517578,73.62788391113281,5484100
2024-04-24,80.12000274658203,80.72000122070312,79.63999938964844,80.58000183105469,73.76519775390625,4513600
2024-04-25,79.77999877929688,80.25,79.2699966430664,80.12000274658203,73.34410095214844,4082800
2024-04-26,80.23999786376953,80.97000122070312,80.0,80.16000366210938,73.38072204589844,3367700
2024-04-29,80.51000213623047,81.2300033569336,80.51000213623047,80.9800033569336,74.13137817382812,4374000
2024-04-30,80.41000366210938,80.79000091552734,79.58000183105469,79.61000061035156,72.87723541259766,7003900
2024-05-01,79.5,81.12000274658203,79.37000274658203,79.63999938964844,72.90470123291016,7204200
2024-05-02,80.38999938964844,80.94000244140625,79.55000305175781,80.76000213623047,73.92997741699219,4804800
2024-05-03,82.16000366210938,82.63999938964844,81.11000061035156,81.30000305175781,74.42431640625,4270000
2024-05-06,81.88999938964844,82.02999877929688,81.05000305175781,81.37000274658203,74.48838806152344,3044800
2024-05-07,82.01000213623047,82.4000015258789,81.77999877929688,82.13999938964844,75.19326782226562,3667300
2024-05-08,81.69000244140625,81.69000244140625,81.18000030517578,81.44999694824219,74.56161499023438,4129800
2024-05-09,82.0999984741211,83.19000244140625,82.0999984741211,83.12000274658203,76.09038543701172,5452200
2024-05-10,83.25,83.33999633789062,82.63999938964844,82.88999938964844,75.87982940673828,5649800
2024-05-13,83.19999694824219,83.6500015258789,82.7699966430664,83.16000366210938,76.12701416015625,2848700
2024-05-14,83.72000122070312,84.16999816894531,83.36000061035156,83.80000305175781,76.71288299560547,3099700
2024-05-15,85.02999877929688,85.41999816894531,84.76000213623047,84.95999908447266,77.77477264404297,3544900
2024-05-16,85.04000091552734,85.27999877929688,84.7699966430664,84.9000015258789,77.71984100341797,2577000
2024-05-17,85.0,85.0999984741211,84.58000183105469,84.88999938964844,77.710693359375,2791700
2024-05-20,84.72000122070312,84.97000122070312,84.29000091552734,84.38999938964844,77.25296783447266,2842800
2024-05-21,84.19000244140625,84.5,84.01000213623047,84.36000061035156,77.22551727294922,2655100
2024-05-22,84.06999969482422,84.41000366210938,83.3499984741211,83.5999984741211,76.52980041503906,3888000
2024-05-23,83.5999984741211,83.5999984741211,81.75,81.80000305175781,74.88201904296875,4061100
2024-05-24,82.19000244140625,82.31999969482422,81.75,81.86000061035156,74.93694305419922,2317800
2024-05-28,82.25,82.58000183105469,81.2300033569336,81.31999969482422,74.44261169433594,3046600
2024-05-29,80.5,80.6500015258789,80.16999816894531,80.52999877929688,73.71942901611328,3203100
2024-05-30,80.93000030517578,81.75,80.93000030517578,81.70999908447266,74.79962921142578,2748800
2024-05-31,82.20999908447266,83.30000305175781,81.8499984741211,83.23999786376953,76.20024108886719,4176900
2024-06-03,83.69000244140625,83.69000244140625,82.62000274658203,83.05000305175781,76.02631378173828,3301600
2024-06-04,82.80999755859375,84.04000091552734,82.80999755859375,83.69000244140625,76.61219024658203,2720700
2024-06-05,83.73999786376953,83.86000061035156,83.08999633789062,83.58999633789062,76.52062225341797,2373300
2024-06-06,83.19999694824219,83.7699966430664,82.8499984741211,83.75,76.66710662841797,4002100
2024-06-07,82.43000030517578,83.18000030517578,82.37000274658203,82.95999908447266,75.94392395019531,3227900
2024-06-10,82.69999694824219,83.5199966430664,82.0999984741211,83.23999786376953,76.20024108886719,2450800
2024-06-11,82.8499984741211,83.33000183105469,82.61000061035156,82.94000244140625,75.92560577392578,3261700
2024-06-12,84.69000244140625,85.33999633789062,83.56999969482422,83.68000030517578,76.60302734375,4123500
2024-06-13,83.87000274658203,84.29000091552734,83.37999725341797,84.0199966430664,76.91426849365234,2619900
2024-06-14,83.7300033569336,84.23999786376953,83.31999969482422,84.0,76.89596557617188,2178600
2024-06-17,83.51000213623047,84.08999633789062,83.16000366210938,83.66999816894531,76.5938720703125,2168100
2024-06-18,83.88999938964844,84.30999755859375,83.70999908447266,84.0,76.89596557617188,3073600
2024-06-20,83.73999786376953,84.04000091552734,83.48999786376953,83.76000213623047,76.67626953125,2432900
2024-06-21,83.91999816894531,84.1500015258789,83.4000015258789,83.97000122070312,76.8685073852539,2337000
2024-06-24,84.01000213623047,85.45999908447266,83.87999725341797,84.62000274658203,77.46353912353516,2834300
2024-06-25,84.4800033569336,84.5199966430664,83.12999725341797,83.58000183105469,76.51148223876953,2445900
2024-06-26,83.0,83.58000183105469,82.83999633789062,83.31999969482422,76.27348327636719,3287900
2024-06-27,83.44999694824219,84.16000366210938,83.26000213623047,84.12999725341797,77.01497650146484,4244800
2024-06-28,83.48999786376953,84.12000274658203,83.12999725341797,83.76000213623047,77.62945556640625,4090500
2024-07-01,83.69000244140625,83.9000015258789,82.47000122070312,82.97000122070312,76.89726257324219,3274800
2024-07-02,83.20999908447266,83.48999786376953,82.87999725341797,83.36000061035156,77.25872039794922,3141400
2024-07-03,83.44999694824219,83.94000244140625,83.2699966430664,83.27999877929688,77.18457794189453,1571500
2024-07-05,83.44000244140625,83.66999816894531,82.9800033569336,83.51000213623047,77.39773559570312,3217000
2024-07-08,83.61000061035156,83.9800033569336,83.4000015258789,83.77999877929688,77.64797973632812,3239200
2024-07-09,83.58000183105469,84.04000091552734,82.94999694824219,83.76000213623047,77.62945556640625,2123200
2024-07-10,84.0999984741211,84.44999694824219,83.56999969482422,84.37999725341797,78.20405578613281,2482400
2024-07-11,85.45999908447266,87.0999984741211,85.45999908447266,86.80000305175781,80.44694519042969,4363500
2024-07-12,87.5,88.0199966430664,87.13999938964844,87.45999908447266,81.05863189697266,3562600
2024-07-15,87.62000274658203,88.16000366210938,87.37000274658203,88.05000305175781,81.60546112060547,2928700
2024-07-16,88.61000061035156,89.16000366210938,88.1500015258789,89.12999725341797,82.60639953613281,3029300
2024-07-17,89.0199966430664,90.33999633789062,89.0199966430664,89.73999786376953,83.17174530029297,4757200
2024-07-18,89.23999786376953,90.79000091552734,88.7300033569336,88.94999694824219,82.4395751953125,4464700
2024-07-19,89.08000183105469,89.2300033569336,88.41000366210938,88.79000091552734,82.2912826538086,2809000
2024-07-22,89.05000305175781,89.80000305175781,88.41000366210938,89.70999908447266,83.14395141601562,3244400
2024-07-23,89.56999969482422,90.26000213623048,89.16999816894531,89.63999938964844,83.07907104492188,2655400
2024-07-24,89.58999633789062,90.16999816894533,88.2300033569336,88.31999969482422,81.85568237304688,3844900
2024-07-25,88.6500015258789,89.68000030517578,87.83999633789062,88.02999877929688,81.5869140625,4723200
2024-07-26,88.68000030517578,89.87999725341797,88.44000244140625,89.56999969482422,83.01420593261719,3326000
2024-07-29,89.70999908447266,90.33000183105467,88.91999816894531,90.02999877929688,83.4405288696289,3371100
2024-07-30,90.37000274658205,90.94000244140624,90.02999877929688,90.7300033569336,84.08929443359375,2854000
2024-07-31,90.88999938964844,91.54000091552734,90.1500015258789,90.41000366210938,83.792724609375,5633800
2024-08-01,91.45999908447266,91.81999969482422,90.47000122070312,91.31999969482422,84.6361083984375,6988100
2024-08-02,91.0999984741211,92.12999725341795,90.4499969482422,91.2699966430664,84.58977508544922,5223600
2024-08-05,89.4800033569336,91.0199966430664,88.41999816894531,88.66000366210938,82.17081451416016,6852600
2024-08-06,88.63999938964844,91.37000274658205,88.2699966430664,90.41000366210938,83.792724609375,7321600
2024-08-07,90.80999755859376,91.8499984741211,89.68000030517578,89.79000091552734,83.21808624267578,4998600
2024-08-08,89.80000305175781,90.8499984741211,89.5199966430664,90.66999816894533,84.03367614746094,5981200
2024-08-09,91.0199966430664,91.26000213623048,90.0999984741211,91.08999633789062,84.4229507446289,4133800
2024-08-12,90.7699966430664,90.77999877929688,89.77999877929688,90.41999816894533,83.80199432373047,2925500
2024-08-13,91.05999755859376,91.30999755859376,90.5500030517578,91.20999908447266,84.53416442871094,3111300
2024-08-14,91.37000274658205,91.87999725341795,90.93000030517578,91.4499969482422,84.75659942626953,2966300
2024-08-15,91.58999633789062,91.79000091552734,90.9800033569336,91.37999725341795,84.69171905517578,4054400
2024-08-16,91.37999725341795,91.6999969482422,90.91999816894533,91.33000183105467,84.6453857421875,2260900
2024-08-19,91.33000183105467,92.08999633789062,91.31999969482422,92.08999633789062,85.34974670410156,2629800
2024-08-20,92.19000244140624,92.33999633789062,91.66000366210938,91.9800033569336,85.24781036376953,4934200
2024-08-21,92.08000183105467,92.5199966430664,91.62999725341795,92.47000122070312,85.70194244384766,2965900
2024-08-22,92.5199966430664,92.83000183105467,92.22000122070312,92.73999786376952,85.95217895507812,3182300
2024-08-23,93.13999938964844,94.91000366210938,93.08000183105467,94.77999877929688,87.8428726196289,8040200
2024-08-26,95.16999816894533,95.37000274658205,94.58000183105467,94.73999786376952,87.8057861328125,2748500
2024-08-27,94.04000091552734,94.9499969482422,93.95999908447266,94.87999725341795,87.93555450439453,1859300
2024-08-28,94.86000061035156,95.11000061035156,94.05999755859376,94.51000213623048,87.59263610839844,2664100
2024-08-29,94.45999908447266,94.62000274658205,93.83999633789062,94.22000122070312,87.32386016845703,3379500
2024-08-30,94.6500015258789,95.18000030517578,93.95999908447266,95.12999725341795,88.1672592163086,3490000
2024-09-03,94.73999786376952,95.5,94.48999786376952,95.08000183105467,88.12091064453125,5160800
2024-09-04,95.31999969482422,96.2300033569336,94.8499984741211,95.3499984741211,88.37113952636719,3041100
2024-09-05,95.9800033569336,96.13999938964844,94.87000274658205,95.04000091552734,88.0838394165039,6269400
2024-09-06,95.19000244140624,95.20999908447266,94.19000244140624,94.9499969482422,88.00041198730469,6965800
2024-09-09,94.95999908447266,96.19000244140624,94.8000030517578,96.01000213623048,88.98284912109375,2906400
2024-09-10,96.29000091552734,97.44000244140624,96.02999877929688,97.4000015258789,90.27111053466795,6001000
2024-09-11,96.5199966430664,97.31999969482422,95.41999816894533,97.20999908447266,90.0950164794922,3872100
2024-09-12,97.43000030517578,97.69000244140624,96.5999984741211,97.62000274658205,90.47500610351562,2713200
2024-09-13,98.25,98.66000366210938,98.01000213623048,98.63999938964844,91.42034912109376,3402700
2024-09-16,99.0500030517578,99.41000366210938,98.6500015258789,98.97000122070312,91.7261962890625,4144500
2024-09-17,99.0999984741211,99.37000274658205,98.04000091552734,98.27999877929688,91.0866928100586,2990700
2024-09-18,98.43000030517578,99.58000183105467,98.0199966430664,98.16000366210938,90.97549438476562,5097000
2024-09-19,99.01000213623048,99.0500030517578,97.54000091552734,98.18000030517578,90.9940185546875,4450200
2024-09-20,97.62000274658205,98.05999755859376,97.44000244140624,97.79000091552734,90.63256072998048,3708500
2024-09-23,98.45999908447266,98.87000274658205,98.2699966430664,98.76000213623048,91.53156280517578,3320700
2024-09-24,98.37000274658205,99.18000030517578,98.0500030517578,98.9000015258789,91.66131591796876,3279000
2024-09-25,99.0,99.22000122070312,98.0199966430664,98.23999786376952,91.04962158203124,2466000
2024-09-26,98.41000366210938,98.47000122070312,97.08000183105467,97.3499984741211,90.22476196289062,4776900
2024-09-27,97.33999633789062,97.56999969482422,96.62000274658205,96.66000366210938,90.33973693847656,4932800
2024-09-30,96.48999786376952,97.48999786376952,96.2699966430664,97.41999816894533,91.0500259399414,4207000
2024-10-01,97.62999725341795,97.8000030517578,96.36000061035156,96.79000091552734,90.46121978759766,4240300
2024-10-02,95.98999786376952,96.54000091552734,95.75,96.4499969482422,90.1434555053711,5161600
2024-10-03,96.11000061035156,96.31999969482422,95.2300033569336,95.56999969482422,89.32099914550781,2664400
2024-10-04,95.02999877929688,95.3499984741211,94.23999786376952,95.11000061035156,88.89105987548828,4602000
2024-10-07,94.58999633789062,94.58999633789062,93.83999633789062,94.2699966430664,88.10600280761719,3420200
2024-10-08,94.51000213623048,94.88999938964844,94.08999633789062,94.45999908447266,88.2835693359375,3773700
2024-10-09,94.27999877929688,94.56999969482422,93.91999816894533,94.55999755859376,88.37702941894531,4120600
2024-10-10,94.0199966430664,94.66999816894533,93.43000030517578,93.72000122070312,87.59196472167969,2664300
2024-10-11,94.1999969482422,94.77999877929688,94.0199966430664,94.77999877929688,88.58264923095703,2654000
2024-10-14,94.5,95.51000213623048,94.27999877929688,95.3499984741211,89.11537170410156,2529100
2024-10-15,95.8000030517578,97.31999969482422,95.75,96.5,90.19019317626952,2808500
2024-10-16,96.7300033569336,97.69000244140624,96.5500030517578,97.55999755859376,91.18087768554688,3177100
2024-10-17,97.18000030517578,97.29000091552734,96.5,96.79000091552734,90.46121978759766,2904100
2024-10-18,97.02999877929688,97.5500030517578,96.66000366210938,97.51000213623048,91.13414764404295,2080200
2024-10-21,97.02999877929688,97.41999816894533,95.47000122070312,95.5999984741211,89.34904479980469,4143000
2024-10-22,95.30999755859376,96.08999633789062,95.16000366210938,95.73999786376952,89.4798812866211,2530000
2024-10-23,95.51000213623048,96.62000274658205,95.41000366210938,96.44000244140624,90.13410949707033,2710500
2024-10-24,96.55999755859376,97.25,96.4800033569336,96.6500015258789,90.33038330078124,2632300
2024-10-25,97.30999755859376,97.61000061035156,95.70999908447266,95.73999786376952,89.4798812866211,3834800
2024-10-28,96.43000030517578,96.98999786376952,95.91999816894533,96.04000091552734,89.76026916503906,2296500
2024-10-29,95.73999786376952,96.1500015258789,95.04000091552734,95.3499984741211,89.11537170410156,2819600
2024-10-30,95.3499984741211,96.4800033569336,95.3000030517578,95.7699966430664,89.50792694091797,2930300
2024-10-31,95.0,95.58000183105467,94.08999633789062,94.1500015258789,87.99385070800781,4946300
2024-11-01,94.68000030517578,94.91000366210938,93.05999755859376,93.11000061035156,87.0218505859375,4835200
2024-11-04,93.41000366210938,94.45999908447266,93.37999725341795,94.12999725341795,87.97515869140625,3368200
2024-11-05,93.61000061035156,95.43000030517578,93.38999938964844,95.37999725341795,89.1434097290039,2398100
2024-11-06,95.62999725341795,95.62999725341795,92.37000274658205,93.3499984741211,87.24615478515625,6335400
2024-11-07,93.8000030517578,94.75,93.54000091552734,94.47000122070312,88.29293060302734,4871300
2024-11-08,94.83000183105467,96.16000366210938,94.6999969482422,95.87999725341795,89.61072540283203,4093600
2024-11-11,95.80999755859376,96.44000244140624,95.33999633789062,95.4000015258789,89.16211700439453,2279800
2024-11-12,95.0500030517578,95.45999908447266,94.06999969482422,94.08000183105467,87.92841339111328,4645800
2024-11-13,94.86000061035156,95.4499969482422,94.45999908447266,94.5999984741211,88.41442108154297,2884300
2024-11-14,94.5999984741211,94.5999984741211,93.56999969482422,93.75,87.62001037597656,3708000
2024-11-15,93.41000366210938,93.9800033569336,93.01000213623048,93.8000030517578,87.66673278808594,2786400
2024-11-18,93.37999725341795,94.4800033569336,93.22000122070312,94.4800033569336,88.30227661132812,2468100
2024-11-19,94.2300033569336,95.16999816894533,93.77999877929688,94.94000244140624,88.73218536376953,3041600
2024-11-20,94.5500030517578,94.9499969482422,94.0500030517578,94.81999969482422,88.62003326416016,3143000
2024-11-21,94.83999633789062,95.80999755859376,94.4499969482422,95.5199966430664,89.27426147460938,2988600
2024-11-22,95.83999633789062,96.41999816894533,95.83000183105467,96.23999786376952,89.94718170166016,2943700
2024-11-25,96.8000030517578,98.05999755859376,96.8000030517578,97.58000183105467,91.19957733154295,4001200
2024-11-26,97.41999816894533,98.06999969482422,97.04000091552734,97.97000122070312,91.5640640258789,2774500
2024-11-27,98.52999877929688,99.1999969482422,98.51000213623048,98.5999984741211,92.15287017822266,2383100
2024-11-29,98.75,99.08999633789062,98.04000091552734,98.16000366210938,91.74164581298828,1922400
2024-12-02,97.66000366210938,97.73999786376952,96.47000122070312,96.7300033569336,90.4051513671875,3659400
2024-12-03,96.81999969482422,97.11000061035156,96.19000244140624,96.23999786376952,89.94718170166016,1992500
2024-12-04,96.33999633789062,96.33999633789062,95.47000122070312,95.9800033569336,89.7042007446289,2220300
2024-12-05,95.58999633789062,95.83999633789062,95.22000122070312,95.75,89.48922729492188,2922300
2024-12-06,96.01000213623048,96.33000183105467,95.19000244140624,95.61000061035156,89.35839080810547,1866100
2024-12-09,95.73999786376952,96.1999969482422,95.5999984741211,95.87999725341795,89.61072540283203,2871900
2024-12-10,95.76000213623048,95.7699966430664,94.19000244140624,94.48999786376952,88.31160736083984,2902100
2024-12-11,94.52999877929688,94.9800033569336,94.01000213623048,94.2699966430664,88.10600280761719,4294900
2024-12-12,94.02999877929688,95.12999725341795,94.02999877929688,94.12000274658205,87.96581268310547,2255100
2024-12-13,93.98999786376952,94.19000244140624,93.58999633789062,93.8499984741211,87.71345520019531,2796200
2024-12-16,93.8000030517578,94.58000183105467,93.4499969482422,93.5199966430664,87.40503692626953,3644900
2024-12-17,93.13999938964844,93.83000183105467,92.83000183105467,93.06999969482422,86.98446655273438,3020200
2024-12-18,92.83000183105467,93.2699966430664,89.20999908447266,89.2300033569336,83.39554595947266,5409800
2024-12-19,89.47000122070312,90.1500015258789,87.79000091552734,87.8499984741211,82.10577392578125,5403600
2024-12-20,87.8499984741211,90.33999633789062,87.8499984741211,89.33000183105469,83.489013671875,7622200
2024-12-23,88.18000030517578,88.93000030517578,87.83999633789062,88.81999969482422,83.81550598144531,4548900
2024-12-24,88.55000305175781,89.51000213623047,88.51000213623047,89.41000366210938,84.37226867675781,2182600
2024-12-26,89.16999816894531,89.73999786376953,88.7300033569336,89.6500015258789,84.59874725341797,2577400
2024-12-27,89.12000274658203,89.7699966430664,88.5,88.75,83.74945831298828,3816700
2024-12-30,88.41999816894531,88.55999755859375,87.44000244140625,88.30999755859375,83.3342514038086,4402400
2024-12-31,88.97000122070312,89.29000091552734,88.27999877929688,89.08000183105469,84.06087493896484,5045100
