Date,Open,High,Low,Close,Adj Close,Volume,Daily_Return,MA_10,MA_20,MA_50,Volatility_20,RSI_14,MACD,MACD_Signal
2010-03-16,48.16999816894531,49.27999877929688,48.02999877929688,49.130001068115234,25.74647521972656,3905000,0.024181776483079842,47.07099990844726,45.748999786376956,44.284199981689454,0.008521954536403066,95.14563250624784,1.296077877478666,0.9393475647180323
2010-03-17,49.34999847412109,49.959999084472656,49.150001525878906,49.86000061035156,26.129011154174805,3467900,0.014858528930708381,47.56599998474121,46.0629997253418,44.39040000915527,0.00871067110506386,95.62171558521196,1.4316335082186171,1.0378047534181492
2010-03-18,49.70000076293945,50.060001373291016,49.5099983215332,49.59000015258789,25.987518310546875,2448700,-0.005415171569565058,48.0060001373291,46.330999755859374,44.49220001220703,0.008896773981685627,91.61073696634223,1.4999846523873543,1.1302407332119904
2010-03-19,49.04999923706055,49.810001373291016,49.0,49.04999923706055,25.70453643798828,2703900,-0.010889310624435655,48.26900024414063,46.57049980163574,44.58480003356934,0.009594082591539597,83.00652861457979,1.4933652803135402,1.2028656426323003
2010-03-22,48.70000076293945,49.810001373291016,48.619998931884766,49.66999816894531,26.02944564819336,2922600,0.01264014151943793,48.547000122070315,46.83549976348877,44.68019996643066,0.009711154561150407,84.52379871117742,1.5206193590919383,1.266416385924228
2010-03-23,49.65999984741211,49.7400016784668,49.06999969482422,49.52999877929688,25.95608711242676,3974700,-0.0028185905941096046,48.8,47.11049976348877,44.779399948120115,0.009416194914693527,84.2729805739138,1.5134752317914746,1.3158281550976774
2010-03-24,49.369998931884766,50.150001525878906,49.310001373291016,49.79999923706055,26.097570419311523,3241200,0.005451251048213646,49.03800010681152,47.37649974822998,44.87879989624023,0.009362446835574648,84.24961597977597,1.5121688981236332,1.3550963037028687
2010-03-25,49.79999923706055,50.5,49.54999923706055,49.54999923706055,26.16145896911621,4033400,-0.0050200803981931275,49.22299995422363,47.621499633789064,44.98819984436035,0.009660126932519065,77.2173825355978,1.4739697033910133,1.3788709836404978
2010-03-26,49.77999877929688,50.040000915527344,49.16999816894531,49.290000915527344,26.02418327331543,4339000,-0.005247191231816162,49.3439998626709,47.854499626159665,45.07459983825684,0.009866875102032727,71.66066001137528,1.4065035769865588,1.38439750230971
2010-03-29,49.630001068115234,49.65999984741211,49.09999847412109,49.43999862670898,26.103382110595703,1914200,0.00304316714131736,49.49099960327148,48.075999641418456,45.1647998046875,0.009840819124517512,71.86379475007232,1.3495825993338855,1.377434521714545
2010-03-30,49.52999877929688,49.630001068115234,49.16999816894531,49.369998931884766,26.066415786743164,1968300,-0.0014158514718565218,49.51499938964844,48.29299964904785,45.26039978027344,0.009892315523548039,68.6424563443236,1.284022511849848,1.3587521197416057
2010-03-31,49.18999862670898,49.41999816894531,48.790000915527344,48.810001373291016,25.7707633972168,2365900,-0.01134287159629821,49.409999465942384,48.487999725341794,45.32659980773926,0.010407303330186987,60.072610861720946,1.1733528658494663,1.321672268963178
2010-04-01,49.16999816894531,49.310001373291016,48.61000061035156,49.060001373291016,25.902742385864254,2198300,0.005121901105636928,49.3569995880127,48.6814998626709,45.40799980163574,0.010398956515720472,59.107813544744445,1.0932173555545859,1.2759812862814597
2010-04-05,49.27000045776367,50.220001220703125,49.130001068115234,50.13999938964844,26.47297096252441,1961200,0.022013819529678846,49.465999603271484,48.867499923706056,45.53679977416992,0.00984197153649889,67.08662439054874,1.1041284943144092,1.2416107278880497
2010-04-06,50.04999923706055,51.400001525878906,49.869998931884766,51.290000915527344,27.08014869689941,3307100,0.022935810528077694,49.62799987792969,49.0875,45.71059982299805,0.010651500982376518,67.03471920124726,1.1918324598594268,1.2316550742823251
2010-04-07,51.18999862670898,51.31999969482422,49.93999862670898,50.15999984741211,26.4835147857666,3521700,-0.022031605536063537,49.69099998474121,49.245499992370604,45.85579978942871,0.012199125876571074,52.22551559301333,1.1568217213358167,1.2166884036930234
2010-04-08,49.93999862670898,50.29999923706055,49.84999847412109,50.220001220703125,26.515209197998047,2047800,0.0011961996306526501,49.73300018310547,49.3855001449585,46.010199813842775,0.012134492785980576,54.823901637984385,1.1209949363580876,1.1975497102260364
2010-04-09,50.41999816894531,51.04999923706055,50.130001068115234,50.93000030517578,26.89007568359375,1710500,0.0141377751337044,49.87100028991699,49.547000122070315,46.171199798583984,0.01237749756708641,64.02987309570977,1.136788750463289,1.1853975182734868
2010-04-12,51.119998931884766,51.150001525878906,50.560001373291016,50.61000061035156,26.72113037109375,1872300,-0.006283127683227141,50.003000259399414,49.673500061035156,46.33319984436035,0.012507452026542465,57.34377607705699,1.1106809226057308,1.1704541991399358
2010-04-13,50.650001525878906,52.02999877929688,50.58000183105469,51.84999847412109,27.375804901123047,1712600,0.024501044236618696,50.24400024414062,49.867499923706056,46.5247998046875,0.01335734171535369,65.4666803656823,1.1764859477746725,1.1716605488668832
2010-04-14,52.25,52.29999923706055,51.630001068115234,51.93000030517578,27.418052673339844,2026800,0.0015429476067319037,50.500000381469725,50.007499885559085,46.70259979248047,0.012486191270262872,64.56910322183035,1.2210172566062738,1.1815318904147614
2010-04-15,51.68000030517578,51.77999877929688,50.459999084472656,50.5099983215332,26.66831970214844,2594700,-0.027344540252218108,50.670000076293945,50.03999977111816,46.84019973754883,0.013842260780932213,55.66037481218905,1.1287152205956517,1.1709685564509396
2010-04-16,50.38999938964844,50.81999969482422,49.2400016784668,49.34999847412109,26.05586242675781,4450000,-0.022965747098779632,50.69899978637695,50.02799968719482,46.96879974365234,0.01477762896997129,50.319816504060704,0.9510003587357048,1.1269749169078926
2010-04-19,49.0099983215332,49.959999084472656,48.84000015258789,49.56999969482422,26.172021865844727,2825700,0.004457978267587981,50.64199981689453,50.053999710083005,47.13359970092773,0.01458724428059275,50.68783628370207,0.8184774121068159,1.0652754159476774
2010-04-20,49.84999847412109,50.40999984741211,49.31999969482422,50.40999984741211,26.615524291992188,2193300,0.01694573648899178,50.553999710083005,50.09099979400635,47.299999694824216,0.01480400184048047,55.08806649367401,0.7723300739332757,1.0066863475447971
2010-04-21,50.31999969482422,51.59000015258789,50.27999877929688,51.290000915527344,27.08014869689941,2980100,0.017456875040248843,50.66699981689453,50.17899990081787,47.50239974975586,0.015228147874341747,61.76469843094404,0.7975727850836165,0.9648636350525611
2010-04-22,50.900001525878906,52.27999877929688,50.619998931884766,52.08000183105469,27.49724769592285,1552700,0.015402630170127107,50.85299987792969,50.293000030517575,47.72319976806641,0.015511682863440918,63.62815396633633,0.8712807054846792,0.9461470491389848
2010-04-23,52.22999954223633,52.83000183105469,51.720001220703125,52.77000045776367,27.86156272888184,3302900,0.01324882109158354,51.03699989318848,50.454000091552736,47.95619979858398,0.015592205867765106,62.301213886631814,0.974142576812902,0.9517461546737683
2010-04-26,52.93000030517578,53.59999847412109,52.720001220703125,53.18999862670898,28.08331298828125,2486700,0.007959032884251371,51.29499969482422,50.648999977111814,48.1897998046875,0.015491898895271423,59.53813834401585,1.0771351495721007,0.9768239536534349
2010-04-27,52.88999938964844,53.25,51.4900016784668,51.4900016784668,27.18574523925781,4589700,-0.03196083835558772,51.25900001525879,50.75150012969971,48.37959983825684,0.01745069966444871,56.315299075198446,1.0099399995997658,0.9834471628427012
2010-04-28,52.119998931884766,52.20000076293945,51.43999862670898,51.650001525878906,27.27021598815918,3500600,0.0031073964303058865,51.231000137329104,50.86550025939941,48.54879989624023,0.017430960424356268,56.72624964562422,0.9585484596759741,0.9784674222093558
2010-04-29,52.310001373291016,54.060001373291016,52.27000045776367,53.97999954223633,28.50040054321289,3268600,0.04511128649609031,51.57800025939942,51.12400016784668,48.756799850463864,0.019531894137668267,62.44898035445867,1.093229591129706,1.001419855993426
2010-04-30,53.869998931884766,54.36000061035156,52.18000030517578,52.29999923706055,27.613405227661133,4056200,-0.031122643931504212,51.87300033569336,51.28600006103515,48.91819984436035,0.021156128453372097,56.20866651213543,1.0522734208742577,1.0115905689695923
2010-05-03,52.7599983215332,54.34999847412109,52.75,54.040000915527344,28.532094955444336,4016000,0.033269631048747916,52.32000045776367,51.481000137329104,49.11379989624024,0.021816328906206894,57.760461894663564,1.1469970860974001,1.038671872395154
2010-05-04,53.22999954223633,53.540000915527344,52.34000015258789,52.810001373291016,27.882686614990234,3672500,-0.022760908982200068,52.560000610351565,51.557000160217285,49.28259994506836,0.022117240716689596,52.88335899379974,1.1100199704545375,1.0529414920070308
2010-05-05,51.970001220703125,53.04999923706055,51.31999969482422,52.09999847412109,27.507810592651367,3597300,-0.013444477953166944,52.64100036621094,51.65400009155273,49.44399993896484,0.021712071556150445,55.46391833663456,1.0117610876614904,1.0447054111379228
2010-05-06,51.72999954223633,52.09000015258789,45.0,49.959999084472656,26.377933502197266,6191800,-0.041074845534043614,52.42900009155274,51.640999984741214,49.55359992980957,0.02376718101249447,51.96394287926398,0.7525353895734881,0.9862714068250359
2010-05-07,50.43000030517578,51.130001068115234,48.31999969482422,49.119998931884766,25.934431076049805,5896600,-0.01681345412291968,52.06399993896484,51.55049991607666,49.64299987792969,0.02380644005841089,48.606808586022616,0.4738538716106433,0.8837878997821574
2010-05-10,51.7599983215332,52.5099983215332,51.33000183105469,52.36000061035156,27.645076751708984,4817300,0.06596094765718008,51.981000137329104,51.63799991607666,49.79759986877441,0.028135825261323803,55.25606696264332,0.5085752792198974,0.8087453756697054
2010-05-11,51.650001525878906,53.18000030517578,51.52000045776367,52.66999816894531,27.80875396728516,3229100,0.0059205033418670006,52.09899978637695,51.67899990081787,49.95079986572266,0.027659037007866462,53.83759060438568,0.5547120815455102,0.7579387168448665
2010-05-12,52.90999984741211,53.709999084472656,52.54999923706055,53.52000045776367,28.257545471191406,2577400,0.016138263116924234,52.28599967956543,51.75849990844726,50.12059989929199,0.02786189437655349,53.99112765556577,0.6523440940818972,0.7368197922922726
2010-05-13,53.63999938964844,53.7599983215332,52.560001373291016,52.650001525878906,27.798200607299805,2522000,-0.01625558528481963,52.15299987792969,51.86550006866455,50.275399932861326,0.02735556867660712,49.670694432027716,0.6520006666699558,0.7198559671678092
2010-05-14,52.209999084472656,52.2599983215332,50.43999862670898,50.97999954223633,26.91646957397461,4558000,-0.03171893514232338,52.020999908447266,51.947000122070314,50.39119995117188,0.027848815074371158,44.324604658671824,0.511081861123067,0.6781011459588608
2010-05-17,51.2400016784668,52.0099983215332,49.52000045776367,51.04999923706055,26.953428268432617,2913300,0.001373081511431229,51.72199974060059,52.02100009918213,50.48379997253418,0.027842976832228014,48.76680957523013,0.40043511606663884,0.6225679399804165
2010-05-18,51.84999847412109,51.900001525878906,49.470001220703125,49.7599983215332,26.272327423095703,3725300,-0.025269362092190772,51.416999435424806,51.98850002288818,50.541199951171876,0.028234713293060397,45.01844306098306,0.20627665170894005,0.5393096823261212
2010-05-19,49.29999923706055,50.400001525878906,47.97999954223633,49.29999923706055,26.029451370239254,5955800,-0.009244354903315877,51.13699951171875,51.888999938964844,50.587199935913084,0.02798236006261452,36.315793465671305,0.015112381992594237,0.4344702222594158
2010-05-20,47.97999954223633,48.459999084472656,46.66999816894531,46.77000045776367,24.69366836547852,5847200,-0.05131843445131301,50.81799964904785,51.62349987030029,50.57419998168945,0.02976780810780323,34.596107607163205,-0.3366556793187385,0.2802450419437849
2010-05-21,46.0,48.400001525878906,45.72999954223633,48.34000015258789,25.52260398864746,5652000,0.033568519979853884,50.739999771118164,51.4019998550415,50.58699996948242,0.0307519334172421,33.97075384886378,-0.48317876390068193,0.12756028077489154
2010-05-24,48.380001068115234,48.63999938964844,47.18000030517578,47.2599983215332,24.952373504638672,3826100,-0.02234178377421603,50.22999954223633,51.105499839782716,50.57059989929199,0.03088157318498047,34.25978016271421,-0.6786237339119765,-0.033676522162482056
2010-05-25,45.91999816894531,47.7400016784668,45.36000061035156,47.63999938964844,25.153011322021484,4736400,0.008040649208870043,49.72699966430664,50.9129997253418,50.5639998626709,0.030364826225102913,37.10983150948207,-0.7937030555935465,-0.18568182884869494
2010-05-26,48.43999862670898,49.040000915527344,47.22999954223633,47.540000915527344,25.100215911865234,4937300,-0.0020990444039095113,49.12899971008301,50.70749969482422,50.53219985961914,0.030328001982442246,42.07078037296034,-0.8827969544979553,-0.32510485397854705
2010-05-27,48.77000045776367,50.20000076293945,48.18999862670898,50.150001525878906,26.47823905944824,2876100,0.05490114766697651,48.87899971008301,50.51599979400635,50.537999877929686,0.031223141196426864,53.02408231680888,-0.7343343256970414,-0.4069507483222459
2010-05-28,50.06999969482422,50.470001220703125,49.18999862670898,49.5099983215332,26.14033508300781,2769200,-0.012761778362368359,48.7319995880127,50.37649974822998,50.536399841308594,0.03062355331094693,40.12473501343868,-0.6607033556076871,-0.4577012697793342
2010-06-01,48.84000015258789,49.70000076293945,48.400001525878906,48.47999954223633,25.596513748168945,2715000,-0.020803854054038617,48.474999618530276,50.09849967956543,50.52499984741211,0.029691051743912733,36.17162656871501,-0.6776510354461749,-0.5016912229127024
2010-06-02,48.81999969482422,49.52999877929688,47.970001220703125,49.43000030517578,26.098093032836918,2015700,0.019595725493186222,48.44199981689453,49.92949962615967,50.520199890136716,0.029867623572769297,36.59016678852849,-0.6074230766185238,-0.5228375936538667
2010-06-03,49.70000076293945,49.75,48.84999847412109,49.290000915527344,26.02418327331543,2171700,-0.0028322757188771197,48.44099998474121,49.78899974822998,50.51539993286133,0.029764193354684793,38.4297533688601,-0.556647013729858,-0.529599477669065
2010-06-04,48.31999969482422,48.709999084472656,46.25,46.5,24.55111694335937,9751200,-0.05660379110783176,48.41399993896484,49.61599979400635,50.44939994812012,0.03100423192355564,35.67775375841508,-0.7330858179619497,-0.570296745727642
2010-06-07,46.7599983215332,47.52999877929688,46.16999816894531,46.25,24.419124603271484,3646600,-0.005376344086021501,48.204999923706055,49.47249984741211,50.383399963378906,0.030843589227503576,34.8293357388587,-0.8829101139504871,-0.632819419372211
2010-06-08,46.41999816894531,47.16999816894531,45.22999954223633,47.08000183105469,24.857345581054688,4966300,0.017945985536317544,48.1870002746582,49.208499908447266,50.339199981689454,0.026838374138524843,41.27605560416368,-0.9240211956357172,-0.6910597746249123
2010-06-09,47.52999877929688,48.720001220703125,47.119998931884766,47.36000061035156,25.005176544189453,4130400,0.005947297544754537,48.159000396728516,48.94300003051758,50.29760002136231,0.026838946363499337,43.610019432836594,-0.9233644915348123,-0.7375207180068923
2010-06-10,48.380001068115234,49.59999847412109,47.959999084472656,49.40999984741211,26.087533950805664,3918800,0.04328545630576852,48.346000289916994,48.7375,50.29840003967285,0.028591183351936972,58.979586964430936,-0.7487946048351475,-0.7397754953725434
2010-06-11,48.880001068115234,50.119998931884766,48.790000915527344,50.0,26.3990535736084,2626800,0.011940905776359534,48.3310001373291,48.60499992370605,50.322200012207034,0.028629366797395635,56.04955990587822,-0.5564245149940916,-0.7031052992968531
2010-06-14,50.65999984741211,51.150001525878906,50.11000061035156,50.619998931884766,26.72640609741211,2967100,0.012399978637695375,48.442000198364255,48.58699989318848,50.353399963378905,0.027925305114337547,62.66968351826653,-0.3499075837717527,-0.632465756191833
2010-06-15,50.93000030517578,51.86000061035156,50.59000015258789,51.75,27.3230037689209,2692500,0.02232321398575654,48.76900024414063,48.62199993133545,50.38559997558594,0.028368252537190455,64.66809416011053,-0.09397648312088336,-0.5247679015776431
2010-06-16,51.369998931884766,51.709999084472656,51.02000045776367,51.27999877929688,27.074861526489254,2496600,-0.009082149192330746,48.954000091552736,48.69799995422363,50.385399932861326,0.02780265556584192,63.00416061833095,0.070117318679074,-0.4057908575262997
2010-06-17,51.4900016784668,51.630001068115234,50.83000183105469,51.38999938964844,27.132932662963867,3137100,0.002145097756826919,49.16399993896484,48.80249996185303,50.40999992370605,0.02767930007086014,55.21884408298312,0.2066567583090304,-0.2833013343592337
2010-06-18,51.58000183105469,51.58000183105469,50.970001220703125,51.22999954223633,27.04846572875977,1981200,-0.003113443263522142,49.636999893188474,49.02549991607666,50.43019989013672,0.024688645970936358,57.543863993345035,0.2985135193844286,-0.16693836361050127
2010-06-21,51.93999862670898,52.150001525878906,50.68000030517578,50.83000183105469,26.837276458740234,2910100,-0.007807880436381143,50.09500007629394,49.15,50.42819992065429,0.023876053605236223,60.90994516682837,0.3351705544417243,-0.06651658000005616
2010-06-22,50.970001220703125,51.18000030517578,49.18999862670898,49.31999969482422,26.040019989013672,4468100,-0.02970690698082823,50.3189998626709,49.25300006866455,50.40239990234375,0.02433636176697116,49.51456049172888,0.2396148353777292,-0.005290296924499081
2010-06-23,49.2599983215332,50.02999877929688,48.52000045776367,49.45000076293945,26.10865592956543,2987900,0.0026358691995060912,50.52799987792969,49.3435001373291,50.35439994812012,0.0243006090261177,50.70671288784288,0.17238904570000102,0.03024557160040094
2010-06-24,48.66999816894531,48.84999847412109,47.790000915527344,47.95000076293945,25.55597686767578,3163500,-0.030333669906112193,50.38199996948242,49.364000129699704,50.27479995727539,0.02535740163085343,57.22831698870995,-0.0019033997250090806,0.02381577733531894
2010-06-25,48.150001525878906,49.380001068115234,47.84000015258789,49.15999984741211,26.20087242126465,4883700,0.025234599900316734,50.297999954223634,49.31450004577637,50.247799987792966,0.022756384844755707,63.23930574603008,-0.0419114753026264,0.010670326807729873
2010-06-28,49.34000015258789,49.38999938964844,48.38999938964844,48.58000183105469,25.89175033569336,2439400,-0.011798169612646014,50.094000244140624,49.26800022125244,50.23240005493164,0.02273061660196598,56.983241612459366,-0.11904685803950343,-0.015273110161716789
2010-06-29,47.84999847412109,47.869998931884766,46.59999847412109,46.9900016784668,25.04431533813477,4804700,-0.03272952022763176,49.6180004119873,49.19350032806396,50.18080009460449,0.023431362968654598,48.46473462526532,-0.3049615221219639,-0.07321079255376622
2010-06-30,47.060001373291016,47.709999084472656,46.34000015258789,46.4900016784668,24.7778263092041,3616100,-0.010640561441586982,49.139000701904294,49.04650039672852,50.102400131225586,0.02298358833800285,36.09524681454611,-0.4870318541281975,-0.15597500486865248
2010-07-01,46.52000045776367,46.7400016784668,45.18000030517578,46.33000183105469,24.69256019592285,7804700,-0.0034415969377393774,48.63300094604492,48.89850044250488,50.003200149536134,0.022984025611346263,31.777565639691005,-0.6368928501758901,-0.2521585739301
2010-07-02,46.52000045776367,46.709999084472656,45.20000076293945,45.43999862670898,24.218217849731445,2682600,-0.019210083513295895,48.05400085449219,48.84550037384033,49.87040008544922,0.0196609043407547,24.95165223550761,-0.8180446799026484,-0.3653357951246097
2010-07-06,46.33000183105469,46.54999923706055,43.959999084472656,44.43000030517578,23.679914474487305,4989800,-0.022227076409714774,47.4140007019043,48.75450038909912,49.70360008239746,0.020213013740809308,14.187872698117829,-1.031219971806287,-0.4985126304609452
2010-07-07,44.5,46.650001525878906,44.45000076293945,46.59000015258789,24.831127166748047,3702500,0.04861579636677349,47.141000747680664,48.73000030517578,49.571600112915036,0.022789982589445684,30.310668821175213,-1.0141781759622361,-0.6016457395612034
2010-07-08,47.25,47.59000015258789,46.33000183105469,47.16999816894531,25.140256881713867,2288500,0.012448980778232643,46.91300048828125,48.72050018310547,49.48520004272461,0.02292940285006698,32.95637254871751,-0.9430011075321119,-0.6699168131553851
2010-07-09,47.09000015258789,47.86000061035156,46.95000076293945,47.77000045776367,25.46002769470215,1597100,0.012719998136726085,46.89500045776367,48.63850021362305,49.407600021362306,0.020817145842301772,36.50546346787531,-0.8286257162633746,-0.701658593776983
2010-07-12,47.68999862670898,48.06999969482422,47.16999816894531,47.91999816894531,25.539974212646484,2419900,0.0031399981106188246,46.77100028991699,48.53450012207031,49.28639999389648,0.020610479074027008,38.42480615449979,-0.7176067094911787,-0.7048482169198221
2010-07-13,48.63999938964844,49.27999877929688,48.38999938964844,49.09999847412109,26.168880462646484,2622800,0.02462438126595079,46.82299995422363,48.45850009918213,49.2223999786377,0.021229509428490494,49.10130204616155,-0.528317073464855,-0.6695419882288287
2010-07-14,48.869998931884766,49.27000045776367,48.16999816894531,48.810001373291016,26.01433563232422,2297300,-0.005906254782938936,47.00499992370605,48.31150016784668,49.11779998779297,0.020501466104017152,47.419356029562685,-0.39712619204645705,-0.6150588289923544
2010-07-15,48.880001068115234,48.900001525878906,47.68000030517578,48.650001525878906,25.92904663085937,2560700,-0.0032780135814473033,47.22099990844727,48.18000030517578,49.034599990844725,0.020447701054075243,53.164562201157445,-0.3025791794233683,-0.5525628990785573
2010-07-16,48.33000183105469,48.400001525878906,46.70000076293945,47.06999969482422,25.08695411682129,2758100,-0.03247691226102467,47.29499969482422,47.96400032043457,48.93400001525879,0.02147938278131576,40.85738935121758,-0.3510957209632224,-0.5122694634554903
2010-07-19,47.150001525878906,47.900001525878906,46.369998931884766,47.650001525878906,25.396076202392575,2740600,0.012322112488104997,47.515999984741214,47.7850004196167,48.88780006408692,0.021794064422648377,45.93175730382678,-0.338838213185646,-0.47758321340152143
2010-07-20,46.880001068115234,48.709999084472656,46.720001220703125,48.540000915527344,25.870424270629883,3494800,0.018677845984224728,47.92700004577637,47.67050037384033,48.876200103759764,0.02231011170387972,57.22273673432749,-0.25437624622914967,-0.4329418199670471
2010-07-21,48.7599983215332,48.91999816894531,47.27999877929688,47.52999877929688,25.33212661743164,3526700,-0.02080762499341804,48.020999908447266,47.581000328063965,48.779600067138674,0.021813030486165348,54.62632093206213,-0.2658734368744575,-0.3995281433485292
2010-07-22,48.13999938964844,49.709999084472656,48.09000015258789,49.310001373291016,26.280820846557617,3295200,0.037450087096772,48.23500022888184,47.57400035858154,48.712400131225586,0.02349492618804055,61.58630838583486,-0.12985680168392122,-0.3455938750156077
2010-07-23,49.2400016784668,49.97999954223633,48.43999862670898,49.93999862670898,26.61658096313477,2956400,0.012776257064945007,48.452000045776366,47.67350025177002,48.640800094604494,0.022510954910471954,67.85714501966999,0.028444978885403316,-0.2707861042354055
2010-07-26,50.04999923706055,51.310001373291016,49.63999938964844,51.18999862670898,27.28278923034668,3857800,0.025030036731548355,48.77900009155273,47.775000190734865,48.61160003662109,0.022500017529412497,76.32398069002647,0.25186153085414276,-0.16625657721749587
2010-07-27,51.68000030517578,51.81999969482422,50.59000015258789,51.18000030517578,27.2774600982666,3483300,-0.0001953178707057024,48.9870002746582,47.90500011444092,48.61560005187988,0.02226671587054921,71.46866577288318,0.42323518517053316,-0.04835822473989007
2010-07-28,51.02999877929688,51.70000076293945,50.77999877929688,51.08000183105469,27.224178314208984,2919200,-0.00195385841197393,49.21400032043457,48.109500122070315,48.616200103759766,0.020686220363233306,69.1479138722731,0.5447020140051109,0.07025382300911012
2010-07-29,51.5099983215332,51.63999938964844,50.13999938964844,50.650001525878906,26.9949951171875,2276900,-0.008418173252968786,49.41400032043457,48.31750011444092,48.63400016784668,0.020607086686283648,64.34263894297905,0.5993588838870636,0.17607483518470082
2010-07-30,50.08000183105469,51.209999084472656,49.95000076293945,50.95000076293945,27.15487670898437,2746300,0.005922985745760778,49.80200042724609,48.548500061035156,48.667000198364256,0.020523493641339784,64.86753190551086,0.6592824802394404,0.2727163641956487
2010-08-02,51.77999877929688,52.810001373291016,51.619998931884766,52.65999984741211,28.066267013549805,3018300,0.03356229752437012,50.30300025939941,48.90950012207031,48.78480018615723,0.020644131564600727,66.60448803512094,0.8351281595590336,0.3851987232683257
2010-08-03,52.52999877929688,52.56999969482422,51.77999877929688,52.150001525878906,27.79444122314453,1955500,-0.009684738378484159,50.66400032043457,49.29550018310547,48.86100021362304,0.019866171757651967,65.26508488051178,0.9226982341223504,0.4926986254391307
2010-08-04,52.38999938964844,52.540000915527344,51.900001525878906,52.52000045776367,27.991640090942383,2041300,0.007094897815125734,51.16300048828125,49.59200019836426,48.966200256347655,0.017445527911972306,67.35425886233051,1.0103077716186348,0.5962204546750316
2010-08-05,52.2400016784668,52.5,51.75,51.86000061035156,27.639894485473636,1847300,-0.012566638264652652,51.41800041198731,49.82650032043457,49.05060028076172,0.01786212002982086,73.4115489541834,1.0147846832923193,0.6799333003984891
2010-08-06,51.310001373291016,51.77999877929688,50.7599983215332,51.619998931884766,27.51197052001953,1836100,-0.00462787650679064,51.58600044250488,50.01900024414063,49.13220024108887,0.01788367354906373,70.07077443017698,0.9875823043180318,0.7414631011823977
2010-08-09,51.880001068115234,52.380001068115234,51.560001373291016,52.209999084472656,27.826419830322266,2914500,0.011429681611702991,51.68800048828125,50.23350028991699,49.17340019226074,0.017957766513299497,69.1345128800777,1.0020809391820293,0.7935866687823241
2010-08-10,51.77999877929688,52.22999954223633,51.15999984741211,51.70000076293945,27.554611206054688,2180200,-0.009768211654400893,51.740000534057614,50.36350040435791,49.21720024108887,0.017566520438553956,72.93732350715752,0.9613369158997997,0.8271367182058192
2010-08-11,50.84000015258789,51.09000015258789,49.9900016784668,50.40999984741211,26.8670711517334,2688600,-0.02495166144082661,51.67300033569336,50.44350032806396,49.25580024719238,0.018548074237765177,56.3953467740934,0.8155534979483008,0.8248200741543156
2010-08-12,49.75,50.290000915527344,49.5,49.77999877929688,26.53130149841309,2632600,-0.012497541559654879,51.58600006103516,50.500000190734866,49.262800216674805,0.018793261510978338,49.0697677513278,0.6417851679321132,0.7882130929098752
2010-08-13,49.75,50.150001525878906,49.619998931884766,49.77999877929688,26.53130149841309,2208700,0.0,51.4689998626709,50.6355001449585,49.272600173950195,0.017041108148883936,40.40815733379983,0.4983280983418581,0.7302360939962718
2010-08-16,49.52999877929688,50.18999862670898,49.25,49.7400016784668,26.509984970092773,1827400,-0.0008034773364984371,51.17700004577637,50.74000015258789,49.33740020751953,0.01691302264316722,40.24390306938672,0.37706335374376465,0.6596015459457704
2010-08-17,50.22999954223633,51.2400016784668,49.93000030517578,50.880001068115234,27.11757469177246,2290800,0.022919166690377413,51.05,50.85700016021728,49.43000022888184,0.017154274471110134,48.81234621708178,0.36869846693666375,0.601420930143949
2010-08-18,51.02999877929688,51.27000045776367,50.5099983215332,50.93000030517578,27.14421844482422,1651800,0.000982689387007074,50.890999984741214,51.02700023651123,49.50700019836426,0.016265276152745967,51.741287394977114,0.3619316318882113,0.5535230704928016
2010-08-19,50.77999877929688,50.77999877929688,49.34999847412109,49.630001068115234,26.45136260986328,2883700,-0.025525215575709193,50.668000030517575,51.04300022125244,49.55240020751953,0.01543900538380387,42.69911130991062,0.24880176065296666,0.4925788085248346
2010-08-20,49.34999847412109,49.540000915527344,48.959999084472656,49.470001220703125,26.366086959838867,1585400,-0.003223853394492493,50.45300025939942,51.01950035095215,49.55360023498535,0.015178266572988947,28.70493216810962,0.14456837786138976,0.4229767223921457
2010-08-23,49.66999816894531,49.84000015258789,49.18999862670898,49.209999084472656,26.227514266967773,1535700,-0.005255753584288536,50.15300025939941,50.92050037384033,49.5378002166748,0.01397449211554562,29.696109745289846,0.04051563258052937,0.3464845044298225
2010-08-24,48.5,49.34000015258789,48.11000061035156,49.0099983215332,26.12091445922852,2611500,-0.004064230169891658,49.88400001525879,50.8120002746582,49.505600204467775,0.013976750799682797,25.176787215421953,-0.0574233669774884,0.26570293014836033
2010-08-25,48.59999847412109,50.040000915527344,48.52999877929688,49.790000915527344,26.536643981933597,1817700,0.015915172836303393,49.822000122070314,50.74750022888183,49.46640022277832,0.014544274090316002,35.60501396422781,-0.0712793748940328,0.1983064691398817
2010-08-26,50.150001525878906,50.43999862670898,49.41999816894531,49.4900016784668,26.37674140930176,2792800,-0.0060252908524649484,49.79300041198731,50.68950023651123,49.430600280761716,0.01449132627648145,35.31036376953125,-0.10525448405406479,0.1375942785010924
2010-08-27,49.79999923706055,50.400001525878906,48.75,50.310001373291016,26.81378746032715,2298700,0.016568997110804284,49.84600067138672,50.65750026702881,49.40900032043457,0.014949547225900636,37.29947976297876,-0.06526059695353581,0.09702330341016677
2010-08-30,50.2400016784668,50.68000030517578,49.869998931884766,49.91999816894531,26.605932235717773,1641900,-0.0077520014649165025,49.86400032043457,50.52050018310547,49.38280029296875,0.012672272333010316,37.90759834371749,-0.0642940111450443,0.06475984049912456
2010-08-31,49.7599983215332,50.459999084472656,49.4900016784668,50.29999923706055,26.808460235595703,2804700,0.007612201162932486,49.8060001373291,50.42800006866455,49.37220024108887,0.012752699807442189,49.14728269548092,-0.0324905437685743,0.0453097636455848
2010-09-01,50.88999938964844,52.06999969482422,50.880001068115234,51.93999862670898,27.68253326416016,2037800,0.032604362117765184,49.90699996948242,50.398999977111814,49.424600219726564,0.014793798326865237,64.47720514728245,0.12362312749570492,0.06097243641560882
2010-09-02,51.9900016784668,52.66999816894531,51.86000061035156,52.59999847412109,28.03428840637207,1990000,0.01270696697848428,50.20399971008301,50.43599987030029,49.4876001739502,0.014783886177635253,67.36452426700984,0.29717515830833463,0.10821298079415399
2010-09-03,53.33000183105469,53.400001525878906,52.81999969482422,53.369998931884766,28.444677352905277,2093000,0.014638792397351885,50.59399948120117,50.52349987030029,49.5960001373291,0.015036310925206822,70.5084449149474,0.4911868980736358,0.18480776425005035
2010-09-07,52.91999816894531,53.11000061035156,52.4900016784668,52.54999923706055,28.007640838623047,1728300,-0.015364431538977041,50.92799949645996,50.54049987792969,49.66380012512207,0.01532181487396938,59.78896198274667,0.5721797453331305,0.2622821604666664
2010-09-08,52.61000061035156,52.9900016784668,52.43000030517578,52.65999984741211,28.066267013549805,2043200,0.00209325617409295,51.29299964904785,50.58849983215332,49.74540008544922,0.015134470917457862,60.06983687410045,0.6378900903612603,0.33740374644558524
2010-09-09,53.209999084472656,53.27999877929688,51.88999938964844,52.04999923706055,27.741151809692383,1428600,-0.011583756401805978,51.51899948120117,50.67049980163574,49.84660003662109,0.014192559718290695,65.31642635711319,0.6334421343254988,0.396611424021568
2010-09-10,52.209999084472656,52.56999969482422,51.91999816894531,52.33000183105469,27.89039421081543,1024300,0.0053794927588544095,51.80299949645996,50.797999954223634,49.96340003967285,0.013809287073121967,67.83040128462832,0.6450749439685097,0.4463041280109564
2010-09-13,52.83000183105469,53.22999954223633,52.65999984741211,53.18999862670898,28.34873580932617,1611000,0.01643410597291317,52.09099922180176,50.968499946594235,50.100599975585936,0.014132160069217322,73.08582664028536,0.7154414201915174,0.5001315864470686
2010-09-14,53.04999923706055,53.380001068115234,52.70000076293945,52.9900016784668,28.24213981628418,1842800,-0.0037600480053735508,52.3979995727539,51.13099994659424,50.25160003662109,0.014193914666132583,73.08585898369775,0.7464644991937419,0.5493981689964033
2010-09-15,52.72999954223633,53.650001525878906,52.66999816894531,53.45000076293945,28.487308502197266,3981000,0.00868086563317827,52.712999725341795,51.25949993133545,50.43200004577637,0.013496172586736348,72.04819387855937,0.7989586960429449,0.5993102744057116
2010-09-16,53.34999847412109,53.540000915527344,52.959999084472656,53.16999816894531,28.33807945251465,1490300,-0.005238589148688799,52.83599967956543,51.37149982452392,50.56360000610351,0.013605525252117338,72.2221940675948,0.8086452963777688,0.6411772788001231
2010-09-17,53.400001525878906,53.560001373291016,52.84999847412109,53.33000183105469,28.423355102539062,1287600,0.0030092847022671343,52.90900001525879,51.5564998626709,50.6868000793457,0.011933924739006329,69.81625890658458,0.8197830070490753,0.6768984244499135
2010-09-20,53.52000045776367,54.84999847412109,53.40999984741211,54.630001068115234,29.1162223815918,1801800,0.02437650838975869,53.035000228881835,51.814499855041504,50.82400009155273,0.012668164432751193,77.60844939535059,0.9228705199952572,0.7260928435589824
2010-09-21,54.77000045776367,54.77000045776367,53.709999084472656,53.83000183105469,28.689847946166992,3266300,-0.014643954263575232,53.16300048828125,52.04549999237061,50.94220016479492,0.013231499801609392,69.72068320156649,0.9293024440480266,0.7667347636567913
2010-09-22,53.540000915527344,53.91999816894531,53.0,53.09999847412109,28.30077362060547,2927100,-0.013561273120976547,53.20700035095215,52.25,51.022200164794924,0.013719446167631617,57.21392515511433,0.8655174735186222,0.7864913056291575
2010-09-23,52.68000030517578,52.790000915527344,51.59000015258789,51.790000915527344,27.602575302124023,2352800,-0.02467038787641751,53.181000518798825,52.35,51.08180015563965,0.014836630233103755,45.33948601248801,0.7011788170220825,0.7694288079077425
2010-09-24,52.02999877929688,52.79999923706055,51.91999816894531,52.77999877929688,28.38342666625977,3617600,0.019115617807852203,53.226000213623045,52.51449985504151,51.16440010070801,0.01517535778140946,46.68911244280633,0.64340700614148,0.7442244475544901
2010-09-27,52.97999954223633,52.97999954223633,51.880001068115234,52.130001068115234,28.033859252929688,1765200,-0.012315227855530186,53.12000045776367,52.605499839782716,51.26560012817383,0.015223697376099979,47.59726389244123,0.5389602485066831,0.7031716077449287
2010-09-28,52.29999923706055,52.470001220703125,51.36000061035156,52.34000015258789,28.14680290222168,1755000,0.004028372917128209,53.05500030517578,52.72649993896484,51.35940010070801,0.015058078578451381,48.19004622517426,0.4677388098218813,0.6560850481603193
2010-09-29,52.27000045776367,52.27999877929688,51.7400016784668,51.93000030517578,27.92631149291992,2032200,-0.007833394081330325,52.90300025939941,52.807999992370604,51.427200088500975,0.01517646694188526,49.30556138111538,0.3739016400066575,0.599648366529587
2010-09-30,52.34999847412109,52.81999969482422,51.68000030517578,52.08000183105469,28.00698471069336,2745600,0.0028885331214596466,52.79400062561035,52.81500015258789,51.518200149536135,0.013335047338670683,48.53113888734488,0.3080874362043602,0.5413361804645417
2010-10-01,52.38999938964844,52.59999847412109,51.68999862670898,52.34000015258789,28.14680290222168,6097900,0.004992287104301996,52.69500045776367,52.80200023651123,51.57880012512207,0.013063621577945573,44.627061312005786,0.27375324022852254,0.48781959241733786
2010-10-04,52.25,52.81999969482422,52.150001525878906,52.81999969482422,28.404926300048828,5232900,0.00917079749401939,52.51400032043457,52.7745002746582,51.63640014648438,0.012791850410804754,48.962136677971024,0.28202409586484123,0.44666049310683853
2010-10-05,53.11000061035156,53.84000015258789,52.81999969482422,53.65999984741211,28.856653213500977,2061300,0.015903070000778508,52.49700012207031,52.83000030517578,51.68580017089844,0.012782549403799335,51.22519890286276,0.3522987203348933,0.42778813855244946
2010-10-06,53.459999084472656,53.59999847412109,53.09000015258789,53.369998931884766,28.70070457458496,2100000,-0.005404415138874241,52.52400016784668,52.86550025939941,51.72960014343262,0.012862301061310387,51.165505880992974,0.3802084104008756,0.41827219292213474
2010-10-07,53.59999847412109,53.88999938964844,53.2599983215332,53.52000045776367,28.781370162963867,1283000,0.0028105963815054924,52.697000122070314,52.93900032043457,51.7784001159668,0.012534474238679504,51.10851060704459,0.4097080510024398,0.41655936453819575
2010-10-08,53.54999923706055,53.79999923706055,53.2400016784668,53.66999816894531,28.862031936645508,1118100,0.0028026477933238425,52.78600006103515,53.0060001373291,51.838800048828126,0.012505362902047406,43.5309728462239,0.4401168967987559,0.4212708709903078
2010-10-11,53.7400016784668,53.84000015258789,53.52000045776367,53.65999984741211,28.856653213500977,954600,-0.00018629256333735356,52.93899993896484,53.02950019836426,51.89300003051758,0.011991135557099679,48.71793248957287,0.4581283270091916,0.4286423621940846
2010-10-12,53.5099983215332,54.18000030517578,53.27999877929688,54.040000915527344,29.061010360717773,1686500,0.007081644971968171,53.109000015258786,53.082000160217284,51.92060005187988,0.012033010180460608,57.48410641805501,0.4973324862885633,0.4423803870129804
2010-10-13,54.20000076293945,55.09000015258789,54.11000061035156,54.59999847412109,29.36216354370117,1634600,0.01036264894719574,53.37599983215332,53.139500045776366,51.96959999084473,0.012094857804499141,75.40689019586733,0.5670525589304347,0.4673148213964713
2010-10-14,54.5,54.810001373291016,54.119998931884766,54.459999084472656,29.286869049072266,1587600,-0.002564091457159745,53.61399955749512,53.204000091552736,52.008399963378906,0.012035325625205385,67.94874929900747,0.6040463675647274,0.4946611306301225
2010-10-15,54.75,54.91999816894531,54.27000045776367,54.38999938964844,29.24921989440918,1794000,-0.0012853414616412762,53.818999481201175,53.25699996948242,52.058999938964845,0.012040936232201618,77.56099104103234,0.6205623802402087,0.5198413805521398
2010-10-18,54.369998931884766,55.150001525878906,54.310001373291016,55.09000015258789,29.625661849975582,1638000,0.012870027041637977,54.04599952697754,53.27999992370606,52.128399963378904,0.011106528414554836,79.9564509158606,0.6822708569555971,0.5523272758328313
2010-10-19,54.45000076293945,55.2400016784668,54.22999954223633,54.40999984741211,29.25998306274414,1987000,-0.012343443515925201,54.12099952697754,53.30899982452392,52.17239997863769,0.010952518002771717,75.51441540510785,0.6685977490467323,0.5755813704756114
2010-10-20,54.52000045776367,56.08000183105469,54.52000045776367,55.59999847412109,29.89991950988769,1958700,0.02187095442099274,54.34399948120117,53.43399982452392,52.25039993286133,0.011399036663463811,79.83051088547626,0.7451945179262935,0.6095039999657479
2010-10-21,55.93000030517578,56.18000030517578,55.18000030517578,55.540000915527344,29.8676700592041,1848300,-0.0010790928100774533,54.54599952697754,53.62149982452392,52.352999954223634,0.009519944569431298,78.07021594558776,0.7919278561871153,0.6459887712100214
2010-10-22,55.70000076293945,55.90999984741211,55.16999816894531,55.56999969482422,29.8837890625,1147900,0.0005401292546340919,54.73599967956543,53.760999870300296,52.46879997253418,0.008799712988584455,76.19051425100322,0.8219105411366598,0.6811731251953491
2010-10-25,56.0,56.0,55.56999969482422,55.66999816894531,29.937572479248047,1663900,0.0017995046728496167,54.93699951171875,53.9379997253418,52.58659996032715,0.008075438315647748,72.28384112894986,0.8440118330795983,0.713740866772199
2010-10-26,55.25,55.43000030517578,54.970001220703125,55.27000045776367,29.72246551513672,1669500,-0.007185157613401438,55.05999946594238,54.084499740600585,52.69719993591308,0.008406260045303756,70.5628427663402,0.8198006423072428,0.7349528218792077
2010-10-27,55.02999877929688,55.2599983215332,54.5,54.880001068115234,29.51272964477539,2485700,-0.007056258122278614,55.087999725341795,54.23199977874756,52.77719993591309,0.008356361512826802,63.99181799914609,0.7603782407636999,0.7400379056561062
2010-10-28,55.13999938964844,55.380001068115234,54.0099983215332,54.540000915527344,29.32990264892578,1185400,-0.006195337936781287,55.09599990844727,54.354999732971194,52.849399948120116,0.008594732129084437,58.61390940185407,0.6780344297665764,0.7276372104782002
2010-10-29,54.43000030517578,54.77000045776367,54.31999969482422,54.54999923706055,29.33527946472168,1017800,0.00018332089045403066,55.111999893188475,54.46549968719482,52.947799911499025,0.008584041964008091,58.811896445449,0.6065907467456526,0.7034279177316907
2010-11-01,54.810001373291016,55.540000915527344,54.66999816894531,55.02000045776367,29.58801651000977,1263100,0.008615971169140035,55.10499992370605,54.5754997253418,53.05879989624023,0.008560869930060628,59.53309183422806,0.5811966110247155,0.6789816563902957
2010-11-02,55.43999862670898,55.56999969482422,55.08000183105469,55.400001525878906,29.79237174987793,1166400,0.006906598781418527,55.204000091552736,54.662499809265135,53.18259994506836,0.008015118442443563,58.064560786075205,0.5849910729616568,0.660183539704568
2010-11-03,55.61000061035156,55.61000061035156,54.91999816894531,55.400001525878906,29.79237174987793,1589400,0.0,55.184000396728514,54.763999938964844,53.31040000915527,0.007855081495904291,59.75107872218514,0.5812973770665337,0.6444063071769611
2010-11-04,55.90999984741211,56.77999877929688,55.77000045776367,56.68000030517578,30.480722427368164,1186500,0.023104670470071254,55.29800033569336,54.92199993133545,53.44819999694824,0.009178532258246977,68.98842683678264,0.6738871489779044,0.6503024755371498
2010-11-05,56.880001068115234,57.650001525878906,56.459999084472656,57.290000915527344,30.808752059936523,1534200,0.010762184316640777,55.470000457763675,55.10300006866455,53.604199981689455,0.00934459283256994,68.51855300735394,0.7874103847886076,0.6777240573874415
2010-11-08,57.130001068115234,57.29999923706055,56.5,56.97999954223633,30.64203453063965,1784400,-0.005411090388148243,55.60100059509277,55.26900005340576,53.73759994506836,0.009518891737350894,73.07004807758166,0.8426502989100939,0.710709305691972
2010-11-09,57.119998931884766,57.209999084472656,54.290000915527344,54.66999816894531,29.39979362487793,3078600,-0.040540564967515125,55.54100036621094,55.30049991607666,53.83259994506836,0.01355682120834311,43.04931968328299,0.6920529676725451,0.7069780380880867
2010-11-10,54.90999984741211,55.380001068115234,54.70000076293945,55.34999847412109,29.765480041503903,1480000,0.012438271958129299,55.58800010681152,55.33799991607666,53.93359992980957,0.013642617444756422,48.70039326358675,0.6204220006751342,0.6896668306054963
2010-11-11,55.0,55.43000030517578,54.75,54.90999984741211,29.528867721557617,1305100,-0.007949388235569677,55.625,55.360499954223634,53.992999954223635,0.013764518708027114,45.725388152989176,0.5221309309462399,0.6561596506736451
2010-11-12,54.59999847412109,55.060001373291016,54.130001068115234,54.400001525878906,29.254615783691406,1683700,-0.009287895154806436,55.61000022888184,55.361000061035156,54.02900001525879,0.01393448526466304,42.189439900902286,0.39848842125346806,0.6046254047896098
2010-11-15,54.52000045776367,54.81999969482422,53.790000915527344,53.880001068115234,28.9749698638916,2017000,-0.009558831676067192,55.49600028991699,55.300500106811526,54.0392000579834,0.013754218140556275,41.57576127485793,0.25559481251298166,0.5348192863342842
2010-11-16,53.5099983215332,53.540000915527344,51.619998931884766,52.02999877929688,27.980085372924805,3883400,-0.03433560230408261,55.15900001525879,55.18150005340576,54.028800048828124,0.015478253057697358,35.32440042287733,-0.006850161106960684,0.42648539684603526
2010-11-17,52.15999984741211,52.7400016784668,51.959999084472656,52.43000030517578,28.195199966430664,1503300,0.007687901888594029,54.861999893188475,55.023000144958495,54.0242000579834,0.014622536471459417,39.201639264892115,-0.18048242428771744,0.30509183261928474
2010-11-18,53.310001373291016,53.400001525878906,52.790000915527344,52.900001525878906,28.44795608520508,2498900,0.00896435662726347,54.484000015258786,54.89100017547607,54.04120010375976,0.014856349001900847,41.93550071129323,-0.2769693430850566,0.18867959747841648
2010-11-19,52.75,53.310001373291016,52.33000183105469,53.18000030517578,28.59853744506836,2001900,0.005292982442730132,54.07299995422363,54.771500205993654,54.05820007324219,0.014942370699893317,40.836656943752594,-0.32707207663667504,0.08552926265539819
2010-11-22,53.040000915527344,53.5,53.0099983215332,53.31999969482422,28.673810958862305,1443200,0.0026325571426295546,53.706999969482425,54.6540002822876,54.060800094604495,0.014954934113314555,39.38774906462092,-0.3514309954685686,-0.0018627889693951655
2010-11-23,52.720001220703125,53.0,52.58000183105469,52.900001525878906,28.44795608520508,2671600,-0.00787693494653341,53.53000030517578,54.53550033569336,54.05900009155273,0.014968238625538184,37.769081695726015,-0.4000148342929606,-0.08149319803410826
2010-11-24,53.31999969482422,54.0,53.29999923706055,53.91999816894531,28.996469497680664,1555400,0.01928159950179631,53.387000274658206,54.48750019073486,54.06840003967285,0.015650536637171922,36.14456631560721,-0.3521532682920494,-0.1356252120856965
2010-11-26,53.68000030517578,54.04999923706055,53.56999969482422,53.810001373291016,28.93733024597168,661100,-0.00203999998868043,53.277000427246094,54.45100021362305,54.08120010375976,0.01560214934506534,31.6067585501078,-0.31941642087011957,-0.17238345384258114
2010-11-29,53.52999877929688,53.93999862670898,53.040000915527344,53.77999877929688,28.921180725097656,1620500,-0.0005575653824276827,53.21500015258789,54.41250019073486,54.09020004272461,0.015601179861011383,32.570795281575016,-0.2925211898368474,-0.19641100104143439
2010-11-30,53.29999923706055,53.869998931884766,53.209999084472656,53.540000915527344,28.79211807250977,1652000,-0.004462585890982362,53.1810001373291,54.33850021362305,54.06840003967285,0.015468374294955758,42.053457320953136,-0.28726098155208746,-0.214580997143565
2010-12-01,54.20000076293945,54.20000076293945,53.40999984741211,53.84999847412109,28.95883560180664,2195300,0.005790017805245018,53.363000106811526,54.261000061035155,54.06879997253418,0.015439383219339796,38.872387437968584,-0.25513695635225275,-0.22269218898530255
2010-12-02,54.02000045776367,54.720001220703125,53.88999938964844,54.68000030517578,29.405168533325195,1353800,0.015413219212133678,53.58800010681152,54.225,54.10040000915527,0.015886077086503657,48.38709850006821,-0.16085004460042285,-0.21032376010832662
2010-12-03,54.29999923706055,54.810001373291016,54.16999816894531,54.66999816894531,29.39979362487793,1589000,-0.00018292129068486762,53.76499977111816,54.12449989318848,54.157999954223634,0.014884230365196474,52.03617462229879,-0.08594337481208925,-0.18544768304907916
2010-12-06,54.63999938964844,54.90999984741211,54.08000183105469,54.77999877929688,29.458955764770508,1602500,0.002012083666285136,53.92499961853027,53.998999786376956,54.19799995422363,0.01462507493330592,57.23471130641177,-0.017501423869404675,-0.15185843121314427
2010-12-07,55.310001373291016,55.41999816894531,54.88999938964844,54.900001525878906,29.523475646972656,1773500,0.0021906306910575157,54.082999801635744,53.89499988555908,54.253399963378904,0.014634215888042031,81.9599567044398,0.045893502367100325,-0.11230804449709536
2010-12-08,55.040000915527344,55.11000061035156,53.77000045776367,54.09000015258789,29.0879020690918,2263600,-0.014754122964991123,54.20199966430664,53.86599998474121,54.28839996337891,0.011921731855113419,66.93878186538782,0.03042339482698253,-0.08376175663227979
2010-12-09,54.29999923706055,54.47999954223633,53.4900016784668,53.61000061035156,28.82977867126465,1487900,-0.00887409023631447,54.170999908447264,53.77900009155273,54.32199996948242,0.011657229300429945,57.23013908506238,-0.020334326926452206,-0.07107627069111427
2010-12-10,53.709999084472656,54.29999923706055,53.619998931884766,53.959999084472656,29.017980575561523,2754600,0.006528604180868314,54.18599967956543,53.73150005340576,54.359599914550785,0.011687154372431906,57.831319763825604,-0.031949936325588624,-0.06325100381800915
2010-12-13,54.27000045776367,54.43999862670898,53.9900016784668,54.04999923706055,29.066389083862305,1023800,0.0016679050058359124,54.212999725341795,53.71399993896485,54.39379989624023,0.01152433657153514,57.40365174342622,-0.03350688380991329,-0.05730217981638998
2010-12-14,54.13999938964844,54.61000061035156,53.27999877929688,53.52000045776367,28.781370162963867,1645800,-0.009805712983867565,54.21099967956543,53.69599990844726,54.407799911499026,0.011534949472378282,56.15078659254242,-0.07662397453146497,-0.06116653875940498
2010-12-15,53.470001220703125,53.869998931884766,52.91999816894531,53.0099983215332,28.507116317749023,1447800,-0.00952918781517853,54.12699966430664,53.74499988555908,54.394799880981445,0.008653001227748388,39.95585732535138,-0.15021589437407812,-0.07897640988233962
2010-12-16,53.09999847412109,53.34999847412109,52.75,53.09999847412109,28.555509567260746,1270200,0.0016977958015012007,53.96899948120117,53.77849979400635,54.38939987182617,0.00851069559323873,42.128581348946135,-0.19898202003435728,-0.10297753191274316
2010-12-17,53.18999862670898,53.59000015258789,53.04999923706055,53.540000915527344,28.79211807250977,2871200,0.008286298569682549,53.85599975585937,53.81049976348877,54.38979988098144,0.008477197721962553,47.56100019383595,-0.199821587319434,-0.12234634299408133
2010-12-20,53.709999084472656,54.36000061035156,53.65999984741211,54.18000030517578,29.13630485534668,2388500,0.011953667887645292,53.795999908447264,53.86049976348877,54.399999923706055,0.008794690105215828,56.015023576517564,-0.14714811650451765,-0.1273066976961686
2010-12-21,54.31999969482422,54.84000015258789,54.27000045776367,54.75,29.44281578063965,2927500,0.01052048157278751,53.780999755859376,53.93199977874756,54.421799926757814,0.009046500378359995,58.06451612903231,-0.058732764951244576,-0.1135919111471838
2010-12-22,54.66999816894531,55.52000045776367,54.66999816894531,55.16999816894531,29.6686954498291,1398000,0.007671199432791154,53.88899955749512,54.045499610900876,54.44439987182617,0.008877159462037711,54.738852168472185,0.04471196857418391,-0.08193113520291026
2010-12-23,55.18999862670898,55.34999847412109,54.900001525878906,54.91999816894531,29.534236907958984,1241600,-0.0045314484012566325,54.01999931335449,54.09549961090088,54.45079986572266,0.008011877345586204,52.31053448032717,0.10530585417303229,-0.04448373732772175
2010-12-27,54.310001373291016,55.02000045776367,54.11000061035156,55.0,29.90121459960937,1275200,0.0014566976278582722,54.123999404907224,54.154999542236325,54.461599884033205,0.00798129621202853,52.04461915458438,0.15796154190100253,-0.003994681481976889
2010-12-28,55.09999847412109,55.290000915527344,54.720001220703125,55.220001220703125,30.020811080932617,2919200,0.004000022194602382,54.24099960327148,54.22699966430664,54.4781999206543,0.007995791519648875,52.919703456197134,0.21496582149438836,0.039797419113296165
2010-12-29,55.22999954223633,55.43000030517578,55.02000045776367,55.33000183105469,30.080629348754883,1511400,0.001992042881562295,54.42199974060058,54.31649971008301,54.48299995422363,0.00787812618428135,62.970721815348,0.2659525186227256,0.08502843901518206
2010-12-30,55.2400016784668,55.68000030517578,55.2400016784668,55.47999954223633,30.16215705871582,1229500,0.0027109652307557575,54.6689998626709,54.39799976348877,54.50439994812012,0.007823377166611736,71.01122035144928,0.3148341925511815,0.13098958972238195
2010-12-31,55.470001220703125,55.75,55.29999923706055,55.369998931884766,30.10236549377441,1168500,-0.001982707484844526,54.895999908447266,54.432499694824216,54.49979995727539,0.0071342681501424055,66.74582988636558,0.3407689688197806,0.1729454655418617
2011-01-03,55.7599983215332,56.43999862670898,55.72999954223633,56.400001525878906,30.662334442138672,1957400,0.018602178325147323,55.18199996948242,54.518999862670896,54.51699996948242,0.008178752409066157,72.81553254229681,0.4393702800175632,0.226230428437002
2011-01-04,56.47999954223633,56.630001068115234,55.0,55.31999969482422,30.075172424316406,2315700,-0.019148968117653875,55.295999908447264,54.545999908447264,54.511999969482424,0.009399084831354767,65.7894437443407,0.4254609586209597,0.26607653447379354
2011-01-05,55.150001525878906,55.630001068115234,55.13999938964844,55.52000045776367,30.18391227722168,1512700,0.0036153428062684068,55.37299995422363,54.57699985504151,54.50900001525879,0.009417692836980704,73.28384849372733,0.42566926102480807,0.2979950797839964
2011-01-06,55.66999816894531,55.68000030517578,54.970001220703125,55.0,29.90121459960937,1819300,-0.009366002404111229,55.356000137329104,54.62249984741211,54.50360000610352,0.009024075634042871,66.32301662209642,0.37950001116605137,0.3142960660604074
2011-01-07,55.290000915527344,55.45000076293945,54.5,55.02000045776367,29.912086486816406,2001200,0.00036364468661220783,55.36600036621094,54.692999839782715,54.50639999389649,0.008730548517258352,63.703685912266295,0.3405982136206447,0.31955649557245486
2011-01-10,54.79999923706055,55.13999938964844,54.41999816894531,55.0099983215332,29.906644821166992,1668400,-0.00018179091507186662,55.36700019836426,54.745499801635745,54.5157999420166,0.008649017658444277,58.700174100248795,0.3054402449769924,0.3167332454533624
2011-01-11,55.209999084472656,55.38999938964844,54.5099983215332,54.88999938964844,29.841407775878903,1237500,-0.002181402209528782,55.33400001525879,54.787499809265135,54.52259994506836,0.00867615022258499,51.620360558922854,0.2648414630690539,0.30635488897650076
2011-01-12,55.310001373291016,55.34999847412109,54.86000061035156,55.119998931884766,29.96645164489746,1639600,0.004190190285914053,55.3129997253418,54.86749973297119,54.524599914550784,0.008332731096942528,49.39468363479846,0.24836270610510525,0.2947564524022217
2011-01-13,55.130001068115234,55.470001220703125,54.9900016784668,55.29999923706055,30.06431579589844,1200400,0.003265607922057878,55.29499969482422,54.98199977874756,54.522599868774414,0.007921871514410688,54.679805732744406,0.2469806535564416,0.2852012926330657
2011-01-14,55.2599983215332,55.66999816894531,55.119998931884766,55.66999816894531,30.265460968017575,1334300,0.006690758354238824,55.32499961853027,55.11049976348877,54.527999801635744,0.007985399430224544,57.70111757318947,0.2725988388204428,0.2826808018705411
2011-01-18,55.650001525878906,56.150001525878906,55.400001525878906,56.150001525878906,30.52642250061035,1348900,0.008622298773513393,55.29999961853027,55.24099979400635,54.517399826049804,0.007998785380706232,60.086753177115824,0.32785439319782483,0.2917155201359979
2011-01-19,56.09000015258789,56.130001068115234,55.150001525878906,55.40999984741211,30.12411499023437,2340800,-0.013179014396388578,55.308999633789064,55.302499771118164,54.4797998046875,0.008385895897307346,50.76333849481341,0.3083780766277897,0.29504803143435626
2011-01-20,55.33000183105469,55.84000015258789,55.150001525878906,55.41999816894531,30.12954330444336,1934400,0.00018044254756799383,55.29899940490723,55.33599967956543,54.44859977722168,0.00809179105262366,49.4117523862381,0.29040216107125616,0.29411885736173626
2011-01-21,55.59999847412109,55.66999816894531,55.310001373291016,55.459999084472656,30.15129852294922,1196800,0.0007217776407246745,55.34499931335449,55.3504997253418,54.46439979553222,0.00792136303924544,50.894631905213686,0.2761999964343147,0.290535085176252
2011-01-24,55.540000915527344,56.02000045776367,55.36000061035156,55.7400016784668,30.30352210998535,1143000,0.005048730591712847,55.416999435424806,55.39149990081787,54.47219985961914,0.007903973307547057,42.289739825789965,0.28426175532588616,0.2892804192061788
2011-01-25,55.59000015258789,56.40999984741211,55.41999816894531,56.38999938964844,30.65690040588379,1249600,0.011661243121791065,55.55499954223633,55.46099987030029,54.50179985046387,0.008271392781788948,63.89607790293047,0.3391901672545643,0.29926236881585594
2011-01-26,56.560001373291016,56.7599983215332,56.15999984741211,56.47999954223633,30.70583152770996,2310600,0.0015960303876934034,55.713999557495114,55.523999786376955,54.543399810791016,0.008247236617201047,62.83419350890435,0.38553933216574876,0.31651776148583455
2011-01-27,56.970001220703125,57.5,56.75,57.369998931884766,31.18968772888184,1926600,0.015757779689479,55.938999557495116,55.62599964141846,54.61319976806641,0.00887106476410392,78.83207275204587,0.4884562721431607,0.3509054636172998
2011-01-28,57.43999862670898,57.59999847412109,56.27000045776367,56.41999816894531,30.673194885253903,1404200,-0.016559190877228125,56.05099945068359,55.67299957275391,54.70099975585938,0.009773178289130154,63.888853147160134,0.48773921243635243,0.37827221338111033
2011-01-31,56.68999862670898,57.34999847412109,56.59000015258789,57.16999816894531,31.080951690673828,1916800,0.013293158885864909,56.2009994506836,55.762999534606934,54.79579971313476,0.010127685943805035,68.68511140164983,0.5414481917266087,0.41090740905021
2011-02-01,57.5099983215332,57.56999969482422,56.7599983215332,57.310001373291016,31.15707397460937,2400100,0.0024488929303789764,56.316999435424805,55.80849952697754,54.88399971008301,0.009316183630957445,70.86206136788306,0.5885258733778826,0.44643110191574453
2011-02-02,57.27999877929688,57.68000030517578,57.220001220703125,57.310001373291016,31.15707397460937,1698300,0.0,56.5069995880127,55.90799961090088,54.966599731445314,0.008051711752487287,69.65888295948892,0.6187032493339686,0.4808855313993894
2011-02-03,57.09999847412109,57.61000061035156,57.0,57.470001220703125,31.24405860900879,1294300,0.0027918311564842924,56.71199989318848,56.00549964904785,55.04959976196289,0.008044038605035513,69.54954323352585,0.6480592639155276,0.514320277902617
2011-02-04,57.540000915527344,57.59999847412109,56.810001373291016,57.04999923706055,31.01571083068848,1842700,-0.0073081951404461165,56.87099990844727,56.107999610900876,55.132599716186526,0.007906241021629864,62.32141628559498,0.6301692679391024,0.5374900759099142
2011-02-07,57.130001068115234,57.70000076293945,57.02000045776367,57.61000061035156,31.320161819458008,1361500,0.009815975123225407,57.057999801635745,56.23749961853027,55.20639976501465,0.00809234167867827,62.85208666335343,0.6536439473888933,0.5607208502057099
2011-02-08,57.65999984741211,57.95000076293945,57.56999969482422,57.86000061035156,31.45607566833496,1356800,0.00433952434215179,57.204999923706055,56.37999973297119,55.287399749755856,0.008081515286106997,73.60306175024567,0.6845298763322987,0.5854826554310277
2011-02-09,57.77999877929688,57.95000076293945,57.59999847412109,57.900001525878906,31.477819442749023,1702500,0.0006913397010954725,57.34700012207031,56.53049983978271,55.3697998046875,0.00801809231844242,73.75478115221202,0.7041182996624258,0.6092097842773073
2011-02-10,57.720001220703125,58.27000045776367,57.720001220703125,58.13999938964844,31.608299255371094,1364800,0.00414504071579791,57.42400016784668,56.6814998626709,55.46179977416992,0.008017658045384178,74.72322359873368,0.7305863435447009,0.6334850961307861
2011-02-11,58.06999969482422,58.56999969482422,57.84000015258789,58.52000045776367,31.814889907836918,1355200,0.006535966152467765,57.63400039672852,56.84249992370606,55.555199813842776,0.008062995632497186,75.18112887308955,0.7733111201848075,0.6614503009415904
2011-02-14,58.59999847412109,58.709999084472656,58.130001068115234,58.52999877929688,31.82032012939453,1062000,0.0001708530665585073,57.77000045776367,56.985499954223634,55.6321997833252,0.00803190662763945,71.9262013157566,0.7987698726013832,0.688914215273549
2011-02-15,58.310001373291016,58.5099983215332,58.0,58.310001373291016,31.70072364807129,1198500,-0.0037587119527445756,57.87000045776367,57.093499946594235,55.70499984741211,0.008015453197004783,68.2634835404639,0.7920637474047751,0.7095441216997943
2011-02-16,58.47999954223633,58.900001525878906,58.18000030517578,58.43999862670898,31.771379470825195,1084400,0.0022294160582461142,57.98300018310547,57.24499988555908,55.77819984436035,0.007185353821417956,62.58823170381424,0.788153444490284,0.7252659862578923
2011-02-17,58.45000076293945,58.720001220703125,58.369998931884766,58.5,31.804014205932617,1011000,0.0010267175684635088,58.08600006103516,57.398999977111814,55.85019981384277,0.007172276819984003,80.95240257764483,0.7808944455521214,0.7363916781167382
2011-02-18,58.59000015258789,58.88999938964844,58.5,58.72999954223633,31.92905616760254,1288000,0.0039316161066038635,58.25400009155273,57.5625,55.94299980163574,0.007160821208452239,77.46481143441997,0.7846556555020143,0.7460444735937936
2011-02-22,58.27999877929688,58.869998931884766,58.09000015258789,58.220001220703125,31.65180015563965,2159100,-0.008683778741841008,58.31500015258789,57.686499977111815,56.03519981384277,0.007588816792657547,64.17447333926725,0.7379769008333028,0.7444309590416955
2011-02-23,58.20000076293945,58.41999816894531,57.369998931884766,57.72999954223633,31.385406494140625,1966800,-0.008416380422413217,58.30200004577637,57.75349998474121,56.11059982299805,0.007600213017341818,55.67565561297078,0.6539067807925676,0.72632612339187
2011-02-24,57.65999984741211,57.84000015258789,56.83000183105469,57.290000915527344,31.14618682861328,1586800,-0.0076216634366517155,58.24099998474121,57.79400005340576,56.17539985656738,0.007850451782897483,47.73868720599005,0.5454883429514794,0.6901585673037919
2011-02-25,57.540000915527344,58.4900016784668,57.540000915527344,58.40999984741211,31.755077362060547,1135900,0.01954964067003906,58.26800003051758,57.84600009918213,56.27319984436035,0.008266930912683624,64.52994379018476,0.543673375186998,0.6608615288804331
2011-02-28,58.88999938964844,59.86000061035156,58.790000915527344,59.86000061035156,32.54338455200195,1725800,0.024824529476585866,58.40200004577637,58.01800022125244,56.41019989013672,0.008819403412352367,70.19751530675136,0.6517252604471793,0.6590342751937823
2011-03-01,59.83000183105469,60.0,58.06999969482422,58.08000183105469,31.5756893157959,3119700,-0.029736030089332455,58.35700035095215,58.06350040435791,56.50979995727539,0.011123714551352271,51.549306368940805,0.5869600227960348,0.6446194247142328
2011-03-02,58.0,58.15999984741211,57.34000015258789,57.54999923706055,31.287538528442383,2400000,-0.009125388727359796,58.2810001373291,58.075500297546384,56.58999992370605,0.011335157468035303,47.694317301704665,0.48724961516902,0.6131454628051902
2011-03-03,58.130001068115234,58.400001525878906,57.93999862670898,58.380001068115234,31.7387809753418,1590100,0.014422273537063601,58.275000381469724,58.1290002822876,56.67399993896484,0.0117675750526553,51.46700355401226,0.4697871955434465,0.5844738093528414
2011-03-04,58.34000015258789,58.45000076293945,57.52999877929688,57.81999969482422,31.43433952331543,1681900,-0.00959234948690102,58.20700035095215,58.146500205993654,56.73539993286133,0.011991536912033756,45.81339096144555,0.40607963818915493,0.5487949751201042
2011-03-07,58.02000045776367,58.20000076293945,57.04999923706055,57.400001525878906,31.20600128173828,1661400,-0.00726389088830981,58.07400054931641,58.16400032043457,56.78,0.011990047462950485,43.55759586116059,0.31803449415595964,0.5026428789272753
2011-03-08,57.5,58.52000045776367,57.40999984741211,58.209999084472656,31.646360397338867,2228600,0.014111455349501423,58.07300033569336,58.194000244140625,56.84580001831055,0.012204627540182372,49.465799556337515,0.3100441210929077,0.46412312736040184
2011-03-09,58.209999084472656,58.470001220703125,57.720001220703125,58.150001525878906,31.613744735717773,1358600,-0.0010307088049714697,58.115000534057614,58.20850028991699,56.90880004882813,0.012176813350731999,48.439197032665604,0.29546446092955847,0.43039139407423316
2011-03-10,57.66999816894531,57.7400016784668,57.20000076293945,57.2599983215332,31.12987518310547,1704800,-0.01530529975910011,58.1120002746582,58.176500129699704,56.949599990844725,0.012666687079647729,43.87350884712072,0.20967712728192112,0.3862485407157708
2011-03-11,57.04999923706055,57.95000076293945,57.02000045776367,57.84000015258789,31.445192337036133,1349400,0.010129267342932735,58.05500030517578,58.16150016784668,56.99979995727539,0.012851011245421425,45.74976463284181,0.1863432982429103,0.34626749222119874
2011-03-14,57.5,57.61000061035156,57.02999877929688,57.2599983215332,31.12987518310547,1673700,-0.010027694148073696,57.795000076293945,58.09850006103515,57.03539993286133,0.01292889941359552,45.44590859424849,0.11967028556988879,0.3009480508909368
2011-03-15,56.119998931884766,57.34999847412109,55.90999984741211,56.959999084472656,30.96678352355957,2439500,-0.0052392463474405515,57.682999801635745,58.02000007629395,57.06719993591309,0.012959490199295228,46.28019184790161,0.04213826772072338,0.24918609425689411
2011-03-16,56.95000076293945,57.0099983215332,55.72999954223633,56.119998931884766,30.51011276245117,3176100,-0.01474719392713042,57.53999977111816,57.91049995422363,57.0615998840332,0.01329865332331518,44.5581322397162,-0.08609495806807388,0.1821298837919005
2011-03-17,56.790000915527344,56.95000076293945,56.09000015258789,56.54999923706055,30.743879318237305,1837500,0.007662158114038586,57.3569995880127,57.81599998474121,57.08619987487793,0.013440623269945126,40.75546893070981,-0.15127942734078914,0.11544802156536257
2011-03-18,57.02999877929688,57.36000061035156,56.84999847412109,57.119998931884766,31.05377769470215,1887600,0.010079570336239074,57.28699951171875,57.74699993133545,57.118199844360355,0.013682462683950613,35.076250278934026,-0.15515583727114546,0.061327249798060965
2011-03-21,57.619998931884766,57.9900016784668,57.470001220703125,57.7400016784668,31.39082717895508,1340600,0.010854390024085614,57.32099952697754,57.69750003814697,57.17299987792969,0.013902356342970545,47.88030043802384,-0.10696584432946565,0.02766863097255564
2011-03-22,57.75,57.869998931884766,57.20000076293945,57.369998931884766,31.18968772888184,2793800,-0.006408083405373688,57.23699951171875,57.65499992370606,57.21999984741211,0.013843258719054577,48.854961091099334,-0.09750705648904301,0.0026334934802359107
2011-03-23,57.27000045776367,57.27000045776367,56.36000061035156,56.7400016784668,30.8471794128418,1699400,-0.010981301466746807,57.095999526977536,57.605500030517575,57.25459991455078,0.013930657643341018,39.29504826635539,-0.13924132490394925,-0.02574147019660112
2011-03-24,57.08000183105469,57.150001525878906,56.369998931884766,56.97999954223633,30.977651596069336,1466700,0.004229782458053943,57.06799964904785,57.589999961853025,57.29639991760254,0.013875925614076946,44.27792823483983,-0.15120718908894304,-0.05083461397506951
2011-03-25,56.79999923706055,57.2599983215332,56.560001373291016,57.0099983215332,31.219701766967773,2441500,0.0005264791073689157,56.98499946594238,57.51999988555908,57.33419990539551,0.013081611170241324,47.19422185947535,-0.15646593004110088,-0.07196087718827579
2011-03-28,57.06999969482422,57.27999877929688,56.790000915527344,56.93999862670898,31.181360244750977,1843000,-0.0012278494454504019,56.95299949645996,57.373999786376956,57.36699989318848,0.011570909747375182,39.77455825396284,-0.1643869599464054,-0.09044609373990171
2011-03-29,57.0,57.290000915527344,56.380001068115234,57.16999816894531,31.307323455810547,2293200,0.0040393317137954465,56.973999404907225,57.32849960327148,57.39699989318848,0.009687926820559547,42.319728785994464,-0.15037199755766295,-0.10243127450345398
2011-03-30,57.4900016784668,58.06999969482422,57.2400016784668,58.0,31.7618408203125,1832700,0.01451813639388111,57.16199951171875,57.350999641418454,57.4339998626709,0.01004733721818447,55.85444040776193,-0.07146700064408407,-0.09623841973158
2011-03-31,57.959999084472656,58.560001373291016,57.900001525878906,58.470001220703125,32.01921844482422,3204000,0.008103469322467749,57.35399971008301,57.35549964904785,57.49519989013672,0.009676958689649812,55.07246999996928,0.028660567257610126,-0.07125862233374197
2011-04-01,58.77999877929688,58.95000076293945,58.25,58.560001373291016,32.06850051879883,4149100,0.0015392534754390397,57.49799995422363,57.39249973297119,57.55799995422363,0.009405155679309288,61.3636606147263,0.11396097516757919,-0.034214702833477745
2011-04-04,58.7400016784668,58.77000045776367,58.400001525878906,58.52000045776367,32.04658508300781,1072600,-0.0006830757272759946,57.57599983215332,57.44849967956543,57.619199981689455,0.00922609092287267,64.28571927615805,0.17630212228953468,0.007888662191124742
2011-04-05,58.459999084472656,58.81999969482422,58.38999938964844,58.58000183105469,32.07947540283203,1248100,0.001025313957991436,57.697000122070314,57.46699981689453,57.67599998474121,0.008696669866136292,76.28205911960443,0.2279221947155321,0.05189536869600622
2011-04-06,58.84000015258789,58.84000015258789,58.43999862670898,58.61000061035156,32.09589767456055,1286500,0.0005120993233047599,57.88400001525879,57.489999771118164,57.72040000915527,0.008690592092330342,74.06542201845484,0.26816093248932305,0.09514848145466959
2011-04-07,58.66999816894531,58.68999862670898,57.68999862670898,57.959999084472656,31.73993682861328,1773000,-0.011090283554170521,57.98199996948242,57.52499980926514,57.75,0.008332657981275287,59.633019496057976,0.24477907047572245,0.12507459925888015
2011-04-08,58.119998931884766,58.34999847412109,57.369998931884766,57.540000915527344,31.50994110107422,2259700,-0.007246345334360638,58.035000228881835,57.50999984741211,57.753400039672854,0.008195982582663817,47.59614458803562,0.19016631530161732,0.1380929424674276
2011-04-11,57.650001525878906,58.02999877929688,57.38999938964844,57.58000183105469,31.53184509277344,1335300,0.0006951844784650607,58.09900054931641,57.526000022888184,57.77660011291504,0.007865243012122016,52.741553628396495,0.14840236288190312,0.1401548265503227
2011-04-12,57.38999938964844,57.75,57.33000183105469,57.47999954223633,31.477088928222656,1996500,-0.0017367538318560083,58.13000068664551,57.55200004577637,57.78280014038086,0.007773686999939409,61.21207847634192,0.10601273195921124,0.1333264076321004
2011-04-13,57.7599983215332,57.77000045776367,57.290000915527344,57.38999938964844,31.42780113220215,1212600,-0.0015657646712706752,58.06900062561035,57.61550006866455,57.784400100708005,0.006927137569928419,56.50792305223702,0.06441386100753022,0.11954389830718638
2011-04-14,57.220001220703125,58.34000015258789,57.09999847412109,58.220001220703125,31.882333755493164,1423500,0.014462481963441132,58.04400062561035,57.69900016784668,57.80260009765625,0.00741380695295288,65.31645985256945,0.09729906418072432,0.11509493148189398
2011-04-15,58.380001068115234,59.0,58.25,58.970001220703125,32.29304122924805,1408600,0.012882170805130544,58.085000610351564,57.7915002822876,57.83260009765625,0.0076087809245741185,71.92223305202401,0.18178406308643957,0.1284327578028031
2011-04-18,58.52999877929688,58.52999877929688,58.060001373291016,58.43999862670898,32.00279998779297,1709900,-0.00898766462646905,58.07700042724609,57.82650012969971,57.86040008544922,0.007635226988234381,62.88029848967743,0.2036249913339958,0.14347120450904166
2011-04-19,58.560001373291016,59.0,58.5099983215332,58.900001525878906,32.25470733642578,1096500,0.007871370807317035,58.10900039672852,57.90300025939941,57.88620010375976,0.007610019113935779,59.8684100453412,0.2551117049507923,0.16579930459739178
2011-04-20,59.40999984741211,59.68000030517578,59.0,59.59000015258789,32.6325569152832,1432600,0.011714747178840357,58.20700035095215,58.04550018310547,57.920800094604495,0.007363514391084011,61.71544494198557,0.3475856678358866,0.20215657724509078
2011-04-21,59.75,60.02000045776367,59.33000183105469,59.9900016784668,32.85160446166992,1746900,0.006712561249448745,58.41000061035156,58.196000289916995,57.96260009765625,0.007415327704428618,64.04712227088632,0.4479846417580191,0.2513221901476764
2011-04-25,60.119998931884766,60.61000061035156,59.810001373291016,60.38999938964844,33.07065200805664,1421400,0.006667739623104962,58.69500045776367,58.365000343322755,58.00760009765625,0.007451866750321872,67.15592708549875,0.5534482177541449,0.31174739566897014
2011-04-26,60.61000061035156,61.13999938964844,60.27000045776367,60.91999816894531,33.36088180541992,2700000,0.008776267339849042,59.02900009155273,58.56400032043457,58.055600051879885,0.007495111018596501,69.76346322622545,0.6720483782904125,0.38380759219325866
2011-04-27,61.040000915527344,61.43000030517578,60.83000183105469,61.369998931884766,33.6073112487793,1860300,0.007386749449523888,59.418000030517575,58.774000358581546,58.11240005493164,0.007547086869940415,71.76652155993244,0.7932075577679569,0.46568758530819837
2011-04-28,61.45000076293945,62.380001068115234,61.38999938964844,62.18999862670898,34.05636215209961,2348200,0.013361572577740066,59.897999954223636,58.98350028991699,58.19,0.007462807568868954,82.48844604845179,0.944506519535274,0.5614513721536135
2011-04-29,62.290000915527344,62.34999847412109,61.09000015258789,61.83000183105469,33.85922622680664,1777800,-0.005788660614307828,60.25900001525879,59.15150032043457,58.257800064086915,0.00765771494917368,83.25579744859034,1.023564291984144,0.6538739561197195
2011-05-02,62.130001068115234,62.36000061035156,61.400001525878906,61.91999816894531,33.90850830078125,2434500,0.0014555448039048624,60.553999710083005,59.31950016021729,58.32620002746582,0.007658477774748899,83.38458721454327,1.0810187869027672,0.7393029222763291
2011-05-03,61.7400016784668,62.18999862670898,60.68999862670898,61.38999938964844,33.61827087402344,2052900,-0.008559412063463001,60.84899978637695,59.46300010681152,58.37940002441406,0.008041114390558194,78.21069139633954,1.0714345850073315,0.8057292548225296
2011-05-04,61.290000915527344,61.4900016784668,60.75,61.040000915527344,33.426605224609375,1650200,-0.0057012294771273675,61.0629997253418,59.58600006103516,58.435800018310545,0.008241033286176229,75.38250458665948,1.0237954079797902,0.8493424854539817
2011-05-05,60.709999084472656,61.45000076293945,60.52000045776367,61.0,33.404685974121094,1900000,-0.0006553229837381602,61.20399971008301,59.70550003051758,58.50120002746582,0.00825692519234634,71.71876117588155,0.9716131260730734,0.8737966135778001
2011-05-06,61.43000030517578,61.54999923706055,60.290000915527344,60.459999084472656,33.10898971557617,2277700,-0.008852474025038415,61.250999450683594,59.83050003051758,58.56459999084473,0.008083066029591137,62.03553402725138,0.876580061504967,0.8743533031632336
2011-05-09,60.4900016784668,60.93000030517578,60.220001220703125,60.77000045776367,33.27873992919922,983300,0.0051273797218867045,61.28899955749512,59.99200000762939,58.611800003051755,0.007794849499451114,69.51427413964754,0.8168638946955582,0.8628554214696985
2011-05-10,61.02000045776367,61.810001373291016,60.97999954223633,61.72999954223633,33.80446243286133,1699400,0.015797253204562267,61.369999694824216,60.199499893188474,58.649199981689456,0.008299132387959441,71.87018924348011,0.8373498574131233,0.8577543086583835
2011-05-11,61.68999862670898,61.709999084472656,60.880001068115234,61.08000183105469,33.448516845703125,1736000,-0.010529689227308459,61.34099998474121,60.379500007629396,58.70919998168945,0.008809394633093019,61.58634727569039,0.7920059953179432,0.8446046459902955
2011-05-12,60.900001525878906,61.27000045776367,60.38999938964844,61.18000030517578,33.50326156616211,1429800,0.0016371720878085583,61.24000015258789,60.56900005340576,58.78180000305176,0.008749426247255238,59.70637342176649,0.7554315543434242,0.8267700276609213
2011-05-13,61.33000183105469,61.33000183105469,60.380001068115234,60.52999877929688,33.147308349609375,1482300,-0.01062441194240904,61.10999984741211,60.68449993133545,58.82479995727539,0.008853346516942124,51.0971756844344,0.6663154853691466,0.7946791192025664
2011-05-16,60.2599983215332,61.0099983215332,60.22999954223633,60.619998931884766,33.196590423583984,2157000,0.0014868685677005278,60.97999992370605,60.76699981689453,58.8807999420166,0.008473645847087399,47.47475006951878,0.5960813638963742,0.754959568141328
2011-05-17,60.43999862670898,60.75,60.220001220703125,60.59999847412109,33.18565368652344,2183400,-0.0003299316746302461,60.90099983215332,60.874999809265134,58.94479988098144,0.00812836324919083,43.012688216857846,0.5326662024206428,0.710500894997191
2011-05-18,60.59000015258789,61.25,60.34000015258789,61.18999862670898,33.50874710083008,1323700,0.009735976360458976,60.91599960327149,60.98949966430664,59.00439987182617,0.008211359050652386,40.53028715759781,0.5239772282239272,0.6731961616425384
2011-05-19,61.45000076293945,61.709999084472656,60.970001220703125,61.45000076293945,33.651119232177734,1324000,0.004249095310765227,60.96099967956543,61.08249969482422,59.070399856567384,0.007907742153821326,46.33203353695582,0.5319392880457414,0.644944786923179
2011-05-20,61.15999984741211,61.40999984741211,60.63999938964844,60.70000076293945,33.24039840698242,1385200,-0.012205044600297588,60.98499984741211,61.11799964904785,59.13919990539551,0.00837740896710312,39.554817002314294,0.47228632308511465,0.6104130941555662
2011-05-23,60.08000183105469,60.36000061035156,59.91999816894531,60.08000183105469,32.90087890625,1809700,-0.010214150314530324,60.91599998474121,61.10249977111816,59.183999938964845,0.008584110844035115,38.95448995634649,0.37070888505296296,0.5624722523350456
2011-05-24,60.20000076293945,60.4900016784668,60.040000915527344,60.2599983215332,32.99945068359375,1299400,0.002995946820785189,60.768999862670896,61.069499778747556,59.24399993896484,0.008359565133385326,43.22914217632516,0.3012595139257357,0.5102297046531836
2011-05-25,60.13999938964844,60.84999847412109,59.720001220703125,60.540000915527344,33.152793884277344,1411900,0.004646574872108511,60.714999771118165,61.02799987792969,59.31559997558594,0.00824497647684279,46.1666742960612,0.26575084588056086,0.4613339328986591
2011-05-26,60.47999954223633,61.5099983215332,60.27000045776367,61.34999847412109,33.59635543823242,1095800,0.013379543216788914,60.7319995880127,60.98599987030029,59.420199966430665,0.008246584448271952,57.097287608858814,0.2995173545548653,0.4289706172299004
2011-05-27,61.5099983215332,61.77000045776367,61.25,61.70000076293945,33.788028717041016,970600,0.005705008924588695,60.84899978637695,60.97949981689453,59.52319999694824,0.008269899063180972,57.36926041999168,0.35047970371192605,0.4132724345263056
2011-05-31,62.18000030517578,62.70000076293945,61.95000076293945,62.68000030517578,34.32469940185547,1691500,0.015883298705321458,61.054999923706056,61.017499923706055,59.63440002441406,0.00900668061191497,57.503957824983075,0.46459000110783677,0.42353594784261184
2011-06-01,62.540000915527344,62.61000061035156,60.79999923706055,60.880001068115234,33.338985443115234,2859300,-0.02871728188093059,61.08300018310547,60.99200000762939,59.697200012207034,0.010998892465911195,48.663096422599125,0.4051085000871666,0.4198504582915228
2011-06-02,60.880001068115234,61.400001525878906,60.34000015258789,60.43999862670898,33.0980224609375,2122900,-0.007227372432434098,61.008000183105466,60.96199989318848,59.758600006103514,0.011043109105515586,45.2685335910285,0.318789653533301,0.39963829733987843
2011-06-03,59.84000015258789,60.959999084472656,59.68000030517578,60.68000030517578,33.22946548461914,1897800,0.00397090807279965,60.9310001373291,60.94599990844726,59.8373999786377,0.011086629327752577,51.012155544847595,0.26667343011627054,0.3730453238951569
2011-06-06,60.58000183105469,60.77999877929688,59.7599983215332,59.790000915527344,32.74208450317383,1172700,-0.014667095998226687,60.84000015258789,60.9125,59.89360000610352,0.011397241354352463,44.94520265978629,0.1518055153860658,0.3287973621933387
2011-06-07,60.119998931884766,60.959999084472656,59.93999862670898,60.41999816894531,33.08707427978516,1252000,0.010536832978277566,60.873999786376956,60.89499988555908,59.961800003051756,0.01160007293384598,48.979590071406676,0.11033549966912659,0.2851049896884963
2011-06-08,60.15999984741211,60.810001373291016,60.11000061035156,60.25,32.99399185180664,1509400,-0.0028136076480831385,60.87299995422363,60.82099990844726,60.028000030517575,0.01097691337196136,44.40476855453367,0.06302625450871346,0.24068924265253974
2011-06-09,60.41999816894531,60.459999084472656,59.33000183105469,59.59999847412109,32.638023376464844,1381600,-0.010788407068529682,60.778999710083,60.746999740600586,60.076600036621095,0.01098868860536565,39.476661552916454,-0.026609614897999734,0.18722947114243188
2011-06-10,59.33000183105469,59.43000030517578,58.0099983215332,58.09999847412109,31.81660461425781,2011600,-0.02516778587924484,60.453999710082996,60.592999649047854,60.078600006103514,0.012196784526979846,36.37314948139694,-0.2161920240924644,0.10654517209545261
2011-06-13,58.25,58.7599983215332,57.97999954223633,58.34000015258789,31.948028564453125,1780800,0.004130837947847965,60.11799964904784,60.483499717712405,60.07599998474121,0.012126068243413732,40.50217408596148,-0.3431160908589419,0.016612919504573706
2011-06-14,58.90999984741211,59.369998931884766,58.7400016784668,59.209999084472656,32.42446517944336,1163900,0.014912563071808105,59.770999526977526,60.4129997253418,60.08899993896485,0.012675069774487312,44.67005587271541,-0.36924624443322784,-0.060558913282986605
2011-06-15,58.68999862670898,59.0099983215332,57.81999969482422,58.2599983215332,31.904226303100582,1761700,-0.016044600196397973,59.50899925231933,60.295999717712405,60.08379989624024,0.013104671749476514,39.16348624152619,-0.46129418921243115,-0.1407059684688755
2011-06-16,58.27000045776367,59.0,57.88999938964844,58.720001220703125,32.1561279296875,2077100,0.007895690223525209,59.33699951171875,60.17249984741211,60.086599884033205,0.013024999680448148,37.06983405138631,-0.4914592230605024,-0.2108566193872009
2011-06-17,59.36000061035156,59.45000076293945,58.72999954223633,59.27999877929688,32.46280288696289,1912800,0.009536742965807754,59.19699935913086,60.06399974822998,60.09999984741211,0.013210373248058538,38.34295888910742,-0.4648199517652145,-0.26164928586280367
2011-06-20,59.09000015258789,60.150001525878906,59.09000015258789,60.0,32.857078552246094,1968200,0.012145769830119724,59.21799926757812,60.028999710083006,60.140799865722656,0.013314176680295794,36.75889536650112,-0.3812156395345738,-0.28556255659715774
2011-06-21,60.36000061035156,60.52999877929688,59.9900016784668,60.470001220703125,33.114463806152344,1375400,0.007833353678385446,59.222999572753906,60.04849967956543,60.199399871826174,0.013232125457899695,47.667806446097146,-0.2738763728643434,-0.28322531985059485
2011-06-22,60.34000015258789,60.880001068115234,60.22999954223633,60.290000915527344,33.01588439941406,3467800,-0.002976687639195119,59.22699966430664,60.04999980926514,60.253599853515624,0.013238025274112102,49.12076397674694,-0.20101655724938894,-0.2667835673303537
2011-06-23,59.470001220703125,59.560001373291016,58.52999877929688,59.06999969482422,32.347801208496094,2618700,-0.020235548219886046,59.17399978637695,59.97649974822998,60.28539985656738,0.013939723220453814,41.535224770255816,-0.2389639038493243,-0.2612196346341478
2011-06-24,58.709999084472656,59.040000915527344,58.20000076293945,58.58000183105469,32.35277557373047,2083800,-0.008295206810581157,59.22200012207031,59.83799991607666,60.30919990539551,0.013590034382590797,43.358951682737825,-0.30505964426281196,-0.2699876365598807
2011-06-27,58.61000061035156,59.04999923706055,58.52999877929688,58.83000183105469,32.490840911865234,2519000,0.004267668012728931,59.27100028991699,59.69449996948242,60.32139991760254,0.013549664845362812,40.8934952663689,-0.33342457314217455,-0.28267502387633947
2011-06-28,59.02000045776367,59.369998931884766,58.63999938964844,59.31999969482422,32.761451721191406,1278700,0.00832904722962069,59.282000350952146,59.52649993896485,60.32839988708496,0.01311468024199692,44.86187849961474,-0.31275994910715355,-0.2886920089225023
2011-06-29,59.63999938964844,60.09000015258789,59.31999969482422,59.93999862670898,33.1038703918457,2049000,0.010451768966189823,59.45000038146973,59.47949981689453,60.358399887084964,0.011887211137520084,51.88470141537103,-0.24354689640394156,-0.27966298641879017
2011-06-30,60.13999938964844,60.400001525878906,59.83000183105469,60.09999847412109,33.19224166870117,1960900,0.0026693335181495748,59.58800010681152,59.46249980926514,60.382399826049806,0.011807360710565462,63.02083281593192,-0.17378116191237325,-0.2584866215175068
2011-07-01,60.27000045776367,61.29999923706055,60.119998931884766,61.130001068115234,33.76108932495117,1796700,0.01713814675781844,59.77300033569336,59.48499984741211,60.41319984436035,0.012405036604525308,66.46989677349619,-0.034975537226706876,-0.2137844046593468
2011-07-05,61.310001373291016,61.790000915527344,60.84000015258789,61.59999847412109,34.02065658569336,1693200,0.00768849006696648,59.93300018310547,59.5754997253418,60.44539978027344,0.011971479026108721,64.80792738555668,0.11166656051012325,-0.1486942116254528
2011-07-06,61.41999816894531,62.150001525878906,61.34000015258789,62.060001373291016,34.27472686767578,1655200,0.007467579716956996,60.09200019836426,59.65749988555908,60.47879981994629,0.011869596862006468,75.06597713597833,0.26197992749686705,-0.06655938380098883
2011-07-07,62.52999877929688,62.9900016784668,62.45000076293945,62.84000015258789,34.70548629760742,1530900,0.01256846216623786,60.34700012207031,59.78699989318848,60.51719985961914,0.012078222353845258,76.0759501616901,0.4389834090686051,0.03454917477292996
2011-07-08,62.130001068115234,62.77999877929688,61.959999084472656,62.7599983215332,34.66130828857422,1956000,-0.0012731036101277793,60.71599998474121,59.944999885559085,60.54499984741211,0.0117228346580088,73.45012541713598,0.5662767780897511,0.14089469543629418
2011-07-11,61.869998931884766,62.18000030517578,61.52999877929688,61.66999816894531,34.059326171875,1878600,-0.017367753055116064,61.02499961853027,60.12349987030029,60.53459983825684,0.010845513817556647,60.71885733425657,0.5726031743746276,0.2272363912239609
2011-07-12,61.470001220703125,62.7400016784668,61.36000061035156,61.880001068115234,34.1753044128418,2078400,0.0034052684515186726,61.32999954223633,60.30049991607666,60.535599822998044,0.010842893593359522,59.36254556231304,0.5877867283848914,0.299346458656147
2011-07-13,62.04999923706055,62.20000076293945,61.220001220703125,61.27000045776367,33.838401794433594,1853600,-0.009857798962868425,61.52499961853027,60.40349998474121,60.522599868774414,0.010825952147048352,56.15577377703294,0.5443232336539481,0.3483418136557072
2011-07-14,61.41999816894531,61.5099983215332,60.43000030517578,60.70000076293945,33.52360153198242,1715800,-0.009303079656693414,61.60099983215332,60.52550010681152,60.508799896240234,0.010336038765900238,61.14911601843787,0.45859746316760663,0.37039294355808716
2011-07-15,60.93999862670898,61.380001068115234,60.52999877929688,61.369998931884766,33.89364242553711,1526200,0.011037860964153046,61.72799987792969,60.657999992370605,60.515399856567385,0.010451930633543218,68.62480958349525,0.4396543634355794,0.3842452275335856
2011-07-18,61.18999862670898,61.290000915527344,60.40999984741211,60.93999862670898,33.656150817871094,1272400,-0.0070066858833263135,61.70899963378906,60.74099998474121,60.514199829101564,0.01050037744416261,63.754864732461414,0.38550057874904553,0.3844962977766776
2011-07-19,61.310001373291016,61.95000076293945,61.09999847412109,61.91999816894531,34.197391510009766,1363100,0.01608138438334028,61.74099960327148,60.83699989318848,60.543399810791016,0.010745690191975119,65.93135604947133,0.41685583253487124,0.39096820472831634
2011-07-20,62.15999984741211,62.47999954223633,61.79999923706055,62.369998931884766,34.44591522216797,1508500,0.007267454396746809,61.77199935913086,60.93199977874756,60.575399780273436,0.010729231720006541,65.20649959036196,0.4725689175014409,0.4072883472829413
2011-07-21,62.709999084472656,63.22999954223633,62.70000076293945,62.869998931884766,34.72206115722656,1373600,0.008016674820630731,61.77499923706055,61.06099967956543,60.59819976806641,0.01076381505084146,66.62664213904998,0.5507194095122685,0.4359745597288068
2011-07-22,62.9900016784668,63.31999969482422,62.709999084472656,63.18000030517578,34.89326477050781,1184400,0.004930831534240676,61.816999435424805,61.26649971008301,60.640199737548826,0.009392499125219483,63.469106734766385,0.6304018770822921,0.4748600231995038
2011-07-25,62.47999954223633,62.9900016784668,62.290000915527344,62.59000015258789,34.56741714477539,2624300,-0.009338400597309837,61.908999633789065,61.46699962615967,60.66839973449707,0.009463555857985995,56.403627166738666,0.6385815545779181,0.5076043294751867
2011-07-26,62.54999923706055,62.959999084472656,62.209999084472656,62.72999954223633,34.644752502441406,1815200,0.0022367692811493534,61.99399948120117,61.66199951171875,60.71239974975586,0.009464184579909139,54.520903089234004,0.6488808936182124,0.5358596423037919
2011-07-27,62.380001068115234,62.52999877929688,60.91999816894531,60.970001220703125,33.67272186279297,1794700,-0.028056724603483962,61.963999557495114,61.744499588012694,60.719399795532226,0.011676518632017767,38.85579131295102,0.5091567957796883,0.5305190729989713
2011-07-28,60.95000076293945,61.619998931884766,60.369998931884766,61.02999877929688,33.70586395263672,2360300,0.0009840504738809486,61.99699935913086,61.79899959564209,60.72799980163574,0.011482145133634509,39.66547333927345,0.39867012213841235,0.5041492828268596
2011-07-29,60.4900016784668,61.13999938964844,59.959999084472656,61.040000915527344,33.71138000488281,1982300,0.0001638888486075185,61.963999557495114,61.8459997177124,60.72499984741211,0.011476231336605127,45.67903172634654,0.3083611308978149,0.4649916524410506
2011-08-01,61.77000045776367,62.0,59.63999938964844,60.119998931884766,33.20328521728516,2668900,-0.015072116150780523,61.8819995880127,61.795499610900876,60.69839981079102,0.011327681250449927,38.99998664855959,0.16070166463926938,0.4041336548806944
2011-08-02,59.72999954223633,60.040000915527344,58.130001068115234,58.20000076293945,32.142906188964844,3298000,-0.031936097855235324,61.50999984741211,61.6254997253418,60.64839981079101,0.01309716384045442,33.51234962467633,-0.10997955647219726,0.3013110126101161
2011-08-03,58.290000915527344,58.29999923706055,56.209999084472656,57.720001220703125,31.87781143188477,4775700,-0.008247414706942457,61.045000076293945,61.4084997177124,60.601199798583984,0.012921976192267216,33.839477328403774,-0.3590889717496424,0.1692310157381644
2011-08-04,57.09999847412109,57.2599983215332,54.7599983215332,54.900001525878906,30.32036590576172,4629400,-0.048856542536120706,60.24800033569336,61.01149978637695,60.4939998626709,0.015858307486590926,21.5479418917881,-0.7751252246538485,-0.01964023234023818
2011-08-05,55.459999084472656,55.59000015258789,52.70000076293945,53.52999877929688,29.563724517822266,7017600,-0.024954511994616735,59.28300018310547,60.54999980926514,60.35379981994629,0.016316363533386634,19.902522255238907,-1.2015341863471178,-0.2560190231416141
2011-08-08,51.709999084472656,52.43999862670898,48.720001220703125,48.880001068115234,26.995615005493164,9058400,-0.08686713650701727,57.912000274658205,59.91049995422363,60.104399871826175,0.024036918601640575,9.19900665089385,-1.8928625727669086,-0.583387733066673
2011-08-09,49.52000045776367,53.43000030517578,48.959999084472656,53.33000183105469,29.453275680541992,8039400,0.09103929348811368,56.97200050354004,59.48299999237061,59.93699989318848,0.03312281377755755,27.37738411424847,-2.0579447226588456,-0.8782991309851076
2011-08-10,52.34999847412109,54.68999862670898,51.65999984741211,52.09999847412109,28.773971557617188,7527500,-0.02306400365089345,56.08500022888184,59.02449989318848,59.725399856567385,0.03331622562674281,23.998071100715904,-2.2619501537807523,-1.1550293355442367
2011-08-11,52.47999954223633,55.84999847412109,52.130001068115234,54.79999923706055,30.265121459960938,4463100,0.051823432668248515,55.4620002746582,58.72949981689453,59.60379981994629,0.035853808714617165,31.861471346754797,-2.1806215827867277,-1.360147784992735
2011-08-12,55.470001220703125,56.310001373291016,54.4900016784668,54.790000915527344,30.259611129760746,4019100,-0.00018245112540882236,54.8370002746582,58.40049991607666,59.49079986572266,0.035685425256603266,32.682062436700505,-2.0928498154033264,-1.5066881910748533
2011-08-15,55.209999084472656,56.84000015258789,55.11000061035156,56.790000915527344,31.36417579650879,2630500,0.03650301088849228,54.50400047302246,58.19300003051758,59.412999877929686,0.036866671594552904,37.81788686121622,-1.8406884612949241,-1.5734882451188676
2011-08-16,56.20000076293945,56.9900016784668,55.66999816894531,56.619998931884766,31.270288467407227,2688800,-0.0029935196496201355,54.346000289916994,57.92800006866455,59.349599838256836,0.03659616055738053,40.45633745953267,-1.6357110519416551,-1.5859328064834253
2011-08-17,56.95000076293945,57.5,56.27000045776367,56.77999877929688,31.358665466308597,2230600,0.0028258539461401,54.25200004577637,57.64850006103516,59.27679985046387,0.03653870286199213,40.71647292099064,-1.443712113173973,-1.557488667821535
2011-08-18,54.86000061035156,55.45000076293945,53.650001525878906,54.25,29.961376190185547,3488600,-0.04455792239677492,54.18699989318848,57.21750011444092,59.15679985046387,0.03750319626372884,36.6391185813712,-1.4786562989474845,-1.541722194046725
2011-08-19,53.20000076293945,54.68000030517578,53.06999969482422,53.209999084472656,29.387008666992188,3271400,-0.019170523788522464,54.15499992370606,56.719000053405765,59.0289998626709,0.03749765983839825,36.466903358173454,-1.5721464742372149,-1.547807050084823
2011-08-22,54.40999984741211,54.58000183105469,52.52000045776367,53.27000045776367,29.42013931274414,2213600,0.0011276334208494276,54.5939998626709,56.25300006866455,58.93239990234375,0.03754931894817312,39.585975712938875,-1.6226911290964097,-1.5627838658871405
2011-08-23,53.34000015258789,54.630001068115234,53.0,54.58000183105469,30.143632888793945,2687800,0.024591728215389796,54.7189998626709,55.84550018310547,58.85719993591309,0.038177581245601847,43.59183997583508,-1.539297901511631,-1.5580866730120388
2011-08-24,54.459999084472656,55.47999954223633,53.959999084472656,55.29999923706055,30.54128646850586,3095000,0.013191597322303572,55.03899993896484,55.56200008392334,58.778999938964844,0.03805120204817523,50.89285182101513,-1.398983780258007,-1.5262660944612327
2011-08-25,55.58000183105469,56.25,53.68999862670898,54.27000045776367,29.972431182861328,2370800,-0.018625656302117988,54.986000061035156,55.22400016784668,58.69919998168945,0.038163544622729535,51.677247580235296,-1.3552733738606548,-1.4920675503411172
2011-08-26,53.97999954223633,55.130001068115234,52.7400016784668,54.93000030517578,30.336929321289062,2829900,0.012161412232265745,55.0,54.918500137329104,58.62339996337891,0.038345541743432604,66.74044842844845,-1.2529330576719033,-1.4442406518072743
2011-08-29,55.630001068115234,56.86000061035156,55.619998931884766,56.810001373291016,31.375215530395508,1976900,0.034225397008382785,55.00200004577637,54.753000259399414,58.57400001525879,0.03920918007196098,61.225802212179296,-1.0085018636838115,-1.357092894182582
2011-08-30,56.70000076293945,57.38999938964844,55.79999923706055,56.970001220703125,31.46358108520508,2705900,0.0028164028083852433,55.037000274658205,54.6915002822876,58.51340003967285,0.03858231869947068,66.87457603460774,-0.7927395231453431,-1.2442222199751343
2011-08-31,57.41999816894531,57.88999938964844,56.81999969482422,57.61000061035156,31.817047119140625,3047600,0.011233971843691348,55.12000045776367,54.68600025177002,58.45620002746582,0.03861862843305304,61.35813102638184,-0.5636068033424522,-1.108099136648598
2011-09-01,57.5,57.959999084472656,56.52000045776367,56.77999877929688,31.358665466308597,4270000,-0.01440725259956932,55.37300033569336,54.78000011444092,58.38599998474121,0.03703169320435947,57.543584137340666,-0.44387496889905265,-0.975254303098689
2011-09-02,55.63999938964844,56.45000076293945,55.27999877929688,55.43999862670898,30.61858940124512,3459400,-0.023599862300041075,55.596000289916994,54.87550010681152,58.313399963378906,0.03698035418979749,44.61292095236499,-0.45190417096438296,-0.8705842766718278
2011-09-06,53.72999954223633,55.43999862670898,53.65999984741211,55.20000076293945,30.486034393310547,3163900,-0.004328965903940385,55.78900032043457,55.19150009155273,58.2457999420166,0.030538005482026436,44.36508594877285,-0.47219007999473916,-0.7909054373364102
2011-09-07,55.90999984741211,57.34999847412109,55.2599983215332,57.27999877929688,31.63479804992676,1902000,0.037681122963931335,56.05900001525879,55.388999938964844,58.214799880981445,0.02450036944083193,51.72176348346045,-0.31677674724647886,-0.696079699318424
2011-09-08,56.869998931884766,57.59000015258789,56.58000183105469,56.84000015258789,31.39179229736328,2395000,-0.00768154043446001,56.21300010681152,55.626000022888185,58.16519989013672,0.023843225951606126,60.418346274561905,-0.2265037787367774,-0.6021645152020947
2011-09-09,56.31999969482422,56.59000015258789,54.560001373291016,55.060001373291016,30.40873336791992,2436900,-0.031315953105532035,56.292000198364256,55.63900012969971,58.06759994506836,0.022385444306733508,57.02355004511308,-0.29519005897950734,-0.5407696239575772
2011-09-12,54.18999862670898,55.27999877929688,54.040000915527344,55.2400016784668,30.508134841918945,4245800,0.003269166376430599,56.32300033569336,55.66150016784668,57.97040000915527,0.022393414873477107,57.4115959966612,-0.33128110822710966,-0.49887192081148374
2011-09-13,55.59000015258789,55.61000061035156,54.7400016784668,55.369998931884766,30.579931259155277,2166300,0.0023533173328746937,56.17900009155274,55.590500068664554,57.85519996643066,0.020757756091210916,53.261758082456126,-0.3454121367583909,-0.4681799640008652
2011-09-14,55.5,56.119998931884766,54.68000030517578,55.72999954223633,30.778759002685547,2115200,0.006501726879106995,56.054999923706056,55.54600009918213,57.73779998779297,0.02081970342371817,51.829789720763976,-0.3238291373544726,-0.4393097986715867
2011-09-15,56.45000076293945,56.709999084472656,55.83000183105469,56.650001525878906,31.286849975585938,2848800,0.016508200093296788,55.95900001525879,55.53950023651123,57.629599990844724,0.021159712983462364,60.22337617222511,-0.22983854781747226,-0.3974155485007638
2011-09-16,56.68000030517578,57.220001220703125,55.93999862670898,57.20000076293945,31.59061813354492,2019000,0.009708724134972702,56.001000213623044,55.6870002746582,57.516800003051756,0.018435992846969815,59.843891800183876,-0.10970537131707658,-0.33987351306402636
2011-09-19,56.22999954223633,56.4900016784668,55.79999923706055,55.95000076293945,30.90024948120117,1958600,-0.02185314656166737,56.05200042724609,55.82400035858154,57.38060005187988,0.018613251173510786,46.05504086278001,-0.11404883279035971,-0.29470857700929304
2011-09-20,55.900001525878906,56.65999984741211,55.709999084472656,55.91999816894531,30.88368225097656,1546600,-0.0005362393848976632,56.12400016784668,55.95650024414063,57.265600051879886,0.018624260086322602,45.12533250215176,-0.11854549719442531,-0.2594759610463195
2011-09-21,55.880001068115234,55.97999954223633,52.93000030517578,52.970001220703125,29.254451751708984,2825000,-0.05275388134544756,55.693000411987306,55.876000213623044,57.08740005493164,0.02160759907410162,32.26299141226107,-0.35604497090702125,-0.2787897630184598
2011-09-22,51.84000015258789,52.54999923706055,50.869998931884766,51.68000030517578,28.54200935363769,4405500,-0.02435342431185661,55.17700042724609,55.69500026702881,56.89560005187988,0.02191359883348011,31.1669091470513,-0.6409686205426368,-0.3512255345232952
2011-09-23,51.0,51.7400016784668,50.650001525878906,51.560001373291016,28.752233505249023,2688200,-0.0023219607425727373,54.82700042724609,55.55950031280518,56.71280006408691,0.021608726199681856,34.25324775855431,-0.866467478834366,-0.4542739233855094
2011-09-26,52.0099983215332,52.369998931884766,51.15999984741211,52.27999877929688,29.153743743896484,2246100,0.013964262739116995,54.5310001373291,55.42700023651123,56.53100006103516,0.021676035876981223,38.593734772865965,-0.9758304097367159,-0.5585852206557508
2011-09-27,53.18999862670898,53.77999877929688,52.52999877929688,52.79999923706055,29.443723678588867,1777600,0.009946451222366592,54.27400016784668,55.22650012969971,56.368200073242186,0.020152383688114568,30.07116586237825,-1.008911525240464,-0.6486504815726934
2011-09-28,52.68999862670898,53.2599983215332,51.36000061035156,51.459999084472656,28.69647979736328,2241900,-0.02537879113542374,53.84700012207031,54.95100002288818,56.159000091552734,0.020669876715321257,27.841832664189937,-1.1302268099556585,-0.7449657472492864
2011-09-29,52.43999862670898,52.56999969482422,51.4900016784668,52.2599983215332,29.142597198486328,2151600,0.01554604063920273,53.40799980163574,54.68349990844727,55.956800079345705,0.020868212899860652,37.45517900028918,-1.1485767171327552,-0.8256879412259802
2011-09-30,51.400001525878906,52.369998931884766,50.86000061035156,50.869998931884766,28.36746597290039,1970600,-0.026597769504246305,52.77499961853027,54.38799991607666,55.7168000793457,0.021340806794938914,32.33627941974639,-1.2607473738715598,-0.9126998277550962
2011-10-03,50.34000015258789,51.27999877929688,48.38999938964844,48.470001220703125,27.029109954833984,5785500,-0.04717903993658923,52.02699966430664,54.039500045776364,55.42260009765625,0.022994423664328356,26.434426923641155,-1.5257156844720612,-1.0353029990984892
2011-10-04,47.790000915527344,50.58000183105469,47.09999847412109,50.380001068115234,28.09421730041504,5508100,0.039405813891258745,51.47299995422363,53.798500061035156,55.178400115966795,0.0251814127525342,33.477454637132396,-1.5635602056963123,-1.1409544404180538
2011-10-05,50.58000183105469,50.58000183105469,47.869998931884766,49.95000076293945,27.854434967041016,8885500,-0.008535138865805258,51.170999908447264,53.432000160217285,54.92280014038086,0.023170889066645398,28.66240862034489,-1.609694140336778,-1.2347023804017987
2011-10-06,49.900001525878906,51.40999984741211,49.369998931884766,51.31999969482422,28.61840057373047,2513100,0.027427405624811163,51.13499984741211,53.1560001373291,54.729800109863284,0.024380242375337268,32.203378871878996,-1.5182072040746988,-1.2914033451363787
2011-10-07,51.56999969482422,51.810001373291016,49.77999877929688,49.88999938964844,27.82096290588379,2993000,-0.027864386470758284,50.967999649047854,52.89750003814697,54.50700012207031,0.02419424646451227,31.856275853436074,-1.5433019968283972,-1.3417830754747824
2011-10-10,50.84999847412109,52.38999938964844,50.75,52.380001068115234,29.209508895874023,2280500,0.04990983581738506,50.97799987792969,52.754500007629396,54.33380012512207,0.02707296608121916,40.762007988966836,-1.3467430595716579,-1.3427750722941576
2011-10-11,52.0,52.18999862670898,51.06999969482422,51.34000015258789,28.62956428527832,2206200,-0.01985492352653684,50.831999969482425,52.55300006866455,54.158200149536135,0.027326100413321418,45.27535817803826,-1.2603594289473676,-1.3262919436247995
2011-10-12,51.84999847412109,52.970001220703125,51.34000015258789,52.18000030517578,29.097976684570312,2634100,0.016361514415491163,50.90400009155273,52.37550010681152,54.03780014038086,0.02760198113527938,51.48809564356912,-1.1113083166683637,-1.2832952182335124
2011-10-13,51.95000076293945,52.27000045776367,50.810001373291016,51.84000015258789,28.90837287902832,1850000,-0.006515909363729255,50.8620002746582,52.13500003814697,53.92020011901855,0.027226507835784307,50.82255826827951,-1.0089884167511585,-1.2284338579370417
2011-10-14,52.400001525878906,53.27999877929688,52.290000915527344,53.040000915527344,29.577560424804688,1685600,0.023148162797209215,51.07900047302246,51.92700004577637,53.88300010681152,0.027745475002748356,52.17143467494418,-0.8215982529148675,-1.147066736932607
2011-10-17,52.81999969482422,52.81999969482422,51.65999984741211,51.88999938964844,28.93627548217773,1835000,-0.021681778017131337,51.42100028991699,51.723999977111816,53.85020011901855,0.027739502711013192,47.490348059017755,-0.7571576678948375,-1.0690849231250532
2011-10-18,51.81999969482422,53.959999084472656,51.720001220703125,53.720001220703125,29.956750869750977,3158600,0.03526694647484918,51.755000305175784,51.614000129699704,53.947000122070314,0.0290575387649993,56.06874812799188,-0.5520584005967777,-0.9656796186193981
2011-10-19,53.65999984741211,54.0099983215332,52.869998931884766,53.09999847412109,29.611013412475582,2348600,-0.011541376256393177,52.070000076293944,51.620499992370604,53.94240005493164,0.02659630771898793,52.27765690781652,-0.4345357361949098,-0.8594508421345005
2011-10-20,53.52999877929688,53.52999877929688,52.08000183105469,53.400001525878906,29.77831077575684,1965200,0.005649775148374614,52.27800025939941,51.70650005340576,53.968400115966794,0.025961784112120686,57.29106958993236,-0.3135757330481468,-0.7502758203172298
2011-10-21,53.959999084472656,55.15999984741211,53.93000030517578,55.15999984741211,30.75975799560547,1636200,0.032958769124384224,52.80500030517578,51.88649997711182,53.97560012817383,0.026839464994863355,70.01793659936045,-0.07483426068210264,-0.6151875083902045
2011-10-24,55.29999923706055,56.61000061035156,55.040000915527344,56.52999877929688,31.52374839782715,2858800,0.024836818993375198,53.22000007629394,52.098999977111816,54.01040008544922,0.027165967728730655,69.01667920538274,0.2223543775975685,-0.4476791311926499
2011-10-25,56.0,56.25,55.369998931884766,55.61000061035156,31.010704040527344,2190500,-0.016274512450232925,53.64700012207031,52.23950004577637,53.986800079345706,0.027507935762055413,66.98678663647574,0.37927035846951185,-0.2822892332602176
2011-10-26,56.08000183105469,56.29999923706055,55.130001068115234,56.02000045776367,31.239347457885746,1919000,0.007372771855999494,54.0310001373291,52.46750011444092,53.97480010986328,0.026695322763027246,64.96814729485865,0.5305946007300335,-0.11971246646216738
2011-10-27,57.900001525878906,59.119998931884766,57.119998931884766,58.68000030517578,32.72267532348633,2167600,0.047483038658980625,54.71500015258789,52.788500213623045,54.01280014038086,0.028292475862706012,75.95982515040215,0.8553005378988701,0.07529013441004012
2011-10-28,58.150001525878906,58.83000183105469,58.06999969482422,58.79999923706055,32.78960037231445,1971100,0.0020449715620431963,55.29099998474121,53.18500022888183,54.10380012512207,0.027251278491628787,72.04668915311126,1.1095253261114308,0.28213717275031824
2011-10-31,58.2400016784668,58.900001525878906,57.59999847412109,58.13999938964844,32.42155456542969,2033500,-0.011224487346525702,55.91599998474121,53.668500137329104,54.20240013122559,0.024492197890952073,73.97742334760835,1.2434105674973779,0.4743918516997302
2011-11-01,56.34999847412109,57.560001373291016,55.9900016784668,56.27000045776367,31.378742218017575,3614000,-0.03216372465627704,56.170999908447264,53.96300010681152,54.26240013122558,0.02510110457616669,63.44509984548095,1.184962786922945,0.6165060387443733
2011-11-02,57.11000061035156,57.81999969482422,56.33000183105469,57.34999847412109,31.98100852966309,2302500,0.01919314035136832,56.59599990844727,54.3329999923706,54.31780006408692,0.0250309828759901,67.27272118486638,1.2118202047359006,0.7355688719426787
2011-11-03,58.04999923706055,58.290000915527344,56.4900016784668,58.13999938964844,32.42155456542969,2155400,0.01377508171833397,57.06999969482422,54.67399997711182,54.37460006713867,0.02463410431275639,66.40926053300691,1.2820724403894133,0.8448695856320256
2011-11-04,57.65999984741211,57.77999877929688,56.70000076293945,57.66999816894531,32.15947341918945,1500600,-0.008083956409308257,57.32099952697754,55.06299991607666,54.4426000213623,0.023553321506128187,69.44817813557316,1.2850098787468838,0.9328976442549973
2011-11-07,57.59000015258789,58.369998931884766,56.900001525878906,57.68000030517578,32.1650390625,1661500,0.00017343742930542305,57.43599967956543,55.327999877929685,54.4976000213623,0.021367834159668874,65.18404450323808,1.273465194552493,1.0010111543144966
2011-11-08,58.0,58.4900016784668,56.709999084472656,58.43000030517578,32.58327102661133,1250100,0.013002773856308325,57.717999649047854,55.68249988555908,54.53,0.020601945340618905,70.23539321221305,1.3097368500178348,1.0627562934551644
2011-11-09,57.09999847412109,57.40999984741211,55.630001068115234,55.7599983215332,31.0943546295166,1950700,-0.04569573797188675,57.691999435424805,55.86149978637695,54.5057999420166,0.023533201674894096,57.59329869993422,1.110237426402179,1.0722525200445674
2011-11-10,56.33000183105469,56.61000061035156,55.400001525878906,55.75,31.08877944946289,2765200,-0.0001793099324636227,57.39899940490723,56.05699977874756,54.46859992980957,0.0234324771664571,52.13923233005023,0.9404845939154427,1.0458989348187426
2011-11-11,56.41999816894531,57.41999816894531,56.11000061035156,57.25,31.925254821777344,1796700,0.026905829596412634,57.24399948120117,56.26749973297119,54.477999954223634,0.023609304934005152,52.586211621454794,0.9164277069937512,1.0200046892537444
2011-11-14,56.97999954223633,57.060001373291016,55.810001373291016,56.18999862670898,31.334131240844727,2019900,-0.018515307830410888,57.04899940490723,56.48249969482422,54.492999954223635,0.023437368423909186,52.06258164902887,0.8025775839635827,0.9765192681957122
2011-11-15,55.900001525878906,57.0099983215332,55.630001068115234,56.61000061035156,31.56834983825684,1725800,0.007474675100684891,57.08299942016602,56.62699966430664,54.52119995117187,0.022297722007513374,52.09665957861568,0.7377370180742417,0.9287628181714183
2011-11-16,56.060001373291016,56.93999862670898,55.93000030517578,56.06999969482422,31.267229080200195,1466300,-0.009538966785112568,56.95499954223633,56.775499725341795,54.496999969482424,0.022234060467404466,39.07949953744819,0.6354517493374061,0.8701006044046159
2011-11-17,55.97999954223633,56.04999923706055,54.70000076293945,55.040000915527344,30.692853927612305,2401000,-0.018369873103315726,56.64499969482422,56.85749969482422,54.460999984741214,0.022724418880890045,35.38103799478699,0.4659069581114963,0.7892618751459921
2011-11-18,55.380001068115234,55.4900016784668,54.75,55.38999938964844,30.888023376464844,1924800,0.006358983799041873,56.41699981689453,56.86899967193604,54.46759994506836,0.02155034464636096,39.043827365385305,0.3556833451651116,0.702546169149816
2011-11-21,54.58000183105469,54.58000183105469,53.650001525878906,53.9900016784668,30.107332229614254,2054100,-0.025275279411598572,56.047999954223634,56.741999816894534,54.44259994506836,0.0214761987573874,40.562920390311696,0.15359171310242203,0.5927552779403373
2011-11-22,53.77000045776367,54.25,53.38999938964844,53.7400016784668,29.96791648864746,2021300,-0.004630486983291049,55.579000091552736,56.64849987030029,54.41,0.02122744349145848,33.95557523750304,-0.026435539517663642,0.4689171144487372
2011-11-23,53.290000915527344,53.290000915527344,52.060001373291016,52.119998931884766,29.06452178955078,1728000,-0.030145193449652496,55.21500015258789,56.45349979400635,54.33779998779297,0.02204460492738046,25.082791207632198,-0.29641226093289674,0.31585123937241044
2011-11-25,52.0,53.29999923706055,51.88999938964844,52.34999847412109,29.192779541015625,680200,0.004412884630655922,54.875,56.136999702453615,54.25179992675781,0.018659092052046584,27.53379260039189,-0.4862070249295982,0.15543958651200873
2011-11-28,53.880001068115234,54.16999816894531,53.08000183105469,53.52000045776367,29.845239639282227,1721900,0.022349608743942317,54.50200004577637,55.87299976348877,54.17819992065429,0.01962022122249967,34.000005281886985,-0.5360323139819698,0.01714520641321303
2011-11-29,53.59999847412109,53.84999847412109,53.130001068115234,53.43999862670898,29.80061149597168,1794100,-0.0014948025106582552,54.227000045776364,55.6379997253418,54.12799987792969,0.019565488995031032,29.764803756655226,-0.575342503449221,-0.10135233555927378
2011-11-30,54.810001373291016,56.0,54.7599983215332,55.93000030517578,31.18916320800781,2171600,0.04659434398305384,54.15900001525879,55.6209997177124,54.128199920654296,0.02143941745214331,50.69959633299436,-0.40095186268746374,-0.16127224098491177
2011-12-01,55.90999984741211,55.90999984741211,54.91999816894531,55.470001220703125,30.93264389038086,2356400,-0.008224550008273268,54.09900016784668,55.5269998550415,54.17819992065429,0.02101425000292085,48.88889427117519,-0.29644685045100516,-0.18830716287813049
2011-12-02,55.83000183105469,56.36000061035156,55.369998931884766,55.41999816894531,30.904748916625977,1374500,-0.0009014431342603269,54.136999893188474,55.39099979400635,54.25299987792969,0.020708436874947778,41.79372050026893,-0.21518023985951373,-0.19368177827440713
2011-12-05,56.18000030517578,56.5,55.4900016784668,55.88999938964844,31.16685485839844,1362900,0.008480715197253241,54.18699989318848,55.3019998550415,54.33959983825684,0.020791350198929505,48.57955027792,-0.11156464711938696,-0.1772583520434031
2011-12-06,55.810001373291016,56.13999938964844,55.41999816894531,55.79999923706055,31.11665344238281,2075500,-0.0016103087058640941,54.36799964904785,55.207999801635744,54.40999984741211,0.02078824768996465,46.04105178177561,-0.036292446778787735,-0.14906517099048003
2011-12-07,55.7400016784668,56.61000061035156,55.22999954223633,56.40999984741211,31.456836700439453,1675500,0.010931910729246486,54.634999465942386,55.10699977874756,54.48219985961914,0.02071750838072772,51.650485077321626,0.07175610584407366,-0.10490091562356929
2011-12-08,56.02000045776367,56.20000076293945,55.0099983215332,55.130001068115234,30.74304962158203,1642200,-0.022690990653416843,54.93599967956543,55.07549991607666,54.55559989929199,0.018675749325070927,50.42654072991201,0.05348363213352769,-0.0732240060721499
2011-12-09,55.52000045776367,56.61000061035156,55.310001373291016,56.34000015258789,31.41779136657715,1221700,0.021948105587330957,55.33499984741211,55.10499992370605,54.63719993591309,0.01933356248925461,54.1630155145408,0.13508223488651083,-0.031562757880417756
2011-12-12,55.84999847412109,55.84999847412109,54.869998931884766,55.34000015258789,30.860143661499023,1710100,-0.01774937872367166,55.51699981689453,55.00949993133545,54.72659996032715,0.018716926063072074,56.13077782335853,0.11770128564869253,-0.0017099491745957013
2011-12-13,55.619998931884766,56.11000061035156,54.40999984741211,54.68999862670898,30.497657775878903,1555200,-0.011745600362968456,55.64199981689453,54.93449993133545,54.850999908447264,0.018452936323118917,54.162997406275856,0.050890434060079315,0.008810127472339302
2011-12-14,54.4900016784668,55.59000015258789,54.29999923706055,55.0099983215332,30.67610740661621,2213400,0.005851155656602103,55.54999961853027,54.85449981689453,54.94359985351562,0.018416342347690608,64.2927647590177,0.02349284298306742,0.011746670574484926
2011-12-15,55.5099983215332,56.15999984741211,55.36000061035156,55.93000030517578,31.18916320800781,1268500,0.01672426852778952,55.595999526977536,54.84749984741211,55.063199844360355,0.018729558372998997,66.57406615950079,0.07515024077191157,0.024427384613970256
2011-12-16,56.15999984741211,57.0099983215332,56.060001373291016,56.54999923706055,31.534894943237305,1749800,0.011085266020057327,55.70899963378906,54.92299976348877,55.16779983520508,0.018360116313735013,64.7804708486634,0.16422475222950794,0.0523868581370778
2011-12-19,56.650001525878906,56.869998931884766,55.90999984741211,56.060001373291016,31.261653900146484,1366200,-0.00866486066101313,55.72599983215332,54.956499862670896,55.29119987487793,0.018458512340859084,62.28893924255742,0.19305281905677418,0.08052005032101708
2011-12-20,56.84999847412109,57.81999969482422,56.68000030517578,57.7599983215332,32.20964813232422,1248400,0.03032459697819645,55.92199974060058,55.14499969482422,55.39879981994629,0.0185174554360999,59.27050767171646,0.3490511713418343,0.13422627452518054
2011-12-21,57.72999954223633,57.93999862670898,57.27000045776367,57.7400016784668,32.1984977722168,2621500,-0.00034620227921566826,56.054999923706056,55.34499969482422,55.52679985046387,0.01844256451812326,62.03606204973507,0.4656991376870394,0.20052084715755233
2011-12-22,57.95000076293945,58.869998931884766,57.81999969482422,58.56999969482422,32.66133117675781,1388200,0.014374748739693244,56.398999786376955,55.667499732971194,55.654599838256836,0.01674382646827681,65.4260732721387,0.6179935498015254,0.28401538768634693
2011-12-23,58.29999923706055,58.34000015258789,57.77000045776367,58.18000030517578,32.80342102050781,2307400,-0.0066586886064624595,56.582999801635744,55.95899982452393,55.78139984130859,0.01697981022799427,61.303076313605324,0.6991588096936141,0.3670440720878004
2011-12-27,58.09999847412109,58.84999847412109,57.77999877929688,58.43999862670898,32.95001983642578,1173200,0.0044688607798111235,56.89299964904785,56.20499973297119,55.88939979553223,0.016506123579963585,62.8155462060383,0.7755228103616503,0.4487398197425704
2011-12-28,58.560001373291016,58.619998931884766,57.709999084472656,57.7400016784668,32.55533599853516,1359300,-0.011978045254817271,57.19799995422363,56.41999988555908,56.00639984130859,0.01687011439157939,56.40040357282375,0.770674076434247,0.5131266710809057
2011-12-29,57.900001525878906,58.380001068115234,57.72999954223633,58.25,32.8428840637207,948500,0.008832668976582303,57.52200012207031,56.535999870300294,56.09699981689453,0.013661319798021312,66.21623818661197,0.798776227052926,0.5702565822753097
2011-12-30,58.369998931884766,58.709999084472656,57.97999954223633,58.0,32.70193099975586,1969300,-0.0042918454935622075,57.729000091552734,56.662499809265135,56.194999847412106,0.01353224164206834,59.58431178730338,0.7917476985968648,0.6145548055396207
2012-01-03,59.04999923706055,59.650001525878906,57.9900016784668,58.4900016784668,32.97820281982422,6177500,0.008448304801151663,57.92300033569336,56.81599998474121,56.29679985046387,0.01357654970284295,69.32519529878725,0.8163067039452088,0.6549051852207384
2012-01-04,58.09999847412109,58.25,57.31999969482422,57.4900016784668,32.41437530517578,2393900,-0.017096939157178248,58.066000366210936,56.89600009918213,56.34339988708496,0.014202222869527345,66.47063575409975,0.7464733696290011,0.6732188221023909
2012-01-05,57.47999954223633,58.150001525878906,57.02999877929688,58.02999877929688,32.718841552734375,1805000,0.009392887198894417,58.093000411987305,57.007500076293944,56.37339988708496,0.014287935482315025,67.316551839086,0.7263305160898881,0.6838411608998903
2012-01-06,58.18000030517578,58.34000015258789,57.56999969482422,57.84000015258789,32.611724853515625,1337800,-0.0032741449372005738,58.103000259399415,57.079000091552736,56.41799987792969,0.014176244213890025,61.95247132404721,0.6871152216868524,0.6844959730572828
2012-01-09,58.0099983215332,58.119998931884766,57.4900016784668,57.63999938964844,32.498958587646484,1537200,-0.0034578278425282383,58.010000228881836,57.20450000762939,56.45039985656738,0.013068826912880463,57.19949103644633,0.6326061384677999,0.6741180061393863
2012-01-10,58.310001373291016,58.650001525878906,58.18999862670898,58.27999877929688,32.859798431396484,1558300,0.011103389944923991,58.02000007629395,57.301499938964845,56.44239982604981,0.012419985768239536,64.37825479173043,0.6337444873881566,0.6660433023891403
2012-01-11,58.18999862670898,58.79999923706055,58.02000045776367,58.68999862670898,33.09096908569336,1407000,0.0070350009608741715,58.045000076293945,57.4689998626709,56.440199813842774,0.011578128031607925,57.23174547426344,0.6601207373342604,0.6648587893781643
2012-01-12,58.63999938964844,58.77999877929688,57.90999984741211,58.2599983215332,32.84854507446289,1734500,-0.007326636824627308,58.09699974060059,57.64749984741211,56.44259979248047,0.011321107774359355,53.801151326613365,0.6389611283340386,0.6596792571693392
2012-01-13,58.0,58.400001525878906,57.66999816894531,58.38999938964844,32.921836853027344,1534700,0.0022313949855914395,58.11099967956543,57.816499900817874,56.48499977111816,0.011305876913976968,48.534197502177605,0.6254719343705801,0.6528377926095874
2012-01-17,58.970001220703125,59.290000915527344,58.63999938964844,58.869998931884766,33.19246292114258,1450300,0.008220577962900766,58.19799957275391,57.96349983215332,56.51539978027344,0.010917646416445569,55.53771687316881,0.6460661540434742,0.6514834648963648
2012-01-18,58.959999084472656,59.47999954223633,58.81999969482422,59.27999877929688,33.42363739013672,1522000,0.006964495580958019,58.27699928283691,58.099999809265135,56.538199768066406,0.010787612808837136,56.58308006627307,0.6875451897170208,0.658695809860496
2012-01-19,59.5099983215332,59.72999954223633,59.209999084472656,59.5099983215332,33.55331802368164,1277300,0.0038798843956227014,58.47899894714355,58.27249965667725,56.574999771118165,0.0104694821597404,64.97460094108837,0.7305552787026883,0.6730677036289345
2012-01-20,59.56999969482422,59.93999862670898,59.15999984741211,59.880001068115234,33.761924743652344,1352900,0.006217488775296154,58.66399917602539,58.378499794006345,56.61899978637695,0.00833285412202574,64.12479149739087,0.7854431142028204,0.6955427857437118
2012-01-23,60.06999969482422,60.400001525878906,59.77000045776367,60.16999816894531,33.92544174194336,1238800,0.004842970869359142,58.896998977661134,58.499999618530275,56.65379974365234,0.008342081454418114,68.67469088464246,0.8426291573052964,0.7249600600560286
2012-01-24,59.97999954223633,60.630001068115234,59.77999877929688,60.630001068115234,34.18479537963867,1820800,0.007645054232481963,59.19599914550781,58.602999687194824,56.75119979858398,0.007947133812377397,68.512109356438,0.9145258137175958,0.7628732107883421
2012-01-25,60.59000015258789,61.459999084472656,60.34999847412109,61.40999984741211,34.62458419799805,1499400,0.01286489799695989,59.508999252319335,58.76449966430664,56.86439979553223,0.00805693536931998,85.25179757396126,1.0226552811786291,0.8148296248663996
2012-01-26,61.720001220703125,62.119998931884766,61.54999923706055,61.84000015258789,34.86703109741211,1620800,0.0070021219059472894,59.82399940490723,58.934499740600586,56.95619979858398,0.00810537652881471,84.95413614617635,1.130019927822481,0.877867685457616
2012-01-27,61.65999984741211,62.04999923706055,61.34999847412109,61.86000061035156,34.8783073425293,1498300,0.00032342266679052933,60.183999633789064,59.140499687194826,57.069599838256835,0.007351610130454073,88.06816745067819,1.2028552866063862,0.9428652056873701
2012-01-30,61.58000183105469,61.58000183105469,61.09999847412109,61.400001525878906,34.618953704833984,2355500,-0.007436131263077961,60.48499984741211,59.29799976348877,57.16539985656738,0.007622973373671473,83.93503172257661,1.2095171901787936,0.9961956025856549
2012-01-31,61.72999954223633,61.84000015258789,61.29999923706055,61.70000076293945,34.788089752197266,2069500,0.0048859809381942565,60.76800003051758,59.48299980163574,57.27799987792969,0.007456607268055969,82.88462963329768,1.2248845216870379,1.0419333864059315
2012-02-01,62.209999084472656,62.400001525878906,61.959999084472656,62.310001373291016,35.13201904296875,3222200,0.009886557581988864,61.071000289916995,59.67399978637695,57.42339988708496,0.007517353144557009,83.51853447849582,1.2716266731624302,1.0878720437572313
2012-02-02,62.36000061035156,62.459999084472656,62.119998931884766,62.45000076293945,35.21096420288086,2712600,0.0022468205193852953,61.365000534057614,59.92199974060058,57.56459991455078,0.005822460888506289,90.9980620444386,1.3049245873312003,1.1312825524720251
2012-02-03,62.97999954223633,63.34999847412109,62.72999954223633,63.31999969482422,35.70148468017578,2698900,0.013931127642212271,61.70900039672851,60.186499786376956,57.751199874877926,0.00611796377344722,92.13676573579335,1.385543385450461,1.1821347190677125
2012-02-06,63.15999984741211,63.310001373291016,62.7599983215332,63.119998931884766,35.58872985839844,1778100,-0.003158571760950246,62.00400047302246,60.4504997253418,57.93879981994629,0.006110394253503411,88.15080998971332,1.4169621164438766,1.2291001985429455
2012-02-07,63.09999847412109,63.20000076293945,62.83000183105469,62.959999084472656,35.49851608276367,1985800,-0.0025348518713501633,62.2370002746582,60.716499710083006,58.15559982299805,0.0060511617064754825,84.58647101762072,1.4126666943067718,1.265813497695711
2012-02-08,63.06999969482422,63.34999847412109,62.630001068115234,63.06999969482422,35.56053924560547,1735200,0.0017471507616124704,62.40300025939941,60.955999755859374,58.36999984741211,0.005867895251567935,84.2307774131808,1.401977546799401,1.2930463075164491
2012-02-09,63.20000076293945,63.27000045776367,62.2400016784668,62.61000061035156,35.301177978515625,1438000,-0.007293468950347992,62.48000030517578,61.1519998550415,58.551799850463865,0.0063308620236931165,75.80341246130315,1.340930822819459,1.3026232105770512
2012-02-10,62.09999847412109,62.45000076293945,61.84000015258789,62.02999877929688,34.974159240722656,1675200,-0.009263725050320248,62.49700012207031,61.34049987792969,58.72359985351562,0.006513484363578129,66.66666666666674,1.2315529776476808,1.2884091639911772
2012-02-13,62.369998931884766,62.81999969482422,62.29999923706055,62.65999984741211,35.32936477661133,1842100,0.010156393366325567,62.62299995422363,61.55399990081787,58.85819984436035,0.006692605861315258,67.65216329823375,1.182079788400948,1.2671432888731315
2012-02-14,62.630001068115234,62.72999954223633,61.63999938964844,62.02000045776367,34.96851348876953,1866500,-0.01021384282168758,62.65499992370606,61.711499977111814,58.989199829101565,0.007261660281253796,55.43672499095626,1.0787936655900836,1.2294733642165219
2012-02-15,62.220001220703125,62.220001220703125,61.43999862670898,61.650001525878906,34.75990295410156,1969800,-0.005965800212090255,62.58899993896485,61.83000011444092,59.11379989624024,0.0074295429028543225,48.28830042497795,0.956061960381767,1.174791083449571
2012-02-16,61.88999938964844,62.41999816894531,61.52000045776367,62.29999923706055,35.12638854980469,2318000,0.010543352718471288,62.57399978637695,61.96950016021729,59.24199989318848,0.007664533739814404,53.559861460980514,0.9008610177586078,1.1200050703113784
2012-02-17,62.5,62.5,61.91999816894531,62.34999847412109,35.15458297729492,1695100,0.0008025559819075934,62.47699966430664,62.09300003051758,59.372999877929686,0.007615141448899929,58.232214046292036,0.8513347366910722,1.066271003587317
2012-02-21,62.47999954223633,62.54999923706055,61.13999938964844,61.380001068115234,34.607666015625,2815800,-0.015557296387239794,62.302999877929686,62.153500175476076,59.47239990234375,0.00853244387915332,47.51552831822656,0.725451564017277,0.9981071156733091
2012-02-22,61.34000015258789,61.59000015258789,60.77999877929688,60.86000061035156,34.314491271972656,2261300,-0.008471822233867554,62.09300003051758,62.16500015258789,59.58699989318848,0.008635320079032938,38.58266155556872,0.5770763743912255,0.9139009674168924
2012-02-23,60.790000915527344,61.650001525878906,60.77999877929688,61.619998931884766,34.743003845214844,2453200,0.012487648930518347,61.94799995422363,62.175500106811526,59.692599868774415,0.008606620868124939,44.045892437478834,0.5148782842436432,0.8340964307822426
2012-02-24,61.790000915527344,61.91999816894531,61.310001373291016,61.70000076293945,34.788089752197266,1810800,0.001298309517063112,61.85699996948242,62.168500137329104,59.81979988098144,0.008462867405736886,36.89320508206844,0.4666619404885779,0.7606095327235097
2012-02-27,61.36000061035156,61.810001373291016,60.84000015258789,61.59999847412109,34.73170471191406,2002800,-0.001620782618829919,61.81399993896484,62.15550003051758,59.95799987792969,0.00846916176582076,37.499992157280914,0.41559012743584134,0.6916056516659761
2012-02-28,61.77999877929688,61.86000061035156,61.04999923706055,61.2400016784668,34.52873611450195,2381700,-0.005844103970319536,61.672000122070315,62.14750003814697,60.08259994506836,0.00840457313910107,36.30574215662983,0.3421228357618631,0.6217090884851536
2012-02-29,61.400001525878906,61.68999862670898,60.88999938964844,60.9900016784668,34.387779235839844,3013500,-0.004082299038994042,61.569000244140625,62.11200008392334,60.18379997253418,0.0083638715983734,33.800624256148154,0.26072113617954074,0.5495114980240311
2012-03-01,61.04999923706055,61.52000045776367,61.0,61.36000061035156,34.59639358520508,3386900,0.006066550609973076,61.54000015258789,62.06450004577637,60.28,0.008154093772891136,40.12637326214161,0.22348927909384741,0.4843070542379944
2012-03-02,61.220001220703125,61.61000061035156,61.060001373291016,61.27000045776367,34.54564666748047,1860100,-0.0014667560575726268,61.4370002746582,62.00550003051758,60.384199981689456,0.008124817219526964,43.493156724816835,0.18459263497019407,0.42436417038443436
2012-03-05,61.25,61.88999938964844,60.97999954223633,61.88999938964844,34.89522171020508,1830300,0.01011912726052877,61.39100036621094,61.93400001525879,60.46680000305176,0.007796101849873877,43.39621160023214,0.2014730407220071,0.37978594445194896
2012-03-06,61.15999984741211,61.68999862670898,60.95000076293945,61.06999969482422,34.43288040161133,2236400,-0.013249308497510937,61.36000022888184,61.83150005340576,60.533399963378905,0.008248850597445161,42.096487235977776,0.1469893597071419,0.3332266275029876
2012-03-07,61.34999847412109,61.41999816894531,60.650001525878906,61.400001525878906,34.618953704833984,1367200,0.005403665182638795,61.41400032043457,61.75350017547608,60.59,0.008392119827859782,47.906195407278474,0.12895255501089053,0.2923718130045682
2012-03-08,61.54999923706055,61.59999847412109,60.90999984741211,61.08000183105469,34.43852233886719,1454200,-0.005211721284556381,61.36000061035156,61.6540002822876,60.64800003051758,0.008406862144803944,39.1844116737944,0.08782456935108485,0.2514623642738716
2012-03-09,61.2599983215332,61.59999847412109,61.0,61.380001068115234,34.607666015625,1621800,0.004911578717537335,61.32800064086914,61.59250030517578,60.706800079345705,0.008412369132337658,41.76572041810155,0.07853250184067662,0.2168763917872326
2012-03-12,61.34999847412109,62.0099983215332,61.34999847412109,61.83000183105469,34.86139297485352,2644800,0.00733139060131438,61.3510009765625,61.58250045776367,60.78860008239746,0.00836832155568268,54.18995207119632,0.10625493144061693,0.19475209971790947
2012-03-13,62.150001525878906,63.18000030517578,62.06999969482422,63.08000183105469,35.5661735534668,2407300,0.020216722674786913,61.53500099182129,61.603500556945804,60.885200119018556,0.009272565560323852,68.19673586904455,0.22647900099680385,0.20109747997368835
2012-03-14,63.15999984741211,63.33000183105469,62.52000045776367,62.90999984741211,35.470314025878906,2280800,-0.0026950218564972817,61.72700080871582,61.64800052642822,60.983400115966795,0.008968089353295763,61.70599288015762,0.3045292790081149,0.22178383978057367
2012-03-15,63.060001373291016,63.060001373291016,62.58000183105469,62.81999969482422,35.4195671081543,1595600,-0.001430617593485728,61.87300071716309,61.70650043487549,61.070000076293944,0.008845823817165862,60.14491701997533,0.35502986323779595,0.24843304447201814
2012-03-16,62.90999984741211,63.2400016784668,62.810001373291016,63.18000030517578,35.62255096435547,1799600,0.005730668769506897,62.0640007019043,61.75050048828125,61.183800048828125,0.008634852646245068,63.667838795347464,0.41926792107270927,0.2826000197921564
2012-03-19,63.18000030517578,63.970001220703125,62.93999862670898,63.619998931884766,35.87065124511719,2106100,0.006964207416645829,62.23700065612793,61.81400051116943,61.29560005187988,0.008746516216649307,70.30714168539296,0.4999185073067878,0.32606371729508266
2012-03-20,63.22999954223633,63.77999877929688,63.220001220703125,63.52999877929688,35.81988906860352,1795700,-0.0014146519034721194,62.48300056457519,61.92150039672852,61.40940002441406,0.007860434221779504,72.2806733408245,0.5502297121862298,0.3708969162733121
2012-03-21,63.63999938964844,63.7400016784668,63.41999816894531,63.43999862670898,35.76914978027344,1515200,-0.0014166559785490085,62.6870002746582,62.050500297546385,61.52540000915528,0.007528770094008032,69.18816656003808,0.5761973994245153,0.4119570129035528
2012-03-22,63.08000183105469,63.08000183105469,62.18999862670898,62.56999969482422,35.27861785888672,3203400,-0.01371372873136345,62.83600006103516,62.09800033569336,61.61120002746582,0.007897591254228318,60.4838635249152,0.5205744772024588,0.433680505763334
2012-03-23,62.630001068115234,63.27000045776367,62.34999847412109,62.959999084472656,35.49851608276367,2495000,0.006233009294399849,62.9939998626709,62.16100025177002,61.69660003662109,0.007990684567516629,58.9614696485623,0.5021738543827539,0.447379175487218
2012-03-26,63.0099983215332,63.31999969482422,62.790000915527344,63.18999862670898,35.9145622253418,1630000,0.0036531058700894903,63.12999954223633,62.24050025939941,61.79520004272461,0.007985220319334416,69.70258839211957,0.5003821748661252,0.4579797753629995
2012-03-27,63.31999969482422,63.58000183105469,63.08000183105469,63.20000076293945,35.92024612426758,3449500,0.00015828669801942752,63.14199943542481,62.33850021362305,61.89140007019043,0.007813321479925523,67.7865488986007,0.49407396759523436,0.4651986138094465
2012-03-28,63.220001220703125,63.25,62.459999084472656,63.09999847412109,35.863407135009766,1573800,-0.0015823146773916719,63.1609992980957,62.44400005340576,61.97600006103516,0.007737166211834304,70.86771681097865,0.47552377683514635,0.4672636464145865
2012-03-29,62.70000076293945,63.18000030517578,62.34000015258789,63.130001068115234,35.880455017089844,1530300,0.0004754769369201828,63.191999435424805,62.53250007629394,62.053000106811524,0.007672989001770764,69.14657762938225,0.45796444653734625,0.4654038064391385
2012-03-30,63.380001068115234,63.790000915527344,63.27999877929688,63.650001525878906,36.17599868774414,2059900,0.008236978440767206,63.23899955749512,62.651500129699706,62.135800170898435,0.007784775818680604,69.61203600937225,0.48046968642150034,0.4684169824356109
2012-04-02,63.72999954223633,64.16999816894531,63.4900016784668,64.0999984741211,36.4317512512207,6716800,0.007069865474539361,63.28699951171875,62.76200008392334,62.22020011901856,0.0076446752009971895,63.281192568500515,0.5285237513025223,0.48043833620899323
2012-04-03,64.06999969482422,64.19000244140625,63.59999847412109,63.84999847412109,36.28966522216797,2338900,-0.0039001560990822304,63.318999481201175,62.901000022888184,62.29380012512207,0.006929447186059699,61.98977233470043,0.5402068647984422,0.492392041926883
2012-04-04,63.369998931884766,63.470001220703125,62.88999938964844,63.150001525878906,35.891815185546875,2045700,-0.010963147454512434,63.28999977111816,62.98850002288818,62.344200134277344,0.007481937685747849,53.642405297799094,0.4873638853152684,0.4913864106045601
2012-04-05,62.97999954223633,63.209999084472656,62.68000030517578,62.90999984741211,35.75541305541992,2925300,-0.0038005015465983893,63.32399978637695,63.079999923706055,62.374200134277345,0.007422395089992562,46.93877021421992,0.42126325313234503,0.4773617791101171
2012-04-09,62.16999816894531,62.52000045776367,61.83000183105469,62.2400016784668,35.37460708618164,1126900,-0.010650106033546214,63.25200004577637,63.12299995422363,62.382200164794924,0.007849657382405796,35.12933798551077,0.3112271403309137,0.44413485135427644
2012-04-10,62.25,62.41999816894531,60.84000015258789,60.900001525878906,34.61301803588867,2670600,-0.021529564853008165,63.02300033569336,63.076499938964844,62.36300018310547,0.009121134892268762,27.67404477120884,0.11457516353838315,0.3782229137910978
2012-04-11,61.5,61.70000076293945,61.18000030517578,61.68000030517578,35.05632781982422,1917300,0.012807861408105525,62.87100028991699,63.0064998626709,62.36860015869141,0.00834345018583017,36.626148540182236,0.0214195269236086,0.30686223641759997
2012-04-12,61.810001373291016,62.560001373291016,61.52999877929688,62.52999877929688,35.53944396972656,1373400,0.013780779343637084,62.81400032043457,62.98749980926514,62.385200119018556,0.008966566794029938,49.695114859647056,0.015996390452471587,0.2486890672245743
2012-04-13,62.43999862670898,62.630001068115234,62.02000045776367,62.27000045776367,35.39165496826172,2097600,-0.004157977396591517,62.728000259399415,62.95999984741211,62.38440010070801,0.00900588744298605,44.63453341124894,-0.009175407536993418,0.19711617227226075
2012-04-16,62.650001525878906,63.4900016784668,62.459999084472656,63.119998931884766,35.87477493286133,1973400,0.013650208252328877,62.675,62.95699977874756,62.397800064086915,0.009452697091619744,49.50354794130671,0.039013807444305826,0.16549569930666977
2012-04-17,63.5099983215332,63.93000030517578,63.02000045776367,63.65999984741211,36.181678771972656,1524000,0.00855514772917032,62.6310001373291,62.95899982452393,62.404600067138674,0.009520879358315918,53.03429707355124,0.1194012847230681,0.15627681638994945
2012-04-18,63.52000045776367,63.650001525878906,63.22999954223633,63.22999954223633,35.93730545043945,1278100,-0.006754638803117441,62.569000244140625,62.9439998626709,62.4068000793457,0.009638984834731412,50.82175218718371,0.1467202094177793,0.1543654949955154
2012-04-19,63.310001373291016,63.619998931884766,62.93000030517578,63.22999954223633,35.93730545043945,2543700,0.0,62.577000045776366,62.93349990844727,62.412200088500974,0.009634719081497618,50.63450892001325,0.16645190016813416,0.15678277603003915
2012-04-20,63.5,64.26000213623047,63.38999938964844,64.0,36.37492370605469,1649700,0.01217777104757567,62.68600006103516,63.00499992370605,62.43080009460449,0.00944997072900391,52.15251488813023,0.24143885222812855,0.17371399126965703
2012-04-23,63.560001373291016,63.59000015258789,62.90999984741211,63.34000015258789,35.99980163574219,1764500,-0.010312497615814209,62.795999908447264,63.023999977111814,62.44540008544922,0.009704481869224792,45.44365106191845,0.2447883128550501,0.18792885558673567
2012-04-24,63.43999862670898,64.33000183105469,63.400001525878906,64.29000091552734,36.53974914550781,2618500,0.014998433227831898,63.13499984741211,63.079000091552736,62.49060012817383,0.010225586018869068,52.43364362936648,0.320406460385783,0.21442437654654517
2012-04-25,64.69000244140625,65.05000305175781,64.58999633789062,65.02999877929688,36.96034240722656,2191000,0.011510310362910614,63.46999969482422,63.17049999237061,62.53800010681152,0.010493054496694108,60.352414394021494,0.4350312607132878,0.2585457533798937
2012-04-26,64.91999816894531,65.33999633789062,64.66999816894531,65.19000244140625,37.05127716064453,1885400,0.0024604592513126633,63.736000061035156,63.275000190734865,62.60140014648437,0.010469859413755138,62.66668644658677,0.5326432196485484,0.3133652466336247
2012-04-27,65.5,65.76000213623047,65.01000213623047,65.63999938964844,37.30702972412109,2058500,0.006902852145873828,64.07299995422363,63.40050010681152,62.681200103759764,0.010529326861672681,69.36218485825,0.6389470099031911,0.378481599287538
2012-04-30,65.55000305175781,65.62999725341797,65.02999877929688,65.47000122070312,37.21041870117188,2165000,-0.0025898563456129287,64.30800018310546,63.49150009155274,62.74460014343262,0.010470164342828651,80.02630689844268,0.7013909003588807,0.4430634595018066
2012-05-01,65.55000305175781,66.69000244140625,65.47000122070312,66.18000030517578,37.61395263671875,3024200,0.010844647490981574,64.56000022888183,63.59550018310547,62.82120018005371,0.010609653504407441,79.84087537767554,0.798959221268035,0.5142426118550523
2012-05-02,65.87000274658203,66.22000122070312,65.44999694824219,66.08000183105469,37.55709838867188,1801900,-0.0015110074593528422,64.84500045776367,63.70700035095215,62.9152001953125,0.010557176064933994,76.14143270957251,0.8583196032895586,0.5830580101419536
2012-05-03,66.29000091552734,66.4000015258789,65.79000091552734,65.8499984741211,37.426387786865234,2099900,-0.003480680244556278,65.10700035095215,63.84200019836426,63.01500015258789,0.010208995646411692,76.47928184356013,0.8766977589836245,0.6417859599102878
2012-05-04,65.58999633789062,65.62999725341797,65.05000305175781,65.2699966430664,37.09674835205078,1480000,-0.0088079247455507,65.23400001525879,63.96000003814697,63.08800010681152,0.010421670056956394,66.56392261280244,0.8348377889277856,0.6803963257137874
2012-05-07,65.06999969482422,65.87999725341797,65.0,65.7300033569336,37.358192443847656,1574000,0.007047751455891316,65.47300033569336,64.1345001220703,63.168600158691405,0.01004498727573476,66.14665440727946,0.8292233874098969,0.7101617380530093
2012-05-08,65.36000061035156,65.69000244140625,65.0,65.61000061035156,37.28997802734375,1610900,-0.0018256920805310717,65.60500030517578,64.37000007629395,63.24880020141602,0.008360290101058071,69.50817375730185,0.8058019319359317,0.7292897768295938
2012-05-09,65.08999633789062,65.86000061035156,64.87999725341797,65.4000015258789,37.17062759399414,2729800,-0.003200717611935633,65.64200057983399,64.55600013732911,63.332000198364256,0.008213987498729017,67.19491987031256,0.7615167970404428,0.7357351808717637
2012-05-10,65.81999969482422,65.9000015258789,65.01000213623047,65.44999694824219,37.19905090332031,2346300,0.0007644559816026852,65.66800003051758,64.70200004577637,63.421200103759766,0.007817981490788039,62.96955204976709,0.7221304510055404,0.733014234898519
2012-05-11,65.11000061035156,65.83000183105469,64.94999694824219,65.58999633789062,37.27861404418945,2780400,0.002139028207429172,65.66299972534179,64.86799983978271,63.505800018310545,0.007669018348410298,72.18929613241129,0.694210838317602,0.7252535555823356
2012-05-14,64.87999725341797,65.38999938964844,64.72000122070312,64.76000213623047,36.80688095092773,2759300,-0.012654280347637048,65.59199981689453,64.95,63.57560005187988,0.007930443983519813,54.74749000471636,0.598214899602695,0.6998458243864076
2012-05-15,64.80000305175781,64.83000183105469,64.23999786376953,64.41999816894531,36.61363983154297,2525400,-0.005250215504470135,65.41599960327149,64.98799991607666,63.62620002746582,0.007867486397385407,43.296701085553124,0.4890643188932984,0.6576895232877858
2012-05-16,64.72000122070312,64.72000122070312,63.59999847412109,63.709999084472656,36.21009063720703,2051300,-0.01102140802007845,65.17899932861329,65.01199989318847,63.67900001525879,0.008131488991644375,35.49015882609014,0.34133599599903164,0.594418817830035
2012-05-17,63.68999862670898,63.720001220703125,61.84999847412109,61.84999847412109,35.15294647216797,3341500,-0.029194798886834183,64.77899932861328,64.94299983978271,63.687999954223635,0.010487926221038312,20.890939540291015,0.07332844651251946,0.4902007435665319
2012-05-18,62.04999923706055,62.34999847412109,60.90999984741211,61.09999847412109,34.726680755615234,2888400,-0.01212611185938528,64.36199951171875,64.79799976348878,63.68839988708496,0.010280537394053782,19.181944278549125,-0.1973136899400174,0.3526978568652221
2012-05-21,61.22999954223633,62.540000915527344,61.150001525878906,62.43000030517578,35.48261260986328,2124900,0.021767624619794645,64.03199920654296,64.75249977111817,63.70939987182617,0.011400533033775369,25.68095502916192,-0.3010096486156826,0.22195635576904119
2012-05-22,62.66999816894531,62.93000030517578,62.25,62.54999923706055,35.550804138183594,1767400,0.0019221356927467959,63.72599906921387,64.66549968719482,63.72379981994629,0.010815113340732374,27.166886681882715,-0.36925004732955813,0.10371507514932134
2012-05-23,62.11000061035156,62.790000915527344,61.54999923706055,62.63999938964844,35.60196304321289,2668900,0.0014388513778680334,63.44999885559082,64.5459997177124,63.714999771118165,0.010413520562721093,28.853772024964925,-0.41132727007752834,0.0007066061039514016
2012-05-24,62.880001068115234,63.220001220703125,62.18000030517578,62.91999816894531,35.76109313964844,1369500,0.004469967784564544,63.19699897766113,64.43249950408935,63.71519973754883,0.010466541202912747,33.88204266809001,-0.4172701799210259,-0.08288875110104406
2012-05-25,62.83000183105469,63.16999816894531,62.470001220703125,62.66999816894531,35.61901092529297,1383000,-0.003973299543473141,62.9049991607666,64.2839994430542,63.71219970703125,0.010275848309840685,28.389776171915884,-0.4371141100842024,-0.15373382289767573
2012-05-29,63.04999923706055,63.619998931884766,62.900001525878906,63.560001373291016,36.12485122680664,1423600,0.014201423812817637,62.78499908447266,64.1884994506836,63.71979972839355,0.010913801401918824,36.94267113545394,-0.376682584821701,-0.1983235752824808
2012-05-30,63.119998931884766,63.209999084472656,62.04999923706055,62.04999923706055,35.266624450683594,1484000,-0.023757113020847043,62.54799919128418,63.98199939727783,63.68839973449707,0.011588554323443027,31.69397198468954,-0.445499280058101,-0.24775871623760484
2012-05-31,62.16999816894531,63.0099983215332,61.52000045776367,62.52000045776367,35.53373336791992,2127000,0.007574556430008927,62.42899932861328,63.80399932861328,63.66819976806641,0.011831819119216004,34.69176898648277,-0.45684560453128853,-0.2895760938963416
2012-06-01,61.59999847412109,61.79999923706055,60.86000061035156,60.9900016784668,34.66416549682617,3453800,-0.024472149201766102,62.342999649047854,63.56099948883057,63.61919982910156,0.012796591433942314,29.01462845519771,-0.5825801419453001,-0.3481769035061333
2012-06-04,60.959999084472656,61.130001068115234,60.13999938964844,60.56999969482422,34.42545700073242,3573700,-0.006886407150089702,62.28999977111816,63.325999641418456,63.57919982910156,0.012763772836028859,30.14218862881482,-0.707955448962565,-0.42013261259741963
2012-06-05,60.310001373291016,61.93000030517578,60.29999923706055,61.81999969482422,35.13589859008789,2871000,0.020637279285091514,62.22899971008301,63.13049945831299,63.5563998413086,0.013691352998561597,38.656208765676546,-0.6984009977770924,-0.47578628963335423
2012-06-06,62.310001373291016,63.18999862670898,62.0,63.18999862670898,35.9145622253418,6758200,0.022161095740016012,62.29299964904785,63.00949935913086,63.5563998413086,0.014802589479785145,47.85478475141687,-0.573668666837257,-0.4953627650741348
2012-06-07,63.7599983215332,63.869998931884766,62.650001525878906,62.7400016784668,35.65880584716797,2191500,-0.007121331825001409,62.302999877929686,62.87649936676026,63.54719985961914,0.014848381328653858,54.1550091663126,-0.5053035639169465,-0.49735092484269716
2012-06-08,62.70000076293945,63.630001068115234,62.59999847412109,63.630001068115234,36.16462707519531,1696000,0.014185517466345443,62.37400016784668,62.785499572753906,63.557799911499025,0.015275548877414438,61.65899566952849,-0.3749856138630818,-0.4728778626467741
2012-06-11,64.16000366210938,64.2699966430664,62.119998931884766,62.20000076293945,35.35188293457031,2074000,-0.022473680357870562,62.32700042724609,62.61599979400635,63.539199905395506,0.015960169798097053,48.94977385291713,-0.38268541393333066,-0.4548393729040855
2012-06-12,62.4900016784668,62.86000061035156,61.88999938964844,62.790000915527344,35.687217712402344,1951500,0.00948553288345666,62.250000381469725,62.51749973297119,63.52199989318848,0.015988672898685233,51.05079525735006,-0.3372913942499167,-0.43132977717325177
2012-06-13,62.59000015258789,63.2599983215332,62.209999084472656,62.470001220703125,35.505332946777344,1600500,-0.005096347987870287,62.29200057983398,62.41999988555908,63.489399948120116,0.015986770617333928,49.270394220259604,-0.32340954372325825,-0.40974573048325313
2012-06-14,62.540000915527344,63.630001068115234,62.4900016784668,63.380001068115234,36.022544860839844,1532600,0.014566989429008137,62.37800064086914,62.40349998474121,63.48,0.016199915316441094,51.872975578176586,-0.2362552907396065,-0.37504764253452383
2012-06-15,63.619998931884766,63.84999847412109,63.22999954223633,63.77000045776367,36.24420166015625,1319900,0.006153350947869285,62.65600051879883,62.49950008392334,63.49239997863769,0.014723540621234715,54.42834989184015,-0.1341686136922533,-0.32687183676606973
2012-06-18,63.47999954223633,64.62999725341797,63.36000061035156,64.30000305175781,36.54542541503906,1754000,0.008311158698284471,63.02900085449219,62.65950031280518,63.52020004272461,0.01442453171105766,53.067999975960454,-0.010377778152005135,-0.2635730250432568
2012-06-19,64.61000061035156,64.97000122070312,64.05000305175781,64.55999755859375,36.693206787109375,2485300,0.0040434602565517785,63.30300064086914,62.76600017547607,63.566599960327146,0.01371552079191727,61.60961967693273,0.10746791152772062,-0.18936483772906132
2012-06-20,64.63999938964844,64.81999969482422,64.1500015258789,64.52999877929688,36.67616271972656,2001800,-0.0004646651244006872,63.43700065612793,62.86500015258789,63.63919990539551,0.013724495042731146,59.69141758610023,0.1961793850191711,-0.11225599317941484
2012-06-21,64.66000366210938,64.73999786376953,63.380001068115234,63.47999954223633,36.079376220703125,3072600,-0.016271490111935627,63.51100044250488,62.90700016021729,63.67519989013672,0.014298137408072623,62.58847289325552,0.1796863908094224,-0.0538675163816474
2012-06-22,63.7599983215332,63.93000030517578,63.06999969482422,63.4900016784668,36.085052490234375,2204200,0.00015756358384688696,63.497000503540036,62.93550033569336,63.694399948120115,0.014271795901920735,65.40086748221319,0.16551471230097548,-0.009991070645122828
2012-06-25,62.31999969482422,62.84999847412109,62.18999862670898,62.650001525878906,35.901126861572266,3700200,-0.013230432042542928,63.54200057983398,62.934500503540036,63.70199996948242,0.014573080191091737,54.57553780128565,0.08551677865000329,0.009110499213902395
2012-06-26,62.79999923706055,63.18999862670898,62.43999862670898,62.86000061035156,36.02145767211914,2121600,0.0033519406122586304,63.5490005493164,62.89950046539307,63.696800003051756,0.014217552628728024,47.9140433564161,0.03861784844094274,0.015011969059310463
2012-06-27,63.02000045776367,63.25,62.77000045776367,63.11000061035156,36.16472244262695,1694800,0.003977091911749442,63.61300048828125,62.95250053405762,63.685800018310545,0.01313684692024489,52.39947573855998,0.021376602853329985,0.01628489581811437
2012-06-28,62.869998931884766,63.810001373291016,62.540000915527344,63.79999923706055,36.56012344360352,1726500,0.010933269213054153,63.65500030517578,63.01650047302246,63.697200012207034,0.013247270014061953,51.131812871438,0.06266752194119363,0.025561421042730223
2012-06-29,64.95999908447266,65.47000122070312,64.6500015258789,65.43000030517578,37.4941635131836,2215800,0.02554860638882883,63.821000289916995,63.23850040435791,63.74120002746582,0.012882608045601117,70.94683219131485,0.22433237256405647,0.06531561134699548
2012-07-02,65.94000244140625,66.16999816894531,65.33000183105469,66.1500015258789,37.906768798828125,3891600,0.011004145152757605,64.0060001373291,63.517500495910646,63.7842000579834,0.012736560719989106,71.4285853305359,0.40587236860599774,0.13342696279879596
2012-07-03,66.31999969482422,66.69000244140625,66.06999969482422,66.54000091552734,38.13024520874024,1586100,0.00589568224720094,64.20400047302246,63.7535005569458,63.84820007324219,0.012166914230201893,75.72693891369327,0.5745902955212827,0.2216596293432933
2012-07-05,66.43000030517578,66.6500015258789,65.98999786376953,66.12999725341797,37.89529800415039,1407800,-0.006161762195192599,64.36400032043457,63.90050048828125,63.885,0.011544286071758603,68.55598004002086,0.667521823101211,0.31083206809487685
2012-07-06,65.58000183105469,66.4000015258789,65.58000183105469,66.29000091552734,37.98699951171875,1617000,0.0024195322660640617,64.64500045776367,64.07800045013428,63.91020004272461,0.011327850056630954,67.54873963643513,0.7454881630759758,0.39776328709109665
2012-07-09,66.29000091552734,66.44000244140625,65.98999786376953,66.36000061035156,38.027103424072266,1785700,0.0010559615908500852,64.93200035095215,64.2145004272461,63.93360000610352,0.011010321472572799,65.32736000290643,0.8036613320099661,0.47894289607487056
2012-07-10,66.69000244140625,66.69999694824219,65.29000091552734,65.6500015258789,37.62024688720703,1534000,-0.010699202500638605,65.23200035095215,64.38700046539307,63.933800048828125,0.00988065203630029,57.60113727897918,0.7834419638150081,0.5398427096228982
2012-07-11,65.73999786376953,65.8499984741211,65.2699966430664,65.72000122070312,37.66035079956055,1630900,0.0010662557988916355,65.5180004119873,64.53350048065185,63.93880004882813,0.00975711690143826,58.252436430589505,0.7642564861688754,0.5847254649320937
2012-07-12,65.4000015258789,66.25,65.08000183105469,65.91999816894531,37.77496719360352,2271800,0.00304316714131736,65.79900016784669,64.70600032806396,63.93360000610352,0.009599622547509934,69.18236579442515,0.7564698259222098,0.619074337130117
2012-07-13,66.12999725341797,66.80999755859375,66.02999877929688,66.7300033569336,38.23912811279297,1484600,0.01228770040181626,66.09200057983398,64.87350044250488,63.94660003662109,0.00946433972811301,72.62568641835998,0.8063642258998414,0.6565323148840618
2012-07-16,66.68000030517578,67.04000091552734,66.5,66.86000061035156,38.31362533569336,1789000,0.0019481080005738782,66.23500061035156,65.02800045013427,63.9668000793457,0.009428379448252117,82.63562865574895,0.8466360953754872,0.6945530709823469
2012-07-17,67.25,67.70999908447266,66.5999984741211,67.5,38.68037414550781,2007300,0.009572231286359756,66.37000045776367,65.18800029754638,64.01140014648438,0.009474022043598452,83.72090186476464,0.9195939376388935,0.7395612443136562
2012-07-18,67.41000366210938,67.51000213623047,66.87999725341797,67.0999984741211,38.45115661621094,1690200,-0.005925948531539382,66.42600021362304,65.31500034332275,64.03880004882812,0.009647766108437154,78.37833731443386,0.9343659836425218,0.7785221921794293
2012-07-19,67.12999725341797,67.3499984741211,65.94999694824219,66.4000015258789,38.05002975463867,2365200,-0.010432145516548141,66.45300064086913,65.40850048065185,64.05460006713867,0.010030306489860795,68.4659129393469,0.8794512661657308,0.7987080069766896
2012-07-20,65.91000366210938,66.25,65.75,66.05000305175781,37.849456787109375,1475600,-0.00527106123611587,66.42900085449219,65.53700065612793,64.06760009765625,0.009279322152455432,55.381966290274505,0.7984845720171023,0.7986633199847722
2012-07-23,65.2699966430664,65.75,65.12000274658203,65.56999969482422,37.57440948486328,1342000,-0.007267272290017224,66.35000076293946,65.6410005569458,64.0700001525879,0.00950385902358284,44.74636429224981,0.6876587225211495,0.7764624004920477
2012-07-24,65.6500015258789,65.9000015258789,64.93000030517578,65.3499984741211,37.44833755493164,1941200,-0.003355211556002047,66.32000045776367,65.77600040435792,64.0652001953125,0.008928894121775591,38.87849454391959,0.5754428316916176,0.7362584867319618
2012-07-25,65.66000366210938,65.76000213623047,64.97000122070312,65.31999969482422,37.4311408996582,1350800,-0.00045904789590400785,66.28000030517578,65.89900035858155,64.07640014648437,0.008942538042691624,41.851133202748414,0.47857358062267963,0.6847215055101055
2012-07-26,66.1500015258789,66.41999816894531,65.51000213623047,65.9000015258789,37.76351165771485,1365900,0.008879391208886478,66.27800064086914,66.0385004043579,64.10600021362305,0.009067083875174922,46.38219449154821,0.44349299060297653,0.6364758025286797
2012-07-27,66.30999755859375,67.01000213623047,66.18000030517578,66.52999877929688,38.12451934814453,1469300,0.009559897402590556,66.25800018310547,66.17500038146973,64.16240020751952,0.00900246544463493,51.4285567742647,0.4612103378333785,0.6014227095896195
2012-07-30,66.62000274658203,67.08000183105469,66.51000213623047,66.83999633789062,38.30215835571289,1370800,0.004659515470939901,66.25599975585938,66.24550018310546,64.26220016479492,0.007167986808110287,60.720682824500415,0.4945646420432155,0.5800510960803388
2012-07-31,66.91000366210938,66.9800033569336,66.5199966430664,66.73999786376953,38.244850158691406,1782500,-0.0014960873668451447,66.17999954223633,66.275,64.37500015258789,0.006793303074669011,59.139764363580674,0.5070837811148436,0.5654576330872397
2012-08-01,67.12000274658203,67.4800033569336,66.41999816894531,66.41999816894531,38.06148910522461,2666100,-0.004794721382482048,66.11199951171875,66.2689998626709,64.45480010986329,0.006764106326640916,54.3859672605105,0.4855864496765463,0.5494833964051011
2012-08-02,66.4000015258789,66.7300033569336,65.91999816894531,66.61000061035156,38.17036819458008,1637600,0.0028606209973531804,66.13299942016602,66.29300003051758,64.5360001373291,0.006635994038723041,48.81886925635846,0.47836695228377835,0.5352601075808366
2012-08-03,67.23999786376953,67.41000366210938,67.0199966430664,67.12999725341797,38.46834182739258,1730800,0.007806585171920899,66.24099884033203,66.3349998474121,64.62580009460449,0.006829531606027433,52.467979519166256,0.5087403893598861,0.5299561639366466
2012-08-06,67.38999938964844,67.55000305175781,67.05999755859375,67.05999755859375,38.42823791503906,1768200,-0.0010427483641920476,66.38999862670899,66.36999969482422,64.70860008239747,0.006839113630774159,45.51017357672689,0.5211556092556435,0.5281960530004459
2012-08-07,67.29000091552734,67.29000091552734,66.2699966430664,66.2699966430664,37.97552490234375,2471600,-0.011780509160279617,66.48199844360352,66.4009994506836,64.78060005187989,0.0069362813595666515,42.15498218844196,0.461923522074855,0.5149415468153278
2012-08-08,66.11000061035156,66.23999786376953,65.5999984741211,65.81999969482422,37.7176513671875,1899300,-0.00679035719083998,66.53199844360351,66.40599937438965,64.82580001831055,0.007122090646200991,44.246005915816184,0.374355337989968,0.48682430505025587
2012-08-09,65.88999938964844,66.08000183105469,65.5,65.61000061035156,37.59732055664063,1324000,-0.0031905057041373697,66.50299835205078,66.39049949645997,64.89700004577637,0.007122916694767296,45.51017357672689,0.2847295649400081,0.44640535702820633
2012-08-10,65.48999786376953,65.7300033569336,65.4000015258789,65.69999694824219,37.64889526367188,987000,0.0013716862833930143,66.41999816894531,66.3389991760254,64.96059997558594,0.0065062710346783514,51.441215428676806,0.21844435585862243,0.4008131567942896
2012-08-13,65.66999816894531,65.80000305175781,65.30000305175781,65.6500015258789,37.62024688720703,1448400,-0.0007609653681212025,66.30099868774414,66.27849922180175,65.05379997253418,0.006475106549345211,53.456271424804434,0.16003386655096108,0.3526572987456239
2012-08-14,65.87000274658203,65.88999938964844,65.4000015258789,65.51000213623047,37.5400276184082,1586100,-0.002132511597783493,66.17799911499023,66.17899932861329,65.1526000213623,0.0059902652661427795,52.13486767660835,0.10127887243140776,0.3023816134827807
2012-08-15,65.43000030517578,65.93000030517578,65.43000030517578,65.80999755859375,37.71192932128906,1079200,0.004579383492301359,66.11699905395508,66.11449928283692,65.2323999786377,0.006040099759567826,48.92080934267894,0.07802284096008805,0.2575098589782422
2012-08-16,65.86000061035156,66.30999755859375,65.5,66.30999755859375,37.99844741821289,1362700,0.007597629821439078,66.0869987487793,66.10999908447266,65.29479995727539,0.005894563205339829,47.2771978063483,0.09879919418386862,0.2257677260193675
2012-08-17,66.36000061035156,66.4000015258789,66.08000183105469,66.33000183105469,38.009910583496094,1773500,0.00030167807566661153,66.00699920654297,66.1239990234375,65.36659996032715,0.005765129790114258,43.20004557310211,0.11554682947934225,0.20372354671136247
2012-08-20,66.33999633789062,66.44000244140625,65.80999755859375,66.13999938964844,37.90103149414063,2710100,-0.0028645022789264285,65.91499938964844,66.15249900817871,65.41679992675782,0.005543696840973696,42.18749689558229,0.11219453326556561,0.18541774402220312
2012-08-21,66.37999725341797,66.4800033569336,66.13999938964844,66.27999877929688,37.98126602172852,1429600,0.00211671289598403,65.91599960327149,66.1989990234375,65.49839988708496,0.005480817764853803,48.087433972175546,0.11945756266243279,0.17222570775024906
2012-08-22,66.1500015258789,66.2699966430664,65.51000213623047,66.23999786376953,37.95833206176758,1893100,-0.0006035141258909915,65.95799942016602,66.24499893188477,65.56739982604981,0.005482549837544375,44.72928589904382,0.12059567433972518,0.1618997010681443
2012-08-23,66.13999938964844,66.2699966430664,65.80000305175781,66.04000091552734,37.84373092651367,2421000,-0.0030192776976458724,66.0009994506836,66.25199890136719,65.63879981994629,0.0051874828191711886,32.91534925547333,0.10415887508932542,0.15035153587238054
2012-08-24,65.9800033569336,66.44000244140625,65.7300033569336,66.26000213623047,37.96981430053711,1946500,0.0033313327930526437,66.05699996948242,66.23849906921387,65.69639984130859,0.0047602362251372024,38.02398013609607,0.10764400011916564,0.14181002872173756
2012-08-27,66.51000213623047,66.61000061035156,66.12999725341797,66.45999908447266,38.08441162109375,1191000,0.0030183661604930023,66.1379997253418,66.21949920654296,65.75019981384277,0.004685756565088289,53.45460901216826,0.12510197143970458,0.13846841726533096
2012-08-28,66.30999755859375,66.75,66.0999984741211,66.69000244140625,38.21620559692383,1189900,0.0034607788158596,66.25599975585938,66.21699943542481,65.79799980163574,0.004748419837434113,67.19379031455532,0.15570205184292263,0.1419151441808493
2012-08-29,66.81999969482422,66.8499984741211,66.54000091552734,66.66999816894531,38.20475006103516,1198700,-0.0002999590902476035,66.34199981689453,66.2294994354248,65.84019981384277,0.004615381623873513,72.64955592941821,0.17630630903552458,0.14879337715178437
2012-08-30,66.47000122070312,66.63999938964844,66.2699966430664,66.5199966430664,38.1187858581543,1375000,-0.0022499104544565496,66.3629997253418,66.22499923706054,65.87999977111816,0.004601658755281802,67.08331611422469,0.1784741231871294,0.15472952635885337
2012-08-31,66.81999969482422,66.87999725341797,66.19999694824219,66.7300033569336,38.23912811279297,2484900,0.0031570463689896133,66.40299987792969,66.20499954223632,65.9449998474121,0.00429037038300786,71.09368015115663,0.1948913322675594,0.16276188754059456
2012-09-04,66.73999786376953,67.2699966430664,66.26000213623047,67.19999694824219,38.50846099853516,1714000,0.007043212463134996,66.50899963378906,66.21199951171874,66.01919975280762,0.004586471167105771,79.23859355489323,0.2430252004290736,0.1788145501182904
2012-09-05,67.29000091552734,67.3499984741211,66.79000091552734,67.08000183105469,38.439697265625,1612500,-0.0017856417059054497,66.58899993896485,66.25249977111817,66.10779975891113,0.0036764345408132363,73.43175509422701,0.26839514248446505,0.19673066859152533
2012-09-06,67.37999725341797,67.69000244140625,67.33000183105469,67.68000030517578,38.78352355957031,2373700,0.008944520836958736,66.73300018310547,66.34549980163574,66.20419975280761,0.0036920963047881077,74.37722806417368,0.33307636975138166,0.2239998088234966
2012-09-07,67.81999969482422,67.91999816894531,67.5999984741211,67.73999786376953,38.81790542602539,1648300,0.0008864887459103521,66.90299987792969,66.45199966430664,66.29679969787598,0.0035344428620508184,74.73678574774799,0.3847429328853451,0.2561484336358663
2012-09-10,67.63999938964844,67.66000366210938,67.12000274658203,67.20999908447266,38.51419448852539,3773600,-0.007824015293929398,66.99799957275391,66.52749977111816,66.36499969482422,0.004116529207352031,66.7711823667425,0.37855879416736116,0.2806305057421653
2012-09-11,67.19999694824219,67.44000244140625,67.0199966430664,67.41000366210938,38.62880706787109,3574500,0.0029758158065935625,67.09300003051757,66.6154998779297,66.40459976196288,0.004110273543586211,67.3846905048077,0.3853543920297824,0.3015752829996887
2012-09-12,67.47000122070312,67.62999725341797,67.26000213623047,67.55000305175781,38.70903396606445,3416200,0.002076834031194741,67.17900009155274,66.71749992370606,66.43259979248047,0.004030549856094187,69.55232514444614,0.39745511782524545,0.3207512499648001
2012-09-13,67.62000274658203,68.4800033569336,67.5199966430664,68.37999725341797,39.18464279174805,4467500,0.012287108277762915,67.35,66.84599990844727,66.46939971923828,0.0046561799138887085,79.39697047536163,0.46861670406153166,0.3503243407841464
2012-09-14,68.54000091552734,69.19999694824219,68.51000213623047,68.76000213623047,39.40242767333984,4855800,0.005557252092365461,67.57400054931641,66.9685001373291,66.52199981689454,0.004546467287612652,80.1932411663024,0.5493435021170399,0.3901281730507251
2012-09-17,68.79000091552734,69.11000061035156,68.47000122070312,68.55999755859375,39.28779983520508,2430200,-0.0029087343138887167,67.75699996948242,67.07999992370605,66.56739974975586,0.0046583972844468705,75.3622574123865,0.5903758875385847,0.43017771594829707
2012-09-18,68.3499984741211,68.41000366210938,67.69000244140625,67.91000366210938,38.91532897949219,2344400,-0.009480658104295658,67.82800064086913,67.1685001373291,66.59839981079102,0.005200370488019147,63.37721352946688,0.5639444725505882,0.4569310672687553
2012-09-19,67.97000122070312,68.0199966430664,67.52999877929688,67.52999877929688,38.69755935668945,1972600,-0.005595712889418181,67.87300033569336,67.2310001373291,66.63599975585937,0.005420576369794985,58.739846853804,0.5064956015230848,0.46684397411962125
2012-09-20,67.2300033569336,67.23999786376953,66.29000091552734,66.52999877929688,38.12451934814453,4285400,-0.014808233645438373,67.75800018310547,67.24550018310546,66.65219970703124,0.006464678984240329,50.0866736746068,0.37594169286593626,0.44866351786888425
2012-09-21,66.63999938964844,66.76000213623047,66.4800033569336,66.54000091552734,38.13024520874024,6134600,0.0001503402437095236,67.63800048828125,67.27050018310547,66.66459976196289,0.006419308124811148,48.2944101250565,0.27016952238808756,0.41296471877272495
2012-09-24,65.7300033569336,66.25,65.69999694824219,65.7699966430664,37.988731384277344,4512700,-0.011572050824562807,67.49400024414062,67.24599990844726,66.64539962768555,0.006907202681880627,37.81942388350297,0.12279589104944932,0.35493095322806983
2012-09-25,65.9800033569336,66.02999877929688,64.7699966430664,64.80000305175781,37.42846298217773,5153600,-0.014748268827999844,67.23300018310547,67.16300010681152,66.60419967651367,0.007562787973066985,33.03572644992529,-0.07144556974532179,0.26965564863339153
2012-09-26,64.73999786376953,65.18000030517578,64.66999816894531,64.79000091552734,37.42267990112305,2693300,-0.00015435394690455073,66.95699996948242,67.06800003051758,66.54999969482422,0.0074874324877989935,26.427429953999635,-0.22361274710725354,0.17100196948526253
2012-09-27,65.05000305175781,65.5199966430664,64.83999633789062,65.06999969482422,37.58441925048828,1542000,0.0043216356743371875,66.62600021362304,66.98800010681153,66.50939971923827,0.007594290045460215,28.97641257803602,-0.3179476672376893,0.07321204214067216
2012-09-28,64.91999816894531,65.2699966430664,64.58999633789062,64.97000122070312,37.526649475097656,2903500,-0.0015367830734606125,66.24700012207032,66.91050033569336,66.48079971313477,0.0075907070011623995,31.08111765365419,-0.3962105437115184,-0.020672475029765963
2012-10-01,65.0999984741211,65.30999755859375,63.81999969482422,64.48999786376953,37.24941635131836,5154300,-0.0073880767725864605,65.84000015258789,66.79850006103516,66.449599609375,0.007641802704823885,26.451583528887696,-0.4913032583827288,-0.11479863170035853
2012-10-02,64.68000030517578,64.9800033569336,64.41000366210938,64.9800033569336,37.53242874145508,2511100,0.007598162651504037,65.54700012207032,66.68750038146973,66.43779968261718,0.007676066816189497,30.38171371064024,-0.5211184426917299,-0.19606259389863281
2012-10-03,65.06999969482422,65.68000030517578,65.0,65.11000061035156,37.60752868652344,2928600,0.0020005732025574208,65.30500030517578,66.58900032043456,66.4329997253418,0.007719119132328936,22.051376352584143,-0.5281690945963078,-0.2624838940381678
2012-10-04,65.41999816894531,65.62000274658203,64.77999877929688,65.08999633789062,37.59597396850586,2258000,-0.00030723809358645937,65.16100006103515,66.45950012207031,66.42839965820312,0.0073301448962126,16.57561907038344,-0.5292698710187551,-0.3158410894342853
2012-10-05,65.1500015258789,65.5199966430664,64.95999908447266,65.16999816894531,37.64217376708984,1636300,0.0012290956453491209,65.02399978637695,66.3310001373291,66.41379959106445,0.007337454063180573,18.43582086159425,-0.517718824758262,-0.35621663649908064
2012-10-08,64.83000183105469,65.05999755859375,64.72000122070312,65.02999877929688,37.56132507324219,1825600,-0.002148218406965552,64.95,66.22200012207031,66.38379959106446,0.007205099033770523,20.37041688382635,-0.5139369725915515,-0.3877607037175748
2012-10-09,65.05000305175781,65.36000061035156,64.7699966430664,64.79000091552734,37.42267990112305,2292200,-0.003690571555814648,64.94899978637696,66.09099998474122,66.34279968261718,0.007135032024596311,20.974653323872047,-0.5242622801395243,-0.4150610190019647
2012-10-10,64.87000274658203,65.19000244140625,64.68000030517578,65.05000305175781,37.572879791259766,1984800,0.004012997878630298,64.975,65.96599998474122,66.30899978637696,0.007205415725686862,31.40714017344365,-0.5056364984890394,-0.4331761148993796
2012-10-11,65.36000061035156,65.52999877929688,65.0,65.0,37.54399108886719,1537800,-0.0007686863860409954,64.96800003051757,65.79700012207032,66.28059982299804,0.006403098553251771,30.845816466158425,-0.4892702577522243,-0.44439494346994857
2012-10-12,65.11000061035156,65.37000274658203,64.70999908447266,64.7699966430664,37.41114807128906,1741200,-0.003538513183593772,64.9479995727539,65.59749984741211,66.24379974365235,0.006116415575751566,35.632229266966576,-0.4892198211724832,-0.4533599190104555
2012-10-15,64.79000091552734,65.23999786376953,64.45999908447266,65.19999694824219,37.65950775146485,2209900,0.006638881078617542,65.01899948120118,65.42949981689453,66.20519973754882,0.006482793245026513,56.80257633241124,-0.449303132029911,-0.45254856161434664
2012-10-16,65.44999694824219,65.70999908447266,65.4000015258789,65.5999984741211,37.89054870605469,2355800,0.006134993015359136,65.08099899291992,65.31399955749512,66.17599975585938,0.006536585178167839,62.16206308766657,-0.38100015548592125,-0.4382388803886616
2012-10-17,65.30999755859375,65.55000305175781,64.98999786376953,65.41999816894531,37.78657531738281,2665300,-0.002743907154918457,65.1119987487793,65.20849952697753,66.15899978637695,0.00647816974727471,55.41790181049449,-0.33750354401408345,-0.418091813113746
2012-10-18,65.31999969482422,66.11000061035156,65.31999969482422,66.08999633789062,38.1735725402832,2155900,0.010241488653287112,65.2119987487793,65.18649940490722,66.16439971923828,0.006198676160010011,64.7367068479509,-0.24613166064861502,-0.3836997826207198
2012-10-19,66.05999755859375,66.31999969482422,65.44000244140625,65.54000091552734,37.85590744018555,2046100,-0.008321916369179116,65.2489990234375,65.13649940490723,66.16299972534179,0.006449724741760004,63.56589452932479,-0.21561336223855676,-0.3500824985442872
2012-10-22,65.48999786376953,65.55000305175781,64.83000183105469,65.20999908447266,37.665283203125,1642900,-0.005035120940569016,65.26699905395508,65.10849952697754,66.1531997680664,0.006023285844780188,53.099667268517194,-0.21557081454001548,-0.3231801617434329
2012-10-23,64.73999786376953,64.86000061035156,64.08999633789062,64.55000305175781,37.28406524658203,1976200,-0.010121086366829846,65.24299926757813,65.09599952697754,66.13119979858398,0.005510611535154817,43.39626376078281,-0.2657300881603959,-0.3116901470268255
2012-10-24,64.72000122070312,64.94999694824219,64.30000305175781,64.5,37.25518798828125,1701100,-0.0007746405792997679,65.18799896240235,65.08149948120118,66.11099975585938,0.005512211806396369,43.091384689053356,-0.30598924867945243,-0.3105499673573509
2012-10-25,64.86000061035156,65.1500015258789,63.68000030517578,64.31999969482422,37.15121078491211,2028200,-0.0027907024058260177,65.11999893188477,65.04399948120117,66.08119979858398,0.005433339183927799,40.2746231133846,-0.3484032677476705,-0.31812062743541486
2012-10-26,64.30000305175781,64.30000305175781,63.400001525878906,63.7599983215332,36.82777786254883,2320000,-0.008706489053918354,65.01899909973145,64.98349933624267,66.03019981384277,0.005729264308552392,36.74322334433144,-0.42233569118047853,-0.3389636401844276
2012-10-31,64.04000091552734,64.44000244140625,63.7400016784668,64.37999725341797,37.18587875366211,2616900,0.009723948372115654,64.93699913024902,64.97799930572509,65.99119972229003,0.005985142186575684,46.034785277793766,-0.42598840795120907,-0.3563685937377839
2012-11-01,64.5,64.94999694824219,64.22000122070312,64.69000244140625,37.36492156982422,2311200,0.0048152407768520256,64.84599952697754,64.96349925994873,65.96219978332519,0.005827807372841399,46.55172413793104,-0.3992658957474191,-0.36494805413971093
2012-11-02,65.05999755859375,65.56999969482422,65.01000213623047,65.12000274658203,37.6133041381836,2587100,0.006647090569601666,64.81599998474121,64.96399936676025,65.9389998626709,0.006010226791485804,51.071451926692504,-0.33947739721764947,-0.35985392275529865
2012-11-05,65.12000274658203,65.19999694824219,64.30000305175781,64.69000244140625,37.36492156982422,1633100,-0.006603198511049624,64.67600059509277,64.94399967193604,65.90799995422363,0.006190707217081011,49.31039517612054,-0.3230678868483068,-0.3524967155739003
2012-11-06,64.91999816894531,65.0999984741211,64.55000305175781,64.97000122070312,37.526649475097656,1415100,0.004328316103411556,64.61900062561035,64.93399982452392,65.88659996032715,0.006269025704809119,47.964640128983994,-0.2841936625768682,-0.33883610497449385
2012-11-07,64.61000061035156,64.94000244140625,64.37000274658203,64.68000030517578,37.35916519165039,2476300,-0.004463612591636079,64.56600074768066,64.91649990081787,65.85499992370606,0.006329250170496062,41.69676880046383,-0.273631951208813,-0.32579527422135773
2012-11-08,64.69999694824219,64.69999694824219,63.900001525878906,63.90999984741211,36.91440582275391,1793200,-0.011904768925952713,64.50200042724609,64.87249984741212,65.80399993896485,0.006812289506840559,37.683539490822014,-0.32366333122685376,-0.32536888562245697
2012-11-09,63.77999877929688,64.19000244140625,63.45000076293945,63.7400016784668,36.81621551513672,2400500,-0.0026599619676292985,64.42600059509277,64.80699977874755,65.74499992370606,0.006734261135790734,29.129713911310674,-0.37273434236794856,-0.3348419769715553
2012-11-12,63.86000061035156,63.91999816894531,63.34999847412109,63.59000015258789,36.72956848144531,1182200,-0.0023533342003281277,64.35300064086914,64.73649978637695,65.6833999633789,0.006740775635097636,31.357570850793024,-0.4188985401427061,-0.3516532896057855
2012-11-13,63.34999847412109,63.90999984741211,63.25,63.540000915527344,36.70068359375,1648100,-0.0007862751523913802,64.33100090026855,64.675,65.62380004882813,0.006715870026850204,33.131347226524994,-0.4542818417529162,-0.37217900003521165
2012-11-14,63.810001373291016,63.810001373291016,62.150001525878906,62.34999847412109,36.013336181640625,2489400,-0.01872839824142114,64.12800102233886,64.53250007629394,65.53619995117188,0.007553085012328725,29.92700577493885,-0.5717557703431453,-0.4120943540967984
2012-11-15,62.380001068115234,62.72999954223633,61.68999862670898,62.060001373291016,35.84584045410156,3151600,-0.004651116406208633,63.86500091552735,64.35550022125244,65.43340003967285,0.007307318777107449,28.67135945153771,-0.6804116851698794,-0.4657578203114146
2012-11-16,62.11000061035156,62.5,61.65999984741211,62.43999862670898,36.065338134765625,2446300,0.006123062278588609,63.59700050354004,64.20650024414063,65.34059997558593,0.007571561648725493,34.12161792082307,-0.7274738126370295,-0.5181010187765376
2012-11-19,63.130001068115234,63.38999938964844,62.79999923706055,63.209999084472656,36.51008224487305,2112300,0.012331846167503047,63.44900016784668,64.06250038146973,65.25119995117187,0.0077657492407863715,45.51387323632512,-0.6946310120260222,-0.5534070174264345
2012-11-20,63.29999923706055,63.68000030517578,62.86000061035156,63.68000030517578,36.78154754638672,2490200,0.0074355517720388065,63.320000076293944,63.969500350952146,65.17,0.007909597536125426,44.147185992541566,-0.6234904752857915,-0.567423708998306
2012-11-21,63.720001220703125,63.86000061035156,63.2400016784668,63.56999969482422,36.718017578125,1954000,-0.001727396511061574,63.20900001525879,63.88750038146973,65.09720001220703,0.007864230818840835,40.31139287958225,-0.5694232604286356,-0.567823619284372
2012-11-23,63.79999923706055,64.08999633789062,63.59999847412109,64.04000091552734,36.98948669433594,921500,0.007393443809335043,63.22200012207031,63.8620002746582,65.02979995727539,0.007798503851029455,40.72163326730804,-0.48308077807215,-0.5508750510419276
2012-11-26,63.900001525878906,64.61000061035156,63.70000076293945,64.16999816894531,37.06459045410156,3668600,0.0020299383441522156,63.26499977111816,63.84550018310547,64.96219985961915,0.007815994529255101,45.289813508182945,-0.3995581887387516,-0.5206116785812924
2012-11-27,63.65999984741211,64.38999938964844,63.2599983215332,63.810001373291016,36.85663986206055,5494200,-0.00561004840153656,63.28699989318848,63.82000026702881,64.8707999420166,0.007889736577613696,39.642848627899774,-0.3582845860512336,-0.4881462600752807
2012-11-28,63.70000076293945,63.79999923706055,63.11000061035156,63.72999954223633,36.81044006347656,5931100,-0.0012537506555856393,63.305999755859375,63.81850032806396,64.77019989013672,0.007647471213497105,41.18736973222785,-0.32824661507190456,-0.4561663310746055
2012-11-29,64.12999725341797,64.1500015258789,63.540000915527344,64.08000183105469,37.01258850097656,3011100,0.005491954987170589,63.479000091552734,63.8035005569458,64.68059997558593,0.007419533435725533,51.71028241822766,-0.2730514795547734,-0.41954336077063914
2012-11-30,64.0999984741211,64.5199966430664,64.02999877929688,64.20999908447266,37.087677001953125,3312300,0.002028671187630504,63.6939998626709,63.77950038909912,64.6065998840332,0.0073460537812777785,54.766711364942985,-0.21632557846892553,-0.37889980431029646
2012-12-03,64.4800033569336,64.8499984741211,64.27999877929688,64.47000122070312,37.23786926269531,3735500,0.0040492468453148245,63.89700012207031,63.74700031280518,64.54539993286133,0.007238057105698446,58.73017434841679,-0.14867604876255314,-0.3328550532007478
2012-12-04,64.37999725341797,64.91000366210938,64.33999633789062,64.56999969482422,37.29562759399414,2379700,0.0015510853455511509,64.03300018310547,63.741000175476074,64.50619995117188,0.007103186292092155,60.11787348086504,-0.08600288027338365,-0.283484618615275
2012-12-05,64.61000061035156,64.69000244140625,64.12999725341797,64.37000274658203,37.18009948730469,2487100,-0.00309736641145153,64.1020004272461,63.71100025177002,64.46279998779296,0.007055161372737747,74.63425345277408,-0.05187405319409777,-0.2371625055310396
2012-12-06,64.55999755859375,64.98999786376953,64.3499984741211,64.97000122070312,37.526649475097656,2335500,0.00932108821687061,64.24200057983398,63.72550029754639,64.4468000793457,0.007310126061796143,82.9932537695071,0.023319339783029136,-0.18506613646822584
2012-12-07,65.05000305175781,65.22000122070312,64.93000030517578,65.20999908447266,37.665283203125,2812900,0.0036939796715449447,64.35900039672852,63.790500259399415,64.455,0.0067562962435360144,82.43565702687181,0.10111092352981643,-0.12783072446861737
2012-12-10,65.30000305175781,65.48999786376953,65.05000305175781,65.18000030517578,37.6479606628418,1934200,-0.0004600334261316563,64.46000061035156,63.86250019073486,64.46279998779296,0.006710830002045731,77.9037699677749,0.1585134193017126,-0.07056189571455138
2012-12-11,65.41999816894531,65.5199966430664,65.19999694824219,65.33999633789062,37.7403678894043,2086900,0.0024546798399160963,64.61300010681153,63.95,64.4681999206543,0.006665098723897938,75.77644828811752,0.2144436802022227,-0.013560780531196553
2012-12-12,65.52999877929688,65.68000030517578,64.9000015258789,65.16000366210938,37.63640975952149,2335300,-0.002754708997081301,64.75600051879883,64.0310001373291,64.47199996948243,0.0067131241317375185,74.16435541621061,0.24146149246705306,0.03744367406845337
2012-12-13,65.0,65.23999786376953,64.44999694824219,64.66000366210938,37.34761047363281,2614500,-0.007673418844369229,64.81400070190429,64.14650039672851,64.47540008544922,0.005281286401668324,59.33745599279339,0.21999155629316647,0.07395325051339599
2012-12-14,64.66999816894531,64.81999969482422,64.48999786376953,64.6500015258789,37.341835021972656,2544500,-0.0001546881482211715,64.85800094604492,64.27600040435792,64.46880004882813,0.005082666453775248,57.500095367977345,0.1998654637363444,0.09913569315798568
2012-12-17,64.94999694824219,65.05999755859375,64.6500015258789,64.98999786376953,37.53820037841797,2315800,0.005259030624377159,64.91000061035156,64.40350036621093,64.46639999389649,0.0050498678492619615,68.55351344088925,0.20894170348809382,0.12109689522400732
2012-12-18,65.19999694824219,65.66000366210938,65.05999755859375,65.66000366210938,37.92520904541016,2532300,0.010309367908340139,65.01900100708008,64.52600059509277,64.47780014038086,0.004848649759932126,75.59697211010251,0.2671193714974862,0.1503013904787031
2012-12-19,65.95999908447266,65.98999786376953,65.54000091552734,65.56999969482422,37.87322998046875,3408800,-0.0013707578779361684,65.1390007019043,64.6205005645752,64.48580017089844,0.0047189933546177044,71.22512014711093,0.30247626646216474,0.18073636567539544
2012-12-20,65.4800033569336,66.45999908447266,65.4800033569336,66.43000030517578,38.36996078491211,2695600,0.013115763525303858,65.28500061035156,64.76350059509278,64.51380020141602,0.005318163238631651,76.1793199746646,0.39533455175926235,0.22365600289216883
2012-12-21,65.87999725341797,66.55999755859375,65.68000030517578,66.31999969482422,38.306419372558594,2252500,-0.0016558875484905533,65.39600067138672,64.87750053405762,64.54440017700195,0.005238865688065168,72.61618070336124,0.45480655506361245,0.26988611332645757
2012-12-24,65.56999969482422,65.80999755859375,65.29000091552734,65.61000061035156,38.357269287109375,1802600,-0.01070565572587101,65.43900070190429,64.94950065612792,64.55560012817382,0.005932838709813149,61.063864670466224,0.43958034515820543,0.30382495969280715
2012-12-26,65.91000366210938,65.91000366210938,65.13999938964844,65.30000305175781,38.176048278808594,1724100,-0.004724852243711775,65.43500137329102,65.02400074005126,64.56160018920899,0.0058830274655521575,59.667383080473634,0.3979123658270254,0.32264244091965083
2012-12-27,65.41000366210938,65.66000366210938,64.80999755859375,65.54000091552734,38.31636047363281,2305800,0.003675311677693305,65.4730010986328,65.11450080871582,64.5770002746582,0.005879338317425341,56.404506325554756,0.37987702795285827,0.33408935832629233
2012-12-28,65.33999633789062,65.72000122070312,65.05999755859375,65.11000061035156,38.064979553222656,1990300,-0.0065608834172888875,65.51800079345703,65.16600074768067,64.57520034790039,0.006054832877754916,48.922428322204375,0.3271156758954987,0.33269462184013365
2012-12-31,65.12000274658203,65.80999755859375,64.88999938964844,65.80000305175781,38.46836471557617,3718700,0.010597487865735777,65.63300094604492,65.24550094604493,64.57920043945313,0.006436376417312266,55.84908756681124,0.3370935500835799,0.33357440748882294
2013-01-02,66.93000030517578,67.08999633789062,66.20999908447266,66.62000274658203,38.94776916503906,5286400,0.01246200086311866,65.79600143432617,65.35300102233887,64.60320053100585,0.006888421750163238,60.73831044727972,0.40648253201084117,0.3481560323932266
2013-01-03,66.62000274658203,66.94000244140625,66.48999786376953,66.61000061035156,38.9419059753418,3571000,-0.00015013713326483824,65.8910011291504,65.45500106811524,64.61360061645507,0.006900383774066315,62.521544113383975,0.45541694821454826,0.369608215557491
2013-01-04,66.80999755859375,66.94999694824219,66.5199966430664,66.91999816894531,39.123138427734375,2338700,0.0046539191675907254,66.0260009765625,65.5825008392334,64.64120056152343,0.006841333294411512,70.17850038964366,0.5132950915301819,0.39834559075202924
2013-01-07,66.94000244140625,67.12000274658203,66.76000213623047,67.06999969482422,39.21083068847656,2243600,0.002241505229874763,66.09000091552734,65.68750076293945,64.67840057373047,0.00662035837761142,71.08010324926829,0.5647576321862573,0.4316279990388749
2013-01-08,67.08000183105469,67.19999694824219,66.73999786376953,66.94000244140625,39.13483428955078,1533700,-0.0019382325034958958,66.15200119018554,65.77400093078613,64.72620056152344,0.006646898557752801,67.63112403063343,0.5882711508642586,0.46295662940395166
2013-01-09,67.16000366210938,67.22000122070312,66.93000030517578,67.12999725341797,39.24591827392578,2134400,0.00283828510729478,66.30400085449219,65.87150077819824,64.7788005065918,0.00664103738369124,64.55440518618005,0.6151457598936645,0.4933944555018942
2013-01-10,67.36000061035156,67.55000305175781,66.94000244140625,67.19999694824219,39.28683853149414,2824100,0.0010427483641921587,66.49400024414062,65.96450080871583,64.83640045166015,0.006637812740041132,66.20278450638641,0.6347751784081765,0.5216706000831507
2013-01-11,67.29000091552734,67.37000274658203,66.9000015258789,67.16000366210938,39.263450622558594,2022000,-0.000595138213527191,66.65600051879883,66.06450080871582,64.90440055847168,0.006583580320084887,58.66990690653141,0.6397300996792268,0.545282500002366
2013-01-14,67.33999633789062,67.36000061035156,67.1500015258789,67.3499984741211,39.37452697753906,1787200,0.002828987517147885,66.88000030517578,66.19900054931641,64.96380058288574,0.006219356105728275,62.00470926344843,0.651478070297884,0.5665216140614696
2013-01-15,67.29000091552734,67.76000213623047,67.1500015258789,67.66999816894531,39.56160736083984,2101400,0.00475129475982361,67.06699981689454,66.35000038146973,65.02340049743653,0.006224221873897392,76.41036977334704,0.6787851104517699,0.5889743133395297
2013-01-16,67.55999755859375,67.62999725341797,67.37999725341797,67.58999633789062,39.51484680175781,2384800,-0.0011822348635942559,67.16399917602538,66.48000030517578,65.0728003692627,0.006229899003286542,81.19896389429394,0.6860621598277987,0.6083918826371835
2013-01-17,67.87999725341797,67.91999816894531,67.72000122070312,67.80000305175781,39.637603759765625,2421900,0.0031070679870632834,67.28299942016602,66.58700027465821,65.13500038146972,0.005923828494685356,81.04405566117028,0.7006978519285809,0.626853076495463
2013-01-18,67.88999938964844,68.08999633789062,67.66000366210938,68.08999633789062,39.8071517944336,2277500,0.004277186918582254,67.39999923706054,66.71300010681152,65.19740028381348,0.005908276548834786,92.57155313351498,0.7273127691129702,0.6469450150189644
2013-01-22,68.1500015258789,68.44999694824219,68.01000213623047,68.44000244140625,40.01177215576172,2187400,0.005140345459540896,67.53699951171875,66.81350021362304,65.27260032653808,0.00535495669624999,91.77229553871932,0.7677971624112416,0.6711154444974199
2013-01-23,68.4800033569336,68.52999877929688,68.26000213623047,68.41999816894531,40.00008010864258,2383100,-0.00029228918391788206,67.68499908447265,66.9185001373291,65.36280029296876,0.005321165810649318,88.13560965832495,0.78917009653793,0.6947263749055219
2013-01-24,68.5999984741211,68.73999786376953,68.33000183105469,68.55999755859375,40.081939697265625,2346200,0.0020461764600276933,67.82799911499023,67.06599998474121,65.45920021057128,0.004468019626153601,89.15671879596039,0.8080899239135704,0.7173990847071317
2013-01-25,68.80000305175781,68.98999786376953,68.61000061035156,68.94999694824219,40.30992889404297,2095600,0.005688439374799126,68.00299911499023,67.24849967956543,65.56640014648437,0.004216927070698837,89.49426160888694,0.8448152109300935,0.7428823099517241
2013-01-28,69.16999816894531,69.29000091552734,68.80999755859375,69.12999725341797,40.415164947509766,3364700,0.0026105919237515707,68.19999847412109,67.42799949645996,65.67820007324218,0.004211102852210221,89.61547716162049,0.8783200588809308,0.7699698597375655
2013-01-29,69.16999816894531,69.33000183105469,69.05999755859375,69.33000183105469,40.53209686279297,2343700,0.0028931662893538768,68.39799880981445,67.63899955749511,65.81780014038085,0.00360663133008648,94.75657357084484,0.910515731601123,0.798079034110277
2013-01-30,69.30999755859375,69.30999755859375,68.54000091552734,68.66999816894531,40.14623260498047,1872600,-0.0095197410165615,68.49799880981445,67.78249931335449,65.95000007629395,0.004180233621420434,74.52225275593038,0.8727141490728627,0.8130060571027943
2013-01-31,68.5199966430664,68.61000061035156,68.08999633789062,68.26000213623047,39.906532287597656,2186400,-0.005970526338243798,68.56499938964843,67.86449928283692,66.06640014648437,0.0038006463057536424,65.22994490617828,0.800445827968673,0.8104940112759701
2013-02-01,68.62000274658203,68.86000061035156,68.3499984741211,68.66000366210938,40.1403923034668,3376600,0.00585996943100886,68.6509994506836,67.96699943542481,66.17540023803711,0.003921978452383076,69.53119101641506,0.7666124123250171,0.8017176914857795
2013-02-04,68.41999816894531,68.7699966430664,68.29000091552734,68.5,40.04684829711914,2827500,-0.0023303765449356195,68.69199981689454,68.04599952697754,66.2718002319336,0.00393953144944522,65.0918025499262,0.7186046018111512,0.785095073550854
2013-02-05,68.75,68.79000091552734,68.25,68.33999633789062,39.95329284667969,2401200,-0.0023358198848083545,68.68199920654297,68.10949935913087,66.36720016479492,0.0040066905276480705,59.17799571920672,0.6600385937267674,0.7600837775860367
2013-02-06,68.18000030517578,68.58999633789062,68.02999877929688,68.58000183105469,40.09361267089844,8277600,0.0035119330703123897,68.6979995727539,68.19149932861328,66.45800018310547,0.003985485936055881,62.99210233325591,0.6257774746683111,0.7332225170024917
2013-02-07,68.58000183105469,68.69999694824219,68.11000061035156,68.29000091552734,39.924072265625,1793400,-0.004228651323774479,68.67099990844727,68.24949951171875,66.54040023803711,0.004144422923994935,56.298136987053645,0.5686693741711082,0.7003118884362152
2013-02-08,68.44000244140625,68.91999816894531,68.37000274658203,68.91999816894531,40.29239273071289,2799900,0.009225322081885201,68.66800003051758,68.3354995727539,66.6426001739502,0.004547189357390851,59.81083547664482,0.567702188878485,0.6737899485246691
2013-02-11,68.8499984741211,69.08999633789062,68.80000305175781,69.0199966430664,40.3508415222168,2177700,0.0014509355307288363,68.65699996948243,68.42849922180176,66.7484001159668,0.004525883633170526,57.286325236883926,0.5684519682642701,0.6527223524725894
2013-02-12,69.16000366210938,69.55000305175781,69.01000213623047,69.54000091552734,40.65486526489258,2357700,0.007534110370218006,68.6779998779297,68.53799934387207,66.85760009765625,0.004723332513254228,62.49997871271532,0.6040431394521164,0.6429865098684948
2013-02-13,69.70999908447266,69.7300033569336,69.30999755859375,69.5,40.631473541259766,2525900,-0.0005752216709909996,68.76100006103516,68.6294994354248,66.96340011596679,0.004687026090098623,60.73057213228403,0.6218533214580617,0.6387598721864083
2013-02-14,69.47000122070312,69.48999786376953,69.16999816894531,69.20999908447266,40.46192932128906,2169200,-0.004172675043558893,68.85599975585937,68.7104995727539,67.05820007324219,0.004817784205241618,53.03739275674655,0.6055865440536081,0.6321252065598484
2013-02-15,69.33000183105469,69.33999633789062,68.97000122070312,69.23999786376953,40.479469299316406,1504200,0.00043344574040893313,68.91399917602538,68.78249931335449,67.15160003662109,0.004799022535713435,51.331720022906545,0.5883337117398497,0.6233669075958487
2013-02-19,69.44999694824219,69.80000305175781,69.36000061035156,69.79000091552734,40.80100631713867,1673700,0.007943429646545486,69.04299926757812,68.86749954223633,67.26,0.004994333585339056,55.13389702063164,0.6119867650617152,0.6210908790890219
2013-02-20,69.83000183105469,70.06999969482422,69.33999633789062,69.33999633789062,40.53792190551758,1764500,-0.0064479806810920914,69.14299926757812,68.91249923706054,67.34739990234375,0.005187192332783541,57.845375929102346,0.5876463503307718,0.614401973337372
2013-02-21,69.30999755859375,69.36000061035156,68.66000366210938,68.81999969482422,40.23393630981445,2185700,-0.0074992308988954814,69.16699905395508,68.9324993133545,67.41959991455079,0.005498282282701331,56.39263679720187,0.5203981866322209,0.5956012159963419
2013-02-22,69.1500015258789,69.51000213623047,69.04000091552734,69.51000213623047,40.637332916259766,1941400,0.010026190707149052,69.28899917602538,68.97999954223633,67.50619995117188,0.005905675559338171,59.10058502652305,0.5168233450246618,0.5798456418020059
2013-02-25,69.73999786376953,69.81999969482422,68.19000244140625,68.19000244140625,39.86561965942383,2550400,-0.018990068396735116,69.21599960327148,68.94199981689454,67.56320007324219,0.007237570287467199,47.34136663909798,0.4028336975111131,0.5444432529438273
2013-02-26,68.54000091552734,68.8499984741211,68.12000274658203,68.66000366210938,40.1403923034668,2382800,0.006892523887310098,69.18000030517578,68.9185001373291,67.6332000732422,0.007396911853855726,52.60591661862065,0.3464278465806814,0.5048401716711981
2013-02-27,68.76000213623047,69.4800033569336,68.55999755859375,69.16000366210938,40.432708740234375,1551400,0.007282260025219367,69.14200057983399,68.91000022888184,67.72320007324218,0.007560403406395418,54.531257823098436,0.3381733725288427,0.471506811842727
2013-02-28,69.16000366210938,69.45999908447266,69.05999755859375,69.08999633789062,40.39177322387695,4566400,-0.0010122515979146263,69.10100021362305,68.93100013732911,67.81199996948243,0.0072345650048029906,56.47243857303521,0.32226773454452484,0.44165899638308664
2013-03-01,68.91000366210938,69.41000366210938,68.55999755859375,69.31999969482422,40.5262451171875,3862400,0.0033290399352279287,69.1120002746582,68.98400001525879,67.89860000610352,0.007106022987051813,53.46020784082344,0.32448133172479743,0.4182234634514288
2013-03-04,69.27999877929688,70.0199966430664,69.27999877929688,69.83999633789062,40.83024597167969,3141000,0.007501394191512523,69.17200012207032,69.04299964904786,67.98219985961914,0.007176728827168016,56.612879607308926,0.36399905224769213,0.4073785812106815
2013-03-05,70.1500015258789,70.54000091552734,69.83000183105469,70.38999938964844,41.15179061889648,2835800,0.007875187293780117,69.23199996948242,69.13749961853027,68.07859985351563,0.007298466697529433,56.82179722525995,0.4346869792677097,0.41284026082208714
2013-03-06,70.61000061035156,70.73999786376953,69.91999816894531,70.18000030517578,41.029029846191406,3021800,-0.0029833653401556415,69.31600036621094,69.22949981689453,68.15359985351563,0.007317264001599854,55.31248845163036,0.46836349678393674,0.42394490801445706
2013-03-07,70.41000366210938,70.41000366210938,69.79000091552734,69.8499984741211,40.83608627319336,1923300,-0.004702220427752701,69.41900024414062,69.29299964904786,68.22419982910156,0.007419624133775653,54.968925703643855,0.4630858245910474,0.43177309132977515
2013-03-08,70.22000122070312,70.2300033569336,69.52999877929688,69.97000122070312,40.90625381469727,2473300,0.0017180064309736398,69.46500015258789,69.37699966430664,68.3113998413086,0.007319904219743458,55.5895936805923,0.46324643357364437,0.438067759778549
2013-03-11,69.97000122070312,70.12000274658203,69.70999908447266,70.02999877929688,40.94132232666016,1712600,0.0008574754544379282,69.64899978637695,69.43249969482422,68.40599975585937,0.007074576414138351,51.986731962656485,0.46287923521620655,0.4430300548660805
2013-03-12,70.12999725341797,70.12999725341797,69.6500015258789,69.7699966430664,40.78932571411133,2190100,-0.003712725128696359,69.75999908447265,69.46999969482422,68.49059967041016,0.007144334656117997,53.67520765598163,0.43657565600364023,0.44173917509359245
2013-03-13,69.80000305175781,70.02999877929688,69.55999755859375,69.83999633789062,40.83024597167969,1785000,0.0010032922200402528,69.82799835205078,69.48499946594238,68.58519958496093,0.006955793155438046,59.444384006013074,0.41657623876035643,0.43670658782694527
2013-03-14,69.94999694824219,70.37000274658203,69.86000061035156,70.27999877929688,41.08747863769531,2647700,0.006300149835024138,69.9469985961914,69.52399940490723,68.67479949951172,0.007082218025736284,57.47567119935173,0.43125978195816117,0.43561722665318847
2013-03-15,70.20999908447266,70.47000122070312,69.91999816894531,70.44000244140625,41.1810188293457,2243800,0.0022766600012593674,70.0589988708496,69.5854995727539,68.75119949340821,0.0070006859124510466,78.19534207809095,0.4506131659770318,0.4386164145179572
2013-03-18,69.87999725341797,70.27999877929688,69.87000274658203,70.05000305175781,40.95301055908203,2398300,-0.0055366180597856696,70.07999954223632,69.62599983215333,68.81999954223633,0.007147569378593537,67.77484224205551,0.42952981848736727,0.4367990953118392
2013-03-19,70.08000183105469,70.2300033569336,69.2699966430664,69.70999908447266,40.75423812866211,3055200,-0.004853732369346719,70.01199951171876,69.62199974060059,68.87579956054688,0.007027955901356482,57.33322753970821,0.3809937759871076,0.4256380314468929
2013-03-20,69.9800033569336,70.06999969482422,69.69000244140625,69.93000030517578,40.88287353515625,3110100,0.0031559492697244007,69.98699951171875,69.65149993896485,68.9329995727539,0.006893445186905719,60.769235283645976,0.35617510757732873,0.4117454466729801
2013-03-21,69.69999694824219,70.19999694824219,69.66999816894531,69.72000122070312,40.76008605957031,1723800,-0.0030029898978437553,69.97399978637695,69.69650001525879,68.98859954833985,0.0066910254614344945,55.15464221597803,0.31591924259659265,0.3925802058577026
2013-03-22,69.4000015258789,69.63999938964844,69.26000213623047,69.55000305175781,40.97452926635742,3143500,-0.002438298421813978,69.93199996948242,69.69850006103516,69.03699966430663,0.006345374463706201,45.892462706889766,0.2672184204582635,0.36750784877781484
2013-03-25,69.66999816894531,70.0,69.41999816894531,69.55999755859375,40.98041915893555,2676500,0.00014370246437667156,69.8849998474121,69.76699981689453,69.08419967651368,0.004497183033116672,36.12039621746031,0.22681456410936107,0.3393691918441241
2013-03-26,69.75,70.20999908447266,69.75,70.16000366210938,41.33390808105469,1722600,0.008625734970882037,69.9240005493164,69.84199981689453,69.14419967651367,0.004631312473976321,49.70419276564529,0.2404380744969643,0.31958296837469213
2013-03-27,69.94999694824219,70.29000091552734,69.80000305175781,70.29000091552734,41.41050720214844,2463100,0.0018528683955609804,69.96900100708008,69.89849967956543,69.2029997253418,0.004402813027132707,56.91826011851922,0.25874188120438646,0.30741475094063103
2013-03-28,70.36000061035156,70.58000183105469,70.0999984741211,70.52999877929688,41.551902770996094,2632300,0.0034143955134948722,69.99400100708007,69.97049980163574,69.26019973754883,0.00441710600460627,58.484803647309604,0.28927897381200296,0.3037875955149054
2013-04-01,70.66000366210938,70.7699966430664,70.11000061035156,70.73999786376953,41.67561340332031,2501200,0.0029774434723837118,70.02400054931641,70.041499710083,69.3231997680664,0.0044082119933069215,60.289828150880474,0.32665948360426,0.30836197313277636
2013-04-02,70.9800033569336,71.30000305175781,70.79000091552734,70.95999908447266,41.80522537231445,2546100,0.003109997559327171,70.1150001525879,70.09749984741211,69.3863996887207,0.004171592410989211,67.44869741093083,0.3697735475305848,0.320644288012338
2013-04-03,71.19999694824219,71.2699966430664,70.55999755859375,70.70999908447266,41.65793228149414,2215900,-0.003523111657631084,70.21500015258789,70.11349983215332,69.43879974365234,0.003926084611544887,62.117016506251204,0.3793954090394607,0.33239451221776256
2013-04-04,70.83999633789062,71.94000244140625,70.76000213623047,71.86000061035156,42.33545684814453,1905200,0.016263633726046,70.40800018310547,70.1974998474121,69.50719970703125,0.005236204955864431,68.37210127570484,0.47434832357905066,0.36078527449002024
2013-04-05,71.22000122070312,72.25,71.08999633789062,72.25,42.56520080566406,2288300,0.005427211053937286,70.66100006103515,70.31749992370605,69.58379974365235,0.005124313254837547,69.97790338118688,0.5744470162121758,0.40351762283445136
2013-04-08,72.27999877929688,72.9000015258789,71.83000183105469,72.83000183105469,42.90689468383789,1773500,0.008027707004217177,70.98899993896484,70.46049995422364,69.66919982910156,0.005315938400362788,79.44913199495684,0.6925934654395007,0.4613327913554613
2013-04-09,73.08999633789062,73.1500015258789,72.45999908447266,72.83999633789062,42.91280364990234,2537900,0.0001372306272779955,71.31699981689454,70.60099983215332,69.74699981689453,0.005326645972041538,85.64923836254464,0.7780628268844225,0.5246787984612535
2013-04-10,73.12000274658203,73.41000366210938,72.9000015258789,73.29000091552734,43.17790603637695,2088000,0.006177987373162885,71.62999954223633,70.77700004577636,69.83019989013673,0.005228296931600778,86.36368140143207,0.8720569900286819,0.5941544367747392
2013-04-11,73.44999694824219,74.08000183105469,73.25,73.72000122070312,43.431251525878906,2425000,0.005867107378964231,71.9729995727539,70.97100028991699,69.91799987792969,0.005269101833794929,91.32234531548517,0.9700631878904602,0.6693361869978834
2013-04-12,73.70999908447266,73.94000244140625,73.51000213623047,73.9000015258789,43.53729248046875,1618800,0.0024416752875098258,72.30999984741212,71.1520004272461,70.02259994506836,0.005201325830543915,94.84535920301904,1.0501528181051185,0.7454995132193305
2013-04-15,73.6500015258789,73.81999969482422,72.37000274658203,72.37000274658203,42.63592147827149,3345500,-0.020703636640130307,72.47300033569336,71.24850044250488,70.10479995727539,0.007352864064027529,72.05654612547893,0.978882365729902,0.7921760837214449
2013-04-16,72.88999938964844,73.6500015258789,72.33999633789062,73.56999969482422,43.34288024902344,3296300,0.016581413606466366,72.73400039672852,71.4245002746582,70.20299987792968,0.007900998102561816,74.46197394619576,1.0076145899027722,0.8352637849577104
2013-04-17,73.30000305175781,73.37999725341797,72.2699966430664,72.79000091552734,42.88334655761719,3039700,-0.01060213106609198,72.94200057983399,71.57850036621093,70.28879989624023,0.008277564066224267,66.40420998670362,0.9564206795540997,0.8594951638769883
2013-04-18,72.94999694824219,73.0199966430664,72.33000183105469,72.68000030517578,42.81854248046875,2616900,-0.0015112049590330079,73.02400054931641,71.71600036621093,70.37559997558594,0.008314801332573184,64.35248423954064,0.8966371321069602,0.8669235575229828
2013-04-19,72.94999694824219,73.8499984741211,72.76000213623047,73.80000305175781,43.47836685180664,1621200,0.015410054236093318,73.17900085449219,71.92000045776368,70.48,0.008744262186113145,68.21431328649734,0.9289250319015707,0.8793238523987004
2013-04-22,74.01000213623047,74.08000183105469,73.27999877929688,73.69999694824219,43.41944885253906,2638500,-0.0013550961975636877,73.26600036621093,72.12750015258788,70.58819992065429,0.008712860234876265,66.54586801341961,0.9356580843730029,0.8905906987935609
2013-04-23,74.05999755859375,74.26000213623047,73.58000183105469,74.11000061035156,43.66100692749024,3312300,0.005563143542560933,73.39300079345703,72.35500030517578,70.69199996948242,0.00870564814431752,70.14216510026225,0.9629773425815955,0.9050680275511679
2013-04-24,74.18000030517578,74.4000015258789,73.94999694824219,74.2699966430664,43.7552490234375,1750700,0.0021588993576731053,73.49100036621094,72.56049995422363,70.79699996948243,0.008613484364871088,66.1744600798577,0.9861704353253344,0.9212885091060012
2013-04-25,74.37000274658203,74.41000366210938,73.62000274658203,74.0199966430664,43.60797500610352,2981700,-0.0033660968264408453,73.52099990844727,72.74699974060059,70.8865998840332,0.0087247600367562,62.1066715928933,0.9731602323715691,0.931662853759115
2013-04-26,73.94999694824219,74.27999877929688,73.70999908447266,73.77999877929688,43.46659851074219,2601000,-0.003242338214723639,73.50899963378906,72.90949974060058,70.97219985961914,0.008819511787269217,56.814898004754966,0.9327317795871721,0.9318766389247264
2013-04-29,74.36000061035156,74.47000122070312,73.8499984741211,74.41000366210938,43.83776092529297,1889800,0.008538965752724836,73.7129997253418,73.09300003051757,71.07619995117187,0.008929254872336452,60.342588441535206,0.9406844436461199,0.9336381998690051
2013-04-30,74.44999694824219,75.29000091552734,74.37000274658203,75.27999877929688,44.35028839111328,2439700,0.011691910689026308,73.88399963378906,73.30900001525879,71.19699996948242,0.009159792699543989,62.42195588668114,1.0055964326001856,0.9480298464152412
2013-05-01,75.38999938964844,75.43000030517578,74.52999877929688,74.68000030517578,43.9968147277832,6260100,-0.007970224280690386,74.0729995727539,73.50750007629395,71.29479995727539,0.009377837317280804,55.867964845094384,0.9971304894565378,0.9578499750235007
2013-05-02,74.79000091552734,75.47000122070312,74.79000091552734,75.16999816894531,44.28548812866211,2590600,0.006561299702292134,74.32199935913086,73.67299995422363,71.41139999389648,0.008881245814584226,57.479369626734695,1.018222466274807,0.969924473273762
2013-05-03,75.68000030517578,75.87000274658203,75.31999969482422,75.47000122070312,44.46224212646485,2878800,0.003990994533265235,74.48899917602539,73.8340000152588,71.54440002441406,0.008860340482957968,71.34984546802539,1.047075711884915,0.9853547209959926
2013-05-06,75.4800033569336,75.91999816894531,75.4800033569336,75.86000061035156,44.69200897216797,2427700,0.005167608100441479,74.70499954223632,73.98549995422363,71.67139999389649,0.00878442488780737,67.75193248286345,1.0888601067720742,1.006055798151209
2013-05-07,75.97000122070312,76.31999969482422,75.70999908447266,76.27999877929688,44.93942260742188,2442800,0.005536490450383624,74.92199935913087,74.15750007629394,71.8331999206543,0.008804620128522768,78.65349417272488,1.1426926335451526,1.0333831652299978
2013-05-08,76.19000244140625,76.4800033569336,75.9000015258789,76.31999969482422,44.96299743652344,2703100,0.0005243958595630982,75.12699966430664,74.30900001525879,71.9863998413086,0.008765815320663596,80.2325316138059,1.1750379325855675,1.0617141187011119
2013-05-09,76.1500015258789,76.33999633789062,75.70999908447266,75.81999969482422,44.66842651367188,2255800,-0.006551362709634634,75.30699996948242,74.41399993896485,72.11959976196289,0.008920717421446985,68.70366733588682,1.1471029055364852,1.0787918760681867
2013-05-10,76.04000091552734,76.16999816894531,75.75,76.0999984741211,44.8333854675293,1706300,0.003692940918278431,75.53899993896485,74.52399978637695,72.2597998046875,0.00893246824450979,71.50541236373381,1.1344801755070506,1.0899295359559595
2013-05-13,76.05999755859375,76.51000213623047,76.04000091552734,76.45999908447266,45.04547500610352,2114100,0.0047306257236521265,75.74399948120117,74.72849960327149,72.40259979248047,0.007257613295023399,71.24775981027197,1.1403800206059742,1.1000196328859626
2013-05-14,76.4800033569336,76.94999694824219,76.44999694824219,76.73999786376953,45.210445404052734,2081600,0.0036620295925917645,75.88999938964844,74.88699951171876,72.54059982299805,0.006499697458556736,71.85844149530894,1.1543427076147736,1.110884247831725
2013-05-15,76.80000305175781,77.5,76.44000244140625,77.5,45.65818786621094,2836800,0.00990359861072232,76.17199935913087,75.12249946594238,72.68279983520507,0.0059820315554346155,78.24679868665338,1.2127541831458757,1.131258234894555
2013-05-16,77.38999938964844,77.70999908447266,76.86000061035156,77.0999984741211,45.42253494262695,2485200,-0.005161310011340681,76.36499938964843,75.34349937438965,72.82119979858399,0.0061842077353527975,76.26582163875057,1.212788645578513,1.1475643170313465
2013-05-17,77.29000091552734,77.56999969482422,77.05000305175781,77.52999877929688,45.67586135864258,1717700,0.0055771765718013455,76.57099914550781,75.52999916076661,72.9747998046875,0.005496110154733772,75.49017652338685,1.2332967114804774,1.1647107959211727
2013-05-20,77.66000366210938,77.7699966430664,77.37000274658203,77.70999908447266,45.78191757202149,2534100,0.0023216859023587055,76.75599899291993,75.73049926757812,73.1295997619629,0.005421976468336292,72.37569216027067,1.2496686198053766,1.1817023606980135
2013-05-21,77.9000015258789,78.33000183105469,77.87000274658203,78.1500015258789,46.0411262512207,2321300,0.005662108436366831,76.94299926757813,75.9324993133545,73.29199981689453,0.005424803560555619,82.92218602967789,1.28335428553045,1.2020327456645008
2013-05-22,78.02999877929688,78.86000061035156,75.75,76.25,44.92177581787109,5514100,-0.02431223913987679,76.93599929809571,76.03149948120117,73.4215998840332,0.008117437845970963,58.08383643876732,1.1435539955237743,1.1903369956363554
2013-05-23,75.62999725341797,75.62999725341797,74.3499984741211,74.81999969482422,44.079288482666016,5071800,-0.018754102362961045,76.8359992980957,76.07149963378906,73.52119995117188,0.009239482621788078,45.83866136940214,0.9069178009971353,1.1336531567085115
2013-05-24,74.55999755859375,74.77999877929688,73.77999877929688,74.62999725341797,43.96735382080078,3020000,-0.002539460601192589,76.68899917602539,76.11399955749512,73.6081999206543,0.009225510675315504,41.918514946479,0.6960269375835111,1.0461279128835115
2013-05-28,75.48999786376953,75.5999984741211,73.55000305175781,73.98999786376953,43.5903205871582,3666200,-0.008575631960366037,76.44199905395507,76.09299926757812,73.67919982910156,0.009245419699771164,35.37676788837517,0.4718130398648839,0.9312649382797861
2013-05-29,73.41000366210938,73.47000122070312,71.54000091552734,72.41999816894531,42.66536331176758,5983200,-0.02121908014803442,76.00999908447265,75.94999923706055,73.72659973144532,0.009914200606660225,29.16667685548586,0.1655279530068725,0.7781175412252034
2013-05-30,72.30999755859375,72.94999694824219,71.66000366210938,71.73999786376953,42.26475524902344,3753500,-0.009389675812880305,75.4339988708496,75.80299911499023,73.76719970703125,0.009964986376255461,28.616361757734154,-0.13057039241451207,0.5963799544972603
2013-05-31,71.4800033569336,72.16000366210938,70.75,70.77999877929688,41.699180603027344,6474200,-0.013381643616656391,74.80199890136718,75.58349914550782,73.78419967651367,0.010064867201800906,23.97262677138785,-0.43764941744714747,0.3895740801083788
2013-06-03,70.76000213623047,71.5,70.0999984741211,71.18000030517578,41.93483352661133,6934600,0.005651335586006168,74.16699905395508,75.36899909973144,73.81339965820312,0.010131805796943975,24.269036287923853,-0.641341985793531,0.1833908669279969
2013-06-04,71.27999877929688,71.4800033569336,70.19000244140625,70.19000244140625,41.35158920288086,4116400,-0.013908371165004652,73.41499938964844,75.08549919128419,73.8261996459961,0.01023245647786855,20.145897273797672,-0.8725956283508793,-0.027806432127778363
2013-06-05,70.05000305175781,70.47000122070312,69.4000015258789,69.61000061035156,41.0098876953125,4197000,-0.008263311167981069,72.56099929809571,74.75199928283692,73.82719970703126,0.010031155274731172,13.438400642593905,-1.0901010997451692,-0.24026536565125656
2013-06-06,69.66000366210938,70.80999755859375,69.1500015258789,70.7300033569336,41.66972732543945,5111000,0.01608968160841351,72.00899963378906,74.47249946594238,73.83859970092773,0.010999875798052446,22.328454767207546,-1.158743616355281,-0.42396101579206147
2013-06-07,70.94999694824219,71.12999725341797,69.75,70.73999786376953,41.67561340332031,3588900,0.0001413050524754489,71.60099945068359,74.21849937438965,73.84759963989258,0.011011586820789298,19.38684181016781,-1.1985210277825047,-0.5788730181901501
2013-06-10,70.9000015258789,70.95999908447266,69.9800033569336,70.12999725341797,41.31624221801758,3347500,-0.008623135832238726,71.1509994506836,73.9199993133545,73.839599609375,0.010937968154512815,17.1006986986324,-1.2646883244240854,-0.7160360794369373
2013-06-11,69.3499984741211,69.94999694824219,69.05999755859375,69.08999633789062,40.70352554321289,4747000,-0.014829615802910312,70.6609992980957,73.55149917602539,73.80659957885742,0.010988775736406373,12.623749443690116,-1.385079432439781,-0.8498447500375061
2013-06-12,69.4800033569336,69.62000274658203,67.93000030517578,68.1500015258789,40.14974594116211,3558600,-0.013605367807729918,70.23399963378907,73.12199935913085,73.75039962768555,0.010950877774443042,13.709671354826455,-1.5386039102485682,-0.9875965820797186
2013-06-13,67.86000061035156,70.13999938964844,67.80000305175781,69.91999816894531,41.192501068115234,4603500,0.02597207048328931,70.05199966430663,72.74299926757813,73.734599609375,0.012629160977761887,28.695631405793165,-1.500156359680389,-1.0901085375998527
2013-06-14,69.98999786376953,71.04000091552734,69.73999786376953,70.18000030517578,41.34570693969727,3547000,0.0037185661189840236,69.99199981689453,72.39699935913086,73.70099960327148,0.0127804996107396,30.769230769230774,-1.4321969247532422,-1.1585262150305307
2013-06-17,70.69000244140625,71.08000183105469,69.93000030517578,70.37999725341797,41.463523864746094,4148100,0.0028497712649260265,69.91199951171875,72.03949928283691,73.66359954833985,0.012680198930573884,33.78255177093973,-1.346676848243959,-1.1961563416732164
2013-06-18,70.48999786376953,71.19999694824219,70.0999984741211,70.73999786376953,41.67561340332031,4303700,0.005115098385913619,69.96699905395508,71.69099922180176,73.62179946899414,0.012777202878868306,41.53224845085458,-1.2356091971816454,-1.2040469127749023
2013-06-19,70.51000213623047,70.93000030517578,68.3499984741211,68.56999969482422,40.39718246459961,4929600,-0.03067568892388539,69.86299896240234,71.21199913024903,73.53639953613282,0.013783585459635624,36.108670504770885,-1.3076146327930473,-1.2247604567785313
2013-06-20,67.77999877929688,67.91000366210938,65.38999938964844,65.72000122070312,38.718143463134766,8148100,-0.0415633438355727,69.3619987487793,70.68549919128418,73.38499954223633,0.015406012244792364,30.977435327915117,-1.5764778622441895,-1.2951039378716631
2013-06-21,66.2300033569336,67.16999816894531,65.41000366210938,66.61000061035156,39.242462158203125,7812200,0.013542291130817397,68.9489990234375,70.27499923706054,73.2427995300293,0.01582791430670631,33.430005626615156,-1.6981630295944257,-1.3757157562162157
2013-06-24,64.83000183105469,67.0999984741211,64.27999877929688,65.68000030517578,39.06462860107422,8414700,-0.013961872041046819,68.50399932861328,69.82749938964844,73.07839950561524,0.015914670885380518,33.57608868998237,-1.8483361847165298,-1.4702398419162785
2013-06-25,66.44000244140625,67.18000030517578,65.69000244140625,66.77999877929688,39.718875885009766,11383300,0.01674784514327121,68.2729995727539,69.46699943542481,72.96659942626952,0.016707192715154674,40.0701583810461,-1.8571803888314093,-1.5476279512993047
2013-06-26,67.52999877929688,67.97000122070312,67.33000183105469,67.79000091552734,40.319602966308594,6721700,0.015124320974734484,68.23699951171875,69.23549957275391,72.85099945068359,0.01682398727848992,39.60394009569667,-1.762375188722615,-1.5905773987839669
2013-06-27,68.33999633789062,69.18000030517578,68.20999908447266,69.1500015258789,41.12849044799805,5114900,0.02006196477333355,68.15999984741211,69.10599975585937,72.77819946289063,0.017524586840607398,44.86766513783158,-1.559523485376019,-1.5843666161023773
2013-06-28,68.88999938964844,69.3499984741211,68.38999938964844,68.72000122070312,40.87275314331055,6234200,-0.006218370147321739,68.01399993896484,69.00299987792968,72.69899948120117,0.017345341183821802,45.395176485303566,-1.4171237594019743,-1.5509180447622968
2013-07-01,69.26000213623047,69.52999877929688,68.37000274658203,68.56999969482422,40.78351593017578,3141000,-0.0021827928290798493,67.83300018310547,68.87249984741212,72.5943994140625,0.017267628067131103,48.19695913932754,-1.301373397704353,-1.5010091153507081
2013-07-02,68.66999816894531,69.68000030517578,67.91999816894531,69.62000274658203,41.40803909301758,3707600,0.015312863590942527,67.72100067138672,68.8439998626709,72.5127995300293,0.017417955222539284,55.05850428149265,-1.1120943991092531,-1.4232261721024173
2013-07-03,69.38999938964844,69.38999938964844,68.33999633789062,69.16000366210938,41.13443756103516,2446400,-0.00660728334279248,67.78000106811524,68.82150001525879,72.41379959106445,0.01738181735375893,47.12558836361622,-0.98782053060539,-1.3361450438030118
2013-07-05,69.1500015258789,69.26000213623047,67.37000274658203,68.83000183105469,40.93816757202149,2506100,-0.004771570468199426,68.09100112915038,68.72649993896485,72.30499969482422,0.016975309678810103,44.92099931857858,-0.905522682481589,-1.2500205715387271
2013-07-08,69.08999633789062,69.55999755859375,68.83999633789062,68.9000015258789,40.97981262207031,2918000,0.00101699394104382,68.32000122070312,68.6345001220703,72.20259979248047,0.016980141528593947,44.37691749357067,-0.8251409433959793,-1.1650446459101778
2013-07-09,69.30000305175781,70.13999938964844,68.97000122070312,69.87999725341797,41.56267929077149,1955900,0.014223450012130545,68.74000091552735,68.62200012207032,72.12459976196288,0.017219778458846834,46.87953306772556,-0.6745841844409455,-1.0669525536163313
2013-07-10,69.87000274658203,70.08000183105469,69.3499984741211,69.91000366210938,41.580528259277344,3267800,0.0004293991109156625,69.0530014038086,68.66300048828126,72.0345997619629,0.016864217123662206,55.756027316362086,-0.5465453670798155,-0.9628711163090282
2013-07-11,70.94999694824219,71.66999816894531,70.72000122070312,71.5999984741211,42.58568954467773,3844300,0.024173862444348382,69.43400115966797,68.83550033569335,71.96099975585938,0.0172850006073801,78.05341302456621,-0.30518721614261324,-0.8313343362757453
2013-07-12,71.83000183105469,71.9000015258789,70.87999725341797,71.16000366210938,42.32399368286133,3398200,-0.0061451790696720465,69.63500137329102,68.89750061035156,71.89059982299804,0.01647372727312678,72.68197211125073,-0.14771033398885436,-0.694609535818367
2013-07-15,71.37999725341797,71.69000244140625,71.04000091552734,71.45999908447266,42.50242233276367,2942200,0.00421578705627601,69.90900115966797,68.96150054931641,71.8163998413086,0.016478405286463514,80.74469432080488,0.0012835570493621162,-0.5554309172448213
2013-07-16,71.37999725341797,71.80000305175781,71.30999755859375,71.51000213623047,42.53215408325195,2946400,0.0006997348502439937,70.2030014038086,69.01800079345703,71.73719985961914,0.01647295099095528,78.32337857062582,0.12199088256654989,-0.41994655728254704
2013-07-17,71.83000183105469,71.97000122070312,71.41999816894531,71.7699966430664,42.68678665161133,2209600,0.003635778199819306,70.41800079345703,69.06950073242187,71.65539978027344,0.01645646840711662,76.18421396060417,0.2359122420490678,-0.2887747974162241
2013-07-18,72.08999633789062,72.41000366210938,71.7699966430664,72.37999725341797,43.04960250854492,1931600,0.008499381898891212,70.7400001525879,69.26000061035157,71.57739974975586,0.01474908276700951,73.57664266095816,0.37113942717539317,-0.15679195249790065
2013-07-19,72.30999755859375,72.51000213623047,72.0199966430664,72.33000183105469,43.01986312866211,1864400,-0.0006907353448527553,71.09000015258789,69.59050064086914,71.49759979248047,0.010495037567865028,77.89805597417084,0.468868904026877,-0.03165978119294513
2013-07-22,72.37999725341797,72.69000244140625,72.0999984741211,72.55000305175781,43.15073013305664,1934800,0.0030416316208174976,71.45500030517579,69.88750076293945,71.43219985961915,0.01029839718344553,80.42822695515329,0.5576443020261337,0.08620103545087064
2013-07-23,72.77999877929688,72.86000061035156,72.20999908447266,72.47000122070312,43.10314178466797,1402800,-0.0011027129936522773,71.7140007019043,70.22700080871581,71.35959991455078,0.009463864503424797,75.58354073382105,0.6144608432573477,0.19185299701216607
2013-07-24,72.5999984741211,72.69999694824219,70.56999969482422,71.05999755859375,42.2645149230957,3115300,-0.019456376960934385,71.82900009155273,70.44100074768066,71.2515998840332,0.010499012259899614,64.57052989276704,0.5394939000279919,0.26138117761533125
2013-07-25,70.98999786376953,71.27999877929688,70.58999633789062,71.16999816894531,42.32992935180664,1760800,0.0015479962585258633,71.78600006103515,70.61000061035156,71.14019989013671,0.010116883538821867,68.57143549152772,0.48338601427772687,0.3057821449478104
2013-07-26,70.94999694824219,71.3499984741211,70.66000366210938,71.2300033569336,42.36561965942383,1586800,0.000843124765098846,71.79300003051758,70.7140007019043,71.01479995727539,0.009233583156408062,68.52149696400717,0.43870491064592443,0.33236669808743324
2013-07-29,71.06999969482422,71.4000015258789,70.58999633789062,70.69999694824219,42.05039978027344,3562300,-0.0074407747257225765,71.71699981689453,70.81300048828125,70.88679992675782,0.009291389452555518,57.02054056313777,0.3564191482963821,0.33717718812922304
2013-07-30,70.9000015258789,71.33000183105469,70.25,70.48999786376953,41.92549514770508,2362600,-0.0029702842084475822,71.61499938964843,70.90900039672852,70.74599990844726,0.009309300006593416,54.81723027477242,0.27113642577631936,0.3239690356586423
2013-07-31,70.33000183105469,70.7300033569336,68.7699966430664,69.33999633789062,41.24150085449219,3443900,-0.016314392973900027,71.37199935913085,70.89500007629394,70.57859985351563,0.009509705172973918,29.37955518429571,0.10949159067450864,0.2810735466618156
2013-08-01,69.61000061035156,69.80999755859375,68.88999938964844,69.06999969482422,41.08091735839844,3445000,-0.0038938081529558133,71.04099960327149,70.89049987792968,70.39699981689454,0.00943189861693023,30.32013253006855,-0.03993918431567067,0.21687100046631835
2013-08-02,69.23999786376953,69.3499984741211,68.70999908447266,68.7300033569336,40.87869644165039,2578300,-0.004922489349831305,70.68099975585938,70.88549995422363,70.2465998840332,0.009435957191152543,24.48605034539014,-0.18368164541530518,0.13676047128999366
2013-08-05,68.54000091552734,68.9800033569336,68.47000122070312,68.68000030517578,40.84895324707031,2831300,-0.0007275287256736096,70.29399948120117,70.87449989318847,70.12379989624023,0.009433827651700259,23.551414930208935,-0.29819599205335123,0.04976917862132468
2013-08-06,68.5999984741211,68.97000122070312,68.33000183105469,68.44000244140625,40.70621109008789,3889300,-0.0034944359741280184,69.89099960327148,70.8025001525879,70.0,0.008828728005123524,18.7618359182096,-0.40366209331489245,-0.04091707576591874
2013-08-07,68.63999938964844,68.69999694824219,67.91999816894531,68.26000213623047,40.599151611328125,2021200,-0.00263004527695454,69.61100006103516,70.72000007629394,69.88540008544922,0.008829097070585636,7.959312047881369,-0.4960510905188329,-0.13194387871650157
2013-08-08,68.47000122070312,68.63999938964844,67.93000030517578,68.29000091552734,40.61699295043945,2476400,0.0004394781476420029,69.32300033569337,70.55450019836425,69.80280014038085,0.006544811123926372,8.606654128226651,-0.5603895635920395,-0.21763301569160914
2013-08-09,68.19999694824219,69.27999877929688,68.0999984741211,68.88999938964844,40.97385787963867,2893000,0.008786036990441337,69.08899993896485,70.44099998474121,69.74580017089843,0.006928647906788006,15.209155256439999,-0.5565478671970965,-0.2854159859927066
2013-08-12,68.80999755859375,68.80999755859375,68.08999633789062,68.4000015258789,40.68241500854492,2709000,-0.00711275755713181,68.85900039672852,70.28800010681152,69.69820022583008,0.006891418936853868,14.109386836818587,-0.5862837139439421,-0.3455895315829537
2013-08-13,68.4000015258789,68.5,67.2699966430664,67.45999908447266,40.123329162597656,3778200,-0.013742725444978343,68.55600051879883,70.08549995422364,69.62380020141602,0.00731905375639882,15.384660528921984,-0.6778856836276645,-0.4120487619918959
2013-08-14,67.4000015258789,67.62000274658203,67.1500015258789,67.19999694824219,39.96867752075195,2538300,-0.003854167503099082,68.34200057983398,69.85699996948242,69.56400009155273,0.007157667801193988,12.897227181719131,-0.7626693267700091,-0.48217287494751854
2013-08-15,66.6500015258789,66.81999969482422,65.72000122070312,65.97000122070312,39.237117767333984,3630500,-0.0183035086815021,68.03200073242188,69.53650016784668,69.49120010375977,0.007346779224269296,9.662539536549161,-0.9185231869642081,-0.5694429373508565
2013-08-16,65.91999816894531,65.91999816894531,64.23999786376953,64.3499984741211,38.27359008789063,4256700,-0.02455665782333849,67.59400024414063,69.1375,69.36360000610351,0.008522535142748127,8.278552358648028,-1.1593943998127685,-0.687433229843239
2013-08-19,64.37999725341797,64.37999725341797,63.470001220703125,63.5,37.76803207397461,4763500,-0.013208989810045257,67.07600021362305,68.68499984741212,69.21880004882813,0.00840981070605448,7.636337406354883,-1.402704836307052,-0.8304875511360016
2013-08-20,63.869998931884766,65.22000122070312,63.650001525878906,64.94000244140625,38.62451553344727,4124500,0.02267720380167315,66.72600021362305,68.30849990844726,69.1150001525879,0.010619513316732686,24.238891360552614,-1.4624754412395902,-0.9568851291567193
2013-08-21,64.36000061035156,65.81999969482422,64.0,64.79000091552734,38.535282135009766,4437200,-0.002309847863252723,66.37900009155274,67.99500007629395,69.02900024414062,0.010106144348449983,24.584324762192992,-1.504603809661532,-1.0664288652576819
2013-08-22,64.94999694824219,65.20999908447266,64.43000030517578,65.18000030517578,38.76724243164063,2499500,0.006019437940075312,66.06800003051758,67.69550018310547,68.96960021972656,0.010296041673021842,29.04366859428201,-1.4893528215339842,-1.1510136565129425
2013-08-23,65.22000122070312,65.87999725341797,64.94000244140625,65.86000061035156,39.17168045043945,2917800,0.010432652684749799,65.76500015258789,67.42700004577637,68.88840026855469,0.010762630462943236,34.50549358418117,-1.4061863213455723,-1.2020481894794686
2013-08-26,65.86000061035156,66.0,65.47000122070312,65.66999816894531,39.05868911743164,2925200,-0.0028849444221897835,65.49199981689453,67.17550010681153,68.79820022583007,0.01073093928113557,34.696114152564235,-1.3401593570213066,-1.2296704229878364
2013-08-27,65.08999633789062,65.73999786376953,65.0,65.3499984741211,38.86836242675781,3355100,-0.004872844582711533,65.28099975585937,66.9185001373291,68.69760025024414,0.010733229072944047,34.16755773100705,-1.2986833992942906,-1.2434730182491271
2013-08-28,65.47000122070312,65.47000122070312,64.80999755859375,64.94999694824219,38.63045120239258,2142600,-0.006120911020943809,65.05599975585938,66.69900016784668,68.5818002319336,0.010338655055469628,32.53136948355571,-1.2832971336319048,-1.2514378413256826
2013-08-29,64.7699966430664,65.05999755859375,64.4800033569336,65.05000305175781,38.689918518066406,2334600,0.0015397399263208378,64.96399993896485,66.49800033569336,68.51140029907226,0.010391110000904317,28.807997210980247,-1.24864020346061,-1.2508783137526682
2013-08-30,65.20999908447266,65.47000122070312,64.41000366210938,64.5,38.36280822753906,3852400,-0.008455081106148343,64.97900009155273,66.28650016784668,68.4870002746582,0.010456358827254637,28.618454900077722,-1.2511327072733422,-1.2509291924568031
2013-09-03,64.75,64.98999786376953,63.400001525878906,63.93999862670898,38.02973175048828,6455100,-0.008682191833969344,65.02299995422364,66.04950008392333,68.43360023498535,0.010511746753333199,29.862736634073016,-1.2835000752834844,-1.2574433690221394
2013-09-04,64.0,64.70999908447266,63.709999084472656,64.48999786376953,38.35686111450195,4261500,0.008601802453445995,64.97799949645996,65.8519998550415,68.40980018615723,0.010855466509928876,34.994491298448295,-1.2503577597961737,-1.2560262471769463
2013-09-05,64.55000305175781,64.55000305175781,63.7400016784668,63.810001373291016,37.952415466308594,3024700,-0.010544216359178016,64.87999954223633,65.62949981689454,68.35040023803711,0.010988086279216755,37.26417407224972,-1.264387201207029,-1.257698437982963
2013-09-06,64.38999938964844,65.37999725341797,64.38999938964844,64.80000305175781,38.54123306274414,4582200,0.01551483556120381,64.84199981689453,65.45499992370605,68.29060028076172,0.011749364303226656,52.8662661808484,-1.1819954649850501,-1.2425578433833806
2013-09-09,64.87000274658203,66.1500015258789,64.83000183105469,66.1500015258789,39.34417724609375,3579700,0.020833308804674155,64.87099990844726,65.31800003051758,68.23060028076172,0.012636649192301893,65.86824651218458,-0.9962813151378214,-1.1933025377342688
2013-09-10,66.30999755859375,66.5,65.72000122070312,66.0999984741211,39.31443405151367,2905300,-0.0007559040151835505,64.91399993896485,65.20299987792968,68.17820022583008,0.012579815614547026,58.33328765937014,-0.8434139902964546,-1.1233248282467059
2013-09-11,66.16000366210938,66.62999725341797,66.05000305175781,66.62999725341797,39.62968063354492,2568000,0.00801813602922219,65.04199981689453,65.16149978637695,68.13940017700196,0.012417377441706389,62.5340151963994,-0.671755482852376,-1.03301095916784
2013-09-12,66.6500015258789,67.0,66.08000183105469,66.19999694824219,39.373931884765625,2628600,-0.006453554298379016,65.16699981689453,65.11149978637695,68.07100006103515,0.012467332923169098,56.910534645972895,-0.5639118847509224,-0.9391911442844565
2013-09-13,66.29000091552734,66.5199966430664,66.05999755859375,66.38999938964844,39.486915588378906,2582600,0.0028701276459996983,65.30099945068359,65.13249969482422,68.01559997558594,0.011771207747870686,53.846136810587666,-0.4578358010578256,-0.8429200756391304
2013-09-16,67.37000274658203,67.93000030517578,66.87999725341797,67.05000305175781,39.87947463989258,4413800,0.00994131146523669,65.55599975585938,65.26749992370605,67.98,0.010368290083907127,59.37501295750352,-0.31686039148831924,-0.7377081388089682
2013-09-17,67.02999877929688,67.55999755859375,66.9000015258789,67.01000213623047,39.85568618774414,3328300,-0.0005965833513306151,65.86300010681153,65.44300003051758,67.94220001220702,0.009752943444760718,61.723161406563825,-0.20598958361708242,-0.6313644277705911
2013-09-18,67.01000213623047,69.36000061035156,66.30999755859375,69.27999877929688,41.20580673217773,4452500,0.03387548978809951,66.34200019836426,65.65999984741211,67.9302000427246,0.011175550333532847,74.18992137045899,0.06430482237983881,-0.49223057774050516
2013-09-19,69.44000244140625,70.06999969482422,69.16999816894531,69.22000122070312,41.17012405395508,5138400,-0.0008660155838755568,66.88300018310547,65.88149986267089,67.91639999389649,0.01114202774082976,73.40065350746495,0.27055499536845673,-0.3396734631187128
2013-09-20,69.06999969482422,69.37999725341797,67.94000244140625,68.08999633789062,40.498043060302734,4082500,-0.016324831882183255,67.21199951171874,66.02699966430664,67.84619995117187,0.011953169666018044,68.91461675378693,0.33892092377770666,-0.20395458573942893
2013-09-23,67.44999694824219,67.77999877929688,66.97000122070312,67.01000213623047,40.220741271972656,3523100,-0.01586127566082951,67.29799957275391,66.08449974060059,67.7631999206543,0.012442215740995221,65.33468543604744,0.302468242783263,-0.10267002003489056
2013-09-24,66.98999786376953,67.16999816894531,66.45999908447266,66.5,39.91462326049805,4447700,-0.0076108359942093085,67.3379997253418,66.12599983215333,67.66399993896485,0.01256294605474642,60.08025020125683,0.22977758734434417,-0.03618049855904362
2013-09-25,66.63999938964844,67.1500015258789,66.20999908447266,66.72000122070312,40.04667282104492,2626300,0.003308289033129741,67.34700012207031,66.19449996948242,67.5681999206543,0.012504911384329628,65.29967416649318,0.18775762604693114,0.008607126362151333
2013-09-26,66.83000183105469,67.16000366210938,66.68000030517578,67.12999725341797,40.292747497558594,1465400,0.0061450243587168885,67.44000015258788,66.30349998474121,67.47539993286132,0.012432104649913692,63.04587974263396,0.18540255212967338,0.043966211515655745
2013-09-27,66.94000244140625,67.20999908447266,66.41000366210938,66.8499984741211,40.12469482421875,3412300,-0.0041709934567681906,67.48600006103516,66.39349975585938,67.3647999572754,0.012501965536827846,54.4529064496528,0.15910847419210938,0.06699466405094648
2013-09-30,66.29000091552734,67.0,65.88999938964844,66.13999938964844,39.69854736328125,3804700,-0.010620779366921185,67.39499969482422,66.47549972534179,67.24099990844726,0.012601161412797489,50.234747249342504,0.08005639528947484,0.06960701029865216
2013-10-01,66.1500015258789,67.80000305175781,66.0,67.0999984741211,40.27475738525391,4416100,0.014514652151976115,67.40399932861328,66.6334997177124,67.13199981689453,0.01269818356821661,52.62570603890226,0.0937898057904647,0.07444356939701467
2013-10-02,66.7699966430664,67.23999786376953,66.44999694824219,67.19999694824219,40.33476257324219,2604000,0.0014902902592413003,67.19599914550781,66.76899967193603,67.02659973144532,0.012617370763040134,55.80046732280677,0.11145785690159471,0.08184642689793069
2013-10-03,66.91999816894531,67.05999755859375,65.68000030517578,66.02999877929688,39.63252258300781,6150600,-0.017410687828549376,66.87699890136719,66.87999954223633,66.92599975585938,0.013065988923201493,48.124995032941534,0.03069698481463945,0.07161653848127245
2013-10-04,66.05999755859375,66.41999816894531,65.52999877929688,65.9000015258789,39.55448913574219,2389200,-0.001968760500094535,66.65799942016602,66.93499946594238,66.82059982299805,0.012678669546294296,43.66039967328975,-0.04329717717644144,0.04863379534972967
2013-10-07,65.54000091552734,66.47000122070312,65.5,66.19999694824219,39.73457336425781,2267400,0.00455228247977324,66.57699890136719,66.93749923706055,66.71999969482422,0.011826717328211464,45.659126387379494,-0.07684513732650089,0.023538008814483556
2013-10-08,66.11000061035156,66.41999816894531,65.47000122070312,65.4800033569336,39.30239868164063,2622000,-0.010876036623861385,66.47499923706054,66.90649948120117,66.61559982299805,0.012079233710008646,25.578359910447503,-0.15968880982964606,-0.013107354914342367
2013-10-09,65.5,66.18000030517578,65.4000015258789,65.48999786376953,39.30839538574219,2896600,0.00015263448875302288,66.35199890136718,66.84949951171875,66.51559982299804,0.011917615752315152,25.873114728533736,-0.22197772295682228,-0.05488142852283835
2013-10-10,66.0199966430664,67.22000122070312,66.0,67.16000366210938,40.31077575683594,2370200,0.025500165717118328,66.35499954223633,66.8974998474121,66.47199996948243,0.013192819005910383,44.37729366896625,-0.13503008154550855,-0.07091115912737239
2013-10-11,67.05000305175781,67.9000015258789,66.86000061035156,67.83000183105469,40.71290588378906,2111100,0.009976148487367054,66.45299987792968,66.96949996948243,66.44720001220703,0.013346238581620564,55.21629783066385,-0.011922758341057715,-0.059113478970109455
2013-10-14,67.44000244140625,67.94000244140625,67.26000213623047,67.87000274658203,40.73692321777344,2278000,0.0005897230494991135,66.62600021362304,67.01049995422363,66.43,0.013185146225897624,59.269330872097285,0.0878556762724827,-0.029719647921591024
2013-10-15,67.7699966430664,68.19000244140625,67.4800033569336,67.62000274658203,40.58687210083008,3231700,-0.003683512448547699,66.67800064086914,67.0409999847412,66.40880004882813,0.013219022872626615,56.06472051337153,0.14508543927429685,0.005241369517586549
2013-10-16,67.9000015258789,68.95999908447266,67.7699966430664,68.88999938964844,41.34915542602539,3066400,0.01878137520677048,66.84700088500976,67.0215000152588,66.41779998779298,0.011539578669471482,60.62806316935923,0.28958045088187134,0.062109185790443514
2013-10-17,68.6500015258789,70.05999755859375,68.52999877929688,69.93000030517578,41.9733772277832,3258600,0.015096544124568734,67.23700103759765,67.05699996948242,66.45119995117187,0.012033916449949621,67.03544976402833,0.4824517671876407,0.14617770206988295
2013-10-18,70.30000305175781,70.31999969482422,69.45999908447266,69.86000061035156,41.93136215209961,2685200,-0.001000996632614548,67.63300094604492,67.14550018310547,66.48259994506836,0.011370563365240012,72.1429207213066,0.6224797257638528,0.24143810680867694
2013-10-21,69.83000183105469,69.87999725341797,69.11000061035156,69.44000244140625,41.67926025390625,2276500,-0.0060119977852258755,67.95700149536133,67.26700019836426,66.49360000610352,0.01078429753301323,64.8855636109852,0.691590326832042,0.33146855081335
2013-10-22,69.5,70.36000061035156,69.44999694824219,70.08000183105469,42.06341552734375,3611600,0.009216580748085068,68.41700134277343,67.446000289917,66.52720001220703,0.010664100670410058,67.14292980394222,0.7889095202695984,0.4229567447045997
2013-10-23,69.94999694824219,70.25,69.68000030517578,70.20999908447266,42.141448974609375,4650000,0.0018549835904879686,68.88900146484374,67.62050018310546,66.58220001220702,0.010664538395662502,78.3968271574096,0.866536480981722,0.5116726919600242
2013-10-24,70.44999694824219,70.44999694824219,69.79000091552734,70.19000244140625,42.12944030761719,1600400,-0.0002848118975524727,69.19200134277344,67.77350044250488,66.64200012207031,0.010649152262736425,79.5863066142324,0.9158850914262899,0.5925151718532774
2013-10-25,70.36000061035156,71.12999725341797,70.19999694824219,71.05000305175781,42.6456184387207,2213000,0.012252465884574848,69.51400146484374,67.98350067138672,66.74360015869141,0.010757796946057423,81.0500454247951,1.0127151330114685,0.6765551640849157
2013-10-28,71.0999984741211,71.0999984741211,69.94999694824219,70.54000091552734,42.339500427246094,3347400,-0.0071780733895105975,69.78100128173828,68.20350074768066,66.86740020751954,0.010552172885266567,83.28949772422918,1.0363542814143898,0.7485149875508106
2013-10-29,70.16000366210938,70.54000091552734,69.7300033569336,70.12999725341797,42.09343338012695,3174900,-0.005812356915055328,70.03200073242188,68.35500068664551,67.00000015258789,0.010390627373401599,78.99999618530273,1.0103578316881396,0.8008835563782764
2013-10-30,70.04000091552734,70.2300033569336,69.19999694824219,69.54000091552734,41.73928451538086,2466500,-0.008412895494044337,70.09700088500976,68.47200088500976,67.09200012207032,0.010661756075496607,67.19653545633653,0.931410958575853,0.8269890368177917
2013-10-31,69.62000274658203,69.77999877929688,68.66000366210938,69.12999725341797,41.49319076538086,4039600,-0.005895939843420739,70.01700057983399,68.62700080871582,67.17880004882812,0.009851806127348066,59.759731206877,0.8262367805723017,0.8268385855686937
2013-11-01,69.41000366210938,69.69999694824219,68.7300033569336,69.48999786376953,41.70928955078125,3448800,0.005207588957827802,69.98000030517578,68.80650062561035,67.265,0.009817149713981394,61.604556653207744,0.7631375526993054,0.8140983789948162
2013-11-04,69.86000061035156,69.94999694824219,68.9800033569336,69.62000274658203,41.78730773925781,2640800,0.0018708430969787138,69.99800033569336,68.97750091552734,67.3402000427246,0.009808845598710588,64.57725817824311,0.7153748713399892,0.7943536774638509
2013-11-05,69.3499984741211,69.3499984741211,68.3499984741211,68.4800033569336,41.10306930541992,2533800,-0.016374595585668894,69.83800048828125,69.12750091552735,67.39640014648438,0.010271611432953317,46.95396858686225,0.5788614247037316,0.7512552269118271
2013-11-06,68.56999969482422,69.0,68.29000091552734,68.37999725341797,41.04303359985352,2256900,-0.001460369430684283,69.65500030517578,69.27200088500976,67.45700012207031,0.01029559935222181,36.61484659537125,0.4573320388854256,0.6924705893065469
2013-11-07,68.38999938964844,68.62999725341797,67.37999725341797,67.52999877929688,40.532840728759766,3236900,-0.01243051342881718,69.38899993896484,69.29050064086914,67.50860015869141,0.009216921045437946,32.267890155421156,0.2890988009054638,0.6117962316263303
2013-11-08,66.91999816894531,67.22000122070312,65.66000366210938,66.62000274658203,39.98664855957031,3577500,-0.013475433868863407,68.94599990844726,69.23000068664551,67.5400001525879,0.009412815799739866,30.028345449220794,0.08140528362874022,0.5057180420268124
2013-11-11,66.5,67.0999984741211,66.44999694824219,66.69000244140625,40.0286865234375,2243000,0.0010507308906979596,68.56100006103516,69.17100067138672,67.58380020141601,0.00941710999543876,23.882923572105355,-0.07666123184286278,0.38924218725287735
2013-11-12,66.51000213623047,66.6500015258789,65.86000061035156,66.38999938964844,39.84858703613281,2269900,-0.004498471146726857,68.1870002746582,69.10950050354003,67.63280021667481,0.009431838092036422,21.32137223477875,-0.2235607539982567,0.26668159900265054
2013-11-13,66.29000091552734,66.81999969482422,65.95999908447266,66.81999969482422,40.1067008972168,2547100,0.0064768837043072125,67.9150001525879,69.00600051879883,67.6794002532959,0.008430309771669605,26.16693338915981,-0.3018032526643992,0.1529846286692406
2013-11-14,66.98999786376953,67.77999877929688,66.9000015258789,67.29000091552734,40.3887939453125,2483500,0.007033840509573119,67.73100051879882,68.8740005493164,67.74900024414063,0.007761634582439741,21.856337008302077,-0.3221720274303408,0.057953297449324315
2013-11-15,67.3499984741211,67.6500015258789,67.13999938964844,67.54000091552734,40.538856506347656,2140300,0.0037152622469693863,67.5360008239746,68.7580005645752,67.80380020141601,0.007861187637038313,26.635562886519523,-0.31451597315941626,-0.016540556672423795
2013-11-18,67.79000091552734,67.80000305175781,67.05000305175781,67.12000274658203,40.28675079345703,1739500,-0.0062185099681980605,67.2860008239746,68.64200057983399,67.82320022583008,0.00786734105140028,26.5941617999179,-0.33843753986406,-0.08091995331075104
2013-11-19,66.9800033569336,67.13999938964844,66.37999725341797,66.6500015258789,40.004661560058594,2202800,-0.007002401690560989,67.10300064086914,68.47050056457519,67.83420028686524,0.0075143038885548,27.099892874329257,-0.3908156448897273,-0.1428990916265463
2013-11-20,66.61000061035156,67.2699966430664,65.6500015258789,65.83999633789062,39.51847076416016,2922700,-0.012153115820616622,66.8490005493164,68.25200042724609,67.81840026855468,0.007738562941625689,25.484397296175644,-0.4920146806907866,-0.21272220943939435
2013-11-21,66.0199966430664,66.51000213623047,65.75,66.3499984741211,39.824588775634766,2998000,0.007746083909439205,66.73100051879882,68.06000022888183,67.82140029907227,0.008096737712015785,27.11376001494736,-0.525010738548545,-0.2751799152612245
2013-11-22,66.4800033569336,66.55000305175781,65.73999786376953,66.08999633789062,39.66852951049805,1919400,-0.003918645700223822,66.6779998779297,67.81199989318847,67.81540023803711,0.007283357558106689,24.749643907683406,-0.5656202336230223,-0.33326797893358406
2013-11-25,66.16000366210938,66.20999908447266,65.69000244140625,65.77999877929688,39.48246765136719,2934200,-0.004690536779709653,66.58699951171874,67.57399978637696,67.7900001525879,0.007239906865770515,28.084418600330693,-0.6157201249381785,-0.38975840813450296
2013-11-26,65.93000030517578,65.94000244140625,65.4000015258789,65.55000305175781,39.34440612792969,2673400,-0.0034964386106289824,66.50299987792968,67.34500007629394,67.76080017089843,0.007218828461193785,27.504023928882887,-0.6663026605022964,-0.4450672586080616
2013-11-27,65.58000183105469,66.16000366210938,65.4800033569336,66.11000061035156,39.68053817749024,2990600,0.008543059229937588,66.43199996948242,67.17350006103516,67.69740020751954,0.007579163024042199,38.166681925455734,-0.6536674895549908,-0.4867873047974475
2013-11-29,65.83000183105469,66.19000244140625,65.4000015258789,65.5,39.31439971923828,2259600,-0.00922705497987919,66.25299987792968,66.99200019836425,67.62300018310548,0.007693491243245575,40.1754223937273,-0.6849799542875132,-0.5264258346954607
2013-12-02,65.43000030517578,65.62000274658203,64.86000061035156,65.12000274658203,39.08632659912109,3659000,-0.005801484785007194,66.01100006103516,66.77350044250488,67.5636003112793,0.007491764818513297,36.93844312167801,-0.7320196439741125,-0.567544596551191
2013-12-03,64.91000366210938,65.20999908447266,64.70999908447266,64.98999786376953,39.00830459594727,2246800,-0.0019963893938766963,65.79799957275391,66.54200019836426,67.52320022583008,0.007402956366348462,38.01369370875852,-0.7709027573834248,-0.6082162287176378
2013-12-04,64.47000122070312,65.69000244140625,64.38999938964844,65.2300033569336,39.15235137939453,3189600,0.0036929604716584574,65.65599975585937,66.37950019836425,67.49780029296875,0.006895702392335052,35.929258748133165,-0.7734357811709884,-0.6412601392083079
2013-12-05,65.16999816894531,65.55000305175781,64.70999908447266,65.45999908447266,39.2903938293457,2622100,0.003525919296378799,65.61800003051758,66.23350028991699,67.47260025024414,0.007020680350433141,33.086870681145115,-0.7482590234667157,-0.6626599160599895
2013-12-06,65.91999816894531,66.0999984741211,65.61000061035156,65.93000030517578,39.57249450683594,2022500,0.007179975974283437,65.57600021362305,66.15350036621093,67.4486003112793,0.006878202418143426,35.7016055592897,-0.6825135002694935,-0.6666306329018904
2013-12-09,66.26000213623047,66.30999755859375,65.66000366210938,66.25,39.76457214355469,2326100,0.004853627989428233,65.59200057983398,66.13500022888184,67.43660034179688,0.0063542563064774606,42.13379983416779,-0.5976985021629417,-0.6528442067541007
2013-12-10,66.12999725341797,66.51000213623047,66.08000183105469,66.08000183105469,39.66253662109375,2439600,-0.002566010097287741,65.62200088500977,66.10450019836426,67.435400390625,0.006366466628163818,44.550675631321056,-0.537997733623115,-0.6298749121279036
2013-12-11,66.08999633789062,66.19999694824219,64.5,64.55999755859375,38.75017547607422,2789100,-0.023002485326000688,65.52300033569335,66.01300010681152,67.38460037231445,0.008096711493618926,39.22560392926501,-0.6063465009905258,-0.6251692299004281
2013-12-12,64.45999908447266,64.5999984741211,63.959999084472656,64.19999694824219,38.53411483764648,2746100,-0.005576217843329845,65.33199996948242,65.88199996948242,67.32460037231445,0.007929116149313662,31.433495803833665,-0.6817041708250571,-0.6364762180853539
2013-12-13,64.43000030517578,65.12000274658203,64.19000244140625,64.36000061035156,38.63014221191406,3165400,0.002492268998678826,65.21800003051757,65.73549995422363,67.29120040893555,0.007720025231869566,34.79793510324484,-0.720212546842518,-0.6532234838367867
2013-12-16,64.51000213623047,64.75,64.29000091552734,64.58000183105469,38.76220703125,2571400,0.003418291153150399,65.16399993896485,65.5875,67.26480041503906,0.007708335973879188,39.28575321115416,-0.7246254215939274,-0.6675038713882149
2013-12-17,64.61000061035156,65.05999755859375,64.36000061035156,64.87999725341797,38.94227600097656,2640100,0.004645330038052453,65.15299987792969,65.47549972534179,67.23840042114257,0.0077932951169617,44.09166566870162,-0.6958937037708353,-0.673181837864739
2013-12-18,64.91000366210938,66.08999633789062,64.1500015258789,66.02999877929688,39.63252258300781,4120500,0.017725055094978792,65.23299942016601,65.44449958801269,67.24940032958985,0.00879883306848864,49.361008736008735,-0.5737146725997633,-0.6532884048117439
2013-12-19,65.83999633789062,65.87000274658203,64.75,65.12000274658203,39.08632659912109,3297500,-0.013781554589399225,65.19899978637696,65.40849990844727,67.2420004272461,0.008919726314778796,47.10368176145833,-0.5440445775956988,-0.6314396393685349
2013-12-20,65.11000061035156,65.58000183105469,64.94999694824219,65.5199966430664,39.32639694213867,3832900,0.00614241215623057,65.15799942016602,65.36699981689453,67.20920028686524,0.008848509892323785,53.039466452703564,-0.48269049344166604,-0.6016898101831611
2013-12-23,65.72000122070312,66.05000305175781,65.56999969482422,65.6500015258789,39.40443801879883,4183400,0.001984201609788405,65.0979995727539,65.34500007629394,67.16560028076172,0.008830131585802934,55.01522400035248,-0.41874954804316644,-0.5651017577551622
2013-12-24,64.68000030517578,64.86000061035156,64.52999877929688,64.69999694824219,39.43980026245117,1801200,-0.01447074722857744,64.95999908447266,65.2909999847412,67.10220016479492,0.009342228386071443,46.364839903088914,-0.4396651320803926,-0.5400144326202083
2013-12-26,64.81999969482422,65.23999786376953,64.58999633789062,64.75,39.47026824951172,4333500,0.0007728447313191111,64.97899932861328,65.25099983215333,67.04480010986327,0.009325792075325945,45.007044573425055,-0.4470527093815235,-0.5214220879724714
2013-12-27,64.9000015258789,65.0,64.31999969482422,64.88999938964844,39.55561065673828,3277100,0.0021621527358832715,65.04799957275391,65.18999977111817,66.96480010986328,0.009104045427857223,42.33038397873674,-0.43657803704570597,-0.5044532777871183
2013-12-30,64.87999725341797,65.16000366210938,64.76000213623047,64.91000366210938,39.56780624389648,3603900,0.00030827974493896626,65.10299987792969,65.16049995422364,66.86440017700195,0.008891741088014826,39.66053961391562,-0.4218003542267894,-0.4879226930750526
2013-12-31,64.91999816894531,65.1500015258789,64.44999694824219,64.55999755859375,39.35444641113281,5576900,-0.005392175069617755,65.10099945068359,65.13249969482422,66.7584001159668,0.008879151996861031,38.58858893259805,-0.4333362707690469,-0.4770054086138515
2014-01-02,64.27999877929688,64.75,64.05000305175781,64.56999969482422,39.36055374145508,5829600,0.0001549277665537918,65.06999969482422,65.11149978637695,66.66100006103515,0.008871747621204166,50.09710780225266,-0.43663818573082835,-0.4689319640372469
2014-01-03,64.48999786376953,65.18000030517578,64.41000366210938,64.93000030517578,39.57999801635742,2771700,0.005575354066176708,64.9599998474121,65.09649963378907,66.55800003051758,0.008926007081006406,57.08738813344138,-0.40553122499500205,-0.45625181622879796
2014-01-06,65.13999938964844,65.55999755859375,64.93000030517578,65.26000213623047,39.78116226196289,2917500,0.0050824246034752996,64.97399978637695,65.08649978637695,66.45900009155274,0.008966825619098685,58.45863718172105,-0.35021330370763337,-0.4350441137245651
2014-01-07,65.23999786376953,65.81999969482422,65.06999969482422,65.55000305175781,39.95793533325195,2582600,0.004443777291363915,64.9770004272461,65.06749992370605,66.36620010375977,0.00887002309914306,58.9981315819273,-0.27974804101926054,-0.4039848991835042
2014-01-08,65.37999725341797,65.62000274658203,64.94000244140625,65.2300033569336,39.76287460327149,3368400,-0.00488176475860036,64.93500061035157,65.01650009155273,66.24980010986329,0.008842209546047723,53.23479555832588,-0.24687924344576118,-0.37256376803595564
2014-01-09,65.48999786376953,65.51000213623047,64.75,65.2300033569336,39.76287460327149,2543000,0.0,64.98800125122071,64.97400016784668,66.14360015869141,0.00883290337582362,40.610420707453315,-0.21831389784320265,-0.3417137939974051
2014-01-10,65.76000213623047,66.16000366210938,65.61000061035156,66.12000274658203,40.30540466308594,2683900,0.01364401876201704,65.1250015258789,65.0520004272461,66.06340026855469,0.0076673610824302,61.79239511433239,-0.12244863134111483,-0.2978607614661471
2014-01-13,66.0999984741211,66.2300033569336,65.5,65.68000030517578,40.03717803955078,3650800,-0.006654604100557071,65.20400161743164,65.12600059509278,65.98620025634766,0.007721289881987685,51.86918886543837,-0.08104500041785911,-0.2544976092564895
2014-01-14,65.91000366210938,66.36000061035156,65.66000366210938,66.16000366210938,40.32979583740234,2383400,0.007308211856018598,65.32900161743164,65.21600074768067,65.92680038452148,0.007838944027959089,55.507549430105776,-0.009391802412991979,-0.20547644788779001
2014-01-15,66.1500015258789,66.77999877929688,66.1500015258789,66.66000366210938,40.63457489013672,3069700,0.007557436099211667,65.5390022277832,65.3200008392334,65.87020050048828,0.007948646199139188,73.44492629826752,0.08673981200578851,-0.14703319590907432
2014-01-16,66.55000305175781,66.80999755859375,66.55000305175781,66.77999877929688,40.70771408081055,2704800,0.001800106669596735,65.76000213623047,65.41500091552734,65.81340042114257,0.00791697852198253,73.88225283543186,0.17064037610376204,-0.08349848150650706
2014-01-17,66.8499984741211,66.97000122070312,66.33000183105469,66.38999938964844,40.469970703125,2957800,-0.005840062844825078,65.90600204467773,65.43300094604493,65.77160034179687,0.007080463321774016,66.66661015282475,0.203318754201689,-0.026135034364867846
2014-01-21,66.72000122070312,67.25,66.58999633789062,66.98999786376953,40.83573532104492,3255800,0.009037482747961123,66.07900161743164,65.5265007019043,65.74380035400391,0.0065080422852053605,70.47234574909851,0.2744675753854722,0.03398548758520016
2014-01-22,67.02999877929688,67.47000122070312,67.0,67.27999877929688,41.01249694824219,3432800,0.004329018133678586,66.25200119018555,65.61450080871582,65.7388003540039,0.00645141796299224,77.0916225671827,0.3502170943563385,0.09723180893942784
2014-01-23,67.05000305175781,67.26000213623047,66.80000305175781,67.12000274658203,40.91497421264648,3262600,-0.0023780623605492712,66.4410011291504,65.68800086975098,65.7488003540039,0.006502247942713415,74.66154695252065,0.392810713796635,0.15634758991086928
2014-01-24,66.81999969482422,66.91999816894531,66.13999938964844,66.27999877929688,40.402931213378906,2745800,-0.012514957284144756,66.54600067138672,65.76700096130371,65.74060028076173,0.006265711706654843,61.94688592505371,0.35469644430064307,0.19601736078882404
2014-01-27,66.31999969482422,66.58000183105469,65.51000213623047,65.7699966430664,40.0920524597168,3818500,-0.007694661219423193,66.51100006103516,65.81800079345703,65.72820022583008,0.0065763007531019465,54.37387947392528,0.2801087813289911,0.21283564489685747
2014-01-28,65.8499984741211,66.44000244140625,65.79000091552734,66.31999969482422,40.42732238769531,2406700,0.008362522119967242,66.575,65.88950080871582,65.71820022583007,0.006786565174671074,56.32180740113426,0.26235391810020303,0.22273929953752658
2014-01-29,65.98999786376953,66.29000091552734,65.62999725341797,65.95999908447266,40.20785903930664,3308200,-0.005428236007360199,66.55499954223633,65.94200057983399,65.69160018920898,0.00694178568862122,55.9542834100006,0.216735627074101,0.22153856504484146
2014-01-30,66.20999908447266,67.20999908447266,66.1500015258789,66.95999908447266,40.81744384765625,2990100,0.015160703667071562,66.58499908447266,66.06200065612794,65.6800001525879,0.007473797623097885,62.13179903781951,0.25829695886763204,0.2288902438093996
2014-01-31,66.43000030517578,67.62000274658203,66.22000122070312,67.31999969482422,41.03689956665039,5454400,0.005376353274697765,66.6389991760254,66.19950065612792,65.68400009155273,0.007502493880052679,59.090877564514564,0.31663369817701437,0.24643893468292255
2014-02-03,67.22000122070312,67.31999969482422,65.98999786376953,66.25,40.38465881347656,7310400,-0.01589423202131246,66.62499923706055,66.26550064086913,65.67600006103515,0.008456514248153415,53.94190477295967,0.2733746584684411,0.2518260794400263
2014-02-04,66.31999969482422,67.08999633789062,66.05999755859375,67.05000305175781,40.87229919433594,4472100,0.012075517762382137,66.63099975585938,66.35500068664551,65.7002001953125,0.008771141370294383,55.89403331063042,0.30018477497979745,0.26149781854798054
2014-02-05,66.5999984741211,67.01000213623047,66.54000091552734,66.91000366210938,40.78697204589844,2656000,-0.002087984836337209,66.59400024414063,66.42300071716309,65.71140029907227,0.008773071001178887,51.738525139854495,0.3066009004229642,0.2705184349229773
2014-02-06,66.94999694824219,67.5,66.91000366210938,67.4000015258789,41.08564376831055,2755500,0.0073232377365270995,66.62200012207032,66.53150062561035,65.73760040283203,0.008762210889948248,54.10054445178903,0.3472219006529542,0.2858591280689727
2014-02-07,67.81999969482422,68.01000213623047,67.4000015258789,67.91000366210938,41.39654541015625,5918800,0.007566797102143141,66.78500061035156,66.66550064086914,65.78020050048828,0.008849053016514159,59.895850924963796,0.4157744569922386,0.3118421938536259
2014-02-10,68.12000274658203,68.75,67.68000030517578,68.55000305175781,41.78667831420898,6276300,0.009424228466144546,67.0630012512207,66.78700065612793,65.84020050048828,0.008605069496650174,60.1036489612868,0.5157996366944957,0.3526336824217998
2014-02-11,68.43000030517578,69.16000366210938,68.33000183105469,68.81999969482422,41.95125198364258,7136400,0.003938681707461811,67.3130012512207,66.94400062561036,65.89440048217773,0.008377607861572342,60.0,0.6098270779400821,0.4040723615254563
2014-02-12,69.0199966430664,69.02999877929688,68.5199966430664,68.86000061035156,41.97563934326172,3335400,0.0005812396934716801,67.60300140380859,67.07900047302246,65.96160049438477,0.008303670534815573,61.477544143239186,0.6797366610327913,0.4592052214269233
2014-02-13,68.61000061035156,69.44000244140625,68.48999786376953,69.12000274658203,42.13413619995117,2754600,0.00377580792805543,67.81900177001953,67.20200042724609,66.04160049438477,0.008213865609205992,70.28572051378467,0.7475037508356905,0.5168649273086768
2014-02-14,69.01000213623047,69.5199966430664,69.01000213623047,69.38999938964844,42.29872894287109,2509200,0.0039062012780339828,68.02600173950195,67.33250045776367,66.12960052490234,0.008226741015317163,76.77515978272032,0.8136172570986844,0.5762153932666784
2014-02-18,69.61000061035156,69.7300033569336,69.02999877929688,69.7300033569336,42.505985260009766,3819900,0.004899898692546811,68.3740020751953,67.49950065612794,66.21960052490235,0.008039817117605087,76.03055017809677,0.8832664202836185,0.6376255986700664
2014-02-19,69.5999984741211,70.43000030517578,69.55999755859375,69.69000244140625,42.48159790039063,4334000,-0.0005736542894252405,68.63800201416015,67.63450088500977,66.30420059204101,0.007913989629279953,79.9358053537992,0.9245781825626977,0.6950161154485928
2014-02-20,69.69999694824219,70.23999786376953,69.29000091552734,69.54000091552734,42.3901481628418,3503400,-0.002152410971789309,68.90100173950195,67.74750099182128,66.37640060424805,0.00794655618067158,73.97769042270778,0.934442510687731,0.7429013944964205
2014-02-21,69.58000183105469,70.0,69.19999694824219,69.70999908447266,42.4937744140625,2406000,0.002444609817474852,69.13200149536132,67.87700080871582,66.4456005859375,0.007889796508384573,73.02503145837498,0.9450831628874568,0.7833377481746278
2014-02-24,69.9800033569336,70.56999969482422,69.83999633789062,69.87999725341797,42.59741973876953,3690100,0.0024386482739631177,69.3290008544922,68.05700073242187,66.52160049438477,0.007120449794591569,92.3076512673862,0.9562107852060961,0.8179123555809216
2014-02-25,70.0,70.44000244140625,69.8499984741211,70.11000061035156,42.73761367797852,3329500,0.0032914047792460543,69.48500061035156,68.27400093078613,66.63260055541993,0.006689319944062991,91.1289859471521,0.9723798649523729,0.8488058574552119
2014-02-26,70.3499984741211,70.52999877929688,70.01000213623047,70.2699966430664,42.83514404296875,4623500,0.002282071477991421,69.63000030517578,68.47150077819825,66.7540005493164,0.006580659235986807,94.91971791623573,0.9867299116373545,0.8763906682916405
2014-02-27,70.30000305175781,70.52999877929688,69.77999877929688,70.08000183105469,42.71932601928711,3334400,-0.0027037828531113473,69.75200042724609,68.67750091552735,66.86840057373047,0.006425168959321712,88.95355155504595,0.971571759088917,0.8954268864510959
2014-02-28,70.1500015258789,70.98999786376953,70.05000305175781,70.7300033569336,43.11556243896485,8733500,0.009275135686296121,69.91300048828126,68.86600112915039,66.99140060424804,0.00595936885232779,89.38553438880565,1.0004756443807423,0.9164366380370252
2014-03-03,70.29000091552734,70.83999633789062,70.05999755859375,70.7699966430664,43.139930725097656,5816200,0.000565435942806225,70.05100021362304,69.0385009765625,67.10920059204102,0.005945255257824105,87.24836338592857,1.0149100543221863,0.9361313212940575
2014-03-04,71.2699966430664,71.87999725341797,71.13999938964844,71.79000091552734,43.76171875,4444400,0.01441294787119185,70.25699996948242,69.31550102233886,67.22440063476563,0.004746618236480674,89.81239440537699,1.0960210006057167,0.9681092571563894
2014-03-05,71.83999633789062,72.01000213623047,71.13999938964844,71.69999694824219,43.706844329833984,3489400,-0.0012537117444957335,70.45799942016602,69.54800071716309,67.35600051879882,0.004486782647243385,87.56610125703398,1.1398993913224018,1.0024672839895918
2014-03-06,71.83000183105469,71.83000183105469,70.94000244140625,71.0999984741211,43.34109878540039,3705600,-0.008368179911558582,70.61399917602539,69.75750045776367,67.46760055541992,0.005070492518505644,74.02910284139729,1.1134236152722963,1.0246585502461327
2014-03-07,70.7699966430664,70.97000122070312,70.0199966430664,70.33000183105469,42.8717155456543,3665900,-0.01082977017709319,70.67599945068359,69.90400047302246,67.56120056152344,0.005833362763112597,60.17319734721378,1.0185676640451504,1.0234403730059363
2014-03-10,70.36000061035156,70.44000244140625,69.69000244140625,69.95999908447266,42.64617919921875,6387500,-0.005260951755281407,70.68399963378906,70.00650024414062,67.66640060424805,0.005910680289911795,52.47307558524916,0.9031268260168162,0.9993776636081123
2014-03-11,70.05000305175781,70.66999816894531,70.0,70.4000015258789,42.9144172668457,5101900,0.0062893431555790524,70.7129997253418,70.09900016784668,67.77940063476562,0.005728364995699864,57.02970027783107,0.8374895912519094,0.9670000491368718
2014-03-12,70.1500015258789,70.69000244140625,70.1500015258789,70.61000061035156,43.04241943359375,2711900,0.002982941476151302,70.74700012207032,70.18850021362304,67.89380065917969,0.00570957080122395,60.46967871396003,0.7932724301119549,0.9322545253318885
2014-03-13,70.73999786376953,70.87000274658203,70.1500015258789,70.27999877929688,42.84125518798828,3688000,-0.004673584877526671,70.76699981689453,70.2595001220703,68.00120056152343,0.005863234741957572,55.407970188881926,0.7232642810992189,0.8904564764853546
2014-03-14,70.33999633789062,70.77999877929688,70.16000366210938,70.45999908447266,42.95096206665039,2713900,0.002561188222854671,70.73999938964843,70.32649993896484,68.11920059204101,0.0058396207844765,55.492442851775856,0.6745312624155417,0.8472714336713921
2014-03-17,71.02999877929688,71.06999969482422,70.4000015258789,70.61000061035156,43.04241943359375,3115600,0.002128889126141953,70.72399978637695,70.3875,68.24000061035156,0.005806121217524865,54.80769512921562,0.6406290901560965,0.805942964968333
2014-03-18,70.62999725341797,70.9000015258789,70.33999633789062,70.81999969482422,43.17042541503906,2483700,0.0029740699993969777,70.62699966430664,70.44199981689454,68.35780059814454,0.00575179635171639,55.23812430245536,0.6235190064901843,0.7694581732727033
2014-03-19,71.0,71.19000244140625,69.23999786376953,69.4800033569336,42.35358047485352,4561500,-0.018921157069541117,70.40500030517578,70.4314998626709,68.44220062255859,0.007249228258804529,45.31251303851293,0.496113745820594,0.7147892877822815
2014-03-20,69.37000274658203,69.62000274658203,68.79000091552734,69.5999984741211,42.42674255371094,3811500,0.001727045356792134,70.25500030517578,70.43449974060059,68.52320053100586,0.007244048760461353,40.374737455029425,0.4002133515579942,0.651874100537424
2014-03-21,69.81999969482422,70.47000122070312,69.75,70.23999786376953,42.81685256958008,2970400,0.00919539373102718,70.24599990844726,70.46099967956543,68.62340042114258,0.007512898536649377,45.90418331297256,0.37157096147740276,0.5958134727254197
2014-03-24,70.44000244140625,70.48999786376953,69.41999816894531,69.77999877929688,42.53644561767578,5826500,-0.006548962107954859,70.22799987792969,70.45599975585938,68.71440032958985,0.007652396505127668,32.99489436960633,0.30820083189532,0.5382909445593997
2014-03-25,69.87000274658203,70.08999633789062,69.44000244140625,69.95999908447266,42.92484664916992,3125500,0.002579540102101374,70.18399963378906,70.44849967956543,68.79120025634765,0.007637709024469135,35.49999936421632,0.26939860848298736,0.4845124773441173
2014-03-26,70.25,70.37999725341797,69.16000366210938,69.16999816894531,42.440128326416016,4286800,-0.011292180186758816,70.03999938964844,70.39349975585938,68.86100021362304,0.008010837532988998,34.41032372571132,0.17290792042859948,0.4221915659610137
2014-03-27,69.1500015258789,69.66999816894531,68.87000274658203,69.61000061035156,42.71009826660156,3097600,0.00636117468633679,69.9729995727539,70.36999969482422,68.9300001525879,0.008150185866294415,43.85664551441123,0.13043925223117014,0.363841103215045
2014-03-28,69.76000213623047,70.29000091552734,69.7300033569336,70.02999877929688,42.96778106689453,2278400,0.006033589502409065,69.92999954223633,70.33499946594239,68.99740005493165,0.007980106492587924,50.59221439774861,0.12918371937433903,0.3169096264469038
2014-03-31,70.44999694824219,70.83000183105469,69.79000091552734,70.62000274658203,43.32978439331055,3597700,0.008425017529196,69.93099975585938,70.32749977111817,69.07420013427735,0.0082234289415206,51.81519232125052,0.17379370419160978,0.288286441995845
2014-04-01,70.7699966430664,70.94000244140625,70.12999725341797,70.94000244140625,43.526126861572266,5804400,0.004531289753308743,69.94300003051758,70.28499984741211,69.1652001953125,0.0075788076271998414,52.67424577786462,0.2322910331461827,0.27708736022591257
2014-04-02,70.9000015258789,71.06999969482422,70.52999877929688,71.0,43.56295394897461,3266700,0.0008457507263734954,70.09499969482422,70.25,69.2454002380371,0.007583347658837088,56.10171157238105,0.2802612125494619,0.27772213069062246
2014-04-03,71.0999984741211,71.12999725341797,70.5999984741211,70.8499984741211,43.47091293334961,2372300,-0.0021126975475902476,70.21999969482422,70.2375,69.3168002319336,0.0073660275388852114,53.321973714309486,0.3026848927804906,0.2827146831085961
2014-04-04,71.1500015258789,71.52999877929688,70.7699966430664,71.08999633789062,43.61815643310547,3600300,0.003387408171324102,70.30499954223633,70.2754997253418,69.39620010375977,0.006955739836502935,54.02681556808348,0.3359490314641391,0.2933615527797047
2014-04-07,71.11000061035156,71.80000305175781,71.08000183105469,71.31999969482422,43.75928115844727,3845100,0.0032353828777875737,70.45899963378906,70.34349975585937,69.49700012207032,0.006839966485352359,54.18060499355711,0.3765300457270655,0.3099952513691769
2014-04-08,71.37999725341797,71.80000305175781,71.11000061035156,71.76000213623047,44.02924728393555,2935500,0.0061694117118480385,70.63899993896484,70.41149978637695,69.6168002319336,0.006835122728075263,72.4409247784022,0.43913325683467974,0.3358228524622775
2014-04-09,72.0,72.0,71.19999694824219,71.58000183105469,43.91881561279297,4339600,-0.002508365382069888,70.88000030517578,70.4599998474121,69.7220002746582,0.006860652829339079,69.26070674220846,0.46881799040258443,0.3624218800503389
2014-04-10,71.69000244140625,71.9800033569336,70.70999908447266,70.9000015258789,43.50160217285156,4136300,-0.009499864316583007,71.00900039672851,70.49099998474121,69.82080032348632,0.007139022315418609,56.37068196078085,0.4324875665411554,0.3764350173485022
2014-04-11,70.7699966430664,71.1500015258789,70.37000274658203,70.47000122070312,43.23775863647461,3785000,-0.0060648842866219965,71.05300064086914,70.49150009155274,69.89100036621093,0.00726508543930776,56.69904092014779,0.3647929073588756,0.37410659535057694
2014-04-14,70.83000183105469,70.98999786376953,70.37000274658203,70.88999938964844,43.49546051025391,2963500,0.005959956884773243,71.08000030517579,70.50550003051758,69.96240036010742,0.007372978742090228,58.62707879498187,0.3411027245267064,0.3675058211858029
2014-04-15,70.98999786376953,71.76000213623047,70.83999633789062,71.7300033569336,44.010841369628906,3800100,0.011849400120150344,71.15900039672852,70.55100021362304,70.0720004272461,0.007801844239769049,73.52941588958716,0.38566369292280456,0.37113739553320324
2014-04-16,71.9800033569336,72.27999877929688,71.68000030517578,72.19000244140625,44.29308319091797,2141600,0.00641292434051155,71.27800064086914,70.68650016784667,70.17480041503906,0.006381324014954985,73.62636134221286,0.45287618837143384,0.3874851541008494
2014-04-17,72.13999938964844,72.1500015258789,71.51000213623047,71.7699966430664,44.03538513183594,3736800,-0.0058180604534644464,71.37000045776367,70.79500007629395,70.2720002746582,0.006613043668895552,65.93400451334792,0.46686983264885384,0.4033620898104503
2014-04-21,71.87000274658203,72.26000213623047,71.77999877929688,72.18000030517578,44.28696060180664,2447200,0.005712744618735943,71.47900085449218,70.89200019836426,70.36760025024414,0.006445045930971564,64.77266487684629,0.5052199049701045,0.4237336528423812
2014-04-22,72.26000213623047,72.43000030517578,71.63999938964844,72.33999633789062,44.38511657714844,2889700,0.0022166255477746866,71.58100051879883,71.02000007629394,70.45620010375977,0.006169415667486681,63.67178768868557,0.5422719824187539,0.44744131875765575
2014-04-23,72.33000183105469,72.47000122070312,71.87000274658203,72.05000305175781,44.20719528198242,3180700,-0.004008754503916356,71.61000061035156,71.1245002746582,70.52620010375976,0.006301274811346676,59.81310143803227,0.5419882825811158,0.46635071152234775
2014-04-24,72.19999694824219,72.48999786376953,72.06999969482422,72.3499984741211,44.39125442504883,2332400,0.004163711445616114,71.6870002746582,71.28350028991699,70.5968000793457,0.005554420496609853,63.63636363636363,0.5595207647477594,0.4849847221674301
2014-04-25,72.38999938964844,72.43000030517578,71.91000366210938,72.06999969482422,44.219459533691406,2608900,-0.0038700592287783664,71.80400009155274,71.40650024414063,70.66100006103515,0.005627929049044506,58.84479417852505,0.5445446499800255,0.4968967077299492
2014-04-28,72.29000091552734,72.69000244140625,71.94000244140625,72.62999725341797,44.56303405761719,2994200,0.007770189551339346,72.01999969482422,71.53650016784668,70.73119995117187,0.005710241792535173,61.158421194917544,0.5712777596084493,0.5117729181056493
2014-04-29,72.8499984741211,72.98999786376953,72.4800033569336,72.68000030517578,44.59373092651367,2944200,0.0006884628066738951,72.19899978637696,71.63950004577637,70.79699996948243,0.005498798964917661,58.39415042170536,0.5897010631941981,0.5273585471233591
2014-04-30,72.81999969482422,72.98999786376953,72.44999694824219,72.94000244140625,44.75326919555664,2660700,0.003577354638672814,72.31999969482422,71.73950004577637,70.86119995117187,0.005474777481348544,62.230226686426256,0.6181559465211564,0.5455180270029185
2014-05-01,73.05999755859375,73.31999969482422,72.30999755859375,73.25,44.94346237182617,3817400,0.004250034935805891,72.42599945068359,71.85200004577636,70.93239990234375,0.005509276042576819,72.63969964557826,0.6581342962916779,0.5680412808606704
2014-05-02,72.9000015258789,73.55000305175781,72.86000061035156,73.2300033569336,44.93119430541992,3495200,-0.0002729917142171301,72.5720001220703,71.97100028991699,71.00619995117188,0.005459588632731419,78.87036868558697,0.6803610854536828,0.5905052417792729
2014-05-05,73.0,73.44000244140625,72.69000244140625,73.37999725341797,45.023231506347656,2628500,0.0020482574028199974,72.69199981689454,72.08550033569335,71.07959991455078,0.005445579388460906,77.60537814671149,0.701987158898973,0.6128016252032129
2014-05-06,73.05999755859375,73.38999938964844,72.87000274658203,73.12000274658203,44.86370468139648,2879800,-0.00354312505542953,72.77000045776367,72.17550048828124,71.14440002441407,0.005548446876212022,67.68457222729126,0.6901905075327477,0.6282794016691199
2014-05-07,73.27999877929688,74.05000305175781,73.16000366210938,74.0,45.40364456176758,4417300,0.012034972926188825,72.96500015258789,72.28750038146973,71.22220001220703,0.0059611820251586085,70.80468640381648,0.7432819090708165,0.6512799031494593
2014-05-08,73.97000122070312,74.51000213623047,73.9000015258789,74.16999816894531,45.507930755615234,3389200,0.0022972725533150218,73.14700012207031,72.41700019836426,71.30020004272461,0.0058851470509575675,79.26854003881718,0.789968394874677,0.6790176014945029
2014-05-09,74.22000122070312,74.44999694824219,73.80000305175781,74.22000122070312,45.53861618041992,3706300,0.0006741681676183386,73.3620002746582,72.58300018310547,71.38300003051758,0.005264412182309165,77.2729776318071,0.8215324845207732,0.707520578099757
2014-05-12,74.13999938964844,74.5999984741211,74.13999938964844,74.44999694824219,45.67974090576172,2983200,0.003098837560715495,73.54400024414062,72.78199996948243,71.45739990234375,0.004882639376568057,77.69053626496856,0.8552472283546422,0.737065908150734
2014-05-13,74.4800033569336,75.0199966430664,73.86000061035156,73.97000122070312,45.38522720336914,2476600,-0.006447222931019847,73.67300033569336,72.93600006103516,71.52139999389648,0.005230736673960351,74.00016021850753,0.8336252490663298,0.7563777763338532
2014-05-14,74.05000305175781,74.30000305175781,73.69000244140625,74.0,45.40364456176758,3956800,0.0004055533162337088,73.77900009155273,73.04949989318848,71.56559997558594,0.004713245887155576,72.11814397774573,0.8095780140798894,0.7670178238830605
2014-05-15,74.05000305175781,74.08000183105469,73.3499984741211,73.95999908447266,45.37910842895508,2941200,-0.0005405529125316333,73.85,73.1379997253418,71.61080001831054,0.0045920737987979795,77.07754930722852,0.7783206713096433,0.7692783933683771
2014-05-16,74.02999877929688,74.6500015258789,73.6500015258789,74.63999938964844,45.79631423950195,2478900,0.009194163244906628,73.99099960327149,73.2814998626709,71.68160003662109,0.004607683294136053,77.839536569541,0.7992065875428835,0.7752640322032784
2014-05-19,74.61000061035156,74.61000061035156,74.0,74.33999633789062,45.61227416992188,2420400,-0.00401933352372752,74.08699951171874,73.38949966430664,71.76179992675782,0.004704761223953314,71.50266338561278,0.7825305623712353,0.7767173382368698
2014-05-20,74.38999938964844,74.5999984741211,73.87000274658203,74.11000061035156,45.471134185791016,2210200,-0.0030938356049102778,74.18599929809571,73.47799987792969,71.84479995727538,0.004810025289357344,65.27424193529109,0.7422003357536227,0.7698139377402204
2014-05-21,74.36000061035156,74.36000061035156,73.5,73.62000274658203,45.170501708984375,2164800,-0.006611764400675124,74.1479995727539,73.5564998626709,71.90919998168945,0.004990782283780044,54.61353323376364,0.6630563076954701,0.7484624117312704
2014-05-22,73.69000244140625,73.9000015258789,73.44999694824219,73.48999786376953,45.09071731567383,1820600,-0.0017658907628679277,74.07999954223632,73.61349983215332,71.96679992675782,0.004974688968065391,53.155288566592716,0.5831219211840164,0.7153943136218196
2014-05-23,73.48999786376953,74.16999816894531,73.48999786376953,74.13999938964844,45.48953628540039,1418000,0.00884476180124305,74.07199935913086,73.71699981689453,72.04399993896484,0.005156437286401532,58.22515362042173,0.5657019746006142,0.6854558458175786
2014-05-27,74.33999633789062,74.70999908447266,74.18000030517578,74.66999816894531,45.81471252441406,2713200,0.007148621306448,74.09399948120117,73.81899986267089,72.1281999206543,0.005117939083040796,65.84865065583259,0.5878862270549519,0.6659419220650532
2014-05-28,74.4000015258789,74.43000030517578,73.76000213623047,74.19999694824219,45.526363372802734,2363100,-0.006294378361168862,74.11699905395508,73.89499969482422,72.19999984741212,0.00539936328761777,52.23211092605271,0.5610745186134665,0.6449684413747359
2014-05-29,74.30000305175781,74.4000015258789,74.01000213623047,74.3499984741211,45.61837387084961,2379800,0.00202158398986918,74.1519989013672,73.96549949645996,72.27059982299805,0.0053721623519322435,52.01794105521733,0.5456401164161662,0.6251027763830219
2014-05-30,74.27999877929688,74.77999877929688,74.22000122070312,74.69000244140625,45.82700347900391,3281400,0.004573019156194125,74.22499923706054,74.03749961853028,72.3747998046875,0.005383011284923498,54.94738127055921,0.554452338678459,0.6109726888421093
2014-06-02,74.91999816894531,75.11000061035156,74.55999755859375,74.91999816894531,45.96811294555664,3096500,0.0030793375287341274,74.25299911499023,74.12199935913085,72.48119979858399,0.005393874348642086,54.94738127055921,0.5733851937739161,0.6034551898284707
2014-06-03,74.91000366210938,74.97000122070312,74.62000274658203,74.87999725341797,45.94356536865234,1828800,-0.0005339150627999834,74.30699920654297,74.19699935913086,72.57399978637696,0.005402270583739694,60.55678581606986,0.5784933668263079,0.5984628252280382
2014-06-04,74.88999938964844,75.19000244140625,74.62999725341797,75.02999877929688,46.03561019897461,1910500,0.002003225579339407,74.3989990234375,74.2924991607666,72.67899978637695,0.005296695727085686,61.625247567381386,0.5878689133981396,0.5963440428620586
2014-06-05,75.19999694824219,76.44000244140625,74.91000366210938,76.41000366210938,46.882320404052734,4992400,0.018392708320199125,74.67799911499023,74.41299934387207,72.80799987792969,0.006103929242954578,71.23049847478536,0.6986009258551462,0.6167954194606762
2014-06-06,76.7699966430664,76.7699966430664,75.94999694824219,76.08999633789062,46.68598175048828,9927200,-0.004188029170026586,74.93799896240235,74.50899925231934,72.94639984130859,0.006236943137245244,63.40103398382743,0.7518678621632091,0.6438099080011828
2014-06-09,76.16999816894531,76.33999633789062,75.02999877929688,75.16999816894531,46.12149429321289,2468000,-0.012090921451223369,75.04099884033204,74.55649909973144,73.05759979248047,0.006919812248250917,56.88225455042347,0.711642754771745,0.6573764773552953
2014-06-10,75.11000061035156,75.19000244140625,74.33999633789062,74.61000061035156,45.77791213989258,2614700,-0.0074497482005406734,75.03499908447266,74.56449928283692,73.14919982910156,0.007123066063893586,53.93080780211607,0.627345298383247,0.6513702415608856
2014-06-11,74.30999755859375,74.7300033569336,74.04000091552734,74.41000366210938,45.65519332885742,2365800,-0.002680564892187376,75.05599975585938,74.58649940490723,73.2249998474121,0.006988498245953112,56.50740501929968,0.5381968760152915,0.6287355684517668
2014-06-12,74.4000015258789,74.45999908447266,73.6500015258789,74.22000122070312,45.53861618041992,2249600,-0.0025534529237364323,75.04300003051758,74.59749946594238,73.29059982299805,0.0070178453350296386,55.954338229162644,0.4470610583098136,0.5924006664233763
2014-06-13,74.22000122070312,74.52999877929688,73.7300033569336,74.41000366210938,45.65519332885742,1853100,0.0025599897370152114,75.01500015258789,74.61999969482422,73.35879989624023,0.007035505984538743,52.380984418310504,0.3857205291278376,0.5510646389642686
2014-06-16,74.3499984741211,74.66000366210938,73.91999816894531,74.02999877929688,45.42205429077149,2643400,-0.005106905847472865,74.92600021362304,74.58949966430664,73.42239990234376,0.006809965369143505,44.20292459088898,0.3029522545970593,0.5014421620908268
2014-06-17,73.9800033569336,74.30000305175781,73.69999694824219,74.22000122070312,45.53861618041992,1942400,0.0025665601045421482,74.86000061035156,74.58349990844727,73.485,0.006784326744879256,50.190879706473304,0.24980975842902353,0.4511156813584662
2014-06-18,74.2300033569336,74.91000366210938,73.91999816894531,74.73999786376953,45.857666015625,2734500,0.007006152445620861,74.83100051879883,74.61499977111816,73.55339996337891,0.006921058473165059,53.47592055660423,0.24680827844593978,0.410254200775961
2014-06-19,74.94000244140625,75.36000061035156,74.69999694824219,75.36000061035156,46.23807907104492,2555800,0.008295461122598935,74.72600021362305,74.70199966430664,73.62539993286133,0.006923682130322909,55.68757642328656,0.2911029701700443,0.3864239546547777
2014-06-20,75.36000061035156,75.66000366210938,74.94999694824219,75.62000274658203,46.39761352539063,2133100,0.0034501344761765917,74.67900085449219,74.80849990844726,73.70619995117187,0.006904637185200918,55.9121797953216,0.34323028685923873,0.3777852210956699
2014-06-23,75.58999633789062,75.91000366210938,75.30000305175781,75.30999755859375,46.2073860168457,4780100,-0.004099513048514081,74.69300079345703,74.86699981689453,73.79439987182617,0.006780776416143948,53.47333235552586,0.3554295622963224,0.37331408933580046
2014-06-24,74.62000274658203,74.91000366210938,74.43000030517578,74.66999816894531,46.24145126342773,3286300,-0.00849819958034781,74.69900054931641,74.86699981689453,73.87839981079101,0.00691171962149134,47.30539400889027,0.3098828374697007,0.36062783896258055
2014-06-25,74.58999633789062,74.77999877929688,74.33000183105469,74.5199966430664,46.14857482910156,3838900,-0.0020088593753480044,74.7099998474121,74.88299980163575,73.95099975585937,0.006770561623390592,32.66054917441852,0.2587007195158293,0.3402424150732303
2014-06-26,74.55999755859375,74.58999633789062,74.2300033569336,74.44999694824219,46.10523223876953,2612600,-0.0009393410893387966,74.73299942016601,74.8879997253418,74.00539962768555,0.006761850027693658,34.23081211779758,0.21006859196467076,0.3142076504515184
2014-06-27,74.33999633789062,75.02999877929688,74.27999877929688,75.0199966430664,46.45819854736328,2013100,0.007656141278561623,74.79399871826172,74.90449943542481,74.06199951171875,0.006903128580659436,48.45359689539579,0.21504261478703768,0.29437464331862223
2014-06-30,75.06999969482422,75.08000183105469,74.33999633789062,74.83999633789062,46.34673309326172,4124700,-0.002399364345911592,74.8749984741211,74.90049934387207,74.12339950561524,0.00689334962611312,52.57264966017743,0.20213001442260747,0.2759257175394193
2014-07-01,74.88999938964844,75.44000244140625,74.62999725341797,75.23999786376953,46.59444427490234,3025500,0.005344756085675861,74.97699813842773,74.91849937438965,74.18459945678711,0.006995352169591413,58.886407486248366,0.22161878241891486,0.2650643305153184
2014-07-02,75.23999786376953,75.23999786376953,74.62999725341797,75.05999755859375,46.48298263549805,2935000,-0.002392348621562901,75.00899810791016,74.9199993133545,74.23899948120118,0.007006841115428742,59.012799648983794,0.22000319132028778,0.2560521026763123
2014-07-03,74.79000091552734,74.87999725341797,74.30999755859375,74.62999725341797,46.21669387817383,2878500,-0.005728754585158535,74.9359977722168,74.83099899291992,74.29059936523437,0.005621111340950505,52.244824874855,0.18192823729657448,0.24122732960036475
2014-07-07,74.51000213623047,74.97000122070312,74.51000213623047,74.8499984741211,46.35292816162109,2436200,0.0029478926544252992,74.8589973449707,74.76899909973145,74.34059936523437,0.005645404519053808,58.649761863756126,0.16757413152443235,0.22649668998517827
2014-07-08,74.62000274658203,75.31999969482422,74.62000274658203,75.06999969482422,46.48916244506836,3175000,0.0029392281254245756,74.83499755859376,74.7639991760254,74.40059936523437,0.00503108544835423,58.90981502363187,0.17196831547387603,0.21559101508291784
2014-07-09,75.16999816894531,75.30999755859375,74.66000366210938,75.19000244140625,46.5634765625,2534800,0.00159854465258924,74.88699798583984,74.79299926757812,74.45179946899414,0.00472882839540725,55.14877258038328,0.18302416797671128,0.20907764566167653
2014-07-10,74.80999755859375,75.69999694824219,74.72000122070312,75.52999877929688,46.774044036865234,3409400,0.004521829057733795,74.9879981994629,74.8489990234375,74.50879943847656,0.004756220205599416,52.07821133176393,0.21672263016277782,0.2106066425618968
2014-07-11,75.5,75.62999725341797,75.16999816894531,75.54000091552734,46.78022003173828,2629400,0.00013242600810436933,75.09699859619141,74.91499900817871,74.56079940795898,0.004695327580371381,48.95831263733862,0.24145267687210037,0.21677584942393752
2014-07-14,75.72000122070312,75.9800033569336,75.4000015258789,75.91000366210938,47.00938415527344,1907000,0.004898103549082489,75.18599929809571,74.98999900817871,74.61399948120118,0.004767587356195132,57.692367884628176,0.28759236075207184,0.2309391516895644
2014-07-15,75.95999908447266,76.0999984741211,75.56999969482422,75.95999908447266,47.04033660888672,2907800,0.0006586144111626613,75.29799957275391,75.0864990234375,74.66859939575195,0.004547538524069101,69.48638812121268,0.32445251872972847,0.2496418250975972
2014-07-16,76.12000274658203,76.2699966430664,75.73999786376953,76.19999694824219,47.188961029052734,2204200,0.0031595295769111242,75.39399948120118,75.18549880981445,74.72499938964843,0.004558168594083597,74.70587575312189,0.3687792240131529,0.27346930488070836
2014-07-17,76.05999755859375,76.18000030517578,75.69999694824219,75.80999755859375,46.94743347167969,2930400,-0.005118102431333926,75.46899948120117,75.23899879455567,74.77879928588867,0.004569353071391079,68.27957209775467,0.3681944495024112,0.29241433380504894
2014-07-18,75.8499984741211,76.58000183105469,75.80000305175781,76.55999755859375,47.41188049316406,2042200,0.009893154256077175,75.66199951171875,75.29899864196777,74.82999923706055,0.004720221753677893,69.74359375641896,0.4233694045210399,0.31860534794824713
2014-07-21,76.36000061035156,76.41999816894531,76.05000305175781,76.27999877929688,47.23849868774414,2612300,-0.0036572464501789526,75.80499954223633,75.33199844360351,74.87219924926758,0.004777462136406304,68.00003051757812,0.43943683811569656,0.34277164598173704
2014-07-22,76.41000366210938,76.75,76.41000366210938,76.5199966430664,47.38713073730469,2536100,0.003146275139095378,75.94999923706055,75.39249839782715,74.91819915771484,0.004688574069340557,66.66666666666666,0.4661625847584787,0.3674498337370854
2014-07-23,76.61000061035156,76.7699966430664,76.41000366210938,76.66000366210938,47.47382736206055,1972200,0.001829678844551541,76.09699935913086,75.49199867248535,74.96239929199218,0.004147180030805624,71.05269498106708,0.4929578170118418,0.39255143039203666
2014-07-24,76.8499984741211,76.87999725341797,76.37999725341797,76.55999755859375,47.41188049316406,2035000,-0.0013045408131783232,76.19999923706055,75.59399871826172,75.01419921875,0.004120291647865622,77.80973174061884,0.5003557848272067,0.41411230127907067
2014-07-25,76.66000366210938,76.66000366210938,76.0,76.02999877929688,47.08369064331055,4739600,-0.006922659302480372,76.2489990234375,75.67299880981446,75.05479919433594,0.004496060501226315,65.60844318229984,0.4581707483303461,0.42292399068932574
2014-07-28,76.1500015258789,76.76000213623047,76.0999984741211,76.55999755859375,47.41188049316406,2155500,0.006970916583010522,76.31399841308594,75.74999885559082,75.10679916381837,0.004445478100834783,68.2151151403229,0.462177579641903,0.43077470847984123
2014-07-29,76.69999694824219,76.73999786376953,76.08999633789062,76.19000244140625,47.18276596069336,1898000,-0.004832747243811331,76.3369987487793,75.8174991607666,75.13779922485351,0.004575555548527573,61.520747048441415,0.43053457397482475,0.430726681578838
2014-07-30,76.16999816894531,76.4800033569336,75.66999816894531,76.02999877929688,47.08369064331055,3117400,-0.0021000611232743216,76.31999893188477,75.85699920654297,75.17159927368164,0.004497453393155133,56.00961009426696,0.38807284350927773,0.42219591396492595
2014-07-31,75.6500015258789,75.91999816894531,74.9000015258789,74.9000015258789,46.38390350341797,3195700,-0.014862518368547795,76.22899932861328,75.84899940490723,75.1873992919922,0.005642780407738623,43.93939831806491,0.2602403923760619,0.38980480964715314
2014-08-01,74.88999938964844,75.4000015258789,74.72000122070312,74.72000122070312,46.27241134643555,3394800,-0.002403208297847459,76.04499969482421,75.85349960327149,75.20939926147462,0.005515485293528679,38.31038018094719,0.1427620613901297,0.3403962599957485
2014-08-04,74.91999816894531,75.41000366210938,74.38999938964844,75.23999786376953,46.59444427490234,2458400,0.00695926973462524,75.94099960327148,75.87299957275391,75.24439926147461,0.005695464699604877,43.525166035457495,0.09057492959288993,0.29043199391517677
2014-08-05,74.94999694824219,75.19999694824219,74.30999755859375,74.47000122070312,46.11761093139648,2968400,-0.010233873802875104,75.73600006103516,75.84299964904785,75.2509992980957,0.006117267944866729,35.79641405713656,-0.01276885094407021,0.2297918249433274
2014-08-06,74.26000213623047,74.79000091552734,74.0,74.44000244140625,46.09903717041016,1930600,-0.00040283038545907424,75.51399993896484,75.80549964904785,75.24639938354493,0.0060994850942931314,38.04540891188509,-0.09598375141187887,0.16463670967228616
2014-08-07,74.66999816894531,74.87999725341797,74.31999969482422,74.4800033569336,46.123802185058594,2299300,0.0005373577944041141,75.30600051879883,75.75299987792968,75.25199951171875,0.005991513653973554,29.282912424522905,-0.15689582260344537,0.10033020321713985
2014-08-08,74.5999984741211,74.97000122070312,74.33000183105469,74.91999816894531,46.39628601074219,2574200,0.005907556285988713,75.19500045776367,75.72199974060058,75.26339950561524,0.006169385512520156,36.87256241972923,-0.16773166747790924,0.04671782907813003
2014-08-11,75.12000274658203,75.61000061035156,75.0,75.38999938964844,46.68733978271485,2307300,0.006273374695542122,75.07800064086913,75.69599952697754,75.27739944458008,0.006238748290211528,39.55639480523875,-0.13681684266559557,0.010010894729384913
2014-08-12,75.37000274658203,75.61000061035156,75.12999725341797,75.2699966430664,46.61302185058594,1510400,-0.0015917594847268957,74.98600006103516,75.66149940490723,75.2843994140625,0.006240365769110525,37.10566656805529,-0.12060952844976214,-0.016113189906444496
2014-08-13,75.41000366210938,76.38999938964844,75.41000366210938,76.36000061035156,47.28805541992188,1847200,0.01448125436293024,75.01900024414063,75.6694995880127,75.31399948120117,0.007045436849768346,48.43262324840536,-0.019585139255653417,-0.01680757977628628
2014-08-14,76.5,76.63999938964844,76.1500015258789,76.30999755859375,47.25706481933594,2020500,-0.0006548330455491413,75.15999984741211,75.69449958801269,75.33959945678711,0.0069404098145348266,52.372873465714235,0.055799368254838555,-0.0022861901700613144
2014-08-15,76.55000305175781,76.72000122070312,75.94999694824219,76.2300033569336,47.20752334594727,2972400,-0.001048279442005362,75.31100006103516,75.6779998779297,75.33599945068359,0.006570066681477672,46.97252432661712,0.10784411026591556,0.01973986991713406
2014-08-18,76.41000366210938,76.98999786376953,76.41000366210938,76.9800033569336,47.6719970703125,2328200,0.009838645769018939,75.48500061035156,75.71300010681152,75.35379959106446,0.006881484180738375,56.77531476191161,0.20721997240831058,0.05723589041536936
2014-08-19,77.1500015258789,77.33000183105469,76.87999725341797,77.13999938964844,47.77108001708984,1893300,0.0020784103109607877,75.75200042724609,75.74400024414062,75.39319961547852,0.0068638226091692085,59.51975271805985,0.29548028897679046,0.10488477012765358
2014-08-20,77.1500015258789,77.61000061035156,76.72000122070312,77.48999786376953,47.98783874511719,2361100,0.0045371853369247095,76.05699996948242,75.78549995422364,75.45079956054687,0.006919440142034608,75.64359008448253,0.38918291910732705,0.1617443999235883
2014-08-21,77.55000305175781,77.83999633789062,77.31999969482422,77.37000274658203,47.91350555419922,2436900,-0.001548523944967184,76.34599990844727,75.82600021362305,75.50999954223633,0.0069231169605788795,76.55321406565584,0.44858926762077544,0.21911337346302573
2014-08-22,77.33999633789062,77.37000274658203,76.48999786376953,76.75,47.529544830322266,2568700,-0.008013477117388645,76.52900009155273,75.8620002746582,75.56059951782227,0.006989061152127569,64.83305978370842,0.440561666100578,0.26340303199053616
2014-08-25,77.12999725341797,77.19999694824219,76.30999755859375,76.58000183105469,47.42429733276367,1913700,-0.002214959855964982,76.64800033569335,75.86300048828124,75.60399948120117,0.006841331172154443,73.49671714425534,0.4156904814483795,0.2938605218821048
2014-08-26,76.62000274658203,76.94000244140625,76.5999984741211,76.7300033569336,47.51717376708984,1762400,0.001958755840850257,76.79400100708008,75.89000053405762,75.65799957275391,0.00675499042320742,74.837357941616,0.40343323079157756,0.3157750636639994
2014-08-27,76.81999969482422,77.0,76.58999633789062,76.77999877929688,47.54814147949219,1527300,0.0006515759178415959,76.83600082397462,75.92750053405761,75.70919952392578,0.0067299045901322765,74.89179276394556,0.3932206808553502,0.33126418710226957
2014-08-28,76.72000122070312,76.93000030517578,76.5,76.7699966430664,47.54195022583008,2491900,-0.0001302700754036712,76.88200073242187,76.021000289917,75.74979949951172,0.005683364457808776,72.07638144106512,0.37994035672332416,0.3409994210264805
2014-08-29,76.87000274658203,77.18000030517578,76.70999908447266,77.18000030517578,47.79585647583008,1857400,0.005340675785302507,76.9770004272461,76.14400024414063,75.7861994934082,0.005685233580895741,71.6707276747696,0.3979125845747973,0.35238205373614384
2014-09-02,77.05000305175781,77.33000183105469,76.9800033569336,77.19000244140625,47.80204772949219,2356800,0.00012959492343767032,76.99800033569336,76.24150047302246,75.81759948730469,0.005552235955374583,73.88068907534318,0.4082566647323773,0.36355697593539055
2014-09-03,77.3499984741211,77.48999786376953,77.11000061035156,77.38999938964844,47.925872802734375,2254000,0.002590969580471336,77.02300033569335,76.38750038146972,75.85919952392578,0.0048464072549098255,66.45370916554134,0.4276626759437221,0.3763781159370569
2014-09-04,77.38999938964844,77.61000061035156,76.86000061035156,77.0999984741211,47.74629211425781,2032500,-0.003747266026805751,76.98400039672852,76.52050018310547,75.9077995300293,0.004987014013013823,61.72112535119117,0.4148591908855366,0.3840743309267528
2014-09-05,77.2300033569336,77.94999694824219,77.12999725341797,77.91999816894531,48.25413131713867,2285600,0.010635534514302991,77.03899993896485,76.69249992370605,75.97579956054688,0.005353502303965888,70.55958270296358,0.4655133113999028,0.40036212702138285
2014-09-08,77.86000061035156,78.08000183105469,77.61000061035156,77.83999633789062,48.20457458496094,3472300,-0.0010267175684632868,77.1479995727539,76.83849983215332,76.04359954833984,0.005330268593651174,62.499916830602785,0.49351268070564913,0.41899223775823613
2014-09-09,77.83999633789062,77.83999633789062,77.22000122070312,77.36000061035156,47.907325744628906,2389600,-0.006166440777508275,77.22599945068359,76.93699989318847,76.09039962768554,0.005518861087017737,52.92555242172757,0.47153517490838226,0.4295008251882654
2014-09-10,77.25,77.25,76.08000183105469,76.13999938964844,47.15179443359375,3369300,-0.015770439646815015,77.16699905395508,76.98050003051758,76.1163996887207,0.00669574298249748,35.421174136501975,0.3516206764081886,0.41392479543225
2014-09-11,76.05999755859375,76.43000030517578,75.8499984741211,76.19999694824219,47.188961029052734,3158100,0.0007879900062346401,77.1089988708496,76.97249984741211,76.13559967041016,0.0058475803122704706,37.1990604324882,0.25844962754050016,0.38282976185390005
2014-09-12,75.8499984741211,75.87000274658203,73.44999694824219,73.86000061035156,45.7398567199707,5664200,-0.03070861458800367,76.81799926757813,76.85,76.11159973144531,0.009008163815098663,27.027007357703752,-0.0041593024017174685,0.30543194900277654
2014-09-15,73.83000183105469,74.19999694824219,73.23999786376953,73.5,45.51691055297852,4031200,-0.00487409433220487,76.44999923706055,76.71349983215332,76.08899978637696,0.009036602321711905,26.234538103434872,-0.23857763748530658,0.1966300317051599
2014-09-16,73.52999877929688,74.44000244140625,73.5,74.22000122070312,45.96278762817383,3866000,0.009795934975552756,76.15299911499024,76.5754997253418,76.0763998413086,0.009033716024227043,32.19855485105356,-0.362083897936472,0.08488724577683353
2014-09-17,74.44999694824219,74.8499984741211,74.0999984741211,74.19999694824219,45.950416564941406,3340200,-0.00026952670616986474,75.83399887084961,76.42849960327149,76.05899978637696,0.008996048623371411,31.623929766140733,-0.4563175322989679,-0.023353709838326756
2014-09-18,74.29000091552734,74.4000015258789,73.51000213623047,73.55000305175781,45.54787826538086,3321000,-0.008760025919378078,75.47899932861328,76.2314998626709,76.02619979858399,0.008986465658174224,28.981754183968093,-0.5767984679743279,-0.13404266146552699
2014-09-19,73.55000305175781,73.95999908447266,73.38999938964844,73.63999938964844,45.60361099243164,3465500,0.0012236075344183028,75.05099945068359,76.04499969482421,75.98839981079101,0.0090242997241921,25.885515249977388,-0.6574399664868196,-0.2387221224697855
2014-09-22,73.55000305175781,73.5999984741211,73.05999755859375,73.05999755859375,45.24443054199219,2511100,-0.007876179194214128,74.5729995727539,75.86049957275391,75.93879974365234,0.00901987858146246,23.893736171099306,-0.7593963866991231,-0.34285697531565307
2014-09-23,73.02999877929688,73.3499984741211,72.5,72.52999877929688,44.91619873046875,5408600,-0.007254295058959137,74.08999938964844,75.65799942016602,75.8711996459961,0.009083963717953817,20.50967008384937,-0.8729017879296066,-0.4488659378384438
2014-09-24,71.8499984741211,72.52999877929688,71.52999877929688,71.66999816894531,44.79619216918945,4459300,-0.011857171168146219,73.64299926757812,75.40499916076661,75.78539962768555,0.009237192078611933,19.182709919003628,-1.0204869596575605,-0.5631901422022672
2014-09-25,71.70999908447266,71.80999755859375,71.08999633789062,71.3499984741211,44.5961799621582,5149900,-0.00446490446490444,73.15799942016602,75.13349914550781,75.68839965820312,0.009190854194220536,10.469268008743967,-1.1500139278673487,-0.6805548993352835
2014-09-26,71.23999786376953,72.37999725341797,71.12000274658203,72.30999755859375,45.19621658325195,3992400,0.013454787736552731,73.00299911499023,74.91049919128417,75.61839965820313,0.009934281190315922,19.91291353617534,-1.161808475391524,-0.7768056145465316
2014-09-29,71.87999725341797,72.26000213623047,71.4800033569336,72.20999908447266,45.13371276855469,3798600,-0.0013829135319782804,72.8739990234375,74.66199913024903,75.5313996887207,0.009751362546527016,20.771808099291363,-1.1657863213829103,-0.8546017559138075
2014-09-30,72.23999786376953,72.41000366210938,71.68000030517578,71.8499984741211,44.90869522094727,4720400,-0.004985467593351278,72.63699874877929,74.39499893188477,75.44279968261719,0.009724353723001334,23.018825916176354,-1.184335550590717,-0.9205485148491894
2014-10-01,71.5999984741211,72.38999938964844,71.5999984741211,71.91000366210938,44.94621276855469,6004400,0.0008351452924511005,72.40799942016602,74.12099914550781,75.35059982299805,0.009673954267801004,23.018899792902644,-1.1805849824029906,-0.9725558083599497
2014-10-02,71.8499984741211,72.2699966430664,71.31999969482422,71.79000091552734,44.871192932128906,4035000,-0.001668790717156643,72.23199920654297,73.85549926757812,75.25319976806641,0.009683680652052207,31.937186019974888,-1.1737654118134344,-1.0127977290506467
2014-10-03,72.08999633789062,72.41999816894531,71.66999816894531,72.23999786376953,45.1524658203125,3338400,0.006268239901148442,72.09199905395508,73.57149925231934,75.16679977416992,0.009392623119082694,39.17523881185939,-1.1191490069411714,-1.0340679846287517
2014-10-06,72.43000030517578,72.83999633789062,72.25,72.43000030517578,45.2712287902832,2874400,0.002630155689713032,72.02899932861328,73.30099945068359,75.0947998046875,0.0094832754273779,33.08127971893835,-1.0484476515935626,-1.036943918021714
2014-10-07,72.29000091552734,72.63999938964844,71.8499984741211,71.86000061035156,44.91497039794922,2711000,-0.00786966301839831,71.96199951171874,73.0259994506836,75.00079986572266,0.009515580291668954,29.965772215399895,-1.026576791559691,-1.0348704927293093
2014-10-08,72.04000091552734,73.45999908447266,71.98999786376953,73.41999816894531,45.88999938964844,4952700,0.021708844215748924,72.13699951171876,72.88999938964844,74.94539978027343,0.010626082738586657,49.03700086805556,-0.8732983718554692,-1.0025560685545414
2014-10-09,73.3499984741211,74.29000091552734,73.30000305175781,73.41999816894531,45.88999938964844,4812800,0.0,72.34399948120117,72.7509994506836,74.89319976806641,0.010617582435244093,48.34834009210255,-0.743256323689991,-0.9506961195816314
2014-10-10,73.52999877929688,74.4000015258789,73.47000122070312,73.48999786376953,45.93376922607422,4856500,0.0009534145542082761,72.46199951171874,72.7324993133545,74.86499969482422,0.008155886124304096,53.49593657307531,-0.6273173493442954,-0.8860203655341643
2014-10-13,73.80000305175781,74.30999755859375,73.5,73.55999755859375,45.97751235961914,4322300,0.0009525064207238643,72.59699935913086,72.73549919128418,74.84179962158203,0.00808463021509524,59.050951997854646,-0.523749033681824,-0.8135660991636963
2014-10-14,73.87000274658203,75.26000213623047,73.7699966430664,74.75,46.72130584716797,4833400,0.016177303981805613,72.88699951171876,72.76199913024902,74.83199966430664,0.008598217382364657,75.58139240153399,-0.3417081467835885,-0.7191945086876748
2014-10-15,74.48999786376953,75.05999755859375,73.77999877929688,74.45999908447266,46.54005813598633,6098400,-0.0038796109100648346,73.14199905395508,72.77499923706054,74.83179962158204,0.008650542748537146,75.95991451010161,-0.21832338652892247,-0.6190202842559244
2014-10-16,73.48999786376953,74.79000091552734,73.48999786376953,74.58000183105469,46.61504364013672,4380100,0.0016116404520216676,73.4209991455078,72.8264991760254,74.834599609375,0.008391491291647422,72.03883725271176,-0.10959353034533592,-0.5171349334738067
2014-10-17,75.16999816894531,75.26000213623047,74.05000305175781,74.66999816894531,46.671295166015625,3592900,0.001206708711197102,73.66399917602538,72.87799911499023,74.83839950561523,0.008391439701199058,73.92991950554466,-0.015978196918538856,-0.41690358616275314
2014-10-20,74.80000305175781,75.83000183105469,74.69000244140625,75.80999755859375,47.38383483886719,3538000,0.015267167772913481,74.00199890136719,73.01549911499023,74.8561994934082,0.008731323812867575,83.44590545488288,0.14848935974869448,-0.30382499698046367
2014-10-21,76.05000305175781,76.54000091552734,75.62000274658203,76.5,47.81511306762695,3590600,0.009101734119869143,74.46599884033203,73.2139991760254,74.87839950561523,0.008595157082251304,85.03812365903262,0.3306964509278174,-0.17692070739880744
2014-10-22,76.55000305175781,77.0199966430664,76.38999938964844,76.5199966430664,47.82762145996094,3685100,0.00026139402701175207,74.77599868774413,73.45649909973145,74.90339950561524,0.00791493828043004,86.666650895301,0.47127784772669656,-0.04728099637370664
2014-10-23,76.97000122070312,77.27999877929688,76.58000183105469,77.11000061035156,48.19639205932617,4636200,0.007710454693787838,75.14499893188477,73.74449920654297,74.91839950561524,0.007752109272325531,86.94992272203666,0.6231151235465404,0.08679822761034277
2014-10-24,77.16999816894531,77.44999694824219,76.61000061035156,77.05000305175781,48.15888214111328,3367300,-0.0007780775271540863,75.5009994506836,73.98149948120117,74.93319961547851,0.0074789985857862855,85.75854025805309,0.7301887951010997,0.21547634110849417
2014-10-27,77.01000213623047,77.6500015258789,76.94999694824219,77.62000274658203,48.51515197753906,3241900,0.007397789386735409,75.90699996948243,74.25199966430664,74.96099960327149,0.007453119258541179,94.58206619622663,0.851227245107296,0.3426265219082546
2014-10-28,77.4000015258789,77.95999908447266,77.31999969482422,77.95999908447266,48.7276611328125,2537300,0.004380267017004114,76.22799987792969,74.55749969482422,74.98059951782227,0.007171213328254139,93.32063708382292,0.9634795591591825,0.4667971293584402
2014-10-29,77.83000183105469,77.87999725341797,76.8499984741211,77.5199966430664,48.45264053344727,3652200,-0.005643951341373077,76.53399963378907,74.83799934387207,74.98819946289062,0.007467328263550073,86.09153392461138,1.0053467949661865,0.5745070624799895
2014-10-30,77.41999816894531,78.01000213623047,77.12999725341797,78.01000213623047,48.758914947509766,2619400,0.006321020567380042,76.87699966430664,75.14899940490723,74.99859954833984,0.007373082682674654,87.04917827750957,1.0657805740990938,0.6727617648038104
2014-10-31,78.38999938964844,79.05000305175781,78.30000305175781,78.98999786376953,49.37145614624024,5992000,0.012562436876077498,77.30899963378906,75.48649940490722,75.0309994506836,0.007597425646072495,88.73037553805717,1.1791596263391142,0.7740413371108712
2014-11-03,79.02999877929688,79.68000030517578,78.87000274658203,79.68000030517578,49.80272674560547,5130100,0.008735314091238067,77.69599990844726,75.84899940490723,75.08959945678711,0.007640718134423124,87.86481326740726,1.3095945813819156,0.88115198596508
2014-11-04,79.66000366210938,79.81999969482422,79.0,79.80999755859375,49.883975982666016,2749400,0.0016314916280129044,78.02699966430664,76.24649925231934,75.1541993713379,0.00708619304711657,92.12598235987443,1.407233206472938,0.9863682300666518
2014-11-05,79.9800033569336,80.18000030517578,79.18000030517578,79.63999938964844,49.7777214050293,2257200,-0.00213003601234929,78.33899993896485,76.5574993133545,75.21239929199218,0.006116591713930814,89.53126862646926,1.4541327516116098,1.0799211343756434
2014-11-06,79.61000061035156,79.91000366210938,78.9000015258789,79.02999877929688,49.396446228027344,3025000,-0.007659475326802334,78.53099975585937,76.83799934387207,75.25739929199219,0.0066064550964150225,81.50290291923645,1.4256450787251111,1.1490659232455371
2014-11-07,79.11000061035156,79.30999755859375,78.55000305175781,78.93000030517578,49.33393859863281,3680900,-0.0012653229870388527,78.71899948120117,77.10999946594238,75.30059936523438,0.006673451390022735,76.53064799280656,1.3791019230724686,1.1950731232109235
2014-11-10,78.75,79.62000274658203,78.68000030517578,79.58000183105469,49.74021530151367,2141300,0.00823516436545968,78.91499938964844,77.41099967956544,75.34859939575195,0.006720026500083781,76.36989522639982,1.3787722000748914,1.231812938583717
2014-11-11,79.55000305175781,79.63999938964844,78.91999816894531,79.2699966430664,49.54646301269531,2158300,-0.0038955162208517136,79.0459991455078,77.63699951171876,75.39019927978515,0.006284501501616675,72.4306509747695,1.3380716078004866,1.253064672427071
2014-11-12,79.30000305175781,79.3499984741211,78.54000091552734,78.66999816894531,49.17144775390625,3648500,-0.007569048814556445,79.1609992980957,77.84749946594238,75.4157992553711,0.0065445572722264474,62.703564443538745,1.2430718739485087,1.2510661127313587
2014-11-13,78.83000183105469,79.29000091552734,78.7300033569336,79.0999984741211,49.44021224975586,4038700,0.005465874096658219,79.26999893188477,78.0734992980957,75.45579925537109,0.006565240498001005,65.74496735534333,1.1887778404437341,1.238608458273834
2014-11-14,79.0999984741211,79.23999786376953,78.29000091552734,78.44999694824219,49.03392791748047,3117900,-0.008217465719567163,79.21599884033203,78.26249923706055,75.46639923095704,0.007020623088970078,56.29737254924661,1.0808404806141283,1.2070548627418929
2014-11-17,78.3499984741211,78.93000030517578,78.3499984741211,78.80000305175781,49.2526969909668,2501400,0.004461518382805618,79.12799911499023,78.41199951171875,75.48559936523438,0.0063718408592933744,56.36365317769401,1.0118776174313382,1.1680194136797821
2014-11-18,78.80999755859375,79.25,78.66000366210938,79.13999938964844,49.4652214050293,2609900,0.004314674171615351,79.06099929809571,78.54399948120117,75.52119934082032,0.006176167621972488,62.46154496231671,0.9734377302972774,1.1291030770032813
2014-11-19,78.91999816894531,79.16999816894531,78.41999816894531,78.43000030517578,49.02143859863281,2985900,-0.008971431513120853,78.93999938964843,78.63949966430664,75.56699935913086,0.006619737488264304,53.12498580842049,0.8755895985357682,1.0784003813097787
2014-11-20,78.37000274658203,78.79000091552734,78.05999755859375,78.69000244140625,49.18393325805664,3400800,0.0033150852380312568,78.90599975585937,78.71849975585937,75.61679946899415,0.006465277141688877,47.50004132583449,0.8096906389514231,1.0246584328381076
2014-11-21,79.29000091552734,79.37999725341797,78.95999908447266,79.18000030517578,49.490196228027344,2827500,0.006226939237095497,78.93099975585938,78.82499961853027,75.72319946289062,0.006551089179820329,45.68965744036579,0.7879213048888687,0.9773110072482599
2014-11-24,79.33999633789062,79.72000122070312,79.29000091552734,79.45999908447266,49.66521453857422,3367400,0.003536231096459952,78.91899948120117,78.9169994354248,75.84239944458008,0.0064201385144017796,47.058838614708186,0.7842224836169578,0.9386933025219995
2014-11-25,79.62999725341797,79.77999877929688,79.30999755859375,79.5999984741211,49.752716064453125,4664900,0.0017618851152969572,78.95199966430664,78.99899940490722,75.94999938964844,0.006378255358985233,49.66215476056998,0.7835555808417638,0.9076657581859524
2014-11-26,79.6500015258789,80.44000244140625,79.6500015258789,80.37000274658203,50.23400115966797,2303900,0.009673420693736334,79.12200012207032,79.14149971008301,76.07339950561523,0.006450026831796056,61.01975232112674,0.8355285125863929,0.8932383090660406
2014-11-28,80.56999969482422,81.44000244140625,80.4000015258789,80.56999969482422,50.359012603759766,2225200,0.002488452673975905,79.26900024414063,79.26949958801269,76.21379943847656,0.0063658553452581625,63.26858644043524,0.8826805260627566,0.8911267524653839
2014-12-01,80.5,81.05999755859375,80.2699966430664,80.37000274658203,50.23400115966797,5767100,-0.002482275648500898,79.46100082397462,79.33849983215332,76.34839950561523,0.0058767354527859885,56.89354670771181,0.8936097769202291,0.891623357356353
2014-12-02,80.36000061035156,80.95999908447266,79.86000061035156,80.87000274658203,50.5465202331543,3641400,0.006221226613324582,79.66800079345703,79.39799995422364,76.504599609375,0.0057248536194632015,63.51356924322053,0.9318750329832426,0.899673692481731
2014-12-03,80.88999938964844,80.9800033569336,80.55000305175781,80.79000091552734,50.49652099609375,3620900,-0.0009892646016766982,79.83300094604492,79.4470001220703,76.66979965209961,0.0057337719796493256,69.62964951419137,0.9448533635127774,0.9087096266879404
2014-12-04,80.7699966430664,81.11000061035156,80.37000274658203,81.0,50.62776184082031,3367000,0.002599320238803271,80.09000091552734,79.51500015258789,76.8563996887207,0.0057116054461400735,68.33978198785482,0.9610060752130778,0.9191689163929679
2014-12-05,80.81999969482422,80.81999969482422,79.95999908447266,80.58999633789062,50.37151718139648,4100400,-0.0050617736062885665,80.28000030517578,79.59300003051757,77.04119964599609,0.005534398900320553,71.65990214611364,0.9300028526423461,0.9213357036428436
2014-12-08,80.44999694824219,82.37999725341797,80.44000244140625,81.0999984741211,50.69025802612305,2651600,0.006328355371703731,80.47200012207031,79.70149993896484,77.21699966430664,0.005630995027198124,72.54898147552535,0.9357981865367293,0.9242282002216208
2014-12-09,80.30000305175781,81.63999938964844,80.22000122070312,81.47000122070312,50.92152404785156,3905800,0.00456230275639391,80.67300033569336,79.79599990844727,77.40219970703124,0.005452450002147056,72.70954788816181,0.9591902121182301,0.9312206026009426
2014-12-10,81.26000213623047,81.66000366210938,81.05000305175781,81.38999938964844,50.87153244018555,3634400,-0.0009819790089110603,80.8520004272461,79.90200004577636,77.5929997253418,0.005347378929891863,82.88882295596152,0.9602044426507206,0.9370173706108983
2014-12-11,81.37999725341797,81.87000274658203,81.27999877929688,81.54000091552734,50.96528625488281,2845100,0.00184299701442181,80.96900024414063,80.04550018310547,77.78559967041015,0.004919661466619978,82.46006739577378,0.9620225006291889,0.9420183966145564
2014-12-12,81.36000061035156,81.79000091552734,80.80000305175781,80.83000183105469,50.52151870727539,3903500,-0.008707371553848708,80.99500045776367,80.13200035095215,77.9663996887207,0.0053651597768817685,67.89586308819466,0.8958455820432363,0.9327838337002925
2014-12-15,81.27999877929688,81.29000091552734,79.62999725341797,79.77999877929688,49.865230560302734,5900900,-0.01299026386208002,80.93600006103516,80.19850044250488,78.11719970703125,0.005882433524388009,52.97396794243649,0.7500275752383061,0.8962325820078952
2014-12-16,79.77999877929688,80.38999938964844,79.16999816894531,79.66999816894531,49.796485900878906,7097800,-0.0013787993486421568,80.81599960327148,80.24200019836425,78.26199966430664,0.005838902836571616,50.654201076098374,0.618460397853255,0.8406781451769673
2014-12-17,79.79000091552734,81.54000091552734,79.77999877929688,81.5,50.94029998779297,7227900,0.02296977373055853,80.88699951171876,80.36000022888183,78.45479965209961,0.007671758566352009,58.814315623091915,0.6543157707798315,0.8034056702975402
2014-12-18,82.06999969482422,82.16000366210938,81.43000030517578,82.06999969482422,51.29655075073242,6041800,0.006993861286186842,80.99399948120117,80.54200019836426,78.6277996826172,0.007348856544330325,61.0619239987847,0.7204210583204826,0.7868087479021287
2014-12-19,82.23999786376953,82.44000244140625,81.80000305175781,82.02999877929688,51.27154541015625,5490300,-0.00048739997168378846,81.1379997253418,80.7090000152588,78.79999969482422,0.007370271303261134,62.53770028546766,0.7608120674533296,0.781609411812369
2014-12-22,81.1500015258789,82.33999633789062,81.11000061035156,82.27999877929688,52.12874603271485,3600200,0.003047665533588928,81.25599975585938,80.86399993896484,78.97579971313476,0.007310763801458172,61.06744150115399,0.8037302419311629,0.7860335778361278
2014-12-23,82.56999969482422,82.62999725341797,81.83000183105469,82.05000305175781,51.98306274414063,4804100,-0.002795281124833182,81.31399993896484,80.99350013732911,79.14559982299805,0.007375140612388304,59.66257543082013,0.8098490357846941,0.7907966694258411
2014-12-24,82.26000213623047,82.41000366210938,81.62000274658203,81.70999908447266,51.76762771606445,1306900,-0.004143862945022447,81.34599990844727,81.09900016784668,79.2847998046875,0.007486993142528996,55.33832550700928,0.7782910901510576,0.7882955535708844
2014-12-26,82.12000274658203,82.25,81.72000122070312,82.0,51.95133972167969,2907700,0.003549148436870375,81.39199981689453,81.18050003051758,79.43559982299804,0.00724949977873387,60.7963294863197,0.7678307660055026,0.7842025960578082
2014-12-29,81.9000015258789,82.7699966430664,81.80000305175781,82.44999694824219,52.2364616394043,2789100,0.005487767661490173,81.55399932861329,81.27449989318848,79.5929997253418,0.007312027067794179,60.43274055259381,0.7867823396429259,0.7847185447748317
2014-12-30,82.44000244140625,82.87999725341797,82.19000244140625,82.38999938964844,52.19844818115234,3292600,-0.0007276841821038937,81.81499938964843,81.3754997253418,79.74739974975586,0.007276222649924019,57.467513165651894,0.7878781281075788,0.7853504614413811
2014-12-31,82.7699966430664,83.08999633789062,80.91999816894531,81.0,51.31779861450195,4494500,-0.016870972204705237,81.9479995727539,81.38199958801269,79.85119979858399,0.00821968492097036,47.38956274486573,0.6688748415126895,0.7620553374556428
2015-01-02,81.69999694824219,82.29000091552734,81.33999633789062,82.22000122070312,52.09074020385742,5570500,0.015061743465470734,82.01999969482422,81.45349960327148,79.96559982299804,0.008864746827544444,53.98126599693573,0.6653381776951477,0.7427119055035438
2015-01-05,82.0,82.87999725341797,81.75,82.66999816894531,52.37586212158203,6073700,0.005473083696925007,82.07999954223632,81.53699951171875,80.08859985351563,0.008916625397920682,61.11109063500898,0.6908822782369413,0.7323459800502233
2015-01-06,82.75,83.75,82.75,83.48999786376953,52.89533233642578,7577100,0.009918951409052301,82.22599945068359,81.6819995880127,80.21619979858399,0.009004223398278792,73.04348567805454,0.7684352411746289,0.7395638322751046
2015-01-07,83.80999755859375,84.88999938964844,83.37000274658203,84.7699966430664,53.706298828125,6920700,0.015331163157836558,82.47499923706054,81.86549949645996,80.37059967041016,0.009455830038193136,77.65727776063048,0.9225471775378082,0.7761605013276454
2015-01-08,85.3499984741211,85.36000061035156,84.41000366210938,85.08999633789062,53.909027099609375,5255000,0.0037749169222174306,82.77899856567383,82.04649925231934,80.51999954223633,0.009447365362240574,73.28145471241803,1.0583038306568966,0.8325891671934956
2015-01-09,85.08999633789062,85.5199966430664,84.55999755859375,85.12999725341797,53.93437194824219,4643900,0.0004701012721695097,83.12099838256836,82.2334991455078,80.66339950561523,0.009427033657284414,71.30919693633805,1.1557963945312224,0.897230612661041
2015-01-12,85.33999633789062,85.87000274658203,85.18000030517578,85.77999877929688,54.3461799621582,5131800,0.00763539935216917,83.49899826049804,82.44549903869628,80.82859954833984,0.009501232265883354,74.0693403848979,1.2708599620865613,0.9719564825461451
2015-01-13,86.08000183105469,86.33000183105469,85.19999694824219,85.6500015258789,54.26383209228516,5859600,-0.0015154727823258884,83.81899871826172,82.6864990234375,80.98139953613281,0.00918227199123925,71.96875425859005,1.3361565949460186,1.0447965050261199
2015-01-14,85.5999984741211,86.43000030517578,85.1500015258789,86.38999938964844,54.7326545715332,6249100,0.008639788097913215,84.21899871826172,83.01699905395508,81.12939956665039,0.008451973531267308,76.52811872766208,1.4311192383708544,1.1220610516950669
2015-01-15,86.56999969482422,86.80999755859375,86.04000091552734,86.58999633789062,54.859352111816406,5004100,0.002315047455205166,84.77799835205079,83.36299896240234,81.2675994873047,0.008367689612170614,80.34829576672232,1.5051652911888738,1.1986818995938282
2015-01-16,86.58999633789062,87.44999694824219,86.27999877929688,87.33999633789062,55.33453750610352,4717000,0.008661508623621472,85.28999786376953,83.65499877929688,81.41819946289063,0.007210713745055523,81.41179955300643,1.605854759451546,1.2801164715653717
2015-01-20,87.7300033569336,87.8499984741211,86.44999694824219,86.6500015258789,54.89737319946289,5012700,-0.007900101224441847,85.6879981994629,83.88399887084961,81.55839950561523,0.007589079137078198,74.02753396353071,1.6113998591612386,1.3463731490845452
2015-01-21,86.69000244140625,86.69000244140625,86.18000030517578,86.58999633789062,54.859352111816406,4354500,-0.0006925007147329243,85.997998046875,84.1119987487793,81.7095994567871,0.007593815843810011,74.02746934271907,1.5925940406992822,1.3956173274074926
2015-01-22,86.93000030517578,88.22000122070312,86.70999908447266,88.12999725341797,55.83504486083984,4450600,0.017784974946966958,86.33399810791016,84.40449867248535,81.89359939575195,0.008307159991442183,90.10125906581453,1.6825599933913793,1.45300586060427
2015-01-23,88.11000061035156,88.3499984741211,87.68000030517578,87.87999725341797,55.67663192749024,3491800,-0.0028367185724643695,86.6129981994629,84.69599838256836,82.05959930419922,0.00830881060664565,85.73234086865385,1.7139286458607756,1.5051904176555713
2015-01-26,88.0,88.69000244140625,87.63999938964844,88.62000274658203,56.145469665527344,2885100,0.008420636280064064,86.9619987487793,85.04149856567383,82.24659942626953,0.008176714182041349,86.23632911780585,1.7780050522831061,1.5597533445810783
2015-01-27,88.4000015258789,89.0,88.30000305175781,88.6500015258789,56.16450500488281,3209400,0.00033851025013675873,87.2489990234375,85.37399864196777,82.4461994934082,0.008219483364486128,84.77092274567788,1.810338264184324,1.6098703285017275
2015-01-28,88.83000183105469,89.2699966430664,88.05999755859375,88.05999755859375,55.79067993164063,3948900,-0.006655430988491529,87.48999862670898,85.65449867248535,82.62539947509765,0.008541221045983172,74.44278807185005,1.7679740736775074,1.6414910775368836
2015-01-29,88.45999908447266,88.45999908447266,87.45999908447266,88.37000274658203,55.98711013793945,3337500,0.00352038606158267,87.68799896240235,85.95349884033203,82.82379959106446,0.00848762063537379,74.40477744790277,1.7393646622233518,1.6610657944741773
2015-01-30,88.20999908447266,88.25,86.54000091552734,86.55000305175781,54.83403396606445,4969800,-0.020595220530245095,87.68399963378906,86.23099899291992,82.97879959106446,0.008985338632980748,58.352967786930044,1.5519429008163286,1.6392412157426077
2015-02-02,86.52999877929688,86.69000244140625,84.69000244140625,86.31999969482422,54.68832015991211,7523600,-0.0026574621470093485,87.58199996948242,86.43599891662598,83.12239959716797,0.008637382633520933,53.34158591131971,1.3690686843367246,1.5852067094614313
2015-02-03,86.33000183105469,87.0999984741211,85.66000366210938,87.06999969482422,55.16347885131836,4617400,0.008688600586788109,87.62399978637696,86.65599899291992,83.29519958496094,0.008725668582948381,58.16089756631425,1.270018301803276,1.5221690279298004
2015-02-04,86.87000274658203,87.08999633789062,86.20999908447266,86.70999908447266,54.93540573120117,3332800,-0.004134611365721241,87.63600006103516,86.81699905395507,83.45559951782226,0.00867370720147184,51.923071632733354,1.149223585296852,1.447579939403211
2015-02-05,86.91999816894531,87.79000091552734,86.66999816894531,87.75,55.59429550170898,2921600,0.011994013683637395,87.59800033569336,86.96599922180175,83.62699951171875,0.008431035837538908,56.33188463979504,1.124450321064117,1.3829540157353923
2015-02-06,87.54000091552734,87.66000366210938,84.83000183105469,85.19999694824219,53.97871398925781,6323300,-0.029059863837695876,87.33000030517579,86.97149925231933,83.74179946899415,0.010864350175297145,40.23724863422974,0.8888077729231583,1.2841247671729454
2015-02-09,85.12000274658203,85.61000061035156,84.58000183105469,84.5999984741211,53.59860229492188,4235700,-0.007042235863993995,86.9279998779297,86.94499931335449,83.84179946899414,0.010980886494917123,40.57038538528703,0.6461955532483898,1.1565389243880344
2015-02-10,84.75,85.05999755859375,83.8499984741211,84.87000274658203,53.76963424682617,6144500,0.003191539921168385,86.55,86.89949951171874,83.93179946899414,0.010857096749192467,42.23831338425553,0.47028950483058907,1.0192890404765453
2015-02-11,85.04000091552734,85.31999969482422,84.04000091552734,84.62000274658203,53.61127853393555,4027100,-0.002945681535400535,86.20600051879883,86.8479995727539,84.0127995300293,0.010869002048641822,32.073616074838014,0.3071689312288157,0.8768650186269994
2015-02-12,84.81999969482422,85.72000122070312,84.5199966430664,85.62999725341797,54.251163482666016,4523100,0.011935647294418539,85.93199996948242,86.80999946594238,84.11799942016602,0.011039291928268743,39.3365113985126,0.25643677375305174,0.7527793696522098
2015-02-13,85.9000015258789,85.94000244140625,84.55999755859375,85.05999755859375,53.89002990722656,3444500,-0.006656542252796438,85.78299942016602,86.73349952697754,84.20179931640625,0.011105946061403643,32.85163344552009,0.16829693940569257,0.6358828836029065
2015-02-17,85.0,85.86000061035156,84.6500015258789,84.8499984741211,53.7569694519043,6414800,-0.002468834828357469,85.6359992980957,86.60899963378907,84.28299926757812,0.010881796489037929,32.00758314657233,0.08057153607695966,0.5248206140977172
2015-02-18,84.83999633789062,85.75,84.22000122070312,85.63999938964844,54.25749969482422,5487900,0.009310558983313344,85.49299926757813,86.55849952697754,84.37579925537109,0.011019400387746046,38.75466555487487,0.07394262888340108,0.434645017054854
2015-02-19,85.69000244140625,85.69000244140625,83.61000061035156,83.80000305175781,53.09174346923828,5415600,-0.0214852446404038,85.20199966430664,86.4189998626709,84.43999938964843,0.011975145659548436,31.407651121285014,-0.07887394506161627,0.33194122463155995
2015-02-20,83.81999969482422,84.73999786376953,83.69000244140625,84.61000061035156,53.60491180419922,4982700,0.009665841635989825,84.8879997253418,86.24300003051758,84.51019943237304,0.011408790241933565,41.40069746741951,-0.13308799182517816,0.23893538134021236
2015-02-23,84.62000274658203,85.33000183105469,84.55000305175781,85.29000091552734,54.0357551574707,3883800,0.008036878622745158,84.89700012207031,86.11350021362304,84.58659942626953,0.011622578922376347,45.609551771281986,-0.11980167372762196,0.1671879703266455
2015-02-24,85.1500015258789,85.1500015258789,83.25,83.61000061035156,52.971378326416016,6027700,-0.019697506004715426,84.79800033569336,85.86300010681153,84.63099945068359,0.012060684051549224,36.33491244573999,-0.24204402236917133,0.08534157178748214
2015-02-25,83.69999694824219,84.52999877929688,83.52999877929688,83.62999725341797,52.98403549194336,6699700,0.00023916568497117652,84.67399978637695,85.61199989318848,84.67279937744141,0.012059328261907953,37.49998451826411,-0.3334644320018896,0.0015803710296077994
2015-02-26,83.62000274658203,83.66000366210938,82.52999877929688,82.72000122070312,52.40751266479492,4738700,-0.0108812156235919,84.48399963378907,85.34500007629394,84.71059936523437,0.012166227142620336,29.368318014027082,-0.47388222071133157,-0.09351214731858008
2015-02-27,82.9800033569336,83.58000183105469,82.43000030517578,83.37000274658203,52.81932067871094,4328200,0.007857851986059039,84.25800018310547,85.09500007629394,84.78239944458008,0.012327148645533557,41.10788750000927,-0.5266438169724097,-0.180138481249346
2015-03-02,83.58000183105469,84.7699966430664,83.45999908447266,83.8499984741211,53.12343597412109,5353500,0.005757415277987787,84.1370002746582,84.9599998474121,84.86599945068359,0.011722461036120494,46.31267816954239,-0.5236893535331149,-0.24884865570609976
2015-03-03,83.73999786376953,83.93000030517578,82.97000122070312,83.69000244140625,53.022071838378906,4311400,-0.0019081220706786972,84.02100067138672,84.82849998474121,84.90979949951172,0.011719823253387992,44.135172583254274,-0.5281698494193847,-0.30471289444875677
2015-03-04,83.69000244140625,83.80000305175781,82.69999694824219,82.88999938964844,52.51522445678711,3054200,-0.00955912329334574,83.74600067138672,84.61949996948242,84.9261994934082,0.0115961641361526,41.8472809169099,-0.5894790870839586,-0.36166613297579714
2015-03-05,83.0999984741211,83.94999694824219,83.05000305175781,83.12999725341797,52.667266845703125,3503900,0.002895377796317211,83.67900009155274,84.44049987792968,84.94819946289063,0.011647012584981492,37.29672354091425,-0.6116505509696424,-0.4116630165745662
2015-03-06,82.05999755859375,82.08999633789062,80.22000122070312,80.37000274658203,50.91866683959961,7166500,-0.0332009454832799,83.25500030517578,84.07150001525879,84.90999954223633,0.013077172075443934,30.507048166753663,-0.8422214813288775,-0.4977747095254285
2015-03-09,80.6500015258789,81.19000244140625,80.6500015258789,81.01000213623047,51.32415390014648,6548000,0.007963162470784546,82.82700042724609,83.8620002746582,84.88919952392578,0.011960661196913304,34.59067546600015,-0.9622161736745198,-0.5906630023552468
2015-03-10,80.7699966430664,81.33000183105469,80.6500015258789,80.94999694824219,51.2861328125,5985700,-0.0007407133243543251,82.56100006103516,83.67950019836425,84.87399948120117,0.01191622831261254,30.008481455272033,-1.050050421435273,-0.6825404861712521
2015-03-11,81.05000305175781,81.29000091552734,80.70999908447266,81.0199966430664,51.33049011230469,2833100,0.000864727578297142,82.3,83.48699989318848,84.8543994140625,0.01187277135859982,36.04412187134952,-1.1013160197070135,-0.7662955928784044
2015-03-12,81.31999969482422,82.54000091552734,81.29000091552734,82.43000030517578,52.223777770996094,4013200,0.017403156264263364,82.27099990844727,83.37749977111817,84.85399948120117,0.012656151656509651,39.678019014261054,-1.0164518399544278,-0.8163268422936092
2015-03-13,82.41999816894531,82.61000061035156,81.83000183105469,82.37999725341797,52.19210433959961,2863500,-0.0006066122961626563,82.17199935913087,83.21499977111816,84.85379943847656,0.012274252857166492,35.347402777009464,-0.9423681609158052,-0.8415351060180485
2015-03-16,82.83999633789062,83.72000122070312,82.62000274658203,83.2300033569336,52.73064422607422,2761500,0.010318112792609524,82.10999984741211,83.12350006103516,84.89839950561523,0.01250978406886468,47.912102653101435,-0.8057793994407945,-0.8343839647025978
2015-03-17,83.06999969482422,83.58000183105469,82.70999908447266,83.19999694824219,52.71163558959961,3764800,-0.0003605239394587345,82.06099929809571,83.0409999847412,84.91799942016601,0.012505742317356912,47.63995655185178,-0.6919764149392904,-0.8059024547499364
2015-03-18,83.20999908447266,85.18000030517578,82.7300033569336,84.94000244140625,53.81400680541992,5781800,0.020913528329171704,82.26599960327148,83.0060001373291,84.96339950561523,0.0132515530818086,61.16698826733228,-0.4561249043801183,-0.7359469446759729
2015-03-19,84.81999969482422,85.41000366210938,84.55000305175781,84.9000015258789,53.788673400878906,5663200,-0.00047093141485299306,82.44300003051758,83.06100006103516,84.99159957885742,0.012283293935080422,58.1993353525706,-0.26933390897693243,-0.6426243375361649
2015-03-20,85.4000015258789,87.11000061035156,85.11000061035156,87.02999877929688,55.13813018798828,6004800,0.025088306420921747,83.10899963378907,83.18199996948242,85.03679962158203,0.01331493516924558,64.48085115549,0.04999595560281023,-0.50410027890837
2015-03-23,87.02999877929688,87.61000061035156,86.73999786376953,86.91999816894531,55.06843948364258,3644100,-0.001263939008324222,83.69999923706055,83.26349983215331,85.07339965820313,0.013236639604242654,64.77579539584818,0.29083843949788957,-0.34511253522711804
2015-03-24,86.86000061035156,86.88999938964844,86.16000366210938,86.18000030517578,54.5996208190918,5828800,-0.00851355130416831,84.2229995727539,83.39199981689453,85.09439971923828,0.01253237336607704,65.13337380812843,0.4171871264711342,-0.19265260288746758
2015-03-25,85.88999938964844,86.08000183105469,83.94999694824219,84.19000244140625,53.65761947631836,5391800,-0.0230911795860137,84.5400001525879,83.42000007629395,85.06259979248047,0.013696439249505435,54.19969760557054,0.3526777254062097,-0.08358653722873213
2015-03-26,83.9800033569336,84.1500015258789,83.37000274658203,83.75,53.37718963623047,5638200,-0.005226302751475509,84.67200012207032,83.47150001525878,85.02459976196289,0.013507861724485655,66.40771233551473,0.2630171426316963,-0.014265801256646449
2015-03-27,83.81999969482422,84.22000122070312,83.5199966430664,83.86000061035156,53.44730758666992,2330600,0.0013134401236007953,84.82000045776367,83.49599990844726,84.97399978637695,0.013404364115274705,64.58541735483301,0.19854787840471033,0.028296934675624913
2015-03-30,84.22000122070312,85.13999938964844,84.01000213623047,85.05999755859375,54.21209335327149,4149800,0.014309527063061545,85.00299987792968,83.5564998626709,84.94339981079102,0.013717721742530033,68.83590046979087,0.24150136950083834,0.0709378216406676
2015-03-31,84.68000030517578,85.27999877929688,84.06999969482422,84.30999755859375,53.73410415649414,2982800,-0.00881730568453587,85.11399993896484,83.58749961853027,84.88279983520508,0.013875767836470565,64.19325046556344,0.21257317740236203,0.09926489279300649
2015-04-01,84.37000274658203,84.6500015258789,83.52999877929688,84.19000244140625,53.65761947631836,6666100,-0.0014232608310076333,85.03899993896485,83.65249977111816,84.83359985351562,0.013684492065747868,58.54369083058836,0.177913893020758,0.11499469283855679
2015-04-02,84.33999633789062,85.13999938964844,84.13999938964844,84.83000183105469,54.065521240234375,3905900,0.007601845481520986,85.03199996948243,83.7375,84.79839996337891,0.013761446528562553,61.24886592521236,0.19978575664791265,0.13195290560042797
2015-04-06,85.11000061035156,86.0,84.9800033569336,85.70999908447266,54.62636566162109,4398100,0.010373655952177652,84.9,84.00449981689454,84.75,0.011268062774728693,61.355293696805575,0.28484428247861615,0.16253118097606561
2015-04-07,85.69000244140625,85.80999755859375,84.19999694824219,84.19999694824219,53.66399765014648,3039000,-0.01761757265616426,84.62799987792968,84.16399955749512,84.67639999389648,0.012127748225927975,54.03226004927115,0.22778347808853994,0.1755816403985605
2015-04-08,84.47000122070312,84.56999969482422,84.08999633789062,84.33000183105469,53.746849060058594,2630300,0.00154400103948249,84.44300003051758,84.33299980163574,84.59059997558593,0.012111295864093924,47.17330403191479,0.19085265643361993,0.1786358436055724
2015-04-09,84.19000244140625,84.19000244140625,82.37999725341797,82.58000183105469,52.63150405883789,5098700,-0.020751807921289056,84.28199996948243,84.41100006103515,84.46919998168946,0.01314901401739269,40.71999555663792,0.020142153354299808,0.14693710555531786
2015-04-10,83.01000213623047,83.48999786376953,82.27999877929688,82.5199966430664,52.59326553344727,3651600,-0.0007266309839886187,84.15899963378907,84.41549987792969,84.3583999633789,0.01257363179954851,28.37966440905842,-0.11862167064542462,0.09382535031516936
2015-04-13,82.48999786376953,82.81999969482422,82.27999877929688,82.30000305175781,52.45307540893555,2348700,-0.002665942804871424,84.00299987792968,84.41150016784668,84.23699996948243,0.012588401699074277,28.083500663772227,-0.24353729877643104,0.02635282049684929
2015-04-14,82.4800033569336,83.0,82.4000015258789,82.58999633789062,52.63787078857422,3662600,0.0035236120945274507,83.75599975585938,84.37949981689454,84.15779983520508,0.012386104020014055,32.210069451008124,-0.3154969470077731,-0.04201713300407518
2015-04-15,82.91999816894531,82.93000030517578,81.91999816894531,81.97000122070312,52.24272918701172,3514000,-0.007506903313701407,83.52200012207031,84.31800003051758,84.07079986572266,0.012490188980856076,37.270614709706315,-0.41773848192752894,-0.11716140278876594
2015-04-16,81.81999969482422,82.52999877929688,81.43000030517578,82.18000030517578,52.37656784057617,3395400,0.0025619016877556078,83.32099990844726,84.17999992370605,83.97299987792968,0.011452040444159378,40.75381088588326,-0.47632963238334014,-0.1889950487076808
2015-04-17,81.86000061035156,82.27999877929688,81.23999786376953,81.80000305175781,52.13439178466797,5055300,-0.004623962667398951,83.01800003051758,84.025,83.87479995727539,0.011468360639465191,38.241995213327435,-0.547119293185375,-0.26061989760321963
2015-04-20,82.12999725341797,82.38999938964844,81.66000366210938,81.91999816894531,52.21086502075195,3191200,0.0014669329182246393,82.63899993896484,83.76949996948242,83.75819992065429,0.009621641415779907,29.557235528446398,-0.5867740403835882,-0.32585072615929334
2015-04-21,82.13999938964844,82.58000183105469,81.83000183105469,82.05999755859375,52.30007553100586,3830400,0.0017089769626179585,82.425,83.52649993896485,83.69539993286133,0.009672325221209341,34.087642282739594,-0.5999876483830775,-0.3806781106040502
2015-04-22,82.08000183105469,82.66000366210938,82.01000213623047,82.2300033569336,52.40843200683594,3852800,0.0020717256080644564,82.21500015258789,83.32900009155273,83.64800003051758,0.009634378136829465,36.23593729741083,-0.5899410080776875,-0.42253069009877764
2015-04-23,82.22000122070312,82.62999725341797,82.05000305175781,82.44999694824219,52.54865264892578,2266200,0.0026753445497706974,82.20199966430664,83.24199981689453,83.59959991455078,0.008344002083567333,32.23872099114077,-0.5577973879268825,-0.44958402966439864
2015-04-24,82.54000091552734,83.0999984741211,82.25,82.62000274658203,52.656986236572266,2291700,0.0020619260719507704,82.21200027465821,83.18549995422363,83.55959991455079,0.008309268798589689,24.2070002037905,-0.5126952584491136,-0.46220627542134163
2015-04-27,82.69000244140625,83.30999755859375,82.31999969482422,82.51000213623047,52.58689498901367,2973300,-0.0013314040994281129,82.23300018310547,83.11800003051758,83.49720001220703,0.008297480571898526,31.590425169417855,-0.4802911286760576,-0.46582324607228487
2015-04-28,82.43000030517578,82.62000274658203,81.81999969482422,82.3499984741211,52.48492050170898,3423400,-0.001939203223449204,82.20900039672851,82.98250007629395,83.44300003051758,0.0074995462035263505,28.571334206367425,-0.4621936994360851,-0.46509733674504494
2015-04-29,81.55999755859375,81.95999908447266,80.4800033569336,80.69000244140625,51.42693710327149,3149400,-0.02015781497842417,82.08100051879883,82.80150032043457,83.35980010986329,0.008443945703471985,29.139003695133,-0.5751689731605438,-0.48711166402814476
2015-04-30,80.37000274658203,80.47000122070312,78.88999938964844,79.37999725341797,50.59201431274414,8753800,-0.016235037158903953,81.80100021362304,82.56100006103516,83.23460006713867,0.009006915138062977,22.837298077862286,-0.7616295704404763,-0.5420152453106111
2015-05-01,79.47000122070312,80.52999877929688,79.30999755859375,79.9800033569336,50.97443008422852,5902600,0.0075586561385248,81.61900024414062,82.3185001373291,83.15820007324218,0.009004269944751897,31.168821517878925,-0.8511736589640577,-0.6038469280413005
2015-05-04,80.23999786376953,80.80000305175781,79.94000244140625,80.05999755859375,51.02540969848633,4563700,0.0010001775231636145,81.43300018310546,82.03600006103515,83.06720001220702,0.008507210738221941,28.739495151805798,-0.9052479953220285,-0.6641271414974461
2015-05-05,80.0199966430664,80.0199966430664,78.19000244140625,78.31999969482422,49.91641998291016,6407200,-0.021733673705099377,81.05900039672852,81.74200019836425,82.92779998779297,0.008910287118954486,24.18669247927275,-1.076100960286979,-0.7465219052553528
2015-05-06,78.3499984741211,78.54000091552734,77.72000122070312,78.16999816894531,49.820838928222656,6480100,-0.0019152391019330306,80.65299987792969,81.43400001525879,82.81899993896485,0.008838979859056855,21.39799633223228,-1.2096627957537152,-0.8391500833550253
2015-05-07,78.27999877929688,79.68000030517578,78.20999908447266,79.37000274658203,50.58566665649414,6360600,0.015351216652752075,80.34500045776367,81.27350006103515,82.73380004882813,0.008870106538274204,34.48277542032261,-1.2047930675386453,-0.9122786801917493
2015-05-08,80.1500015258789,81.56999969482422,80.12000274658203,80.4800033569336,51.29308319091797,5136500,0.013985140127758866,80.13100051879883,81.17150039672852,82.68900009155273,0.009559493602799255,41.83677794434011,-1.0987008606465025,-0.9495631162827
2015-05-11,80.16999816894531,80.70999908447266,79.02999877929688,79.2699966430664,50.521915435791016,3080600,-0.015034874048162394,79.80699996948242,81.02000007629394,82.60699996948242,0.010046528826780938,35.894870420155755,-1.0995841303056437,-0.9795673190872888
2015-05-12,78.68000030517578,79.76000213623047,78.12000274658203,79.51000213623047,50.67486953735352,4739300,0.0030276965223645647,79.52300033569335,80.86600036621094,82.52020004272461,0.010033234729153224,36.34540552134081,-1.0685995400675807,-0.9973737632833473
2015-05-13,80.0,80.3499984741211,78.58999633789062,78.75,50.19050216674805,6222300,-0.009558572705460344,79.32900009155273,80.70500030517579,82.42139999389649,0.010104349056264924,32.38101812157586,-1.0927730424570825,-1.0164536191180944
2015-05-14,79.19000244140625,80.30999755859375,78.98999786376953,80.2699966430664,51.15924072265625,4905400,0.01930154467385914,79.41800003051758,80.60950012207032,82.36899993896485,0.011138412015594663,40.08438030757027,-0.9780058486719696,-1.0087640650288696
2015-05-15,80.5999984741211,81.33000183105469,80.41000366210938,81.08999633789062,51.6818733215332,4390600,0.010215519236539627,79.52899932861328,80.57399978637696,82.3281999206543,0.011383986666666214,44.34711987788129,-0.8115300847384503,-0.9693172689707859
2015-05-18,80.81999969482422,81.05999755859375,80.44000244140625,80.87999725341797,51.54802703857422,3450200,-0.0025897039580272674,79.6109992980957,80.52199974060059,82.33839981079102,0.011385598014319856,44.17129511985576,-0.68860421278562,-0.9131746577337527
2015-05-19,80.4800033569336,81.08000183105469,80.41000366210938,80.5999984741211,51.36956787109375,2784700,-0.003461903916979203,79.8389991760254,80.44899978637696,82.33019973754882,0.011389668267862868,49.59927062293937,-0.6067835124498373,-0.8518964286769697
2015-05-20,80.70999908447266,81.08000183105469,80.43000030517578,80.52999877929688,51.32495880126953,3427400,-0.0008684825824989417,80.07499923706055,80.36399955749512,82.32179977416992,0.011369126371715532,55.75575583220241,-0.5413480845664935,-0.7897867598548746
2015-05-21,80.61000061035156,80.70999908447266,79.77999877929688,80.1500015258789,51.08277893066406,2667800,-0.004718704323582568,80.15299911499024,80.24899978637696,82.30439987182618,0.011364141255068076,50.87000048415788,-0.5142249737103981,-0.7346744026259794
2015-05-22,79.86000061035156,80.5999984741211,79.5999984741211,80.05000305175781,51.019039154052734,4067500,-0.0012476415747640912,80.10999908447266,80.12049980163575,82.25679992675781,0.011335871927118749,49.94895557654482,-0.4950916457762702,-0.6867578512560375
2015-05-26,80.0,80.05000305175781,79.20999908447266,79.44000244140625,50.63025665283203,3041700,-0.0076202446857766,80.12699966430664,79.96699981689453,82.19800003051758,0.011417363947232823,56.46652012844853,-0.5231200939952458,-0.6540302998038792
2015-05-27,79.73999786376953,80.3499984741211,79.36000061035156,80.22000122070312,51.12738800048828,2978600,0.009818715449715576,80.1979995727539,79.86049995422363,82.13779998779297,0.011710508960884177,61.03337549069527,-0.47689609702635494,-0.6186034592483745
2015-05-28,80.16999816894531,80.38999938964844,79.6500015258789,80.05999755859375,51.02540969848633,2772000,-0.0019945607039966173,80.32899932861328,79.82899971008301,82.075,0.010838348088824416,54.181782872256306,-0.44800982632698094,-0.5844847326640957
2015-05-29,79.93000030517578,80.19999694824219,79.02999877929688,79.13999938964844,50.43907165527344,4786500,-0.011491358943297336,80.21599960327148,79.81699981689454,81.95899993896484,0.010519314340781464,41.68732565282869,-0.49366277499601097,-0.5663203411304788
2015-06-01,79.38999938964844,80.26000213623047,79.0199966430664,80.11000061035156,51.05728149414063,4464400,0.012256775690978827,80.11800003051758,79.82349967956543,81.8631999206543,0.010749256149707072,55.37086956564158,-0.4464259533558703,-0.5423414635755571
2015-06-02,79.76000213623047,79.80000305175781,79.02999877929688,79.37000274658203,50.58566665649414,3313200,-0.009237271977675099,79.96700057983398,79.78899993896485,81.71,0.01094785889378687,49.1586567117645,-0.46336074088033286,-0.5265453190365124
2015-06-03,79.1500015258789,79.30999755859375,78.13999938964844,78.2300033569336,49.85908126831055,3886000,-0.014363101300226777,79.73000106811523,79.78450012207031,81.53620010375977,0.01029569648767912,47.01150987657027,-0.5622883947716701,-0.5336939341835439
2015-06-04,78.1500015258789,78.44000244140625,77.83000183105469,78.08000183105469,49.76348114013672,3710100,-0.0019174424062659012,79.48500137329101,79.78000030517578,81.37420013427734,0.010295717989644628,35.06141511329088,-0.6453539046452903,-0.5560259282758933
2015-06-05,77.05000305175781,77.80000305175781,76.5,77.20999908447266,49.20898818969727,6141000,-0.011142452947996762,79.1910011291504,79.67200012207032,81.23460006713867,0.009912891436823786,23.712745952439292,-0.7724811881238054,-0.5993169802454757
2015-06-08,77.19999694824219,77.41000366210938,76.9000015258789,77.06999969482422,49.11976623535156,3347100,-0.0018132287437960803,78.89300079345703,79.50149993896484,81.10100006103515,0.00923431481579742,23.93981647699283,-0.8744471742042919,-0.654343019037239
2015-06-09,76.81999969482422,77.20999908447266,76.4000015258789,76.51000213623047,48.76285934448242,4604500,-0.007266090058533625,78.60000076293946,79.36350021362304,80.95400009155273,0.008816491512703627,23.056664616077427,-0.98904201499046,-0.7212828182278832
2015-06-10,76.47000122070312,77.7300033569336,76.37999725341797,77.05000305175781,49.10701751708984,4332000,0.007057912697033375,78.28300094604492,79.24050025939941,80.79380020141602,0.008975662846899782,28.4119306349627,-1.0244761674732814,-0.7819214880769629
2015-06-11,77.62000274658203,77.80999755859375,77.37000274658203,77.5199966430664,49.40655899047852,9411000,0.006099851689725266,78.02900085449218,79.17900009155274,80.65800018310547,0.008921435995730309,33.86498863547007,-1.0030706595138525,-0.826151322364341
2015-06-12,77.23999786376953,77.76000213623047,77.22000122070312,77.44999694824219,49.36194610595703,3125500,-0.0009029888784247708,77.86000061035156,79.03800010681152,80.5232000732422,0.0075736135460499196,33.99010057276868,-0.9804529789673495,-0.8570116536849427
2015-06-15,77.37999725341797,77.37999725341797,76.8499984741211,77.02999877929688,49.094276428222656,3565200,-0.005422830025751835,77.5520004272461,78.83500022888184,80.36720001220704,0.007062240027218978,34.80450259765249,-0.9850634480964544,-0.882622012567245
2015-06-16,77.0999984741211,77.7699966430664,76.94000244140625,77.6500015258789,49.48942184448242,5474800,0.008048847934665426,77.38000030517578,78.67350044250489,80.20600006103516,0.00744848297034984,33.46202828081289,-0.9279909361700049,-0.8916957972877971
2015-06-17,77.70999908447266,78.37000274658203,77.12000274658203,78.30999755859375,49.91006851196289,3922300,0.008499626783585956,77.3879997253418,78.55900039672852,80.08820007324219,0.0077977455735326745,39.41957481982797,-0.8200513537185117,-0.8773669085739401
2015-06-18,78.36000061035156,79.72000122070312,78.30999755859375,79.38999938964844,50.5984001159668,5616900,0.013791365913995879,77.51899948120118,78.50200042724609,79.98940002441407,0.008508109986935056,51.4828008138028,-0.6399839979961257,-0.8298903264583772
2015-06-19,79.44000244140625,79.61000061035156,78.52999877929688,78.77999877929688,50.209617614746094,5986300,-0.0076835951006581915,77.67599945068359,78.43350028991699,79.91339996337891,0.008607465818953532,41.75958402268967,-0.5402733378086566,-0.7719669287284332
2015-06-22,78.77999877929688,79.12999725341797,77.88999938964844,77.97000122070312,49.69336700439453,3898700,-0.010281766579648854,77.76599960327148,78.32950019836426,79.82240005493163,0.008863957428875737,41.40047332286712,-0.5206106789420915,-0.7216956787711649
2015-06-23,77.6500015258789,77.81999969482422,77.18000030517578,77.31999969482422,49.279109954833984,2933200,-0.008336559134313748,77.84699935913086,78.22350006103515,79.72279998779297,0.008892333611199175,44.05225890096738,-0.5511245502256799,-0.687581453062068
2015-06-24,77.3499984741211,77.66000366210938,76.87000274658203,76.9000015258789,49.01141357421875,3900200,-0.005431947369412993,77.83199920654297,78.05750007629395,79.60900009155273,0.008534108394519747,42.550494225446954,-0.6022549352186957,-0.6705161494933936
2015-06-25,77.0,77.0,76.08999633789062,76.12000274658203,48.514286041259766,4820600,-0.01014302683770929,77.69199981689454,77.86050033569336,79.49200012207031,0.008722417334577853,43.03960276412561,-0.6976731743996538,-0.6759475544746456
2015-06-26,75.30000305175781,76.08999633789062,75.08999633789062,75.9000015258789,48.86323165893555,3789500,-0.00289018934268237,77.5370002746582,77.69850044250488,79.36640014648438,0.008463119892875357,42.604299088136514,-0.7820303175815724,-0.6971641070960309
2015-06-29,75.62000274658203,76.37999725341797,74.66999816894531,74.72000122070312,48.103546142578125,5112000,-0.015546775776723143,77.30600051879883,77.42900047302246,79.22480010986328,0.008270027195797605,39.50760391147746,-0.9333411484921896,-0.7443995153752627
2015-06-30,75.12999725341797,75.38999938964844,74.5,74.69000244140625,48.08424758911133,5855900,-0.0004014825857439064,77.01000061035157,77.19500045776367,79.0802001953125,0.008179777592836073,35.286759082036085,-1.0436462189388038,-0.804248856087971
2015-07-01,74.37999725341797,75.91999816894531,74.36000061035156,75.91999816894531,48.87611389160156,6318900,0.01646801027358369,76.77100067138672,77.07950019836426,78.95740020751953,0.008807184200812213,40.888382193079494,-1.020054848927316,-0.8474100546558401
2015-07-02,76.45999908447266,77.13999938964844,75.9800033569336,76.11000061035156,48.99842071533203,4303700,0.0025026665699259265,76.44300079345703,76.9810001373291,78.8350001525879,0.008850472798297433,42.471925523342534,-0.9747901352286306,-0.8728860707703983
2015-07-06,75.7300033569336,76.69000244140625,75.63999938964844,76.58999633789062,49.30744171142578,5116700,0.006306605225197881,76.2240005493164,76.95,78.71780014038086,0.008681336206271081,47.54462689159779,-0.8899273512424628,-0.8762943268648112
2015-07-07,77.0,77.93000030517578,76.80999755859375,77.79000091552734,50.07997512817383,5921000,0.015667902272023637,76.20600051879883,76.98600006103516,78.62120010375976,0.009379998771785294,50.73374993802112,-0.7175709319404859,-0.8445496478799462
2015-07-08,77.37000274658203,77.76000213623047,77.25,77.48999786376953,49.8868408203125,4941800,-0.0038565760152591277,76.22300033569336,77.03499984741211,78.52080001831055,0.009261531392454886,45.53377087383159,-0.5982882721496452,-0.7952973727338861
2015-07-09,77.68000030517578,77.94000244140625,76.93000030517578,77.12000274658203,49.64863204956055,3312900,-0.004774746772324923,76.24500045776367,77.03849983215332,78.41620010375976,0.009210275134389947,36.59977355003112,-0.5275303768509758,-0.7417439735573041
2015-07-10,77.44000244140625,78.27999877929688,77.26000213623047,77.76000213623047,50.0606575012207,4774100,0.008298746976857396,76.40900039672852,77.05050010681153,78.35760009765625,0.009298548017874459,44.00001436122612,-0.4150274548432833,-0.6764006698145
2015-07-13,77.81999969482422,78.73999786376953,77.45999908447266,77.87000274658203,50.131473541259766,2887800,0.001414616863806728,76.60600051879882,77.07150039672851,78.32740020751953,0.009298578313709071,49.35898376405203,-0.3133795048110102,-0.603796436813802
2015-07-14,78.0,78.30000305175781,77.56999969482422,78.02999877929688,50.234466552734375,2422900,0.002054655542205852,76.9370002746582,77.12150039672852,78.2884001159668,0.009205744353390877,54.85636157743951,-0.21740630482770484,-0.5265184104165826
2015-07-15,77.83000183105469,78.44000244140625,77.68000030517578,78.16000366210938,50.31818771362305,2238100,0.0016660884896360084,77.28400039672852,77.14700050354004,78.25040023803712,0.00904629095751908,58.97437848118462,-0.12936530216826725,-0.44708778876691957
2015-07-16,78.29000091552734,78.88999938964844,78.29000091552734,78.79000091552734,50.723751068115234,2494800,0.008060353427585376,77.57100067138671,77.17100067138672,78.25980026245117,0.009026014806989963,69.43231489543169,-0.00865686901805418,-0.3594016048171465
2015-07-17,78.73999786376953,78.83000183105469,78.2699966430664,78.51000213623047,50.54350662231445,1803100,-0.003553734941532327,77.81100082397461,77.12700080871582,78.26660034179687,0.008482910133538043,68.8311931372808,0.06367783403626959,-0.2747857170464633
2015-07-20,78.31999969482422,78.73999786376953,78.08000183105469,78.5999984741211,50.60143661499024,2164800,0.0011463041070163271,78.01200103759766,77.11800079345703,78.25120025634766,0.008318812816487619,83.21921879552008,0.1268038439072967,-0.19446780485571133
2015-07-21,78.68000030517578,78.98999786376953,78.37000274658203,78.37999725341797,50.45980072021485,3540700,-0.0027989977732068017,78.07100067138671,77.13850059509278,78.20920013427734,0.007997995444490365,80.59701681379315,0.1572665309705883,-0.12412093769045143
2015-07-22,78.44999694824219,79.0,78.37000274658203,78.72000122070312,50.678688049316406,2883500,0.0043378920540895205,78.19400100708008,77.20850067138672,78.19820022583008,0.007777364985643933,77.23738700627867,0.20646392100623245,-0.058003965951114664
2015-07-23,78.66999816894531,78.70999908447266,77.2699966430664,77.73999786376953,50.04778671264648,3188900,-0.012449229442794474,78.25600051879883,77.25050048828125,78.16280014038085,0.008224726320383267,63.74365235694243,0.16447911354649136,-0.01350735005159346
2015-07-24,77.7699966430664,78.33000183105469,77.52999877929688,78.06999969482422,50.26024627685547,2800300,0.004244942630857507,78.2870002746582,77.34800033569336,78.14920013427735,0.007858970625650207,62.8027830099644,0.15603556016733933,0.020401231992193097
2015-07-27,77.94000244140625,78.66000366210938,77.94000244140625,78.20999908447266,50.35038375854492,3003000,0.0017932546457755105,78.32099990844726,77.46350021362305,78.10800018310547,0.0077972399396778825,54.44913199495684,0.15881010002551932,0.04808300559885834
2015-07-28,78.22000122070312,78.51000213623047,77.9800033569336,78.26000213623047,50.3825569152832,2674000,0.0006393434643030549,78.34400024414063,77.64050025939942,78.05140029907227,0.006693481149088205,58.6130208297775,0.16316293053867525,0.07109899058682173
2015-07-29,78.16999816894531,78.9000015258789,77.8499984741211,78.7699966430664,50.71086883544922,7988100,0.006516668705786266,78.40499954223633,77.84449996948243,78.00920028686524,0.006723133660241211,67.89580995693778,0.205397183702118,0.09795862920988099
2015-07-30,78.6500015258789,78.77999877929688,78.12000274658203,78.37999725341797,50.45980072021485,2932500,-0.004951115986657428,78.36399917602539,77.96749992370606,77.96480026245118,0.006087853806778576,57.11003475223719,0.2050349272205807,0.11937388881202095
2015-07-31,78.91999816894531,79.62999725341797,78.8499984741211,79.0,50.85896682739258,5490400,0.007910216487727606,78.41299896240234,78.11199989318848,77.93420028686523,0.0062474231095366725,61.601607968404615,0.25187343623196057,0.14587379829600888
2015-08-03,79.2699966430664,79.56999969482422,79.0,79.48999786376953,51.17439651489258,3766400,0.006202504604677639,78.50199890136719,78.25699996948242,77.92100021362305,0.00624358638075346,64.03844037706781,0.32478806990360454,0.181656652617528
2015-08-04,79.72000122070312,79.86000061035156,78.7300033569336,78.91000366210938,50.801002502441406,4087300,-0.007296442536759873,78.55499954223633,78.31300010681153,77.89820022583008,0.005658374578879493,56.63717531152269,0.3319462873782726,0.21171457956967693
2015-08-05,79.0,79.1500015258789,78.08000183105469,78.38999938964844,50.46623611450195,3783100,-0.0065898396696011385,78.52199935913086,78.35800018310547,77.87720016479493,0.005806067552971146,46.389878521880796,0.29228989144412765,0.2278296419445671
2015-08-06,78.45999908447266,78.55000305175781,77.19000244140625,78.5,50.53705596923828,3473300,0.0014032480062258212,78.5979995727539,78.42700004577637,77.84280014038086,0.005668130252975046,49.906870287572616,0.2666641040999025,0.2355965343756342
2015-08-07,78.37000274658203,78.9000015258789,77.80000305175781,78.79000091552734,50.723751068115234,3942600,0.00369427917869225,78.66999969482421,78.4784999847412,77.81740020751953,0.00544085700849702,51.70558520255536,0.26668198928138054,0.24181362535678347
2015-08-10,79.0999984741211,79.16999816894531,78.18000030517578,78.54000091552734,50.56282043457031,2605100,-0.003172991459513108,78.70299987792968,78.51199989318847,77.80540023803711,0.005504247375155646,51.42860256892333,0.24371387095598607,0.242193674476624
2015-08-11,78.33999633789062,79.38999938964844,78.25,79.05999755859375,50.89757537841797,4539900,0.006620787331358402,78.78299942016602,78.56349983215333,77.78440017700196,0.005666914022951835,52.94114541259457,0.2644227540971542,0.24663949040073002
2015-08-12,78.77999877929688,79.33000183105469,78.36000061035156,79.30999755859375,51.05852890014648,3229200,0.00316215542271836,78.83699951171874,78.62099952697754,77.78320007324218,0.005690562785237632,65.54456552447226,0.2975773177650609,0.2568270558735962
2015-08-13,79.12999725341797,79.7300033569336,78.47000122070312,79.4000015258789,51.116458892822266,2381900,0.0011348375999968852,78.93899993896484,78.65149955749511,77.80660003662109,0.005426642867205266,63.82538987653381,0.3273417246641941,0.2709299896317158
2015-08-14,79.16999816894531,79.86000061035156,78.87000274658203,79.83000183105469,51.39330291748047,2558200,0.005415620867911919,79.02200012207031,78.71749954223633,77.84160003662109,0.005453284266608539,65.8823846203328,0.3812330453010162,0.29299060076557587
2015-08-17,79.91000366210938,80.56999969482422,79.48999786376953,80.51000213623047,51.83105850219727,2912600,0.008518104591991316,79.1240005493164,78.8129997253418,77.90760009765626,0.005717239345531487,69.63352249275007,0.47335609242023224,0.3290636990965072
2015-08-18,80.47000122070312,80.83000183105469,80.23999786376953,80.7300033569336,51.97270584106445,2904800,0.0027325948933756283,79.30600051879883,78.93050003051758,77.98080017089843,0.005646103391240262,68.01475950588473,0.5576878524424274,0.3747885297656912
2015-08-19,80.51000213623047,80.62000274658203,79.7699966430664,80.25,51.66368103027344,2401000,-0.0059457864111728265,79.49200057983398,79.00699996948242,78.05560012817382,0.005838405703892716,66.90778100765836,0.5791134609956856,0.4156535160116901
2015-08-20,79.86000061035156,80.26000213623047,79.41999816894531,79.66000366210938,51.28384399414063,3999800,-0.007351979288356736,79.60800094604492,79.10300025939941,78.10780014038086,0.005308581964263897,56.00003329190341,0.5422350879108677,0.44096983039152565
2015-08-21,79.26000213623047,79.55999755859375,78.18000030517578,78.18000030517578,50.33105850219727,4126300,-0.018579001869134526,79.54700088500977,79.10850028991699,78.12100021362305,0.0068552069044515735,39.907577428296676,0.3890995125715193,0.43059576682752443
2015-08-24,75.5199966430664,77.06999969482422,72.25,74.5199966430664,47.97478866577149,10864500,-0.046815088869564425,79.14500045776367,78.92400016784669,78.06240020751953,0.012507272706759992,27.06374002380494,-0.027278788874838256,0.3390208556870519
2015-08-25,75.5199966430664,76.0,72.45999908447266,72.47000122070312,46.65504455566406,9163900,-0.0275093332623495,78.4860008239746,78.6345001220703,77.97120025634766,0.013683148351784837,23.333356244415427,-0.5167226337991053,0.16787215778982045
2015-08-26,73.19000244140625,74.62999725341797,72.86000061035156,74.43000030517578,47.91684722900391,5067500,0.02704566098327499,77.99800109863281,78.41750030517578,77.90680023193359,0.01518141967482846,34.2857210187683,-0.7379482533254418,-0.013291924433231989
2015-08-27,75.12000274658203,76.47000122070312,74.4800033569336,75.87000274658203,48.84391021728516,5627400,0.019347070206932493,77.64500122070312,78.29200057983398,77.85800033569336,0.01594632955398507,39.64540104625466,-0.7879915125763262,-0.16823184206185082
2015-08-28,75.81999969482422,75.9800033569336,75.22000122070312,75.76000213623047,48.77308654785156,3881100,-0.001449856417153228,77.23800125122071,78.1300006866455,77.785400390625,0.015792110294022926,40.04298910352471,-0.8269942115322664,-0.299984315955934
2015-08-31,75.58000183105469,75.75,74.02999877929688,74.02999877929688,47.65935134887695,6197200,-0.022835312937593777,76.59000091552734,77.85700073242188,77.690400390625,0.016326824495644557,33.42124480225955,-0.9861334119906644,-0.4372141351628801
2015-09-01,73.29000091552734,73.66000366210938,72.0999984741211,72.62000274658203,46.75161743164063,7218400,-0.019046279291701995,75.77900085449218,77.54250068664551,77.58340042114258,0.01668107323842945,29.516255553266276,-1.2120554501505296,-0.5921823981604101
2015-09-02,73.08999633789062,73.62999725341797,72.72000122070312,73.37000274658203,47.23446273803711,5018500,0.010327733016166851,75.09100112915038,77.29150085449218,77.50440048217773,0.01696985934723856,32.25427654592859,-1.3154182384507038,-0.7368295662184688
2015-09-03,73.62000274658203,74.11000061035156,73.4000015258789,73.56999969482422,47.363189697265625,3712600,0.0027258680762622944,74.48200073242188,77.0450008392334,77.43780044555665,0.016991163086476427,31.324578346269774,-1.3654557862511751,-0.8625548102250101
2015-09-04,73.12000274658203,73.12000274658203,71.66999816894531,72.19999694824219,46.48120880126953,4262900,-0.018621758220265572,73.88400039672851,76.71550064086914,77.35940032958985,0.017252304032696085,26.189103128837928,-1.498386211904787,-0.9897210905609657
2015-09-08,72.83999633789062,73.48999786376953,72.61000061035156,73.29000091552734,47.18294525146485,3004500,0.015097008495257302,73.76100082397461,76.45300064086913,77.30720031738281,0.01778581720086986,29.69432459895721,-1.4985064715148866,-1.09147816675175
2015-09-09,73.87000274658203,74.13999938964844,72.33999633789062,72.44999694824219,46.64216232299805,3338100,-0.011461372039731965,73.75900039672851,76.12250061035157,77.26180023193359,0.017714340880624416,29.122056374176722,-1.5485325586678726,-1.1828890451349745
2015-09-10,72.33000183105469,73.37000274658203,72.25,72.61000061035156,46.74518203735352,4609500,0.002208470239462912,73.57700042724609,75.78750076293946,77.2202001953125,0.017694737338885647,30.684939295153228,-1.5573158669109972,-1.257774409490179
2015-09-11,72.5999984741211,74.0199966430664,72.48999786376953,74.0,47.64003372192383,3892500,0.01914336011519424,73.39000015258789,75.5175006866455,77.1818002319336,0.018426413293735247,38.49119574300215,-1.435567044657617,-1.2933329365236668
2015-09-14,74.11000061035156,74.25,73.81999969482422,74.04000091552734,47.66578674316406,3040500,0.0005405529125317443,73.21800003051757,75.22800064086914,77.1404002380371,0.018336341465545598,48.34939668000848,-1.3206290961303324,-1.298792168445
2015-09-15,74.06999969482422,74.93000030517578,73.56999969482422,74.7699966430664,48.13575744628906,2737200,0.009859477559595264,73.29199981689453,74.94100036621094,77.10400024414062,0.018385372595773716,58.69891786171645,-1.157294815216872,-1.2704926977993742
2015-09-16,74.72000122070312,75.75,74.69000244140625,75.56999969482422,48.65078353881836,3318500,0.010699519696073079,73.58699951171874,74.68300018310546,77.05960021972656,0.018613086148042506,54.726360605543015,-0.9523199093442685,-1.2068581401083533
2015-09-17,75.6500015258789,77.73999786376953,75.2699966430664,76.43000030517578,49.20441818237305,6337800,0.011380185441637103,73.89299926757812,74.49200019836425,77.03840026855468,0.018876518932321187,52.43901142281427,-0.7122703485403008,-1.1079405817947428
2015-09-18,75.88999938964844,77.20999908447266,75.54000091552734,76.30000305175781,49.120750427246094,5798800,-0.001700866844156823,74.16599960327149,74.32400016784668,77.0220002746582,0.018838618963338393,52.34782850990062,-0.5264504410772162,-0.9916425536512375
2015-09-21,76.33999633789062,77.33999633789062,76.30000305175781,76.94999694824219,49.53919982910156,3176300,0.00851892359746631,74.64099960327148,74.2625,77.00580017089844,0.01855444692126997,64.01150999070123,-0.3230142433045131,-0.8579168915818927
2015-09-22,76.41000366210938,76.83000183105469,75.80999755859375,75.9800033569336,48.91471481323242,2963500,-0.012605505260266936,74.90999984741211,74.33550033569335,76.96800018310547,0.015377244669732823,66.83367759907897,-0.23732424101369531,-0.7337983614682533
2015-09-23,75.5,76.08000183105469,75.08999633789062,75.69999694824219,49.22162628173828,3708700,-0.0036852644948699442,75.23499984741211,74.49700012207032,76.92140014648437,0.013897293343302251,62.25022964392156,-0.18982034314855412,-0.6250027578043135
2015-09-24,75.58999633789062,75.91000366210938,74.52999877929688,74.98999786376953,48.75997161865234,3707600,-0.00937911642134015,75.4729995727539,74.525,76.85800003051757,0.012825570540300051,57.08581618496933,-0.20707709836145227,-0.5414176259157413
2015-09-25,75.31999969482422,75.91999816894531,74.8499984741211,75.29000091552734,48.955039978027344,3330000,0.004000574213947949,75.60199966430665,74.49599990844726,76.78800003051758,0.012072670169296744,67.2625831667512,-0.1943056278226436,-0.47199522629712176
2015-09-28,75.12000274658203,75.1500015258789,73.56999969482422,74.12000274658203,48.19428253173828,4094600,-0.015539887829965737,75.60999984741211,74.41399993896485,76.7002000427246,0.012544329441368459,54.5958025650991,-0.2754183680534368,-0.43267985464838477
2015-09-29,74.56999969482422,75.2300033569336,74.05000305175781,74.91000366210938,48.707950592041016,3784900,0.010658403754090218,75.6240005493164,74.45800018310547,76.62640014648437,0.011684766246062583,63.6971485761572,-0.2728095488411526,-0.40070579348693836
2015-09-30,75.44999694824219,75.69000244140625,74.91000366210938,75.54000091552734,49.11758804321289,6237100,0.008410055034300257,75.62100067138672,74.60400009155273,76.56960021972657,0.010829770018412347,65.50266463969437,-0.21740047028147558,-0.3640447288458458
2015-10-01,75.66000366210938,76.02999877929688,75.11000061035156,75.91000366210938,49.358184814453125,4105200,0.004898103549082489,75.56900100708008,74.7310001373291,76.51340026855469,0.010677771352962816,61.328619938168366,-0.141995412192216,-0.3196348655151199
2015-10-02,76.11000061035156,76.4800033569336,75.04000091552734,76.45999908447266,49.71579360961914,4602000,0.007245361557501884,75.58500061035156,74.87550010681153,76.48780029296876,0.010746946430685888,63.534684779250746,-0.03742491518512736,-0.2631928754491214
2015-10-05,76.77999877929688,77.87999725341797,76.75,77.75,50.55458068847656,5176500,0.016871579008288506,75.66500091552734,75.15300025939942,76.48140029907226,0.01007483334976838,65.68424079030953,0.14783608758540367,-0.18098708284221637
2015-10-06,77.79000091552734,78.20999908447266,77.3499984741211,77.56999969482422,50.43755340576172,3570700,-0.0023151164652833733,75.82400054931641,75.36700019836425,76.4686003112793,0.009791760329060248,61.261274419675615,0.2769398564362149,-0.08940169498653011
2015-10-07,77.87999725341797,78.45999908447266,77.61000061035156,78.45999908447266,51.016239166259766,4211900,0.011473499976148993,76.10000076293946,75.66750030517578,76.47260025024414,0.00935619007878745,61.391702701545576,0.44593062543445683,0.017664769097667288
2015-10-08,78.38999938964844,79.19000244140625,78.12999725341797,79.12000274658203,51.44537353515625,3953200,0.008411976418694511,76.5130012512207,75.99300041198731,76.47960037231445,0.009395228561091156,64.93644727026741,0.6258988348699006,0.13931158225211396
2015-10-09,79.11000061035156,79.18000030517578,78.5999984741211,78.98999786376953,51.36084365844727,3102700,-0.001643135468901602,76.88300094604492,76.24250030517578,76.49180038452148,0.008803016750802943,61.43497527718548,0.7493960586206612,0.26132847752582344
2015-10-12,79.16000366210938,79.8499984741211,78.98999786376953,79.55000305175781,51.724979400634766,3216500,0.00708957087141715,77.4260009765625,76.5180004119873,76.50280044555664,0.008816568573846969,70.97527848129637,0.8822857952606853,0.38551994107279586
2015-10-13,79.30000305175781,79.5999984741211,78.69999694824219,78.93000030517578,51.32183074951172,2362700,-0.007793874579472226,77.82800064086913,76.72600059509277,76.49160049438477,0.009041156065953937,68.24857821927623,0.9268882382540369,0.4937936005090441
2015-10-14,79.08999633789062,79.18000030517578,78.16999816894531,78.33999633789062,50.93821334838867,3349200,-0.007475028062890687,78.10800018310547,76.8645004272461,76.4802003479004,0.009113145710807156,69.18666283304246,0.9042044997531065,0.5758757803578566
2015-10-15,78.41999816894531,79.41000366210938,78.3499984741211,79.41000366210938,51.63394165039063,2533600,0.013658506181231767,78.45800018310547,77.01350059509278,76.5006004333496,0.0092518471173574,71.68417273871314,0.9614847247997176,0.6529975692462289
2015-10-16,79.45999908447266,80.1500015258789,79.43000030517578,80.01000213623047,52.024070739746094,2875000,0.007555703896880539,78.81300048828125,77.19900054931641,76.53080047607422,0.009290788568384273,82.97863433338232,1.043268429255562,0.7310517412480956
2015-10-19,79.9800033569336,81.12999725341797,79.87000274658203,81.12999725341797,52.752323150634766,3146100,0.01399818881744963,79.15100021362305,77.40800056457519,76.57760040283203,0.009557133566823636,83.5852154805562,1.1847992221034076,0.821801237419158
2015-10-20,80.9800033569336,81.31999969482422,80.76000213623047,81.0999984741211,52.73281097412109,2781500,-0.00036976186752690765,79.50400009155274,77.66400032043457,76.6288003540039,0.00889505746789563,82.10153239490224,1.279790120463602,0.9133990140280468
2015-10-21,81.25,81.48999786376953,80.73999786376953,80.80000305175781,52.53775405883789,3460600,-0.0036990804933123567,79.73800048828124,77.91900062561035,76.66360046386718,0.008895629308556465,78.46328747413203,1.315697427418101,0.9938586967060576
2015-10-22,80.95999908447266,81.7699966430664,80.80999755859375,81.51000213623047,52.99940872192383,3504200,0.008787117050204296,79.9770004272461,78.2450008392334,76.70760055541992,0.008448784945747792,78.85710997295276,1.3854743335948854,1.0721818240838232
2015-10-23,81.54000091552734,81.68000030517578,80.2300033569336,80.72000122070312,52.4857292175293,3421300,-0.00969207330171562,80.15000076293946,78.5165008544922,76.7340005493164,0.009003326536243169,67.99997410634523,1.361333952482255,1.1300122497635097
2015-10-26,80.75,80.94000244140625,80.05000305175781,80.69999694824219,52.47270965576172,3280000,-0.0002478229950250155,80.26500015258789,78.84550056457519,76.75140045166016,0.007877896216842588,69.34480726158199,1.3253109888218262,1.1690719975751729
2015-10-27,80.69000244140625,80.87999725341797,80.2699966430664,80.66999816894531,52.45318984985352,7135300,-0.00037173209952057196,80.43899993896484,79.133500289917,76.75460037231446,0.007794330494180727,65.28349511899398,1.2795915449978565,1.1911759070597097
2015-10-28,80.66999816894531,81.26000213623047,79.25,80.73999786376953,52.49873352050781,4576600,0.0008677289749978723,80.67900009155274,79.3935001373291,76.75480026245117,0.007738728155952023,62.19873150105708,1.2347732493383035,1.1998953755154285
2015-10-29,80.5,80.73999786376953,80.08999633789062,80.62999725341797,52.42720413208008,3283100,-0.0013624054156796683,80.80099945068359,79.62949981689454,76.76240020751953,0.00779972040428863,62.38668292424323,1.1768127325474893,1.1952788469218407
2015-10-30,80.63999938964844,80.80999755859375,79.81999969482422,79.88999938964844,51.94603729248047,7057100,-0.009177699230768166,80.78899917602538,79.80099983215332,76.76700012207031,0.008189496222852984,52.499971950767986,1.058959931313268,1.168015063800126
2015-11-02,80.06999969482422,81.5999984741211,79.77999877929688,81.58999633789062,53.05142211914063,6869600,0.021279220944173227,80.83499908447266,79.99299964904785,76.83520004272461,0.00865061500822656,66.87815329860086,1.090169488253764,1.1524459486908538
2015-11-03,81.41000366210938,81.48999786376953,80.44999694824219,80.7699966430664,52.51823806762695,5285300,-0.01005024796702203,80.80199890136718,80.15299949645996,76.96020004272461,0.009039002135934157,64.9815191633435,1.0367847553493448,1.129313710022552
2015-11-04,80.81999969482422,80.95999908447266,80.16999816894531,80.41000366210938,52.28416442871094,3165100,-0.0044570136921991965,80.76299896240235,80.2504997253418,77.11900009155273,0.00886625070315981,56.75677626220449,0.9544265102299363,1.094336270064029
2015-11-05,80.44000244140625,80.81999969482422,79.9800033569336,80.7300033569336,52.49224853515625,2804100,0.003979600550310769,80.68499908447265,80.33099975585938,77.24500015258789,0.008732602923527025,55.05620265100778,0.9045512054046441,1.056379257132152
2015-11-06,79.43000030517578,79.76000213623047,77.72000122070312,78.22000122070312,50.86017608642578,7070200,-0.03109131712943125,80.43499908447265,80.29249992370606,77.2920001220703,0.011311369181858029,32.902464629946905,0.6549387453960236,0.9760911547849264
2015-11-09,77.72000122070312,77.88999938964844,76.37999725341797,76.87999725341797,49.988887786865234,5919100,-0.017131218951329852,80.05299911499023,80.15899963378907,77.31440002441406,0.011752078472425589,28.513214712467928,0.345014834946042,0.8498758908171495
2015-11-10,76.87000274658203,77.94000244140625,76.8499984741211,77.76000213623047,50.56108093261719,4688800,0.01144647391065523,79.76199951171876,80.10049972534179,77.38900009155273,0.01200653030905904,35.384613127398396,0.1684649831090752,0.7135937092755347
2015-11-11,77.76000213623047,78.18000030517578,77.55999755859375,77.8499984741211,50.61960983276367,2228400,0.0011573602805843297,79.4729995727539,80.07599983215331,77.49360000610352,0.011904036287759774,31.288322500319836,0.03540181579663226,0.5779553305797542
2015-11-12,77.63999938964844,78.01000213623047,77.18000030517578,77.31999969482422,50.27497482299805,3212200,-0.00680794848664068,79.14199981689453,79.97149963378907,77.57259994506836,0.011519307908700942,32.14284283201302,-0.11153249786269726,0.44005776489126397
2015-11-13,77.36000061035156,77.75,76.37999725341797,76.44000244140625,49.70279312133789,4250100,-0.011381237155861923,78.79700012207032,79.79299964904786,77.63,0.011534007099861947,29.479774734183692,-0.2955801598586021,0.2929301799412908
2015-11-16,76.2699966430664,77.31999969482422,76.12000274658203,77.31999969482422,50.27497482299805,3117900,0.011512260927680096,78.37000045776367,79.60249977111816,77.73240005493165,0.011362191114230319,35.08458582126816,-0.3662094000686693,0.16110226393929877
2015-11-17,77.11000061035156,77.9800033569336,77.02999877929688,77.31999969482422,50.27497482299805,3845600,0.0,78.02500076293946,79.41349983215332,77.81300003051757,0.011365866811464804,34.677411636342754,-0.4173723728820562,0.04540733657502777
2015-11-18,77.41000366210938,78.05000305175781,76.91999816894531,78.0,50.71714401245117,3429200,0.008794623743658692,77.78400039672852,79.27349967956543,77.92400009155273,0.011626544090925476,38.789429147698854,-0.39845590418470067,-0.04336531157691793
2015-11-19,78.0999984741211,78.62999725341797,77.88999938964844,78.23999786376953,50.87318420410156,3628100,0.0030768956893529875,77.53499984741211,79.10999946594238,78.0366000366211,0.011423874921461531,42.65359183171563,-0.3599493722928173,-0.1066821237200978
2015-11-20,78.7300033569336,79.30999755859375,78.5,79.22000122070312,51.51041412353516,3964600,0.012525605619774671,77.6349998474121,79.03499946594238,78.14100006103516,0.011711385255042284,38.725041123256524,-0.2475015439350301,-0.13484600776308425
2015-11-23,79.26000213623047,79.69000244140625,79.11000061035156,79.38999938964844,51.62093734741211,2370000,0.002145899600174195,77.88600006103516,78.9694995880127,78.24800003051757,0.011730315433058608,43.00203734382363,-0.14301975560283609,-0.13648075733103462
2015-11-24,78.95999908447266,79.12999725341797,78.31999969482422,78.97000122070312,51.34785079956055,3498900,-0.005290315810231316,78.00699996948242,78.88449974060059,78.33200012207031,0.011773398323156156,42.74192183868442,-0.09303507730282945,-0.1277916213253936
2015-11-25,79.01000213623047,79.4800033569336,78.93000030517578,79.29000091552734,51.555908203125,1959700,0.0040521677836864445,78.15100021362305,78.81199989318847,78.40640014648437,0.011821395989984754,42.74192183868442,-0.027286022326222792,-0.10769050152555944
2015-11-27,79.26000213623047,80.2300033569336,79.23999786376953,79.9800033569336,52.00456619262695,1348700,0.008702263002132504,78.41700057983398,78.77950019836426,78.47740020751954,0.012010650578474147,60.86421276407365,0.0795806516545241,-0.07023627088954273
2015-11-30,80.2699966430664,80.45999908447266,79.18000030517578,79.38999938964844,51.62093734741211,7609800,-0.0073768935048939,78.71200027465821,78.75450019836425,78.53920013427734,0.01194746007439605,67.07484800893522,0.1153353572217668,-0.03312194526728083
2015-12-01,79.5,80.5199966430664,79.41999816894531,80.48999786376953,52.33617782592773,3847300,0.013855630212594727,79.02900009155273,78.6995002746582,78.61000015258789,0.011343591241072483,68.03169477552221,0.2297831061605109,0.019459065018277516
2015-12-02,80.26000213623047,80.37000274658203,78.7300033569336,78.8499984741211,51.269813537597656,5713500,-0.020375194846248612,79.18199996948242,78.60350036621094,78.66740005493165,0.012010821272935809,55.482459075638126,0.18600537289371744,0.05276832659336551
2015-12-03,78.7300033569336,78.8499984741211,77.4000015258789,77.61000061035156,50.46354293823242,4737300,-0.015726035355301926,79.14300003051758,78.46350021362305,78.70560012817383,0.012431903227343569,51.47508182394638,0.05066965116866129,0.05234859150842466
2015-12-04,77.68000030517578,79.29000091552734,77.6500015258789,79.08999633789062,51.42588424682617,3434100,0.019069652311556107,79.22799987792969,78.38149986267089,78.78760009765625,0.013227013234075475,62.70371887526699,0.06212229587531226,0.05430333238180218
2015-12-07,78.95999908447266,79.19000244140625,78.5199966430664,78.87000274658203,51.28282928466797,4195100,-0.0027815602667210504,79.19300003051758,78.41399993896485,78.85920013427734,0.011188476225444974,57.9324708021103,0.05283787295276454,0.054010240495994656
2015-12-08,78.44000244140625,79.08999633789062,78.36000061035156,78.80000305175781,51.23731231689453,3638600,-0.0008875325521305877,79.13400039672851,78.51000022888184,78.95280014038086,0.010405448901324449,57.52035089052348,0.03937759018755571,0.05108371043430687
2015-12-09,78.52999877929688,79.16000366210938,77.95999908447266,78.36000061035156,50.951210021972656,4218800,-0.005583787111242189,79.07300033569337,78.5400001525879,79.02180007934571,0.010225452755592904,51.875004967058466,-0.006716872720019751,0.03952359380344155
2015-12-10,78.48999786376953,78.76000213623047,77.7300033569336,77.80000305175781,50.58708572387695,3465000,-0.0071464721060731096,78.9240005493164,78.53750038146973,79.06700012207031,0.010362208569501307,47.78228209867001,-0.08742639251867956,0.014133596539017329
2015-12-11,77.62000274658203,78.01000213623047,77.16999816894531,77.66000366210938,50.49605178833008,3420800,-0.001799477945460981,78.69200057983399,78.55450057983398,79.10200012207031,0.010248435954324593,41.409692370258085,-0.16083207709050384,-0.02085953818688691
2015-12-14,77.7699966430664,78.05999755859375,77.06999969482422,78.0199966430664,50.73015594482422,4775000,0.004635500437565332,78.55500030517578,78.633500289917,79.1332000732422,0.009910333411911693,42.610542083149866,-0.18779342034434876,-0.05424631461837928
2015-12-15,78.37000274658203,79.26000213623047,78.37000274658203,78.87000274658203,51.28282928466797,3449100,0.010894721098288596,78.39300079345703,78.71100044250488,79.15560012817383,0.00987699326033679,49.4845433802345,-0.13897012921896135,-0.0711910775384957
2015-12-16,79.19999694824219,80.56999969482422,79.01000213623047,80.41000366210938,52.28416442871094,4699300,0.019525812880665683,78.54900131225585,78.86550064086914,79.21240020751954,0.010699615517671084,55.128222146921864,0.023714518106174864,-0.05220995840956159
2015-12-17,80.51000213623047,80.58999633789062,79.77999877929688,80.01000213623047,52.024070739746094,3726800,-0.004974524408178804,78.78900146484375,78.96600074768067,79.2434002685547,0.010683435757447924,50.1411044618006,0.11899479507874844,-0.017969007711899583
2015-12-18,79.91999816894531,80.05000305175781,79.08000183105469,79.08000183105469,51.41935729980469,5724400,-0.01162355056049491,78.78800201416016,79.00800094604492,79.24260025024414,0.011055917973606215,48.58706492574371,0.11810046015631315,0.009244885861742963
2015-12-21,79.5,79.87000274658203,78.95999908447266,79.38999938964844,51.62093734741211,4455300,0.003920049967323314,78.84000167846679,79.0165008544922,79.25060028076172,0.010729685724018697,44.59724906712153,0.14078304618573156,0.03555251792654068
2015-12-22,79.56999969482422,80.20999908447266,79.55999755859375,79.70999908447266,51.82900619506836,6484300,0.004030730536394689,78.93100128173828,79.03250083923339,79.25380020141601,0.010756274143066466,54.853284606164145,0.1824769790302554,0.06493741014728363
2015-12-23,78.80000305175781,79.44000244140625,78.70999908447266,79.41999816894531,52.36171340942383,4029000,-0.003638199960584787,79.03700103759766,79.05500068664551,79.2636001586914,0.010717712196298359,61.44121499491695,0.18992967983184883,0.08993586408419668
2015-12-24,79.2699966430664,79.69000244140625,78.9800033569336,79.41999816894531,52.36171340942383,1426000,0.0,79.19900054931641,79.0615005493164,79.2852001953125,0.010682059055021873,52.56611358437195,0.19360424963558387,0.11066954119447413
2015-12-28,79.16000366210938,79.87000274658203,79.01000213623047,79.86000061035156,52.651817321777344,6628800,0.005540197073163666,79.41900024414062,79.05550041198731,79.29420013427735,0.010571426823165463,57.44359125270041,0.229376779712112,0.1344109888980017
2015-12-29,80.0,80.80000305175781,79.87000274658203,80.70999908447266,53.21222305297852,3499800,0.010643607157835522,79.68800048828125,79.12150039672852,79.30820007324219,0.010678980128561558,62.85327021712455,0.322595856428876,0.17204796240417658
2015-12-30,80.6500015258789,80.91000366210938,80.37000274658203,80.43000030517578,53.027626037597656,3114300,-0.003469195669347225,79.84400024414063,79.11850051879883,79.29420013427735,0.010265623160330648,64.23659319566835,0.36961835458011194,0.21156204083936367
2015-12-31,80.38999938964844,80.63999938964844,79.72000122070312,79.7300033569336,52.56612777709961,3292400,-0.008703182215419436,79.77600021362305,79.16250076293946,79.26680023193359,0.009335176954298573,63.02295100196346,0.34640695578377745,0.23853102382824645
2016-01-04,79.06999969482422,79.0999984741211,78.04000091552734,78.7699966430664,51.93317794799805,8843700,-0.012040720850963083,79.65199966430664,79.22050056457519,79.22620010375977,0.009027330888273368,56.74357550548194,0.24769199715014167,0.2403632184926255
2016-01-05,78.80000305175781,80.54000091552734,78.7300033569336,80.29000091552734,52.93531036376953,7114700,0.01929674161785977,79.7729995727539,79.28050079345704,79.2018000793457,0.009051655394693027,62.08733083733084,0.28878241884829947,0.2500470585637603
2016-01-06,79.56999969482422,80.19000244140625,79.52999877929688,80.06999969482422,52.79026794433594,5481200,-0.002740082428627555,79.84099960327148,79.34050064086914,79.18880004882813,0.009050798258134285,56.84929001421365,0.3001348465175653,0.2600646161545213
2016-01-07,79.0999984741211,79.43000030517578,78.43000030517578,78.51000213623047,51.76176452636719,6297500,-0.019482921999993352,79.72099990844727,79.32600059509278,79.1450001525879,0.010124123880086603,39.17995365015862,0.18116460886044194,0.24428461469570545
2016-01-08,79.04000091552734,79.0999984741211,77.33000183105469,77.45999908447266,51.06949615478516,4628600,-0.01337413097933493,79.525,79.28100051879883,79.08080017089844,0.010488086332445292,36.47931651038422,0.0021288275488728914,0.19585345726633896
2016-01-11,77.52999877929688,78.36000061035156,77.5,77.9000015258789,51.35958099365234,4956800,0.005680382734402301,79.37300033569336,79.28600044250489,79.02400024414062,0.0104540149798512,43.400453154802285,-0.10306572177165663,0.13606962145873985
2016-01-12,78.30999755859375,78.41000366210938,76.9800033569336,77.37999725341797,51.0167350769043,5951900,-0.006675279361685105,79.125,79.27200012207031,78.95900024414063,0.010557378958124983,39.01640191743426,-0.22579038788266814,0.06369761959045826
2016-01-13,77.62999725341797,78.19999694824219,76.0999984741211,76.2699966430664,50.284934997558594,7679400,-0.014344800332782848,78.68099975585938,79.18450012207032,78.88660018920899,0.010952365632858199,32.696195594608156,-0.40791613921840053,-0.03062513217131349
2016-01-14,76.16999816894531,76.77999877929688,75.5199966430664,76.08999633789062,50.166259765625,5167500,-0.002360040816812403,78.24699935913085,79.04549980163574,78.77660018920898,0.010584693747427093,33.06207506752352,-0.560317636669609,-0.1365636330709726
2016-01-15,75.13999938964844,75.76000213623047,74.55000305175781,75.56999969482422,49.82341003417969,5571400,-0.006833968564767368,77.83099899291992,78.80349960327149,78.67260025024414,0.00936870383459027,31.40099823307881,-0.7148163468071118,-0.2522141758182005
2016-01-19,75.91999816894531,76.55999755859375,75.56999969482422,75.97000122070312,50.08713150024414,4978100,0.0052931259427582145,77.55099945068359,78.60149955749512,78.58380020141601,0.009537916625267802,31.13484697569993,-0.7958073359124569,-0.3609328078370518
2016-01-20,75.0999984741211,75.30000305175781,72.33000183105469,73.93000030517578,48.74216842651367,9091600,-0.026852716634831464,76.91499938964844,78.34399948120117,78.44780014038086,0.010822351194325204,20.521783551047207,-1.0129279008557148,-0.49133182644078444
2016-01-21,74.27999877929688,75.38999938964844,73.68000030517578,74.33999633789062,49.01247787475586,6849300,0.005545732869233433,76.34199905395508,78.09149932861328,78.3702000427246,0.01088539846870795,23.8177239238006,-1.1387870314538873,-0.6208228674434051
2016-01-22,75.05999755859375,76.69999694824219,74.94000244140625,76.41000366210938,50.377227783203125,4542700,0.02784513621456397,76.13199920654297,77.92649955749512,78.36080017089844,0.012846587004432402,37.23079288636506,-1.0592881930224252,-0.7085159325592092
2016-01-25,76.25,77.06999969482422,75.7300033569336,75.93000030517578,50.06077194213867,4670100,-0.006281943906928822,75.97899932861328,77.75199966430664,78.32420013427735,0.01287753207917637,38.65817928317929,-1.0232219840577557,-0.7714571428589185
2016-01-26,76.27999877929688,77.55000305175781,76.12999725341797,77.5199966430664,51.10904693603516,5214000,0.020940291472410832,75.94099884033203,77.6569995880127,78.31760009765625,0.013875494751917144,38.999198884012706,-0.8564670186376588,-0.7884591180146666
2016-01-27,77.41999816894531,77.41999816894531,75.54000091552734,76.0199966430664,50.1201057434082,4883200,-0.019349846039166008,75.80499877929688,77.46499938964844,78.29160003662109,0.014354746834045336,35.400144116789605,-0.8357163532100884,-0.797910565053751
2016-01-28,76.45999908447266,76.73999786376953,75.1500015258789,75.44000244140625,49.73770523071289,5584400,-0.00762949522851708,75.72199935913086,77.20149955749511,78.2716000366211,0.014061852539645535,38.09155150075257,-0.8562022199937331,-0.8095688960417474
2016-01-29,75.9000015258789,77.06999969482422,75.33000183105469,76.98999786376953,50.75962066650391,11112200,0.020546068030248943,75.81199951171875,77.02949943542481,78.265,0.015036159602202885,48.24495428630686,-0.7388487517867901,-0.795424867190756
2016-02-01,76.5199966430664,77.7699966430664,76.2699966430664,77.12000274658203,50.84534454345703,6925300,0.0016885944462881053,75.96699981689453,76.89899940490723,78.26100006103516,0.01497452346546064,47.018353707546915,-0.6281144626619692,-0.7619627862849987
2016-02-02,76.75,77.0,75.98999786376953,76.41999816894531,50.3838119506836,6406000,-0.009076822519534233,76.01199951171876,76.78149948120117,78.22940002441406,0.01487967140132297,46.380094533131185,-0.5900396501658349,-0.727578159061166
2016-02-03,76.80999755859375,77.2300033569336,75.9800033569336,76.93000030517578,50.72008514404297,5729100,0.006673673756220078,76.31199951171875,76.61349945068359,78.20320007324219,0.01420774490318897,52.606648780381974,-0.5128009269420346,-0.6846227126373398
2016-02-04,76.87999725341797,77.38999938964844,76.18000030517578,76.97000122070312,50.74644088745117,4286700,0.0005199651029332841,76.575,76.45849952697753,78.15820007324218,0.014217980884027225,53.51439529756457,-0.443251416317878,-0.6363484533734475
2016-02-05,76.80999755859375,76.80999755859375,75.44000244140625,75.51000213623047,49.783878326416016,4033800,-0.018968417062723786,76.48499984741211,76.30849952697754,78.08060012817383,0.014184874957721255,49.777126565130395,-0.5001769242333296,-0.6091141475454239
2016-02-08,75.0199966430664,75.12000274658203,72.19000244140625,73.3499984741211,48.359745025634766,5440900,-0.028605530406586754,76.22699966430665,76.10299949645996,77.96820007324219,0.015208089672424752,41.39290005549103,-0.711384643660324,-0.629568246768404
2016-02-09,72.61000061035156,72.80000305175781,71.44000244140625,72.0,47.46969985961914,8405600,-0.018404887555619975,75.675,75.80799942016601,77.82240005493163,0.015468246464305922,43.35857035816132,-0.9764460155781904,-0.6989438005303613
2016-02-10,72.47000122070312,73.4800033569336,72.18000030517578,72.5,47.79935836791992,3877700,0.00694444444444442,75.32300033569337,75.56399955749512,77.67279998779297,0.015634675307921276,43.70726733233348,-1.1331015518035485,-0.7857753507849988
2016-02-11,71.4800033569336,71.94999694824219,70.88999938964844,71.47000122070312,47.12028121948242,4930700,-0.01420687971443968,74.92600021362304,75.32399978637696,77.51440002441406,0.015629500566557764,31.811480945056005,-1.3250896773735548,-0.8936382161027101
2016-02-12,72.12999725341797,72.48999786376953,71.55000305175781,72.29000091552734,47.66091537475586,5067000,0.011473340993685133,74.45600051879883,75.13400001525879,77.35040008544922,0.015967737940126916,36.92528782881215,-1.3949939063398915,-0.9939093541501465
2016-02-16,72.8499984741211,73.69999694824219,72.51000213623047,73.62000274658203,48.53777313232422,3888900,0.018398143784903676,74.10600051879882,75.03650016784668,77.24580017089843,0.016586839570611762,35.724769945331985,-1.3277677982796376,-1.0606810429760447
2016-02-17,73.69000244140625,75.08999633789062,73.69000244140625,74.25,48.95313262939453,3060900,0.008557419585904835,73.8890007019043,74.95050010681152,77.17860015869141,0.01666969337582769,43.0805452839429,-1.2097103224807881,-1.0904868988769936
2016-02-18,74.41000366210938,75.19999694824219,73.94999694824219,75.0,49.44761276245117,3539700,0.010101010101010166,73.69600067138671,75.00400009155274,77.0968002319336,0.01567295039343382,48.302460596199204,-1.0436002166841973,-1.0811095624384344
2016-02-19,74.73999786376953,75.75,74.48999786376953,75.43000030517578,49.73111343383789,2885500,0.00573333740234383,73.54200057983398,75.05850028991699,77.02800018310546,0.015675973678246847,43.412178924591494,-0.8672620727932383,-1.0383400645093952
2016-02-22,76.02999877929688,76.70999908447266,76.0,76.1500015258789,50.20580291748047,2966500,0.00954528990839365,73.60600051879882,75.04550018310547,76.9750001525879,0.014507576873284208,46.098147218372404,-0.6617860840728014,-0.9630292684220765
2016-02-23,76.08000183105469,76.8499984741211,75.83000183105469,75.94999694824219,50.07394790649414,2608300,-0.002626455333277322,73.86600036621094,75.04650001525879,76.9268000793457,0.014448102871197509,48.03017222083661,-0.5092136821908042,-0.8722661511758221
2016-02-24,75.62000274658203,76.0199966430664,75.08000183105469,75.86000061035156,50.01460647583008,2997500,-0.0011849419553230378,74.25200042724609,74.96350021362305,76.88800003051757,0.013591063618319629,45.35187012930197,-0.39105309020968093,-0.7760235389825939
2016-02-25,76.19999694824219,77.44999694824219,76.19999694824219,77.41000366210938,51.03654098510742,3399900,0.02043241549284014,74.74300079345703,75.03300056457519,76.88300003051758,0.013674051690734875,51.68971696244722,-0.17037371526704703,-0.6548935742394846
2016-02-26,77.33000183105469,77.68000030517578,76.9800033569336,77.01000213623047,50.77280807495117,3180500,-0.005167310514864409,75.29700088500977,75.1115005493164,76.86280014038086,0.013603212873133591,56.27089948980048,-0.02744414191751332,-0.5294036877750903
2016-02-29,76.93000030517578,77.77999877929688,76.58999633789062,76.70999908447266,50.57501983642578,5057700,-0.0038956374942972216,75.7390007019043,75.09750061035156,76.81960006713867,0.012842667257596262,66.63365633601947,0.06091860392172066,-0.4113392294357281
2016-03-01,76.77999877929688,78.87999725341797,76.63999938964844,78.87000274658203,51.99911117553711,5309500,0.028158045729224757,76.2640007019043,75.18500061035157,76.78880004882812,0.014316383187233985,81.48485626193622,0.3017624307854305,-0.2687188973914964
2016-03-02,78.55999755859375,79.4800033569336,78.41000366210938,79.44000244140625,52.374908447265625,3621700,0.007227078419861144,76.78300094604492,75.33600082397462,76.77740005493165,0.014162565500155832,81.6028938862068,0.5324889097582428,-0.10847733596154856
2016-03-03,79.47000122070312,79.86000061035156,79.05999755859375,79.86000061035156,52.651817321777344,2907800,0.0052869858514303925,77.26900100708008,75.4825008392334,76.79300003051758,0.014142041673422449,90.4531870531438,0.7406933963934677,0.061356810509454685
2016-03-04,79.7300033569336,79.94000244140625,79.29000091552734,79.87000274658203,52.65840911865234,2740000,0.00012524588221918265,77.7130012512207,75.62750091552735,76.80260009765625,0.014144440934858461,89.64430788875144,0.8961735105061734,0.22832015050879845
2016-03-07,79.45999908447266,80.26000213623047,79.31999969482422,80.08000183105469,52.796875,3504600,0.002629261014788664,78.10600128173829,75.85600090026855,76.81000015258789,0.013260475841578617,88.27009109160777,1.0245276749056274,0.38756165538816423
2016-03-08,79.97000122070312,80.04000091552734,79.16000366210938,79.26000213623047,52.25624084472656,2829000,-0.010239756194738603,78.4370018005371,76.15150108337403,76.8068002319336,0.01146969684797919,79.02662150920344,1.0480014442935044,0.5196496131692323
2016-03-09,79.51000213623047,80.12000274658203,79.33000183105469,79.69999694824219,52.54632186889648,3566700,0.0055512843824487845,78.82100143432618,76.53650093078613,76.81240020751953,0.010192685500782962,78.24514910318013,1.0895488389967056,0.6336294583347271
2016-03-10,80.25,80.41000366210938,78.52999877929688,79.41000366210938,52.35514068603516,2472500,-0.003638560818529757,79.02100143432617,76.8820011138916,76.80340026855468,0.010367402902925755,74.32764797340718,1.086550338072712,0.7242136342823241
2016-03-11,80.20999908447266,81.2699966430664,80.02999877929688,81.19000244140625,53.5286979675293,2520900,0.0224152965270068,79.43900146484376,77.36800117492676,76.81300033569336,0.010099127160450866,77.27273853216691,1.2138129497932795,0.8221334973845151
2016-03-14,81.06999969482422,81.27999877929688,80.75,81.19999694824219,53.5352897644043,2593900,0.00012310021597983223,79.8880012512207,77.8135009765625,76.82840026855469,0.010120523228474364,79.00556398583713,1.3004847806063395,0.91780375402888
2016-03-15,80.86000061035156,81.41000366210938,80.69000244140625,81.23999786376953,53.5616455078125,1898100,0.0004926221309200507,80.12500076293945,78.19450073242187,76.8586001586914,0.009739343034799354,79.88889896723342,1.3567606780021748,1.0055951388235391
2016-03-16,81.01000213623047,82.3499984741211,80.72000122070312,82.22000122070312,54.207767486572266,3439600,0.012063064779703092,80.40300064086914,78.59300079345704,76.92760025024414,0.009838136404793318,78.52907317708899,1.4635667266232133,1.0971894563834739
2016-03-17,82.3499984741211,83.55999755859375,81.9800033569336,83.37999725341797,54.97255706787109,5526400,0.0141084409570984,80.75500030517578,79.01200065612792,76.98940017700195,0.00998386901823228,84.65725789714001,1.6231031522081452,1.2023721955484081
2016-03-18,83.54000091552734,83.75,83.0199966430664,83.0199966430664,54.73520660400391,3281800,-0.004317589616336992,81.06999969482422,79.39150047302246,77.0484001159668,0.010214228901269449,84.10815117608342,1.7008811788097944,1.3020739922006854
2016-03-21,81.95999908447266,82.22000122070312,81.22000122070312,81.36000061035156,54.24120330810547,4343000,-0.019995134905290146,81.1979995727539,79.6520004272461,77.10540008544922,0.01154884754904074,64.22859644059477,1.6100137818986724,1.363661950140283
2016-03-22,81.19999694824219,81.61000061035156,80.87999725341797,81.36000061035156,54.24120330810547,4791300,0.0,81.40799942016602,79.92250061035156,77.18340011596679,0.011491776227245641,61.7359625281906,1.5204736415050775,1.395024288413242
2016-03-23,81.36000061035156,81.44999694824219,80.87000274658203,80.91999816894531,53.94786834716797,2837500,-0.005408092897067451,81.52999954223633,80.17550048828124,77.24380004882812,0.011620636427897008,56.46341418028486,1.397893865055977,1.3955982037417891
2016-03-24,80.77999877929688,81.0199966430664,80.2300033569336,80.94999694824219,53.96785354614258,2839400,0.0003707214529866665,81.6839988708496,80.3525001525879,77.31520004272461,0.01090770677981504,56.56932511237608,1.2883182292627708,1.3741422088459854
2016-03-28,80.93000030517578,81.86000061035156,80.91000366210938,81.68000030517578,54.45454406738281,3885100,0.009017954100731362,81.73299865722656,80.58600006103515,77.4234001159668,0.010858054821018698,59.15332756617465,1.2460205689606738,1.348517880868923
2016-03-29,81.77999877929688,83.48999786376953,81.52999877929688,83.44999694824219,55.63455581665039,5022700,0.02166989026020172,81.95799865722657,80.92299995422363,77.57060012817382,0.011489571664178825,71.62024588905467,1.339878025219761,1.346789909739091
2016-03-30,83.66000366210938,83.83999633789062,83.22000122070312,83.29000091552734,55.52789688110352,3503100,-0.0019172682871885227,82.16299896240234,81.1439998626709,77.7250001525879,0.010082119650298876,69.07551170153683,1.38538058776777,1.3545080453448268
2016-03-31,83.27999877929688,83.91000366210938,83.11000061035156,83.80000305175781,55.867919921875,7533800,0.006123209636504923,82.32099914550781,81.36199989318848,77.88160018920898,0.010059479164458533,72.79337549179147,1.4459268617395225,1.372791808623766
2016-04-01,83.62999725341797,83.83000183105469,83.16999816894531,83.69000244140625,55.79457092285156,5267300,-0.0013126564003060892,82.35199966430665,81.55349998474121,78.07680023193359,0.010079172064248309,65.70353444541144,1.4681106247179514,1.3918555718426031
2016-04-04,83.86000061035156,83.94000244140625,83.27999877929688,83.56999969482422,55.71456909179688,6908900,-0.001433895842768651,82.40699996948243,81.73849983215332,78.26140029907226,0.010103635401906242,64.68403244241793,1.459187591714823,1.4053219758170472
2016-04-05,83.19999694824219,83.41999816894531,82.80999755859375,83.0199966430664,55.34788513183594,3251300,-0.006581345623624224,82.5729995727539,81.8854995727539,78.39360015869141,0.010296631287023275,60.37295104561807,1.3916928056979003,1.402596141793218
2016-04-06,83.05000305175781,83.26000213623047,82.58999633789062,83.22000122070312,55.48121643066406,2940500,0.0024091132946753024,82.75899963378906,82.08349952697753,78.53940017700195,0.00989531240818756,56.410253902238146,1.3389073093913026,1.389858375312835
2016-04-07,83.0199966430664,83.22000122070312,82.33000183105469,82.69999694824219,55.134552001953125,2339400,-0.006248549204918463,82.93699951171875,82.23349952697754,78.64300018310547,0.010053502411190934,45.25140200558991,1.2408111260557178,1.3600489254614117
2016-04-08,83.12999725341797,83.5,82.94999694824219,83.16000366210938,55.44121170043945,3370300,0.005562354665564095,83.15800018310547,82.42099952697754,78.78580032348633,0.009997222136957546,50.96423335802897,1.186510536502368,1.325341247669603
2016-04-11,83.31999969482422,83.55999755859375,82.97000122070312,82.98999786376953,55.32786560058594,2848100,-0.0020443216793327723,83.28899993896485,82.5109992980957,78.93680023193359,0.008843880747478487,64.12469307367951,1.1168841358565231,1.283649825306987
2016-04-12,83.16999816894531,83.79000091552734,82.95999908447266,83.58999633789062,55.72789001464844,2504600,0.0072297685210933604,83.3029998779297,82.63049926757813,79.06880020141601,0.008943331524635754,67.50382067042585,1.0974686388603772,1.246413588017665
2016-04-13,83.83000183105469,83.87000274658203,82.94000244140625,83.22000122070312,55.48121643066406,2827000,-0.004426308570368742,83.29599990844727,82.7294994354248,79.19080017089844,0.009039308265908876,68.25393942036146,1.0402350220209797,1.205177874818328
2016-04-14,83.16999816894531,83.2300033569336,82.54000091552734,82.76000213623047,55.17455291748047,2044200,-0.0055275063413267045,83.19199981689454,82.75649948120117,79.31760025024414,0.0087833088855709,63.447252461975,0.9468442553994549,1.1535111509345533
2016-04-15,82.91999816894531,83.58000183105469,82.5,83.37999725341797,55.587890625,2429100,0.007491482614595979,83.1609992980957,82.75649948120117,79.44660018920898,0.008352387380046929,62.839835979799425,0.9123429033730446,1.1052775014222516
2016-04-18,83.25,83.79000091552734,83.13999938964844,83.77999877929688,55.85456466674805,2347400,0.004797331962762996,83.18199920654297,82.7944995880127,79.58280014038085,0.008351175774822533,53.14286544693589,0.9068238130706305,1.0655867637519274
2016-04-19,84.01000213623047,84.01000213623047,83.4800033569336,83.81999969482422,55.88123321533203,3137200,0.0004774518513985804,83.26199951171876,82.91749954223633,79.74900009155273,0.006823146634661986,55.16565982849546,0.8953565211883614,1.0315407152392142
2016-04-20,83.83000183105469,84.0,82.33000183105469,82.4000015258789,54.93453979492188,4085800,-0.016941042401757422,83.17999954223633,82.9694995880127,79.9300001525879,0.00797511183193995,38.410614429874805,0.7628924753682753,0.9778110672650264
2016-04-21,82.36000061035156,82.52999877929688,80.68000030517578,80.93000030517578,53.95452117919922,5046100,-0.017839820309244137,83.00299987792968,82.96999969482422,80.1086001586914,0.008903797528700432,31.35137921613304,0.5331511173008181,0.8888790772721847
2016-04-22,80.93000030517578,81.94999694824219,80.80999755859375,81.80999755859375,54.54122543334961,3124400,0.010873560485600064,82.86799926757813,83.0129997253418,80.29480010986327,0.009227919190999839,39.21568810779123,0.41727774168244025,0.7945588101542359
2016-04-25,81.55000305175781,82.5,81.52999877929688,82.48999786376953,54.99452972412109,2385600,0.008311946283689364,82.81799926757813,83.05349960327149,80.51520004272462,0.009195189779539538,46.80338822074236,0.37598349462585645,0.7108437470485601
2016-04-26,82.79000091552734,83.27999877929688,82.51000213623047,82.80999755859375,55.20786666870117,3190800,0.003879254492801465,82.73999938964843,83.02149963378906,80.72559997558594,0.007797120150439568,47.56240497280272,0.3648727810532364,0.6416495538494954
2016-04-27,82.79000091552734,82.91999816894531,81.86000061035156,82.76000213623047,55.17455291748047,3244500,-0.000603736551590961,82.69399948120117,82.99499969482422,80.90839996337891,0.007788803550434601,50.37786666999773,0.3480214728399744,0.5829239376475912
2016-04-28,82.26000213623047,83.08999633789062,81.94000244140625,82.58999633789062,55.06122970581055,2870600,-0.0020542024402077086,82.67699890136718,82.93449935913085,81.07519989013672,0.007647773566949158,46.27445896080582,0.3172911081575762,0.5297973717495882
2016-04-29,82.19000244140625,82.37000274658203,81.02999877929688,81.83000183105469,54.55455017089844,4117300,-0.009202016473359054,82.52199935913086,82.84149932861328,81.2117999267578,0.007880996799082841,42.96117426259061,0.22897241610145613,0.4696323806199618
2016-05-02,81.77999877929688,83.30999755859375,81.77999877929688,83.0999984741211,55.4012336730957,4008000,0.015519939076726663,82.45399932861328,82.81799926757813,81.36519989013672,0.008710585752946799,47.250286638084205,0.25847776090493824,0.4274014566769571
2016-05-03,83.06999969482422,83.29000091552734,82.58999633789062,83.2300033569336,55.48790740966797,3305700,0.0015644390517406404,82.39499969482422,82.82849960327148,81.50679992675781,0.008588341063405336,50.05768250948396,0.2890196284151614,0.39972509102459797
2016-05-04,82.70999908447266,84.58000183105469,82.70999908447266,84.41999816894531,56.28123474121094,4138600,0.014297666274365017,82.59699935913086,82.8884994506836,81.67619995117188,0.00914545044623235,58.82977903130897,0.4045831320846247,0.40069669923660334
2016-05-05,84.52999877929688,84.81999969482422,84.12999725341797,84.66000366210938,56.441253662109375,3324300,0.0028429933471894042,82.96999969482422,82.98649978637695,81.85220001220704,0.009003821226072886,57.095381846263415,0.5096594420257929,0.4224892477944413
2016-05-06,84.6500015258789,85.66000366210938,84.26000213623047,85.58999633789062,57.06124496459961,3499300,0.01098502994983308,83.3479995727539,83.10799942016601,82.01579986572266,0.009220800509121392,59.47643912134827,0.660363551392166,0.4700641085139863
2016-05-09,85.86000061035156,86.66999816894531,85.62000274658203,86.52999877929688,57.68793487548828,4568700,0.010982620418574784,83.75199966430664,83.28499946594238,82.20619979858398,0.00941664931242955,62.96651604985322,0.8458970107356407,0.5452306889583172
2016-05-10,86.72000122070312,86.81999969482422,86.22000122070312,86.5199966430664,57.6812858581543,4034800,-0.00011559154480034195,84.12299957275391,83.43149948120117,82.40239974975586,0.009350409380965888,72.78760053675869,0.9808202399722603,0.6323485991611059
2016-05-11,86.47000122070312,86.47000122070312,84.33999633789062,84.66999816894531,56.44791030883789,4063900,-0.02138232253698713,84.31399917602539,83.50399932861328,82.51839965820312,0.010623426819101636,69.85138864028988,0.927773658219536,0.691433610972792
2016-05-12,84.7699966430664,85.44000244140625,84.08000183105469,85.16000366210938,56.77458190917969,3471000,0.005787238735807332,84.57099990844726,83.62399940490722,82.63279968261719,0.010563226594803451,68.54931648050828,0.9147287841275755,0.7360926456037487
2016-05-13,84.93000030517578,84.93000030517578,83.80999755859375,84.4000015258789,56.26791000366211,3991500,-0.008924402343216675,84.82799987792968,83.67499961853028,82.72359970092774,0.010708608258858943,60.48300512701978,0.8334572304915184,0.7555655625813026
2016-05-16,84.38999938964844,85.44999694824219,84.31999969482422,85.19999694824219,56.80123901367188,3374900,0.009478618577014819,85.03799972534179,83.74599952697754,82.83019958496094,0.01085391015764002,62.46089834364907,0.8241021468855081,0.7692728794421437
2016-05-17,84.98999786376953,84.98999786376953,83.16000366210938,83.62000274658203,55.74790191650391,4308300,-0.018544533547577235,85.07699966430664,83.73599967956542,82.90099960327149,0.011693544864285008,53.86691091717438,0.6813417644761728,0.7516866564489496
2016-05-18,83.2699966430664,83.36000061035156,81.37000274658203,82.30999755859375,54.87453079223633,4708500,-0.01566617011432503,84.86599960327149,83.73149948120117,82.96199951171874,0.01159974542377218,48.85807950753668,0.4572260451481185,0.6927945341887835
2016-05-19,81.79000091552734,81.9800033569336,80.95999908447266,81.38999938964844,54.26118850708008,4316000,-0.011177234798122715,84.53899917602538,83.7544994354248,82.99579956054687,0.011146990958953482,48.22865335638123,0.20303608581399146,0.5948428445138251
2016-05-20,81.69999694824219,82.19000244140625,81.55000305175781,82.04000091552734,54.69454574584961,3296100,0.007986257903346061,84.18399963378906,83.76599960327148,83.04839950561524,0.011021416017230189,45.50848608282417,0.0534225802996815,0.4865587916709964
2016-05-23,82.18000030517578,82.36000061035156,81.8499984741211,82.05000305175781,54.70121765136719,2744000,0.00012191779764569866,83.73600006103516,83.7439998626709,83.06559951782226,0.010854979915751004,44.94862896256567,-0.06360689127635055,0.3765256550815271
2016-05-24,82.55999755859375,83.20999908447266,82.26000213623047,83.06999969482422,55.381229400634766,2998500,0.012431402865676677,83.39100036621093,83.75699996948242,83.1029995727539,0.011187935274374266,44.13554203490696,-0.07320452977334924,0.2865796181105519
2016-05-25,83.29000091552734,83.29000091552734,82.25,83.06999969482422,55.381229400634766,3250000,0.0,83.23100051879882,83.7724998474121,83.139599609375,0.011186420347638452,42.94585429950697,-0.07988980745875551,0.21328573299669043
2016-05-26,82.91000366210938,83.4800033569336,82.72000122070312,83.2300033569336,55.48790740966797,3053400,0.0019261305248245986,83.03800048828126,83.80450019836425,83.15979965209961,0.011178737150474965,38.761946351589856,-0.07145331057724036,0.15633792428190427
2016-05-27,83.37000274658203,84.02999877929688,83.29000091552734,83.68000030517578,55.78791046142578,3006900,0.005406667428720091,82.96600036621093,83.89700012207031,83.16579971313476,0.010990867381247337,35.76424642405553,-0.028132044379205468,0.11944393054968233
2016-05-31,83.55000305175781,83.91999816894531,83.16000366210938,83.66999816894531,55.78123092651367,4810900,-0.00011952839619966404,82.81300048828125,83.92550010681153,83.17879974365235,0.010460163407585007,35.76424642405553,0.0053318204855088425,0.09662150853684764
2016-06-01,83.37999725341797,83.94999694824219,83.30000305175781,83.73999786376953,55.82789993286133,4417500,0.0008366164259125952,82.825,83.95099983215331,83.2263996887207,0.010457142949102384,44.34993969721606,0.0370732079810665,0.08471184842569142
2016-06-02,83.5,84.19999694824219,83.29000091552734,84.16999816894531,56.11457443237305,8043500,0.00513494526086955,83.01100006103516,83.93849983215333,83.28259963989258,0.010005224959641547,43.94121349422612,0.09582134836361433,0.086933748413276
2016-06-03,84.9800033569336,85.23999786376953,84.0999984741211,84.51000213623047,56.34124755859375,4295200,0.004039491204487211,83.32300033569337,83.93099975585938,83.35439971923829,0.010027304089112279,50.70968135710686,0.16787993610071794,0.10312298595076438
2016-06-06,84.58999633789062,84.7699966430664,83.41999816894531,83.86000061035156,55.90789031982422,3231900,-0.007691415328934692,83.50500030517578,83.84449996948243,83.41259979248046,0.009813841238485953,41.184241699024646,0.17057095934485744,0.11661258062958299
2016-06-07,84.2300033569336,84.62000274658203,83.98999786376953,84.37000274658203,56.24790954589844,2424600,0.006081589941790533,83.7370002746582,83.73650016784669,83.4663998413086,0.009557397619974546,55.74271353496078,0.21141941338821368,0.13557394718130913
2016-06-08,84.30999755859375,84.9800033569336,84.05000305175781,84.91000366210938,56.60791015625,3099000,0.006400389924714256,83.92100067138672,83.65600051879883,83.49559997558593,0.009706900838008068,72.56945916161574,0.28409084598972356,0.16527732694299202
2016-06-09,84.91000366210938,85.26000213623047,84.61000061035156,85.0999984741211,56.73458480834961,4132700,0.002237602211958345,84.1240005493164,83.67750053405761,83.53179992675781,0.008436704631424314,86.87867154664163,0.3529459323651878,0.20281104802743116
2016-06-10,84.77999877929688,85.0199966430664,84.33999633789062,84.69999694824219,56.46791076660156,2538400,-0.00470037054114103,84.27099990844727,83.65450019836426,83.5497998046875,0.008402722972300465,77.8241889788915,0.3709610956107383,0.23644105754409261
2016-06-13,84.7300033569336,85.36000061035156,84.62000274658203,84.72000122070312,56.48123550415039,3250300,0.00023617795964225863,84.375,83.67050018310547,83.57039978027343,0.008150131723150747,77.87049484260221,0.3824438452944605,0.26564161509416623
2016-06-14,84.72000122070312,85.0199966430664,84.19000244140625,84.5,56.33457946777344,3437300,-0.002596803795245517,84.45800018310547,83.63550033569337,83.58899978637696,0.007870706099840075,67.91974438744194,0.36953201225217924,0.2864196945257688
2016-06-15,84.69000244140625,85.58999633789062,84.56999969482422,85.30000305175781,56.8679313659668,2829400,0.009467491736778744,84.6140007019043,83.71950035095215,83.63459991455078,0.006901413693299542,73.27761823530629,0.41902261998318124,0.3129402796172513
2016-06-16,85.18000030517578,85.80999755859375,84.76000213623047,85.77999877929688,57.18791961669922,2827100,0.00562714783547924,84.77500076293946,83.8930004119873,83.68579986572266,0.005736235057337216,74.95099129712935,0.49131238356490314,0.34861470040678166
2016-06-17,85.83000183105469,85.83000183105469,84.9800033569336,85.63999938964844,57.0945930480957,4408400,-0.00163207497832496,84.88800048828125,84.10550041198731,83.74459991455078,0.004912963041569745,70.41661169806102,0.531182618723193,0.38512828407006394
2016-06-20,86.05000305175781,86.79000091552734,85.6500015258789,85.76000213623047,57.174591064453125,3987000,0.0014012464670396518,85.07800064086913,84.29150047302247,83.7965998840332,0.004748035807359279,71.28308717845128,0.5659394879480715,0.4212905248456655
2016-06-21,85.30999755859375,85.56999969482422,84.93000030517578,85.31999969482422,57.392539978027344,3614700,-0.005130625355014629,85.17300033569336,84.45500030517579,83.8431999206543,0.005008902081492761,64.96209877149735,0.5516212905853024,0.4473566779935929
2016-06-22,85.5,85.51000213623047,84.9800033569336,85.19000244140625,57.30510711669922,3994500,-0.0015236433882201972,85.20100021362305,84.56100044250488,83.87520004272461,0.004410866014545344,60.240984159083254,0.5237468959049636,0.46263472157586705
2016-06-23,85.58000183105469,85.94000244140625,85.44000244140625,85.62000274658203,57.59435272216797,1672700,0.005047544228814038,85.25300064086915,84.68850059509278,83.92320007324219,0.00447826078634416,60.946735767512976,0.5302413757460016,0.476156052409894
2016-06-24,84.12999725341797,85.72000122070312,83.54000091552734,84.86000061035156,57.08311462402344,5661700,-0.008876455405869565,85.26900100708008,84.77000045776367,83.9652000427246,0.005042871998557451,59.6524948671044,0.46866005562877433,0.47465685305367006
2016-06-27,84.5199966430664,85.05000305175781,83.70999908447266,84.91999816894531,57.12345886230469,4769800,0.0007070181258805874,85.2890007019043,84.83200035095214,83.99600006103516,0.0049341826848714404,55.81390097278744,0.41985785729792724,0.4636970539025215
2016-06-28,85.47000122070312,86.72000122070312,85.1500015258789,86.70999908447266,58.32754898071289,5128700,0.021078673505929624,85.51000061035157,84.98400039672852,84.05460006713867,0.006699259409414399,65.05012050098813,0.5196299076243918,0.4748836246468956
2016-06-29,87.12000274658203,87.87999725341797,87.01000213623047,87.76000213623047,59.03387451171875,4395600,0.012109365273258677,85.75600051879883,85.18500061035157,84.1334001159668,0.007076869937148906,69.44443824774075,0.6756381117796622,0.5150345220734489
2016-06-30,87.98999786376953,88.66999816894531,87.2699966430664,88.66999816894531,59.645992279052734,6555800,0.010369143237966671,86.04500045776368,85.41000061035156,84.25880004882812,0.007278382376589846,77.00678859847619,0.8627594582514462,0.5845795093090485
2016-07-01,88.97000122070312,89.4000015258789,88.44000244140625,88.69999694824219,59.66617965698242,4731800,0.00033831938554595986,86.35100021362305,85.61950035095215,84.41419998168945,0.00728777422418528,77.03801221117665,1.0019255501803457,0.668048717483308
2016-07-05,88.70999908447266,89.68000030517578,88.5999984741211,89.68000030517578,60.32539367675781,3808400,0.011048516241837447,86.74300003051758,85.91050033569336,84.57160003662109,0.007118328576221093,81.89654281432485,1.177717764066017,0.7699825267998498
2016-07-06,89.55000305175781,89.6500015258789,88.8499984741211,89.29000091552734,60.06305694580078,4577200,-0.0043487888974274025,87.14000015258789,86.15650024414063,84.70760009765625,0.007290337942593311,75.87547560028301,1.2709143590863619,0.8701688932571523
2016-07-07,89.19999694824219,89.26000213623047,87.87999725341797,88.37000274658203,59.44422149658203,5342000,-0.01030348481926524,87.45800018310547,86.32950019836426,84.81880020141601,0.007802575592387319,65.88959191640058,1.256058112544423,0.9473467371146065
2016-07-08,88.86000061035156,89.83999633789062,88.75,89.80000305175781,60.40611267089844,2663400,0.016181965154811406,87.87600021362304,86.56450042724609,84.95960021972657,0.008420831451459845,72.0339120033621,1.3441786489994314,1.0267131194915715
2016-07-11,89.87000274658203,90.58999633789062,89.33000183105469,90.4000015258789,60.80970764160156,3381400,0.006681497257581048,88.43000030517578,86.84950065612793,85.11580032348633,0.008275956390902717,73.38709801466506,1.4457638062772702,1.1105232568487113
2016-07-12,90.41000366210938,90.54000091552734,89.68000030517578,90.38999938964844,60.803016662597656,3727600,-0.00011064309802699679,88.9770004272461,87.1330005645752,85.2870002746582,0.008283061382896043,76.71233317227723,1.5080794849434795,1.190034502467665
2016-07-13,90.5999984741211,90.88999938964844,90.19000244140624,90.88999938964844,61.13932037353516,4902800,0.005531585389713545,89.39500045776367,87.45250053405762,85.44280029296876,0.008178453052404618,78.90464804970713,1.579602258998861,1.2679480537739043
2016-07-14,90.61000061035156,90.83999633789062,89.87000274658203,90.08000183105467,60.5944709777832,3060500,-0.00891184469174966,89.62700042724609,87.69150047302244,85.57980026245117,0.008519765070709421,71.77734382275949,1.553022265234219,1.3249628960659674
2016-07-15,90.06999969482422,90.18000030517578,89.45999908447266,90.11000061035156,60.61464309692383,3345600,0.0003330237420859916,89.77100067138672,87.90800056457519,85.6936003112793,0.008508369083753286,77.60253960307864,1.5168922893769405,1.363348774728162
2016-07-18,90.23999786376952,90.37999725341795,90.0,90.3499984741211,60.77608108520508,2699700,0.0026633876611243945,89.93600082397461,88.14350051879883,85.80740020751954,0.00845261964165319,78.01859242713286,1.4904439351526975,1.3887678068130693
2016-07-19,90.3499984741211,90.79000091552734,89.93000030517578,90.79000091552734,61.07209014892578,1916500,0.004869977297589978,90.04700088500977,88.39500045776367,85.91140029907227,0.008459843525503328,74.46045337285244,1.4878370838908523,1.408581662228626
2016-07-20,90.9499969482422,91.04000091552734,90.51000213623048,90.8000030517578,61.078800201416016,2100600,0.000110167817266138,90.19800109863282,88.66900062561035,85.99680038452148,0.008277609833990748,70.82193713583975,1.4696371619019146,1.4207927621632837
2016-07-21,90.5999984741211,90.9800033569336,90.1999969482422,90.9800033569336,61.19988632202149,2179600,0.0019823821489652893,90.45900115966796,88.95850067138672,86.08600051879883,0.0082102794500014,67.57994897479273,1.4529889606208997,1.427232001854807
2016-07-22,90.88999938964844,92.0500030517578,90.6999969482422,91.77999877929688,61.73800277709961,2482900,0.008793090710545792,90.65700073242188,89.26650047302246,86.22820053100585,0.008293929232906953,70.98094937156202,1.4872045179753286,1.4392265050789115
2016-07-25,91.80999755859376,92.13999938964844,91.3000030517578,91.61000061035156,61.6236572265625,2374700,-0.0018522354674912478,90.77800064086914,89.60400047302247,86.3572004699707,0.007880106023467354,64.77797029789724,1.4835022714513997,1.4480816583534093
2016-07-26,91.69000244140624,91.97000122070312,90.94000244140624,91.16000366210938,61.32097244262695,2460200,-0.004912094151774737,90.85500106811523,89.91600074768067,86.49240051269531,0.008095791397600362,64.18820903419103,1.4277984497116023,1.444025016625048
2016-07-27,91.13999938964844,91.13999938964844,89.69999694824219,90.4499969482422,60.843360900878906,3935200,-0.00778857706608771,90.81100082397461,90.10300064086914,86.59740051269532,0.007351405563264397,66.30090201485467,1.3112459347099588,1.4174692002420302
2016-07-28,90.30999755859376,91.6500015258789,90.0999984741211,91.29000091552734,61.40842819213867,2853100,0.009286943014114257,90.93200073242187,90.27950057983398,86.75080047607422,0.007174912635337069,62.86699160766734,1.27199575157519,1.3883745105086622
2016-07-29,91.54000091552734,92.91999816894533,91.1999969482422,92.4499969482422,62.18870162963867,3502600,0.012706715095645915,91.16600036621094,90.46850051879883,86.95360046386719,0.007335690826336505,66.14170011786524,1.3192838015685169,1.3745563687206332
2016-08-01,92.33000183105467,92.75,92.26000213623048,92.6500015258789,62.3232421875,3335100,0.0021633811166990036,91.39600067138672,90.66600074768067,87.1788005065918,0.007323768299736181,67.27830137504068,1.3572530514708347,1.3710957052706736
2016-08-02,92.37999725341795,92.54000091552734,91.0,91.16999816894533,61.32768249511719,3877100,-0.015974132029778598,91.43400039672852,90.74050064086916,87.36140045166016,0.008062073020873072,51.86169295356836,1.2534708221919573,1.3475707286549305
2016-08-03,90.8499984741211,91.2300033569336,90.1500015258789,90.63999938964844,60.97117614746094,3829400,-0.0058133025111479775,91.41800003051759,90.8080005645752,87.53320037841797,0.008118281336060814,53.867383520098905,1.115596286121388,1.3011758401482223
2016-08-04,90.75,90.91999816894533,90.11000061035156,90.2699966430664,60.72227096557617,2649700,-0.004082113295162837,91.34699935913088,90.90300025939942,87.67720031738281,0.007783454325708917,51.055381484348196,0.9653456893459094,1.2340098099877599
2016-08-05,90.31999969482422,90.5999984741211,90.01000213623047,90.33000183105467,60.762638092041016,2941600,0.0006647301453386323,91.20199966430664,90.92950019836425,87.82240036010742,0.006926406748621201,49.86488785330966,0.841413633485601,1.1554905746873283
2016-08-08,90.2699966430664,90.91000366210938,90.11000061035156,90.48999786376952,60.87025833129883,2240200,0.0017712391173652087,91.08999938964844,90.93400001525877,87.96760025024415,0.006774295476901963,47.893240066264084,0.7474903258516719,1.073890524920197
2016-08-09,90.63999938964844,90.9800033569336,89.94000244140625,90.9800033569336,61.19988632202149,3474300,0.005415023811822461,91.07199935913086,90.96350021362305,88.1136003112793,0.006878352759522526,51.184210394228266,0.7044740378341743,1.0000072275029925
2016-08-10,91.23999786376952,91.4000015258789,90.58999633789062,90.87999725341795,61.13262939453125,5302900,-0.0010992097145050561,91.11499938964843,90.96300010681152,88.25780029296875,0.006774362369298713,49.3350675280825,0.6547659288467429,0.9309589677717426
2016-08-11,90.8499984741211,90.88999938964844,89.37000274658203,89.8499984741211,60.439727783203125,4788300,-0.011333613671055898,90.97099914550782,90.95149993896484,88.38000030517578,0.006961410107527279,37.54842190131821,0.5261939644386473,0.8500059671051237
2016-08-12,90.05000305175781,91.05999755859376,89.77999877929688,90.2300033569336,60.69535827636719,2972100,0.004229325423104502,90.74899978637696,90.95750007629394,88.50120040893555,0.0070285020222250975,41.33170777994067,0.4497782113012363,0.7699604159443463
2016-08-15,90.37000274658205,90.68000030517578,90.0999984741211,90.13999938964844,60.63483810424805,2961400,-0.0009974948901322334,90.49799957275391,90.9470001220703,88.6138003540039,0.007005590204868331,43.28947791100151,0.37760283796227156,0.6914889003479313
2016-08-16,89.83999633789062,89.94999694824219,88.94000244140625,89.05999755859375,59.9083366394043,4166800,-0.01198138271985294,90.28699951171873,90.86049995422363,88.71780029296875,0.007380600508602716,41.27983780182406,0.2305980223223827,0.5993107247428215
2016-08-17,88.9800033569336,89.48999786376953,88.37000274658203,89.41999816894531,60.150508880615234,5192000,0.0040422256930190414,90.16499938964843,90.791499710083,88.81880020141601,0.007461845920917907,37.51671788561656,0.1415134089308765,0.5077512615804326
2016-08-18,89.29000091552734,89.69000244140625,88.66999816894531,89.08999633789062,59.928524017333984,4074800,-0.003690470116440858,90.04699935913085,90.69699935913086,88.90240005493165,0.007460776204139311,24.7748996499201,0.04378015084564879,0.41495703943347584
2016-08-19,88.97000122070312,89.06999969482422,88.26000213623047,88.5199966430664,59.54511260986328,3284900,-0.006398021307155388,89.86599884033203,90.53399925231933,88.97080001831054,0.0071767512051525185,20.625976732071535,-0.07876047032783617,0.3162135374812135
2016-08-22,88.75,89.06999969482422,88.54000091552734,89.0,59.86797332763672,3671000,0.0054225415175859215,89.71699905395508,90.40349922180175,89.0568000793457,0.007355148552816975,32.00673610267614,-0.13557965821176765,0.2258548983426173
2016-08-23,89.30999755859375,89.51000213623047,89.01000213623047,89.05000305175781,59.901611328125,6526100,0.0005618320422227097,89.5239990234375,90.29799919128418,89.1434001159668,0.007320063912616963,35.675795308019474,-0.1745622011918755,0.14577147843571875
2016-08-24,89.27999877929688,89.29000091552734,88.16000366210938,88.66000366210938,59.639259338378906,6064800,-0.0043795550396754646,89.30199966430663,90.20849952697753,89.22660018920898,0.007195852657691629,35.54771770023629,-0.23422582918308876,0.06977201691195725
2016-08-25,88.9000015258789,89.5999984741211,88.62000274658203,89.05999755859375,59.9083366394043,3219700,0.004511548386674891,89.2229995727539,90.09699935913086,89.3018000793457,0.006911040498121004,39.25549740653068,-0.24639325163120418,0.006538963203324963
2016-08-26,89.22000122070312,89.7699966430664,87.58999633789062,88.18000030517578,59.316383361816406,5844000,-0.009880948546388657,89.01799926757812,89.88349952697754,89.34980010986328,0.006338479874348198,32.57925685550238,-0.32331744326199896,-0.059432318089739825
2016-08-29,88.37000274658203,89.33000183105469,88.36000061035156,89.05000305175781,59.901611328125,3318600,0.009866213921196465,88.90899963378907,89.70349960327148,89.41800018310546,0.006840791080223517,36.233983480932544,-0.3104992267979725,-0.10964569983138636
2016-08-30,89.23999786376953,89.3499984741211,88.0999984741211,88.87999725341797,59.78726959228516,3431900,-0.0019091049131242377,88.89099960327148,89.5889995574951,89.48040008544922,0.0059946068267865684,35.87574030810619,-0.31047972799088086,-0.14981250546328528
2016-08-31,88.79000091552734,89.2699966430664,88.47000122070312,88.97000122070312,59.84781265258789,5003000,0.0010126459278405608,88.84599990844727,89.50549964904783,89.5534001159668,0.005915154672722889,42.83392458855471,-0.2997464169712316,-0.17979928776487455
2016-09-01,89.06999969482422,89.0999984741211,88.30000305175781,88.75,59.69983673095703,4098000,-0.002472757307908524,88.8120002746582,89.42949981689452,89.62460006713867,0.00588061593955719,37.62542851419918,-0.3054711690549965,-0.20493366402289895
2016-09-02,89.2699966430664,90.61000061035156,89.12999725341797,89.5199966430664,60.2177619934082,4439500,0.008676018513424255,88.9120002746582,89.38899955749511,89.70259994506836,0.006249246701125917,45.34533261698099,-0.24505098712039342,-0.21295712864239785
2016-09-06,89.91000366210938,90.22000122070312,89.12000274658203,90.20999908447266,60.68191909790039,3874300,0.007707802360152227,89.03300018310547,89.37499961853027,89.80959991455079,0.006495524725522883,59.17064866765715,-0.1398777041008259,-0.19834124373408346
2016-09-07,90.08999633789062,90.8000030517578,89.79000091552734,90.75,61.04516220092773,2874200,0.005986042800218749,89.20299987792968,89.36349945068359,89.92619995117188,0.006522402429855504,60.31007220114122,-0.01280593976591149,-0.16123418294044908
2016-09-08,90.3499984741211,90.5,89.55000305175781,89.63999938964844,60.29850387573242,3123900,-0.012231411684314741,89.30099945068359,89.30149955749512,89.98479995727538,0.00706410012415627,53.803611452305276,-0.001649410246486127,-0.12931722840165652
2016-09-09,88.62000274658203,88.87000274658203,86.06999969482422,86.08999633789062,57.91050720214844,7589300,-0.03960289018216756,89.00399932861328,89.11349945068359,89.9513998413086,0.011027783603355122,38.09991727984446,-0.2760808694783634,-0.1586699566169979
2016-09-12,85.91999816894531,87.51000213623047,85.66000366210938,87.11000061035156,58.59663009643555,7088200,0.011848116109304696,88.89699935913086,88.95749931335449,89.92019989013671,0.011382941457399064,41.2093176421159,-0.4065771890850556,-0.20825140311060944
2016-09-13,86.08000183105469,86.11000061035156,84.1500015258789,84.33999633789062,57.12550354003906,7223000,-0.03179892380957883,88.42599868774414,88.6674991607666,89.8329998779297,0.013219107400503865,32.51670025408629,-0.7251535388411838,-0.31163183025672436
2016-09-14,84.55999755859375,85.08000183105469,84.2699966430664,84.61000061035156,57.30836868286133,4781900,0.003201378754858153,87.9989990234375,88.44499931335449,89.7315998840332,0.013126046958514496,34.831473516613755,-0.9449477337091707,-0.4382950109472137
2016-09-15,84.58000183105469,85.05999755859375,84.12999725341797,84.93000030517578,57.52510833740234,4320500,0.003782055224155867,87.59499893188476,88.22049942016602,89.64439987182617,0.013119373922371043,34.438625469936966,-1.0808554864122613,-0.5668071060402232
2016-09-16,84.83000183105469,85.05000305175781,84.3499984741211,84.97000122070312,57.552207946777344,6251400,0.000470986876057955,87.21699905395508,88.01449966430664,89.5763998413086,0.013132316222770384,37.087726771374676,-1.1718275217767484,-0.6878111891875283
2016-09-19,85.25,85.83999633789062,85.16000366210938,85.73999786376953,58.07373428344727,3407700,0.009061982252611678,86.8389991760254,87.8754997253418,89.49519973754883,0.013330751145361622,36.577459237272464,-1.1683235150310765,-0.7839136543562379
2016-09-20,86.13999938964844,86.25,85.61000061035156,85.61000061035156,57.98569107055664,3905800,-0.0015161798070547627,86.37899932861328,87.70599975585938,89.39939971923827,0.013230796421542264,36.69653238577496,-1.1626341337789796,-0.8596577502407864
2016-09-21,85.76000213623047,86.83999633789062,84.5999984741211,86.70999908447266,58.730735778808594,6905000,0.012848948327049525,85.97499923706054,87.58899955749511,89.32579971313477,0.013628237304502322,41.50375819083683,-1.0571780834803235,-0.8991618168886939
2016-09-22,87.51000213623047,88.33999633789062,87.29000091552734,88.26000213623047,59.78059005737305,3575700,0.017875712929575682,85.83699951171874,87.56899948120117,89.2731997680664,0.014252750697033675,48.32536758474853,-0.838861241271573,-0.8871017017652697
2016-09-23,88.0199966430664,88.83000183105469,87.29000091552734,88.52999877929688,59.963470458984375,4722300,0.0030591053311970207,86.08099975585938,87.54249954223633,89.24219970703125,0.014231550376737,46.49682594790959,-0.6367174162620302,-0.8370248446646219
2016-09-26,88.27999877929688,88.94999694824219,88.0,88.73999786376953,60.10570526123047,3440200,0.002372066953216345,86.24399948120117,87.57049942016602,89.21479965209961,0.014055547834564669,44.615383755492886,-0.4543345219374828,-0.7604867801191941
2016-09-27,89.02999877929688,89.02999877929688,87.6500015258789,87.80000305175781,59.46904373168945,6479800,-0.010592684636467564,86.59000015258789,87.50799942016602,89.16379974365235,0.014075731610087324,39.50179250006245,-0.38124968065352505,-0.6846393602260603
2016-09-28,87.94000244140625,88.58999633789062,87.66999816894531,88.5199966430664,59.95670700073242,2676300,0.00820038230390674,86.98099975585937,87.48999938964843,89.11839965820313,0.014207567634873191,45.90042799463596,-0.26220936546165774,-0.6001533612731798
2016-09-29,88.22000122070312,88.27999877929688,87.08000183105469,87.33999633789062,59.15743637084961,4662800,-0.013330324784509684,87.22199935913086,87.40849914550782,89.04919952392578,0.014506989213684294,55.53587574553893,-0.26008709881014624,-0.532140108780573
2016-09-30,87.6500015258789,88.19000244140625,86.7300033569336,86.73999786376953,58.75105285644531,6718600,-0.006869687420181347,87.3989990234375,87.3079990386963,88.9643994140625,0.014566505289694802,48.298053484433424,-0.3033235248813355,-0.4863767920007256
2016-10-03,86.01000213623047,86.29000091552734,84.94999694824219,85.12000274658203,57.653804779052734,10473900,-0.018676448663646483,87.33699951171874,87.08799934387207,88.8311994934082,0.01488654109271456,54.01238758980453,-0.4629719190445769,-0.48169581740949585
2016-10-04,85.0,85.04000091552734,83.45999908447266,83.95999908447266,56.86809158325195,7415500,-0.013627862132041035,87.17199935913087,86.77549934387207,88.67819946289063,0.014887781132176842,46.936838403907174,-0.6753124411465024,-0.5204191421568972
2016-10-05,84.12000274658203,84.55000305175781,82.16999816894531,82.26000213623047,55.716644287109375,8125200,-0.020247700890656417,86.72699966430665,86.35099945068359,88.50019943237305,0.01516327321026019,38.86570583182209,-0.969592521956244,-0.6102538181167666
2016-10-06,81.8499984741211,82.88999938964844,81.11000061035156,82.29000091552734,55.73696517944336,6760300,0.0003646824521983394,86.12999954223633,85.98349952697754,88.33699951171874,0.01509932338385923,38.81466451922287,-1.1867112863851474,-0.7255453117704428
2016-10-07,82.80000305175781,83.62999725341797,81.7699966430664,82.1500015258789,55.64215469360352,6036800,-0.0017012928434907426,85.49199981689453,85.78649978637695,88.15419952392578,0.012585990320364088,34.185004140719954,-1.3544628475890192,-0.8513288189341581
2016-10-10,82.1500015258789,83.01000213623047,82.1500015258789,82.66000366210938,55.98759078979492,2818300,0.006208181701248039,84.88400039672851,85.56399993896484,87.95839965820312,0.01231339434468874,37.425397015360275,-1.4297727282906152,-0.9670176008054496
2016-10-11,82.55000305175781,82.73999786376953,81.63999938964844,81.86000061035156,55.44572830200195,4306600,-0.00967823634545184,84.2900001525879,85.44000015258788,87.74259963989257,0.010390869585092312,28.783880930560414,-1.5363003970341822,-1.0808741600511962
2016-10-12,81.98999786376953,82.91999816894531,81.86000061035156,82.80000305175781,56.08241271972656,3492600,0.011483049528433265,83.71800079345704,85.3495002746582,87.57519973754883,0.010744552004162787,24.76891433277605,-1.5272685991908048,-1.170153047879118
2016-10-13,82.47000122070312,83.58999633789062,82.22000122070312,83.44999694824219,56.52265930175781,3633600,0.007850167542603481,83.3290008544922,85.27550010681152,87.4313996887207,0.010878035076829022,27.321383320481416,-1.450936268976406,-1.2263096920985757
2016-10-14,83.30000305175781,83.98999786376953,82.91000366210938,83.08000183105469,56.27204895019531,3187500,-0.004433734340541395,82.9630012512207,85.18100013732911,87.28759979248046,0.010902604141634645,25.087996776305843,-1.404112130504572,-1.261870179779775
2016-10-17,83.1500015258789,83.7699966430664,83.08000183105469,83.26000213623047,56.39397430419922,3154000,0.002166590048250372,82.77700119018554,85.05700035095215,87.14619979858398,0.010672010756754762,28.584867431862563,-1.33706627538578,-1.2769093989009759
2016-10-18,83.80999755859375,84.27999877929688,83.51000213623047,83.79000091552734,56.75297927856445,2533200,0.006365586904858445,82.76000137329102,84.96600036621093,87.01219985961914,0.01081257187407602,27.281455347104853,-1.2270211441050805,-1.2669317479417967
2016-10-19,83.80999755859375,84.08999633789062,83.33999633789062,83.97000122070312,56.8748779296875,2871000,0.002148231330815431,82.93100128173828,84.82900047302246,86.87199981689453,0.010344910405567025,32.09352141178836,-1.1124613030123953,-1.2360376589559166
2016-10-20,83.95999908447266,84.33000183105469,83.31999969482422,83.77999877929688,56.74617767333984,3261100,-0.0022627419154950257,83.08000106811524,84.60500030517578,86.7299998474121,0.00927948712731435,33.555546701682786,-1.0251857099834467,-1.1938672691614227
2016-10-21,83.37999725341797,83.69000244140625,83.0999984741211,83.47000122070312,56.53621673583984,3193800,-0.0037001380175522014,83.21200103759766,84.3520004272461,86.60239990234375,0.009186684134583251,39.271764375564885,-0.9698535182960768,-1.1490645189883535
2016-10-24,83.8499984741211,84.51000213623047,83.33000183105469,83.66000366210938,56.66489791870117,3948800,0.0022762961378646196,83.31200103759765,84.09800071716309,86.47099990844727,0.009183817003405748,47.767889073947295,-0.9002927344026688,-1.0993101620712167
2016-10-25,83.31999969482422,83.62000274658203,83.05999755859375,83.51000213623047,56.56330108642578,3161400,-0.0017929897120819716,83.47700119018555,83.88350067138671,86.3383999633789,0.009005070220385549,62.08897913647619,-0.847499732169922,-1.0489480760909577
2016-10-26,83.19000244140625,83.30999755859375,81.8499984741211,82.41999816894531,55.82502746582031,4093100,-0.013052376235208607,83.43900070190429,83.57850074768066,86.20559997558594,0.008934209702354288,51.04331607841985,-0.8834314602078166,-1.0158447529143295
2016-10-27,82.2699966430664,82.30999755859375,80.04000091552734,80.26000213623047,54.36199569702149,5969300,-0.026207183701791203,83.12000122070313,83.22450103759766,86.02240005493164,0.010069794609511825,38.54545824455492,-1.073822879824931,-1.0274403782964499
2016-10-28,80.38999938964844,81.13999938964844,80.1500015258789,80.44999694824219,54.49068832397461,4819100,0.0023672415518907197,82.85700073242188,82.91000099182129,85.84960006713867,0.010150924848855429,36.065518568404855,-1.195596367400654,-1.0610715761172906
2016-10-31,80.80000305175781,81.91000366210938,80.47000122070312,81.76000213623047,55.37797927856445,5009700,0.016283470946942158,82.70700073242188,82.74200096130372,85.71440017700195,0.010443447443722775,49.40759161380777,-1.1728760777996428,-1.083432476453761
2016-11-01,81.4000015258789,81.47000122070312,79.69999694824219,79.9800033569336,54.172340393066406,7465200,-0.02177102168283951,82.3260009765625,82.54300117492676,85.53400024414063,0.01106268227352703,34.80602163691775,-1.2837033765712675,-1.1234866564772625
2016-11-02,79.8499984741211,80.08000183105469,78.79000091552734,78.80999755859375,53.3798713684082,7847600,-0.014628729047664102,81.81000061035157,82.37050094604493,85.32920013427734,0.010648262318249075,26.326541098289923,-1.4492385788773277,-1.1886370409572757
2016-11-03,78.87000274658203,79.01000213623047,78.18000030517578,78.19999694824219,52.96671676635742,7221900,-0.007740142485070378,81.25200042724609,82.16600074768067,85.12,0.010704174019579776,25.697207522394223,-1.6110768791864274,-1.273125008603106
2016-11-04,78.38999938964844,79.08000183105469,78.05999755859375,78.81999969482422,53.38666534423828,4432600,0.00792842417874251,80.7870002746582,81.99950065612794,84.9152000427246,0.01095519933480733,28.8168044518344,-1.6700545092832044,-1.3525109087391258
2016-11-07,79.41000366210938,80.2300033569336,79.41000366210938,80.19999694824219,54.32136917114258,5860500,0.01750821185943985,80.44099960327148,81.87650032043457,84.75559997558594,0.011669433231693189,34.15710075169338,-1.5871448430261523,-1.3994376955965313
2016-11-08,80.18000030517578,80.88999938964844,79.80000305175781,80.62000274658203,54.60583114624024,4023300,0.00523698022845176,80.15199966430664,81.81450042724609,84.58699996948242,0.01159188096442903,35.522929367196284,-1.470595270529543,-1.4136692105831337
2016-11-09,78.69999694824219,80.0,77.7699966430664,79.4000015258789,53.77951049804688,10045800,-0.01513273603497678,79.85,81.64450035095214,84.39740005493164,0.011647422589590652,32.61907746188486,-1.4598446171420818,-1.4229042918949233
2016-11-10,79.30000305175781,79.33999633789062,76.9800033569336,78.06999969482422,52.878662109375,13504700,-0.016750652462156457,79.63099975585938,81.37550048828125,84.17940002441406,0.011846451014159487,30.176232058763063,-1.5408823468270185,-1.4464999028813423
2016-11-11,78.0,79.51000213623047,77.94999694824219,78.54000091552734,53.19701766967773,5066000,0.006020253907267348,79.44000015258788,81.14850044250488,83.97520004272461,0.012021257094122903,31.582746172545967,-1.5493205579277713,-1.4670640338906282
2016-11-14,78.4000015258789,80.61000061035156,78.0199966430664,80.4000015258789,54.45682144165039,6755200,0.02368220764794815,79.30400009155274,81.0055004119873,83.79280014038086,0.013370193727081653,40.03844507134772,-1.3898995001817696,-1.4516311271488564
2016-11-15,80.66999816894531,81.33999633789062,79.18000030517578,79.7300033569336,54.00304412841797,7719900,-0.008333310400866822,79.27900009155273,80.80250053405761,83.58320022583008,0.013309607965744824,41.14551340165798,-1.3026047988985567,-1.4218258614987966
2016-11-16,79.76000213623047,80.0,78.9000015258789,79.5,53.84724426269531,10337100,-0.002884777966255969,79.34800033569336,80.57900047302246,83.35820022583007,0.01326667683757621,47.134234014972236,-1.2377148614218072,-1.3850036614833987
2016-11-17,79.45999908447266,80.05999755859375,78.58000183105469,78.69000244140625,53.298606872558594,3645200,-0.010188648535770395,79.39700088500976,80.32450065612792,83.13920028686523,0.013372529799551341,43.65997135133531,-1.2373853440110594,-1.355479997988931
2016-11-18,78.79000091552734,79.12999725341797,78.41999816894531,78.91999816894531,53.45439147949219,3655600,0.0029228074774851898,79.40700073242188,80.09700050354004,82.99580032348632,0.013437272130343013,38.906243760143965,-1.2046786800934228,-1.3253197344098293
2016-11-21,79.18000030517578,79.75,78.58999633789062,78.68000030517578,53.291839599609375,3488200,-0.0030410272343869282,79.25500106811523,79.84800033569336,82.82720031738282,0.013385868356872525,44.22734491880055,-1.184470397722535,-1.2971498670723705
2016-11-22,79.06999969482422,80.0999984741211,78.83000183105469,80.05999755859375,54.22653579711914,4226700,0.01753936512538612,79.19900054931641,79.67550010681153,82.74160034179687,0.014152080091973137,55.4489968045678,-1.0450542087237267,-1.2467307354026418
2016-11-23,79.36000061035156,79.80000305175781,79.04000091552734,79.72000122070312,53.99626159667969,6542100,-0.004246769276276763,79.23100051879882,79.54050025939941,82.6438003540039,0.013925695380749753,56.78573520816672,-0.9510377661350304,-1.1875921415491195
2016-11-25,79.80000305175781,80.62999725341797,79.73999786376953,80.18000030517578,54.307804107666016,1904500,0.00577018411225505,79.44200057983399,79.53650016784668,82.5488003540039,0.012732986497322194,56.15942679992315,-0.8298450392357068,-1.116042721086437
2016-11-28,80.18000030517578,81.08000183105469,80.12999725341797,80.55000305175781,54.55843734741211,4065700,0.004614651349136301,79.64300079345703,79.54150047302247,82.460400390625,0.012764603463823286,51.74479634154134,-0.6959206604363857,-1.0320183089564268
2016-11-29,80.62999725341797,81.7300033569336,80.56999969482422,81.31999969482422,55.07997512817383,3754200,0.009559237913022045,79.73500061035156,79.51950035095214,82.37200042724609,0.01240035861747608,53.37185764917392,-0.521639199418118,-0.929942487048765
2016-11-30,80.55000305175781,81.05000305175781,80.0,80.38999938964844,54.45005416870117,6826400,-0.011436304828650545,79.80100021362304,79.5400001525879,82.26760040283203,0.011646430594481427,54.905842277781346,-0.4533373474728961,-0.8346214591335913
2016-12-01,79.91999816894531,80.20999908447266,78.76000213623047,79.20999908447266,53.65079879760742,6361900,-0.014678446499997388,79.77200012207031,79.56000022888183,82.11760040283202,0.011649794071097203,55.73441076283298,-0.48878934140478236,-0.7654550355878296
2016-12-02,79.55999755859375,80.83000183105469,79.43000030517578,80.0,54.18590927124024,3695900,0.009973499869440072,79.90299987792969,79.65000038146972,81.95240036010742,0.011678277816093876,57.11501438507076,-0.44797485516798474,-0.7019589995038606
2016-12-05,80.01000213623047,80.69000244140625,79.7300033569336,80.58999633789062,54.58552551269531,3457200,0.007374954223632768,80.06999969482422,79.73850021362304,81.79360031127929,0.011662147109162893,51.056702890094925,-0.3638273321003851,-0.6343326660231655
2016-12-06,80.80000305175781,81.47000122070312,80.5,81.11000061035156,54.93771362304688,4024800,0.006452466758786191,80.3129997253418,79.78400039672852,81.64100036621093,0.011095482489836331,57.8054242993074,-0.25227178281006957,-0.5579204893805464
2016-12-07,81.16999816894531,82.86000061035156,81.06999969482422,82.7300033569336,56.03498458862305,5754300,0.01997291005291002,80.58000030517579,79.88950042724609,81.53960037231445,0.01187958590203272,65.78693604501572,-0.032764830985641424,-0.45288935770156546
2016-12-08,82.44999694824219,83.52999877929688,82.01000213623047,83.30000305175781,56.42105865478516,4404200,0.006889878782731174,80.93800048828125,80.08450050354004,81.43520050048828,0.011275750463104346,73.07309868276351,0.18505699958625144,-0.32530008624400214
2016-12-09,83.3499984741211,83.98999786376953,83.0199966430664,83.20999908447266,56.36011505126953,4506200,-0.0010804797597574467,81.24100036621094,80.34150047302246,81.35260055541993,0.010379374736514882,71.77665776699592,0.3464264136174222,-0.1909547862717173
2016-12-12,82.9800033569336,83.80999755859375,82.83000183105469,83.76000213623047,56.73263931274414,3610700,0.006609819226166103,81.5620002746582,80.60250053405761,81.29300064086914,0.010388507303864205,75.0,0.5127824496667728,-0.05020733908401928
2016-12-13,84.0999984741211,84.19000244140625,83.13999938964844,83.72000122070312,56.70554733276367,4015100,-0.00047756583700042654,81.8020004272461,80.76850051879883,81.26500061035156,0.009230602332759191,70.74830285038095,0.634083744481984,0.08665087762918136
2016-12-14,83.62000274658203,83.83000183105469,81.75,81.88999938964844,55.46604537963867,4857300,-0.021858597758860787,81.95200042724609,80.87650032043457,81.22360061645507,0.010447765314646291,60.523741373466905,0.5759112938458628,0.18450296087251766
2016-12-15,81.81999969482422,82.47000122070312,81.16000366210938,81.41000366210938,55.14091873168945,3915200,-0.005861469423820043,82.17200088500977,80.97200050354004,81.20660064697266,0.010532714514820844,55.95354419394745,0.4854812383717615,0.24469861637236645
2016-12-16,81.58000183105469,83.16999816894531,81.44999694824219,82.62999725341797,55.96726608276367,6581100,0.014985794575960831,82.43500061035157,81.16900024414062,81.21340057373047,0.010599012642511008,59.302299395721946,0.506420356171688,0.29704296433223076
2016-12-19,82.91000366210938,83.87999725341797,82.9000015258789,83.5199966430664,56.5700569152832,3663600,0.010770899421900015,82.72800064086914,81.39900016784668,81.24080047607421,0.010759582114577886,59.734497142016075,0.5880515780533244,0.3552446870764495
2016-12-20,83.4800033569336,84.08000183105469,83.18000030517578,83.70999908447266,56.698768615722656,5193600,0.0022749335373928314,82.98800048828124,81.65050010681152,81.26180038452148,0.010670604594883662,65.71968780186126,0.6604631110009223,0.41628837186134404
2016-12-21,83.70999908447266,84.26000213623047,82.41999816894531,82.44000244140625,55.83856201171875,4998400,-0.015171385222270017,82.95900039672851,81.76950035095214,81.27340042114258,0.010855464737746753,65.16433283640791,0.6083588748491451,0.45470247245890427
2016-12-22,80.63999938964844,80.87999725341797,79.91000366210938,80.61000061035156,55.74522018432617,3891700,-0.0221979837076709,82.69000015258788,81.81400032043457,81.22960037231445,0.012035527650831592,52.60906964480575,0.41462055088715033,0.4466860881445535
2016-12-23,80.72000122070312,82.27999877929688,80.48999786376953,80.81999969482422,55.89043045043945,4504400,0.002605124462009778,82.45100021362305,81.84600028991699,81.1770004272461,0.011985007231529024,51.01681366679596,0.27485830892740637,0.41232053230112414
2016-12-27,80.94000244140625,81.30000305175781,80.61000061035156,80.98999786376953,56.00798034667969,3833000,0.0021034170946203634,82.17399978637695,81.86800003051758,81.1352003479004,0.011952367232537443,49.45254216876695,0.17578679598108238,0.36501378503711585
2016-12-28,81.18000030517578,81.18000030517578,80.23999786376953,80.5,55.66914367675781,3979500,-0.006050103428743681,81.85199966430665,81.82700004577637,81.08000030517579,0.011827701139220829,38.65714815703057,0.05707524774827277,0.30342607757934725
2016-12-29,80.76000213623047,81.73999786376953,80.44999694824219,81.5,56.36068344116211,4259400,0.012422360248447228,81.8129997253418,81.88250007629395,81.03420028686523,0.01186337202085565,41.22805060685694,0.04318927408725415,0.2513787168809286
2016-12-30,81.58999633789062,82.69999694824219,81.19999694824219,82.52999877929688,57.07298278808594,6673400,0.012638021831863577,81.92499923706055,82.04850006103516,81.00540023803711,0.011561886060968033,46.96428145680703,0.11398290932139332,0.22389955536902156
2017-01-03,82.9800033569336,83.0,82.13999938964844,82.80000305175781,57.25967788696289,9380300,0.003271589439653111,81.94199981689454,82.18850021362304,80.98580032348633,0.011418484878388202,45.60439598827643,0.18968785997952864,0.21705721629112298
2017-01-04,82.91000366210938,84.19000244140625,82.83000183105469,84.01000213623047,58.096466064453125,6598700,0.01461351497434471,81.99100036621094,82.35950050354003,80.99660034179688,0.011715881952852432,51.19934320254389,0.34336331398608877,0.24231843583011617
2017-01-05,83.69999694824219,84.37999725341797,82.91999816894531,84.27999877929688,58.28316879272461,8555700,0.003213863066311884,82.04800033569336,82.5180004119873,81.00900024414062,0.01167553433161229,61.34854287755418,0.4813895322246111,0.2901326551090152
2017-01-06,84.0199966430664,84.69999694824219,83.81999969482422,84.29000091552734,58.290077209472656,3901200,0.00011867746055216344,82.23300018310547,82.59600028991699,81.02460021972657,0.01088263250625027,64.3141159866311,0.584841702313355,0.34907446454988317
2017-01-09,84.52999877929688,84.52999877929688,83.5,83.52999877929688,57.76451873779297,3546100,-0.00901651593279873,82.525,82.60750007629395,81.04680023193359,0.011009339435098861,54.68750869234542,0.598602158583148,0.39898000335653616
2017-01-10,83.56999969482422,83.56999969482422,82.77999877929688,82.81999969482422,57.27350234985352,3959600,-0.008499929305022746,82.725,82.58800010681152,81.09800018310547,0.011178311708022281,46.284516537647264,0.5459233622145803,0.428368675128145
2017-01-11,82.87000274658203,82.95999908447266,82.2300033569336,82.30999755859375,56.92084503173828,4498000,-0.006157958682802778,82.85699996948242,82.51549987792968,81.1352001953125,0.011134920291127488,42.81313227446087,0.45774552100469634,0.4342440443034553
2017-01-12,82.4000015258789,82.7699966430664,81.5999984741211,82.7300033569336,57.211273193359375,4670700,0.005102731269562399,83.08000030517579,82.46599998474122,81.15460021972656,0.011213423233468382,51.63104998064761,0.4169485806536386,0.430784951573492
2017-01-13,82.72000122070312,83.0199966430664,82.33000183105469,82.61000061035156,57.1283073425293,3658100,-0.0014505347723036133,83.19100036621094,82.50200004577637,81.20720016479493,0.010037770851324018,63.92756121041592,0.37066074639878366,0.4187601105385504
2017-01-17,82.95999908447266,83.31999969482422,82.76000213623047,83.25,57.57086181640625,4139200,0.00774723865052529,83.26300048828125,82.5939998626709,81.29600021362305,0.010046109857238647,65.96581914645114,0.3812253774656682,0.411253163923974
2017-01-18,83.22000122070312,83.66999816894531,83.02999877929688,83.38999938964844,57.66769409179688,3317400,0.0016816743501313347,83.3220001220703,82.63199996948242,81.39980026245117,0.009508988420512784,65.83112487129188,0.3963261038009591,0.40826775189937103
2017-01-19,83.08000183105469,83.25,82.33999633789062,82.54000091552734,57.07990264892578,3169200,-0.010193050489776256,83.175,82.58300018310547,81.47420028686524,0.009472711808408679,62.84633707852213,0.3358344743183608,0.393781096383169
2017-01-20,82.56999969482422,83.19000244140625,82.37999725341797,83.13999938964844,57.49481201171875,3285400,0.007269184243590354,83.06100006103516,82.55450019836425,81.53300033569336,0.009615769850203819,60.87531519279883,0.3324767001599582,0.38152021713852685
2017-01-23,83.26000213623047,83.97000122070312,83.0,83.83999633789062,57.97887802124024,3165600,0.008419496672853466,83.01599960327148,82.62449989318847,81.59740020751953,0.009129837729670503,59.08457932552406,0.38189726955194203,0.3815956276212099
2017-01-24,83.83999633789062,84.20999908447266,83.5,83.86000061035156,57.992713928222656,4204200,0.00023860058843894194,83.04899978637695,82.78699989318848,81.68660018920899,0.0073494764134190765,57.61491764427325,0.4178607656587445,0.38884865522871687
2017-01-25,83.80999755859375,84.16000366210938,83.05999755859375,83.30999755859375,57.61237335205078,3461500,-0.006558586307593206,83.0979995727539,82.91149978637695,81.79140014648438,0.007591673903242853,44.44441753304552,0.3974004605804424,0.390559016299062
2017-01-26,83.31999969482422,83.72000122070312,83.02999877929688,83.1500015258789,57.50172424316406,4093700,-0.0019204901860946366,83.18199996948242,83.01949996948242,81.88360015869141,0.007629342423960029,40.87241183380026,0.36407831056656903,0.3852628751525634
2017-01-27,83.38999938964844,83.5,82.0199966430664,82.33999633789062,56.94157409667969,2996000,-0.009741493362885656,83.14299926757812,83.11149978637695,81.92240005493164,0.007858847316583015,36.05149558772968,0.2692063739290944,0.36205157490786966
2017-01-30,82.0999984741211,82.2699966430664,81.56999969482422,81.77999877929688,56.55431365966797,3182600,-0.006801039391546082,83.05999908447265,83.1254997253418,81.9633999633789,0.007579492724168703,37.11341827906245,0.14713646022069327,0.3190685519704344
2017-01-31,81.80000305175781,82.94999694824219,81.80000305175781,82.37000274658203,56.96230697631836,11091400,0.007214526486817752,82.97199935913086,83.11749992370605,82.02080001831055,0.007198466236074777,46.62671632435499,0.09688671370587087,0.27463218431752173
2017-02-01,82.27999877929688,82.88999938964844,81.31999969482422,81.37999725341797,56.2777099609375,4555800,-0.012019005222203227,82.77099914550782,83.04649963378907,82.07459991455079,0.0076240224125208415,43.496516629373424,-0.022561665083287608,0.21519341443735987
2017-02-02,81.43000030517578,82.43000030517578,81.41999816894531,82.3499984741211,56.94847106933594,4754800,0.01191940591595908,82.75199890136719,82.9634994506836,82.1431999206543,0.007355747657810275,47.532439737787044,-0.03851044949068694,0.16445264165175053
2017-02-03,82.95999908447266,83.2300033569336,82.45999908447266,82.80000305175781,57.25967788696289,4165000,0.005464536563144273,82.71799926757812,82.88949966430664,82.22559997558594,0.007439886091082157,51.18307664535255,-0.014669269263478668,0.12862825946870468
2017-02-06,82.9000015258789,83.05999755859375,82.48999786376953,82.66000366210938,57.16286087036133,2985800,-0.0016908138223247215,82.6,82.80799980163575,82.27760009765625,0.007438371659443886,46.08236893778357,-0.006991153225342828,0.10150437692989518
2017-02-07,82.7300033569336,83.02999877929688,82.23999786376953,82.37000274658203,56.96230697631836,3250700,-0.003508358367763753,82.45100021362305,82.75,82.33060012817383,0.007222819176195986,43.35941031257606,-0.024029840152337556,0.07639753351344863
2017-02-08,82.62000274658203,83.19999694824219,82.30000305175781,83.0199966430664,57.41183090209961,3316700,0.00789114817058012,82.42200012207032,82.7599998474121,82.38740005493165,0.007218043102179927,53.208522877950266,0.014745970552056065,0.06406722092117012
2017-02-09,83.0199966430664,83.37999725341797,82.91999816894531,83.22000122070312,57.55014419555664,2806600,0.0024091132946753024,82.42900009155274,82.80550003051758,82.44080001831054,0.007077115767627122,50.56498331882171,0.060912615097151956,0.06343629975636648
2017-02-10,83.19000244140625,83.86000061035156,83.02999877929688,83.80999755859375,57.958133697509766,2983800,0.0070895978038492125,82.57600021362305,82.85949974060058,82.49059997558594,0.007157525100474095,49.78480123120842,0.1434541371781961,0.0794398672407324
2017-02-13,83.87999725341797,84.19999694824219,83.37999725341797,83.83999633789062,57.97887802124024,3968200,0.00035793795693539465,82.78199996948243,82.92099952697754,82.55959991455079,0.007140688722028828,49.85670314487957,0.20888168089300052,0.10532822997118603
2017-02-14,83.63999938964844,83.69000244140625,82.75,83.4000015258789,57.67461395263672,2687900,-0.005248029952654831,82.8849998474121,82.92849960327149,82.64339996337891,0.007062580490057558,50.65505044615836,0.22266285770686522,0.12879515551832188
2017-02-15,82.87999725341797,83.25,82.33999633789062,83.12000274658203,57.480987548828125,3687300,-0.003357299450528095,83.05900039672852,82.91499977111816,82.70580001831054,0.007093513456607715,49.785416625736474,0.2085865225862733,0.14475342893191218
2017-02-16,83.20999908447266,84.16999816894531,83.12000274658203,83.61000061035156,57.81983184814453,3097800,0.005895065538718214,83.18500061035157,82.96849975585937,82.76620010375977,0.006799383201390195,59.52027452101802,0.23426914918751152,0.16265657298303204
2017-02-17,83.80999755859375,83.9000015258789,83.06999969482422,83.7699966430664,57.930477142333984,2624100,0.0019135992291219317,83.28199996948243,82.99999961853027,82.81940002441407,0.006628974861394962,65.86920996178,0.2644843475767118,0.183022127901768
2017-02-21,83.68000030517578,84.93000030517578,83.56999969482422,84.83999633789062,58.67043685913086,5646700,0.012773065986660503,83.49999923706055,83.04999961853028,82.8615998840332,0.006968989857132915,68.29626950442788,0.3704992581801321,0.22051755395744083
2017-02-22,84.95999908447266,85.25,84.12999725341797,84.55999755859375,58.4768180847168,3464400,-0.0033003157871639432,83.71899871826172,83.08499946594239,82.88679977416992,0.007023790398957192,76.32456835082161,0.4270010745986781,0.26181425808568826
2017-02-23,84.79000091552734,85.06999969482422,84.22000122070312,85.0,58.78105926513672,3430900,0.005203434887771419,83.91699905395508,83.1694995880127,82.92259979248047,0.006898330657209625,74.04725804999966,0.5015026802285405,0.30975194251425875
2017-02-24,84.9800033569336,85.43000030517578,84.5199966430664,85.4000015258789,59.057708740234375,3667400,0.004705900304457611,84.13499908447265,83.2819995880127,82.95539978027344,0.0069084253241148775,73.80958036808445,0.5860667074419439,0.3650148954997958
2017-02-27,85.38999938964844,86.16000366210938,85.31999969482422,85.8499984741211,59.3688850402832,3326700,0.005269285014073644,84.3389991760254,83.45749969482422,82.9979997253418,0.006438442177917724,77.64302516386061,0.6815389444923738,0.4283197052983114
2017-02-28,85.8499984741211,85.8499984741211,85.05999755859375,85.26000213623047,58.96085739135742,5778100,-0.006872409416157077,84.48099975585937,83.63149986267089,83.06539978027344,0.0064436581914382295,73.8056872514467,0.70150706970594,0.4829571781798372
2017-03-01,85.0,85.48999786376953,84.69999694824219,85.0,58.78105926513672,6282800,-0.003049520639408776,84.64099960327148,83.7629997253418,83.13719970703124,0.006424045434542526,67.42965290193112,0.6884163185391543,0.5240490062517007
2017-03-02,84.87999725341797,84.94999694824219,84.25,84.54000091552734,58.46295928955078,3060400,-0.005411753934972396,84.78299942016602,83.92099990844727,83.17539978027344,0.0058296202143132,61.111146789285414,0.6336197481395516,0.5459631546292709
2017-03-03,84.47000122070312,84.55000305175781,83.3499984741211,84.20999908447266,58.2347526550293,4177700,-0.0039034992604793928,84.84299926757812,84.01399993896484,83.18919982910157,0.005463739645711601,53.52114946265012,0.5571422919515641,0.5481989820937295
2017-03-06,84.05999755859375,84.0999984741211,83.43000030517578,83.83000183105469,57.97198867797852,3237400,-0.004512495636495473,84.84899978637695,84.06549987792968,83.19159988403321,0.005502629382324327,49.9171265825027,0.46056168592534164,0.530671522860052
2017-03-07,83.6500015258789,83.79000091552734,83.02999877929688,83.43000030517578,57.6953353881836,4658000,-0.004771579591338226,84.70800018310547,84.103999710083,83.21139984130859,0.005613107454231194,50.25040758100672,0.3477356000976499,0.49408433830757165
2017-03-08,82.94000244140625,83.04000091552734,81.83000183105469,81.88999938964844,56.63037490844727,4814100,-0.01845859894395574,84.44100036621094,84.07999954223632,83.23699981689452,0.006996916755294651,41.51720930134667,0.1325272193632543,0.4217729145187082
2017-03-09,81.7300033569336,82.22000122070312,80.4800033569336,80.66000366210938,55.77979278564453,5604300,-0.01502009691911832,84.00700073242187,83.96199989318848,83.23379989624023,0.007451409910536697,31.5394208146179,-0.13571293434188192,0.3102757447465902
2017-03-10,81.30000305175781,81.70999908447266,79.9800033569336,80.41000366210938,55.606895446777344,6278800,-0.0030994295642146064,83.50800094604492,83.82150001525879,83.22220001220703,0.007404298970663454,29.2079493060362,-0.3642690327223619,0.1753667892527998
2017-03-13,80.5,81.11000061035156,80.33999633789062,80.61000061035156,55.74522018432617,4691000,0.0024872147635086606,82.98400115966797,83.66150016784668,83.22440002441407,0.007185362408841801,20.665736888219186,-0.5232318144117158,0.03564706851989667
2017-03-14,80.52999877929688,80.79000091552734,80.06999969482422,80.58999633789062,55.73136901855469,4582400,-0.0002481611749096668,82.51700057983399,83.49900016784667,83.20619995117187,0.007176522140613621,21.438827597562977,-0.6434083310380174,-0.10016401139168615
2017-03-15,80.83000183105469,82.63999938964844,80.77999877929688,82.22000122070312,56.858585357666016,7177800,0.020225895978185138,82.2390007019043,83.44000015258788,83.2,0.008666355314601156,32.923839141608696,-0.6002025533437916,-0.20017171978210724
2017-03-16,82.12999725341797,82.62000274658203,81.91000366210938,82.05999755859375,56.74793243408203,4456700,-0.0019460430519804284,81.99100036621094,83.38699989318847,83.18519989013672,0.00864910791169106,28.86073846730322,-0.5722757825739393,-0.27459253234047365
2017-03-17,82.4000015258789,82.69999694824219,82.0,82.44000244140625,57.01073455810547,4380600,0.00463081762269324,81.81400070190429,83.32849998474121,83.15379989624023,0.008603593861444925,28.22482814395471,-0.5135603927997039,-0.32238610443231974
2017-03-20,82.5,82.73999786376953,82.16000366210938,82.37000274658203,56.96230697631836,2748500,-0.0008490986505486076,81.66800079345703,83.258500289917,83.11559997558594,0.008582094013105565,30.232596974548557,-0.4672897879448783,-0.35136684113483146
2017-03-21,82.4800033569336,82.72000122070312,81.87999725341797,82.01000213623047,56.7133674621582,6969700,-0.004370530512899595,81.5260009765625,83.11700057983398,83.07,0.007990017331188431,29.82460656168115,-0.4544306472126749,-0.3719796023504002
2017-03-22,81.51000213623047,81.55999755859375,80.55000305175781,81.37000274658203,56.6820182800293,4618000,-0.00780391870476127,81.47400131225587,82.9575008392334,83.0268000793457,0.008101231763056861,29.117303520774243,-0.4902312073834594,-0.395629923357012
2017-03-23,81.37999725341797,82.62999725341797,81.26000213623047,81.97000122070312,57.0999755859375,7610200,0.007373705958812815,81.60500106811523,82.80600090026856,83.00980010986328,0.008214979631522873,35.750664659342064,-0.46483027274538813,-0.4094699932346873
2017-03-24,82.08999633789062,82.44999694824219,81.77999877929688,81.87999725341797,57.03728866577149,4399200,-0.0010980110521509046,81.75200042724609,82.6300006866455,83.00120010375977,0.008075081033957831,37.12020656771654,-0.44681184815146935,-0.41693836421804376
2017-03-27,81.76000213623047,82.12000274658203,80.88999938964844,81.13999938964844,56.52179336547852,4556000,-0.009037590236834592,81.80500030517578,82.39450073242188,82.96940002441406,0.008024105887465095,35.524667215159226,-0.4866341445321467,-0.4308775202808644
2017-03-28,81.33000183105469,81.61000061035156,80.56999969482422,81.48999786376953,56.76561737060547,4232100,0.004313513393564783,81.89500045776367,82.20600051879883,82.94699996948242,0.00811367990264077,47.02380209013345,-0.48436815493433016,-0.44157564721155756
2017-03-29,81.45999908447266,81.95999908447266,81.20999908447266,81.94999694824219,57.0860481262207,3123200,0.005644853313674814,81.86800003051758,82.05350036621094,82.92099990844727,0.008298135931222363,60.84025747550905,-0.44037785828371057,-0.4413360894259882
2017-03-30,81.81999969482422,82.2300033569336,81.27999877929688,82.0999984741211,57.190521240234375,4593300,0.0018304030685156736,81.87200012207032,81.93150024414062,82.89519989013672,0.008289910180299627,64.44436619442781,-0.3889280413701073,-0.43085447981481206
2017-03-31,82.12999725341797,82.88999938964844,81.98999786376953,82.58999633789062,57.531856536865234,7167900,0.005968305394353779,81.88699951171876,81.85050010681152,82.89619979858398,0.008427668060915446,66.12370524264895,-0.30509797868559474,-0.4057031795889686
2017-04-03,82.36000061035156,82.98999786376953,82.31999969482422,82.83000183105469,57.69904708862305,7469000,0.0029059874537609165,81.93299942016601,81.80050010681153,82.88999984741211,0.008425273712357184,67.61006213862431,-0.2167965172565971,-0.36792184712249437
2017-04-04,82.70999908447266,83.37000274658203,82.5999984741211,82.83000183105469,57.69904708862305,5359300,0.0,82.01499938964844,81.77050018310547,82.86979995727539,0.008367278655676508,56.44819443458737,-0.14514384500019162,-0.3233662466980338
2017-04-05,82.91000366210938,83.41000366210938,82.81999969482422,82.94999694824219,57.78263854980469,4738600,0.0014486914709026522,82.17299880981446,81.82350006103516,82.8515998840332,0.007199489539857192,59.48826147499382,-0.07777939049375959,-0.27424887545717896
2017-04-06,82.7699966430664,83.54000091552734,82.43000030517578,83.38999938964844,58.089141845703125,4711500,0.005304429868524307,82.31499862670898,81.9599998474121,82.85319992065429,0.00623889842160306,59.999967876233555,0.01098531295529881,-0.21720203777468342
2017-04-07,83.58999633789062,83.87999725341797,83.2699966430664,83.51000213623047,58.17272567749024,4483800,0.001439054412523788,82.47799911499024,82.11499977111816,82.86039993286133,0.006137467568805414,61.874986092258396,0.08997798845665272,-0.1557660325284162
2017-04-10,83.55999755859375,84.16000366210938,83.36000061035156,84.02999877929688,58.53497314453125,2547800,0.0062267588284590225,82.76699905395508,82.28599967956544,82.89419998168945,0.006212450893928451,70.36287314437247,0.19232266029396783,-0.08614829396393939
2017-04-11,84.05999755859375,84.7699966430664,83.94000244140625,84.61000061035156,58.9389877319336,3864200,0.0069023186895200705,83.07899932861328,82.48699989318848,82.95080001831055,0.006275757800774007,83.06119239614296,0.31658347335272197,-0.005601940500607125
2017-04-12,84.58000183105469,84.9000015258789,84.30999755859375,84.45999908447266,58.834510803222656,3526900,-0.0017728581112970154,83.32999954223632,82.59899978637695,82.99259994506836,0.0047362618988826335,77.97747530736142,0.3983650886607819,0.07519146533167069
2017-04-13,84.43000030517578,84.6500015258789,84.16000366210938,84.2699966430664,58.70213317871094,2759500,-0.002249614533102462,83.54699935913087,82.70949974060059,83.05039993286132,0.004747871762381254,76.26371194108435,0.44274234078528707,0.14870164042239398
2017-04-17,84.4000015258789,85.30999755859375,84.30999755859375,85.29000091552734,59.41268157958984,3875000,0.012104002766029076,83.81699981689454,82.85199966430665,83.10919998168946,0.0052842362161784045,92.96059417545045,0.5538332085915698,0.22972795405622914
2017-04-18,85.22000122070312,85.5999984741211,85.16000366210938,85.5199966430664,59.57288360595703,2807300,0.002696631786495818,84.0859992980957,83.00949935913086,83.16359985351562,0.00525310551192926,92.78124240706245,0.6529059612509798,0.31436355549517925
2017-04-19,85.44999694824219,85.72000122070312,85.25,85.4000015258789,59.48929977416992,3622900,-0.0014031235020778299,84.34299926757812,83.17899932861329,83.21839981079101,0.0051068046603899315,89.47371177667013,0.7135142799264429,0.394193700381432
2017-04-20,85.23999786376953,85.47000122070312,84.80000305175781,85.41000366210938,59.496280670166016,3109100,0.00011712103105110394,84.58899993896485,83.38099937438965,83.27919982910156,0.004583565173349566,89.12532578210251,0.7536661042298647,0.46608818115111855
2017-04-21,85.36000061035156,85.45999908447266,84.95999908447266,85.0999984741211,59.28030776977539,3261900,-0.0036296121612954257,84.7599998474121,83.53749923706054,83.32079986572266,0.004619885056350026,80.98759896994027,0.7518055401354076,0.5232316529479764
2017-04-24,85.5,85.55000305175781,83.38999938964844,84.16000366210938,58.625526428222656,6595300,-0.01104576767175347,84.825,83.65149955749511,83.33959991455077,0.005423599156241339,64.00001927425987,0.6667949075916795,0.551944303876717
2017-04-25,84.16000366210938,84.63999938964844,84.0199966430664,84.51000213623047,58.86933135986328,3412300,0.0041587269354963485,84.87300033569336,83.81999969482422,83.35360000610352,0.0048621273192833445,66.4705961550832,0.6205124394876975,0.5656579309989131
2017-04-26,84.44999694824219,84.62000274658203,83.66999816894531,83.87999725341797,58.43048095703125,4185400,-0.007454796673616593,84.8,83.93949966430664,83.35440002441406,0.005268631540769207,58.28876059919899,0.5269230799284514,0.5579109607848208
2017-04-27,84.01000213623047,84.20999908447266,83.5,83.66000366210938,58.27724075317383,4822200,-0.002622718151074177,84.72000045776367,84.025,83.35960006713867,0.005247265072454124,52.50467813576643,0.43004391538386244,0.5323375517046292
2017-04-28,83.44000244140625,83.56999969482422,82.48999786376953,82.79000091552734,57.67117691040039,5983700,-0.01039926737387975,84.57200088500977,84.05950012207032,83.35300003051758,0.005831166078171392,44.13679729417407,0.27983872217706107,0.4818377857991155
2017-05-01,83.1500015258789,83.52999877929688,82.45999908447266,83.27999877929688,58.01252365112305,6003600,0.005918563333143112,84.37100067138672,84.09400024414063,83.34639999389648,0.005828691759061939,43.86252107136168,0.19805569415701996,0.4250813674706964
2017-05-02,83.37999725341797,83.58999633789062,82.83000183105469,83.13999938964844,57.91499328613281,4930000,-0.0016810685843002826,84.13300094604492,84.10950012207032,83.33380004882812,0.0058164638053871676,37.03702208622967,0.12055558477725015,0.3641762109320072
2017-05-03,83.0999984741211,83.19999694824219,81.76000213623047,82.02999877929688,57.14176177978516,6207500,-0.013350981699547182,83.79600067138672,84.06949996948242,83.27760009765625,0.0065596340295657534,31.674198251567603,-0.030084784192510483,0.28532401190710366
2017-05-04,81.5199966430664,81.76000213623047,80.69999694824219,81.62999725341797,56.863128662109375,8025100,-0.004876283455216401,83.41800003051758,84.00349998474121,83.21900009155273,0.006614769041784512,30.70174851539042,-0.17967397238201954,0.19232441504927902
2017-05-05,81.80999755859375,82.4000015258789,81.7699966430664,82.4000015258789,57.39950942993164,5458100,0.009432859222945789,83.14800033569335,83.95400009155273,83.1670001220703,0.0068740008322031474,28.07283007858628,-0.23340106991389575,0.10717931805664407
2017-05-08,82.58000183105469,82.58000183105469,81.36000061035156,81.81999969482422,56.99549102783203,3940600,-0.007038857042648616,82.91399993896485,83.86949996948242,83.09540008544921,0.0070034787457397525,23.342970845609244,-0.319103060828823,0.02192284227955066
2017-05-09,81.80999755859375,81.91999816894531,81.05999755859375,81.37999725341797,56.68899154663086,5790900,-0.005377688133065162,82.60099945068359,83.73699989318848,83.00600006103515,0.006852459029697472,22.314057403235026,-0.4177119030443919,-0.06600410678523785
2017-05-10,81.37000274658203,82.30000305175781,81.16999816894531,82.0199966430664,57.13480758666992,3801400,0.007864332898113391,82.41499938964844,83.60749969482421,82.94119995117188,0.006918185289951291,28.517084897003258,-0.4391552109843957,-0.14063432762506944
2017-05-11,81.72000122070312,81.8499984741211,80.9000015258789,81.61000061035156,56.84920501708984,3542600,-0.004998732620034807,82.20999908447266,83.46499977111816,82.8733999633789,0.0069616011633748965,28.160207779310866,-0.4836571419119906,-0.2092388904824537
2017-05-12,81.61000061035156,81.77999877929688,81.20999908447266,81.27999877929688,56.61933517456055,3115400,-0.00404364451153838,82.0589988708496,83.31549987792968,82.8081999206543,0.0069806988177000704,30.487784706485613,-0.5393364972024983,-0.2752584118264626
2017-05-15,81.3499984741211,82.22000122070312,81.30000305175781,81.5199966430664,56.78650665283203,3263900,0.0029527296674942693,81.88299865722657,83.12699966430664,82.75439987182617,0.006288214286556773,29.436012819893918,-0.5576685101100054,-0.33174043148317117
2017-05-16,81.5199966430664,81.69000244140625,80.70999908447266,80.97000122070312,56.40337371826172,4338600,-0.006746754722910753,81.66599884033204,82.89949989318848,82.69719985961915,0.006252537019766532,29.763573487887925,-0.609550280296034,-0.3873024012457437
2017-05-17,80.91999816894531,81.61000061035156,80.75,81.30000305175781,56.63325500488281,7243700,0.004075606102007967,81.59299926757812,82.69449996948242,82.65459991455079,0.0064303537647009395,33.83561901536956,-0.6169270165081144,-0.4332273242982179
2017-05-18,81.16999816894531,81.95999908447266,80.7300033569336,81.75,56.94671630859375,4128200,0.0055350176057891165,81.60499954223633,82.51149978637696,82.65179992675782,0.006653866184611695,42.44185079426686,-0.5797788109283744,-0.4625376216242492
2017-05-19,81.69000244140625,82.68000030517578,81.3499984741211,82.19000244140625,57.25322723388672,6390100,0.005382292861238591,81.58399963378906,82.36599998474121,82.68239990234375,0.006851761683041807,42.02052675202352,-0.5089670156647941,-0.4718235004323582
2017-05-22,82.22000122070312,82.80000305175781,82.16000366210938,82.51000213623047,57.47613143920898,3433700,0.0038934138620125847,81.65299987792969,82.28349990844727,82.72439987182617,0.006590434841512768,45.506440360681964,-0.4221604537980568,-0.46189089110549797
2017-05-23,82.68000030517578,82.98999786376953,82.52999877929688,82.58000183105469,57.52488708496094,2960100,0.0008483782936843376,81.77300033569335,82.18699989318847,82.76379989624023,0.0064957681233011886,54.60638977635782,-0.34375464814671375,-0.43826364251374117
2017-05-24,82.69000244140625,83.30000305175781,82.6500015258789,83.25,57.991607666015625,2578500,0.008113322282506275,81.89600067138672,82.15550003051757,82.81699996948242,0.006629912595837907,62.98079568254372,-0.22496101886702036,-0.39560311778439705
2017-05-25,83.38999938964844,83.6500015258789,83.08000183105469,83.26000213623047,57.99858856201172,3146900,0.00012014578054619918,82.06100082397461,82.13549995422363,82.83779998779296,0.006608891440832672,57.84672701503883,-0.1285275375512498,-0.34218800173776764
2017-05-26,83.2300033569336,83.33000183105469,82.4000015258789,82.66000366210938,57.58064651489258,3046100,-0.00720632306902147,82.19900131225586,82.12900009155274,82.84980010986328,0.0063847906870867005,57.63641029553541,-0.09937266508215714,-0.29362493440664555
2017-05-30,82.6500015258789,82.81999969482422,82.13999938964844,82.13999938964844,57.218406677246094,1865200,-0.0062908813140943876,82.26100158691406,82.0720001220703,82.84380004882813,0.006366824216203418,56.810062060677,-0.11687989881313854,-0.2582759272879442
2017-05-31,82.27999877929688,82.52999877929688,81.87000274658203,82.19000244140625,57.25322723388672,5515000,0.0006087539825829769,82.38300170898438,82.02450027465821,82.8402000427246,0.0063682674373354824,51.70346564248245,-0.12527558038451048,-0.23167585790725748
2017-06-01,81.95999908447266,82.72000122070312,81.76000213623047,82.62000274658203,57.55276870727539,6557200,0.005231783579545901,82.5150016784668,82.05400047302246,82.85240005493164,0.005726354826430438,60.079857341042924,-0.09612373299323451,-0.2045654329244529
2017-06-02,82.95999908447266,83.6500015258789,82.95999908447266,83.47000122070312,58.14487457275391,3999500,0.010288047032971814,82.6870018005371,82.14600067138672,82.89440002441407,0.00599235240866631,69.80111143609243,-0.004382393278248742,-0.16452882499521207
2017-06-05,83.26000213623047,83.37999725341797,82.7300033569336,83.11000061035156,57.89409637451172,4919900,-0.004312934049200301,82.77900161743165,82.18150062561035,82.91720001220703,0.005774528404295995,64.07082776882805,0.03882666912885213,-0.12385772617039924
2017-06-06,83.16000366210938,83.18000030517578,82.58999633789062,82.70999908447266,57.61547088623047,4358300,-0.004812916892568131,82.79900131225585,82.22600059509277,82.93380004882812,0.005642641524863998,65.81814045557132,0.04032850035629565,-0.09102048086506026
2017-06-07,82.69000244140625,83.44000244140625,82.62000274658203,83.29000091552734,58.01949691772461,3191200,0.007012475365431037,82.87000122070313,82.32150077819824,82.97680007934571,0.005637026948142447,67.30430628992987,0.08731351703904977,-0.05535368128423825
2017-06-08,83.31999969482422,83.31999969482422,82.3499984741211,83.08999633789062,57.88016891479492,2963600,-0.002401303583122294,82.85400085449218,82.37500076293945,83.00880004882812,0.005460544982202876,62.1817510937747,0.1071753328389633,-0.022847878459597945
2017-06-09,83.08999633789062,83.94999694824219,82.80000305175781,83.66999816894531,58.28418350219727,4950400,0.006980405062193995,82.89500045776367,82.47800064086914,83.04320007324219,0.005463884714062228,63.12049542237517,0.16778316555449635,0.015278330343220913
2017-06-12,83.5999984741211,84.44000244140625,83.47000122070312,84.41999816894531,58.80663299560547,4049500,0.008963786499500248,83.07099990844726,82.63500061035157,83.08960006713868,0.005572256405843173,65.73304223557048,0.2731849357384277,0.06685965142226227
2017-06-13,84.37999725341797,84.69000244140625,84.02999877929688,84.61000061035156,58.9389877319336,2787500,0.002250680472960953,83.31800003051758,82.78950080871581,83.1300001525879,0.005567562928313483,66.39735843754391,0.3678083414848743,0.12704938943478467
2017-06-14,85.12000274658203,85.30000305175781,84.44000244140625,84.7300033569336,59.0225830078125,5317300,0.0014183045232993852,83.5720001220703,82.97750091552734,83.16800018310546,0.005188402797273956,63.12054531017289,0.44732480905931027,0.1911044733596898
2017-06-15,84.37000274658203,85.38999938964844,84.30000305175781,85.16000366210938,59.32213592529297,3757200,0.005074947340251601,83.82600021362305,83.17050094604492,83.21460021972656,0.0052113173624119815,65.67652735304966,0.5388283358161772,0.26064924585098725
2017-06-16,85.2699966430664,85.31999969482422,84.56999969482422,84.94000244140625,59.16885757446289,4497900,-0.0025833866984791287,83.97300033569336,83.33000106811524,83.25440032958984,0.005264836782956258,70.07032983564632,0.5868286843494701,0.3258851335506838
2017-06-19,84.94000244140625,84.98999786376953,84.54000091552734,84.94999694824219,59.17584609985352,4892200,0.00011766548797575993,84.15699996948243,83.46800079345704,83.28560028076171,0.005214458521145686,77.17592128020023,0.6185455712459458,0.38441722108973625
2017-06-20,85.0,85.23999786376953,84.0999984741211,84.75,59.0365104675293,3194300,-0.0023542902345722316,84.36100006103516,83.5800006866455,83.3104002380371,0.005260914095118714,74.06009430607024,0.6203918591683504,0.4316121487054591
2017-06-21,84.75,84.98999786376953,84.04000091552734,84.58000183105469,58.91807556152344,2559700,-0.002005878099649694,84.4900001525879,83.68000068664551,83.32140029907227,0.005313781021514345,69.36756002864789,0.6012072808536004,0.4655311751350874
2017-06-22,84.47000122070312,84.83000183105469,84.12999725341797,84.66000366210938,58.97382736206055,6220800,0.0009458717110752968,84.64700088500976,83.75050086975098,83.32240036010742,0.005059349261800902,63.86946469855949,0.5857071757526313,0.4895663752585962
2017-06-23,83.88999938964844,84.62999725341797,83.75,84.1500015258789,59.17847442626953,3759000,-0.006024121358014112,84.69500122070312,83.7950008392334,83.31620040893554,0.005287543259474849,61.71169545725572,0.5262045620197711,0.4968940126108312
2017-06-26,84.36000061035156,85.05999755859375,84.36000061035156,84.75,59.60041427612305,6417400,0.007130106515049528,84.72800140380859,83.89950065612793,83.32580047607422,0.0051514287001156785,71.98273523245777,0.5214521980618656,0.5018056497010381
2017-06-27,84.33000183105469,84.83000183105469,83.94000244140625,83.98999786376953,59.06591796875,3925300,-0.008967576828678103,84.66600112915039,83.99200057983398,83.29980041503906,0.00538734557363471,57.261368097149585,0.45115940975667,0.49167640171216453
2017-06-28,84.22000122070312,84.58999633789062,83.93000030517578,84.19000244140625,59.20657730102539,2956300,0.0023812904241422572,84.61200103759765,84.09200057983398,83.27320053100586,0.0053929305871480235,61.410834356915835,0.40690007571356546,0.47472113651244474
2017-06-29,83.91999816894531,83.91999816894531,83.08000183105469,83.2300033569336,58.53148651123047,3985800,-0.011402768222281368,84.41900100708008,84.12250061035157,83.22980056762695,0.00599070875439757,45.76928437809485,0.2910057978505023,0.4379780687800563
2017-06-30,83.45999908447266,83.87999725341797,82.98999786376953,83.2300033569336,58.53148651123047,4206900,0.0,84.24800109863281,84.11050071716309,83.18620056152344,0.005518711155814339,36.62928552936799,0.19688913231276217,0.3897602814865975
2017-07-03,83.55999755859375,84.45999908447266,83.37000274658203,84.29000091552734,59.27692413330078,3169500,0.012735762535631912,84.18200149536133,84.16950073242188,83.17000061035156,0.006122209917173882,46.992483898678195,0.2054654630492081,0.35290131779911965
2017-07-05,84.44000244140625,84.44000244140625,82.94000244140625,83.0999984741211,58.44005584716797,5370200,-0.014117955018162043,84.01700134277344,84.18900070190429,83.1488005065918,0.006872619718758873,37.24565697570294,0.1149143540490627,0.30530392504910825
2017-07-06,82.58999633789062,82.97000122070312,81.44000244140625,81.54000091552734,57.34298706054688,4091400,-0.018772534142459274,83.7130012512207,84.1015007019043,83.08940048217774,0.007883041961178108,25.930822057482246,-0.08178406199611743,0.2278863276400631
2017-07-07,81.73999786376953,82.2300033569336,81.43000030517578,82.0,57.66647338867188,3249800,0.005641391701101339,83.44700088500977,84.04700088500977,83.05180053710937,0.008013548836786491,31.056671890577093,-0.1982654118514091,0.1426559797417687
2017-07-10,82.18000030517578,82.26000213623047,81.19000244140625,81.25,57.1390495300293,4164100,-0.009146341463414642,83.15700073242188,83.9260009765625,83.00360046386719,0.008018883680857911,28.235312069163598,-0.34709535362576105,0.04470571306826274
2017-07-11,81.30999755859375,81.38999938964844,80.58000183105469,81.16000366210938,57.07573699951172,3346600,-0.0011076472355768807,82.79800109863281,83.7630012512207,82.97100051879883,0.007638658507968744,28.605502985375935,-0.46692370130206484,-0.057620169805802784
2017-07-12,81.70999908447266,82.62999725341797,81.54000091552734,82.16000366210938,57.77901458740234,3189200,0.01232134000588836,82.6150016784668,83.6405014038086,82.94860061645508,0.008237821831552757,36.8763674157043,-0.4757131622871782,-0.14123876830207788
2017-07-13,82.22000122070312,82.48999786376953,82.0,82.29000091552734,57.870418548583984,2556100,0.0015822449808131633,82.42500152587891,83.51850128173828,82.93160064697265,0.008240892255364356,37.21680903544501,-0.466808108230353,-0.20635263628773293
2017-07-14,82.79000091552734,83.2300033569336,82.70999908447266,83.08000183105469,58.42598342895508,2577600,0.00960020545313034,82.41000137329101,83.41450119018555,82.95260070800781,0.008487263573451524,44.39790467166825,-0.39149144745168485,-0.24338039852052334
2017-07-17,83.08000183105469,83.87999725341797,82.91999816894531,83.75,58.89716720581055,2730700,0.008064493911636772,82.46200103759766,83.35500106811523,82.99500076293945,0.00872659511017764,44.80249216440164,-0.2745740792624787,-0.24961913466891444
2017-07-18,83.77999877929688,83.93000030517578,83.33999633789062,83.56999969482422,58.77060317993164,3012500,-0.0021492573752331934,82.39000091552734,83.28600120544434,83.01840072631836,0.008730561687261324,47.6769995527011,-0.1942021019856668,-0.23853572813226492
2017-07-19,83.69999694824219,84.2300033569336,83.5199966430664,84.19999694824219,59.21361923217773,2949700,0.00753855756513766,82.50000076293945,83.25850105285645,83.06600067138672,0.00891510605044261,50.0527693856999,-0.07876328359601814,-0.20658123922501556
2017-07-20,84.25,84.38999938964844,83.7699966430664,83.80999755859375,58.93936920166016,3140400,-0.004631821897667865,82.7270004272461,83.22000083923339,83.11460067749023,0.008960962099281487,53.25839941913644,-0.01853324005931256,-0.16897163939187498
2017-07-21,83.87000274658203,83.97000122070312,83.3499984741211,83.75,58.89716720581055,2967100,-0.0007158759138705673,82.9020004272461,83.17450065612793,83.1492007446289,0.008955343567064056,52.901772219587315,0.02408061547401985,-0.130361188418696
2017-07-24,83.7300033569336,83.83000183105469,83.20999908447266,83.58999633789062,58.78462600708008,2659300,-0.001910491487873145,83.13600006103516,83.14650039672851,83.18880065917969,0.008868660150455383,45.6575344151437,0.04442929145895391,-0.09540309244316603
2017-07-25,83.6500015258789,83.77999877929688,83.12999725341797,83.69999694824219,58.862003326416016,2785000,0.0013159542429803661,83.38999938964844,83.09400024414063,83.23720062255859,0.008706218728738594,54.29799066763874,0.06864064707110629,-0.06259434454031157
2017-07-26,83.7300033569336,84.56999969482422,83.54000091552734,84.27999877929688,59.26988220214844,2976800,0.0069295322843720975,83.60199890136718,83.10850028991699,83.2924006652832,0.008626143151190275,72.83334456551178,0.13309538061695037,-0.023456399508859187
2017-07-27,83.9800033569336,84.7300033569336,83.4800033569336,84.37999725341797,59.3402099609375,2828800,0.0011865030323856551,83.81099853515624,83.11800003051758,83.3606005859375,0.008614427923052337,71.09929725598414,0.19005443326089733,0.01924576704509212
2017-07-28,84.4000015258789,84.66000366210938,83.9800033569336,84.1500015258789,59.17847442626953,3024500,-0.0027257138542955417,83.91799850463867,83.16399993896485,83.41760055541992,0.008211132685659627,78.32039661027557,0.2141673716453738,0.05823008796514846
2017-07-31,84.23999786376953,84.37999725341797,83.5999984741211,84.26000213623047,59.25581741333008,2967600,0.001307196771918484,83.96899871826172,83.21549987792969,83.46780059814454,0.008211459463437378,80.15567552162729,0.23939359859407716,0.09446279009093421
2017-08-01,84.5199966430664,85.0,83.97000122070312,84.63999938964844,59.5230598449707,3142900,0.004509817752005096,84.07599868774415,83.23299980163574,83.51680053710938,0.007768145810667724,77.43364773717009,0.28674277555197136,0.13291878718314165
2017-08-02,84.45999908447266,84.45999908447266,83.58999633789062,83.87000274658203,58.981563568115234,2192000,-0.009097313901452853,84.04299926757812,83.2715000152588,83.54400054931641,0.007349730680383518,65.31012967042716,0.2591477514931455,0.15816458004514242
2017-08-03,83.72000122070312,84.18000030517578,83.4000015258789,83.69999694824219,58.862003326416016,2032500,-0.0020270155332356987,84.03199920654296,83.37949981689454,83.56640045166016,0.005838717761360654,56.82815015477275,0.22101275156246913,0.17073421434860775
2017-08-04,83.68000030517578,84.13999938964844,83.5,83.9800033569336,59.05891036987305,2068700,0.0033453574540098785,84.05499954223633,83.4784999847412,83.58100051879883,0.005771552857391932,52.77112376344107,0.21095293234930068,0.17877795794874635
2017-08-07,84.0,84.11000061035156,83.56999969482422,83.88999938964844,58.99561309814453,1642700,-0.0010717309322151314,84.0849998474121,83.61049995422363,83.59360046386719,0.00526960721065381,53.94087790541442,0.19348748193047527,0.18171986274509216
2017-08-08,83.7300033569336,83.91999816894531,83.27999877929688,83.48999786376953,58.714332580566406,2324400,-0.004768166989976952,84.06399993896484,83.72699966430665,83.61020034790039,0.005430205145006837,40.731105343152585,0.14568978529939614,0.17451384725595298
2017-08-09,83.55000305175781,83.58999633789062,83.05000305175781,83.20999908447266,58.517391204833984,4508400,-0.0033536805181592078,83.95699996948242,83.77949943542481,83.63160034179687,0.004878731554767451,41.935523565954114,0.08424508007131237,0.15646009381902487
2017-08-10,83.02999877929688,83.18000030517578,82.61000061035156,82.61000061035156,58.09545516967773,4190800,-0.007210653535904887,83.78000030517578,83.79549942016601,83.64000030517577,0.005177028411938581,36.61975614648404,-0.01271854253094773,0.12262436654903036
2017-08-11,82.62999725341797,82.69000244140625,81.7300033569336,82.0999984741211,57.736793518066406,2692800,-0.00617361254645199,83.575,83.74649925231934,83.62960021972657,0.004862659055490091,33.839531446785486,-0.12922618315758427,0.07225425660770743
2017-08-14,82.44000244140625,83.62999725341797,82.30000305175781,83.47000122070312,58.70026016235352,2160200,0.01668700087751973,83.49599990844726,83.7324993133545,83.62960021972657,0.0059338501281408955,48.040925715563155,-0.10974646673423649,0.035854111939318645
2017-08-15,83.30999755859375,83.30999755859375,82.66999816894531,83.22000122070312,58.524444580078125,2260000,-0.0029950880117872725,83.35400009155273,83.71499938964844,83.6318002319336,0.0059518302801233845,40.43324978654254,-0.11317692860500017,0.006047903830454882
2017-08-16,83.31999969482422,83.80999755859375,83.31999969482422,83.55000305175781,58.75652313232422,2945300,0.0039654148788041965,83.3220001220703,83.68249969482422,83.6486003112793,0.005758005911980532,42.807690731164236,-0.08824991444691932,-0.012811659825019958
2017-08-17,83.44999694824219,83.75,82.98999786376953,83.02999877929688,58.39081954956055,2053900,-0.006223868982252467,83.25500030517578,83.64349975585938,83.64340026855469,0.0058305477775489455,40.75908442538641,-0.10919632777354593,-0.032088593414725156
2017-08-18,82.81999969482422,82.94999694824219,81.94999694824219,82.19000244140625,57.80009841918945,2011600,-0.010116781286766408,83.07600021362305,83.56549987792968,83.625400390625,0.006218997755098209,34.75703413893105,-0.19137118764439265,-0.06394511226065866
2017-08-21,82.19999694824219,83.20999908447266,82.06999969482422,83.06999969482422,58.41895294189453,2487600,0.010706864913957448,82.99400024414062,83.53950004577636,83.61340042114257,0.006732170428564285,39.23185040140573,-0.18337312102957526,-0.08783071401444198
2017-08-22,83.08000183105469,83.33000183105469,82.61000061035156,82.83000183105469,58.25017547607422,1835300,-0.0028891039442785482,82.92800064086914,83.49600028991699,83.58160049438476,0.00674501056605873,42.30770533006639,-0.1941622360790234,-0.10909701842735828
2017-08-23,82.86000061035156,83.77999877929688,82.6500015258789,83.68000030517578,58.847938537597656,1889800,0.01026196372486865,82.97500076293946,83.46600036621093,83.56300048828125,0.006975445106120531,49.86561413979205,-0.1325964253066303,-0.11379689980321268
2017-08-24,83.8499984741211,84.33000183105469,83.37000274658203,83.41999816894531,58.66508483886719,2012200,-0.003107100087025083,83.05600051879883,83.41800041198731,83.53680038452148,0.006992233046195492,46.226383083733054,-0.10359094425484727,-0.11175570869353961
2017-08-25,83.69000244140625,84.12999725341797,83.30999755859375,83.81999969482422,58.94640350341797,2147300,0.00479503158306005,83.22800064086914,83.40150032043456,83.51000030517578,0.0070707879360408015,49.547220799319376,-0.047776375050077036,-0.0989598419648471
2017-08-28,83.86000061035156,83.94000244140625,82.91999816894531,83.18000030517578,58.49632263183594,2072000,-0.007635401956318066,83.19900054931641,83.34750022888184,83.47480026245117,0.007252683017417569,48.055222640440185,-0.054556633963585455,-0.09007920036459477
2017-08-29,83.05999755859375,83.44999694824219,83.0,83.08999633789062,58.43302917480469,1401700,-0.0010820385543994782,83.18600006103516,83.27000007629394,83.43760025024415,0.007151602306894368,49.22877475751196,-0.06642687826372651,-0.08534873594442112
2017-08-30,82.94999694824219,83.56999969482422,82.62000274658203,83.55999755859375,58.7635498046875,2054100,0.005656531970368972,83.18699951171875,83.25449981689454,83.41380020141601,0.007021232409835485,56.20912294978967,-0.03747695088422631,-0.07577437893238216
2017-08-31,83.79000091552734,84.2699966430664,83.62999725341797,84.04000091552734,59.1010971069336,3212700,0.005744415640953182,83.28799972534179,83.2715000152588,83.40300018310546,0.0071268249511520325,62.729657478698805,0.023922569990531883,-0.05583498914779935
2017-09-01,84.05999755859375,84.68000030517578,83.94999694824219,84.33000183105469,59.30506134033203,3385900,0.0034507486002866017,83.50199966430664,83.28899993896485,83.39640014648438,0.007129290727373991,56.5749196231504,0.09488896200012675,-0.025690198918214127
2017-09-05,84.41999816894531,84.68000030517578,83.68000030517578,84.0999984741211,59.1432991027832,3705200,-0.002727420276764314,83.60499954223633,83.29949989318848,83.39540008544923,0.00715479394394782,56.74843287607756,0.13106020975081378,0.005659882815591457
2017-09-06,84.2699966430664,84.88999938964844,84.19000244140625,84.31999969482422,59.29802703857422,3330500,0.0026159479749672254,83.75399932861328,83.34099998474122,83.3868000793457,0.007077792406351274,56.0062034842824,0.17545589770558934,0.03961908579359103
2017-09-07,84.48999786376953,85.0,84.36000061035156,84.86000061035156,59.67778015136719,2313000,0.006404185454005562,83.87199935913085,83.42350006103516,83.40420013427735,0.007132930618402246,64.2301677515502,0.2513163428095879,0.08195853719679042
2017-09-08,84.62999725341797,85.23999786376953,84.55999755859375,84.93000030517578,59.72698974609375,2334500,0.0008248844487479534,84.0229995727539,83.53950004577636,83.41900009155273,0.006867086046976391,74.20487983727585,0.31347118180515565,0.12826106611846347
2017-09-11,85.12000274658203,85.80000305175781,85.0,85.70999908447266,60.275535583496094,2352600,0.009184019504228536,84.21199951171874,83.72000007629394,83.46860000610351,0.006833236801293911,73.74094697583024,0.4208177966680182,0.18677241222837443
2017-09-12,85.58000183105469,85.80000305175781,84.38999938964844,84.69999694824219,59.56525039672852,3991300,-0.011783947579267262,84.36399917602539,83.7814998626709,83.49799987792969,0.006613189416698472,64.77085362208445,0.4195556544633803,0.23332906067537562
2017-09-13,84.72000122070312,84.76000213623047,84.19000244140625,84.4800033569336,59.41054534912109,1840100,-0.002597327027567986,84.50299987792968,83.84449996948243,83.50179992675781,0.006601914614609433,57.017555600766684,0.3962361892759958,0.26591048639549963
2017-09-14,84.37000274658203,85.22000122070312,84.16999816894531,85.18000030517578,59.902809143066406,2839400,0.008285948395203802,84.6650001525879,83.92599983215332,83.5433999633789,0.006780177741092329,64.33224856886888,0.4292906532849514,0.29858651977339
2017-09-15,85.12999725341797,85.37999725341797,84.58000183105469,85.33999633789062,60.01535415649414,3172800,0.001878328623404757,84.79499969482421,84.041499710083,83.61939987182618,0.006565213850511387,62.881324152199916,0.4630590404796493,0.33148102391464185
2017-09-18,85.31999969482422,85.47000122070312,84.61000061035156,84.87999725341797,59.69183349609375,3442200,-0.0053901933936271185,84.84999923706054,84.17599945068359,83.67699981689454,0.006204216021408991,64.86011001264453,0.44754364432975535,0.35469354799766456
2017-09-19,84.94999694824219,84.97000122070312,84.26000213623047,84.31999969482422,59.29802703857422,2916500,-0.006597520932073331,84.87199935913085,84.23849945068359,83.73839981079101,0.006077039753173769,59.93541508747928,0.38561532478799165,0.36087790335573
2017-09-20,84.54000091552734,84.66000366210938,83.72000122070312,84.08999633789062,59.136260986328125,2741300,-0.0027277438065231863,84.8489990234375,84.30149917602539,83.79699966430664,0.006072038774662353,54.45377353893815,0.3143536633427573,0.3515730553531355
2017-09-21,84.08000183105469,84.62999725341797,83.91999816894531,83.93000030517578,59.02374649047852,6278500,-0.0019026761765090772,84.75599899291993,84.31399917602539,83.83239959716796,0.005667242876641024,49.023083365179,0.2421762830953753,0.32969370090158345
2017-09-22,83.16999816894531,83.4800033569336,82.44000244140625,82.48999786376953,58.60741424560547,4549600,-0.017157183798049536,84.51199874877929,84.2674991607666,83.83639953613282,0.006842977380643236,36.430631496387285,0.0679952202469849,0.27735400477066374
2017-09-25,82.48999786376953,83.30999755859375,82.48999786376953,82.97000122070312,58.94845199584961,5536300,0.005818927983563649,84.23799896240234,84.22499923706054,83.83419952392578,0.006888653840847185,41.96302506416622,-0.030955432659453663,0.21569211728464027
2017-09-26,83.12999725341797,83.37999725341797,82.91000366210938,83.11000061035156,59.04790496826172,3099300,0.0016873494948617118,84.07899932861328,84.22149925231933,83.82139953613282,0.006692091273778588,41.29495723690349,-0.09696006202831597,0.15316168142204906
2017-09-27,82.94000244140625,83.0999984741211,82.06999969482422,82.36000061035156,58.51505661010742,3812800,-0.009024184749032327,83.86699905395508,84.18499946594238,83.79719955444335,0.006987505518908527,32.5418711653173,-0.20739719259336198,0.08104990661896685
2017-09-28,82.19000244140625,83.0,82.19000244140625,82.91999816894531,58.91290664672852,4114300,0.006799387499316856,83.64099884033203,84.15299949645996,83.77159957885742,0.00704423810341522,36.862707552316294,-0.2468863393010139,0.01546265743497071
2017-09-29,82.80000305175781,83.18000030517578,82.62000274658203,83.08999633789062,59.0337028503418,4245200,0.002050146800521402,83.41599884033204,84.10549926757812,83.75719955444336,0.00692311864200436,31.391988035697835,-0.26145050242618595,-0.03991997453726062
2017-10-02,83.22000122070312,83.26000213623047,82.83999633789062,82.97000122070312,58.94845199584961,4533800,-0.0014441584122778517,83.22499923706054,84.03749923706054,83.74159957885742,0.006860651580698271,35.93494522944087,-0.27945393869673296,-0.0878267673691551
2017-10-03,82.95999908447266,83.04000091552734,82.66000366210938,82.8499984741211,58.86319351196289,6710800,-0.0014463389757319867,83.07799911499023,83.97499923706054,83.72679962158203,0.006847580444622894,36.52885808540904,-0.2999474034372298,-0.13025089458277003
2017-10-04,82.91999816894531,83.33000183105469,82.62999725341797,83.2699966430664,59.16159439086914,4137400,0.005069380527224832,82.99599914550781,83.92249908447266,83.71819961547851,0.006932058176752429,33.44881023530843,-0.2790812053159186,-0.16001695672939975
2017-10-05,83.37999725341797,83.98999786376953,83.37000274658203,83.56999969482422,59.37473678588867,3398700,0.003602774875130166,82.95999908447266,83.85799903869629,83.70399963378907,0.006810240888624013,35.02539905891162,-0.2356207644217676,-0.17513771826787333
2017-10-06,83.12999725341797,83.37000274658203,82.5999984741211,83.30000305175781,59.182891845703125,2594800,-0.00323078430121293,83.04099960327149,83.7764991760254,83.68239974975586,0.006821454227738354,36.18884639957531,-0.22042361827442392,-0.18419489826918345
2017-10-09,83.33999633789062,83.70999908447266,83.25,83.5,59.32499313354492,2248200,0.002400923660446086,83.09399948120117,83.66599922180175,83.66939971923829,0.00644977629193757,42.350739098563075,-0.19005089971489042,-0.18536609855832487
2017-10-10,83.76000213623047,84.31999969482422,83.5,83.75,59.50261306762695,6012600,0.0029940119760478723,83.15799942016602,83.61849937438964,83.65919967651367,0.006015630729535234,46.84017663925941,-0.14414576808317747,-0.1771220324632954
2017-10-11,83.81999969482422,84.29000091552734,83.80999755859375,84.02999877929688,59.70155334472656,2944800,0.0033432690065298143,83.32499923706055,83.59599914550782,83.64699966430663,0.006055571072556278,50.909078298503935,-0.08420143733853536,-0.1585379134383434
2017-10-12,84.05999755859375,84.56999969482422,83.93000030517578,84.56999969482422,60.08521270751953,2787500,0.006426287318480606,83.48999938964843,83.56549911499023,83.66099960327148,0.005930599316923039,72.60876055263464,0.0068000508064614,-0.12547032058938243
2017-10-13,84.87999725341797,85.0,84.4000015258789,84.79000091552734,60.24151611328125,2662600,0.0026014097374602585,83.65999984741211,83.53799934387207,83.68279968261719,0.005947031719225053,70.96779297214913,0.09556997449972471,-0.081262261571561
2017-10-16,84.7300033569336,84.9000015258789,84.30000305175781,84.37000274658203,59.943115234375,1972300,-0.004953392669068801,83.8,83.51249961853027,83.69059967041015,0.005928151116804513,63.63642368685709,0.13052581605865043,-0.0389046460455187
2017-10-17,84.27999877929688,84.5199966430664,84.12000274658203,84.47000122070312,60.01416397094727,2191300,0.001185237298396924,83.96200027465821,83.51999969482422,83.70219970703126,0.005744534955385477,76.57440896005411,0.16440248397847768,0.0017567799592805786
2017-10-18,84.37000274658203,84.69000244140625,84.20999908447266,84.37999725341797,59.95022964477539,1935900,-0.0010655139811114323,84.07300033569337,83.53449974060058,83.71999969482422,0.0057133393921159495,70.85717524321473,0.18189069667948843,0.03778356330332215
2017-10-19,84.36000061035156,84.54000091552734,83.83999633789062,84.12999725341797,59.7725944519043,1838700,-0.0029627874868161097,84.12900009155274,83.5444995880127,83.73839965820312,0.005738615699508377,64.52517597717144,0.17357643943179824,0.06494213852901737
2017-10-20,84.05999755859375,84.0999984741211,83.33000183105469,83.6500015258789,59.43156433105469,2929900,-0.005705405244376904,84.16399993896485,83.60249977111816,83.75919967651367,0.004317906673392489,58.62945685997719,0.12679408367129952,0.07731252755747381
2017-10-23,83.75,83.83000183105469,83.2300033569336,83.33000183105469,59.204227447509766,2618800,-0.0038254595216620224,84.14700012207031,83.62049980163575,83.78379974365234,0.004255083780647587,55.79715352989199,0.06316925283397268,0.07448387261277359
2017-10-24,83.16999816894531,83.44000244140625,82.54000091552734,82.83000183105469,58.84897613525391,2521400,-0.006000239877753888,84.05500030517578,83.6064998626709,83.77099975585938,0.00445840938489875,44.78678340983832,-0.027285178766035756,0.05413006233701172
2017-10-25,82.4800033569336,82.87000274658203,82.0199966430664,82.58999633789062,58.6784553527832,3490900,-0.0028975671599476005,83.91100006103515,83.61799964904785,83.75839965820313,0.004004639931722809,38.22110226516205,-0.11698883057096054,0.019906283755417264
2017-10-26,82.80999755859375,83.0,81.61000061035156,81.91000366210938,58.195350646972656,3916400,-0.008233353988772119,83.64500045776367,83.56749992370605,83.72559967041016,0.004099963811440387,34.79210281169553,-0.24018069337992642,-0.032111111671651475
2017-10-27,81.86000061035156,82.48999786376953,81.33999633789062,82.27999877929688,58.45822143554688,2979900,0.004517093158898922,83.39400024414063,83.52700004577636,83.71059967041016,0.004219403939116301,37.13076229719289,-0.3044461526896072,-0.08657811987524262
2017-10-30,81.86000061035156,82.54000091552734,81.86000061035156,82.20999908447266,58.408451080322266,3061000,-0.0008507498281810078,83.1779998779297,83.48899993896484,83.71099960327149,0.004214359727547906,33.11398775613323,-0.3569111331866992,-0.14064472253753396
2017-10-31,82.22000122070312,82.3499984741211,81.48999786376953,82.19999694824219,58.40135955810547,4422700,-0.00012166568959803836,82.9509994506836,83.4564998626709,83.69359954833985,0.004208307811907652,28.67127395082322,-0.3947467027548157,-0.1914651185809903
2017-11-01,82.33999633789062,82.77999877929688,82.1500015258789,82.5999984741211,58.685577392578125,3507700,0.004866198792327969,82.7729995727539,83.42299995422363,83.68899948120117,0.004194669945696353,26.265010626015723,-0.3879824637109408,-0.2307685876069804
2017-11-02,82.8499984741211,83.63999938964844,82.7300033569336,83.30000305175781,59.182891845703125,5159300,0.008474631847070091,82.69000015258788,83.40950012207031,83.68139953613282,0.004564254774192492,33.909300781230684,-0.32242057264046764,-0.24909898461367785
2017-11-03,82.88999938964844,83.41000366210938,82.52999877929688,83.08999633789062,59.0337028503418,2458400,-0.002521088909645086,82.63399963378906,83.39899978637695,83.67479949951172,0.004541761455478529,35.52030848950268,-0.2841327824790483,-0.25610574418675197
2017-11-06,83.16000366210938,83.87999725341797,83.11000061035156,83.6500015258789,59.43156433105469,3156300,0.006739742600432752,82.66599960327149,83.4064998626709,83.67139953613281,0.0047664006104451056,41.59838532408428,-0.2062244671286919,-0.24612948877514
2017-11-07,83.69000244140625,84.5999984741211,83.68000030517578,84.33000183105469,59.91469955444336,3992500,0.008129112884300627,82.81599960327148,83.43549995422363,83.69439956665039,0.005059750011812548,49.54300419127851,-0.08859001375323317,-0.21462159377075865
2017-11-08,84.2699966430664,84.80000305175781,84.2300033569336,84.75,60.21308898925781,2058200,0.004980412188140715,83.03199996948243,83.47150001525878,83.72759963989257,0.005123442081755262,55.49647140942067,0.03808743201240361,-0.1640797886141262
2017-11-09,84.44000244140625,85.3499984741211,84.20999908447266,84.83999633789062,60.27703857421875,3856400,0.001061903691924826,83.32499923706055,83.48499984741211,83.75319961547852,0.004930285792862301,61.3332674542128,0.14408129331849295,-0.10244757222760238
2017-11-10,84.41000366210938,85.20999908447266,84.25,84.93000030517578,60.34098815917969,3657400,0.001060867175508795,83.58999938964844,83.49199981689453,83.77099960327149,0.004902269733086583,65.9362019991398,0.23266276844637446,-0.03542550409280702
2017-11-13,84.9800033569336,85.4800033569336,84.8499984741211,85.36000061035156,60.64649200439453,3487200,0.005062996628172334,83.90499954223633,83.541499710083,83.79159957885742,0.004871037402899263,75.55548020369663,0.33371480015948407,0.0384025567576512
2017-11-14,85.12000274658203,85.41999816894531,85.02999877929688,85.18000030517578,60.518592834472656,4039200,-0.0021087195863251917,84.20299987792968,83.57699966430664,83.81319961547851,0.004905584668623425,76.48262013938837,0.3947246035086067,0.10966696610784231
2017-11-15,85.05000305175781,85.19999694824219,84.2699966430664,84.31999969482422,59.907596588134766,5171100,-0.01009627385853984,84.375,83.57399978637696,83.81319961547851,0.005437293125579984,73.76714915798519,0.3694219836144015,0.16161796960915414
2017-11-16,84.11000061035156,85.11000061035156,84.0999984741211,85.0199966430664,60.40493774414063,5137200,0.008301671617358286,84.54699935913087,83.61849975585938,83.8163995361328,0.005693944071045539,75.37027173275727,0.4012282689289748,0.20954002947311828
2017-11-17,84.80999755859375,85.06999969482422,84.55000305175781,84.6500015258789,60.14205551147461,2782600,-0.00435185993644327,84.70299987792968,83.66849975585937,83.81079956054687,0.005623390851939647,71.4034843504053,0.39206004130659267,0.24604403183981316
2017-11-20,84.70999908447266,84.79000091552734,84.26000213623047,84.4000015258789,59.96442794799805,3613800,-0.0029533372178802697,84.77799987792969,83.72199974060058,83.784599609375,0.005590476332078571,68.51852565411673,0.36046601634538433,0.26892842874092737
2017-11-21,84.63999938964844,85.08000183105469,84.51000213623047,85.02999877929688,60.41203308105469,3056900,0.007464422298911977,84.8479995727539,83.83199958801269,83.79119964599609,0.0055577371713201595,69.69204231404142,0.38186117921145524,0.29151497883503297
2017-11-22,84.87000274658203,85.12999725341797,84.62999725341797,84.83999633789062,60.27703857421875,2347400,-0.002234534213030104,84.85699920654297,83.94449958801269,83.79839950561524,0.005533139474155977,63.604172170790484,0.37911518693780977,0.30903502045558834
2017-11-24,84.91000366210938,85.08999633789062,84.87999725341797,84.94999694824219,60.35519409179688,1255000,0.0012965654773660074,84.86799926757813,84.09649925231933,83.79379943847657,0.005053084376581768,66.72663153850377,0.3814183449629951,0.3235116853570697
2017-11-27,85.04000091552734,85.05000305175781,84.5199966430664,84.55000305175781,60.07101440429688,2218000,-0.004708580469144463,84.82999954223632,84.20999946594239,83.77799957275391,0.005213973049231462,58.33336865469414,0.34696782067670995,0.32820291242099775
2017-11-28,84.51000213623047,84.62000274658203,83.79000091552734,84.2300033569336,59.8436393737793,2946800,-0.0037847390097470734,84.71699981689453,84.31099967956543,83.76499969482421,0.005320075599303759,49.00794882236024,0.2904955787493151,0.3206614456866613
2017-11-29,84.0199966430664,84.44999694824219,83.76000213623047,84.26000213623047,59.86495971679688,4633900,0.0003561531295417364,84.625,84.41399993896485,83.76379974365234,0.005314766400053538,44.73119020546922,0.2453335188498329,0.3055958603192956
2017-11-30,84.52999877929688,84.6500015258789,84.13999938964844,84.38999938964844,59.95730972290039,4849800,0.0015428109437714,84.63199996948242,84.50349998474121,83.7697998046875,0.005247337711362211,45.20257805916783,0.2175244662798832,0.2879815815114131
2017-12-01,84.48999786376953,84.91000366210938,83.8499984741211,84.58999633789062,60.09940719604492,4664700,0.0023699129006833353,84.58899993896485,84.56799964904785,83.7829997253418,0.004964849562674569,46.45827737096336,0.20921200824263053,0.2722276668576566
2017-12-04,84.76000213623047,85.0999984741211,84.1500015258789,84.16999816894531,59.801029205322266,4484100,-0.004965104470127324,84.54099960327149,84.62199974060059,83.81659973144531,0.005079147706895861,37.57820563462837,0.16681108880193563,0.2511443512465124
2017-12-05,83.75,84.30000305175781,83.44999694824219,83.47000122070312,59.30367660522461,4372600,-0.008316466240585574,84.4479995727539,84.6129997253418,83.82659973144531,0.005243448145088716,33.89823689742222,0.07584980175867884,0.2160854413489457
2017-12-06,83.33999633789062,83.77999877929688,83.0,83.38999938964844,59.24684143066406,3967900,-0.0009584501004517021,84.28399963378907,84.56599960327148,83.83219970703125,0.004874034854822349,39.7350413387385,-0.0026624615275210317,0.17233586077365237
2017-12-07,83.5999984741211,83.68000030517578,83.11000061035156,83.5999984741211,59.39603805541992,4049100,0.0025182766040254823,84.15999984741211,84.50849952697754,83.85699966430664,0.00475670548666711,32.425669652973966,-0.047392513357621624,0.12839018594739757
2017-12-08,83.93000030517578,84.18000030517578,83.55000305175781,84.02999877929688,59.70155334472656,3448600,0.005143544414165202,84.06800003051758,84.46799964904785,83.87919967651368,0.004919782055830799,42.438959941793065,-0.047595321491314735,0.09319308445965512
2017-12-11,84.05000305175781,84.1500015258789,83.83999633789062,84.0199966430664,59.69443893432617,5326200,-0.00011903054118489464,84.01499938964844,84.42249946594238,83.89779968261719,0.004907542483926302,45.07763827835932,-0.048009711135904354,0.06495252534054322
2017-12-12,84.45999908447266,84.66000366210938,83.73999786376953,84.43000030517578,59.98573303222656,4732000,0.004879834307196518,84.03499908447266,84.3759994506836,83.92699966430663,0.0048967206820168495,41.75824406152995,-0.01508041133149618,0.04894593800613534
2017-12-13,84.62000274658203,84.97000122070312,84.41000366210938,84.56999969482422,60.08521270751953,3887100,0.0016581711375387442,84.06599884033203,84.34549942016602,83.9613996887207,0.004905488508797436,46.239589244007504,0.022058796650526347,0.04356850973501354
2017-12-14,84.62000274658203,84.87999725341797,84.37999725341797,84.55000305175781,60.07101440429688,4901000,-0.00023645078796930008,84.08199920654297,84.3569995880127,83.98699981689452,0.004336700068750095,44.28577656675749,0.049309910618035246,0.044716789911617885
2017-12-15,84.66000366210938,85.25,84.62999725341797,85.08000183105469,60.447547912597656,4909500,0.0062684655253344435,84.13099975585938,84.35999984741211,84.01719985961914,0.004155477015842727,57.30027953508901,0.11237766708215702,0.05824896534572571
2017-12-18,85.26000213623047,86.13999938964844,85.25,85.63999938964844,60.84542465209961,5169400,0.006582011595459791,84.27799987792969,84.40949974060058,84.06399978637695,0.004264589177391161,68.21706190475251,0.20518123973153024,0.08763542022288662
2017-12-19,85.66999816894531,85.69000244140625,83.66999816894531,83.81999969482422,59.55236053466797,5259200,-0.02125174810596986,84.3129997253418,84.38049964904785,84.07039978027343,0.006461705759143823,46.11304467383598,0.13036718293544425,0.09618177276539815
2017-12-20,83.86000061035156,84.08999633789062,82.83999633789062,82.8499984741211,58.86319351196289,7831900,-0.011572431689748863,84.25899963378906,84.27149963378906,84.05239974975586,0.006653207993256476,38.153825206844864,-0.007112499487220703,0.07552291831487438
2017-12-21,81.94999694824219,81.94999694824219,81.18000030517578,81.2699966430664,58.63520050048828,4701300,-0.019070631987376685,84.0259994506836,84.09299964904785,83.99719970703126,0.007754713122626641,28.93400474610469,-0.2407834793670247,0.012261638778494566
2017-12-22,81.31999969482422,81.94999694824219,81.22000122070312,81.83000183105469,59.03923034667969,6484400,0.006890675662849954,83.80599975585938,83.93699989318847,83.94239974975586,0.007981929015336321,35.41150192447094,-0.3764422836000989,-0.06547914569722413
2017-12-26,81.8499984741211,82.45999908447266,81.68000030517578,82.23999786376953,59.33504104614258,2874500,0.005010338794337432,83.62799987792968,83.82149963378906,83.8913996887207,0.008093085605278251,42.04396621748996,-0.44573149475017715,-0.14152961550781473
2017-12-27,82.81999969482422,82.81999969482422,82.30999755859375,82.51000213623047,59.52981948852539,4341500,0.003283125966372147,83.43600006103516,83.73549957275391,83.85419967651367,0.008135502433025282,44.44446585125967,-0.47339955018711066,-0.20790360244367395
2017-12-28,82.38999938964844,83.02999877929688,82.30999755859375,82.94999694824219,59.847286224365234,3172900,0.005332623931887159,83.27399978637695,83.6699993133545,83.82379959106446,0.008254376304860771,46.012261324032025,-0.45458263368593066,-0.2572394086921253
2017-12-29,83.11000061035156,83.27999877929688,82.8499984741211,82.9800033569336,59.868927001953125,2957300,0.0003617409258029891,83.11699981689453,83.59949951171875,83.79579971313477,0.008241320257883981,43.22584265349096,-0.4322659327858531,-0.2922447135108709
2018-01-02,83.04000091552734,83.16999816894531,82.4000015258789,82.66999816894531,59.64528274536133,4639500,-0.003735902331249763,82.8759994506836,83.50349960327148,83.76659973144531,0.008230424863862534,41.614927435550655,-0.43458498915339305,-0.32071276863937537
2018-01-03,82.7300033569336,82.93000030517578,82.26000213623047,82.43000030517578,59.472129821777344,5516900,-0.002903082969459736,82.55499954223633,83.416499710083,83.74219970703125,0.00819248301282643,37.30965253357707,-0.4505945069026893,-0.34668911629203814
2018-01-04,82.44999694824219,82.4800033569336,80.98999786376953,81.01000213623047,58.447601318359375,4734100,-0.017226715560938244,82.27399978637695,83.29349975585937,83.69579971313476,0.008828229357536733,30.567706684879482,-0.5712788034380623,-0.391607053721243
2018-01-05,81.16999816894531,81.2300033569336,80.83999633789062,81.05000305175781,58.476470947265625,5742900,0.0004937774900941605,82.09400024414063,83.17649993896484,83.66019973754882,0.008838514370048822,30.93683564902156,-0.6561307712406546,-0.44451179722512535
2018-01-08,81.16000366210938,81.61000061035156,81.04000091552734,81.47000122070312,58.77951049804688,4763200,0.005181963641347487,82.1140007019043,83.07000007629395,83.63779983520507,0.008920114216005874,30.09924093053303,-0.6816288320106878,-0.49193520418223785
2018-01-09,81.5,81.7300033569336,80.38999938964844,80.41999816894531,58.02191925048828,4631000,-0.012888216963607757,81.97300033569336,82.88950004577637,83.6079997253418,0.00914808057652903,22.698774989026774,-0.7775990224179168,-0.5490679678293737
2018-01-10,80.0999984741211,80.2300033569336,79.11000061035156,79.5199966430664,57.37258529663086,6244400,-0.011191265187400212,81.70100021362305,82.66450004577636,83.55279968261719,0.009351279204455424,25.115765269359542,-0.9157228087339462,-0.6223989360102883
2018-01-11,79.70999908447266,79.93000030517578,79.16999816894531,79.25,57.17780685424805,5067100,-0.0033953301617744014,81.375,82.40550003051757,83.49359970092773,0.009179430834045696,27.330013173660745,-1.0350420566194884,-0.7049275601321283
2018-01-12,79.02999877929688,79.23999786376953,78.47000122070312,78.61000061035156,56.71606063842773,5154600,-0.008075702077582791,80.94100036621094,82.10750007629395,83.42179977416993,0.009170774698527825,31.000049046054244,-1.1677845291328879,-0.7974989539322803
2018-01-16,78.9000015258789,80.02999877929688,78.73999786376953,78.76000213623047,56.824256896972656,5760800,0.0019081735747901174,80.51900024414063,81.81800003051758,83.34499984741211,0.009224641543257176,26.70714835632377,-1.246511022295408,-0.887301367604906
2018-01-17,79.08999633789062,79.4000015258789,78.69999694824219,79.30999755859375,57.221073150634766,5560300,0.0069831819127170736,80.18300018310546,81.52949981689453,83.26519973754883,0.009265768153723836,28.231806510488994,-1.2501117906838317,-0.9598634522206912
2018-01-18,79.01000213623047,79.0999984741211,78.22000122070312,78.29000091552734,56.48517227172852,4548200,-0.012860883551444324,79.76900024414063,81.16199989318848,83.16919982910156,0.009175785800574163,21.791419578179926,-1.3200538708831147,-1.031901535953176
2018-01-19,78.41999816894531,78.72000122070312,78.19999694824219,78.70999908447266,56.78820037841797,4546800,0.005364646366506909,79.53899993896485,80.9064998626709,83.07039978027343,0.008514953749149607,21.581780267274283,-1.3263043205719924,-1.0907820928769394
2018-01-22,78.83000183105469,79.47000122070312,78.73999786376953,79.43000030517578,57.30767440795898,4767400,0.009147519109108382,79.37699966430664,80.73549995422363,82.97239974975587,0.008689273056925772,28.22082386289172,-1.258650822573344,-1.1243558388162205
2018-01-23,79.79000091552734,80.55000305175781,79.66000366210938,80.52999877929688,58.1013069152832,4599700,0.013848652522910898,79.28299942016602,80.69850006103516,82.8879997253418,0.008412806230354567,38.03130616445722,-1.1035531800795582,-1.1201953070688881
2018-01-24,80.41999816894531,80.61000061035156,79.83000183105469,80.11000061035156,57.79825973510742,6242500,-0.005215425000767437,79.25199966430664,80.6125,82.79339981079102,0.008293521691034476,37.28068597720381,-1.0029659559324386,-1.0967494368415982
2018-01-25,79.97000122070312,80.11000061035156,79.44999694824219,79.97000122070312,57.69725036621094,4765000,-0.0017475894218174082,79.29700012207032,80.49900016784667,82.69419982910156,0.008171287964876397,43.367331547299884,-0.923896532701562,-1.062178856013591
2018-01-26,79.97000122070312,80.08000183105469,79.2300033569336,79.69000244140625,57.49525451660156,4966400,-0.0035012976744133173,79.34100036621093,80.35800018310547,82.58079986572265,0.008108678646363802,41.58414065303193,-0.8737549039295232,-1.0244940655967774
2018-01-29,79.4800033569336,79.48999786376953,78.56999969482422,78.62000274658203,56.72325134277344,5280200,-0.013427025499352374,79.34200057983398,80.14150047302246,82.44959991455079,0.008333535098082292,33.676962430642774,-0.9098689322117224,-1.0015690389197665
2018-01-30,78.2699966430664,78.58999633789062,77.91999816894531,78.05000305175781,56.31201934814453,6937600,-0.007250059462113101,79.27100067138672,79.89500045776367,82.32419998168945,0.008362804853618174,35.636366662905914,-0.9732645832198159,-0.9959081477797764
2018-01-31,78.2699966430664,79.4800033569336,78.0199966430664,79.44999694824219,57.32208251953125,8845500,0.0179371408295268,79.28500061035156,79.73400039672852,82.21279998779296,0.00958121272431963,49.60000069754646,-0.9001617814898566,-0.9767588745217926
2018-02-01,79.08999633789062,79.73999786376953,77.5999984741211,77.73999786376953,56.08834457397461,7313200,-0.021522959725053692,79.23000030517578,79.4995002746582,82.07459991455079,0.010536628454752034,42.59074992082334,-0.9690394360868169,-0.9752149868347975
2018-02-02,77.16000366210938,77.5999984741211,76.44000244140625,77.08000183105469,55.612152099609375,11151800,-0.008489787121829018,79.06700057983399,79.30300025939941,81.9281999206543,0.010081439338087222,42.507334248962444,-1.0646094822002965,-0.9930938859078974
2018-02-05,76.69999694824219,77.54000091552734,74.69000244140625,74.79000091552734,53.95995330810547,8861900,-0.029709404010480056,78.60300064086914,78.9900001525879,81.72339996337891,0.01174459620923705,33.927088790265984,-1.310032132875989,-1.0564815353015158
2018-02-06,73.55000305175781,75.19999694824219,73.08999633789062,74.80000305175781,53.967193603515625,12554100,0.00013373627634760687,78.03000106811524,78.65650024414063,81.52260009765625,0.011591362040052603,30.906006493716248,-1.4865878040721725,-1.1425027890556472
2018-02-07,74.77999877929688,75.91999816894531,74.43000030517578,74.4800033569336,53.73631286621094,7480000,-0.004278070611879459,77.46700134277344,78.35950050354003,81.31320022583007,0.011410075501506405,32.85327370815159,-1.633500766515894,-1.2407023845476965
2018-02-08,74.1500015258789,74.93000030517578,72.2699966430664,72.33999633789062,52.19231796264648,11116900,-0.02873263859545394,76.7040008544922,78.00050048828125,81.06900009155274,0.012620747279714588,25.175348303127933,-1.9007009321545212,-1.3727020940690615
2018-02-09,72.79000091552734,74.73999786376953,72.05000305175781,74.1500015258789,53.49821472167969,12718500,0.025020808399463856,76.15000076293946,77.7455005645752,80.86740005493164,0.014261576429765997,31.034484648581923,-1.9439975035457877,-1.4869611759644068
2018-02-12,74.58999633789062,74.62999725341797,72.11000061035156,74.18000030517578,53.51985168457031,15209300,0.00040456882912409675,75.70600051879883,77.52400054931641,80.66580001831055,0.01423575815336553,25.29183179706402,-1.9533724360190092,-1.5802434279753275
2018-02-13,74.01000213623047,74.91000366210938,73.5199966430664,74.69999694824219,53.89502334594727,8766100,0.007009930451970181,75.37099990844726,77.321000289917,80.47199996948243,0.01436962999183531,29.111950050136045,-1.8969756003500606,-1.643589862450274
2018-02-14,74.05999755859375,74.25,73.16000366210938,74.16000366210938,53.50544357299805,8225700,-0.0072288260802334525,74.84200057983398,77.06350059509278,80.2634001159668,0.014224355233096137,28.239694595413212,-1.874248477277007,-1.689721585415621
2018-02-15,74.2699966430664,75.01000213623047,74.05999755859375,74.87999725341797,54.02489471435547,7359200,0.009708650967562793,74.55600051879883,76.8930004119873,80.07760009765624,0.01431712363635508,32.55978901023026,-1.777647983513944,-1.7073068650352856
2018-02-16,75.11000061035156,75.66999816894531,74.81999969482422,75.29000091552734,54.32071304321289,7002400,0.0054754764576419035,74.37700042724609,76.72200050354004,79.91400009155274,0.014320196787603507,37.31909953317133,-1.6489988944599219,-1.695645270920213
2018-02-20,75.05999755859375,75.68000030517578,74.30999755859375,74.4000015258789,53.67859649658203,5766000,-0.011820950708275157,74.33800048828125,76.47050056457519,79.73420013427734,0.014219011550157765,36.43121031789926,-1.6004105407347282,-1.676598324883116
2018-02-21,74.4000015258789,74.52999877929688,72.93000030517578,72.93000030517578,52.61800384521485,7852900,-0.019758080518208154,74.15100021362305,76.09050064086914,79.52080017089844,0.014087200113508908,25.887580392225473,-1.66136950011456,-1.673552559929405
2018-02-22,73.27999877929688,74.30999755859375,73.12999725341797,73.76000213623047,53.216827392578125,7412700,0.011380801146051667,74.07900009155273,75.77300071716309,79.31540023803711,0.014545853022324973,34.256345254262854,-1.6239854105403992,-1.663639130051604
2018-02-23,74.02999877929688,74.95999908447266,73.91999816894531,74.94000244140625,54.06818008422852,6884100,0.015997834476690898,74.3390007019043,75.52150077819825,79.13380035400391,0.015217462192769834,41.86930549339442,-1.4820578469507097,-1.6273228734314251
2018-02-26,75.30999755859375,75.36000061035156,74.63999938964844,75.1500015258789,54.21969985961914,6336100,0.002802229485338703,74.43900070190429,75.29450073242188,78.94820037841797,0.0152745924774799,51.62455122228665,-1.3372194260384447,-1.5693021839528292
2018-02-27,75.30000305175781,75.3499984741211,73.37999725341797,73.4000015258789,52.95709228515625,7635400,-0.023286759340881202,74.3610008239746,75.03350067138672,78.72480041503906,0.015785605515664505,44.539775510119064,-1.3481042025198633,-1.525062587666236
2018-02-28,73.66000366210938,74.3499984741211,73.3499984741211,73.3499984741211,52.9210090637207,9175500,-0.0006812404730016652,74.2260009765625,74.79850044250489,78.50080032348633,0.01576764592846632,45.49798960943588,-1.3452579978803527,-1.4891016697090593
2018-03-01,73.19000244140625,74.30000305175781,72.83000183105469,73.41999816894531,52.97151947021485,8794700,0.0009543244210006296,74.1520004272461,74.49700050354004,78.26760025024414,0.01502142693591349,55.15268259230625,-1.3221134687565126,-1.4557040295185502
2018-03-02,73.06999969482422,73.47000122070312,72.62000274658203,73.38999938964844,52.94988250732422,8408100,-0.0004085913926046292,74.00300064086915,74.27950057983398,78.02260025024414,0.014443427649641532,45.632166268388396,-1.2913065355264024,-1.4228245307201206
2018-03-05,73.19000244140625,74.56999969482422,73.13999938964844,74.22000122070312,53.54872131347656,5558100,0.011309467747069535,73.89600067138672,74.13650054931641,77.83060028076171,0.01470725602161037,50.210531303430905,-1.1862433331049829,-1.375508291197093
2018-03-06,74.33999633789062,74.7300033569336,73.69000244140625,74.56999969482422,53.80123519897461,6039100,0.004715689414775515,73.91300048828126,74.12550048828125,77.66500030517578,0.013204902724575529,49.303336901351784,-1.0624903095331888,-1.3129046948643124
2018-03-07,74.2300033569336,75.08999633789062,74.19000244140625,75.02999877929688,54.13310241699219,9868300,0.0061686882976423885,74.12300033569336,74.1370002746582,77.5402003479004,0.013278409314113447,54.70267630912163,-0.9167295770955377,-1.2336696713105575
2018-03-08,75.19999694824219,75.3499984741211,74.79000091552734,75.16999816894531,54.23412704467773,6381300,0.0018659121941377865,74.26399993896484,74.17150001525879,77.4070002746582,0.01323945222932682,51.672437840715595,-0.780914469862239,-1.1431186310208938
2018-03-09,75.16999816894531,75.58000183105469,74.68000030517578,75.58000183105469,54.52993392944336,6293400,0.0054543524291152945,74.32799987792968,74.333500289917,77.27380035400391,0.011329681930007912,51.672437840715595,-0.6329004672762721,-1.0410749982719696
2018-03-12,75.62999725341797,76.08999633789062,75.37999725341797,75.91000366210938,54.768028259277344,6661400,0.0043662585744883575,74.40400009155273,74.42150039672852,77.14180038452149,0.010009691522650974,59.30949816320867,-0.48339760730542025,-0.9295395200786598
2018-03-13,76.16000366210938,76.51000213623047,75.72000122070312,75.9800033569336,54.81852340698242,4877100,0.0009221405802559701,74.6620002746582,74.51150054931641,77.00240051269532,0.010008137274334647,72.72727272727272,-0.3551729110766644,-0.8146661982782608
2018-03-14,75.91000366210938,76.3499984741211,75.7300033569336,76.05000305175781,54.869049072265625,5945100,0.0009212910204199343,74.93200073242187,74.5790008544922,76.8638005065918,0.009915800826093949,69.24369036735186,-0.24508039095618983,-0.7007490368138467
2018-03-15,76.18000030517578,76.30999755859375,75.62999725341797,76.02999877929688,54.8546142578125,5680500,-0.0002630410474451228,75.19300079345703,74.67250061035156,76.73100051879882,0.00973433864229479,61.3778120400869,-0.15762841099024172,-0.5921249116491257
2018-03-16,75.94000244140625,76.66000366210938,75.7699966430664,76.55999755859375,55.23698806762695,4951000,0.006970916583010522,75.51000061035157,74.75650062561036,76.61360046386719,0.009628413794237756,63.79641642989703,-0.04503646240075909,-0.4827072217994524
2018-03-19,76.45999908447266,76.4800033569336,75.41999816894531,75.9000015258789,54.76080322265625,3999400,-0.008620638110780066,75.67800064086914,74.78700065612793,76.51140045166015,0.009809671737797655,81.09449431591733,-0.008959417398770597,-0.38795766091931605
2018-03-20,75.8499984741211,76.37999725341797,75.3499984741211,75.63999938964844,54.57322692871094,5677000,-0.003425588023760695,75.78500061035156,74.8490005493164,76.40320037841796,0.009429213467246893,77.06854725982306,-0.0013327358298624858,-0.3106326759014254
2018-03-21,75.55000305175781,75.8499984741211,74.68000030517578,75.08000183105469,54.16918563842773,5905400,-0.007403457999900387,75.79000091552734,74.95650062561035,76.275400390625,0.00834962706008827,67.58478000840526,-0.04001439755593594,-0.2565090202323275
2018-03-22,74.9000015258789,75.97000122070312,74.61000061035156,74.63999938964844,53.85173797607422,5605700,-0.005860447931212653,75.73700103759765,75.00050048828125,76.15980041503906,0.008162316629705183,62.18322427126711,-0.10496444810813443,-0.2262001058074889
2018-03-23,74.62000274658203,74.83000183105469,73.12000274658203,73.30999755859375,52.89216995239258,9530900,-0.01781888855748226,75.51000061035157,74.91900024414062,76.03560043334961,0.008311428596870916,41.91826933501009,-0.2607520759684121,-0.23311049983967352
2018-03-26,73.02999877929688,73.55999755859375,72.68000030517578,73.43000030517578,53.49390411376953,6979200,0.001636921983064088,75.2620002746582,74.83300018310547,75.91920043945312,0.008286933459164274,39.44446799191851,-0.3702635074596117,-0.26054110136366115
2018-03-27,73.52999877929688,74.68000030517578,72.66999816894531,73.70999908447266,53.69788360595703,9132000,0.003813138746196376,75.03499984741211,74.84850006103515,75.82120040893555,0.006493991390557799,37.356346198536386,-0.42950744993802914,-0.2943343710785348
2018-03-28,73.97000122070312,75.69999694824219,73.83999633789062,75.55999755859375,55.04561233520508,8917300,0.025098338042318646,74.9859992980957,74.9590000152588,75.75720031738281,0.008539680571884175,52.81384518842271,-0.3234507465375174,-0.3001576461703313
2018-03-29,75.7699966430664,75.94999694824219,75.16000366210938,75.47000122070312,54.98005294799805,5993400,-0.0011910579777458796,74.92999954223633,75.06150016784667,75.680400390625,0.008560606732755112,49.16792284270522,-0.24385103439975353,-0.28889632381621577
2018-04-02,75.33999633789062,75.66999816894531,73.94999694824219,74.44999694824219,54.23697662353516,6487700,-0.013515360487116657,74.71899948120117,75.11450004577637,75.6036003112793,0.009186182074530898,39.99995819511593,-0.26007552059184036,-0.2831321631713407
2018-04-03,74.56999969482422,75.41999816894531,74.08000183105469,75.08000183105469,54.6959342956543,9987300,0.00846212100250976,74.63699951171876,75.15750007629394,75.53100036621093,0.009034853990138932,44.2748054554967,-0.2195663892576789,-0.27041900838860833
2018-04-04,74.66000366210938,76.08999633789062,74.48999786376953,75.87000274658203,55.271446228027344,5502800,0.01052212168701061,74.65999984741211,75.22250022888184,75.45980041503907,0.009263949350422728,48.95104832922668,-0.12230626872008088,-0.24079646045490286
2018-04-05,75.91999816894531,75.98999786376953,75.19000244140625,75.83999633789062,55.24959182739258,4195900,-0.0003954976618576467,74.7359992980957,75.26300010681152,75.36600036621094,0.009183587445809218,48.89405014610404,-0.04710518957662657,-0.20205820627924762
2018-04-06,75.66999816894531,76.25,75.0199966430664,75.2699966430664,54.8343391418457,4817500,-0.007515819123786516,74.7989990234375,75.26800003051758,75.26920028686523,0.009352338394652217,42.52607737414832,-0.033120215024823096,-0.16827060802836272
2018-04-09,75.31999969482422,75.62999725341797,74.91000366210938,75.02999877929688,54.65949630737305,4466300,-0.0031884930845368364,74.97099914550782,75.2404998779297,75.1704002380371,0.009291776162257731,44.70157596438259,-0.040931016516850605,-0.14280268972606028
2018-04-10,75.3499984741211,75.48999786376953,74.83000183105469,74.94999694824219,54.601219177246094,7318500,-0.0010662645922467906,75.12299880981445,75.19249954223633,75.07560012817383,0.009226617837339423,45.703603766235,-0.05296605245352737,-0.1248353622715537
2018-04-11,74.80999755859375,75.68000030517578,74.73999786376953,75.11000061035156,54.7177963256836,3892500,0.0021348054519583215,75.26299896240235,75.14899940490723,75.00540008544922,0.009241091818926505,50.19658388012182,-0.049027785028201265,-0.10967384682288323
2018-04-12,75.2300033569336,75.23999786376953,74.05000305175781,74.2699966430664,54.10585784912109,4049600,-0.011183650119281019,75.13399887084961,75.05999908447265,74.92979995727539,0.009532488316052943,47.69612859153016,-0.11239239016182978,-0.11021755549067254
2018-04-13,74.19999694824219,74.72000122070312,74.08999633789062,74.66000366210938,54.38996505737305,3817100,0.005251205556360716,75.05299911499023,74.99149932861329,74.83400009155274,0.009638360498246021,59.52045832149652,-0.1296445278196643,-0.1141029499564709
2018-04-16,74.75,75.37000274658203,74.56999969482422,75.12000274658203,54.72508239746094,4279000,0.006161251833772807,75.11999969482422,74.9194995880127,74.78160018920899,0.009605360547666066,61.372793848858365,-0.10498864570965338,-0.1122800891071074
2018-04-17,75.29000091552734,76.41999816894531,75.05999755859375,76.0,55.36614990234375,4503600,0.011714552998442374,75.21199951171874,74.92449951171875,74.76000015258789,0.009819563757424581,64.25899586797668,-0.014275696254415493,-0.09267921053656902
2018-04-18,76.18000030517578,76.27999877929688,75.83000183105469,75.83999633789062,55.24959182739258,4122900,-0.0021053113435444137,75.20899887084961,74.93449935913085,74.78100006103516,0.009798949805887289,52.20818291215403,0.04419456399101307,-0.0653044556310526
2018-04-19,75.58999633789062,75.66999816894531,74.20999908447266,74.73999786376953,54.4482421875,6917900,-0.014504199989940125,75.0989990234375,74.9174991607666,74.77979995727539,0.010208173815292666,45.034010357251475,0.0017517891652119033,-0.051893206671799696
2018-04-20,74.66000366210938,74.95999908447266,73.94999694824219,74.05000305175781,53.94558334350586,5171200,-0.009231935131566282,74.97699966430665,74.88799934387207,74.77119995117188,0.010334021004724357,47.15104854976699,-0.08656338168974287,-0.05882724167538833
2018-04-23,74.08000183105469,74.37999725341797,73.66000366210938,73.98999786376953,53.90187454223633,4325700,-0.0008103333628000087,74.87299957275391,74.92199935913087,74.80419998168945,0.009485447227111959,41.55038282882885,-0.1595564407268455,-0.07897308148567977
2018-04-24,74.05000305175781,74.58000183105469,73.8499984741211,74.2699966430664,54.10585784912109,5852200,0.0037842787860651317,74.80499954223633,74.9639991760254,74.8065998840332,0.009511060678372948,36.53197528802805,-0.19259034286923793,-0.1016965337623914
2018-04-25,74.02999877929688,74.41000366210938,73.55000305175781,74.12999725341797,54.00384521484375,4055400,-0.0018850060047970185,74.70699920654297,74.98499908447266,74.80559982299805,0.009495445045128711,35.867801111493634,-0.22744488596849521,-0.12684620420361217
2018-04-26,74.3499984741211,75.5199966430664,74.25,75.0999984741211,54.71051406860352,5551000,0.013085137685721504,74.78999938964844,74.96199913024903,74.81359985351563,0.008127393527017164,48.68218723090171,-0.1747815971614699,-0.13643328279518374
2018-04-27,75.05999755859375,76.63999938964844,74.97000122070312,76.38999938964844,55.6502685546875,6278700,0.017177109743509167,74.96299896240234,75.00799903869628,74.85819976806641,0.009008364724637929,59.06665228952578,-0.02862331669042817,-0.11487128957423264
2018-04-30,76.41999816894531,76.70999908447266,76.06999969482422,76.08999633789062,55.43170928955078,6625500,-0.003927255585218226,75.0599983215332,75.08999900817871,74.88239974975586,0.008453165377614775,57.38339997509581,0.06228248087961674,-0.07944053548346278
2018-05-01,76.08000183105469,76.93000030517578,75.94000244140625,76.77999877929688,55.93437194824219,5251600,0.00906824122243588,75.13799819946288,75.17499885559081,74.91219970703125,0.008481896338331203,60.12118230427633,0.18783812979020809,-0.025984802428728603
2018-05-02,76.61000061035156,76.83000183105469,75.83000183105469,76.5,55.73041534423828,5361800,-0.0036467671756772457,75.20399856567383,75.20649871826171,74.95419967651367,0.008246733111735193,64.49935264324938,0.2617312497643951,0.031558408009896136
2018-05-03,76.26000213623047,76.7699966430664,76.16000366210938,76.44999694824219,55.69398498535156,5839500,-0.0006536346635007684,75.3749984741211,75.2369987487793,75.024599609375,0.008248320970096137,62.17681496398098,0.31265318009094756,0.08777736242610643
2018-05-04,76.41000366210938,77.48999786376953,76.41000366210938,77.29000091552734,56.30592727661133,3746600,0.010987625909963716,75.69899826049804,75.33799896240234,75.09519958496094,0.008346958374165521,64.0361907168265,0.4159951436334808,0.15342091866758129
2018-05-07,77.4000015258789,77.9000015258789,77.3499984741211,77.80999755859375,56.68474578857422,4670300,0.0067278643667598725,76.08099822998047,75.47699890136718,75.15259948730468,0.008357188389644651,62.279477682240824,0.533701597780265,0.22947705449011804
2018-05-08,77.80000305175781,77.80000305175781,77.16999816894531,77.41999816894531,56.400611877441406,4311600,-0.005012201540743555,76.39599838256837,75.60049896240234,75.19799942016601,0.008475496302171471,60.394740540562246,0.5887286222506134,0.30132736804221716
2018-05-09,77.26000213623047,77.95999908447266,77.16000366210938,77.94000244140625,56.77946090698242,4685300,0.006716666039260133,76.7769989013672,75.74199905395508,75.28879943847656,0.008550693202938083,72.79201675420893,0.6666136275760977,0.3743846199489933
2018-05-10,78.2300033569336,78.69999694824219,78.06999969482422,78.55000305175781,57.22384262084961,3664000,0.007826540816574301,77.12199935913085,75.95599937438965,75.3927995300293,0.008064182425689017,82.42066659191198,0.7686989239978885,0.45324748075877236
2018-05-11,78.58999633789062,78.87000274658203,78.16000366210938,78.27999877929688,57.02714157104492,2694500,-0.00343735534017775,77.31099929809571,76.13699913024902,75.48999954223633,0.008160689690866998,79.99993597725913,0.8183813775337683,0.5262742601137715
2018-05-14,78.22000122070312,78.38999938964844,77.23999786376953,77.61000061035156,56.53903198242188,3536200,-0.008558995648866974,77.4629997253418,76.2614990234375,75.57439956665038,0.008462021879797959,72.14851991075449,0.7945329458578811,0.5799259972625934
2018-05-15,77.22000122070312,77.22000122070312,76.12000274658203,76.3499984741211,55.62112808227539,5134300,-0.016235048657665008,77.41999969482421,76.27899894714355,75.61699951171875,0.009005587948639539,62.81753100646119,0.6662807797360699,0.5971969537572888
2018-05-16,76.5,76.75,76.01000213623047,76.12000274658203,55.45357894897461,4400400,-0.0030123867994185094,77.38199996948242,76.29299926757812,75.6479995727539,0.009020442732994785,56.43940999448989,0.5398581325180345,0.585729189509438
2018-05-17,76.08999633789062,76.3499984741211,75.58000183105469,75.73999786376953,55.176734924316406,3998100,-0.0049921816750008174,77.31100006103516,76.34299926757812,75.66219955444336,0.008434842229132935,45.36376666953267,0.4043430406838837,0.5494519597443271
2018-05-18,75.83000183105469,76.12000274658203,75.5,75.83999633789062,55.24959182739258,3343800,0.0013202862020269546,77.16599960327149,76.43249893188477,75.67559951782226,0.008104546903054493,48.16446747822658,0.3015394362914634,0.4998694550537544
2018-05-21,76.01000213623047,76.87000274658203,75.5999984741211,76.73999786376953,55.90523910522461,3671500,0.011867109300337075,77.05899963378906,76.56999893188477,75.69879943847656,0.008426266355775182,49.71509367728586,0.2893539484610699,0.4577663537352175
2018-05-22,76.7300033569336,76.94999694824219,76.41999816894531,76.8499984741211,55.98539733886719,3470800,0.0014334195128182792,77.00199966430664,76.6989990234375,75.7175993347168,0.008414399095764703,52.554728266014735,0.28528441040590735,0.4232699650693555
2018-05-23,76.80000305175781,77.86000061035156,76.79000091552734,77.62000274658203,56.546329498291016,3983200,0.010019574336364245,76.96999969482422,76.87349929809571,75.75039932250976,0.008564019990701324,57.72789621625108,0.34026976374526896,0.40666992480453823
2018-05-24,77.63999938964844,77.94000244140625,77.04000091552734,77.45999908447266,56.42976760864258,3173500,-0.002061371507957377,76.8609992980957,76.99149932861329,75.77859924316407,0.008226656046018618,51.233656077813016,0.36670791352955234,0.3986775225495411
2018-05-25,77.52999877929688,78.0199966430664,77.41999816894531,77.7300033569336,56.6264533996582,3597300,0.003485725221433089,76.80599975585938,77.05849952697754,75.8125993347168,0.007387324460638559,49.39763604463181,0.40478135844539054,0.399898289728711
2018-05-29,77.54000091552734,78.2300033569336,77.31999969482422,78.0999984741211,56.8960189819336,4611800,0.004760003875060814,76.85499954223633,77.15899963378907,75.84339935302734,0.007344083190087895,55.135939997625904,0.45951336756029093,0.41182130529502703
2018-05-30,78.05000305175781,79.4000015258789,77.83000183105469,79.16000366210938,57.66823196411133,4901800,0.013572409842485644,77.13600006103516,77.27799987792969,75.90859939575195,0.007656287551786774,58.51953908349476,0.5817167701244585,0.44580039826091333
2018-05-31,78.91000366210938,79.19000244140625,78.58999633789062,78.88999938964844,57.47153091430664,5430500,-0.003410867356871794,77.41299972534179,77.3974998474121,75.97359939575195,0.007648028796828036,52.49263351955557,0.6492921233886904,0.4864987432864688
2018-06-01,78.58999633789062,79.43000030517578,78.43000030517578,79.23999786376953,57.726505279541016,7233800,0.0044365379240580705,77.7629997253418,77.53699989318848,76.05679931640626,0.007654927762710345,56.9564981827711,0.7227565419912594,0.533750303027427
2018-06-04,79.4000015258789,79.94999694824219,79.11000061035156,79.93000030517578,58.22917175292969,5391500,0.008707754417062397,78.17200012207032,77.6689998626709,76.1625993347168,0.0075271577492084345,66.76295256669911,0.8271205229232095,0.5924243470065835
2018-06-05,80.22000122070312,80.30000305175781,79.55999755859375,79.72000122070312,58.07617568969727,5543000,-0.0026272874223804976,78.47000045776367,77.76450004577637,76.29079940795899,0.007489352480358514,78.70521643629085,0.8827092360267983,0.6504813248106265
2018-06-06,79.72000122070312,79.91000366210938,79.31999969482422,79.91000366210938,58.214603424072266,4006100,0.002383372284205487,78.7760009765625,77.88900032043458,76.42039947509765,0.0073456087681269475,82.50415819868533,0.931359171977661,0.7066568942440334
2018-06-07,79.91999816894531,80.12000274658203,79.43000030517578,79.91000366210938,58.214603424072266,3353300,0.0,79.00500106811523,77.98750038146973,76.54439956665038,0.00725278778916553,88.25679468604106,0.958861438925183,0.7570978031802634
2018-06-08,79.97000122070312,80.2699966430664,79.79000091552734,80.19999694824219,58.42586898803711,2773200,0.003628998533888428,79.27900085449218,78.07000007629395,76.63719955444336,0.007112567763637287,88.65238729086856,0.9926149707388134,0.8042012366919735
2018-06-11,80.11000061035156,80.2699966430664,79.93000030517578,80.08000183105469,58.33843231201172,4168300,-0.0014961985256052301,79.5140007019043,78.16000022888184,76.72939956665039,0.007060967037417211,84.36212247512209,0.9981759339426333,0.8429961761421055
2018-06-12,80.02999877929688,80.7699966430664,79.81999969482422,80.55999755859375,58.68811798095703,3287900,0.005993952504543154,79.76000061035157,78.30750007629395,76.85159957885742,0.0067495665024681715,85.46841972437917,1.0294478470947013,0.8802865103326247
2018-06-13,80.55999755859375,80.69999694824219,78.80999755859375,78.98999786376953,57.54437255859375,7230900,-0.019488576742846986,79.74300003051758,78.43950004577637,76.92979949951172,0.007231381429941543,61.35982914201558,0.9169748934575495,0.8876241869576097
2018-06-14,79.25,80.01000213623047,79.25,79.73999786376953,58.09074783325195,4458200,0.00949487302548735,79.82799987792968,78.62049980163575,77.00719940185547,0.007340033805047292,67.22054728845126,0.8782342614802161,0.885746201862131
2018-06-15,79.72000122070312,80.26000213623047,79.52999877929688,79.69000244140625,58.0543327331543,11131800,-0.0006269804828524794,79.87300033569336,78.81800003051758,77.08419952392578,0.007173180465654982,65.31252570455823,0.8338853080162352,0.8753740230929519
2018-06-18,78.77999877929688,79.05000305175781,78.44000244140625,78.9800033569336,58.070499420166016,6391600,-0.008909512645512763,79.77800064086914,78.97500038146973,77.15839965820312,0.007617892361628715,56.52823559242221,0.7329979068769319,0.8468987998497479
2018-06-19,78.73999786376953,79.27999877929688,78.73999786376953,78.9000015258789,58.01168823242188,11275400,-0.0010129378026629832,79.69600067138671,79.0830005645752,77.23579971313477,0.007282041469798687,47.743031870013894,0.6392199062776456,0.8053630211353274
2018-06-20,78.95999908447266,79.88999938964844,78.91000366210938,79.77999877929688,58.65871047973633,7327500,0.011153323655251457,79.68300018310546,79.22950057983398,77.33239974975587,0.007600768121278974,56.98588856976547,0.6286617675476975,0.7700227704178014
2018-06-21,80.0,80.26000213623047,79.62000274658203,80.16000366210938,58.93812942504883,3719700,0.004763159797278815,79.70800018310547,79.35650062561035,77.43339981079102,0.007393282921369294,57.187560722362164,0.6435392646925067,0.7447260692727424
2018-06-22,80.33000183105469,80.83999633789062,79.97000122070312,80.79000091552734,59.40131759643555,4391700,0.007859246814328147,79.76700057983399,79.52300071716309,77.56379989624024,0.007464523663745853,56.782359439418336,0.6981178337858154,0.7354044221753571
2018-06-25,80.6500015258789,80.9000015258789,80.08999633789062,80.58000183105469,59.24691009521485,5904500,-0.00259932023880316,79.81700057983399,79.66550064086914,77.68219985961915,0.007530223366598481,56.782359439418336,0.7161709984589919,0.7315577374320841
2018-06-26,80.73999786376953,81.16999816894531,80.37000274658203,80.83999633789062,59.438079833984375,3751000,0.0032265388549015395,79.84500045776367,79.80250053405761,77.79659973144531,0.007506579814446136,57.25426343302768,0.7428940254752092,0.7338249950407091
2018-06-27,81.05000305175781,81.26000213623047,80.51000213623047,80.52999877929688,59.21015930175781,4559900,-0.0038347052528062697,79.9990005493164,79.87100028991699,77.88719970703124,0.007059818269911915,54.61307901907357,0.7306356912499439,0.7331871342825561
2018-06-28,80.52999877929688,81.3499984741211,80.44000244140625,81.25,59.73954391479492,3896700,0.008940782709762507,80.15000076293946,79.98900032043457,77.99539978027343,0.00720330720060147,57.342700621664136,0.7701412453888139,0.7405779565038078
2018-06-29,81.0999984741211,81.80000305175781,80.62000274658203,81.44999694824219,59.886600494384766,5235400,0.0024615009014423705,80.32600021362305,80.0995002746582,78.1295997619629,0.007174405788864717,59.474403998109,0.8082705244697763,0.7541164700970014
2018-07-02,81.5199966430664,81.54000091552734,80.08000183105469,81.0,59.55572891235352,7926500,-0.005524824617588853,80.52799987792969,80.15300025939942,78.26859970092774,0.007117129346367715,53.055580280508124,0.7930356387108191,0.761900303819765
2018-07-03,81.04000091552734,82.18000030517578,80.83999633789062,81.61000061035156,60.00422668457031,7325300,0.007530871732735367,80.79899978637695,80.24750022888183,78.42099975585937,0.007229565097036153,70.99367027474455,0.8207230488284267,0.7736648528214974
2018-07-05,81.8499984741211,82.62000274658203,81.54000091552734,82.58000183105469,60.71742248535156,7214700,0.011885813177902271,81.07900009155273,80.3810001373291,78.58719985961915,0.007613667281560851,71.98150989166469,0.9104415097022525,0.8010201841976485
2018-07-06,82.79000091552734,83.16000366210938,82.73999786376953,83.0199966430664,61.04094314575195,7887400,0.005328103684374863,81.36499938964843,80.53649978637695,78.76499984741211,0.007645223951077495,74.30658657824715,1.0054576505507526,0.8419076774682694
2018-07-09,83.12999725341797,83.12999725341797,81.94000244140625,82.36000061035156,60.55568313598633,6621300,-0.007949844126739825,81.52199935913086,80.64449996948242,78.91019989013672,0.007943094909983229,74.85299348021456,1.0157930329300058,0.8766847485606167
2018-07-10,82.51000213623047,82.7300033569336,82.02999877929688,82.52999877929688,60.68067169189453,4561900,0.002064086543048793,81.71699905395508,80.76699981689453,79.03299987792968,0.00791556810433669,76.34259530962271,1.0258756732520595,0.9065229334989053
2018-07-11,82.43000030517578,82.70999908447266,82.18000030517578,82.26000213623047,60.48214340209961,5127900,-0.0032714969957583495,81.85899963378907,80.85200004577636,79.15639999389649,0.007912173661807692,69.74532545931439,1.0005460931657524,0.9253275654322748
2018-07-12,82.5199966430664,82.6500015258789,82.08000183105469,82.51000213623047,60.66593933105469,4042100,0.003039144098075486,82.05699996948242,81.02800025939942,79.27100006103515,0.006262217155124089,69.10576871784629,0.9892417658255823,0.9381104055109364
2018-07-13,82.55000305175781,82.9000015258789,82.19999694824219,82.26000213623047,60.48214340209961,5013800,-0.0030299356869150085,82.15800018310547,81.15400047302246,79.38620010375976,0.0061190287592920905,62.73837007888592,0.9491686687263012,0.9403220581540094
2018-07-16,82.11000061035156,82.19999694824219,81.36000061035156,81.81999969482422,60.15864944458008,3023900,-0.005348923291754404,82.19500045776367,81.26050033569337,79.49360015869141,0.00629695668348358,60.33335495003363,0.8718557207588304,0.9266287906749737
2018-07-17,81.94999694824219,82.05999755859375,81.19000244140625,81.27999877929688,59.761600494384766,4031200,-0.006599864550739021,82.22300033569336,81.37550010681153,79.57340011596679,0.006117750289145334,53.50321334418622,0.758270224437311,0.8929570774274411
2018-07-18,81.16000366210938,81.44999694824219,80.55000305175781,80.91999816894531,59.49689483642578,5185600,-0.004429141434033279,82.15400009155273,81.47649993896485,79.63560012817383,0.006236787287909714,53.080570434044766,0.6319194851893997,0.8407495589798328
2018-07-19,80.87999725341797,82.1500015258789,80.6500015258789,81.87000274658203,60.19539260864258,4358700,0.011740046949251015,82.08300018310547,81.5810001373291,79.72460021972657,0.006286836132140134,54.72563794513107,0.6015092200609189,0.7929014911960501
2018-07-20,81.58999633789062,81.80000305175781,80.86000061035156,81.08000183105469,59.614540100097656,3265500,-0.009649455099845161,81.8890007019043,81.62700004577637,79.78740020751952,0.00668397487113782,47.412619349441506,0.5078086917835805,0.7358829313135563
2018-07-23,81.04000091552734,81.18000030517578,80.43000030517578,80.91000366210938,59.48954772949219,4379600,-0.0020966719919363053,81.74400100708007,81.63300018310547,79.83460021972657,0.006481932690071392,49.34500435331118,0.4150484958466194,0.671716044220169
2018-07-24,80.88999938964844,81.02999877929688,80.30000305175781,80.5,59.18810272216797,4174900,-0.0050674038258804455,81.54100112915039,81.62900009155274,79.87900024414063,0.006558946433350741,41.67915356019445,0.3049363864303416,0.5983601126622036
2018-07-25,80.54000091552734,81.27999877929688,80.38999938964844,81.13999938964844,59.65864181518555,4521400,0.007950302976999168,81.42900085449219,81.64400024414063,79.94960021972656,0.006764198999259522,38.64350730930112,0.2662452390655403,0.5319371379428709
2018-07-26,81.25,81.81999969482422,81.05000305175781,81.41000366210938,59.857177734375,4385400,0.0033276346375643584,81.31900100708008,81.68800048828125,80.05080032348633,0.006728464881457003,36.95306752069641,0.2544363306533768,0.4764369764849721
2018-07-27,81.55999755859375,81.61000061035156,80.45999908447266,80.54000091552734,59.21750259399414,4788000,-0.010686681088886374,81.14700088500976,81.65250053405762,80.13920028686523,0.0068723653426991434,35.73670748025988,0.17288284905720275,0.41572615099941823
2018-07-30,80.51000213623047,80.77999877929688,79.98999786376953,80.58999633789062,59.25428009033203,4002000,0.0006207526917676454,81.02400054931641,81.60950050354003,80.23620025634766,0.006844063464349719,34.504797004797,0.11100573507144418,0.35478206781382343
2018-07-31,80.83999633789062,82.30999755859375,80.83999633789062,81.94000244140625,60.24687576293945,5737300,0.01675153449387734,81.09000091552734,81.65650062561035,80.35820037841796,0.007738865546142937,47.82017127634031,0.1689542866727578,0.31761651158561033
2018-08-01,81.3499984741211,82.52999877929688,81.12999725341797,82.5199966430664,60.67329406738281,7798900,0.007078279038066793,81.25000076293945,81.70200042724609,80.47380035400391,0.007718182771884075,50.065153124763754,0.25869751228573534,0.30583271172563536
2018-08-02,82.3499984741211,82.66000366210938,82.01000213623047,82.19000244140625,60.4306755065918,4748200,-0.003998960434857035,81.28200073242188,81.68250045776367,80.58060043334962,0.007299802181670804,49.54838951023273,0.29973671270724367,0.30461351192195707
2018-08-03,82.2300033569336,83.12000274658203,82.1500015258789,83.08000183105469,61.08503723144531,4342700,0.01082856020454459,81.48200073242188,81.68550071716308,80.68980041503906,0.007616247406183026,57.68293556607749,0.399471231725002,0.3235850558825661
2018-08-06,83.12000274658203,83.37999725341797,82.7699966430664,82.97000122070312,61.00420379638672,4655000,-0.0013240323534807752,81.68800048828125,81.71600074768067,80.80000045776367,0.007390080330844235,60.87517060573628,0.4642834559789719,0.3517247359018473
2018-08-07,83.12000274658203,83.37999725341797,82.4000015258789,82.81999969482422,60.89386749267578,3047100,-0.0018079007312522544,81.92000045776368,81.73050079345703,80.90180038452148,0.007394766657779912,62.566139034518955,0.4978053509115057,0.380940858903779
2018-08-08,82.7699966430664,82.80000305175781,82.1500015258789,82.33999633789062,60.54096603393555,2415400,-0.005795742075613508,82.0400001525879,81.73450050354003,80.98660034179687,0.007478229648876151,53.31448045358823,0.48010508227520177,0.4007737035780636
2018-08-09,82.33999633789062,82.6500015258789,82.19000244140625,82.37999725341797,60.57040023803711,3720900,0.0004858017647122459,82.13699951171876,81.72800025939941,81.05100021362304,0.0074466929389278135,60.25232341392328,0.46395702367316005,0.41341036759708294
2018-08-10,82.48999786376953,82.5,81.5999984741211,81.75,60.10716247558594,4524100,-0.007647454168758561,82.25799942016602,81.70250015258789,81.10820022583007,0.007613570914911463,56.176440889048465,0.3957619601234086,0.40988068610234807
2018-08-13,81.66000366210938,81.8499984741211,81.37999725341797,81.58999633789062,59.98950958251953,2755400,-0.001957231340787513,82.35799942016601,81.69099998474121,81.1552001953125,0.007532142467970735,58.32057885528852,0.3250588465742936,0.3929163181967372
2018-08-14,81.58000183105469,82.19999694824219,81.58000183105469,81.98999786376953,60.28361892700195,3249400,0.004902580510267152,82.36299896240234,81.72649993896485,81.19640014648438,0.007449520760405537,56.735323100360915,0.2978692486036749,0.3739069042781248
2018-08-15,82.04000091552734,82.72000122070312,81.80999755859375,82.62000274658203,60.7468376159668,5202600,0.007683923639799195,82.37299957275391,81.81150016784667,81.25440017700195,0.007523041168629351,59.07045001950241,0.32342913544816554,0.3638113505121329
2018-08-16,82.62999725341797,83.30000305175781,82.55999755859375,83.29000091552734,61.23947525024414,3329800,0.008109394174197426,82.48299942016601,81.88250007629395,81.3220001220703,0.007292203314058671,71.25192798418935,0.3932160330860768,0.3696922870269217
2018-08-17,83.11000061035156,84.06999969482422,83.11000061035156,84.05999755859375,61.805606842041016,4698400,0.009244766894015655,82.58099899291992,82.0314998626709,81.405,0.0070762615348453515,74.13073743007276,0.5048355166300666,0.3967209329475507
2018-08-20,84.16999816894531,84.55000305175781,84.0,84.12000274658203,61.84973907470703,4629200,0.0007138376127890922,82.69599914550781,82.19199981689454,81.4834001159668,0.007021874760311446,68.47457407946206,0.59132030629317,0.43564080761667456
2018-08-21,84.0,84.1500015258789,83.41000366210938,83.61000061035156,61.47474670410156,3149000,-0.006062792672117401,82.77499923706054,82.34749984741211,81.55400009155274,0.007077689684543537,59.34821782605794,0.6116564205886732,0.4708439302110743
2018-08-22,83.52999877929688,83.63999938964844,82.83000183105469,83.13999938964844,61.129173278808594,2954900,-0.005621351719556578,82.85499954223633,82.4474998474121,81.60560012817383,0.00711965614448709,57.95640138938941,0.5831258552588281,0.49330031522062506
2018-08-23,83.1500015258789,83.30000305175781,82.9000015258789,82.93000030517578,60.97476196289063,2528800,-0.0025258490018560398,82.90999984741211,82.52349967956543,81.68440017700195,0.007149667267913916,48.58222053642123,0.5373754756235627,0.5021153473012125
2018-08-24,82.93000030517578,83.43000030517578,82.80000305175781,83.41999816894531,61.33502960205078,3897100,0.005908571831259923,83.07699966430664,82.66749954223633,81.75800018310547,0.006675391881940156,53.9682176592481,0.534495372727136,0.5085913523863973
2018-08-27,83.48999786376953,83.55999755859375,82.83999633789062,83.12000274658203,61.11446762084961,4479000,-0.003596205094079763,83.23000030517578,82.7939998626709,81.82660018920899,0.006779695908224447,52.57734256200514,0.5022165077311485,0.5073163834553476
2018-08-28,83.23999786376953,84.25,83.0199966430664,84.23999786376953,61.93794250488281,4653100,0.01347443551706995,83.45500030517579,82.90899963378907,81.9318000793457,0.006423685458260109,64.70589624730579,0.5605478734759686,0.5179626814594718
2018-08-29,84.2300033569336,84.44000244140625,84.06999969482422,84.26000213623047,61.952632904052734,3564900,0.00023746762782783648,83.61900024414062,82.99599990844726,82.03900009155274,0.006286339088757749,64.59630566849583,0.6014568584184872,0.5346615168512748
2018-08-30,84.3499984741211,84.37000274658203,83.6500015258789,83.72000122070312,61.55563354492188,2968300,-0.0064087455712886765,83.6620002746582,83.0724998474121,82.11780014038087,0.006410330222613062,65.51180572576499,0.5835768521243239,0.5444445839058847
2018-08-31,83.77999877929688,84.2300033569336,83.72000122070312,84.05000305175781,61.79825592041016,3305800,0.003941732277150001,83.6610008239746,83.12099990844726,82.19560012817382,0.006024680119526433,68.865069799553,0.5892427841190226,0.5534042239485123
2018-09-04,83.86000061035156,84.06999969482422,82.94999694824219,83.05000305175781,61.06300354003906,4718600,-0.011897679520418314,83.55400085449219,83.125,82.24080017089844,0.0066351982879047375,57.44385378571054,0.5071948073727839,0.5441623406333667
2018-09-05,83.0199966430664,83.81999969482422,82.58000183105469,83.52999877929688,61.415924072265625,5407700,0.0057795991559437265,83.54600067138672,83.16049995422364,82.29980010986328,0.006738341843119048,56.52795458699981,0.4754224641716007,0.5304143653410135
2018-09-06,83.66000366210938,84.0,83.63999938964844,83.7699966430664,61.59239196777344,3760300,0.002873193670260399,83.60900039672852,83.23199996948242,82.3584001159668,0.006592785682553104,53.669695873823215,0.46425681160332033,0.5171828545934749
2018-09-07,83.55000305175781,83.55000305175781,82.7699966430664,82.86000061035156,60.923301696777344,4234400,-0.0108630305500933,83.6020004272461,83.2560001373291,82.40500015258789,0.007097732525716326,41.01797706610626,0.3776258411796505,0.48927145191071003
2018-09-10,83.25,83.69999694824219,83.11000061035156,83.2300033569336,61.195350646972656,3089200,0.004465396377704156,83.58300094604492,83.33000030517579,82.44460021972657,0.006896530461712244,43.6337579895917,0.3349650339804384,0.45841016832465575
2018-09-11,83.01000213623047,83.5,82.87999725341797,83.22000122070312,61.18799209594727,3980300,-0.00012017464648628184,83.59300079345704,83.4115005493164,82.48000030517578,0.00686836726966557,46.99537768498664,0.2969261680825497,0.4261133682762346
2018-09-12,83.23999786376953,83.47000122070312,82.9800033569336,83.26000213623047,61.2174072265625,2827800,0.00048066468325647094,83.49500122070313,83.47500076293946,82.5252003479004,0.006807436075779052,50.99012331690367,0.26693082004982216,0.39427685863095213
2018-09-13,83.61000061035156,83.93000030517578,83.33999633789062,83.66999816894531,61.51884460449219,3813600,0.004924285637706305,83.43600082397461,83.52750053405762,82.56640029907227,0.00668727236169515,55.9105384584447,0.27309448080995935,0.37004038306675363
2018-09-14,83.55000305175781,83.62000274658203,82.54000091552734,83.13999938964844,61.129173278808594,5215800,-0.006334394536817278,83.37800064086915,83.52000045776367,82.57760025024415,0.0066192055136862216,47.77778316007712,0.23253226703643293,0.3425387598606895
2018-09-17,83.12999725341797,83.58000183105469,82.87000274658203,83.41000366210938,61.32768249511719,4414700,0.003247585692123023,83.31400070190429,83.48750076293945,82.585400390625,0.006303362374854533,52.312608220038186,0.21964161681717087,0.3179593312519858
2018-09-18,83.30000305175781,83.52999877929688,82.87000274658203,83.01000213623047,61.03357696533203,8039400,-0.004795606142151687,83.31000061035157,83.43200073242187,82.59840042114257,0.006373538515348924,38.91896350264623,0.1751301125374738,0.2893934875090834
2018-09-19,83.05000305175781,83.08000183105469,81.91000366210938,82.04000091552734,60.32038497924805,4410600,-0.011685353520545894,83.1610008239746,83.35350074768067,82.58860046386718,0.0067386478947369195,32.92306753305289,0.06088162733306035,0.24369111547387878
2018-09-20,82.05000305175781,82.86000061035156,81.7699966430664,82.80999755859375,60.886531829833984,4308300,0.009385624506016654,83.06500091552735,83.33700065612793,82.59960037231446,0.007017999874485788,43.23919584090038,0.03210113179262919,0.2013731187376289
2018-09-21,82.69000244140625,83.20999908447266,82.56999969482422,82.77999877929688,60.86449432373047,7292200,-0.00036226035721897976,83.05700073242187,83.32950057983399,82.60500030517578,0.0069965046807937805,40.124372324369475,0.006793420621406199,0.16245717911438437
2018-09-24,81.44000244140625,81.61000061035156,79.83999633789062,80.16999816894531,59.77148818969727,4111200,-0.031529362754766255,82.75100021362304,83.16700057983398,82.56320022583007,0.009771454190854893,32.08950691675412,-0.22131715300940868,0.08570231268962578
2018-09-25,80.19000244140625,80.62000274658203,80.08000183105469,80.18000030517578,59.77894592285156,4781800,0.00012476158736318688,82.4470001220703,83.02000045776367,82.5304002380371,0.009773666495959111,27.873192805994677,-0.396716239396838,-0.01078139772766698
2018-09-26,80.16999816894531,80.27999877929688,79.18000030517578,79.22000122070312,59.06319046020508,8971900,-0.011973049149647919,82.04300003051758,82.76900062561035,82.48920028686524,0.009333464781359315,22.557328589427257,-0.6061973167876857,-0.12986458153967073
2018-09-27,79.62000274658203,79.97000122070312,79.37999725341797,79.5999984741211,59.34651947021485,4942200,0.004796733748581028,81.63600006103516,82.53600044250489,82.46280029296875,0.009472004375730748,28.994837378910432,-0.7330992652766639,-0.2505115182870694
2018-09-28,79.70999908447266,80.68000030517578,79.62999725341797,80.68000030517578,60.15171432495117,6092300,0.013567862459266333,81.39000015258789,82.38400039672851,82.43900024414063,0.010103384998293165,34.94685546487956,-0.7380154689912786,-0.3480123084279113
2018-10-01,80.5999984741211,80.81999969482422,79.91999816894531,79.93000030517578,59.59254455566406,7215600,-0.009295984099691235,81.04199981689453,82.17800025939941,82.41600021362305,0.010141070558089165,32.138972624470554,-0.7932858226823214,-0.4370670112787933
2018-10-02,79.94999694824219,80.19000244140625,79.62999725341797,79.75,59.4583740234375,5746700,-0.0022519742836047962,80.71599960327148,82.01300010681152,82.39280014038086,0.009895020595427226,31.229932037179225,-0.8419075107712786,-0.5180351111772904
2018-10-03,79.75,80.0199966430664,78.44000244140625,78.9000015258789,58.82463836669922,7104300,-0.010658288076753508,80.40199966430664,81.78150024414063,82.36080017089844,0.00989940204622396,25.638425960200905,-0.9382131844372879,-0.6020707258292899
2018-10-04,78.58000183105469,78.6500015258789,77.7300033569336,78.23999786376953,58.33256149291992,6759300,-0.008365065264199001,79.94499969482422,81.50500030517578,82.30280014038085,0.009879354260127819,25.302426099897318,-1.0556243242078693,-0.6927814455050059
2018-10-05,78.26000213623047,78.69000244140625,78.1500015258789,78.19999694824219,58.302730560302734,4971600,-0.0005112591592473237,79.48699951171875,81.27200012207031,82.23860000610351,0.009735816033186313,23.116587197107606,-1.1387741583242104,-0.7819799880688468
2018-10-08,78.31999969482422,79.62999725341797,78.19999694824219,79.33000183105469,59.14522552490234,5246900,0.014450190881214686,79.40299987792969,81.07700004577637,82.21440002441406,0.010365994409569087,32.34165903361544,-1.1007997168140946,-0.8457439338178965
2018-10-09,79.3499984741211,79.79000091552734,78.95999908447266,79.44000244140625,59.22723007202149,5852000,0.0013866205447192748,79.32900009155273,80.88800010681152,82.19140014648437,0.01038846867595195,36.40168900019074,-1.0497279579184209,-0.8865407386380014
2018-10-10,79.25,79.69000244140625,78.23999786376953,78.26000213623047,58.34747314453125,8837400,-0.014853981229999702,79.23300018310547,80.63800010681152,82.11780014038087,0.010734893578993007,27.181587846239907,-1.0918828383085497,-0.9276091585721111
2018-10-11,78.38999938964844,78.38999938964844,75.93000030517578,76.0199966430664,56.67742919921875,12471700,-0.028622609660357456,78.875,80.25550003051758,81.98780014038086,0.011974789920851481,22.24961618181237,-1.2911569538716492,-1.0003187176320187
2018-10-12,76.83999633789062,77.06999969482422,75.37999725341797,75.81999969482422,56.52829360961914,10167900,-0.0026308465808176917,78.38899993896484,79.88950004577637,81.86040008544921,0.011977048764101779,27.73800831657654,-1.4485235308378748,-1.0899596802731901
2018-10-15,75.79000091552734,77.04000091552734,75.7300033569336,76.33000183105469,56.90853500366211,8526800,0.006726485601203258,78.02900009155273,79.53549995422364,81.72540008544922,0.012120336277055794,31.256114837483693,-1.5146251112592637,-1.174892766470405
2018-10-16,76.47000122070312,78.05000305175781,76.12000274658203,77.9000015258789,58.079063415527344,5315400,0.020568579289427902,77.84400024414063,79.27999992370606,81.62400009155273,0.013337650230731204,43.93383190808273,-1.4239112728426448,-1.224696467744853
2018-10-17,77.81999969482422,78.0,77.05000305175781,77.5999984741211,57.85540771484375,5088900,-0.003851130242380707,77.71399993896485,79.05799980163575,81.51960006713867,0.013186004287766317,40.74075643905678,-1.3605441355015557,-1.2518660012961935
2018-10-18,77.58999633789062,78.18000030517578,77.22000122070312,77.44999694824219,57.74357986450195,6818700,-0.001933009392119156,77.6349998474121,78.78999977111816,81.4218000793457,0.012879559950696551,33.637297545070936,-1.3073586751420265,-1.26296453606536
2018-10-19,77.5,78.37000274658203,77.5,78.12000274658203,58.24308776855469,5357300,0.00865081762091724,77.62700042724609,78.55699996948242,81.33660018920898,0.013141342916039309,40.75590828539321,-1.1973427245637964,-1.2498401737650475
2018-10-22,78.19000244140625,78.58000183105469,77.02999877929688,77.02999877929688,57.430419921875,7499300,-0.013952943279086694,77.39700012207031,78.4,81.24220016479492,0.011619239409468381,37.28974654788609,-1.1844548435857973,-1.2367631077291976
2018-10-23,76.7699966430664,77.86000061035156,76.44000244140625,77.37000274658203,57.68391799926758,6988400,0.004413916301093668,77.19000015258788,78.2595001220703,81.15780029296874,0.011698500125982053,42.49267011473255,-1.1337366164425475,-1.2161578094718677
2018-10-24,77.56999969482422,78.77999877929688,77.41999816894531,78.0999984741211,58.22817993164063,6016200,0.009435126038835673,77.17399978637695,78.20349998474121,81.08000030517579,0.011690096549425604,49.31774342988782,-1.0228467608834109,-1.1774955997541765
2018-10-25,78.19999694824219,79.52999877929688,77.86000061035156,79.0999984741211,58.97373962402344,6215700,0.012804097561299743,77.48199996948242,78.17849998474121,81.00960021972656,0.01201883014777666,54.01069336903683,-0.844538791304231,-1.1109042380641874
2018-10-26,79.18000030517578,79.18000030517578,76.68000030517578,77.19999694824219,57.55716323852539,11721400,-0.02402024731391772,77.61999969482422,78.00449981689454,80.88780014038086,0.012666427367222196,41.117593009730484,-0.8467815147376001,-1.05807969339887
2018-10-29,77.72000122070312,78.72000122070312,77.69000244140625,78.18000030517578,58.28782653808594,7159600,0.012694344503544785,77.80499954223633,77.91699981689453,80.7702001953125,0.012962224047704569,45.10108929282286,-0.7607117964786028,-0.9986061140148166
2018-10-30,78.30000305175781,79.8499984741211,78.0999984741211,79.25,59.08557891845703,9053000,0.013686360842254608,77.93999938964843,77.89199981689453,80.67280014038086,0.013366526710693688,53.88233759441733,-0.5992530752187122,-0.9187355062555957
2018-10-31,79.22000122070312,79.37999725341797,78.16999816894531,78.31999969482422,58.39219665527344,8322000,-0.011735019623669185,78.01199951171876,77.8629997253418,80.56700012207031,0.013412831355000938,60.05244533720671,-0.5401130407388735,-0.8430110131522512
2018-11-01,78.37999725341797,78.8499984741211,78.02999877929688,78.69000244140625,58.66805648803711,6062700,0.004724243463020361,78.13600006103516,77.88549995422363,80.47800018310546,0.013316713880098719,62.36002126500494,-0.45810723290637156,-0.7660302571030754
2018-11-02,78.83999633789062,78.86000061035156,77.1500015258789,78.04000091552734,58.18343734741211,7609100,-0.008260280921492003,78.12799987792968,77.87750015258788,80.3802001953125,0.013455752652594128,57.27657767455209,-0.4404890466928322,-0.7009220150210268
2018-11-05,78.19999694824219,79.45999908447266,78.18000030517578,79.19999694824219,59.04829025268555,6753000,0.014864121208435943,78.34499969482422,77.87099990844726,80.29580017089843,0.013479471802838733,55.7318924970347,-0.3291305101927975,-0.626563714055381
2018-11-06,79.27999877929688,79.62999725341797,79.08000183105469,79.5999984741211,59.34651947021485,4127900,0.00505052451126109,78.56799926757813,77.87899971008301,80.22540008544922,0.013524064782057508,58.74124521663045,-0.20622406488543277,-0.5424957842213914
2018-11-07,79.94999694824219,80.58000183105469,79.5199966430664,80.55000305175781,60.0547981262207,7559200,0.011934731103613982,78.8129997253418,77.99349975585938,80.15160018920898,0.013280283884650822,62.6634021556743,-0.031795868609364675,-0.44035580109898614
2018-11-08,80.41999816894531,80.66999816894531,79.94999694824219,80.61000061035156,60.09952163696289,3559700,0.0007448486197474402,78.96399993896485,78.22299995422364,80.0786001586914,0.011237676185836789,60.705052385610045,0.11001287523959036,-0.33028206583127084
2018-11-09,80.5199966430664,80.87000274658203,80.16000366210938,80.5999984741211,60.09210205078125,3388500,-0.0001240805874548334,79.30400009155274,78.46199989318848,80.01620010375977,0.011185475980938143,66.91941270354371,0.21906499274113855,-0.22041265411678898
2018-11-12,80.70999908447266,81.43000030517578,80.54000091552734,80.76000213623047,60.21136474609375,4969800,0.0019851571357132336,79.5620002746582,78.68349990844726,79.95040008544922,0.01115524396988484,66.3452073177371,0.31477204368421496,-0.11337571455658821
2018-11-13,80.81999969482422,81.12999725341797,80.19000244140625,80.68000030517578,60.15171432495117,4882600,-0.0009906120472822355,79.70500030517579,78.8224998474121,79.90300003051757,0.010370450347973592,63.27159185634157,0.37978714216023945,-0.014743143213222676
2018-11-14,80.79000091552734,81.0,80.0999984741211,80.4800033569336,60.00260162353516,4545800,-0.0024788912677948804,79.92100067138672,78.96650009155273,79.84200012207032,0.01033553261452765,57.73544173443589,0.41044266626704484,0.07029401868283083
2018-11-15,80.23999786376953,80.27999877929688,79.12999725341797,79.93000030517578,59.59254455566406,6413700,-0.006834033658255634,80.04500045776368,79.09050025939942,79.7652001953125,0.01048754512788303,68.03169064831584,0.38590823041256783,0.13341686102877826
2018-11-16,79.77999877929688,80.91000366210938,79.69999694824219,80.79000091552734,60.23374176025391,4347600,0.010759422082672998,80.32000045776367,79.22400016784668,79.72380020141601,0.010572101466947235,67.5167539181229,0.43089231676074746,0.1929119521751721
2018-11-19,80.93000030517578,81.48999786376953,80.41000366210938,80.9000015258789,60.31575393676758,7117500,0.0013615621872140604,80.49000091552735,79.41750030517578,79.67720016479493,0.009909902663025738,62.711850459467314,0.47000078276801105,0.2483297182937399
2018-11-20,80.5,81.13999938964844,80.05999755859375,80.06999969482422,59.69691848754883,5295700,-0.010259602168106063,80.53700103759766,79.5525001525879,79.61420013427734,0.01029644406094485,63.69323934513917,0.42907421225915243,0.2844786170868224
2018-11-21,80.05999755859375,80.80999755859375,79.7300033569336,80.13999938964844,59.749114990234375,4139600,0.0008742312363059224,80.49600067138672,79.65450019836426,79.5518000793457,0.010137612081378889,61.90471418012352,0.3977035219916587,0.30712359806778966
2018-11-23,79.87999725341797,80.3499984741211,79.51000213623047,79.9800033569336,59.629825592041016,2815500,-0.0019964566250734173,80.43300094604493,79.69850044250488,79.47800018310546,0.009790913300623564,67.32143149083656,0.3558298957023709,0.31686485759470595
2018-11-26,80.2699966430664,80.4800033569336,79.76000213623047,80.12999725341797,59.74166488647461,4422200,0.0018753924754788542,80.38600082397461,79.84500045776367,79.41780014038086,0.007891932849056453,60.13071352230058,0.3309332070675879,0.3196785274892824
2018-11-27,80.05999755859375,80.4800033569336,79.73999786376953,80.47000122070312,59.99513626098633,5183600,0.004243154610499511,80.35700073242188,79.95950050354004,79.35900009155273,0.007499705331234219,59.60266573699341,0.3347787594355509,0.32269857387853607
2018-11-28,80.5,81.26000213623047,80.1500015258789,81.19000244140625,60.531959533691406,8681300,0.008947448860208151,80.40800094604492,80.05650062561035,79.32260009765625,0.007160666190148325,57.441848086442754,0.3914125088461873,0.33644136087206633
2018-11-29,81.13999938964844,81.61000061035156,80.66000366210938,81.20999908447266,60.54686737060547,5681000,0.0002462944015901858,80.48100051879882,80.20100059509278,79.30600006103515,0.006488139550653761,57.042232080334266,0.4329183124313687,0.35573675118392684
2018-11-30,81.41000366210938,82.05000305175781,81.12999725341797,81.9800033569336,61.12094497680664,6641000,0.009481643654003724,80.68600082397461,80.36550064086914,79.28940017700195,0.006683957804234701,63.74505685565867,0.5219284046396666,0.3889750818750748
2018-12-03,82.4800033569336,82.55999755859375,81.55999755859375,82.41999816894531,61.44899368286133,7407000,0.005367099219257376,80.8490005493164,80.58450050354004,79.28220016479492,0.0062562303366835124,65.66035345719834,0.6208170555657375,0.4353434766132073
2018-12-04,82.3499984741211,82.62999725341797,80.98999786376953,81.19999694824219,60.53940963745117,9346700,-0.014802247607459962,80.87900009155274,80.68450050354004,79.30280014038085,0.006732274447328529,54.037244269952836,0.5938970458868624,0.4670541904679384
2018-12-06,80.75,83.30999755859375,80.0199966430664,83.20999908447266,62.03798294067383,15059500,0.024753721819862573,81.19300003051758,80.86500053405761,79.3634001159668,0.008519195943936884,66.5454286517519,0.7263798634629666,0.518919325066944
2018-12-07,82.94000244140625,83.08999633789062,81.80999755859375,82.12000274658203,61.22532653808594,9987800,-0.013099343226576465,81.39100036621093,80.94350051879883,79.42140014648437,0.008854533864778217,62.457361286391546,0.7349478347411491,0.5621250270017851
2018-12-10,82.16999816894531,82.23999786376953,80.58000183105469,81.58999633789062,60.83018112182617,5804300,-0.006454047624998016,81.55199966430663,80.99250030517578,79.46120010375977,0.009010515880503394,54.72810584478419,0.6910054453370975,0.5879011106688476
2018-12-11,82.05999755859375,82.38999938964844,81.62999725341797,81.62999725341797,60.8599967956543,5108800,0.0004902674019213737,81.70199966430664,81.04400024414062,79.4802000427246,0.009008810987919252,54.350392018143225,0.6518938976656017,0.6006996680681985
2018-12-12,82.12000274658203,82.25,80.26000213623047,80.37000274658203,59.92060470581055,6943900,-0.015435434879708776,81.69199981689454,81.02450027465821,79.48900009155274,0.009691609502798355,51.70069910229107,0.5133095746122365,0.5832216493770062
2018-12-13,79.5199966430664,80.5,79.44999694824219,79.87999725341797,60.26689529418945,6131600,-0.006096870429494916,81.56099929809571,80.98450012207032,79.4916000366211,0.009780453738241978,48.59306170810953,0.35979367447912125,0.5385360543974292
2018-12-14,79.58000183105469,80.01000213623047,79.23999786376953,79.6500015258789,60.093360900878906,10390400,-0.0028792655914772203,81.40499954223633,80.94300003051758,79.5066000366211,0.009785227528876653,48.227701838922215,0.21707023400728076,0.4742428903193996
2018-12-17,79.73999786376953,79.98999786376953,76.47000122070312,76.6500015258789,57.82996368408203,20329300,-0.03766478270593976,80.87199935913085,80.77900009155273,79.47480010986328,0.0128031885989001,35.69081135072868,-0.136540099513482,0.3520862923528233
2018-12-18,77.48999786376953,77.95999908447266,77.06999969482422,77.44000244140625,58.42599487304688,9575700,0.01030660012786333,80.37399978637696,80.61150016784669,79.45960021972657,0.012779789548794046,37.98573103632705,-0.34900920403026703,0.21186719307620527
2018-12-19,77.45999908447266,78.0,76.27999877929688,76.58999633789062,57.78468704223633,10760000,-0.01097631813943667,79.91299972534179,80.39599990844727,79.40480010986329,0.01290427638897771,31.946608633788017,-0.5793030439859166,0.05363314566378091
2018-12-20,76.48999786376953,76.72000122070312,74.88999938964844,75.44000244140625,56.91706848144531,13284100,-0.015014936042181959,79.13600006103516,80.16450004577636,79.32480010986328,0.013094201679615097,29.199727828142287,-0.8448683514315576,-0.1260671537552868
2018-12-21,75.61000061035156,77.0199966430664,74.31999969482422,74.38999938964844,56.1248664855957,16609300,-0.013918385707547443,78.3629997253418,79.87700004577637,79.24740005493165,0.013286655240242421,23.180200887597735,-1.1270651365912272,-0.3262667503224749
2018-12-24,74.08000183105469,74.33000183105469,71.68000030517578,71.73999786376953,54.125526428222656,9335800,-0.035623088420775884,77.37799987792968,79.46499977111816,79.16180007934571,0.015076003362191042,17.359428709732924,-1.5467115699164538,-0.5703557142412707
2018-12-26,71.88999938964844,74.13999938964844,71.08000183105469,74.13999938964844,55.93624877929688,16977000,0.033454162215565963,76.62900009155274,79.16549987792969,79.12820007324218,0.017350517691090115,29.874589169918792,-1.666414932196119,-0.7895675578322404
2018-12-27,73.58999633789062,74.20999908447266,72.0199966430664,74.12999725341797,55.92870330810547,12102300,-0.00013490877141641988,76.00499954223633,78.84849967956544,79.08419998168945,0.01727202086746992,20.78508095794507,-1.7420070253943294,-0.9800554513446582
2018-12-28,74.91000366210938,75.18000030517578,73.80000305175781,74.37000274658203,56.10977935791016,12729300,0.0032376298672127657,75.45400009155273,78.50749969482422,79.01360000610352,0.017093841938071962,23.62154301591835,-1.7622339305776364,-1.136491147191254
2018-12-31,74.30999755859375,74.72000122070312,73.30000305175781,74.56999969482422,56.26067733764648,15750600,0.0026892152864870233,74.94599990844726,78.1754997253418,78.95300003051757,0.01713624778386082,25.55712877783651,-1.742044610498752,-1.2576018398527538
2019-01-02,73.55999755859375,73.69999694824219,72.52999877929688,72.94999694824219,55.03843688964844,12880400,-0.021724591031404672,74.5759994506836,77.72399940490723,78.86300003051758,0.017253292747712982,22.772914613536003,-1.835605395229834,-1.3732025509281698
2019-01-03,72.7699966430664,74.56999969482422,72.70999908447266,73.45999908447266,55.42319488525391,12264300,0.006991119363477294,74.17799911499023,77.2759994506836,78.7697999572754,0.017311725566651337,27.25478732648044,-1.8473054932517243,-1.4680231393928806
2019-01-04,73.73999786376953,75.0199966430664,73.30000305175781,74.31999969482422,56.07204818725586,9389000,0.01170705991110399,73.9509994506836,76.9319995880127,78.71559997558593,0.0175824010193013,32.13369865485451,-1.7668162849701332,-1.5277817685083313
2019-01-07,74.5999984741211,75.61000061035156,74.4000015258789,75.05000305175781,56.62282180786133,9227900,0.009822434875284669,73.91199951171875,76.52399978637695,78.66919998168946,0.016573219462874485,35.67872784046129,-1.6253863949090004,-1.5473026937884653
2019-01-08,75.52999877929688,76.79000091552734,75.33000183105469,76.5999984741211,57.7922477722168,10761000,0.020652836233655325,74.13299942016602,76.24799957275391,78.63919998168946,0.017404416342939686,49.82887406760649,-1.3724102206280406,-1.5123241991563805
2019-01-09,76.77999877929688,76.87000274658203,75.76000213623047,76.48999786376953,57.709259033203125,6434200,-0.0014360393282347728,74.60799942016601,75.99299964904785,78.58699996948242,0.017393154203795787,46.590080702801735,-1.167344489232221,-1.4433282571715487
2019-01-10,76.25,77.75,76.08000183105469,77.52999877929688,58.493900299072266,8671800,0.01359656091741046,74.94699935913086,75.78799972534179,78.59360000610351,0.01777731458950062,53.32861809721311,-0.9104143475639859,-1.336745475250036
2019-01-11,77.45999908447266,77.83000183105469,77.0999984741211,77.75,58.659889221191406,5141900,0.002837627036850643,75.30899963378906,75.6569995880127,78.585,0.017541315306755623,58.7566128078795,-0.6811907563141091,-1.2056345314628507
2019-01-14,77.5,77.94000244140625,77.18000030517578,77.48999786376953,58.46372222900391,4934500,-0.003344078922578375,75.62099914550781,75.53749961853028,78.5497999572754,0.017514198014227152,62.499976927265514,-0.5145776770989698,-1.0674231605900746
2019-01-15,77.5999984741211,78.41999816894531,77.56999969482422,78.2300033569336,59.02201843261719,5377200,0.009549690457664184,75.98699951171875,75.46649971008301,78.54800003051758,0.017677609395674285,80.9341880565665,-0.3191444540187547,-0.9177674192758107
2019-01-16,78.20999908447266,79.05999755859375,78.0999984741211,78.77999877929688,59.43698120117188,6164000,0.007030492122745535,76.56999969482422,75.5729995727539,78.5497999572754,0.01545004889486616,76.85180279461422,-0.11851600390676253,-0.7579171362020011
2019-01-17,78.62999725341797,79.19999694824219,78.47000122070312,79.16000366210938,59.72367477416992,4327000,0.004823621334103967,77.14000015258789,75.65899963378907,78.57220001220703,0.015333486757794551,77.91341119647474,0.07033591778888137,-0.5922665254038246
2019-01-18,79.48999786376953,79.5,78.81999969482422,79.43000030517578,59.92740249633789,6397100,0.0034107709774606754,77.65100021362305,75.80099983215332,78.5768000793457,0.015066797254364052,77.98668570637662,0.2390334699284864,-0.42600652633736247
2019-01-22,79.26000213623047,79.54000091552734,78.58000183105469,79.19000244140625,59.74631118774414,6062600,-0.0030215014836640908,78.06500015258788,75.98849983215332,78.56860015869141,0.0145879275435366,75.44051725224449,0.34933475988044904,-0.27093826909380014
2019-01-23,79.33000183105469,79.4000015258789,78.68000030517578,79.19999694824219,59.75385284423828,3972000,0.00012620919974493106,78.325,76.228999710083,78.54160003662109,0.01408379130944707,91.83399584111253,0.43256940913592246,-0.13023673344785563
2019-01-24,78.97000122070312,79.6500015258789,78.69000244140625,79.47000122070312,59.95756912231445,4142500,0.003409144985667023,78.62300033569336,76.6154998779297,78.51880004882813,0.010718473269197408,91.56292770228703,0.514390977619172,-0.0013111912344501153
2019-01-25,79.73999786376953,80.5199966430664,79.58999633789062,80.45999908447266,60.70450592041016,5713400,0.012457504071506476,78.91600036621094,76.9314998626709,78.51600006103516,0.008628231444141519,91.71194891623216,0.6516083782116482,0.12927272265476955
2019-01-28,80.30999755859375,81.33000183105469,80.05999755859375,81.25,61.30051040649414,5471200,0.009818554865976825,79.26600036621093,77.2875,78.52580001831055,0.008656051718862136,91.77896548674931,0.814709168196984,0.26636001176321245
2019-01-29,81.12999725341797,81.93000030517578,80.97000122070312,81.88999938964844,61.78337478637695,4832200,0.007876915564903886,79.70600051879883,77.66349983215332,78.55,0.008678858519432146,90.62979400641525,0.9842643348161602,0.409940876373802
2019-01-30,81.91999816894531,82.8499984741211,81.83000183105469,82.55000305175781,62.28133010864258,6635900,0.008059636915723312,80.13800048828125,78.0625,78.59139999389649,0.008691111369682012,92.91785222975915,1.158539879032901,0.5596606769056218
2019-01-31,82.44999694824219,83.47000122070312,81.77999877929688,83.41000366210938,62.9301643371582,13041700,0.010417935536747969,80.6010009765625,78.58550033569335,78.66100006103515,0.006026990597366931,92.73256329731552,1.3504818512075758,0.7178249117660127
2019-02-01,83.48999786376953,83.75,81.72000122070312,82.87999725341797,62.53030776977539,16142500,-0.006354230732784072,80.97300033569336,79.05650024414062,78.70279998779297,0.0066989416809933346,85.67447891520561,1.4431939181587126,0.8628987130445527
2019-02-04,82.86000061035156,83.5,82.19999694824219,83.5,62.99806213378906,13612800,0.007480728367862843,81.38000030517578,79.51550025939942,78.7547999572754,0.006577387813278063,89.80128234277659,1.5488438316721584,1.000087736770074
2019-02-05,83.58000183105469,84.02999877929688,83.05999755859375,83.9800033569336,63.36021423339844,10279100,0.005748543196809397,81.85900039672852,79.96200027465821,78.83300003051758,0.006510987943229658,89.43753950744937,1.6522582045600558,1.1305218303280704
2019-02-06,83.66999816894531,83.88999938964844,83.16000366210938,83.43000030517578,62.94525146484375,8419900,-0.006549214453114294,82.28200073242188,80.30350036621094,78.89880004882812,0.006037548347693587,81.8929438199425,1.6705768207330323,1.2385328284090629
2019-02-07,83.18000030517578,84.22000122070312,82.91000366210938,84.12000274658203,63.465858459472656,8823200,0.008270435561336553,82.74700088500977,80.68500061035157,78.98160003662109,0.005941816905650922,82.63151396026096,1.7209340302031535,1.3350130687678812
2019-02-08,83.80000305175781,84.44999694824219,83.6500015258789,84.12000274658203,63.465858459472656,6853900,0.0,83.11300125122071,81.01450080871582,79.06140014648437,0.005650959672242266,81.99175652608352,1.7407759005264296,1.416165635119591
2019-02-11,84.25,84.51000213623047,83.95999908447266,84.3499984741211,63.63935470581055,4999200,0.002734138374102857,83.42300109863281,81.34450073242188,79.13900009155273,0.005652226021582509,85.2458025387488,1.754830860947763,1.4838986802852254
2019-02-12,84.55000305175781,84.55000305175781,83.51000213623047,83.81999969482422,63.23952865600586,8588900,-0.006283328854587711,83.61600112915039,81.6610008239746,79.1916000366211,0.005889136696988122,79.46423097546047,1.70356540468498,1.5278320251651765
2019-02-13,83.83000183105469,84.33000183105469,83.5199966430664,84.25,63.56393051147461,5697000,0.0051300442226358545,83.7860008239746,81.96200065612793,79.25240005493164,0.005749227267554048,79.8749353886883,1.6782883290551354,1.5579232859431684
2019-02-14,84.37999725341797,84.83999633789062,83.98999786376953,84.5199966430664,63.76763153076172,6928100,0.003204707929571615,83.89700012207031,82.2490005493164,79.3031999206543,0.005697018234058869,77.88454484671024,1.6608967532472292,1.5785179794039808
2019-02-15,84.73999786376953,85.0999984741211,84.54000091552734,85.08999633789062,64.19766235351562,4998600,0.006743962582385965,84.11800003051758,82.54550018310547,79.3565998840332,0.00573587596463504,77.1953921134249,1.6738133375632174,1.5975770510358283
2019-02-19,84.91000366210938,85.2699966430664,84.75,85.06999969482422,64.18257904052734,5981200,-0.00023500580475999122,84.275,82.82750015258789,79.43399993896485,0.005800908856620703,74.68940475414789,1.6632631989044881,1.6107142806095602
2019-02-20,85.01000213623047,85.01000213623047,83.9800033569336,84.54000091552734,63.78270721435547,7918900,-0.0062301490678049465,84.33099975585938,83.09500007629394,79.46059997558594,0.006029234913872263,65.76859134409025,1.593763749482605,1.6073241743841693
2019-02-21,84.05999755859375,84.69999694824219,83.77999877929688,84.62000274658203,63.843074798583984,4756900,0.00094631925938371,84.45,83.36600036621094,79.51059997558593,0.0060093316096202325,60.94030454079514,1.52753197649281,1.5913657348058974
2019-02-22,84.79000091552734,85.44999694824219,84.5199966430664,85.12000274658203,64.22032165527344,4490300,0.005908768420835209,84.55,83.64850044250488,79.58120010375977,0.006036943193864094,70.36368630149147,1.4981192543328063,1.572716438711279
2019-02-25,85.29000091552734,85.36000061035156,84.37000274658203,84.44999694824219,63.71481323242188,4956800,-0.007871308467112925,84.58299942016602,83.84800033569336,79.63760009765625,0.006152107835454773,58.558526359199945,1.4045547587064533,1.539084102710314
2019-02-26,84.56999969482422,84.79000091552734,84.05000305175781,84.19000244140625,63.5186653137207,4777100,-0.0030786798843258634,84.56699981689454,83.99500045776367,79.71400009155273,0.00601243675178676,51.969974792911096,1.2945026176139294,1.4901678056910372
2019-02-27,83.91000366210938,84.12999725341797,83.1500015258789,83.7699966430664,63.20176315307617,8116400,-0.0049887847269295404,84.56199951171875,84.08900032043456,79.7918000793457,0.006015848616714362,53.26919747525581,1.1600225275158635,1.4241387500560025
2019-02-28,83.83000183105469,84.91999816894531,83.5199966430664,83.98999786376953,63.367767333984375,6547100,0.0026262531875287376,84.5359992980957,84.16100006103515,79.87860000610351,0.005806566324613709,48.625739955159126,1.0589909585490744,1.351109191754617
2019-03-01,83.94000244140625,84.23999786376953,82.81999969482422,83.7300033569336,63.17161560058594,10635700,-0.003095541295972448,84.45699996948242,84.17700004577637,80.02020004272461,0.0054111902032797105,46.09218283673369,0.9470265953255108,1.2702926724687957
2019-03-04,84.12000274658203,84.19999694824219,83.18000030517578,84.11000061035156,63.45830535888672,7103600,0.004538364244392579,84.35900039672852,84.23850021362304,80.15360000610352,0.005262340754732179,47.66538668772422,0.8788260734677351,1.1919993526685837
2019-03-05,84.06999969482422,84.70999908447266,83.9000015258789,84.33999633789062,63.6318244934082,9077500,0.0027344635105228665,84.28600006103515,84.28050003051757,80.30860000610352,0.005045381075269804,55.37187867973335,0.8337247417479006,1.1203444304844472
2019-03-06,84.41999816894531,84.5999984741211,83.8499984741211,83.94999694824219,63.33757019042969,5370800,-0.004624133348144599,84.22699966430665,84.27899971008301,80.47879989624023,0.005011853859727827,46.8749602634691,0.7577767414627061,1.047830892680099
2019-03-07,84.16000366210938,84.55000305175781,83.55000305175781,83.7699966430664,63.20176315307617,8328500,-0.0021441371258983377,84.14199905395508,84.29599952697754,80.66639984130859,0.004801546160591115,42.038202116148426,0.6752786913510107,0.9733204524142813
2019-03-08,83.62999725341797,84.16000366210938,83.48999786376953,83.86000061035156,63.26968765258789,9264800,0.0010744177019446077,84.01599884033203,84.28299942016602,80.90879989624024,0.004420595896137183,35.461028724789614,0.6101277869004917,0.9006819193115234
2019-03-11,84.1500015258789,85.1500015258789,84.01000213623047,85.08999633789062,64.19766235351562,4679300,0.014667251592974884,84.07999877929687,84.33149909973145,81.12779983520508,0.005524734695016841,50.18379285052122,0.6502499250759826,0.8505955204644152
2019-03-12,85.19999694824219,85.69000244140625,85.11000061035156,85.4800033569336,64.49192810058594,6072500,0.00458346498799056,84.20899887084961,84.38799934387207,81.35479995727539,0.0055777681130956495,58.86794245424525,0.705386064196091,0.8215536292107504
2019-03-13,85.58000183105469,86.12999725341797,85.58000183105469,85.9000015258789,64.80878448486328,4282900,0.004913408428302901,84.42199935913087,84.4919994354248,81.58539993286132,0.005401150542905073,61.347508136668985,0.7740494338021193,0.8120527901290242
2019-03-14,85.95999908447266,86.05000305175781,85.62000274658203,86.02999877929688,64.90689086914062,4303200,0.0015133556590078978,84.6259994506836,84.58099937438965,81.81459991455078,0.0053240551780840036,58.63374395040746,0.8293945962014249,0.8155211513435043
2019-03-15,86.12000274658203,86.19000244140625,85.61000061035156,85.76000213623047,64.70316314697266,4742200,-0.003138401103074062,84.82899932861328,84.64299964904785,82.07080001831055,0.005378184529863801,63.44977981228821,0.8417662066548104,0.8207701624057656
2019-03-18,85.80000305175781,86.02999877929688,84.91999816894531,85.33000183105469,64.37875366210938,4125300,-0.005013995970904017,84.9509994506836,84.65499992370606,82.30820007324219,0.005330016962525178,61.30953282006412,0.8075642679173427,0.818128983508081
2019-03-19,85.37999725341797,85.51000213623047,84.80999755859375,85.06999969482422,64.18257904052734,6169200,-0.003047018992748285,85.02399978637695,84.65499992370606,82.5232000732422,0.005377702646562838,63.31973171990057,0.7508239544161057,0.8046679776896861
2019-03-20,85.05000305175781,85.86000061035156,84.44000244140625,85.33000183105469,64.37875366210938,6499300,0.0030563316934664186,85.1620002746582,84.69449996948242,82.72880004882812,0.005208465409942323,63.61795268215602,0.7185538056524337,0.7874451432822357
2019-03-21,85.20999908447266,86.88999938964844,85.19999694824219,86.8499984741211,65.52554321289062,6948200,0.017813156105116024,85.47000045776367,84.80599975585938,82.93380004882812,0.0064949262006726224,75.24270885800914,0.8063355716730456,0.7912232289603978
2019-03-22,86.93000030517578,87.41999816894531,86.19999694824219,86.22000122070312,65.05023193359375,8769700,-0.007253854513373348,85.70600051879883,84.86099967956542,83.1284001159668,0.0066701399104000395,66.4074884431746,0.8156652590613049,0.7961116349805792
2019-03-25,86.25,86.61000061035156,85.75,86.33000183105469,65.13320922851562,6324300,0.0012758131384154048,85.83000106811524,84.95499992370605,83.30440017700195,0.006360560927544361,65.76867086464893,0.8224544900737527,0.801380205999214
2019-03-26,86.5199966430664,87.05999755859375,86.43000030517578,87.0199966430664,65.65377807617188,8576400,0.007992526321985105,85.98400039672852,85.09649963378907,83.48980010986328,0.006456898007532483,73.22241266873272,0.8734433086049762,0.8157928265203666
2019-03-27,87.13999938964844,87.29000091552734,86.22000122070312,86.7699966430664,65.46517944335938,7252600,-0.002872902891796647,86.07099990844726,85.24649963378906,83.67540008544921,0.006358567620663889,72.45511444104345,0.8834950233105587,0.8293332658784051
2019-03-28,86.3499984741211,87.02999877929688,86.0999984741211,86.98999786376953,66.10042572021484,5600000,0.002535452681969197,86.16699981689453,85.39649963378906,83.85059997558594,0.006357963936351029,72.98092424481766,0.8988519339387153,0.8432369994904672
2019-03-29,87.06999969482422,87.16000366210938,86.56999969482422,86.91000366210938,66.03964233398438,13743500,-0.0009195793036508304,86.28199996948243,85.55549964904785,84.01320007324219,0.006288462711398335,66.07783615909074,0.8942590708062426,0.8534414137536223
2019-04-01,87.0,87.02999877929688,85.91000366210938,86.86000061035156,66.00164031982422,8528500,-0.000575342879425178,86.43499984741212,85.69299964904785,84.16720001220703,0.006278818849304587,62.9699369425829,0.8764808397695703,0.8580492989568118
2019-04-02,86.9800033569336,87.55000305175781,86.22000122070312,87.47000122070312,66.46516418457031,10358100,0.007022802280280738,86.675,85.84949989318848,84.32800003051757,0.006390797198493322,64.24685511731434,0.9012246579908805,0.8666843707636256
2019-04-03,87.47000122070312,87.73999786376953,86.77999877929688,87.37000274658203,66.38916778564453,5004200,-0.0011432316534303322,86.87900009155274,86.02050018310547,84.4916000366211,0.006251281561323786,62.226340124158924,0.9023633876304871,0.873820174136998
2019-04-04,87.43000030517578,87.5,86.80000305175781,87.2300033569336,66.28279113769531,4249100,-0.0016023736436693303,86.91700057983398,86.19350051879883,84.65220016479492,0.006233449903296568,63.73835267542646,0.8818041687991922,0.8754169730694369
2019-04-05,87.23999786376953,87.88999938964844,87.0999984741211,87.83999633789062,66.7463150024414,4827100,0.006992926257964438,87.07900009155273,86.39250030517579,84.81960006713867,0.00632481180491093,72.69441217616367,0.9043078770983328,0.8811951538752161
2019-04-08,87.7699966430664,87.83000183105469,87.06999969482422,87.3499984741211,66.37398529052734,4575500,-0.0055783001388647335,87.18099975585938,86.5055004119873,84.95740005493164,0.005850350602087161,69.79172737531988,0.8725453360394084,0.8794651903080546
2019-04-09,87.3499984741211,87.4800033569336,86.73999786376953,86.88999938964844,66.02442932128906,3507600,-0.005266160188988844,87.16800003051758,86.57600021362305,85.07020004272461,0.0059750970254874615,63.08728010998661,0.8010215340434144,0.8637764590551267
2019-04-10,87.19999694824219,87.7699966430664,87.0199966430664,87.69000244140625,66.63233184814453,4264500,0.009207078574949623,87.26000061035157,86.66550025939941,85.18620010375976,0.0062021576426956266,58.01533163952447,0.7996738239697692,0.8509559320380552
2019-04-11,87.77999877929688,88.08999633789062,87.27999877929688,87.62999725341797,66.58673095703125,2925600,-0.0006842876761050665,87.32400054931641,86.74550018310546,85.28779998779297,0.006212972950790202,65.09634784881678,0.7847180951099375,0.8377083646524317
2019-04-12,87.58999633789062,88.08000183105469,86.97000122070312,88.05000305175781,66.9058837890625,4148900,0.004792945469634491,87.43800048828125,86.86000022888183,85.38059997558594,0.006192039197616793,67.26910337685258,0.7975627234193752,0.8296792364058205
2019-04-15,88.0999984741211,88.13999938964844,87.37000274658203,87.5999984741211,66.56393432617188,3468900,-0.005110784350253805,87.5120002746582,86.97350006103515,85.475,0.006197299353657294,56.11815568453617,0.7626393436974155,0.8162712578641396
2019-04-16,87.62000274658203,87.66000366210938,85.27999877929688,85.62000274658203,65.0594253540039,7256100,-0.022602691347351933,87.32700042724609,87.00100021362304,85.51740005493164,0.008157292181055594,41.11287728351155,0.5686382976306987,0.7667446658174514
2019-04-17,85.91000366210938,86.02999877929688,84.55999755859375,84.83999633789062,64.46670532226562,6121300,-0.009110095581286837,87.07399978637696,86.97649993896485,85.53459991455078,0.008395336207101088,34.70839569064407,0.34794023409158115,0.6829837794722774
2019-04-18,85.11000061035156,85.66999816894531,84.58000183105469,85.48999786376953,64.96061706542969,4827400,0.0076614987498366816,86.89999923706054,86.90849990844727,85.57579986572266,0.007505173324279283,40.65787347073581,0.22291548855022825,0.5909701212878676
2019-04-22,85.38999938964844,85.69000244140625,83.77999877929688,84.55000305175781,64.2463607788086,5012000,-0.010995377652361471,86.57099990844726,86.825,85.58439987182618,0.007719092317191063,36.39578289758645,0.04743593950635727,0.48226328493156556
2019-04-23,84.91999816894531,85.79000091552734,84.5199966430664,85.66999816894531,65.097412109375,4692300,0.01324654141646664,86.40299987792969,86.79199981689453,85.61539978027344,0.008339828737382786,39.99998304578993,-0.001244278339342486,0.385561772277384
2019-04-24,85.97000122070312,86.55999755859375,85.66000366210938,86.30000305175781,65.57611083984375,4853800,0.007353856615825993,86.34400024414063,86.7560001373291,85.65439987182617,0.008307361329353287,44.38615437945364,0.010886929422881053,0.31062680370648343
2019-04-25,86.08000183105469,86.3499984741211,85.47000122070312,86.12000274658203,65.43933868408203,3732500,-0.002085750855278956,86.1870002746582,86.72350044250489,85.70039993286133,0.008296799046450073,44.20062820880768,0.005908370653628481,0.24968311709591245
2019-04-26,86.27999877929688,86.87000274658203,86.12999725341797,86.80000305175781,65.95606231689453,3109400,0.007895962418588809,86.10400085449218,86.7140007019043,85.75139999389648,0.008479260583079417,44.60585214825696,0.05618549715153165,0.2109835931070363
2019-04-29,86.70999908447266,86.97000122070312,85.8499984741211,85.94999694824219,65.31016540527344,4280600,-0.009792696700814396,85.89400024414063,86.66600036621094,85.78,0.008753473663892716,43.000008392314776,0.027129362963151493,0.17421274707825934
2019-04-30,86.0199966430664,86.94999694824219,85.4800033569336,86.7699966430664,65.93325805664062,5541400,0.009540427270963159,85.81100006103516,86.66150016784668,85.81360000610351,0.009037665599065619,49.420837478800124,0.06946850000426252,0.15326389766345996
2019-05-01,86.7699966430664,87.83000183105469,86.72000122070312,86.83999633789062,65.98645782470703,7675800,0.0008067269509317576,85.93299942016601,86.62999992370605,85.84899993896484,0.008888631035669508,45.58668574407436,0.10743254599104546,0.14409762732897707
2019-05-02,86.87999725341797,87.77999877929688,86.66999816894531,86.93000030517578,66.05484008789062,5675900,0.001036434489644078,86.14199981689453,86.60799980163574,85.89679992675781,0.008891415765309192,46.37683448669124,0.14313195780410126,0.1439044934240019
2019-05-03,87.23999786376953,87.79000091552734,86.93000030517578,87.66999816894531,66.61711883544922,4678400,0.00851257173785469,86.35999984741211,86.62999954223633,85.95779983520508,0.009093700425251731,48.09617001758276,0.22850161764148424,0.16082391826749837
2019-05-06,87.25,87.66999816894531,86.87000274658203,87.38999938964844,66.40435791015625,4836000,-0.0031937810556046387,86.64399948120118,86.60749969482421,86.00319976806641,0.008983179120407735,48.929668840900376,0.270446586770845,0.1827484519681677
2019-05-07,87.27999877929688,87.27999877929688,85.20999908447266,85.80999755859375,65.20380401611328,7037100,-0.01807989291783707,86.65799942016602,86.53049964904785,86.03039978027344,0.009775762702117562,51.009535515559165,0.1741874098305516,0.18103624354064446
2019-05-08,85.87999725341797,86.58000183105469,85.66999816894531,85.72000122070312,65.13539123535156,5976800,-0.00104878616071713,86.59999923706054,86.47199974060058,86.06099975585937,0.009720669875626826,55.04589885104134,0.0896064390076532,0.1627502826340462
2019-05-09,85.56999969482422,86.11000061035156,84.95999908447266,85.94000244140625,65.30257415771484,4005000,0.0025665097710005913,86.58199920654297,86.38449974060059,86.10439987182617,0.009477253839038281,52.71414069927213,0.03986809555283344,0.13817384521780365
2019-05-10,85.87999725341797,87.08000183105469,85.70999908447266,86.86000061035156,66.00164031982422,4269000,0.0107051215127969,86.58799896240234,86.34599990844727,86.16179992675781,0.00983057754875191,63.966120708583105,0.07383513799778996,0.12530610377380091
2019-05-13,86.31999969482422,86.9000015258789,86.08000183105469,86.7699966430664,65.93325805664062,5794100,-0.0010361957938374022,86.66999893188476,86.2819995880127,86.22259979248047,0.009754786999633842,57.59666077602604,0.09242626345759675,0.11873013571056008
2019-05-14,86.94999694824219,87.37000274658203,86.73999786376953,87.08999633789062,66.17639923095703,4740500,0.0036879071937798713,86.70199890136719,86.25649948120117,86.28219970703125,0.00974315460004762,55.6998007332137,0.13146571047380462,0.121277250663209
2019-05-15,87.01000213623047,87.88999938964844,86.72000122070312,87.68000030517578,66.62471008300781,3410600,0.006774646826210207,86.7859992980957,86.35949935913087,86.34899978637695,0.008303464731115425,60.6266695770578,0.2076198306206578,0.13854576665469875
2019-05-16,87.6500015258789,88.41999816894531,87.44999694824219,88.02999877929688,66.89069366455078,4008500,0.003991770904458347,86.89599914550782,86.51899948120118,86.43059982299805,0.007954912804208434,58.77313847386201,0.292838807809531,0.1694043748856652
2019-05-17,87.7300033569336,88.06999969482422,87.41000366210938,87.86000061035156,66.76150512695312,5346600,-0.0019311390583057753,86.91499938964844,86.63749961853027,86.51239990234374,0.007876613847795925,65.08691239818437,0.34270751084437734,0.20406500207740763
2019-05-20,87.41999816894531,87.69000244140625,86.23999786376953,86.58999633789062,65.79647064208984,4221100,-0.014454863005217256,86.83499908447266,86.73949928283692,86.56699981689454,0.008194661751081654,48.67256537585985,0.27656205119281196,0.2185644119004885
2019-05-21,86.87000274658203,87.55000305175781,86.75,87.33000183105469,66.35879516601562,2930100,0.008546085280757065,86.98699951171875,86.82249946594239,86.61179992675781,0.007893605289182497,53.288622082401425,0.2806187583143043,0.23097528118325167
2019-05-22,87.41999816894531,87.6500015258789,87.16000366210938,87.58999633789062,66.55634307861328,2825100,0.0029771499070720964,87.1739990234375,86.88699913024902,86.65399978637696,0.007767547791065301,54.330681068395194,0.30133945807656914,0.24504811656191516
2019-05-23,87.37999725341797,87.87000274658203,87.08999633789062,87.79000091552734,66.70832061767578,3304500,0.0022834180385757907,87.3589988708496,86.97049903869629,86.69179977416992,0.00774438288363469,50.847475891468775,0.3300943377807073,0.2620573608056736
2019-05-24,88.0199966430664,88.47000122070312,87.98999786376953,88.05999755859375,66.91346740722656,3121800,0.0030754828596732953,87.47899856567383,87.03349876403809,86.73239974975586,0.007591625735302805,54.73831311779687,0.3703995245994207,0.28372579356442307
2019-05-28,88.33000183105469,88.58999633789062,87.13999938964844,87.19000244140625,66.25241088867188,4614500,-0.009879572351891297,87.52099914550782,87.09549903869629,86.76099975585937,0.007597996739126575,60.84909394950685,0.32835526532733184,0.29265168791700485
2019-05-29,87.05999755859375,87.20999908447266,85.70999908447266,86.02999877929688,65.3709716796875,8170000,-0.013304319642483353,87.41499938964844,87.05849914550781,86.77499969482422,0.007916490499177505,52.08611862412282,0.19913676133818115,0.27394870260124016
2019-05-30,86.12000274658203,86.77999877929688,86.02999877929688,86.38999938964844,65.64451599121094,3984100,0.004184593926068958,87.2859992980957,87.0359992980957,86.8013996887207,0.007979333540714093,52.97223588412201,0.12434582529110116,0.24402812713921238
2019-05-31,86.16000366210938,87.37000274658203,85.88999938964844,86.88999938964844,66.02442932128906,5369200,0.005787706951412508,87.17199935913087,87.03399925231933,86.83259963989258,0.008088977159071984,50.20978140478848,0.10421793151870418,0.21606608801511074
2019-06-03,87.19999694824219,87.38999938964844,86.4800033569336,87.0999984741211,66.18399810791016,6347800,0.002416838369752261,87.09599914550782,87.00549926757813,86.83759963989257,0.007863369550015514,52.26961235982177,0.1040126091590281,0.19365539224389422
2019-06-04,87.25,87.25,85.94999694824219,86.70999908447266,65.88766479492188,6993200,-0.004477605011259711,87.10799942016601,86.97149925231933,86.84739959716796,0.007893447832686865,47.411464250485146,0.07155535276099556,0.1692353843473145
2019-06-05,87.20999908447266,88.62000274658203,86.98999786376953,88.5199966430664,67.26301574707031,6775400,0.020874150359873278,87.22699890136718,87.10699920654297,86.89119949340821,0.008094528700990748,54.90652206464309,0.18969770239098693,0.173327847956049
2019-06-06,88.80000305175781,88.88999938964844,88.05000305175781,88.69000244140625,67.3921890258789,4077200,0.001920535526287237,87.33699951171874,87.25549926757813,86.924599609375,0.008070837245406847,53.93796704977494,0.2936592912576401,0.19739413661636723
2019-06-07,89.12999725341797,89.56999969482422,88.91999816894531,89.0199966430664,67.64295196533203,3525700,0.003720759866684853,87.45999908447266,87.40949897766113,86.969599609375,0.008081213213341328,56.79154513090128,0.3980884576957777,0.23753300083224935
2019-06-10,89.19000244140625,89.29000091552734,88.4000015258789,88.7300033569336,67.42259979248047,2945500,-0.003257619603105222,87.52699966430664,87.50299911499023,87.00439971923828,0.007871175017762792,64.15350442979786,0.45223619253334846,0.28047363917246915
2019-06-11,88.98999786376953,89.19000244140625,88.30999755859375,88.97000122070312,67.60494232177734,3834000,0.0027048107144107547,87.70499954223632,87.61299934387208,87.04559967041016,0.00786230971157568,61.61475567505182,0.5086510714386066,0.32610912562569666
2019-06-12,89.04000091552734,89.56999969482422,88.9000015258789,89.2699966430664,67.83292388916016,2768500,0.003371871622425804,88.02899932861328,87.72199935913086,87.09379959106445,0.00785753600520284,61.83101603358661,0.570985428245919,0.37508438614974116
2019-06-13,89.3499984741211,89.6500015258789,89.0999984741211,89.6500015258789,68.12164306640625,2799400,0.004256804045057683,88.35499954223633,87.82049942016602,87.13739959716797,0.007784466637462247,62.77475838449301,0.6436297106612159,0.42879345105203615
2019-06-14,89.5999984741211,90.12000274658205,89.55000305175781,89.69999694824219,68.15965270996094,2981700,0.000557673413411397,88.6359992980957,87.90399932861328,87.18399948120117,0.007756083205548593,61.61475567505182,0.6971981740450843,0.48247439565064576
2019-06-17,89.94000244140625,90.77999877929688,89.94000244140625,90.66000366210938,68.88911437988281,3574900,0.010702416349257282,88.99199981689453,88.04399948120117,87.25259948730469,0.008017537035505208,74.26576351631091,0.8078042216880021,0.5475403608581171
2019-06-18,91.33000183105467,91.58999633789062,90.16000366210938,90.56999969482422,68.82075500488281,4449200,-0.00099276377288271,89.37799987792968,88.24299964904785,87.30719955444336,0.007112742418173826,87.3355694507709,0.8780758317480064,0.613647455036095
2019-06-19,90.41999816894533,91.36000061035156,90.01000213623047,91.05999755859376,69.19304656982422,3694600,0.0054101564030097915,89.63199996948242,88.4294994354248,87.38139953613282,0.007000872418429796,87.60068111789829,0.9622135229874971,0.6833606686263755
2019-06-20,91.55999755859376,91.8499984741211,91.38999938964844,91.5199966430664,69.54259490966797,4862000,0.005051604401555609,89.91499938964844,88.6259994506836,87.47399948120118,0.0070296009962315005,87.52029459153,1.053863053939466,0.7574611456889936
2019-06-21,91.0,91.2699966430664,90.04000091552734,90.2300033569336,68.5623779296875,7941700,-0.01409520687772603,90.03600006103515,88.74799957275391,87.52479949951172,0.007919565610995822,71.58628600292548,1.0107529593079079,0.8081195084127765
2019-06-24,90.62999725341795,90.91000366210938,89.6500015258789,89.91999816894531,68.32682037353516,3773600,-0.0034357217827196695,90.15499954223633,88.84099960327148,87.57059951782226,0.00798072177536045,72.38496038987641,0.9407289333119166,0.8346413933926046
2019-06-25,89.94000244140625,90.16999816894533,88.58999633789062,88.58999633789062,67.31619262695312,5381300,-0.014790945931246857,90.11699905395508,88.9109992980957,87.58139938354492,0.00840010774117985,50.52316703369138,0.7690492348741031,0.8215229616889044
2019-06-26,88.62999725341797,88.72000122070312,86.61000061035156,86.81999969482422,65.97125244140625,12897000,-0.01997964461264312,89.87199935913085,88.95049934387207,87.56579940795899,0.009095147756007985,38.72131494544835,0.4845819413819328,0.7541347576275101
2019-06-27,86.52999877929688,87.16000366210938,86.37000274658203,87.0999984741211,66.82051086425781,6924500,0.003225049300634497,89.61699905395508,88.9859992980957,87.59539932250976,0.00907718217728348,38.34951186631507,0.27852248937179525,0.6590123039763672
2019-06-28,87.20999908447266,87.95999908447266,87.13999938964844,87.4000015258789,67.05067443847656,9638200,0.0034443519748963425,89.38699951171876,89.01149940490723,87.64659942626953,0.009019578487290767,41.939382842092805,0.13783772067931466,0.5547773873169567
2019-07-01,87.9800033569336,87.9800033569336,86.33000183105469,87.36000061035156,67.01997375488281,9746000,-0.0004576763710409937,89.05699920654297,89.02449951171874,87.68399948120117,0.009007492298873144,39.99999999999999,0.022852854844785497,0.4483924808225225
2019-07-02,87.44000244140625,88.87999725341797,87.44000244140625,88.87999725341797,68.18608093261719,7633700,0.01739922885126788,88.88799896240235,89.13299942016602,87.77059936523438,0.009711922900227396,47.896444391039616,0.05375785906697672,0.3694655564714134
2019-07-03,89.0199966430664,90.01000213623047,88.94999694824219,89.94000244140625,68.99925231933594,5418000,0.011926251358513884,88.7759994506836,89.20399971008301,87.8559994506836,0.008937039636631894,51.457290362353895,0.1619173747037479,0.3279559201178803
2019-07-05,89.30999755859375,89.91000366210938,88.22000122070312,89.62000274658203,68.75379180908203,5375100,-0.0035579240175437343,88.58600006103515,89.2504997253418,87.92239944458008,0.008985812481377751,49.608639274028654,0.21928548252773794,0.3062218325998518
2019-07-08,89.52999877929688,90.08999633789062,89.38999938964844,89.94000244140625,68.99925231933594,4509700,0.003570628040807877,88.55699996948242,89.29650001525879,87.99879943847657,0.008983095517699057,46.24216553712361,0.2872600670763461,0.3024294794951507
2019-07-09,89.75,90.38999938964844,89.51000213623047,90.23999786376952,69.22941589355469,4906800,0.0033355060509221435,88.58899993896485,89.37199974060059,88.0675993347168,0.008956845480005672,48.31459623408457,0.3611741477280219,0.31417841314172495
2019-07-10,90.62000274658205,91.0,90.1500015258789,90.76000213623048,69.62834167480469,6833700,0.0057624588294649115,88.80600051879883,89.46149978637695,88.16379943847656,0.009015493502986428,48.472528351903115,0.4564499175776007,0.3426327140289001
2019-07-11,90.7699966430664,90.7699966430664,89.23999786376953,89.58000183105469,68.72310638427734,4020600,-0.013001325224790361,89.08200073242188,89.47700004577636,88.21999954223632,0.009521342945769168,40.79698935721273,0.4317633890687631,0.3604588490368727
2019-07-12,89.6500015258789,89.7699966430664,89.06999969482422,89.45999908447266,68.63103485107422,2948600,-0.0013396153620129914,89.31800079345703,89.46749992370606,88.27239959716798,0.009478494817695799,45.89112369376281,0.39792884262860184,0.3679528477552185
2019-07-15,89.58000183105469,89.9800033569336,89.30000305175781,89.38999938964844,68.57732391357422,3185700,-0.0007824692101563446,89.51700057983399,89.45200004577637,88.32159957885742,0.009478611047973977,47.09748906983275,0.3613014719828982,0.3666225726007545
2019-07-16,89.2699966430664,89.56999969482422,88.80999755859375,89.18000030517578,68.41621398925781,3611600,-0.0023492458430084406,89.69900054931641,89.37799987792968,88.35179962158203,0.009136671140884603,53.68292016188408,0.3117353546588788,0.3556451290123794
2019-07-17,89.41000366210938,89.69000244140625,88.36000061035156,88.87999725341797,68.18608093261719,6422000,-0.0033640171645121786,89.69900054931641,89.29349975585937,88.38159957885742,0.009154905435615323,65.74919623150393,0.2454170950236687,0.33359952221463723
2019-07-18,88.6500015258789,89.12000274658203,88.16999816894531,88.87999725341797,68.18608093261719,7048200,0.0,89.59300003051757,89.18449974060059,88.4429995727539,0.009037776169867806,64.2172204672204,0.19066156858555416,0.30501193148882066
2019-07-19,88.97000122070312,89.02999877929688,87.30999755859375,87.43000030517578,67.07366943359375,5064600,-0.016314097581572873,89.37399978637696,88.97999992370606,88.47719955444336,0.00951363154609958,50.202420812895625,0.029919885976994465,0.24999352238645545
2019-07-22,87.52999877929688,87.69000244140625,87.0199966430664,87.3499984741211,67.01229858398438,3265200,-0.0009150386683682843,89.11499938964843,88.83599967956543,88.50539947509766,0.009096569883370886,49.932871610169926,-0.1027402095523513,0.1794467759986941
2019-07-23,87.55999755859375,88.33999633789062,87.29000091552734,88.33999633789062,67.77180480957031,4239800,0.011333690681893271,88.92499923706055,88.75699958801269,88.53499938964843,0.009527392164352411,46.09826255017813,-0.1265311646714764,0.11825118786466
2019-07-24,88.44999694824219,88.5,87.9000015258789,88.41000366210938,67.82550048828125,2946100,0.0007924759692199412,88.68999938964843,88.74799995422363,88.56779953002929,0.00894613180935535,37.09952165175534,-0.13814422142630178,0.06697210600646765
2019-07-25,88.37999725341797,88.44000244140625,87.58000183105469,87.88999938964844,67.42658996582031,5629200,-0.0058817356738081195,88.52099914550782,88.80149993896484,88.58379959106445,0.00777274490223933,35.88907156805524,-0.18715029934875815,0.01614762493542249
2019-07-26,88.01000213623047,88.44000244140625,87.62999725341797,88.29000091552734,67.73343658447266,3111900,0.004551160867638071,88.40399932861328,88.86100006103516,88.59599960327148,0.007801548294997972,36.714994244181895,-0.19150365406859748,-0.025382630865381506
2019-07-29,88.44000244140625,89.13999938964844,88.37999725341797,88.52999877929688,67.91755676269531,4898200,0.0027182904211220382,88.31799926757813,88.91749992370606,88.60599960327148,0.007789823694450531,36.09760636153328,-0.17358689551058148,-0.055023483794421506
2019-07-30,88.47000122070312,89.55999755859375,88.44999694824219,89.23999786376953,68.46224212646484,3818100,0.008019870035722798,88.3239990234375,89.01149978637696,88.63359954833984,0.007954074434416022,38.01260652853548,-0.10093324721789543,-0.06420543647911629
2019-07-31,89.33999633789062,89.9800033569336,88.37999725341797,88.88999938964844,68.19374084472656,5979800,-0.003921991063417396,88.32499923706055,89.01199989318847,88.679599609375,0.007028887863787233,43.73864593025832,-0.07078074296158832,-0.0655204977756107
2019-08-01,89.01000213623047,89.72000122070312,88.3499984741211,88.88999938964844,68.19374084472656,8371300,0.0,88.3259994506836,88.95949974060059,88.71079956054687,0.006448369564318963,44.71244014330221,-0.046350367912211254,-0.06168647180293081
2019-08-02,88.81999969482422,89.79000091552734,88.66999816894531,89.31999969482422,68.52362060546875,4794000,0.004837442998406161,88.51499938964844,88.94449958801269,88.74539962768554,0.00651633185369174,49.39130780917251,0.007620467287651422,-0.04782508398481437
2019-08-05,89.0999984741211,89.1500015258789,86.44999694824219,87.55999755859375,67.17340087890625,6840000,-0.01970445748145755,88.5359992980957,88.82549934387207,88.74079956054688,0.007774307525600587,38.90410701203038,-0.09058056406176718,-0.05637618000020493
2019-08-06,87.76000213623047,89.0199966430664,87.54000091552734,88.52999877929688,67.91755676269531,7789000,0.011078132112258388,88.55499954223633,88.73999938964843,88.75019958496094,0.008199046330495193,47.80427800831862,-0.08910742213912215,-0.06292242842798838
2019-08-07,88.19999694824219,89.98999786376953,87.36000061035156,89.38999938964844,68.57732391357422,8674600,0.009714228196201935,88.65299911499024,88.67149925231934,88.79419952392578,0.00841347723205558,52.88789122205834,-0.0183337446259344,-0.05400469166757759
2019-08-08,89.58999633789062,90.95999908447266,88.9800033569336,90.95999908447266,69.78177642822266,5766700,0.0175634825544706,88.95999908447266,88.74049911499023,88.8927995300293,0.008832008682614896,69.72063667423637,0.16256679027351595,-0.010690395279358882
2019-08-09,90.8000030517578,91.1500015258789,90.0,90.8499984741211,69.69740295410156,3304800,-0.0012093295015253025,89.21599884033203,88.80999908447265,88.98199951171875,0.008830393989084117,69.48772671508239,0.2936703881265288,0.05018176140181865
2019-08-12,90.73999786376952,90.9800033569336,90.13999938964844,90.61000061035156,69.51327514648438,2944000,-0.002641693646675103,89.4239990234375,88.87099914550781,89.05639953613282,0.008857766287780322,63.79101605229882,0.37389508234738855,0.11492442559093263
2019-08-13,90.55999755859376,91.0199966430664,90.01000213623047,90.73999786376952,69.61298370361328,4540200,0.0014346899077617437,89.5739990234375,88.9489990234375,89.12919952392578,0.008829228311726495,64.0530394712986,0.44285842615666127,0.18051122570407835
2019-08-14,90.33999633789062,90.4800033569336,89.1500015258789,89.36000061035156,68.55430603027344,4645100,-0.015208257503926625,89.62099914550781,88.97299919128417,89.18219955444336,0.009502182296557733,58.03279891404045,0.3817574653225222,0.22076047362776713
2019-08-15,89.48999786376953,90.44000244140624,89.38999938964844,90.25,69.23709869384766,4582900,0.00995970662007073,89.75699920654297,89.04149932861328,89.21679962158203,0.009742884517755939,60.16597904447295,0.40053293204469753,0.25671496531115323
2019-08-16,90.45999908447266,91.3499984741211,90.25,91.18000030517578,69.95056915283203,3951100,0.010304712522723358,89.94299926757813,89.22899932861328,89.26659957885742,0.009075767285503935,62.82673288167493,0.4848666362194507,0.30234529949281275
2019-08-19,91.56999969482422,92.0500030517578,91.16999816894533,91.83999633789062,70.45690155029297,3255600,0.007238385945447012,90.37099914550781,89.45349922180176,89.3229995727539,0.009114295171722431,62.64591786222404,0.5980637616302715,0.3614889919203045
2019-08-20,92.13999938964844,92.20999908447266,91.12000274658205,91.19000244140624,69.95825958251953,2556300,-0.007077459956476684,90.63699951171876,89.59599952697754,89.37219955444336,0.00911009956774607,60.869593434962525,0.6280840617439196,0.41480800588502753
2019-08-21,91.44000244140624,91.76000213623048,91.08000183105467,91.56999969482422,70.24977111816406,2739400,0.004167093357214879,90.85499954223633,89.75399932861328,89.42419952392578,0.009125041538165377,62.22629680755311,0.6747597579831819,0.4667983563046585
2019-08-22,91.55999755859376,92.05999755859376,91.0500030517578,91.98999786376952,70.57196807861328,2587300,0.0045866350370757925,90.95799942016602,89.95899925231933,89.47859954833984,0.008960141693402751,62.191792848005434,0.7371435932091828,0.5208674036855634
2019-08-23,91.91000366210938,92.5500030517578,90.4000015258789,90.6999969482422,69.5822982788086,5776500,-0.014023273676315506,90.94299926757813,90.07949905395508,89.49959945678711,0.009652631069469137,64.98094103806564,0.6747132646609089,0.5516365758806325
2019-08-26,91.1999969482422,91.4800033569336,90.7699966430664,91.4000015258789,70.11933898925781,2736200,0.00771780155666546,91.02199935913086,90.22299919128417,89.53359954833985,0.009753005756799162,64.05488390374552,0.6739523950438411,0.5760997397132743
2019-08-27,91.9000015258789,92.12999725341795,91.06999969482422,91.13999938964844,69.91986846923828,3252300,-0.0028446622745060823,91.06199951171875,90.31799926757813,89.54319946289063,0.009681364794584596,59.10511273420139,0.6449349917978964,0.5898667901301988
2019-08-28,91.12999725341795,91.58000183105467,90.91000366210938,91.44000244140624,70.15001678466797,3498600,0.0032916727426692827,91.26999969482422,90.44549942016602,89.56059951782227,0.009618648649449535,52.87772186336772,0.6387827399158397,0.599649980087327
2019-08-29,91.8499984741211,92.25,91.63999938964844,92.1500015258789,70.6947250366211,2688000,0.007764644198556603,91.4599998474121,90.60849952697754,89.58239959716796,0.009712888486574069,57.27072100441896,0.6833211277733966,0.6163842096245409
2019-08-30,92.41000366210938,92.51000213623048,91.80999755859376,92.22000122070312,70.7484130859375,5678300,0.0007596277120469619,91.56399993896484,90.75349960327148,89.59639968872071,0.009689592691318132,59.17903436276649,0.7160127619751506,0.6363099200946628
2019-09-03,92.1999969482422,93.23999786376952,92.0,93.13999938964844,71.4542007446289,5927900,0.009976124016129129,91.69400024414062,91.03249969482422,89.654599609375,0.008440258884644697,62.552322458774626,0.806856343422595,0.6704192047602493
2019-09-04,93.5999984741211,94.06999969482422,93.44000244140624,93.91999816894533,72.0526123046875,4757100,0.008374476963799227,91.96699981689453,91.30199966430663,89.734599609375,0.008327110987223175,75.44643921512541,0.93105727033047,0.7225468178742935
2019-09-05,94.01000213623048,94.01000213623048,93.06999969482422,93.23999786376952,71.53092956542969,6036600,-0.007240207819772415,92.13399963378906,91.4944995880127,89.82759963989258,0.008468599708073168,67.08571697624586,0.9635103109954883,0.7707395164985326
2019-09-06,93.51000213623048,93.79000091552734,93.22000122070312,93.4499969482422,71.6920394897461,2986400,0.0022522424848132605,92.27999954223633,91.61899948120117,89.96019958496093,0.0076542994590997355,64.13449031692903,0.9947083716910328,0.8155332875370326
2019-09-09,93.4499969482422,93.45999908447266,92.75,93.0,71.34683227539062,3772100,-0.004815376810460847,92.5099998474121,91.72649955749512,90.07819961547851,0.007760220546518861,57.416910735993355,0.9719183963455293,0.846810309298732
2019-09-10,92.66000366210938,92.68000030517578,91.23999786376952,92.04000091552734,70.61032104492188,5379400,-0.01032257080078125,92.57399978637696,91.79799957275391,90.17099960327148,0.0081410037937995,55.22754465731063,0.866405885887886,0.8507294246165629
2019-09-11,91.91999816894533,92.29000091552734,91.41999816894533,92.13999938964844,70.6870346069336,3972200,0.0010864675480921626,92.67399978637695,91.86799964904785,90.26659957885742,0.00813998056899238,53.63057201032154,0.7818429039961217,0.8369521204924747
2019-09-12,92.8499984741211,93.16999816894533,92.08999633789062,92.62999725341795,71.06295776367188,3486100,0.005317971207025707,92.79299926757812,92.03149948120117,90.34159957885743,0.0072624304544576,54.04040112129004,0.7457681135383609,0.818715319101652
2019-09-13,92.5199966430664,92.98999786376952,91.36000061035156,91.63999938964844,70.3034439086914,6109300,-0.010687659431329544,92.74199905395508,92.10099945068359,90.37559951782227,0.00750837733082346,56.16799897473675,0.6300314183372535,0.7809785389487723
2019-09-16,91.8000030517578,92.58999633789062,91.48999786376952,92.44000244140624,70.91717529296875,4688300,0.008729845668769887,92.7639991760254,92.16399955749512,90.43199951171874,0.007410982083614442,56.7357628165533,0.5959925824271863,0.7439813476444552
2019-09-17,92.8499984741211,93.4800033569336,92.61000061035156,93.44000244140624,71.68435668945312,3674800,0.01081782749447524,92.79399948120117,92.2439998626709,90.50199951171875,0.007617223051918152,63.59341238091444,0.6423041203047433,0.7236459021765129
2019-09-18,93.97000122070312,93.97000122070312,92.33999633789062,93.12000274658205,71.4388656616211,5655000,-0.0034246541787588125,92.71399993896485,92.34049987792969,90.559599609375,0.007458223729120308,59.905676079565474,0.6457413424700746,0.7080649902352253
2019-09-19,93.31999969482422,93.8499984741211,93.22000122070312,93.4499969482422,71.6920394897461,2892800,0.0035437520610712703,92.73499984741211,92.43449974060059,90.61339950561523,0.007445910903878303,58.02467972959871,0.6673997708805359,0.6999319463642875
2019-09-20,93.66000366210938,93.94000244140624,93.18000030517578,93.4499969482422,71.6920394897461,6900400,0.0,92.73499984741211,92.50749969482422,90.69079940795899,0.0074015259694240896,57.658768691104925,0.67676292965362,0.695298143022154
2019-09-23,93.26000213623048,94.0,93.2300033569336,93.5999984741211,71.8071060180664,3515200,0.0016051528173079976,92.79499969482421,92.65249977111816,90.77359939575196,0.006525848582653913,53.16804349813626,0.6883522734387952,0.6939089691054823
2019-09-24,93.11000061035156,93.33000183105467,92.33999633789062,92.6500015258789,71.64781188964844,3705600,-0.010149540210781627,92.85599975585937,92.71499977111816,90.83879943847656,0.006858092215788446,41.45357201166888,0.6138045409498574,0.6778880834743573
2019-09-25,92.6500015258789,93.0500030517578,92.41000366210938,92.83000183105467,71.7870101928711,7088700,0.001942798728670203,92.925,92.79949989318848,90.91179946899415,0.006811183747836554,47.04186928275828,0.5627622729916482,0.6548629213778154
2019-09-26,93.11000061035156,93.83000183105467,93.0,93.61000061035156,72.39018249511719,2984700,0.008402442786939135,93.02300033569335,92.90799980163574,91.00639953613282,0.006997339338531215,51.066693250922064,0.5785807716806346,0.6396064914383793
2019-09-27,93.80999755859376,93.91000366210938,92.44000244140624,93.08999633789062,71.9880599975586,4090300,-0.0055550076815557015,93.16800003051758,92.95499954223632,91.09059951782227,0.006973138541705878,50.59442821810618,0.5428988469622453,0.6202649625431526
2019-09-30,93.19000244140624,93.72000122070312,93.11000061035156,93.25,72.11180114746094,3189800,0.0017188061918984587,93.24899978637696,93.00649948120117,91.20699951171875,0.006978092697276046,58.93648215994251,0.5215198664883189,0.6005159433321858
2019-10-01,93.1999969482422,93.4800033569336,92.22000122070312,92.37000274658205,71.4312744140625,5226300,-0.009436967865071866,93.14199981689453,92.96799964904785,91.30739959716797,0.006952236448669669,51.52320196282725,0.42862749557097857,0.5661382537799444
2019-10-02,92.37999725341795,92.4499969482422,91.38999938964844,91.9800033569336,71.12970733642578,3384300,-0.004222143315491866,93.02799987792969,92.87099990844726,91.38019973754882,0.006681565863847548,45.637623068840774,0.3198528662413196,0.5168811762722195
2019-10-03,91.93000030517578,93.12000274658205,91.75,92.87000274658205,71.81795501708984,6634500,0.009676009536494057,92.97000045776367,92.8525001525879,91.46939971923828,0.006919427748936876,58.367371512146455,0.30198263370439804,0.47390146775865527
2019-10-04,93.0500030517578,93.47000122070312,92.9800033569336,93.43000030517578,72.25099182128906,2189400,0.006029907850027882,92.96800079345704,92.85150032043457,91.58019973754882,0.007039717204485316,56.96201716669131,0.32921251164785303,0.4449636765364949
2019-10-07,93.0,93.69000244140624,92.8499984741211,93.2300033569336,72.0963363647461,3667600,-0.002140607380808346,92.93100128173828,92.86300048828124,91.67899978637695,0.006968208319784502,48.335979242210186,0.330840579559748,0.4221390571411455
2019-10-08,93.12000274658205,93.5,92.29000091552734,92.73999786376952,71.71742248535156,3108100,-0.005255877673714937,92.94000091552735,92.89800033569335,91.7631997680664,0.00665251183658067,47.06786162529736,0.2892571110382107,0.3955626679205586
2019-10-09,93.66999816894533,93.66999816894533,92.8000030517578,92.91999816894533,71.85659790039062,4166000,0.0019409134065349054,92.94900054931641,92.9370002746582,91.83679977416992,0.006659892363717658,45.81359695113574,0.26774009182837233,0.3699981527021214
2019-10-10,92.87999725341795,93.25,92.5500030517578,93.06999969482422,71.97261047363281,3719700,0.0016143083172059924,92.89500045776367,92.95900039672851,91.92039978027344,0.006568053941231749,47.067923946278626,0.2597967928955711,0.34795788074081135
2019-10-11,93.41000366210938,93.77999877929688,92.9800033569336,93.02999877929688,71.94165802001953,3376300,-0.00042979387190833496,92.8890007019043,93.02850036621093,92.00319976806641,0.006048325985306352,45.52590699328927,0.24742180710393313,0.3278506660134357
2019-10-14,93.13999938964844,93.29000091552734,92.72000122070312,93.06999969482422,71.97261047363281,1877600,0.0004299786741075451,92.87100067138672,93.06000022888183,92.07819976806641,0.005750884290451902,53.84613234887248,0.2380976399063428,0.30990006079201715
2019-10-15,93.1500015258789,93.29000091552734,92.55999755859376,93.19000244140624,72.06539154052734,3218500,0.0012893816157246718,92.95300064086913,93.04750022888183,92.19079986572265,0.005207537246432141,53.333333333333314,0.2376518859614265,0.29545042582589903
2019-10-16,93.13999938964844,93.22000122070312,92.62000274658205,93.1999969482422,72.07315063476562,3413900,0.00010724870237277528,93.075,93.05149993896484,92.28419982910157,0.0051491700487635034,45.57231933349171,0.23539164753610464,0.28343867016794017
2019-10-17,93.38999938964844,93.95999908447266,93.25,93.80999755859376,72.54484558105469,3223100,0.006545071140831915,93.16899948120117,93.06949996948242,92.37259979248047,0.005297770623785721,57.62712960268976,0.2795992969171266,0.28267079551777746
2019-10-18,93.7300033569336,94.66999816894533,93.69000244140624,94.52999877929688,73.10163879394531,2492100,0.007675101155965702,93.27899932861328,93.12350006103516,92.44399978637695,0.0055538836699887285,62.12120336387012,0.36848459769147723,0.2998335559525174
2019-10-21,94.6500015258789,95.29000091552734,94.41000366210938,95.25,73.65843200683594,2591900,0.007616642653134331,93.48099899291992,93.2060001373291,92.53199981689453,0.005770208555828572,78.12495809050625,0.4913608184945275,0.3381390084609195
2019-10-22,95.45999908447266,95.48999786376952,94.79000091552734,94.97000122070312,73.4419174194336,2644200,-0.0029396197301508886,93.70399932861328,93.3220001220703,92.61919982910156,0.005245585498662084,79.84028531791398,0.5596957234134692,0.3824503514514294
2019-10-23,95.11000061035156,95.2699966430664,94.43000030517578,95.18000030517578,73.60430145263672,3020200,0.0022112149286450666,93.92999954223633,93.43950004577637,92.7079998779297,0.005247793061413494,76.67432542437362,0.623608231459869,0.43068192745311734
2019-10-24,95.37000274658205,95.37000274658205,94.70999908447266,94.94000244140624,73.418701171875,3148800,-0.0025215156860689536,94.11699981689453,93.5060001373291,92.81959991455078,0.005029649781519308,68.82794678072028,0.6474303585293057,0.474031613668355
2019-10-25,94.87999725341795,94.98999786376952,93.9499969482422,94.12999725341795,72.79232025146484,4184600,-0.008531758659772404,94.22699966430665,93.55800018310546,92.89719985961914,0.005263641178120653,59.74017180961541,0.5941004959831844,0.49804539013132093
2019-10-28,94.12999725341795,94.12999725341795,93.4499969482422,93.55999755859376,72.35150909423828,4897400,-0.006055452156124352,94.2759994506836,93.57350006103516,92.9447998046875,0.005457727170822287,58.72339251248734,0.5000774029940089,0.49845179270385853
2019-10-29,93.72000122070312,94.38999938964844,93.5999984741211,94.12999725341795,72.79232025146484,5512200,0.0060923440540623375,94.36999893188477,93.66149978637695,92.99059982299805,0.005111172107224671,61.886032822858645,0.4661837598916776,0.4919981861414224
2019-10-30,94.0199966430664,94.52999877929688,93.47000122070312,94.47000122070312,73.05523681640625,3861400,0.0036120681738660565,94.49699935913085,93.78599967956544,93.05619979858399,0.004992211922634327,63.25757411557659,0.4614390994679667,0.4858863688067313
2019-10-31,94.66999816894533,94.76000213623048,93.9499969482422,94.3000030517578,72.92376708984375,4723500,-0.0017994936672878215,94.54599990844727,93.85749969482421,93.11079986572265,0.004631098646288412,61.7375546467352,0.4389021001948663,0.47648951508435833
2019-11-01,94.41000366210938,94.79000091552734,93.4499969482422,94.27999877929688,72.9083023071289,6520400,-0.00021213437766209875,94.52099990844727,93.89999961853027,93.1565998840332,0.004465661019807914,61.224466686200216,0.4146473912780806,0.46412109032310284
2019-11-04,94.25,94.27999877929688,93.41999816894533,93.62000274658205,72.39791107177734,3878100,-0.007000382278958606,94.35800018310547,93.9194995880127,93.215,0.004738626546422476,53.62563476430602,0.33826983163920943,0.43895083858632417
2019-11-05,93.3499984741211,93.3499984741211,91.66999816894533,92.02999877929688,71.16834259033203,9141700,-0.01698359240160585,94.06399993896484,93.88399963378906,93.22759994506836,0.006007559508489461,42.210408471766065,0.1477370130886868,0.3807080734867967
2019-11-06,92.22000122070312,92.66999816894533,92.0199966430664,92.2300033569336,71.32302856445312,4500400,0.002173254159400395,93.76900024414063,93.84949989318848,93.24940002441406,0.006012479868397944,38.8733017913997,0.012730332234227149,0.3071125252362828
2019-11-07,91.9800033569336,92.08000183105467,90.9800033569336,91.30999755859376,70.61156463623047,4945300,-0.009975124849333161,93.40599975585937,93.76149978637696,93.24679992675782,0.006361036764225928,27.94525243826473,-0.16657998376983585,0.21237402343505907
2019-11-08,91.20999908447266,91.6999969482422,90.91000366210938,91.08999633789062,70.4414291381836,7330200,-0.0024093880909586973,93.10199966430665,93.66449966430665,93.22559982299805,0.006368162229524625,19.41182014423991,-0.32271688162092005,0.10535584242386324
2019-11-11,91.0999984741211,91.58000183105467,91.0,91.29000091552734,70.59610748291016,3525200,0.0021956810371890345,92.875,93.5754997253418,93.20699981689454,0.006401674762896887,22.61914358082973,-0.4254138936116192,-0.0007981047832332361
2019-11-12,91.31999969482422,91.87999725341795,90.5199966430664,90.5999984741211,70.06249237060547,5701600,-0.00755835726242049,92.52200012207031,93.44599952697754,93.15619979858398,0.006543248890711585,18.19455305693826,-0.5560694237608317,-0.11185236857875293
2019-11-13,90.6999969482422,91.58999633789062,90.6500015258789,91.43000030517578,70.7043685913086,4316000,0.009161168267478148,92.21800003051757,93.35749969482421,93.10639984130859,0.006952534140214737,27.47119401011696,-0.5858869218418903,-0.2066592792313804
2019-11-14,91.5999984741211,92.16000366210938,91.5,92.13999938964844,71.25341796875,5136200,0.007765493624661612,92.00199966430664,93.27399978637695,93.08439987182618,0.007026603819520873,37.06117484351857,-0.5459333318695059,-0.2745140897590055
2019-11-15,92.29000091552734,92.66999816894533,92.0500030517578,92.63999938964844,71.64007568359375,2785200,0.005426524889430073,91.8379997253418,93.17949981689453,93.0681999206543,0.006899450306437965,43.96328691633315,-0.4685231593057324,-0.3133159036683509
2019-11-18,92.7699966430664,93.5,92.70999908447266,93.08999633789062,71.9880599975586,3251900,0.004857480043253037,91.78499908447266,93.07149963378906,93.0699998474121,0.00674420841852656,43.06668172195937,-0.36663767599220876,-0.3239802581331225
2019-11-19,93.33999633789062,93.5199966430664,93.0,93.25,72.11180114746094,4065100,0.0017188061918984587,91.90699920654296,92.98549957275391,93.09419982910157,0.006758651458460338,41.666684037729944,-0.2698708350969099,-0.31315837352587994
2019-11-20,93.31999969482422,93.4800033569336,92.79000091552734,93.1999969482422,72.07315063476562,5698800,-0.0005362257561157824,92.00399856567383,92.88649940490723,93.11539978027344,0.0067200764024452474,42.361097865685196,-0.19496975493345303,-0.28952064980739456
2019-11-21,92.9499969482422,93.01000213623048,91.86000061035156,91.88999938964844,71.0600814819336,5002900,-0.014055768256315049,92.0619987487793,92.73399925231934,93.10059982299805,0.007322803431113966,35.924655195344386,-0.23856592466547966,-0.2793297047790116
2019-11-22,92.05999755859376,92.12999725341795,91.0500030517578,91.5500030517578,70.79715728759766,5112000,-0.0037000363494282817,92.10799942016601,92.60499954223633,93.09879989624024,0.007160177317403834,37.33173586487869,-0.29712598289505365,-0.28288896040222
2019-11-25,91.73999786376952,92.37000274658205,91.73999786376952,91.83999633789062,71.02141571044922,5183500,0.0031675944999027816,92.16299896240234,92.51899948120118,93.08679977416992,0.00713910628508004,48.61716044803469,-0.31648695175498176,-0.28960855867277235
2019-11-26,92.04000091552734,93.11000061035156,91.9499969482422,93.05999755859376,71.96487426757812,4858500,0.013283985946761279,92.40899887084962,92.46549949645996,93.07919967651367,0.007671271568735043,55.25978113616965,-0.23072707839251905,-0.2778322626167217
2019-11-27,93.05999755859376,93.5500030517578,92.77999877929688,93.5,72.30512237548828,4121600,0.0047281587465033414,92.61599884033203,92.4169994354248,93.08679962158203,0.0077070675867176265,64.77733710581462,-0.1258070161485847,-0.24742721332309434
2019-11-29,93.5,93.8499984741211,93.02999877929688,93.06999969482422,71.97261047363281,3531100,-0.004598933745195488,92.70899887084961,92.35549926757812,93.07919967651367,0.007757403873392505,62.99214332843726,-0.07647300863646933,-0.21323637238576934
2019-12-02,92.6999969482422,93.0199966430664,91.61000061035156,91.66000366210938,70.8822250366211,9430800,-0.015149844604471996,92.6109992980957,92.22449951171875,93.04339981079102,0.008407188353953312,52.09514716619216,-0.14942783717104646,-0.20047466534282476
2019-12-03,91.62000274658205,92.37000274658205,91.54000091552734,92.25,71.33848571777344,4762900,0.006436791559223165,92.52699966430664,92.15599937438965,93.0163998413086,0.008470607643596643,59.45019344430488,-0.15781806234876683,-0.1919433447440132
2019-12-04,92.06999969482422,92.97000122070312,91.97000122070312,92.62999725341795,71.6323471069336,4129800,0.0041192114191648255,92.46499938964844,92.18599929809571,93.01599975585937,0.007606043718342227,57.24637280539283,-0.13227993294357532,-0.18001066238392563
2019-12-05,92.61000061035156,92.72000122070312,92.16000366210938,92.68000030517578,71.67100524902344,4846800,0.0005398148897817201,92.41299972534179,92.20849914550782,93.0129997253418,0.0075942247164670395,53.54331891221875,-0.10677511594239775,-0.16536355309562006
2019-12-06,92.6500015258789,93.37000274658205,92.6500015258789,92.87000274658205,71.81795501708984,4486000,0.002050091074456528,92.51100006103516,92.28649940490723,92.9981997680664,0.007206459457738513,51.573212543117705,-0.07041900910913057,-0.14637464429832217
2019-12-09,93.0,93.22000122070312,92.61000061035156,93.0500030517578,71.95713806152344,3961000,0.001938196401984893,92.66100006103515,92.38449974060059,92.99739990234374,0.007167732209192634,49.715956503739825,-0.026773385290027818,-0.1224543924966633
2019-12-10,93.08000183105467,93.27999877929688,92.3000030517578,92.51000213623048,71.53955078125,5227100,-0.005803341190939504,92.72800064086914,92.44549980163575,92.98259994506836,0.0073242193293641,45.013485126260555,-0.03534998227964081,-0.10503351045325882
2019-12-11,92.58000183105467,92.61000061035156,91.29000091552734,91.56999969482422,70.8126220703125,5112100,-0.010161089824881953,92.5790008544922,92.4939998626709,92.9665998840332,0.007499506078885994,40.19254374971876,-0.11665263926653324,-0.10735733621591372
2019-12-12,91.58000183105467,91.91000366210938,90.1999969482422,90.33000183105467,69.85372161865234,7923900,-0.013541529626538096,92.26200103759766,92.43899993896484,92.93359985351563,0.007839456842853134,40.533984178246506,-0.27793913584739016,-0.141473696142209
2019-12-13,90.37000274658205,90.8000030517578,89.68000030517578,90.3499984741211,69.86917114257812,6814200,0.00022137321666204635,91.99000091552735,92.34949989318848,92.8831997680664,0.007594659645311635,42.424204475724245,-0.3995406287547496,-0.19308708266471714
2019-12-16,90.61000061035156,91.1999969482422,89.9800033569336,91.0,70.37184143066406,5185200,0.00719426161434944,91.9240005493164,92.26749992370605,92.83459976196289,0.007682589044561992,44.927557598251504,-0.4384073105493371,-0.24215112824164114
2019-12-17,91.27999877929688,91.31999969482422,89.98999786376953,90.13999938964844,69.70680236816406,9649900,-0.009450556157709511,91.71300048828125,92.12000007629395,92.77279968261719,0.007787179705966632,31.565663863441387,-0.532466357105335,-0.30021417401437994
2019-12-18,89.22000122070312,90.5199966430664,89.22000122070312,90.2699966430664,70.55638885498047,6340700,0.0014421705602196688,91.4770004272461,91.97099990844727,92.72339965820312,0.007781255413814888,28.777882154318434,-0.5897211983554058,-0.35811557888258516
2019-12-19,90.2300033569336,91.12000274658205,90.12999725341795,91.06999969482422,71.18167877197266,6117400,0.00886233611950904,91.31600036621094,91.86450004577637,92.6863996887207,0.008124706137460278,37.46866496996999,-0.5640406032019172,-0.39930058374645155
2019-12-20,91.31999969482422,91.97000122070312,91.25,91.56999969482422,71.572509765625,9514600,0.005490282218903131,91.18600006103516,91.84850006103515,92.6563996887207,0.00764892906021538,49.36347969469471,-0.49760662576598236,-0.4189617921503578
2019-12-23,92.0500030517578,92.0500030517578,91.0199966430664,91.11000061035156,71.21293640136719,5369100,-0.0050234693240766015,90.99199981689453,91.82649993896484,92.6179997253418,0.007686918807619321,41.78675080251528,-0.4765815661286297,-0.43048574694601216
2019-12-24,91.33000183105467,91.51000213623048,91.0,91.3499984741211,71.40055084228516,1962000,0.002634155001226768,90.8759994506836,91.80200004577637,92.58359970092773,0.0076754894665836395,40.58824849375636,-0.4355326833641442,-0.4314951342296386
2019-12-26,91.41999816894533,91.7699966430664,91.29000091552734,91.75,71.71318817138672,2243900,0.004378779776249564,90.89399948120118,91.73650016784669,92.5547996520996,0.00708530789685243,43.49650275031611,-0.36649958872510524,-0.4184960251287319
2019-12-27,91.95999908447266,92.18000030517578,91.6999969482422,92.04000091552734,71.93985748291016,4195900,0.0031607729212790314,91.06499938964843,91.66350021362305,92.53159973144531,0.00703074486446355,44.275849441002045,-0.2851032211598721,-0.39181746433496
2019-12-30,91.88999938964844,92.20999908447266,91.62000274658205,92.12999725341795,72.01020812988281,3466500,0.000977795925634739,91.24299926757813,91.61650009155274,92.4979997253418,0.0069810170235733784,43.575374943392205,-0.21090290370683817,-0.3556345522093357
2019-12-31,92.08999633789062,92.83000183105467,92.0,92.79000091552734,72.52606964111328,4649500,0.007163830259258042,91.42199935913087,91.67299995422363,92.4631997680664,0.006259616413341405,51.92306886158504,-0.09771543517840087,-0.30405072880314876
2020-01-02,93.19000244140624,93.23999786376952,91.0999984741211,91.6999969482422,71.67411804199219,5106600,-0.011746998130514497,91.57799911499023,91.64549980163574,92.39219970703125,0.006678584102794606,50.87481324413557,-0.09487411181075345,-0.2622154054046697
2020-01-03,91.23999786376952,92.45999908447266,91.02999877929688,92.2699966430664,72.11964416503906,5015500,0.00621591836198121,91.77799911499024,91.62749977111817,92.33819961547852,0.006767105611844322,64.3490695188857,-0.046096756174222264,-0.21899167555858023
2020-01-06,92.16999816894533,92.70999908447266,91.87000274658205,92.37999725341795,72.2055892944336,4889000,0.0011921601208795263,91.90899887084962,91.61249961853028,92.28219955444337,0.006772291635689774,64.81749613518605,0.0014194173716077785,-0.17490945697254262
2020-01-07,92.18000030517578,92.18000030517578,90.8499984741211,91.3499984741211,71.40055084228516,6529100,-0.011149586597966166,91.88699874877929,91.53649940490723,92.21039947509766,0.007178591174072991,52.42045858654717,-0.043534131815547994,-0.1486343919411437
2020-01-08,91.38999938964844,91.80999755859376,91.05999755859376,91.62999725341795,71.61939239501953,6766100,0.00306512078789134,91.93899841308594,91.46549911499024,92.16039947509766,0.007205588862761497,61.20298888632665,-0.05592194856454569,-0.1300919032658241
2020-01-09,91.61000061035156,91.87000274658205,91.36000061035156,91.58000183105467,71.58032989501953,4213800,-0.000545622873097007,91.9619987487793,91.41899909973145,92.12079956054687,0.007106515512721376,59.969598545189356,-0.06897845465537955,-0.1178692135437352
2020-01-10,91.77999877929688,92.38999938964844,91.52999877929688,92.27999877929688,72.12744903564453,5838800,0.007643556827324982,92.01499862670899,91.45449905395508,92.08379959106445,0.006943389581125743,59.35085226435238,-0.022581619343640114,-0.09881169470371619
2020-01-13,92.37000274658205,93.4000015258789,92.33999633789062,93.38999938964844,72.99503326416016,5552600,0.01202861535581845,92.14999847412109,91.60749893188476,92.06219955444335,0.006584259294496519,62.85311571581139,0.10257357518042909,-0.05853464072688713
2020-01-14,93.3000030517578,93.3499984741211,92.5199966430664,93.04000091552734,72.72146606445312,4120700,-0.003747708281491735,92.24099884033203,91.74199905395508,92.03699951171875,0.006689753212596344,63.84506513451073,0.17154060343685273,-0.012519591894139162
2020-01-15,93.30999755859376,94.08000183105467,93.2699966430664,93.87999725341795,73.3780288696289,4471500,0.009028335443088231,92.3499984741211,91.88599891662598,92.02899948120117,0.006783980643043517,66.71070958482753,0.2906279761368751,0.048109921712063686
2020-01-16,94.02999877929688,94.62999725341795,93.87000274658205,94.62999725341795,73.96422576904297,4426700,0.007988922261847442,92.64299850463867,92.11049880981446,92.04919937133789,0.006401418982449013,68.18182256049344,0.4404471088661097,0.12657735914287288
2020-01-17,94.58000183105467,95.02999877929688,94.5199966430664,94.72000122070312,74.03458404541016,3581300,0.0009511145503273699,92.88799896240235,92.33299903869629,92.10299942016601,0.006406439731521682,67.35752933909833,0.559987234646897,0.2132593342436777
2020-01-21,94.83999633789062,95.69000244140624,94.58999633789062,95.62000274658205,74.73802947998047,4217400,0.009501705176099717,93.21199951171874,92.56049919128418,92.17079940795898,0.006441733107989635,70.45724497425886,0.7190574009595423,0.31441894758685063
2020-01-22,95.8499984741211,96.1500015258789,94.81999969482422,94.9800033569336,74.2378158569336,5024300,-0.006693153851340283,93.575,92.73099937438965,92.24419952392579,0.006710587664456348,62.8672376912057,0.7844365554381341,0.40842246915710734
2020-01-23,95.08999633789062,95.81999969482422,94.69000244140624,95.77999877929688,74.86309814453125,4825000,0.008422777364588185,93.9900001525879,92.96449928283691,92.3379995727539,0.006658954773316527,74.81757176933567,0.890537390441068,0.5048454534138995
2020-01-24,95.9000015258789,96.04000091552734,95.16000366210938,95.4499969482422,74.60516357421875,3518100,-0.0034454148596836376,94.37699966430664,93.16949920654297,92.42119949340821,0.006791092596839608,69.92484365932324,0.9371913186305534,0.5913146264572303
2020-01-27,94.95999908447266,95.30999755859376,94.7300033569336,94.98999786376952,74.24562072753906,3047000,-0.004819267670821636,94.6479995727539,93.33149909973145,92.50899948120117,0.006946836608971855,65.66629542382128,0.9263682149620536,0.658325344158195
2020-01-28,95.1500015258789,95.66999816894533,94.97000122070312,95.37000274658205,74.54265594482422,3006100,0.004000472590361737,94.84599990844727,93.49799919128418,92.5877995300293,0.006958278427751195,76.17192777499608,0.9376454524266222,0.7141893658118805
2020-01-29,95.66000366210938,95.77999877929688,94.93000030517578,95.0199966430664,74.26908111572266,3785500,-0.003669981057310867,95.04399948120117,93.6424991607666,92.64539947509766,0.007064048547174139,71.87096380418328,0.907874761812991,0.7529264450121027
2020-01-30,94.7699966430664,95.29000091552734,94.5999984741211,95.08999633789062,74.32377624511719,4142400,0.00073668382758596,95.16499938964844,93.75749893188477,92.6943994140625,0.006941269230192516,72.58682481859313,0.8797880167676198,0.7782987593632061
2020-01-31,95.0,95.0999984741211,93.66999816894533,93.93000030517578,73.41709899902344,6370900,-0.012198928145847665,95.09499969482422,93.86899909973144,92.7111994934082,0.006986388020443673,60.024306517984584,0.755221361865722,0.7736832798637094
2020-02-03,93.87999725341795,94.9499969482422,93.8499984741211,94.23999786376952,73.65941619873047,7508200,0.0033003040305181752,95.04699935913087,93.96749916076661,92.7309994506836,0.0069067357732355075,55.7200433324946,0.673749043048474,0.7536964325006623
2020-02-04,94.58000183105467,95.5999984741211,94.31999969482422,95.20999908447266,74.41759490966797,4422900,0.010292882456399699,95.00599899291993,94.10899925231934,92.7711994934082,0.007207778885787613,63.47824438694744,0.679618417215849,0.7388808294436997
2020-02-05,95.38999938964844,95.62999725341795,95.0500030517578,95.2699966430664,74.46446990966797,4413700,0.0006301602685714336,95.03499832153321,94.3049991607666,92.83879943847656,0.006569795855179758,59.55982512220663,0.6812581205428927,0.7273562876635384
2020-02-06,95.5500030517578,95.87000274658205,95.41000366210938,95.58999633789062,74.71458435058594,3327500,0.0033588716920303074,95.01599807739258,94.50299911499023,92.91959930419922,0.006572339550436483,57.01753309694122,0.7003062042689407,0.7219462709846189
2020-02-07,95.72000122070312,95.83000183105467,95.31999969482422,95.56999969482422,74.6989517211914,3176200,-0.00020919179655287667,95.02799835205079,94.7024990081787,92.99419937133788,0.006565535890100516,56.27768755979829,0.7056540452994966,0.7186878258475946
2020-02-10,95.9499969482422,96.66000366210938,95.83999633789062,96.63999938964844,75.5352783203125,4457000,0.011195978845254473,95.19299850463867,94.92049903869629,93.06579940795899,0.006766802703197681,57.34868447812795,0.7871584087105532,0.7323819424201864
2020-02-11,96.97000122070312,97.95999908447266,96.97000122070312,97.37000274658205,76.10586547851562,5362200,0.007553842731209626,95.39299850463867,95.11949920654297,93.14319946289062,0.006497978500431667,66.99857613551015,0.9002785235177839,0.765961258639706
2020-02-12,97.52999877929688,98.25,97.12999725341795,97.9499969482422,76.55919647216797,6298700,0.005956600444694038,95.68599853515624,95.36499900817871,93.24079940795899,0.006399204849550231,65.93244454402861,1.0249131535018563,0.8177516376121361
2020-02-13,97.93000030517578,98.7300033569336,97.75,98.54000091552734,77.02037048339844,3683500,0.006023522058881792,96.03099899291992,95.59799919128417,93.37839935302735,0.006274245397298555,71.85292857613014,1.1579472894437117,0.8857907679784514
2020-02-14,98.7699966430664,99.58000183105467,98.63999938964844,99.55999755859376,77.81761932373047,3004800,0.010351092283232388,96.59399871826172,95.84449920654296,93.52459930419921,0.0064049914736340925,79.94758414085284,1.3303475864012597,0.9747021316630131
2020-02-18,99.62000274658205,99.69000244140624,98.87999725341795,99.4499969482422,77.73161315917969,4186800,-0.0011048675476997838,97.11499862670898,96.08099899291992,93.6609992980957,0.006448557680087875,77.71737834680388,1.441483410412303,1.0680583874128713
2020-02-19,99.5,99.5,98.0999984741211,98.11000061035156,76.68427276611328,4415200,-0.013474071181601266,97.40499877929688,96.2054988861084,93.76959930419922,0.007137639914607166,68.50305496190315,1.405234181068863,1.1354935461440696
2020-02-20,98.16000366210938,99.33000183105467,97.87000274658205,99.27999877929688,77.59876251220703,5556500,0.011925371131043194,97.80599899291992,96.42049865722656,93.89779922485351,0.007252077197533067,72.16936804270526,1.4541529102333755,1.1992254189619307
2020-02-21,99.2699966430664,99.72000122070312,99.02999877929688,99.56999969482422,77.82543182373047,3670800,0.002921040683854459,98.20399932861328,96.60999870300293,94.02819915771484,0.007108180018434198,82.86718074757502,1.499041982923032,1.259188731754151
2020-02-24,98.38999938964844,99.12999725341795,97.75,98.20999908447266,76.76240539550781,5214600,-0.01365873872170209,98.46799926757812,96.74799880981445,94.14219909667969,0.007846007700981037,70.61269729096782,1.4086383076185314,1.2890786469270272
2020-02-25,98.44000244140624,98.62000274658205,95.29000091552734,95.5500030517578,74.6833267211914,7378900,-0.027084778103163787,98.35899963378907,96.77599906921387,94.22179916381836,0.01005256702901378,51.501786372615484,1.1095629433586254,1.253175506213347
2020-02-26,95.73999786376952,96.45999908447266,94.47000122070312,94.5199966430664,73.87825012207031,9407200,-0.01077976322128904,98.0739990234375,96.73349876403809,94.3055990600586,0.010309483785450088,46.9487371451771,0.7804342926798142,1.1586272635066406
2020-02-27,93.0999984741211,93.3000030517578,89.48999786376953,89.48999786376953,69.94674682617188,11869100,-0.0532162395042346,97.22799911499024,96.45699882507324,94.28839904785156,0.01568752708159547,32.058819965506174,0.11242266325614025,0.9493863434565406
2020-02-28,87.5,88.19999694824219,84.66000366210938,87.33000183105469,68.25843048095703,22471800,-0.024136731302675907,96.10699920654297,96.06899909973144,94.21499908447265,0.016357846036263758,28.474395477847878,-0.5845368172582397,0.6426017113135846
2020-03-02,87.6500015258789,91.06999969482422,87.16000366210938,91.05999755859376,71.17385864257812,14250500,0.042711504057391325,95.25699920654297,95.92549896240234,94.23339904785156,0.019277627853067237,37.20182349630855,-0.826376787347499,0.3488060115813678
2020-03-03,91.18000030517578,93.30999755859376,90.0999984741211,90.8499984741211,71.0097427368164,14654200,-0.0023061617626064512,94.39699935913086,95.75599899291993,94.24499908447265,0.01924684606757652,34.680429225479614,-1.0231872118215506,0.07440736690078414
2020-03-04,92.26000213623048,94.4000015258789,92.12999725341795,94.27999877929688,73.69066619873047,10638200,0.03775454444451998,94.0139991760254,95.70949897766113,94.30919906616211,0.021039931389823192,42.39535899905334,-0.8921049022436307,-0.11889508692809883
2020-03-05,92.72000122070312,93.44000244140624,91.1500015258789,92.26000213623048,72.11182403564453,9803600,-0.02142550561328571,93.31199951171875,95.55899925231934,94.32299911499024,0.021561299853099094,37.71517384942626,-0.9403779827648862,-0.2831916660954563
2020-03-06,90.23999786376952,91.01000213623048,87.79000091552734,90.66999816894533,70.8690414428711,10302700,-0.01723394678592538,92.42199935913087,95.31299934387206,94.3141990661621,0.021813203317769543,32.98889605858258,-1.0943201374551137,-0.44541736036738777
2020-03-09,86.0,86.52999877929688,83.55999755859375,83.68000030517578,65.4055404663086,14017500,-0.07709273193923627,90.96899948120117,94.71849937438965,94.1607991027832,0.02745075330230746,26.113294589275625,-1.7600658701489493,-0.7083470623237
2020-03-10,85.05000305175781,86.62000274658203,81.83000183105469,86.54000091552734,68.16886901855469,11782100,0.03417782743691822,90.06799926757813,94.2134994506836,94.05659912109375,0.028673523398318433,33.24644850820222,-2.033455602115822,-0.9733687702821245
2020-03-11,84.6500015258789,84.6500015258789,80.52999877929688,81.33999633789062,64.07275390625,16447000,-0.0600878729214771,88.74999923706055,93.41199913024903,93.84259902954102,0.03099668024796027,26.737547228646022,-2.639291733330211,-1.3065533628917418
2020-03-12,75.9000015258789,78.52999877929688,72.5999984741211,73.0999984741211,57.58197784423828,16761500,-0.10130315016907732,87.1109992980957,92.16949920654297,93.46199905395508,0.03705305509341457,21.543749358202348,-3.741194039131315,-1.7934814981396565
2020-03-13,77.33000183105469,79.56999969482422,73.0199966430664,79.4800033569336,62.60759353637695,10968600,0.08727777039655016,86.3259994506836,91.21649932861328,93.1957991027832,0.04327861243605848,31.826124421465963,-4.052926863119993,-2.245370571135724
2020-03-16,71.87999725341797,74.3499984741211,65.23999786376953,65.38999938964844,51.50868988037109,11396500,-0.17727734489402214,83.75899963378906,89.50799942016602,92.66959915161132,0.05688128309024373,26.048284271016044,-5.37496370137751,-2.8712891971840815
2020-03-17,66.62999725341797,70.5,64.44000244140625,69.16999816894531,54.48624420166016,9100900,0.05780698600060341,81.59099960327148,87.99399948120117,92.2075991821289,0.0593383631828431,30.710699416132456,-6.047956037260704,-3.506622565199406
2020-03-18,65.04000091552734,67.44000244140625,60.5,62.59000015258789,49.30308532714844,15714500,-0.09512791948159383,78.42199974060058,86.21799945831299,91.6117992401123,0.061893161275237675,30.002974737980608,-7.031206785627759,-4.211539409285077
2020-03-19,61.709999084472656,64.25,60.0,62.810001373291016,49.47637176513672,13090000,0.003514957983172806,75.47699966430665,84.39449958801269,91.0409992980957,0.06169087397272105,31.230864099548413,-7.70388226847318,-4.910007981122698
2020-03-20,63.54999923706055,65.19999694824219,59.34999847412109,59.68000030517578,47.010841369628906,18838000,-0.049832845083270794,72.37799987792968,82.39999961853027,90.40199935913085,0.06175424467342384,25.757112977147997,-8.392800384187794,-5.606566461735717
2020-03-23,59.38999938964844,59.5,55.58000183105469,56.90999984741211,44.82886505126953,15558600,-0.046414216548243625,69.70099983215331,80.33499965667724,89.708599319458,0.061917385880304036,24.777055982885116,-9.05787529331073,-6.296828228050719
2020-03-24,59.61000061035156,62.2599983215332,58.77999877929688,62.02999877929688,48.861961364746094,14401600,0.08996659542457541,67.24999961853028,78.65899944305421,89.10359931945801,0.06703113827869002,26.620272682512265,-9.067288765512401,-6.850920335543056
2020-03-25,62.290000915527344,68.7699966430664,61.83000183105469,65.37000274658203,51.49293518066406,15209300,0.05384497876856176,65.65300025939942,77.20149974822998,88.54319938659668,0.06898506373446411,30.872106130291442,-8.704894004000792,-7.2217150692346035
2020-03-26,65.9800033569336,70.25,65.58000183105469,69.9800033569336,55.124298095703125,14486100,0.07052165238883368,65.34100074768067,76.22600002288819,88.0819994354248,0.07098384978442744,35.88869786208396,-7.954016076588999,-7.368175270705484
2020-03-27,67.79000091552734,71.83000183105469,67.4000015258789,70.05000305175781,55.179447174072266,11521700,0.0010002813870582106,64.39800071716309,75.36200008392333,87.6053995513916,0.07093791878290304,39.7349041677469,-7.269493325022964,-7.348438881568979
2020-03-30,70.76000213623047,71.83000183105469,68.44000244140625,71.58000183105469,56.3846435546875,12754300,0.02184152337818457,65.01700096130371,74.38800029754638,87.14439964294434,0.0702959092758625,38.50292334981247,-6.52829191248432,-7.184409487752047
2020-03-31,71.05999755859375,71.22000122070312,67.94999694824219,69.8499984741211,55.02189636230469,16815900,-0.024168808503481243,65.08500099182129,73.33800029754639,86.64699958801269,0.07034779896853845,40.67219053390391,-6.011188031846373,-6.9497651965709135
2020-04-01,66.51000213623047,66.80000305175781,63.88999938964844,65.26000213623047,51.406280517578125,12174800,-0.06571218952268387,65.35200119018555,71.88700046539307,86.03979957580566,0.07040809813327639,43.23438472973131,-5.903699650530456,-6.740552087362822
2020-04-02,64.31999969482422,66.83999633789062,64.16999816894531,65.4800033569336,51.579586029052734,10916700,0.0033711494560462185,65.6190013885498,70.54800052642823,85.44979957580567,0.07052180097186772,36.48126857159865,-5.734656523340476,-6.539372974558353
2020-04-03,64.98999786376953,65.87999725341797,63.27000045776367,64.52999877929688,50.83125686645508,8986700,-0.014508315958052354,66.10400123596192,69.2410005569458,84.82479957580567,0.07051896748713549,48.88716297343356,-5.61264695668298,-6.354027770983279
2020-04-06,66.80999755859375,69.68000030517578,66.80999755859375,69.30999755859375,54.59651947021485,8382200,0.0740740565584892,67.34400100708008,68.5225004196167,84.30199958801269,0.07154068753961255,50.17658850259686,-5.0717831832417914,-6.097578853434982
2020-04-07,71.98999786376953,73.3499984741211,69.91999816894531,69.94999694824219,55.10066986083984,7675100,0.009233868304603376,68.13600082397461,67.69300022125245,83.80119956970215,0.0710031654689055,60.91987383203224,-4.5391773332718515,-5.785898549402356
2020-04-08,71.0,75.16000366210938,70.0999984741211,74.72000122070312,58.85807037353516,9628300,0.06819162945768809,69.07100067138671,67.36200046539307,83.38819953918457,0.07184858401815973,65.56862259351266,-3.689651869728465,-5.3666492134675785
2020-04-09,75.9800033569336,79.98999786376953,75.9800033569336,78.91000366210938,62.15858840942383,13840900,0.056076048888571206,69.9640007019043,67.65250072479247,83.06599967956544,0.0689226505496416,74.4594213772809,-2.647776717840358,-4.822874714342135
2020-04-13,78.41000366210938,78.61000061035156,75.06999969482422,75.58999633789062,59.54336929321289,10139000,-0.042073338868858,70.51800003051758,67.45800037384033,82.67599967956544,0.06695335661156279,73.43199606854776,-2.066162562391753,-4.271532283952059
2020-04-14,77.08999633789062,78.52999877929688,77.08999633789062,77.70999908447266,61.213340759277344,9400800,0.0280460755296974,71.13099975585938,68.07400035858154,82.35159965515136,0.052585855274123176,71.26965587230148,-1.417818915946654,-3.700789610350978
2020-04-15,75.30999755859375,76.16999816894531,73.83000183105469,74.62999725341797,58.78717041015625,8568200,-0.03963456269902477,71.60899963378907,68.34700031280518,81.95939964294433,0.05243548474220244,62.65025833615093,-1.1393980408279702,-3.188511296446377
2020-04-16,74.7699966430664,75.20999908447266,73.27999877929688,73.77999877929688,58.11762619018555,6252800,-0.011389501613336406,72.4609992980957,68.90650024414063,81.53079963684083,0.04708000979607825,55.78561692702387,-0.9760835805842163,-2.746025753273945
2020-04-17,75.91999816894531,76.51000213623047,75.06999969482422,76.11000061035156,59.9529914855957,8593100,0.03158039942538604,73.5239990234375,69.57150020599366,81.14759971618652,0.047316253014819926,58.6324699008614,-0.6511381043480355,-2.327048223488763
2020-04-20,74.54000091552734,74.95999908447266,73.26000213623047,73.27999877929688,57.723758697509766,6631000,-0.03718304832952246,74.3989990234375,70.2515001296997,80.70139976501464,0.046542719474931694,52.335159076961254,-0.614885947331473,-1.9846157682573051
2020-04-21,71.36000061035156,72.55000305175781,70.98999786376953,71.94999694824219,56.67609405517578,8620400,-0.018149588608214362,74.66299896240234,71.00349998474121,80.228999710083,0.045103854106585954,52.916662693026204,-0.6855730251111112,-1.7248072196280664
2020-04-22,73.05999755859375,73.66000366210938,72.44999694824219,73.05000305175781,57.542572021484375,6484200,0.015288480196975263,74.9729995727539,71.55450019836425,79.75719978332519,0.04130596028934517,61.980918319094236,-0.6453920661097357,-1.5089241889244003
2020-04-23,73.2699966430664,73.88999938964844,72.19000244140625,72.44000244140625,57.06207656860352,7648200,-0.008350452907159522,74.74499969482422,71.90800018310547,79.25859977722168,0.04007596540473669,60.57749590529171,-0.6552173797850287,-1.3381828270965261
2020-04-24,72.97000122070312,73.12000274658203,71.87000274658203,72.75,57.3062744140625,6419000,0.004279369797709487,74.12899932861328,72.04650001525879,78.75459983825684,0.03707972225505439,62.74022759511549,-0.6307192604144802,-1.1966901137601171
2020-04-27,73.41000366210938,75.51000213623047,73.25,75.23999786376953,59.267677307128906,7669500,0.03422677475971869,74.09399948120117,72.30599975585938,78.28859977722168,0.03774312424081511,59.89321911058693,-0.4057055850466611,-1.0384932080174258
2020-04-28,76.68000030517578,77.80000305175781,75.80000305175781,75.86000061035156,59.75607681274414,8177900,0.008240334452223275,73.90899963378907,72.51999969482422,77.81459983825684,0.03753145375418951,59.86644113908412,-0.17533048541521623,-0.8658606634969839
2020-04-29,77.5,78.05000305175781,76.68000030517578,77.0,60.654056549072266,7307000,0.015027674406489222,74.14599990844727,72.87749977111817,77.365599899292,0.037026632345237204,54.33130095558665,0.09810101672283622,-0.6730683274530199
2020-04-30,75.87000274658203,76.36000061035156,74.80999755859375,76.11000061035156,59.9529914855957,8606000,-0.01155843363179787,74.37900009155274,73.41999969482421,76.925599899292,0.03333893195266682,43.918330416799236,0.24021291447473914,-0.49041207906746814
2020-05-01,74.08000183105469,74.37000274658203,72.76000213623047,73.54000091552734,57.92856979370117,6013600,-0.033766912024892015,74.12200012207032,73.8229995727539,76.4107999420166,0.03463347498000209,45.397408336830566,0.14380245512657552,-0.3635691722286595
2020-05-04,72.66000366210938,73.23999786376953,71.56999969482422,73.18000030517578,57.644981384277344,7288000,-0.004895303316151511,74.1120002746582,74.25549964904785,75.88299995422364,0.03439416705036809,38.956614767465396,0.03791042312916204,-0.2832732531570952
2020-05-05,73.9000015258789,74.66000366210938,73.43000030517578,73.54000091552734,57.92856979370117,7520300,0.00491938519882873,74.27100067138672,74.46699981689453,75.38959999084473,0.030542096563694037,46.936492933271346,-0.016767449810913604,-0.22997209248785885
2020-05-06,73.79000091552734,74.1500015258789,72.19999694824219,72.22000122070312,56.888771057128906,6266800,-0.01794941091094704,74.18800048828125,74.58050003051758,74.92299995422363,0.030872135624753654,45.7283769871512,-0.16471427805693395,-0.21692052960167388
2020-05-07,72.9000015258789,74.30000305175781,72.8499984741211,73.25,57.70011901855469,6727300,0.014261960147981867,74.26900024414063,74.50699996948242,74.4976000213623,0.026888934949058318,41.56839776480422,-0.19658480465268724,-0.21285338461187658
2020-05-08,74.22000122070312,75.23999786376953,74.06999969482422,74.98999786376953,59.070743560791016,6625600,0.023754237048048132,74.49300003051758,74.31099967956543,74.20760002136231,0.024129863270794707,55.38751981262557,-0.08051105938110936,-0.18638491956572315
2020-05-11,74.12999725341797,75.08000183105469,73.5,73.9000015258789,58.21214294433594,6874900,-0.014535222948942716,74.35900039672852,74.22649993896485,73.93900001525878,0.022467244090130664,56.238019578699195,-0.07560386073078007,-0.16422870779873452
2020-05-12,74.22000122070312,74.22000122070312,70.4800033569336,70.54000091552734,55.56541442871094,11764700,-0.045466854411023605,73.82700042724609,73.86800003051758,73.52860008239746,0.02347501034622143,42.98489856824047,-0.3389318436882576,-0.19916933497663913
2020-05-13,70.02999877929688,70.36000061035156,68.51000213623047,68.83000183105469,54.21842956542969,8358600,-0.024241551775997294,73.01000061035157,73.57800025939942,73.08820014953614,0.02249665749148603,40.494990872041456,-0.67779065367057,-0.2948935987154253
2020-05-14,67.87000274658203,69.06999969482422,66.2699966430664,69.06999969482422,54.407474517822266,8609800,0.003486820534432278,72.30600051879883,73.34250030517578,72.58400016784668,0.022478278377804355,40.27483576832921,-0.9164090865620267,-0.4191966962847456
2020-05-15,68.62999725341797,68.83999633789062,67.58000183105469,68.80000305175781,54.19479751586914,11916700,-0.003909029162579181,71.83200073242188,72.9770004272461,72.11480018615723,0.020949279768158174,30.718566074938977,-1.1144556355784516,-0.5582484841434868
2020-05-18,71.01000213623047,73.43000030517578,71.01000213623047,72.87000274658203,57.40078353881836,8617200,0.05915696968446915,71.8010009765625,72.95650062561035,71.75880027770997,0.02397515539192346,42.58064540556791,-0.9322476212825279,-0.633048311571295
2020-05-19,72.58999633789062,72.94999694824219,71.88999938964844,71.88999938964844,56.62884521484375,5804700,-0.013448652669078687,71.63600082397461,72.95350074768066,71.52300025939941,0.023810426915810895,37.21860153397086,-0.857045055976613,-0.6778476604523587
2020-05-20,72.79000091552734,72.83999633789062,72.01000213623047,72.52999877929688,57.13297653198242,5133700,0.008902481500654869,71.66700057983398,72.92750053405761,71.24280021667481,0.023640015425961176,40.93210840393297,-0.7373046896142483,-0.6897390662847366
2020-05-21,72.20999908447266,73.08999633789062,71.9000015258789,72.58999633789062,57.18023300170898,5385100,0.0008272102523581015,71.60100021362305,72.93500022888183,71.06780021667481,0.023560237889440172,47.24316531089472,-0.6303025495893735,-0.677851762945664
2020-05-22,72.58999633789062,73.62999725341797,72.27999877929688,73.56999969482422,57.952178955078125,4737900,0.013500529086293067,71.45900039672851,72.97600021362305,71.07720024108886,0.023730469863626633,51.09243582543252,-0.46110912309555374,-0.634503234975642
2020-05-26,75.76000213623047,76.72000122070312,75.55000305175781,76.31999969482422,60.118412017822266,6001000,0.037379366744695997,71.70100021362305,73.03000030517578,71.01400016784667,0.023973235759359054,56.867589230787786,-0.10392214651950837,-0.5283870172844153
2020-05-27,78.0,78.2699966430664,75.97000122070312,77.83999633789062,61.31574630737305,5880500,0.019916098652310144,72.43099975585938,73.12900009155274,71.26300010681152,0.024299178979616917,63.7475504925143,0.2983627912307725,-0.3630370555813778
2020-05-28,78.69000244140625,78.81999969482422,77.58000183105469,78.20999908447266,61.60719680786133,5642800,0.004753375693594686,73.36899948120117,73.18950004577637,71.44380012512207,0.02410749938443482,62.537920383491034,0.6396590408623837,-0.16249783629262549
2020-05-29,77.58000183105469,78.13999938964844,76.88999938964844,77.43000030517578,60.992767333984375,8989500,-0.009973133722382732,74.20499954223632,73.25550003051758,71.74060012817382,0.024066417333635567,56.48247468150709,0.8375447008764354,0.0375106711411867
2020-06-01,77.36000061035156,79.79000091552734,77.2699966430664,79.22000122070312,62.40277099609375,11218300,0.02311766638863988,75.24699935913085,73.53950004577636,72.06880012512207,0.02306525642633711,63.62705074212681,1.1258307502642708,0.25517468696580353
2020-06-02,79.80999755859375,80.0999984741211,79.02999877929688,79.86000061035156,62.90691757202149,7162100,0.008078760158882536,75.94599914550781,73.87350006103516,72.47240013122558,0.022984873057224135,77.73810188786695,1.3899199909786688,0.48212374776837663
2020-06-03,80.69000244140625,82.7699966430664,80.66999816894531,82.41999816894531,64.9234848022461,7485600,0.03205606735572597,76.9989990234375,74.31749992370605,72.98260009765625,0.02378993161509711,88.49858650828644,1.785204301158629,0.7427398584464271
2020-06-04,82.0199966430664,82.12000274658203,80.86000061035156,81.5999984741211,64.27752685546875,5503500,-0.009949038013121192,77.90599899291992,74.78649978637695,73.37400009155273,0.023430882874486816,84.36643366945086,2.009142696143755,0.9960204259858927
2020-06-05,84.48999786376953,86.06999969482422,84.30000305175781,84.69000244140625,66.71159362792969,6158800,0.03786769638562104,79.11599960327149,75.35849990844727,73.76040008544922,0.02442221454255148,87.74346101180618,2.4081928355178803,1.2784549078922902
2020-06-08,85.81999969482422,86.80000305175781,85.66999816894531,86.79000091552734,68.36578369140625,7130500,0.024796297243868892,80.4379997253418,75.94850006103516,74.0966000366211,0.024459656735396282,86.47797912233182,2.8609164089116206,1.5949472080961562
2020-06-09,85.20999908447266,85.9000015258789,84.30000305175781,85.3499984741211,67.23148345947266,7168900,-0.016591801200783518,81.34099960327148,76.52099990844727,74.40259994506836,0.02456179101320168,84.44216595142723,3.068139339647388,1.8895856344064028
2020-06-10,85.11000061035156,85.11000061035156,82.52999877929688,83.18000030517578,65.52213287353516,6433900,-0.02542470073509462,81.875,77.15299987792969,74.63459991455078,0.02261845332261376,75.27290384464278,3.02242366974221,2.1161532414735644
2020-06-11,79.56999969482422,80.62999725341797,77.7300033569336,77.83999633789062,61.31574630737305,8611900,-0.06419817200881739,81.8379997253418,77.60349960327149,74.79439987182617,0.027003593358489963,59.962047028329806,2.5261797524006795,2.1981585436589874
2020-06-12,80.55000305175781,80.91999816894531,78.44000244140625,80.62999725341797,63.51347351074219,8871700,0.035842767815872145,82.15799942016602,78.18149948120117,75.10179977416992,0.027770814635706877,62.53550539855453,2.331160462817323,2.2247589274906545
2020-06-15,78.1500015258789,82.19000244140625,77.9800033569336,81.7699966430664,64.41145324707031,6138600,0.01413865097955358,82.41299896240234,78.8299991607666,75.42759963989258,0.027651822670620628,60.263646557060106,2.2427417631690645,2.2283554946263364
2020-06-16,84.61000061035156,84.83999633789062,82.0199966430664,83.37999725341797,65.67969512939453,5811700,0.019689380903112452,82.76499862670899,79.35549888610839,75.804599609375,0.025185055386607577,60.3978968766172,2.2763426396189175,2.2379529236248525
2020-06-17,83.87000274658203,83.94999694824219,82.16000366210938,82.16999816894531,64.72654724121094,5041500,-0.014511862848772816,82.73999862670898,79.86949882507324,76.06179962158203,0.025231711239623388,57.20523762868008,2.1802027424679125,2.2264028873934647
2020-06-18,81.19000244140625,81.72000122070312,80.81999969482422,81.2699966430664,64.01759338378906,5005900,-0.010952921333020615,82.70699844360351,80.30649871826172,76.28819961547852,0.025542074701622973,56.956513566497904,2.0082388524080557,2.182770080396383
2020-06-19,82.44999694824219,82.44999694824219,79.68000030517578,80.08999633789062,63.08809280395508,10402000,-0.014519507246423036,82.24699783325195,80.68149871826172,76.39559951782226,0.025933747850894733,51.611698666396805,1.7564923175903573,2.097514527835178
2020-06-22,79.94000244140625,80.2300033569336,78.68000030517578,80.01000213623047,63.02507781982422,3995500,-0.0009988039120725212,81.56899795532226,81.00349884033203,76.41759948730468,0.025893622019960705,50.28377132831423,1.5328566936823336,1.9845829610046093
2020-06-23,80.80000305175781,80.93000030517578,79.44000244140625,79.68000030517578,62.76514053344727,3958100,-0.004124507214645523,81.00199813842774,81.1714988708496,76.4993995666504,0.024760385095732546,44.338848459761095,1.313850213286429,1.8504364114609735
2020-06-24,78.68000030517578,78.87999725341797,75.66000366210938,77.41000366210938,60.977027893066406,7034900,-0.028488913583989417,80.4249984741211,81.14999923706054,76.49339965820313,0.02532267118775842,41.83236927338127,0.9462089341756581,1.6695909160039106
2020-06-25,76.16999816894531,77.70999908447266,76.02999877929688,77.62999725341797,61.75582504272461,6626000,0.0028419271528374868,80.40399856567383,81.12099914550781,76.55339965820312,0.025307510031344967,34.50393342664107,0.6649372335046593,1.4686601795040604
2020-06-26,77.36000061035156,77.6500015258789,76.05000305175781,76.13999938964844,60.57050704956055,7277100,-0.01919358387847847,79.95499877929687,81.05649909973144,76.60059967041016,0.025580017040348048,25.981041789622026,0.31812980671236346,1.2385541049457212
2020-06-29,76.87999725341797,77.66999816894531,75.83999633789062,77.61000061035156,61.73992919921875,4687100,0.01930655677025106,79.53899917602538,80.97599906921387,76.63059967041016,0.02540823274331915,32.567563991577416,0.160054230031335,1.022854129962844
2020-06-30,77.87000274658203,78.91000366210938,77.37999725341797,78.52999877929688,62.4717903137207,5212200,0.011854118821158721,79.05399932861329,80.90949897766113,76.73559967041015,0.025490907435628797,38.902138671508695,0.10777203123663526,0.8398377102176023
2020-07-01,78.80000305175781,80.66000366210938,78.5999984741211,80.33999633789062,63.91166305541992,5023700,0.023048485759952886,78.87099914550781,80.8054988861084,76.90339965820313,0.024958927282768415,57.17566720040363,0.2099692929093777,0.7138640267559575
2020-07-02,81.66999816894531,81.9000015258789,79.75,80.11000061035156,63.72871398925781,4588100,-0.002862779910665636,78.75499954223633,80.73099899291992,77.044599609375,0.024875035794855987,48.25034514590597,0.2692983225882273,0.6249508859224114
2020-07-06,81.5999984741211,81.72000122070312,79.94000244140625,80.06999969482422,63.69688415527344,6174300,-0.000499324868587947,78.75299987792968,80.49999885559082,77.19719955444336,0.023171418115564613,43.822676191595676,0.3095212976211741,0.561864968262164
2020-07-07,79.12999725341797,79.48999786376953,78.37999725341797,78.4800033569336,62.432010650634766,3389200,-0.019857578917830354,78.6,80.08449897766113,77.31179962158203,0.02254129223583101,32.168839807965455,0.21067040156032135,0.4916260549217955
2020-07-08,78.58999633789062,78.87999725341797,77.66000366210938,78.37000274658203,62.344512939453125,3848100,-0.0014016387059933022,78.46900024414063,79.73549919128418,77.37439971923828,0.022377499136618434,34.96834459335071,0.12204733856081873,0.41771031164960015
2020-07-09,78.2300033569336,78.30000305175781,76.6500015258789,77.87999725341797,61.954708099365234,3455900,-0.006252462370692324,78.51599960327148,79.47049903869629,77.4147996520996,0.021815702803737878,36.140618137900745,0.012133704692743663,0.33659499025822887
2020-07-10,77.72000122070312,78.51000213623047,77.55999755859375,78.12000274658203,62.1456184387207,3809900,0.0030817347409899387,78.56500015258788,79.48449935913087,77.43719970703125,0.01640873624646552,41.275482311472956,-0.05497350420726832,0.25828129136512945
2020-07-13,78.4000015258789,78.8499984741211,77.0,77.19000244140625,61.40580368041992,6071800,-0.011904765392708239,78.67000045776368,79.31249961853027,77.45879974365235,0.01430500409688521,38.38549584499372,-0.1811119571291755,0.17040264166626845
2020-07-14,77.16000366210938,78.06999969482422,76.94000244140625,77.83999633789062,61.92288589477539,3473900,0.008420700556108551,78.69300003051758,79.11599960327149,77.54479965209961,0.014018053340287932,42.616346886853975,-0.22602306146947626,0.09111750103911953
2020-07-15,79.1500015258789,79.38999938964844,78.05000305175781,78.5999984741211,62.52748489379883,3547200,0.009763645580498581,78.7,78.87699966430664,77.65319961547851,0.013356187863788763,55.433771565253686,-0.19800711170665863,0.0332925784899639
2020-07-16,78.16999816894531,78.44999694824219,77.36000061035156,77.66000366210938,61.77970504760742,3605400,-0.011959221759033634,78.43200073242187,78.65149993896485,77.73559967041015,0.013250788659649912,50.12856226656616,-0.2487861433440628,-0.02312316587684144
2020-07-17,77.91999816894531,79.0,77.47000122070312,78.66999816894531,62.58316421508789,3720500,0.013005336842762949,78.28800048828126,78.5215000152588,77.864599609375,0.01354836538645191,61.30474386613704,-0.2051657528469235,-0.05953168327085785
2020-07-20,78.5999984741211,79.0,77.45999908447266,77.7300033569336,61.83538436889648,4364100,-0.011948580575698808,78.05400085449219,78.40350036621093,77.95419967651367,0.013430387912733908,50.562865680187514,-0.24363750309828447,-0.09635284723634319
2020-07-21,78.37999725341797,78.73999786376953,77.70999908447266,77.91999816894531,61.98652648925781,3007200,0.0024442918282052695,77.99800033569336,78.29900016784669,78.01279968261719,0.013457954720621869,46.92848943791287,-0.2558464107062548,-0.12825155993032553
2020-07-22,77.55999755859375,79.19000244140625,77.36000061035156,79.11000061035156,62.933197021484375,2682400,0.015272105613068687,78.0720001220703,78.27050018310547,78.11699966430665,0.013929502447020617,43.39421017178053,-0.16756719586294366,-0.13611468711684915
2020-07-23,78.94999694824219,79.41000366210938,77.80999755859375,78.77999877929688,62.67067337036133,4630900,-0.004171430015278088,78.1620002746582,78.33899993896485,78.28179962158202,0.01230268787272912,42.93303150838423,-0.12281790356711042,-0.1334553304069014
2020-07-24,78.58999633789062,79.0,78.06999969482422,78.19999694824219,62.20927047729492,2702200,-0.007362298045720639,78.16999969482421,78.36749992370605,78.46919952392578,0.012430993379424805,40.60299118593123,-0.1326262348318039,-0.13328951129188193
2020-07-27,78.16000366210938,79.02999877929688,77.2300033569336,78.94000244140625,62.797943115234375,4111800,0.00946298621538122,78.34499969482422,78.50750007629395,78.66659957885742,0.01167765943409673,52.5274679209058,-0.07976763753798366,-0.12258513654110229
2020-07-28,78.91000366210938,80.9000015258789,78.73999786376953,80.51000213623047,64.04691314697266,6613300,0.019888518447786385,78.6120002746582,78.65250015258789,78.90079956054687,0.011724021915008317,60.13257521024189,0.08779696719427932,-0.08050871579402598
2020-07-29,80.95999908447266,82.06999969482422,80.81999969482422,82.06999969482422,65.28792572021484,5429600,0.019376444133662796,78.95900039672851,78.82950019836426,79.08479949951172,0.012172222529626955,68.01378409122219,0.3425234916194029,0.004097725688659792
2020-07-30,81.0,81.61000061035156,80.47000122070312,81.54000091552734,64.86629486083984,6602700,-0.006457886941241164,79.34700012207031,78.88950042724609,79.2777995300293,0.011277414910652983,64.34565047082137,0.4959130484003822,0.10246079023100428
2020-07-31,81.44999694824219,81.5,80.12000274658203,81.38999938964844,64.74698638916016,9312300,-0.0018396066249043441,79.61900024414062,78.95350036621093,79.45499954223632,0.011262226126870832,68.85100058898462,0.5984726871370185,0.20166316961220715
2020-08-03,81.41999816894531,81.41999816894531,79.87999725341797,80.30999755859375,63.887813568115234,5629700,-0.01326946601736978,79.87699966430664,78.96550025939942,79.6093995666504,0.011696557492448474,60.67416989888573,0.58585148666549,0.27850083302286377
2020-08-04,80.16999816894531,81.70999908447266,80.12999725341797,81.51000213623047,64.84244537353516,4078000,0.014942156818784635,80.23600006103516,79.11700019836425,79.76819961547852,0.011128061366492486,62.11492503370021,0.6650135724133577,0.35580338090096253
2020-08-05,81.80000305175781,82.12000274658203,80.69999694824219,81.0999984741211,64.51626586914062,3374500,-0.0050301024581513865,80.43499984741212,79.25349998474121,79.86379959106445,0.011214896502188345,64.98255142030973,0.6867498024758731,0.4219926652159447
2020-08-06,80.79000091552734,81.45999908447266,80.70999908447266,81.2300033569336,64.61968231201172,3646500,0.0016030195469607378,80.68000030517578,79.42100028991699,79.93159973144532,0.011055453369075343,62.075480525275935,0.706324163661165,0.4788589649049888
2020-08-07,80.93000030517578,82.43000030517578,80.80000305175781,82.38999938964844,65.54249572753906,4447800,0.014280388831423352,81.0990005493164,79.6345001220703,80.01519973754883,0.01138302058694305,71.53414783941064,0.8061462194655036,0.5443164158170918
2020-08-10,82.63999938964844,83.0199966430664,82.16000366210938,82.5199966430664,65.64591217041016,3410000,0.0015778280662823718,81.45699996948242,79.90099983215332,80.11699966430665,0.010858091953461239,71.37542303718898,0.8855376826109023,0.612560669175854
2020-08-11,83.33000183105469,83.47000122070312,81.0199966430664,81.33000183105469,64.69922637939453,5193800,-0.014420684202872014,81.53899993896485,80.07550010681152,80.15919967651367,0.011485334568100712,60.315981439883835,0.8427190128052473,0.6585923379017327
2020-08-12,81.95999908447266,82.27999877929688,81.63999938964844,82.1500015258789,65.35157012939453,2245300,0.010082376446118646,81.54700012207032,80.25300025939941,80.20499969482422,0.011496513077386654,64.97777982735201,0.8649810675269123,0.6998700838267686
2020-08-13,81.87999725341797,82.56999969482422,80.93000030517578,81.13999938964844,64.54808807373047,3585400,-0.012294608855391131,81.50699996948242,80.42700004577637,80.17939971923828,0.011518590135993817,62.58561833979785,0.7919955432075199,0.7182951757029189
2020-08-14,80.93000030517578,81.91000366210938,80.83999633789062,81.1500015258789,64.55604553222656,3399300,0.00012327010482748868,81.48300018310547,80.55100021362304,80.17039978027344,0.011242799212154646,60.091315801758455,0.7265854533322909,0.7199532312287933
2020-08-17,81.19999694824219,81.8499984741211,80.83000183105469,81.80999755859375,65.08108520507812,2749900,0.00813303783493291,81.63300018310547,80.75499992370605,80.1127996826172,0.010858039878179182,56.474080198303454,0.7197073119847062,0.7199040473799759
2020-08-18,81.80999755859375,81.91000366210938,80.91999816894531,81.41999816894531,64.77083587646484,3635300,-0.004767136062668986,81.62399978637696,80.92999992370605,80.00539962768555,0.010983095188101482,46.335956456555905,0.6750055996522804,0.7109243578344369
2020-08-19,81.61000061035156,81.66999816894531,79.83999633789062,79.98999786376953,63.633262634277344,4376200,-0.01756325641531642,81.5129997253418,80.97399978637695,79.89819961547852,0.011381990283532817,42.067541586819665,0.5182164206353264,0.6723827703946148
2020-08-20,79.5999984741211,81.2699966430664,79.37999725341797,80.75,64.23784637451172,2949900,0.009501214608416797,81.46499938964844,81.0724998474121,79.849599609375,0.011489494076287188,46.91715275246081,0.45009724656765115,0.6279256656292221
2020-08-21,80.73999786376953,81.2300033569336,79.88999938964844,80.87999725341797,64.34125518798828,3380700,0.0016098731073432848,81.31399917602539,81.2064998626709,79.91039962768555,0.011307256542032572,53.02226763720976,0.4019683612138891,0.5827342047461556
2020-08-24,81.0,81.43000030517578,79.91999816894531,81.4000015258789,64.75492095947266,2553700,0.0064293309856531256,81.20199966430664,81.32949981689453,79.92579971313477,0.01121829823640575,49.371425083705354,0.4011615313328747,0.5464196700634995
2020-08-25,81.61000061035156,81.80000305175781,80.83000183105469,81.61000061035156,64.9219970703125,3123500,0.002579841284227724,81.22999954223633,81.38449974060059,79.92259979248047,0.010368220234337956,52.982470229729664,0.41270982199561956,0.5196777004499236
2020-08-26,81.43000030517578,81.43000030517578,80.37000274658203,80.86000061035156,64.32536315917969,3139800,-0.009190050170210018,81.10099945068359,81.32399978637696,79.87219985961914,0.009603737714006423,47.98253474206879,0.3572253224066486,0.48718722484126864
2020-08-27,81.02999877929688,82.30999755859375,81.01000213623047,82.05000305175781,65.27200317382812,4006700,0.014716824541476825,81.19199981689454,81.34949989318848,79.86979995727539,0.010090245498674207,48.15219320287064,0.40461258646016063,0.4706722971650471
2020-08-28,82.18000030517578,82.58999633789062,81.33999633789062,82.58999633789062,65.70158386230469,4548700,0.006581270762320068,81.3359992980957,81.40949974060058,79.89619995117188,0.010169005623425285,50.3642026324209,0.4802047781427632,0.47257879336059033
2020-08-31,82.4800033569336,82.5,81.44000244140625,81.75,65.03336334228516,4835100,-0.010170678957945989,81.32999954223632,81.4814998626709,79.92940002441406,0.009965220559932698,52.26781003290693,0.46694875574733885,0.4714527858379401
2020-09-01,81.47000122070312,81.87999725341797,80.87999725341797,81.80999755859375,65.08108520507812,3498500,0.0007339150898317826,81.36899948120117,81.49649963378906,79.96539993286133,0.009404889718896354,47.99997486785428,0.45602775990373345,0.4683677806510988
2020-09-02,81.9000015258789,83.45999908447266,81.23999786376953,83.33000183105469,66.29026794433594,3136500,0.0185796885200038,81.70299987792968,81.60799980163574,80.03839996337891,0.010161737918584934,62.1531841098498,0.5635284286567241,0.4873999102522239
2020-09-03,83.30999755859375,84.04000091552734,81.69999694824219,82.33000183105469,65.49475860595703,5716500,-0.012000479755507776,81.86100006103516,81.66299972534179,80.13679992675782,0.010593958035907536,55.900006027226276,0.5615585431651198,0.5022316368348031
2020-09-04,82.56999969482422,83.0999984741211,80.52999877929688,81.9000015258789,65.15267181396484,4956900,-0.0052228871081305694,81.96300048828125,81.63849983215331,80.22220001220703,0.010169768762468941,50.46061411571226,0.5193136393822897,0.5056480373443004
2020-09-08,81.54000091552734,81.58999633789062,80.31999969482422,80.9000015258789,64.35718536376953,3774000,-0.012210011982527469,81.91300048828126,81.55750007629395,80.31740005493164,0.010501331270770967,47.49519855173767,0.4005255963685812,0.4846235491491566
2020-09-09,81.31999969482422,82.73999786376953,81.23999786376953,81.69999694824219,64.99358367919922,3158300,0.009888694774713658,81.92200012207032,81.57599983215331,80.39919998168945,0.010262837161478243,58.769232936161096,0.3667109456903148,0.46104102845738826
2020-09-10,81.79000091552734,81.9000015258789,80.62000274658203,80.69999694824219,64.19806671142578,4308700,-0.012239902537983127,81.90599975585937,81.50349960327148,80.44259994506837,0.010353754597468479,49.74973423104181,0.2562668638689871,0.42008619553970805
2020-09-11,80.88999938964844,80.9800033569336,79.51000213623047,80.25,63.84009552001953,4255400,-0.0055761705732256805,81.72599945068359,81.45899963378906,80.44080001831054,0.010067558028815083,46.9447242056283,0.13091898778031918,0.3622527539878303
2020-09-14,80.77999877929688,82.45999908447266,80.68000030517578,82.20999908447266,65.39928436279297,3732000,0.024423664604020567,81.6879997253418,81.51199951171876,80.48279998779297,0.011510152226311394,53.446802597763515,0.18757321139779037,0.3273168454698223
2020-09-15,82.55999755859375,83.9800033569336,82.5,83.19999694824219,66.18683624267578,3017500,0.012042304765777834,81.83299942016602,81.58149948120118,80.54539993286133,0.0116748258729554,56.344766277179374,0.3087970257418249,0.32361288152422285
2020-09-16,83.69999694824219,84.48999786376953,83.29000091552734,83.63999938964844,66.53687286376953,3722400,0.005288491076267388,82.01599960327148,81.69249954223633,80.64859985351562,0.011634045780238036,61.37480348979645,0.4353538040923155,0.3459610660378414
2020-09-17,82.77999877929688,83.3499984741211,81.4800033569336,82.01000213623047,65.24018859863281,5981400,-0.01948825042219815,81.88399963378906,81.79349975585937,80.7213998413086,0.011805968288776298,49.84201826115831,0.39951840732398125,0.3566725342950694
2020-09-18,81.9800033569336,81.9800033569336,80.0199966430664,80.16000366210938,63.76847457885742,5024200,-0.022558205413139465,81.66699981689453,81.76399993896484,80.76699996948243,0.012772683866177019,41.30280917101111,0.21931109958613604,0.32920024735328274
2020-09-21,79.16000366210938,79.16999816894531,77.31999969482422,77.75,61.85128021240234,5297300,-0.03006491457096272,81.25199966430664,81.60750007629395,80.75959991455078,0.014386605063503458,37.12998156965287,-0.11662723820676035,0.24003475024127413
2020-09-22,77.98999786376953,79.31999969482422,77.83000183105469,78.68000030517578,62.59111404418945,4486400,0.011961418716087246,81.02999954223633,81.47150001525878,80.78939987182618,0.014606135286875682,40.463138299430334,-0.3043096467403785,0.1311658708449436
2020-09-23,78.7300033569336,78.7300033569336,76.20999908447266,76.30999755859375,60.705753326416016,7876400,-0.030122048009526114,80.49099960327149,81.2064998626709,80.75879989624023,0.015888184748767603,29.663944071127545,-0.636946400769105,-0.02245658347786611
2020-09-24,76.31999969482422,77.80999755859375,75.94999694824219,76.72000122070312,61.03190994262695,6813300,0.005372869548247117,80.09300003051757,80.99949989318847,80.72119995117187,0.01593436687772879,33.17336164798601,-0.8575937489621595,-0.18948401657472477
2020-09-25,75.95999908447266,77.76000213623047,75.72000122070312,77.69999694824219,62.29054641723633,3503300,0.012773666735482303,79.8379997253418,80.7819995880127,80.72199981689454,0.01582942205272965,37.80486021854103,-0.9425161574696972,-0.3400904447537193
2020-09-28,78.79000091552734,79.66999816894531,78.69999694824219,79.29000091552734,63.565223693847656,3470900,0.020463372326054108,79.54599990844727,80.61699981689453,80.73439987182617,0.01654155806707199,45.48006504477397,-0.8714719598221592,-0.4463667477674073
2020-09-29,79.27999877929688,79.33000183105469,78.08000183105469,78.72000122070312,63.10824966430664,3662900,-0.007188796673510911,79.09800033569336,80.46549987792969,80.75419982910157,0.0164764581541636,41.52447264745171,-0.8513493081489685,-0.5273632598437196
2020-09-30,79.12000274658203,79.87999725341797,78.1500015258789,78.95999908447266,63.3006591796875,4507100,0.0030487533034542214,78.63000030517578,80.32299995422363,80.7749998474121,0.01650298745644092,44.827592463319256,-0.8067365827123041,-0.5832379244174365
2020-10-01,79.27999877929688,80.61000061035156,78.93000030517578,80.54000091552734,64.56732940673828,6406300,0.02001015513392268,78.48300018310547,80.18349990844726,80.80359985351562,0.016598063485722913,50.80780178710552,-0.6365499813007318,-0.5939003357940956
2020-10-02,79.45999908447266,82.19000244140625,79.16999816894531,81.93000030517578,65.68164825439453,3346700,0.017258497316213095,78.65999984741211,80.16349983215332,80.8665998840332,0.016916710035803827,49.19448014777668,-0.3850756273875078,-0.552135394112778
2020-10-05,82.2300033569336,82.66000366210938,80.83000183105469,82.4000015258789,66.0584487915039,2654800,0.005736619296380363,79.125,80.18849983215333,80.95059997558593,0.01691977318584588,47.62753549408903,-0.1461702598223411,-0.47094236725469063
2020-10-06,82.61000061035156,83.06999969482422,81.54000091552734,81.86000061035156,65.62554168701172,5830300,-0.006553409047665437,79.44300003051758,80.23649978637695,81.00899993896485,0.016743528910454337,44.752364166691414,-0.0004049279564100061,-0.3768348793950345
2020-10-07,82.37000274658203,82.4000015258789,81.5999984741211,81.9800033569336,65.72174835205078,2362400,0.0014659509612422461,80.01000061035157,80.25050010681153,81.03839996337891,0.016606242470537238,49.902916648560236,0.12337616286768593,-0.27679267094249044
2020-10-08,82.41999816894531,83.58000183105469,82.27999877929688,83.3499984741211,66.82003784179688,2269000,0.01671133277736847,80.67300033569336,80.38300018310547,81.06399993896484,0.01671683039094185,60.65461899172795,0.3282370135981836,-0.15578673403435567
2020-10-09,83.86000061035156,83.87999725341797,82.7300033569336,83.0199966430664,66.55548095703125,6556200,-0.0039592301991121515,81.20500030517579,80.5215000152588,81.09359985351563,0.016683409502892748,70.44217910541403,0.45867500398838956,-0.03289438642980662
2020-10-12,83.12000274658203,83.63999938964844,82.55000305175781,83.41000366210938,66.86813354492188,5655800,0.00469774795004807,81.61700057983398,80.58150024414063,81.13399993896485,0.01583920100936043,69.14978986755756,0.5867546161666155,0.09103541408947781
2020-10-13,83.06999969482422,83.12000274658203,81.5,81.9800033569336,65.72174835205078,4406300,-0.017144230216901257,81.94300079345703,80.5205005645752,81.16740005493165,0.016095692195610748,74.84662658731034,0.5663411299541536,0.18609655726241298
2020-10-14,81.9000015258789,82.0999984741211,80.86000061035156,80.9800033569336,64.92005920410156,4651400,-0.012198096597362817,82.14500122070312,80.38750076293945,81.1568000793457,0.01623252070565533,67.74999761581572,0.46412154810728623,0.24170155543138766
2020-10-15,80.3499984741211,82.05999755859375,80.33000183105469,81.4000015258789,65.25676727294922,2915400,0.005186442967828775,82.23100128173829,80.35700073242188,81.16280014038085,0.015722157405193282,66.17133444261788,0.4122499741191348,0.27581123916893713
2020-10-16,81.41000366210938,81.43000030517578,80.66999816894531,80.81999969482422,64.79178619384766,2925400,-0.007125329486268983,82.12000122070313,80.39000053405762,81.15460006713867,0.014928604572550623,57.33460026538277,0.32064389431070595,0.2847777701972909
2020-10-19,81.02999877929688,81.19999694824219,79.44000244140625,79.55999755859375,63.78167724609375,9873000,-0.015590226936256224,81.83600082397462,80.48050041198731,81.09800003051758,0.013665415902041577,53.77695842669956,0.14470569676366551,0.25676335551056584
2020-10-20,80.08999633789062,80.73999786376953,79.93000030517578,80.12999725341797,64.23863220214844,4038600,0.00716440060728285,81.66300048828126,80.55300025939941,81.05020004272461,0.01350853530760658,55.109156862849616,0.05068337295335823,0.2155473589991243
2020-10-21,79.91000366210938,80.2699966430664,79.51000213623047,79.88999938964844,64.04623413085938,2685900,-0.0029951063521257426,81.45400009155273,80.73200035095215,81.02139999389648,0.01141949522192737,46.785356102265496,-0.04270355788763425,0.1638971756217726
2020-10-22,79.87999725341797,80.22000122070312,79.52999877929688,79.87999725341797,64.03822326660156,3828900,-0.00012519885225792393,81.10699996948242,80.89000015258789,80.97599990844726,0.011409240062616167,38.25887473126737,-0.11618119767160806,0.10788150096309648
2020-10-23,80.18000030517578,80.66999816894531,79.69000244140625,80.36000061035156,64.42301177978516,2588700,0.006009055751601933,80.84100036621093,81.02300033569335,80.96039993286132,0.011173428612557408,38.32953173570211,-0.13413428073647538,0.05947834462318212
2020-10-26,79.73999786376953,79.86000061035156,78.51000213623047,79.20999908447266,63.50109100341797,2691200,-0.014310621169044246,80.42099990844727,81.01900024414063,80.9215998840332,0.010806707689542405,35.82888965953367,-0.2384095042250891,-9.922514647212749e-05
2020-10-27,79.30000305175781,79.7300033569336,77.94000244140625,77.94000244140625,62.48296356201172,2264100,-0.016033286930252744,80.01699981689453,80.98000030517578,80.84419998168946,0.011286874624217036,30.76191438081696,-0.4186999727388212,-0.08381937466494195
2020-10-28,76.68000030517578,77.43000030517578,75.79000091552734,76.08000183105469,60.99184036254883,4422000,-0.02386451824594016,79.52699966430664,80.83600044250488,80.73740005493164,0.012398946490788577,16.924531563371445,-0.7035577962150938,-0.20776705897497233
2020-10-29,76.19999694824219,77.68000030517578,75.45999908447266,77.0999984741211,61.809547424316406,4645500,0.013406895616688397,79.09699935913086,80.66400032043457,80.67960006713867,0.01186448792418518,24.657559300865742,-0.8373519964009972,-0.33368404646017735
2020-10-30,76.66000366210938,77.22000122070312,75.68000030517578,76.58999633789062,61.40069961547852,3978900,-0.006614813830400412,78.6739990234375,80.39700012207031,80.59639999389648,0.010980999269021106,21.101671354217174,-0.973317970418023,-0.4616108312517465
2020-11-02,77.4000015258789,78.45999908447266,76.87999725341797,78.41999816894531,62.86776351928711,4254500,0.02389348372575051,78.55999908447265,80.19799995422363,80.54720001220703,0.012423772381220628,35.40982027779741,-0.9227690237042907,-0.5538424697422554
2020-11-03,79.19999694824219,80.4000015258789,78.91999816894531,79.93000030517578,64.07829284667969,4214600,0.019255319707829788,78.53999938964844,80.10149993896485,80.51779998779297,0.013280367385894816,45.869384354407096,-0.7521932508964682,-0.593512625973098
2020-11-04,80.5,81.29000091552734,79.44000244140625,80.06999969482422,64.19053649902344,2867500,0.001751524948253591,78.55799942016601,80.00599975585938,80.48699996948243,0.013283434218943846,44.65003627489372,-0.5988112183155891,-0.5945723444415962
2020-11-05,80.69000244140625,81.20999908447266,80.12000274658203,80.44999694824219,64.49517059326172,3984900,0.004745813099366503,78.61499938964843,79.86099967956542,80.47879989624023,0.012695735704806903,48.48731543326902,-0.441502879487345,-0.563958451450746
2020-11-06,80.69000244140625,81.11000061035156,79.5999984741211,79.9000015258789,64.05423736572266,3696600,-0.006836487796477164,78.56899948120117,79.70499992370605,80.43579986572266,0.012739001485459879,51.47571209358727,-0.3570985123376431,-0.5225864636281254
2020-11-09,84.52999877929688,88.29000091552734,82.55999755859375,82.7300033569336,66.3230209350586,8999300,0.035419296333030426,78.92099990844727,79.67099990844727,80.43860000610351,0.015185623051636838,59.43398524614489,-0.06114510411812546,-0.4302981917261255
2020-11-10,82.8499984741211,84.0199966430664,82.38999938964844,83.94000244140625,67.29303741455078,6146100,0.01462587979420471,79.52099990844727,79.7689998626709,80.48240005493165,0.014991339009089305,63.72882390426377,0.2679481780530182,-0.2906489177702968
2020-11-11,84.27999877929688,84.6500015258789,83.44000244140625,84.26000213623047,67.54959106445312,3416100,0.003812243096461554,80.33899993896485,79.93299980163575,80.53140014648437,0.014657022794190584,64.54185123792772,0.5482582958306068,-0.12286747505011607
2020-11-12,83.87999725341797,84.2300033569336,82.58999633789062,83.16000366210938,66.66773986816406,3939500,-0.013054811847056813,80.94500045776367,80.02099990844727,80.52800018310546,0.015017239557597525,58.92858533053588,0.6738773611585884,0.03648149219162482
2020-11-13,83.66000366210938,85.56999969482422,83.66000366210938,85.37999725341797,68.44744873046875,3443000,0.026695448455350324,81.82400054931641,80.24899978637696,80.58900009155273,0.01591081132905387,68.4179217601462,0.9417108485580172,0.2175273634649033
2020-11-16,87.16999816894531,87.44000244140625,85.31999969482422,86.33999633789062,69.21707153320312,2978300,0.01124384065770423,82.61600036621094,80.5879997253418,80.67779998779297,0.01539546234618121,75.54744661043928,1.2174012759250985,0.41750214595694235
2020-11-17,85.69999694824219,86.76000213623047,85.11000061035156,86.41999816894531,69.28119659423828,3856900,0.0009265906236735066,83.26500015258789,80.90249977111816,80.7881999206543,0.015395632452932514,85.2660454204341,1.425906443138146,0.619183005393183
2020-11-18,86.58999633789062,87.08000183105469,84.68000030517578,84.73999786376953,67.93437194824219,9655500,-0.019439948400502116,83.73199996948242,81.14499969482422,80.84899993896484,0.016201189376567147,74.93473677081228,1.4389984279418826,0.783146089902923
2020-11-19,84.62000274658203,85.16999816894531,83.7300033569336,85.06999969482422,68.19893646240234,4225400,0.0038942865160938034,84.19400024414062,81.40449981689453,80.93639999389649,0.01618431999230234,78.00531034368073,1.4591817709013952,0.9183532261026175
2020-11-20,85.02999877929688,85.1500015258789,84.2300033569336,84.61000061035156,67.83016204833984,3136400,-0.0054073008830708424,84.6650001525879,81.61699981689453,81.02360000610352,0.016283881996117428,72.47642476424764,1.4216709955881015,1.0190167799997143
2020-11-23,85.19000244140625,85.7699966430664,84.62999725341797,84.7699966430664,67.95842742919922,4520000,0.0018909825264232794,84.86899948120117,81.89499969482422,81.07479995727539,0.015788276455597258,69.48471416145344,1.3888440489285756,1.0929822337854866
2020-11-24,85.70999908447266,86.41000366210938,85.12000274658203,85.22000122070312,68.31917572021484,4805500,0.005308535985102392,84.99699935913085,82.25899963378906,81.11520004272461,0.015103866879686545,70.2278332319476,1.3831954496315575,1.151024876954701
2020-11-25,85.29000091552734,85.41000366210938,83.02999877929688,85.2699966430664,68.35926818847656,5792800,0.0005866630092365988,85.09799880981446,82.71849937438965,81.14779998779296,0.013594202375763618,69.43550416510028,1.3669952365858649,1.1942189488809338
2020-11-27,85.5199966430664,85.55000305175781,84.54000091552734,84.88999938964844,68.05464172363281,2063900,-0.00445640047352891,85.27099838256837,83.10799942016601,81.20539993286133,0.013655157554922264,70.40066524891625,1.3084112974701583,1.2170574185987788
2020-11-30,84.77999877929688,84.8499984741211,83.7300033569336,84.0,67.34114074707031,6413600,-0.010484148852013875,85.13299865722657,83.47849960327149,81.28219985961914,0.013853041961327195,56.17103213469866,1.1766044275075984,1.2089668203805428
2020-12-01,84.95999908447266,85.43000030517578,84.69999694824219,85.08000183105469,68.20694732666016,6489100,0.012857164655412978,85.00699920654297,83.81149978637696,81.42879989624024,0.013255976604047391,55.61023962033206,1.1460823315526056,1.1963899226149555
2020-12-02,84.88999938964844,85.38999938964844,84.33999633789062,84.41000366210938,67.66981506347656,3738500,-0.007874919540737046,84.80599975585938,84.03549995422364,81.5433999633789,0.013016650053565436,50.71361423961846,1.0556610938195519,1.1682441568558748
2020-12-03,84.5999984741211,85.55000305175781,84.47000122070312,85.12000274658203,68.23902893066406,3386300,0.008411314461195474,84.84400024414063,84.28800010681152,81.71960006713867,0.013073203361481541,59.68380191594538,1.0294260214929665,1.1404805297832932
2020-12-04,85.48999786376953,86.44000244140625,85.48999786376953,86.41999816894531,69.28119659423828,3053200,0.015272502119550113,84.97900009155273,84.58650016784668,81.91360000610352,0.01335009417462479,55.6521854508936,1.1008434655111756,1.1325531169288696
2020-12-07,86.20999908447266,86.48999786376953,85.3499984741211,85.66999816894531,68.67994689941406,2620500,-0.008678546816603738,85.0849998474121,84.875,82.07300003051758,0.013432490522375926,46.27364351084919,1.0844230189099306,1.122927097325082
2020-12-08,85.29000091552734,85.81999969482422,85.25,85.37000274658203,68.43944549560547,2648100,-0.003501755909597115,85.14500045776367,85.00699996948242,82.19460006713867,0.011212475465449713,44.29968910783973,1.035268640798364,1.1053954060197384
2020-12-09,85.55000305175781,85.6500015258789,84.27999877929688,84.83999633789062,68.01455688476562,5024000,-0.006208344753891093,85.10699996948242,85.05199966430663,82.31699996948242,0.01090527049990653,50.62033870389109,0.9426797291538378,1.0728522706465584
2020-12-10,84.37999725341797,85.0199966430664,84.16000366210938,84.47000122070312,67.71793365478516,3737900,-0.004361093035812114,85.0270004272461,85.06249961853027,82.42720001220704,0.01093126484364178,46.2962980405602,0.8298804901221786,1.0242579145416826
2020-12-11,84.05999755859375,84.56999969482422,83.56999969482422,84.38999938964844,67.65377044677734,4044400,-0.0009471034674861656,84.9770004272461,85.12399940490722,82.50419998168945,0.010485866356800646,48.57511903655989,0.725665777974811,0.9645394872283083
2020-12-14,85.08000183105469,85.68000030517578,83.95999908447266,84.0199966430664,67.3571548461914,3735200,-0.0043844383132845,84.97900009155273,85.05599937438964,82.54599990844727,0.008572522063880591,45.271117952665,0.6062304906337346,0.8928776879093936
2020-12-15,84.5,85.76000213623047,83.8499984741211,85.73999786376953,68.7360610961914,2867700,0.020471331699881246,85.04499969482421,85.0259994506836,82.61279983520508,0.009455810940594398,52.826071993372366,0.6429553003156485,0.8428932103906446
2020-12-16,85.98999786376953,86.45999908447266,85.41000366210938,85.83999633789062,68.81623077392578,3419900,0.0011662990041121368,85.18799896240235,84.99699935913085,82.69239974975586,0.009457607556061615,53.08108197275685,0.6723782596793484,0.8087902202483854
2020-12-17,86.26000213623047,86.75,85.91999816894531,86.66999816894531,69.48160552978516,3341400,0.009669173654057062,85.34299850463867,85.09349937438965,82.78619964599609,0.008552701130195893,59.17525432633999,0.7539789777871277,0.7978279717561338
2020-12-18,86.76000213623047,86.7699966430664,84.4000015258789,84.93000030517578,68.08670043945312,3988500,-0.02007612669355041,85.19399871826172,85.08649940490723,82.81779968261719,0.009745851929347005,54.40758629716758,0.6705155629237254,0.7723654899896522
2020-12-21,83.69999694824219,84.51000213623047,83.3499984741211,84.44999694824219,67.701904296875,4993600,-0.005651752681135269,85.0719985961914,85.07849922180176,82.84639968872071,0.00975309166411409,46.834145346527976,0.5591919294955972,0.7297307778908412
2020-12-22,84.5,85.12000274658203,84.11000061035156,85.04000091552734,68.17489624023438,2828900,0.006986429705222674,85.03899841308593,85.09199943542481,82.87899963378906,0.009872274138080967,53.19147455980261,0.5126658445191481,0.6863177912165026
2020-12-23,85.37000274658203,85.93000030517578,84.41999816894531,84.48999786376953,67.73394775390625,3659000,-0.006467580501370751,85.00399856567383,85.05549926757813,82.92919952392577,0.009903011702770172,46.75589883005556,0.42649655051395996,0.6343535430759941
2020-12-24,83.4800033569336,83.9000015258789,83.2300033569336,83.87999725341797,68.32697296142578,1563600,-0.0072197967306747435,84.94499816894532,84.9859992980957,82.98719940185546,0.010015957874076118,35.920190886860965,0.30546361848168146,0.5685755581571317
2020-12-28,84.29000091552734,84.51000213623047,83.80000305175781,84.37999725341797,68.73426055908203,5655100,0.005960896714021224,84.94399795532226,84.96049919128419,83.04679931640625,0.010085005251119735,42.64538674540214,0.2470422202400897,0.5042688905737233
2020-12-29,84.69000244140625,85.13999938964844,83.56999969482422,83.66000366210938,68.14775848388672,3880100,-0.008532752011667477,84.90799865722656,84.94349937438965,83.10359939575196,0.009989802361191482,40.696424316738245,0.14101978732259113,0.43161906992349686
2020-12-30,83.87000274658203,84.77999877929688,83.70999908447266,84.12000274658203,68.52246856689453,3995900,0.005498434907205141,84.74599914550781,84.89549942016602,83.19479949951172,0.009613744354759946,46.052667903096676,0.09304179918478894,0.3639036157757553
2020-12-31,84.08999633789062,85.05000305175781,83.4000015258789,84.93000030517578,69.18228149414062,4827300,0.0096290719465848,84.65499954223633,84.92149925231934,83.29079956054687,0.009705575148468315,52.40585164666345,0.11900709179445812,0.31492431097949586
2021-01-04,85.19999694824219,85.27999877929688,82.06999969482422,82.16999816894531,66.93404388427734,5311500,-0.032497375795514594,84.20499954223632,84.7739990234375,83.33639953613282,0.01196530684165205,40.93137163237803,-0.08217704699180217,0.23550403938523626
2021-01-05,82.16999816894531,82.87000274658203,82.12999725341797,82.29000091552734,67.0317611694336,4932600,0.0014604204607051585,83.94099960327148,84.5674991607666,83.384599609375,0.011315482185203377,42.785675834237956,-0.22929058851303807,0.1425451138055814
2021-01-06,82.26000213623047,82.97000122070312,81.7300033569336,82.43000030517578,67.14583587646484,6520100,0.0017012928434907426,83.73899993896484,84.40549926757812,83.42599960327148,0.011249441232168074,34.10184248713776,-0.3307694450775074,0.04788220202896365
2021-01-07,82.5,82.54000091552734,81.75,82.2699966430664,67.0154800415039,4068400,-0.0019410853028872799,83.46199951171874,84.25049896240235,83.48719955444336,0.011242902817216242,32.951305266609594,-0.419270044262646,-0.04554824722935828
2021-01-08,82.52999877929688,83.36000061035156,82.38999938964844,83.06999969482422,67.66716766357422,4931600,0.009724116742445998,83.31999969482422,84.16199913024903,83.58979949951171,0.011475205063716134,32.758644629137976,-0.42001220708213793,-0.12044103919991422
2021-01-11,82.52999877929688,83.0199966430664,81.68000030517578,81.97000122070312,66.7711181640625,6565100,-0.013241825907814864,83.12900009155274,84.03699913024903,83.70759948730469,0.011780259041146681,34.89798031462654,-0.5035563758069941,-0.19706410652133022
2021-01-12,81.86000061035156,82.2300033569336,81.2300033569336,82.16000366210938,66.92588806152344,7857300,0.002317950940303959,82.90700073242188,83.92549934387208,83.80879959106446,0.011809957074319264,37.96008972351295,-0.5481157847435583,-0.26727444216577584
2021-01-13,82.22000122070312,83.33000183105469,82.20999908447266,83.16000366210938,67.74047088623047,9024900,0.012171372388353197,82.85700073242188,83.88249969482422,83.94019973754882,0.012155436039398428,40.524212930739445,-0.497008589069992,-0.3132212715466191
2021-01-14,83.44000244140625,84.22000122070312,83.12999725341797,83.6500015258789,68.1396255493164,5866400,0.0058922299445831605,82.81000061035157,83.77799987792969,84.0447998046875,0.011237670356413194,45.74038394577404,-0.41221527467666874,-0.3330200721726291
2021-01-15,83.45999908447266,84.87000274658203,83.18000030517578,84.61000061035156,68.9216079711914,3939700,0.011476378564986067,82.77800064086914,83.71650009155273,84.13839981079101,0.011581812766182462,53.57494330260902,-0.2645030327333444,-0.3193166642847722
2021-01-19,85.13999938964844,85.18000030517578,83.98999786376953,84.37000274658203,68.72610473632812,5521200,-0.002836518875289684,82.99800109863281,83.60150032043457,84.22439987182617,0.011329815151935686,49.94977633215404,-0.16490491740627533,-0.2884343149090728
2021-01-20,84.44000244140625,86.37000274658203,84.12999725341797,85.9800033569336,70.03760528564453,5198300,0.019082618915960525,83.36700134277343,83.65400047302246,84.335,0.011294577198722839,60.70110168698239,0.04344014947238861,-0.2220594220327805
2021-01-21,85.7300033569336,85.73999786376953,84.83000183105469,85.56999969482422,69.70359802246094,4213200,-0.0047685932321647195,83.68100128173828,83.71000061035156,84.4483999633789,0.011270237495394995,56.719164967318775,0.17347157469940555,-0.1429532226863433
2021-01-22,85.12999725341797,85.91000366210938,84.91999816894531,85.7699966430664,69.86653900146484,5272700,0.0023372320784791345,84.03100128173828,83.74650039672852,84.50919982910156,0.011181778766957395,54.125715536223105,0.28932533592278276,-0.05649751096451809
2021-01-25,85.73999786376953,87.08000183105469,85.26000213623047,86.41999816894531,70.39599609375,7819700,0.0075784254555109065,84.36600112915039,83.8430004119873,84.55879974365234,0.01116304959552221,76.3320702773429,0.4286487710149629,0.04053174543137811
2021-01-26,86.61000061035156,87.30999755859375,86.45999908447266,87.02999877929688,70.89289093017578,4706300,0.007058558473457266,84.87200088500977,84.00050048828125,84.61419967651368,0.011052964100126192,77.68688662958331,0.5815814395509449,0.14874168425529147
2021-01-27,86.37999725341797,87.18000030517578,85.06999969482422,85.48999786376953,69.638427734375,5907600,-0.017695058452576795,85.20500030517579,84.05600051879883,84.66079956054688,0.011834061268755603,65.36142317220205,0.5719236972558548,0.23337808685540412
2021-01-28,85.51000213623047,86.91000366210938,85.2300033569336,85.94999694824219,70.0131607055664,6237000,0.005380735711394857,85.48399963378907,84.17050018310547,84.67219955444335,0.01166926727015958,67.93372095011969,0.5945345247346694,0.3056093744312572
2021-01-29,85.47000122070312,86.33000183105469,84.51000213623047,84.95999908447266,69.20672607421875,7349800,-0.011518300161961537,85.61499938964843,84.2125,84.644599609375,0.011972402078843987,59.04306192149826,0.5265000497266499,0.34978750949033577
2021-02-01,85.4800033569336,86.95999908447266,84.41999816894531,86.9000015258789,70.78700256347656,6149000,0.022834303934930356,85.84399948120117,84.31100006103516,84.65419967651367,0.012831827267272014,71.8334805376121,0.6219547150635805,0.4042209506049847
2021-02-02,87.45999908447266,87.73999786376953,86.68000030517578,87.41999816894531,71.21058654785156,3849800,0.005983850793277012,86.1489990234375,84.57350006103516,84.70779968261719,0.010104201495848395,72.63337657971867,0.7311345444461068,0.4696036693732092
2021-02-03,87.47000122070312,87.4800033569336,86.0,87.19999694824219,71.03138732910156,5148700,-0.002516600609827946,86.27099838256837,84.81899986267089,84.75039962768555,0.010178064557528595,68.63466167424446,0.7907923242829042,0.5338414003551482
2021-02-04,87.22000122070312,88.29000091552734,87.0999984741211,87.80000305175781,71.5201187133789,4118200,0.006880804180208422,86.49399871826172,85.0875,84.81419967651367,0.010210434881853449,68.9497707350483,0.8763846064949519,0.6023500415831089
2021-02-05,88.16999816894531,88.27999877929688,87.80999755859375,88.11000061035156,71.77265167236328,2583900,0.003530723779257894,86.72799911499024,85.37950019836425,84.88099975585938,0.01013819887558529,66.99028622813216,0.9581859478708878,0.6735172228406647
2021-02-08,88.43000030517578,88.58999633789062,87.79000091552734,88.58999633789062,72.16363525390625,3212700,0.005447687256997513,86.94499893188477,85.65550003051757,84.94839965820313,0.010044317122035006,70.01894319141743,1.0496460773808423,0.7487429937487003
2021-02-09,88.75,89.12999725341797,88.38999938964844,88.9000015258789,72.41614532470703,2518800,0.003499324989312491,87.13199920654297,86.00200004577637,85.02099975585938,0.009263066017935391,65.80084649898524,1.1340708539318172,0.8258085657853238
2021-02-10,89.36000061035156,90.0999984741211,88.98999786376953,89.37999725341797,72.80715942382812,3421400,0.005399276932513075,87.52099914550782,86.3629997253418,85.11079971313477,0.009257369437624653,70.4618612121808,1.2255819949770768,0.9057632516236744
2021-02-11,89.54000091552734,90.08999633789062,89.05000305175781,89.56999969482422,72.96192932128906,3717000,0.002125782582735436,87.88299942016602,86.68349952697754,85.22219970703125,0.009076333605268827,70.43011723012052,1.2984689014355126,0.9843043815860422
2021-02-12,89.33999633789062,89.68000030517578,88.91000366210938,89.58999633789062,72.97821044921875,2297400,0.00022325157010749663,88.34599914550782,86.98049926757812,85.31239959716797,0.00909469694345545,68.28142352036353,1.342371834985883,1.0559178722660105
2021-02-16,89.91999816894531,89.97000122070312,88.41000366210938,88.9000015258789,72.41614532470703,2774500,-0.007701694834425399,88.5459991455078,87.19499931335449,85.40219955444336,0.009216891556828057,60.685739297694,1.3064287143308633,1.106020040678981
2021-02-17,88.69999694824219,88.93000030517578,88.25,88.79000091552734,72.32655334472656,2939000,-0.0012373521761924744,88.68299942016601,87.41599922180175,85.47559951782226,0.009174851519762236,72.5410288854193,1.2546050957345614,1.135737051690097
2021-02-18,88.47000122070312,88.79000091552734,88.26000213623047,88.41000366210938,72.01702880859375,3254600,-0.004279730256782965,88.80400009155274,87.53749923706054,85.51539962768555,0.008421678889385487,66.98901955825325,1.1693918803709664,1.1424680174262711
2021-02-19,88.7300033569336,89.44999694824219,88.48999786376953,88.91999816894531,72.43244934082031,4170700,0.0057685158433549155,88.91599960327149,87.7049991607666,85.58039962768555,0.008342840733395493,79.28999091468266,1.129986308989018,1.1399716757388205
2021-02-22,88.69999694824219,90.05000305175781,88.51000213623047,89.66000366210938,73.0352554321289,3493000,0.008322149217300678,89.07099990844726,87.89949951171874,85.66619964599609,0.008463732292423637,74.82020805231907,1.1452674384551074,1.141030828282078
2021-02-23,89.87999725341797,90.47000122070312,89.6500015258789,90.22000122070312,73.49141693115234,4378300,0.006245790048192923,89.23400039672852,88.08949966430664,85.77379974365235,0.008424766833501834,75.00006811970539,1.1888605224721402,1.1505967671200905
2021-02-24,90.2300033569336,91.19000244140624,90.01000213623047,90.91000366210938,74.05347442626953,3551200,0.0076479985820252505,89.43500061035157,88.28349990844727,85.90259979248047,0.008443713235648773,80.56022704705596,1.2645093098629445,1.1733792756686614
2021-02-25,90.8000030517578,91.4499969482422,88.55999755859375,89.16999816894531,72.63610076904297,7548800,-0.01913986825510694,89.4140007019043,88.46749992370606,85.9981997680664,0.00862722483212922,59.50067087959299,1.1705640833228443,1.1728162371994981
2021-02-26,89.51000213623047,89.5199966430664,87.7699966430664,87.87000274658203,71.5771484375,6519800,-0.014578843210249381,89.24400100708007,88.56350021362304,86.07519989013672,0.009356793693320225,48.5365964854497,0.9799171731861236,1.1342364243968233
2021-03-01,88.87000274658203,89.66999816894531,88.16000366210938,88.26000213623047,71.89483642578125,4834000,0.004438367787163999,89.11100158691406,88.72850036621094,86.12559997558594,0.0088886070256113,47.96550870984099,0.8504938510488387,1.0774879097272265
2021-03-02,88.29000091552734,88.29000091552734,86.83000183105469,87.41000366210938,71.20244598388672,4715600,-0.009630619233490512,88.96200180053711,88.75400047302246,86.15700012207031,0.007766501661701779,41.38728191142656,0.6715954286347596,0.9963094135087333
2021-03-03,87.37000274658203,87.7300033569336,86.7300033569336,86.91000366210938,70.79515838623047,6231400,-0.005720169077360837,88.77400207519531,88.72850074768067,86.1618002319336,0.0077583278546292525,35.75550007787798,0.4838932979270396,0.8938261903923945
2021-03-04,87.08000183105469,87.55000305175781,84.87999725341797,85.91999816894531,69.98870086669922,6869500,-0.011391156960630533,88.5250015258789,88.66450080871581,86.18160018920898,0.00813843108942419,30.728595586227115,0.25234397329762714,0.7655297469734411
2021-03-05,86.58000183105469,87.16000366210938,84.44999694824219,86.86000061035156,70.75440979003906,7166100,0.01094043833145708,88.31900177001953,88.61750068664551,86.22980026245118,0.008384557013653609,36.862387449902265,0.14304091971669664,0.6410319815220923
2021-03-08,87.2300033569336,88.52999877929688,86.58999633789062,87.61000061035156,71.36534881591797,4823000,0.008634584327997574,88.11400146484375,88.59250068664551,86.28120025634766,0.008589015496034436,43.82774951942137,0.11560358805397186,0.5359463028284682
2021-03-09,88.12999725341797,88.87000274658203,88.06999969482422,88.19000244140625,71.83781433105469,3873600,0.00662026968398588,87.91100158691407,88.57250099182129,86.3552003479004,0.00863383541119366,47.25275569811368,0.13905763566098983,0.4565685693949726
2021-03-10,88.41999816894531,89.62999725341797,88.1500015258789,89.06999969482422,72.55464935302734,3429700,0.0099784241870573,87.72700119018555,88.58100090026855,86.45900039672851,0.008897116107463025,52.88964841336065,0.22604782268373924,0.41046442005272593
2021-03-11,89.69999694824219,90.62999725341795,89.1500015258789,90.11000061035156,73.40179443359375,3830000,0.011676220041435315,87.82100143432618,88.61750106811523,86.5736004638672,0.009198265517271683,54.97908462681765,0.3745895200492413,0.40328944005202905
2021-03-12,90.06999969482422,91.66000366210938,90.02999877929688,91.62000274658205,74.63182067871094,3262800,0.016757320230858186,88.19600143432618,88.72000122070312,86.73280044555663,0.00989432152926978,57.704393556525005,0.6071555271995805,0.4440626574815394
2021-03-15,91.83000183105467,93.1999969482422,91.36000061035156,92.9800033569336,75.73965454101562,6026400,0.014843926758147719,88.66800155639649,88.88950157165527,86.91000045776367,0.010349655111842649,60.2070995065163,0.890936287733453,0.5334373835319222
2021-03-16,92.98999786376952,93.1999969482422,92.1999969482422,92.5999984741211,75.43011474609375,3122500,-0.004086952775789077,89.18700103759765,89.07450141906739,87.06340042114257,0.010203506278612553,56.396642608014155,1.0728047415144317,0.6413108551284241
2021-03-17,92.43000030517578,92.72000122070312,91.56999969482422,92.68000030517578,75.49527740478516,3663100,0.0008639506735741431,89.7640007019043,89.26900138854981,87.27360046386718,0.010178223557586998,65.19480039078317,1.2094504882188346,0.7549387817465062
2021-03-18,92.30999755859376,92.4000015258789,91.43000030517578,91.73999786376952,74.72957611083984,3496000,-0.010142451859204038,90.34600067138672,89.43550109863281,87.46260040283204,0.010455184299663769,67.29217603078472,1.2277402603882308,0.8494990774748512
2021-03-19,91.87999725341795,92.12000274658205,90.41000366210938,90.48999786376952,73.71134948730469,4429400,-0.013625463583029518,90.7090003967285,89.51400108337401,87.6238003540039,0.010964699014235524,59.253080244646696,1.12836341225443,0.905271944430767
2021-03-22,90.5,91.3499984741211,90.1999969482422,91.12999725341795,74.23267364501953,2677000,0.007072598129706398,91.06100006103516,89.58750076293946,87.80100036621094,0.010923861315494443,65.70940688641943,1.0886992983636645,0.9419574152173465
2021-03-23,91.0999984741211,91.70999908447266,90.48999786376952,91.0,74.12677764892578,2966400,-0.001426503427367054,91.34199981689453,89.62650070190429,87.95960037231445,0.010859677052021413,67.82907786228265,1.0348464447764343,0.9605352211291641
2021-03-24,91.0500030517578,91.77999877929688,90.48999786376952,90.48999786376952,73.71134948730469,4144500,-0.005604419079455858,91.48399963378907,89.60550041198731,88.13000030517578,0.010803880336356927,70.79160253887055,0.9401769851466639,0.9564635739326641
2021-03-25,89.83000183105469,91.08999633789062,88.83000183105469,90.87999725341795,74.46186828613281,4218800,0.004309861850539276,91.56099929809571,89.69100036621094,88.30440017700195,0.00986955381010618,69.25283891396687,0.8864025508770936,0.9424513693215502
2021-03-26,91.31999969482422,92.88999938964844,91.16000366210938,92.83999633789062,76.06776428222656,3864600,0.021566891986222636,91.68299865722655,89.93950004577637,88.49800003051757,0.010172149771331946,72.4463159549178,0.9905233336052959,0.9520657621782994
2021-03-29,92.63999938964844,92.94000244140624,91.48999786376952,92.3000030517578,75.62532043457031,5116600,-0.005816386335987356,91.61499862670897,90.14150009155273,88.67100006103516,0.01034244419210686,67.70026009596859,1.0177350427338325,0.9651996182894061
2021-03-30,92.16000366210938,92.68000030517578,92.04000091552734,92.41999816894533,75.72366333007812,5822100,0.0013000553978339546,91.5969985961914,90.39199981689453,88.82720001220703,0.009961080768350629,65.43778315781032,1.0370288977784554,0.9795654741872161
2021-03-31,92.41999816894533,92.87999725341795,91.48999786376952,91.86000061035156,75.26481628417969,4430400,-0.006059268228615133,91.51499862670897,90.63949966430664,88.97699996948242,0.009976690048303108,58.43780532306852,0.9956550029224189,0.9827833799342567
2021-04-01,92.33999633789062,93.58000183105467,92.0,93.52999877929688,76.63311767578125,5461200,0.018179818831365546,91.69399871826172,91.01999969482422,89.12799987792968,0.009950832174053008,59.06931452042355,1.085112289627176,1.0032491618728405
2021-04-05,94.16000366210938,94.16000366210938,92.9800033569336,93.88999938964844,76.92810821533203,4239900,0.0038490389719887386,92.03399887084962,91.37149963378906,89.29439987182617,0.009827307791054589,54.774380261224906,1.1715519528042222,1.0369097200591169
2021-04-06,93.9499969482422,94.13999938964844,93.48999786376952,94.12999725341795,77.12472534179688,5111600,0.0025561600312031807,92.33399887084961,91.69749946594239,89.4615998840332,0.009768444756101488,58.1469721246314,1.2450694449638178,1.0785416650400572
2021-04-07,94.1500015258789,94.5,93.37999725341795,94.1999969482422,77.18207550048828,3038500,0.0007436491752548235,92.65399856567383,91.99799919128418,89.61719985961913,0.00976248336276303,58.102343074521755,1.2940638153886255,1.1216460951097709
2021-04-08,94.2300033569336,94.58000183105467,93.76000213623048,93.8499984741211,76.89533233642578,5034300,-0.003715482860508046,92.98999862670898,92.23699913024902,89.75359985351562,0.009753103249838423,62.00230878727905,1.2897824459580818,1.1552733652794331
2021-04-09,94.0,94.12000274658205,93.5199966430664,93.73999786376952,76.80519104003906,5371000,-0.0011720896338843767,93.27599868774413,92.41849899291992,89.91859985351563,0.009549127429252877,71.24188938244585,1.2629547437726814,1.1768096409780828
2021-04-12,93.93000030517578,94.29000091552734,93.13999938964844,94.29000091552734,77.25582122802734,2828200,0.005867325200467066,93.4209991455078,92.55199890136717,90.08539993286132,0.008956645005832223,70.89954405178287,1.271418129451149,1.1957313386726962
2021-04-13,94.1500015258789,94.87999725341795,94.02999877929688,94.76000213623048,77.64091491699219,3975300,0.00498463480898903,93.66699905395508,92.64099884033202,90.28139999389649,0.008438450708020285,73.79752324313532,1.3010528665550254,1.216795644249162
2021-04-14,94.8499984741211,95.33999633789062,94.12999725341795,94.26000213623048,77.23124694824219,4569100,-0.005276487850656486,93.85099945068359,92.72399902343749,90.42860000610352,0.008480149532586684,73.89107639466361,1.2695581122454627,1.2273481378484223
2021-04-15,94.83999633789062,95.91000366210938,94.63999938964844,95.91000366210938,78.58316040039062,6497000,0.017504789820545597,94.25599975585938,92.88549919128417,90.5984001159668,0.009255040667728072,77.48641507137008,1.3620388895688222,1.2542862881925023
2021-04-16,96.26000213623048,96.4000015258789,95.8000030517578,96.12000274658205,78.75521850585938,3754200,0.0021895430763665402,94.51500015258789,93.1044994354248,90.77680023193359,0.008821325648164275,72.16224659279858,1.435725592049991,1.2905741489640001
2021-04-19,96.16999816894533,96.30999755859376,95.51000213623048,96.30999755859376,78.9109115600586,2882900,0.0019766417663620306,94.75699996948242,93.39549942016602,90.9470001220703,0.007982165736902294,78.43972659665621,1.4922520750996853,1.3309097341911373
2021-04-20,96.16000366210938,97.27999877929688,96.12000274658205,97.0999984741211,79.55816650390625,4968700,0.00820268856352846,95.05400009155274,93.69399948120117,91.1268000793457,0.008015314372534723,80.31090796788104,1.5825535000940931,1.3812384873717285
2021-04-21,97.22000122070312,97.91000366210938,96.87000274658205,97.73999786376952,80.08255004882812,4407000,0.006591136969162692,95.40800018310547,94.03099937438965,91.30980010986327,0.007971701663125415,87.69231220674467,1.6863217644337993,1.4422551427841426
2021-04-22,97.7300033569336,98.12999725341795,96.98999786376952,97.20999908447266,79.64828491210938,3207200,-0.005422537250671655,95.74400024414062,94.3669994354248,91.47600006103515,0.007960734147416607,77.62764637620715,1.706125239691275,1.4950291621655691
2021-04-23,97.43000030517578,97.9800033569336,97.13999938964844,97.77999877929688,80.11532592773438,5225600,0.005863591196301865,96.14800033569335,94.71199951171874,91.64400009155274,0.007975408852244436,78.31151495229115,1.7476678214352148,1.5455568940194984
2021-04-26,98.0999984741211,98.6500015258789,97.83999633789062,98.06999969482422,80.3529281616211,5404600,0.0029658510855774534,96.52600021362305,94.97349967956544,91.81400009155273,0.0067760743505544405,78.4682332654919,1.7834329619725509,1.593132107610109
2021-04-27,98.36000061035156,98.4000015258789,97.80999755859376,98.05999755859376,80.34474182128906,3091100,-0.00010198976508191127,96.85599975585937,95.26149940490723,91.9834001159668,0.006510428756333549,78.13411273263534,1.7903321699082255,1.6325721200697323
2021-04-28,98.30999755859376,98.44000244140624,97.8000030517578,97.8499984741211,80.17267608642578,3509200,-0.002141536709168168,97.21499938964844,95.53299942016602,92.16240005493164,0.006603965335375039,79.76189935558875,1.7585828227214648,1.657774260600079
2021-04-29,98.5,99.12999725341795,98.02999877929688,98.69000244140624,80.8609390258789,3319100,0.008584608895086498,97.49299926757813,95.87449951171875,92.36040008544921,0.0063683673905523585,83.22148681958913,1.780676011658059,1.682354610811675
2021-04-30,98.38999938964844,99.3000030517578,98.20999908447266,99.08000183105467,81.18048858642578,4371300,0.003951761880642168,97.78899917602538,96.15199966430664,92.57380004882812,0.005372067262929798,82.85322574737194,1.8088039484702705,1.707644478343394
2021-05-03,99.55999755859376,99.55999755859376,98.66999816894533,98.88999938964844,81.0248031616211,6844100,-0.0019176669145628544,98.04699935913087,96.40199966430664,92.7732000732422,0.005472275913123156,79.45788869358923,1.7950714654790971,1.7251298757705347
2021-05-04,98.43000030517578,99.2300033569336,97.69000244140624,98.25,80.50042724609375,6449000,-0.006471831263004657,98.16199951171875,96.60799980163574,92.945,0.005837280494631694,77.90207700885134,1.7128016603661536,1.7226642326896584
2021-05-05,98.08000183105467,98.08000183105467,96.2300033569336,96.62000274658205,79.1648941040039,4580300,-0.0165903028337705,98.05,96.72900009155273,93.07300003051758,0.007189022994570832,54.97895762955813,1.4987978821803267,1.6778909625877922
2021-05-06,96.69000244140624,97.23999786376952,96.26000213623048,97.16000366210938,79.60735321044922,5649700,0.005588914305287851,98.04500045776368,96.89450035095214,93.19800003051758,0.007148752563856713,56.9705163750758,1.357127782764195,1.613738326623073
2021-05-07,97.2300033569336,98.5,97.06999969482422,98.44000244140624,80.65609741210938,5884900,0.013174132678589467,98.1110008239746,97.12950057983399,93.3834001159668,0.0075477989223482955,62.45616445934828,1.3327750116810648,1.5575456636346714
2021-05-10,98.8000030517578,99.56999969482422,98.4000015258789,98.41000366210938,80.63152313232422,3436700,-0.0003047417569368438,98.14500122070312,97.33550071716309,93.59420013427734,0.007527999794698317,58.40824797194276,1.296113821040322,1.5052592951158017
2021-05-11,97.56999969482422,97.56999969482422,96.36000061035156,97.16999816894533,79.61553192138672,4036900,-0.012600400843613468,98.05600128173828,97.45600051879883,93.77240005493164,0.008180335604877088,46.6031035878131,1.1537023209863122,1.4349479002899037
2021-05-12,96.94000244140624,97.12999725341795,94.63999938964844,94.70999908447266,77.5999526977539,4601200,-0.02531644675134781,97.74200134277343,97.47850036621094,93.9183999633789,0.010042217109104995,37.88760549552576,0.8327395114021812,1.3145062225123594
2021-05-13,95.0,96.62000274658205,94.94000244140624,95.94000244140624,78.60774230957031,5118900,0.012987048556895475,97.46700134277344,97.48000030517578,94.09899993896484,0.009678757480318276,41.621154385994025,0.6699029396440324,1.185585565938694
2021-05-14,96.4499969482422,97.41999816894533,96.30999755859376,97.08000183105467,79.54179382324219,3936600,0.011882419852393467,97.26700134277344,97.52800025939942,94.32220001220703,0.01002737684233724,45.81573511382483,0.6256303297240748,1.0735945186957703
2021-05-17,97.04000091552734,97.38999938964844,96.69000244140624,97.18000030517578,79.62373352050781,3320200,0.0010300625487742465,97.09600143432617,97.57150039672851,94.52860000610352,0.010022496942651619,46.30873814868215,0.5917912078679564,0.9772338565302076
2021-05-18,97.1999969482422,97.83000183105467,96.5999984741211,97.1999969482422,79.64010620117188,3359800,0.00020576911919767404,96.99100112915039,97.57650032043458,94.72039993286133,0.009857083755001717,47.229320801964306,0.5601301898165474,0.8938131231874755
2021-05-19,96.4499969482422,96.88999938964844,95.45999908447266,96.88999938964844,79.38611602783203,3602500,-0.003189275394307245,97.01800079345703,97.53400039672852,94.89439987182617,0.009760123817678263,41.964269900804254,0.5042121488933731,0.8158929283286551
2021-05-20,96.91000366210938,98.29000091552734,96.63999938964844,97.9800033569336,80.27920532226562,2466500,0.011249912004867024,97.10000076293946,97.57250061035157,95.07259994506836,0.010016409017579886,45.37815826439635,0.5416075940060239,0.7610358614641289
2021-05-21,98.22000122070312,98.41000366210938,97.6500015258789,97.87999725341795,80.19727325439453,3020000,-0.0010206787108520965,97.04400024414062,97.57750053405762,95.22799987792969,0.009938292407147867,45.72395557769213,0.5567561584832958,0.7201799208679623
2021-05-24,98.31999969482422,99.47000122070312,98.2300033569336,99.0999984741211,81.19686889648438,3491500,0.012464254750073955,97.1129997253418,97.62900047302246,95.37759979248047,0.010302801964119911,53.43017753264659,0.6596019270787394,0.7080643221101178
2021-05-25,99.27999877929688,99.5,98.66999816894533,99.06999969482422,81.17227935791016,4243300,-0.00030271220745481386,97.3029998779297,97.67950057983398,95.49939971923828,0.010303592027466392,61.353081594153224,0.7302692001132698,0.7125052977107482
2021-05-26,99.25,100.06999969482422,99.0500030517578,99.51000213623048,81.53278350830078,4518100,0.004441328785319998,97.78300018310547,97.76250076293945,95.63759979248047,0.010317777727871921,60.99156342490266,0.8124130509492318,0.7324868483584449
2021-05-27,99.81999969482422,99.83000183105467,99.16000366210938,99.27999877929688,81.3443603515625,4362900,-0.002311359179941852,98.11699981689453,97.79200057983398,95.7695997619629,0.010176934933890137,54.356820858289794,0.8491646543166098,0.755822409550078
2021-05-28,99.86000061035156,100.16999816894533,99.55999755859376,99.87999725341795,81.83595275878906,3409400,0.006043498000588121,98.39699935913086,97.83200035095214,95.93239974975586,0.01022655205152147,57.19878318427004,0.916144681621887,0.7878868639644399
2021-06-01,100.37000274658205,101.69000244140624,100.01000213623048,101.68000030517578,83.31076049804688,4385000,0.018021657000959035,98.84699935913086,97.97150039672852,96.15619979858398,0.010931027366625188,70.93777693715188,1.1017715027947759,0.8506637917305071
2021-06-02,102.05999755859376,102.9800033569336,101.61000061035156,102.87000274658205,84.28577423095703,4446100,0.011703407138421218,99.41399993896485,98.20250053405762,96.39099990844727,0.010993189016630414,92.94731871383033,1.3295787910304995,0.9464467915905056
2021-06-03,102.75,102.75,102.01000213623048,102.48999786376952,83.97444915771484,4187600,-0.003694030063833731,99.97399978637695,98.49600028991699,96.62079986572266,0.010170731008703209,87.86117174924415,1.4625946097824993,1.0496763552289043
2021-06-04,103.0,103.0,102.08000183105467,102.54000091552734,84.01539611816406,3121200,0.00048788225973317445,100.42999954223633,98.76500015258789,96.86179992675781,0.01016641985475718,86.11100739019842,1.5541303851867383,1.1505671612204713
2021-06-07,102.73999786376952,104.1999969482422,102.70999908447266,103.75,85.00682830810547,4773100,0.011800264030321639,101.01699981689453,99.03050003051757,97.11919998168945,0.010096663049056437,87.8891795736871,1.704659704447863,1.2613856698659498
2021-06-08,104.01000213623048,104.88999938964844,103.88999938964844,104.61000061035156,85.71142578125,3935800,0.008289162509412584,101.56800003051758,99.34049987792969,97.35460006713868,0.010145753009888705,88.95890727461997,1.8717734966668473,1.3834632352261294
2021-06-09,104.91000366210938,105.20999908447266,104.6999969482422,104.75,85.82615661621094,3243000,0.0013382983350693767,102.13600006103516,99.71949996948243,97.60360000610352,0.009465830522513383,92.07697007717542,1.992540396335528,1.5052786674480092
2021-06-10,104.8499984741211,105.7699966430664,104.54000091552734,105.5,86.44066619873047,4010100,0.007159904534606243,102.73499984741211,100.25900001525879,97.86520004272461,0.006540819509993824,91.7776528820807,2.124280384436787,1.629079010845765
2021-06-11,105.5199966430664,105.62999725341795,104.55999755859376,105.08000183105467,86.09652709960938,3274100,-0.0039810252980599925,103.31500015258788,100.71599998474122,98.12960006713867,0.006609022305326384,88.62657202521578,2.169783023922932,1.7372198134611985
2021-06-14,105.08999633789062,105.48999786376952,104.91000366210938,105.48999786376952,86.43246459960938,3531700,0.003901751290164901,103.87600021362304,101.13649978637696,98.36880004882812,0.006382003598423724,87.5440191353238,2.2134126042050184,1.8324583716099625
2021-06-15,105.4000015258789,105.48999786376952,104.36000061035156,104.36000061035156,85.50659942626953,4099600,-0.010711890001905533,104.14400024414063,101.49549980163575,98.57820007324219,0.00717769476771876,77.52339427581524,2.132229017495746,1.8924125007871193
2021-06-16,104.58000183105467,105.0500030517578,103.48999786376952,103.68000030517578,84.94945526123047,4498600,-0.006515909363729255,104.225,101.81949996948242,98.76920013427734,0.00749508149866137,71.16749027930516,1.9900796985215266,1.911945940334001
2021-06-17,103.41000366210938,103.6999969482422,102.86000061035156,103.5500030517578,84.84293365478516,5055100,-0.0012538315300476555,104.33100051879883,102.15250015258789,98.95620025634766,0.007419561125110355,71.89745780749175,1.845660027274505,1.8986887577221019
2021-06-18,103.0199966430664,103.47000122070312,101.79000091552734,101.79000091552734,83.4009017944336,5358000,-0.016996640119370632,104.25600051879883,102.34300003051757,99.11500030517578,0.008454030533070433,58.75345105860436,1.571078518680551,1.8331667099137918
2021-06-21,102.30999755859376,104.20999908447266,101.8000030517578,103.88999938964844,85.12152862548828,3672900,0.020630695109864705,104.27000045776367,102.6435001373291,99.31800033569336,0.00938908172138619,59.857267015899176,1.5055677732028556,1.7676469225716047
2021-06-22,103.88999938964844,104.01000213623048,103.27999877929688,103.3499984741211,84.6790771484375,3088200,-0.0051978142140710615,104.14400024414063,102.8560001373291,99.49920028686523,0.009284639093991283,52.272707568707844,1.3940072269523114,1.6929189834477463
2021-06-23,103.3499984741211,103.75,103.08000183105467,103.16999816894533,84.53158569335938,3682900,-0.001741657550395015,103.98600006103516,103.06100006103516,99.66740020751953,0.009310125804485972,53.28185697821289,1.2763571196257288,1.6096066106833429
2021-06-24,102.81999969482422,102.81999969482422,101.66000366210938,102.22000122070312,84.34922790527344,3229000,-0.009208073714284115,103.65800018310547,103.19650001525879,99.82660018920899,0.009622248158344168,48.57904055170208,1.0938524969929802,1.5064557879452702
2021-06-25,102.25,103.01000213623048,102.08000183105467,102.91000366210938,84.9186019897461,2739100,0.006750170545551715,103.44100036621094,103.37800025939941,99.96660018920899,0.009652170998540174,46.08939896797072,0.993441919065333,1.4038530141692829
2021-06-28,103.08999633789062,103.1500015258789,101.69000244140624,102.61000061035156,84.6710433959961,3940700,-0.0029151981448065634,103.15300064086914,103.51450042724609,100.09640014648437,0.009654768189883606,40.176810221297565,0.8795195200465855,1.2989863153447434
2021-06-29,102.7699966430664,103.1999969482422,102.26000213623048,102.33000183105467,84.43998718261719,3777300,-0.0027287669586919527,102.95000076293945,103.54700050354003,100.21680023193359,0.008855681886147075,38.27519365517767,0.7579049797883073,1.1907700482334562
2021-06-30,102.33999633789062,102.9000015258789,101.68000030517578,101.79000091552734,83.99440002441406,6640100,-0.0052770537072681645,102.76100082397461,103.49300041198731,100.31060028076172,0.008518043291746559,31.65182166070376,0.6109088426802032,1.0747978071228057
2021-07-01,102.02999877929688,103.0199966430664,101.51000213623048,102.2300033569336,84.35747528076172,6491100,0.004322648958136721,102.62900085449219,103.48000068664551,100.400400390625,0.008548061365592599,35.93287637289603,0.5238789147141745,0.9646140286410796
2021-07-02,102.62999725341795,103.04000091552734,102.16999816894533,102.54000091552734,84.61328125,4451800,0.0030323539901626617,102.7040008544922,103.48000068664551,100.5070004272461,0.008576041041446882,35.29413107042781,0.47445209360624574,0.8665816416341129
2021-07-06,102.51000213623048,103.47000122070312,101.79000091552734,103.29000091552734,85.232177734375,4478800,0.007314218776122816,102.64400100708008,103.45700073242188,100.6172004699707,0.008306558302084616,44.455961007079914,0.4901495745774582,0.791295228222782
2021-07-07,103.12999725341795,103.98999786376952,102.8000030517578,103.6500015258789,85.52922821044922,5085500,0.0034853384370281404,102.67400131225585,103.40900077819825,100.7288005065918,0.00811575087930725,49.83923486918821,0.5255804180492873,0.738152266188083
2021-07-08,102.7300033569336,103.7699966430664,102.51000213623048,103.36000061035156,85.28993225097656,6426800,-0.002797886263947058,102.69300155639648,103.33950080871583,100.83480056762696,0.008121027124958102,48.99893397562783,0.5242161292965477,0.6953650388097761
2021-07-09,103.9000015258789,105.06999969482422,103.62999725341795,105.05999755859376,86.69270324707031,5780200,0.016447338798408984,102.97700119018555,103.3175006866455,100.97900054931641,0.008825292936008321,67.3382637181445,0.6527855612811493,0.6868491433040508
2021-07-12,105.0,106.0500030517578,104.77999877929688,105.95999908447266,87.43537902832031,5627600,0.008566548132432183,103.28200073242188,103.3615005493164,101.12440048217773,0.008984820904609435,62.57593469315107,0.8178724395582151,0.7130538025548836
2021-07-13,105.69000244140624,105.77999877929688,104.08000183105467,104.4800033569336,86.21411895751953,5474100,-0.013967494718069906,103.46900100708008,103.31100082397461,101.2324005126953,0.009497886807562455,56.16142371019943,0.8198311899766253,0.734409280039232
2021-07-14,104.48999786376952,105.5199966430664,104.25,105.20999908447266,86.8165054321289,3397400,0.006986942037560784,103.75700073242187,103.35350074768067,101.35880050659179,0.00931299849110915,60.49383878890337,0.8702562953220649,0.7615786830957986
2021-07-15,105.0,105.5,104.91999816894533,105.37999725341795,86.95677185058594,2990100,0.001615798597325302,104.11600036621094,103.43850059509278,101.50140045166016,0.009169422691672034,67.67336614373133,0.9134068010747143,0.7919443066915818
2021-07-16,105.76000213623048,106.1999969482422,105.23999786376952,105.30999755859376,86.89901733398438,6435400,-0.0006642597897953406,104.42399978637695,103.52650032043456,101.67520034790039,0.00916323732060298,64.42305399819185,0.9312209618228735,0.8197996377178401
2021-07-19,104.11000061035156,104.33000183105467,102.58999633789062,103.38999938964844,85.3146743774414,5097800,-0.01823186984575753,104.50899963378906,103.60650024414062,101.79980026245117,0.009293329610184559,53.92354016643462,0.7814034735834952,0.8121204048909711
2021-07-20,103.9499969482422,106.23999786376952,103.8000030517578,105.83000183105467,87.32809448242188,4999700,0.02359998506442129,104.7629997253418,103.70350036621093,101.94760025024414,0.009643569573440616,64.46282086041987,0.8497642861168657,0.8196491811361502
2021-07-21,106.0199966430664,106.5199966430664,105.66000366210938,105.81999969482422,87.31983184814453,4329100,-9.45113489313476e-05,104.97999954223633,103.82700042724609,102.09580017089844,0.009538740321360517,67.41573700529253,0.8928415125777036,0.8342876474244609
2021-07-22,105.33000183105467,105.33999633789062,104.44000244140624,104.9800033569336,86.626708984375,3932400,-0.007937973353932204,105.14199981689453,103.91750068664551,102.2520002746582,0.009738690376773067,61.487064432447646,0.8494083894024556,0.8373117958200599
2021-07-23,105.3499984741211,105.97000122070312,104.9800033569336,105.8499984741211,87.34459686279297,4128200,0.008287246040843632,105.22099990844727,104.0990005493164,102.47480026245117,0.009565760889500093,63.20830770916935,0.8751010413980254,0.844869644935653
2021-07-26,105.75,106.16999816894533,105.12999725341795,105.9000015258789,87.3858642578125,2857700,0.0004723953942242787,105.21500015258789,104.24850044250488,102.67400024414063,0.009497174317173368,61.03129151672283,0.8892467980430467,0.8537450755571317
2021-07-27,105.83999633789062,106.66999816894533,105.41000366210938,106.5,87.88096618652344,3096100,0.005665707889290994,105.41699981689453,104.4430004119873,102.86240020751953,0.009482180289296451,61.806139805832665,0.938058915309739,0.8706078435076533
2021-07-28,106.58999633789062,106.8000030517578,105.8000030517578,106.12999725341795,87.57563781738281,3577300,-0.003474204193258612,105.50899963378906,104.63300018310547,103.04140014648438,0.009502794962508675,61.39917602445928,0.9360960084231067,0.883705476490744
2021-07-29,106.51000213623048,107.18000030517578,106.0500030517578,106.1500015258789,87.5921630859375,3357700,0.00018848839139407048,105.58600006103515,104.85100021362305,103.22040023803712,0.009364095092579067,55.20537074726572,0.9254861400510208,0.8920616092027995
2021-07-30,106.36000061035156,107.72000122070312,106.23999786376952,106.29000091552734,87.70767974853516,4325800,0.0013188825966650164,105.68400039672852,105.05400009155274,103.40840026855469,0.009351339497301468,51.69929001782028,0.9177947569958178,0.8972082387614032
2021-08-02,106.87000274658205,107.66000366210938,105.8499984741211,106.05999755859376,87.51788330078125,4089800,-0.002163922805084706,105.95100021362305,105.22999992370606,103.5700001525879,0.009392966977134166,59.33802820711928,0.8829616989835642,0.8943589308058355
2021-08-03,106.26000213623048,106.41999816894533,105.43000030517578,106.19000244140624,87.62516021728516,5178600,0.0012257673562612315,105.9870002746582,105.375,103.73620025634766,0.009300696754425948,56.23411151134649,0.8559793598651737,0.8866830166177032
2021-08-04,106.16999816894533,106.58999633789062,105.45999908447266,105.86000061035156,87.35286712646484,4038300,-0.003107654425723916,105.99100036621094,105.48549995422363,103.87140029907226,0.00934063419224979,52.992535190767995,0.7987596676527886,0.8690983468247203
2021-08-05,106.44000244140624,107.12000274658205,106.16999816894533,107.0999984741211,88.37606048583984,3294800,0.011713563731533538,106.20299987792968,105.67249984741211,104.0320002746582,0.009582661037860075,59.738840881223126,0.8437439586970328,0.8640274691991829
2021-08-06,107.26000213623048,107.6500015258789,106.75,106.91000366210938,88.21928405761719,2753600,-0.001773994535187895,106.30900039672852,105.76500015258789,104.18000030517578,0.008965320886560468,73.59250070055387,0.8542164642983181,0.86206526821901
2021-08-09,106.72000122070312,106.76000213623048,106.1500015258789,106.33999633789062,87.74893188476562,2727800,-0.005331655642069388,106.35299987792969,105.78400001525878,104.32120025634765,0.008878938660951645,54.56165875522403,0.8072160885291879,0.8510954322810456
2021-08-10,106.48999786376952,106.5,105.19000244140624,105.33000183105467,86.91551971435547,3771000,-0.009497785796669933,106.23600006103516,105.82649993896484,104.4302003479004,0.008553421740262336,46.28226427326865,0.6806240261872034,0.8170011510622772
2021-08-11,105.76000213623048,106.08999633789062,105.27999877929688,105.9499969482422,87.42711639404297,3256700,0.005886215763880598,106.21800003051757,105.86349983215332,104.51560028076172,0.008512521259960248,57.613761170111566,0.6231441117497525,0.7782297431997723
2021-08-12,106.19000244140624,106.23999786376952,105.69000244140624,106.18000030517578,87.61689758300781,2891900,0.0021708670463287394,106.22099990844727,105.90349998474122,104.5818002319336,0.00851764918940443,52.87959160848099,0.5893564794900357,0.7404550904578251
2021-08-13,106.4000015258789,106.87999725341795,106.0500030517578,106.76000213623048,88.09551239013672,2601600,0.005462439530869334,106.26800003051758,105.97600021362305,104.66720031738281,0.008586775245192668,56.86900374400384,0.6024363270118442,0.712851337768629
2021-08-16,106.66000366210938,107.22000122070312,106.37000274658205,106.62999725341795,87.98824310302734,3166800,-0.0012177302380215194,106.325,106.13800010681152,104.74900024414063,0.007366589966935368,51.12259836159526,0.595447939666272,0.6893706581481576
2021-08-17,106.18000030517578,106.55999755859376,105.5999984741211,106.5199966430664,87.89746856689453,3004300,-0.0010316103646718089,106.35799942016601,106.17249984741211,104.80440017700195,0.005242334118508883,53.526206144889265,0.574411998445342,0.6663789262075945
2021-08-18,106.3000030517578,106.36000061035156,105.4800033569336,105.5500030517578,87.09703826904297,3439200,-0.009106211245564766,106.32699966430664,106.15900001525878,104.82320022583008,0.005652690439909249,45.37038454247784,0.4740064360915568,0.6279044281843871
2021-08-19,105.0199966430664,106.1500015258789,104.8499984741211,106.05999755859376,87.51788330078125,4069500,0.004831781071440444,106.2229995727539,106.2129997253418,104.84940017700195,0.005439433592221542,48.32114300607133,0.4306226491962519,0.58844807238676
2021-08-20,105.81999969482422,107.02999877929688,105.22000122070312,106.58999633789062,87.95524597167969,3238900,0.004997160017885749,106.19099884033203,106.24999961853027,104.87120010375976,0.005238390428848024,53.70628833373869,0.43400422705185804,0.5575593033197797
2021-08-23,106.8000030517578,107.0199966430664,106.08999633789062,106.38999938964844,87.79020690917969,3230600,-0.00187632005923144,106.19599914550781,106.27449951171874,104.89740005493164,0.0052620454128765445,51.3850231101362,0.41575352178493574,0.5291981470128109
2021-08-24,106.52999877929688,106.62000274658205,105.45999908447266,105.91999816894533,87.40237426757812,2867100,-0.004417719930439601,106.25499877929687,106.24549942016601,104.90600006103516,0.005197904635262449,50.40759292123473,0.359223629433842,0.49520324349701716
2021-08-25,105.9000015258789,106.5199966430664,105.43000030517578,105.8499984741211,87.34459686279297,3329400,-0.0006608732631639969,106.24499893188477,106.23149948120117,104.93580001831054,0.005144137765616305,39.90304855953296,0.305256089919979,0.45721381278160955
2021-08-26,105.9499969482422,106.2300033569336,105.45999908447266,105.88999938964844,87.37760925292969,2889400,0.00037790189989594936,106.21599884033203,106.21849937438965,104.98,0.005144908968213811,41.556246636873375,0.2626860839620804,0.41830826701770374
2021-08-27,106.2699966430664,107.33000183105467,106.16000366210938,107.0,88.2935562133789,3059300,0.01048258208281827,106.23999862670898,106.25399932861328,105.04899993896484,0.0056610159117507376,55.01523563050459,0.31488699882126525,0.3976240133784161
2021-08-30,107.0500030517578,108.08000183105467,106.77999877929688,108.06999969482422,89.1764907836914,3600600,0.009999997147889905,106.38399887084961,106.3544994354248,105.17459991455078,0.006019025804663824,70.63253963785598,0.4375527966733159,0.40560977003739607
2021-08-31,107.73999786376952,108.70999908447266,107.54000091552734,108.58000183105467,89.59734344482422,4210100,0.0047191832855615345,106.58999938964844,106.47399940490723,105.26839996337891,0.006077659650639486,70.1378665731975,0.5693560531891677,0.43835902666775045
2021-09-01,108.83999633789062,110.4000015258789,108.8000030517578,110.31999969482422,91.03311920166016,5683100,0.016025030709401644,107.06699905395507,106.69699935913086,105.40779998779297,0.006834062161072225,75.74628636064273,0.8049355731739496,0.5116743359689904
2021-09-02,110.54000091552734,110.91000366210938,109.6500015258789,110.9000015258789,91.51172637939452,5207100,0.005257449534618708,107.55099945068359,106.88699951171876,105.56240005493164,0.006499752767670175,75.7462863606427,1.0266013195347625,0.6146597326821448
2021-09-03,110.62999725341795,111.05999755859376,109.6999969482422,110.91999816894533,91.52823638916016,4460700,0.00018031237864102323,107.98399963378907,107.08749923706054,105.73639999389648,0.006458309071052887,77.049237107213,1.1901670773038404,0.729761201606484
2021-09-07,110.6500015258789,110.73999786376952,108.81999969482422,109.66999816894533,90.49677276611328,4929300,-0.011269383525377319,108.31199951171875,107.25399932861328,105.8715998840332,0.006925975614469395,67.36497757021452,1.2050386302305753,0.8248166873313023
2021-09-08,109.4000015258789,110.5500030517578,109.12999725341795,110.22000122070312,90.95061492919922,4265700,0.005015073045870899,108.74199981689453,107.49849929809571,106.02379989624023,0.006449728533784589,76.99422811641145,1.2468323851683039,0.9092198268987026
2021-09-09,109.62000274658205,109.73999786376952,107.9499969482422,107.9800033569336,89.10222625732422,6221300,-0.02032297077627665,108.95500030517579,107.59999961853028,106.13679992675782,0.008125713232535442,59.248585290846805,1.0866785757143305,0.9447115766618283
2021-09-10,108.06999969482422,108.25,106.37999725341795,106.4000015258789,87.79844665527344,5894700,-0.014632355824549359,109.00600051879883,107.61099967956542,106.22899993896485,0.008834012219017959,49.168876610065865,0.8227781108361825,0.9203248834966992
2021-09-13,107.33000183105467,108.01000213623048,106.81999969482422,107.12000274658205,88.39257049560547,5725300,0.006766928668962668,109.01800079345703,107.62899971008301,106.32679992675781,0.008880068191059503,53.054406181147996,0.6640780934425976,0.869075525485879
2021-09-14,107.69000244140624,107.7300033569336,106.30999755859376,106.93000030517578,88.23579406738281,3848200,-0.0017737344710097025,108.90400085449218,107.6439998626709,106.41459991455078,0.008885628241027139,54.327342049710595,0.5170157415440713,0.7986635686975174
2021-09-15,107.05999755859376,107.73999786376952,106.48999786376952,107.2699966430664,88.5163345336914,4027400,0.003179615981672823,108.77300033569335,107.6814998626709,106.49419982910156,0.008905327442674364,55.94638977635781,0.42302624787646437,0.7235361045333069
2021-09-16,107.18000030517578,107.87000274658205,106.56999969482422,107.36000061035156,88.59062194824219,3405200,0.000839041391831552,108.4770004272461,107.77199974060059,106.56839981079102,0.008620345871412026,56.130110705709114,0.35174674740319745,0.6491782331072851
2021-09-17,107.12999725341795,107.66000366210938,106.19000244140624,106.4000015258789,87.79844665527344,6964300,-0.008941869215862264,108.0270004272461,107.78899993896485,106.62919982910157,0.008836012608142972,47.466223508966145,0.2153113514345506,0.5624048567727382
2021-09-20,105.22000122070312,106.36000061035156,104.48999786376952,105.75,87.26209259033203,6207000,-0.006109036809748614,107.51000061035157,107.74700012207032,106.64299987792968,0.00886741536148983,39.842388279866384,0.05411185849517608,0.46074625711722583
2021-09-21,106.29000091552734,107.05999755859376,105.7699966430664,105.8000030517578,87.3033447265625,4371800,0.00047284209700038105,107.12300109863281,107.71750030517578,106.63979995727539,0.00886180269453751,37.31753158609171,-0.06881185245381971,0.3548346352030167
2021-09-22,106.56999969482422,107.4800033569336,106.0999984741211,106.83000183105467,88.15326690673828,4650400,0.009735337897797569,106.78400115966797,107.76300048828125,106.68679992675781,0.009073254294274798,32.975632848501135,-0.08217027775535257,0.2674336526113429
2021-09-23,107.13999938964844,107.51000213623048,106.5199966430664,106.62000274658205,87.97998046875,4042800,-0.001965731357046363,106.64800109863282,107.8015007019043,106.715,0.009086473513212871,28.34009785388639,-0.10845193078139914,0.1922565359327945
2021-09-24,105.68000030517578,106.0999984741211,104.58999633789062,104.83000183105467,87.03926849365234,4881000,-0.016788603164660465,106.49100112915039,107.74850082397461,106.70400009155273,0.00986618715311357,23.86269720168424,-0.2705991458634287,0.09968539957354985
2021-09-27,104.87000274658205,105.58000183105467,103.31999969482422,103.41999816894533,85.86856079101562,4311000,-0.013450382881627032,106.12100067138672,107.56950073242187,106.66620010375976,0.009920814823625347,23.539402130026374,-0.5070327359009639,-0.021658227521352894
2021-09-28,102.83000183105467,103.29000091552734,102.08999633789062,102.72000122070312,85.28734588623047,7096500,-0.0067684873393508704,105.70000076293945,107.30200080871582,106.65280014038086,0.009587107772777319,18.645502550997634,-0.7423347896545209,-0.1657935399479865
2021-09-29,103.3000030517578,103.98999786376952,103.0999984741211,103.48999786376952,85.92667388916016,6227000,0.0074960731494928545,105.32200088500977,107.04750061035156,106.60600006103516,0.00971627139032579,28.598650419725473,-0.8568043612150689,-0.303995704201403
2021-09-30,103.83999633789062,103.9499969482422,101.77999877929688,101.77999877929688,84.50688934326172,7019300,-0.016523327082522687,104.7640007019043,106.6205005645752,106.5252000427246,0.009187536760384175,28.248580264873482,-1.0731345295897796,-0.45782346927907835
2021-10-01,102.44000244140624,103.93000030517578,101.83999633789062,103.22000122070312,85.70249938964844,6106100,0.014148186860650336,104.44600067138671,106.2365005493164,106.49,0.009849277503831024,32.80423209228995,-1.1155225347901023,-0.5893632823812831
2021-10-04,103.0999984741211,103.69000244140624,102.5999984741211,103.23999786376952,85.71910858154297,5638600,0.00019372837463582648,104.19500045776367,105.85250053405761,106.43779998779297,0.00984954435642505,33.48252888856693,-1.1344248290495358,-0.6983755917149337
2021-10-05,103.31999969482422,103.4000015258789,102.16999816894533,102.52999877929688,85.12960052490234,4313800,-0.006877170662183851,103.86800003051758,105.4955005645752,106.37039993286133,0.009716078321409236,29.46274918664959,-1.192944504178854,-0.7972893742077177
2021-10-06,102.11000061035156,103.63999938964844,101.0,103.51000213623048,85.94328308105469,5587900,0.009558210949003776,103.53600006103515,105.16000061035156,106.31059997558594,0.009970857344658683,34.513280854393926,-1.147021537368886,-0.8672358068399514
2021-10-07,104.06999969482422,105.0199966430664,103.66000366210938,103.79000091552734,86.17577362060547,4055300,0.0027050408029973827,103.25299987792968,104.95050048828125,106.26380004882813,0.009173620922750746,38.893614424035825,-1.0756344494984376,-0.9089155353716487
2021-10-08,103.77999877929688,103.91000366210938,102.7300033569336,102.80999755859376,85.36209106445312,5295400,-0.00944217504855005,103.05099945068359,104.771000289917,106.19699996948242,0.008863756939074404,37.83111756718346,-1.0856233584208752,-0.9442570999814941
2021-10-11,102.83000183105467,103.5199966430664,102.33999633789062,103.06999969482422,85.57794952392578,2634200,0.002528957712330193,103.01599960327148,104.5685001373291,106.13259994506836,0.008700415439370484,38.89339644603085,-1.0603367393483012,-0.9674730278548556
2021-10-12,103.31999969482422,104.86000061035156,103.04000091552734,104.41999816894533,86.69884490966797,3666500,0.013097879869198303,103.18599929809571,104.44300003051758,106.0997999572754,0.0093239577192613,40.444077932355576,-0.920749490123967,-0.9581283203086779
2021-10-13,104.29000091552734,105.22000122070312,103.62999725341795,105.18000030517578,87.32986450195312,3371000,0.007278319762090257,103.35499954223633,104.33850021362305,106.07959991455078,0.009467958352110515,44.52886762656319,-0.7402664379540482,-0.914555943837752
2021-10-14,105.79000091552734,106.55999755859376,105.5199966430664,106.45999908447266,88.39263153076172,2721900,0.01216960235389819,103.8229995727539,104.2935001373291,106.0915998840332,0.009908781307888893,56.442676113846346,-0.48831808775790364,-0.8293083726217824
2021-10-15,107.30999755859376,107.4000015258789,105.91000366210938,106.37999725341795,88.32621002197266,3065400,-0.0007514731518194484,104.1389991760254,104.29249992370606,106.07719985961914,0.009703165786700576,63.074201255614994,-0.29173969064838445,-0.7217946362271028
2021-10-18,105.94000244140624,107.0,105.77999877929688,106.6500015258789,88.55039978027344,3424100,0.0025381112937779005,104.47999954223633,104.3375,106.07199981689453,0.009607146683502923,68.04406690603389,-0.1128618057577313,-0.6000080701332285
2021-10-19,107.11000061035156,107.31999969482422,106.61000061035156,106.6999969482422,88.59191131591797,3104500,0.0004687803248757394,104.89699935913086,104.38249969482422,106.07919982910157,0.009607146613059267,65.7816974155349,0.03255909849906402,-0.4734946364067701
2021-10-20,106.8499984741211,108.37999725341795,106.77999877929688,108.37999725341795,89.9867935180664,6018900,0.015745082973064095,105.38399887084961,104.45999946594239,106.14019973754883,0.009998298268897593,82.54434864653588,0.2801389298994792,-0.3227679231455203
2021-10-21,108.31999969482422,108.58000183105467,108.08000183105467,108.52999877929688,90.11133575439452,4849600,0.0013840333057786314,105.85799865722656,104.55549926757813,106.19179977416992,0.009978129642272246,79.99996551688476,0.48288519952946274,-0.16163729861052367
2021-10-22,108.66999816894533,109.41000366210938,108.56999969482422,109.04000091552734,90.5347900390625,4873000,0.004699181258331908,106.48099899291992,104.76599922180176,106.24899978637696,0.009086232318201696,81.04922832119233,0.6769129578331103,0.006072752678203147
2021-10-25,109.1999969482422,109.66999816894533,108.4000015258789,109.38999938964844,90.8253936767578,2625200,0.0032098172338812514,107.11299896240234,105.06449928283692,106.30159973144531,0.008326159759051625,88.19594775995134,0.8491350062022178,0.1746852033830061
2021-10-26,109.5999984741211,110.05999755859376,109.3499984741211,109.69000244140624,91.07445526123048,2940600,0.0027425089444346185,107.63999938964844,105.41299934387207,106.36279983520508,0.008014072474455104,87.22886959175433,0.9983219256492788,0.3394125478362606
2021-10-27,110.0999984741211,110.0999984741211,108.75,108.76000213623048,90.30232238769533,3573000,-0.008478441831310302,107.99799957275391,105.67649955749512,106.40759994506836,0.008364200814259228,77.76533207853427,1.0296413176732813,0.4774583018036648
2021-10-28,108.86000061035156,110.3000030517578,108.77999877929688,110.27999877929688,91.56433868408205,3681000,0.01397569522996589,108.37999954223633,106.10149955749512,106.50219985961914,0.007438619257666351,89.35720177445636,1.1636987921512372,0.6147063998731793
2021-10-29,109.8000030517578,110.2300033569336,108.5500030517578,109.04000091552734,90.5347900390625,5990500,-0.011244086665716524,108.64599990844727,106.39249954223632,106.56179992675781,0.007782422611986925,78.51003115882263,1.156550843795955,0.7230752886577345
2021-11-01,109.3000030517578,109.8000030517578,107.79000091552734,109.58000183105467,90.98313903808594,5846500,0.004952319433174424,108.93899993896484,106.70949974060059,106.62160003662109,0.007772084719894031,76.70808336413523,1.180847528872519,0.8146297367006914
2021-11-02,109.94000244140624,110.5199966430664,109.23999786376952,110.0999984741211,91.4148941040039,3405900,0.004745360780958219,109.27900009155273,107.0879997253418,106.69580001831055,0.007420213955219499,76.1146450387059,1.2279076550446604,0.8972853203694853
2021-11-03,110.16999816894533,110.7699966430664,109.61000061035156,110.47000122070312,91.72209930419922,2723200,0.0033606062825604077,109.48800048828124,107.43599967956543,106.78680007934571,0.007286237069631123,73.56052367577152,1.2803007632539192,0.9738884089463721
2021-11-04,110.51000213623048,110.91000366210938,108.97000122070312,109.41999816894533,90.8502960205078,3378800,-0.009504870463973636,109.57700042724609,107.71749954223633,106.85820007324219,0.007828651601067422,66.03375442532918,1.2229982454627901,1.0237103762496558
2021-11-05,110.41000366210938,111.2699966430664,109.87999725341795,109.9800033569336,91.31526184082033,3209300,0.005117941851210839,109.67100067138672,108.07599983215331,106.94000015258788,0.007301932731054708,67.04196711787073,1.2088385870276568,1.0607360184052559
2021-11-08,110.37000274658205,110.58000183105467,109.19000244140624,109.88999938964844,91.24053955078124,2989800,-0.0008183666533728706,109.72100067138672,108.41699981689453,106.99780014038086,0.0073611130059013504,66.25891067009493,1.1767890955696458,1.083946633838134
2021-11-09,110.01000213623048,110.31999969482422,109.76000213623048,110.08000183105467,91.3982925415039,2671500,0.0017290239554239584,109.76000061035157,108.7,107.03800018310547,0.006988897545453817,60.21635530173203,1.1534252831085183,1.097842363692211
2021-11-10,109.75,110.4499969482422,109.52999877929688,109.56999969482422,90.97484588623048,4021900,-0.00463301351514489,109.84100036621093,108.91949996948242,107.05780014038086,0.007082061043418751,55.990777941948224,1.0812919230695002,1.094532275567669
2021-11-11,109.73999786376952,109.7699966430664,109.0,109.75,91.1242904663086,2395200,0.0016427882237575187,109.78800048828126,109.0840000152588,107.04640014648437,0.0066712433141552655,54.251484531542296,1.0268137659239471,1.0809885736389246
2021-11-12,110.0500030517578,110.08000183105467,109.36000061035156,109.66999816894533,91.0578842163086,3194300,-0.0007289460688353344,109.85100021362305,109.24850006103516,107.02180007934571,0.006670837235366041,51.73266204875261,0.9660479552451733,1.0580004499601743
2021-11-15,109.8499984741211,110.47000122070312,109.4499969482422,110.44000244140624,91.69719696044922,2713500,0.007021102264219259,109.9370002746582,109.43800010681153,107.01220016479492,0.00678037533468117,54.38595551938673,0.9688551628556041,1.0401713925392602
2021-11-16,110.51000213623048,110.58999633789062,109.45999908447266,109.70999908447266,91.09107971191406,3043900,-0.0066099541904743875,109.89800033569335,109.58850021362305,107.01300018310548,0.007031926422523713,55.68858992703211,0.9017795715373751,1.0124930283388833
2021-11-17,109.43000030517578,110.1999969482422,107.97000122070312,110.0500030517578,91.37338256835938,4667900,0.0030991155785475843,109.85600051879882,109.67200050354003,107.00960021972656,0.006194269759669749,48.39613105055372,0.8660736034043879,0.9832091433519843
2021-11-18,110.1999969482422,110.26000213623048,109.58000183105467,110.06999969482422,91.38997650146484,2812800,0.0001817050659873587,109.92100067138672,109.7490005493164,107.05140014648437,0.0061939649421020775,58.65541197258063,0.8298242311983302,0.9525321609212535
2021-11-19,110.08000183105467,110.18000030517578,109.01000213623048,109.41999816894533,90.8502960205078,2928800,-0.005905346849105708,109.8650001525879,109.7680004119873,107.1118000793457,0.0062888391188538,48.67984388770007,0.7401150659388662,0.910048741924776
2021-11-22,109.52999877929688,109.83000183105467,108.69000244140624,108.87999725341795,90.40193939208984,3352600,-0.004935120860572573,109.76399993896484,109.74250030517578,107.14699996948242,0.0063466351719860285,39.9671486042546,0.618318751566008,0.8517027438530225
2021-11-23,109.11000061035156,110.08000183105467,108.6999969482422,109.76000213623048,91.1325912475586,3867100,0.008082337481735147,109.73199996948242,109.74600028991699,107.20360000610351,0.006585405286760895,44.61308521143968,0.5860477409106011,0.7985717432645383
2021-11-24,109.69000244140624,111.29000091552734,109.43000030517578,111.08999633789062,92.23688507080078,3227600,0.012117293875499424,109.88399963378906,109.8625,107.28,0.00678836880718754,62.154235353171934,0.6601819823710287,0.7708937910858364
2021-11-26,109.5,109.5,107.36000061035156,108.0,89.67127990722656,3514700,-0.02781525285582076,109.70899963378906,109.74850006103516,107.29279998779298,0.00875713269657863,39.468086056170044,0.46424548952542466,0.7095641307737541
2021-11-29,108.8000030517578,109.72000122070312,108.0,108.8000030517578,90.33551025390624,4825900,0.0074074356644240336,109.62200012207032,109.73650016784669,107.34080001831055,0.008601349072762752,44.60932429780993,0.36926135265527193,0.6415035751500577
2021-11-30,108.1500015258789,108.43000030517578,106.6500015258789,106.73999786376952,88.62513732910156,6335800,-0.01893387068204677,109.25199966430664,109.59449996948243,107.36059997558594,0.009480037702211688,36.06010527019663,0.1263045768330926,0.5384637754866648
2021-12-01,107.73999786376952,109.05999755859376,104.9499969482422,104.9800033569336,87.163818359375,8641300,-0.01648861291043091,108.77900009155273,109.33850021362305,107.34419998168946,0.00994847545952244,32.65308946971419,-0.20588396404964726,0.3895942275794024
2021-12-02,105.5,108.76000213623048,105.26000213623048,108.12999725341795,89.77923583984375,7134400,0.03000565627507501,108.58699951171874,109.22150001525878,107.37019989013672,0.012265102749594038,44.99999293574773,-0.21251782098694605,0.2691718178661327
2021-12-03,108.25,108.76000213623048,106.83999633789062,107.7699966430664,89.48031616210938,7798400,-0.003329331540699476,108.35699920654297,109.13899993896484,107.39319976806641,0.012116515678145682,44.235433437944224,-0.24401142914550178,0.16653516846380584
2021-12-06,108.41999816894533,110.4499969482422,108.41999816894533,109.66000366210938,91.049560546875,7212400,0.017537413732160223,108.38099975585938,109.12299995422363,107.4897998046875,0.012732418575816902,47.78409514545266,-0.11513536075182174,0.11020106262068033
2021-12-07,110.55999755859376,111.55999755859376,110.29000091552734,111.23999786376952,92.3614273071289,5363400,0.01440811735269043,108.61699981689453,109.19049987792968,107.64619979858398,0.013134123971679334,54.14633884110923,0.11318742528166581,0.11079833515287743
2021-12-08,111.23999786376952,112.30999755859376,111.0,112.04000091552734,93.02565002441406,5542400,0.007191685249199331,108.84499969482422,109.28849983215332,107.83259979248047,0.01321337170330458,55.26176171673117,0.35460082102896706,0.15955883232809537
2021-12-09,111.61000061035156,111.6500015258789,110.38999938964844,110.41999816894533,91.68058776855467,3724500,-0.014459146138381618,108.77799987792969,109.33099975585938,107.97119979858398,0.013609254717363184,50.853238512108305,0.41047034707482055,0.2097411352774404
2021-12-10,110.9800033569336,111.0,110.27999877929688,110.76000213623048,91.962890625,3828200,0.003079188307583136,109.05400009155274,109.38149986267089,108.15079986572266,0.013619531139240148,53.316840751532965,0.4766878666141281,0.26313048154477797
2021-12-13,110.54000091552734,112.29000091552734,110.20999908447266,111.8000030517578,92.82640075683594,6555000,0.009389679446269339,109.35400009155273,109.48800010681153,108.32239990234375,0.01375691454186623,57.05315254252284,0.6060983852512294,0.33172406228606827
2021-12-14,111.48999786376952,111.70999908447266,109.83999633789062,110.37000274658205,91.6390609741211,5924500,-0.012790700054934101,109.71700057983398,109.48450012207032,108.465,0.014015356531552482,51.43529555376839,0.5865071902064187,0.38268068787013837
2021-12-15,110.6999969482422,112.11000061035156,110.37000274658205,111.91999816894533,92.926025390625,6675800,0.014043629462637597,110.41100006103515,109.59500007629394,108.65279998779297,0.014256729785099169,51.932933823623515,0.6881204791751543,0.44376864613114153
2021-12-16,112.2699966430664,112.91999816894533,111.2699966430664,111.87999725341795,92.89281463623048,6178900,-0.00035740632757153,110.78600006103515,109.68649978637696,108.82019989013672,0.01425209732435582,60.53201963098098,0.7566992453145645,0.5063547659678261
2021-12-17,111.69000244140624,112.97000122070312,111.48999786376952,111.73999786376952,92.77658081054688,7201700,-0.001251335297509204,111.18300018310546,109.76999969482422,108.97919982910156,0.014259612507742821,58.27701142561839,0.7906376521434169,0.5632113432029443
2021-12-20,110.56999969482422,111.19000244140624,109.62000274658205,110.87000274658205,92.05420684814452,6071100,-0.007785888077858627,111.30400009155274,109.84249992370606,109.14039993286133,0.014312601671127747,62.46230193262757,0.7388161364400219,0.5983323018503598
2021-12-21,111.7300033569336,112.63999938964844,111.5,112.12000274658205,93.09207916259766,4251000,0.011274465311028825,111.39200057983399,110.00450019836425,109.32139999389648,0.014431834949598389,72.22914220129462,0.7895107764280738,0.6365679967659026
2021-12-22,112.4499969482422,113.37999725341795,112.31999969482422,113.2699966430664,94.04690551757812,4517500,0.010256812953203465,111.51500015258789,110.17999992370605,109.4983999633789,0.014491575290357881,68.2788061243539,0.9119689302530389,0.6916481834633299
2021-12-23,113.5500030517578,113.6999969482422,112.55999755859376,113.1500015258789,93.94727325439452,6977700,-0.0010593724794185633,111.78800048828126,110.28300018310547,109.65779998779297,0.01428997289069521,69.4645729800036,0.987946859881518,0.7509079187469676
2021-12-27,112.11000061035156,114.0199966430664,112.0199966430664,114.0,95.54216766357422,9185100,0.007512138423848791,112.1120002746582,110.58300018310547,109.80860000610352,0.012624974067742606,66.97966327940227,1.104021220233946,0.8215305790443633
2021-12-28,113.93000030517578,114.54000091552734,113.66999816894533,114.41999816894533,95.8941650390625,3630400,0.0036841944644327995,112.37399978637696,110.86399993896484,109.96940002441406,0.012580560481978783,63.683320694262704,1.215885359682531,0.9004015351719968
2021-12-29,114.6500015258789,115.44000244140624,114.0500030517578,115.19000244140624,96.53948974609376,3842900,0.00672963017639594,112.85599975585937,111.28650016784668,110.14020004272462,0.01153425461881142,63.589320943728765,1.3510968028122647,0.9905405887000505
2021-12-30,115.23999786376952,116.16999816894533,115.23999786376952,115.69000244140624,96.9585418701172,3990400,0.004340654478710793,113.23300018310547,111.8220001220703,110.3200001525879,0.010491599594627931,75.167198368896,1.481520619477294,1.0887365948554992
2021-12-31,115.70999908447266,116.70999908447266,115.6500015258789,116.01000213623048,97.22673034667967,5440300,0.0027660099236865854,113.64600067138672,112.21600036621093,110.47260025024414,0.0086745359276404,75.11966123968766,1.592348136742416,1.1894589032328826
2022-01-03,116.20999908447266,116.23999786376952,113.45999908447266,115.0999984741211,96.46408081054688,9845000,-0.00784418278900445,113.98200073242188,112.58250045776367,110.60400024414062,0.00891854474859362,65.98837402719538,1.5884395104229725,1.2692550246709007
2022-01-04,115.41999816894533,116.08000183105467,114.86000061035156,114.95999908447266,96.34673309326172,5330700,-0.0012163283362676136,114.39100036621093,112.84750022888184,110.72240020751953,0.008311769476533998,75.4153084967783,1.5561072791133057,1.3266254755593818
2022-01-05,114.76000213623048,114.8000030517578,111.5500030517578,111.66999816894533,93.58941650390624,6928300,-0.028618658156998045,114.34599990844727,112.86900024414062,110.76800018310547,0.010355884489733493,48.83936743258215,1.250592127086577,1.3114188058648208
2022-01-06,111.80999755859376,112.22000122070312,110.5999984741211,111.7699966430664,93.6732177734375,5974500,0.0008954820073499015,114.19599990844726,112.85550003051758,110.80960006713867,0.010228488878372013,49.49214798366764,1.0049537281113459,1.250125790314126
2022-01-07,111.4800033569336,111.8499984741211,110.76000213623048,111.02999877929688,93.05303955078124,6999300,-0.006620720103738487,113.98399963378907,112.88600006103516,110.855,0.009788873375855593,46.894138174322926,0.7420183582646587,1.1485043039042326
2022-01-10,110.3499984741211,110.5,109.0199966430664,110.38999938964844,92.51667022705078,6571900,-0.005764202437943067,113.62299957275391,112.86749992370605,110.85720001220703,0.009857236335107874,47.857125827228046,0.4765047313385935,1.0141043893911048
2022-01-11,110.2699966430664,110.66999816894533,108.86000061035156,110.55999755859376,92.65912628173828,5568500,0.001539977986096952,113.23699951171875,112.80549964904785,110.88759994506836,0.009611848642666093,42.292454956737814,0.27661208860482134,0.8666059292338482
2022-01-12,110.56999969482422,111.37000274658205,110.5199966430664,110.69000244140624,92.76809692382812,4331700,0.0011758763176850096,112.78699951171875,112.82149963378906,110.9097999572754,0.009170118156563196,35.82420530620277,0.12721952909640777,0.7187286492063601
2022-01-13,111.0,111.48999786376952,110.27999877929688,110.47000122070312,92.58370971679688,3921700,-0.0019875437334060386,112.26499938964844,112.74899978637696,110.91720001220703,0.008576405606791248,35.434788197332495,-0.008825673641183585,0.5732177846368515
2022-01-14,109.87999725341795,109.98999786376952,108.16999816894533,109.47000122070312,91.74562072753906,6465300,-0.009052231275005984,111.6109992980957,112.62849998474121,110.89720001220704,0.008780522760572331,25.775423410720563,-0.19508529773881378,0.41955716816171845
2022-01-18,108.75,108.9000015258789,107.5999984741211,108.31999969482422,90.78180694580078,5828700,-0.010505175053030058,110.93299942016601,112.45750007629394,110.87520004272461,0.009031840758116614,19.742099459055055,-0.43053002184279876,0.24953973016081504
2022-01-19,108.9000015258789,109.36000061035156,106.86000061035156,106.86000061035156,89.55821990966797,5111000,-0.013478573565232521,110.12299957275391,112.25699996948242,110.81279998779297,0.00932484921322399,11.32776914325548,-0.7265560999238971,0.054320564143872596
2022-01-20,107.0,108.3000030517578,105.41999816894533,105.48999786376952,88.4100112915039,6982000,-0.012820538449906493,109.50499954223633,111.9254997253418,110.7247999572754,0.009100762509051397,6.185573767483191,-1.0594934901714907,-0.1684422467192001
2022-01-21,105.52999877929688,106.5999984741211,104.95999908447266,105.2300033569336,88.19212341308594,8031500,-0.0024646365731439968,108.85100021362305,111.52350006103515,110.62779998779297,0.008553302015099178,3.454244064160463,-1.3290081754957157,-0.40055543247450326
2022-01-24,104.16000366210938,105.6999969482422,101.5999984741211,105.43000030517578,88.3597183227539,15646100,0.0019005696271225947,108.29100036621094,111.1375,110.545,0.008625596087477655,5.519767650790925,-1.509066839915647,-0.6222577139627321
2022-01-25,104.27999877929688,105.80999755859376,103.04000091552734,105.01000213623048,88.00773620605469,9942900,-0.003983668478891977,107.75300064086915,110.68800010681153,110.4502000427246,0.008227597159924695,5.381155179916746,-1.6664452276258714,-0.83109521669536
2022-01-26,105.62000274658205,106.86000061035156,102.66999816894533,103.37000274658205,86.6332778930664,9589300,-0.015617554102330677,107.03400115966797,110.13550033569337,110.32420013427735,0.008400848686371934,6.315778483965545,-1.9015827165716388,-1.0451927166706159
2022-01-27,103.98999786376952,104.87000274658205,101.22000122070312,101.66000366210938,85.20016479492188,7459300,-0.016542507874986123,106.13100128173828,109.45900039672851,110.14860015869141,0.008297178208639355,4.500452888287214,-2.200546970016191,-1.276263567339731
2022-01-28,101.8000030517578,104.95999908447266,100.62000274658205,104.9499969482422,87.95745086669922,6924500,0.03236271067890062,105.5790008544922,108.92200012207032,110.0534001159668,0.011797523538618309,27.74521598577337,-2.147251157496129,-1.4504610853710105
2022-01-31,104.56999969482422,106.44000244140624,104.06999969482422,106.23999786376952,89.03860473632812,7457700,0.012291576493932643,105.25600051879883,108.43349990844726,109.97720001220704,0.012300346836302357,35.499635057705575,-1.9781190244255953,-1.5559926731819276
2022-02-01,106.1500015258789,106.62999725341795,105.22000122070312,105.86000061035156,88.72013092041016,9610000,-0.0035767814482189353,105.01000061035157,107.97150001525878,109.89300003051758,0.012272933184848378,33.81542526025069,-1.8533785982250208,-1.6154698581905462
2022-02-02,106.41000366210938,107.5199966430664,106.27999877929688,107.20999908447266,89.85155487060547,4619300,0.012752677747378316,105.04500045776368,107.5840000152588,109.84880004882812,0.012830738705253681,38.94533925395686,-1.6268341854801633,-1.6177427236484698
2022-02-03,106.52999877929688,107.05999755859376,105.98999786376952,106.06999969482422,88.8961181640625,5453100,-0.010633330840253197,105.10300064086914,107.30400009155274,109.79260009765625,0.011535530704730878,36.79469806842373,-1.5217428255468377,-1.5985427440281434
2022-02-04,105.37999725341795,106.2699966430664,104.02999877929688,105.0199966430664,88.0161361694336,6865600,-0.009899152020164004,105.08199996948242,106.96650009155273,109.69779998779296,0.011620204815208975,36.68459340218816,-1.5058254186105557,-1.579999278944626
2022-02-07,104.94000244140624,105.58999633789062,104.63999938964844,104.87000274658205,87.89041137695312,5860900,-0.001428241299551214,105.02600021362305,106.65850028991699,109.57340011596679,0.011594114074446799,39.01972572989281,-1.4881594371850184,-1.5616313105927044
2022-02-08,104.80999755859376,105.19000244140624,104.12000274658205,104.37999725341795,87.4797592163086,6106100,-0.004672503865077449,104.9629997253418,106.35800018310547,109.50100006103516,0.011581920876107283,41.58749564570162,-1.4964482439310132,-1.5485946972603664
2022-02-09,105.47000122070312,106.81999969482422,105.47000122070312,106.73999786376952,89.45762634277344,5746600,0.022609701786270975,105.29999923706055,106.16700019836426,109.4597999572754,0.012876805587630304,53.97330436132237,-1.2976266250979052,-1.4984010828278742
2022-02-10,105.27999877929688,106.73999786376952,103.62999725341795,104.22000122070312,87.34565734863281,6948000,-0.023608737994192386,105.55599899291992,105.8435001373291,109.40940002441407,0.01375060957565944,47.192876284519436,-1.3280923069393822,-1.464339327650176
2022-02-11,104.75,105.1500015258789,102.6500015258789,103.2699966430664,86.5494613647461,5679000,-0.009115376765587713,105.38799896240235,105.48349990844727,109.37519989013671,0.013817440846457892,44.23691358668038,-1.412610316775499,-1.4539935254752405
2022-02-14,103.41000366210938,104.0500030517578,101.88999938964844,102.33000183105467,85.76166534423828,5350200,-0.009102303113852628,104.99699935913085,105.12649993896484,109.25919998168945,0.01381854738660828,43.04256975295552,-1.5377153486107034,-1.4707378901023331
2022-02-15,103.22000122070312,103.86000061035156,102.87999725341795,103.25,86.53272247314453,3612600,0.008990502809373746,104.7359992980957,104.87299995422363,109.16880004882813,0.013968607520076075,49.676367746977114,-1.544818122484699,-1.4855539365788064
2022-02-16,103.36000061035156,103.98999786376952,102.62000274658205,103.7300033569336,86.93498992919922,4333000,0.004648942924296406,104.3879997253418,104.71650009155273,109.05020004272461,0.013792218334789736,55.97920537010959,-1.4944873428016905,-1.4873406178233832
2022-02-17,103.33999633789062,103.6500015258789,102.48999786376952,102.62999725341795,86.01309204101562,4847000,-0.010604512367849206,104.04399948120117,104.57350006103516,108.87800003051758,0.013704223346203366,42.32804473084935,-1.525772975606273,-1.4950270893799613
2022-02-18,102.37000274658205,103.4499969482422,101.87000274658205,102.01000213623048,85.49347686767578,4809500,-0.006041071166128509,103.74300003051758,104.4125,108.67740005493164,0.013743708181408647,35.36333349172919,-1.582355085008217,-1.5124926885056125
2022-02-22,101.62000274658205,102.37000274658205,100.97000122070312,101.63999938964844,85.18338775634766,6656900,-0.0036271222314839813,103.41999969482421,104.22299995422364,108.5018000793457,0.013728069256637313,35.387809878056544,-1.6381691495375605,-1.5376279807120021
2022-02-23,102.5,102.94000244140624,99.91999816894533,99.95999908447266,83.775390625,6201000,-0.01652892872160805,102.97799987792969,103.97049980163574,108.28580001831055,0.014117087606572638,25.457014546983572,-1.7972466415385355,-1.589551712877309
2022-02-24,98.01000213623048,101.95999908447266,97.70999908447266,101.63999938964844,85.18338775634766,9479200,0.016806725895986308,102.46800003051757,103.88399963378906,108.08259994506835,0.014374768635415036,35.53233571517205,-1.7673814426473342,-1.625117658831314
2022-02-25,102.0500030517578,104.23999786376952,101.58999633789062,104.08999633789062,87.2366943359375,5870300,0.024104653315176083,102.45499954223632,104.00549926757813,107.95699981689454,0.014888094847001003,47.21723412289125,-1.5284003314893368,-1.6057741933629188
2022-02-28,103.2300033569336,103.63999938964844,101.45999908447266,102.54000091552734,85.93765258789062,7296900,-0.014890916292587653,102.38199996948242,103.88499946594239,107.76939987182617,0.013368820688883868,43.567085166957746,-1.4473931090727348,-1.574097976504882
2022-03-01,102.8000030517578,103.41999816894533,101.4499969482422,102.0,85.48509216308594,8896200,-0.005266246447298117,102.34899978637695,103.67299957275391,107.57179992675782,0.013016642794143652,43.44714269449608,-1.410508399767636,-1.5413800611574329
2022-03-02,102.37000274658205,104.43000030517578,102.22000122070312,103.91000366210938,87.08584594726562,6946100,0.01872552609911149,102.4150001525879,103.5754997253418,107.4152000427246,0.013801927863457287,42.010179706498825,-1.2131709889498694,-1.4757382467159204
2022-03-03,104.48999786376952,105.11000061035156,103.41000366210938,104.76000213623048,87.79823303222656,6517000,0.008180140931234092,102.51800003051758,103.45299987792968,107.29300003051758,0.013601348555728802,51.68329452838314,-0.9769304499012179,-1.37597668735298
2022-03-04,103.8499984741211,105.33999633789062,103.58000183105467,105.23999786376952,88.20050048828125,6438500,0.004581860612362876,102.77900009155273,103.41149978637695,107.15539993286133,0.013462961752276535,56.32627560895531,-0.7424183404736482,-1.2492650179771136
2022-03-07,105.01000213623048,105.26000213623048,103.11000061035156,103.16000366210938,86.45728302001953,6506200,-0.019764293461433158,102.89400024414063,103.3185001373291,106.95320007324219,0.014002798937914233,52.48354953767037,-0.7161486373169907,-1.1426417418450892
2022-03-08,103.11000061035156,104.5,102.30999755859376,102.66000366210938,86.03823852539062,7090600,-0.004846839688351534,102.99600067138672,103.20800018310547,106.7434001159668,0.014031705293694031,48.18908354494881,-0.7272917629085924,-1.0595717460577898
2022-03-09,104.38999938964844,105.27999877929688,104.06999969482422,104.23999786376952,87.36241149902344,5785900,0.015390552749836806,103.4240005493164,103.20100021362305,106.54820007324219,0.014463676611887473,51.46634552107186,-0.601694483249247,-0.9679962934960813
2022-03-10,103.13999938964844,104.75,102.86000061035156,104.5,87.5802993774414,4034900,0.0024942645966885557,103.71000061035156,103.08900032043456,106.34980010986328,0.013476771465791414,55.64956189705243,-0.47569422782538595,-0.8695358803619423
2022-03-11,105.3000030517578,105.79000091552734,103.5999984741211,103.66999816894533,86.88471221923828,5381600,-0.007942601254111725,103.66800079345703,103.06150016784667,106.11940002441406,0.012512713480158777,54.95225934499138,-0.4377660344255787,-0.7831819111746696
2022-03-14,104.26000213623048,104.44000244140624,102.4000015258789,102.86000061035156,86.20584106445312,4539900,-0.00781323018134672,103.70000076293945,103.04100036621094,105.86279998779297,0.012467134477907987,53.54651895196848,-0.467676616528081,-0.7200808522453519
2022-03-15,103.77999877929688,104.33000183105467,102.61000061035156,103.5500030517578,86.78412628173828,5245000,0.006708170691346327,103.85500106811523,103.1020004272461,105.61360000610351,0.012368825062974159,61.073434760610425,-0.4307382554246715,-0.6622123328812158
2022-03-16,104.30999755859376,105.2699966430664,102.55999755859376,104.77999877929688,87.81498718261719,6561300,0.011878278042389612,103.94200057983399,103.17850036621094,105.40720001220703,0.012487412334515651,59.96194011498328,-0.298769928654778,-0.5895238520359283
2022-03-17,104.4000015258789,106.4000015258789,104.37999725341795,106.4000015258789,89.17268371582031,3844300,0.0154609922261435,104.10600051879882,103.3120002746582,105.23600006103516,0.012889918796443568,57.73612693117647,-0.06274016660168513,-0.4841671149490797
2022-03-18,106.33999633789062,106.76000213623048,105.76000213623048,106.4000015258789,89.17268371582031,5815300,0.0,104.22200088500976,103.50050048828125,105.13060012817382,0.012586822150109114,64.42452766712552,0.1228984238000379,-0.3627540071992562
2022-03-21,106.4800033569336,106.97000122070312,105.29000091552734,105.75,88.6279296875,4571900,-0.006109036809748614,104.48100051879882,103.68750038146973,105.0102001953125,0.012589082408947346,63.89919464301877,0.21508923844581318,-0.24718535807024236
2022-03-22,106.38999938964844,106.66999816894533,105.79000091552734,106.0199966430664,88.85421752929688,4749800,0.002553159745308786,104.81699981689454,103.90650024414063,104.91000015258788,0.012522539159625727,58.90293658064863,0.3064055435160782,-0.13646717775297829
2022-03-23,105.0,105.5,104.12000274658205,104.26000213623048,87.8573226928711,4595400,-0.016600590101518597,104.81900024414062,104.12150039672852,104.78740020751952,0.012528184904232088,48.04074916471147,0.23405943391166772,-0.06236185542004908
2022-03-24,104.29000091552734,104.9499969482422,103.88999938964844,104.91999816894533,88.41349792480469,3893400,0.006330289844541426,104.86100006103516,104.28550033569336,104.67460021972656,0.012096110537725309,48.7635231821348,0.2273599212027193,-0.004417500095495401
2022-03-25,105.37999725341795,106.2300033569336,105.01000213623048,106.2300033569336,89.51739501953125,4495100,0.012485753058047777,105.11700057983398,104.3925006866455,104.58540023803711,0.011207742588386206,62.612991295462194,0.32402185733917577,0.06127037139143884
2022-03-28,106.33000183105467,107.36000061035156,106.11000061035156,107.36000061035156,90.4696273803711,4130800,0.010637270241074637,105.56700057983399,104.63350067138671,104.52320022583008,0.010737189417194261,68.35938058794082,0.48620381774907173,0.14625706066296543
2022-03-29,108.41999816894533,110.69000244140624,108.30999755859376,110.51000213623048,93.12405395507812,5350500,0.029340550558595968,106.26300048828125,105.05900077819824,104.54400024414062,0.012141208410328973,71.81630620375651,0.8590108450035814,0.28880781753108864
2022-03-30,110.05999755859376,110.26000213623048,109.22000122070312,109.70999908447266,92.4499053955078,5216200,-0.007239191351852692,106.75600051879883,105.3490005493164,104.5718002319336,0.011878615173476095,67.47149721918473,1.0774889181253968,0.4465440376499503
2022-03-31,110.16000366210938,110.48999786376952,108.37000274658205,108.37000274658205,91.32073211669922,7466900,-0.012213985498795488,106.95300064086913,105.52950057983398,104.60200027465821,0.012260433745595729,65.23997231250455,1.1294878268862476,0.5831327954972099
2022-04-01,108.87000274658205,110.5199966430664,108.5199966430664,110.4800033569336,93.09877014160156,6568700,0.01947033825666389,107.3610008239746,105.79150085449218,104.70180038452149,0.012876867726724368,72.78709828735546,1.3256751935288094,0.7316412751035297
2022-04-04,110.5199966430664,110.76000213623048,108.97000122070312,109.94000244140624,92.64373779296876,6311800,-0.004887770629249055,107.78000106811524,106.13050079345703,104.79600036621093,0.011916261575336911,69.28184203232065,1.42119883859381,0.8695527878015858
2022-04-05,109.62999725341795,110.98999786376952,109.06999969482422,109.4000015258789,92.1886749267578,4993700,-0.004911778274837908,108.11800155639648,106.46750068664551,104.875400390625,0.011918593910721956,64.54661066011093,1.4367663069805445,0.9829954916373775
2022-04-06,108.95999908447266,110.80999755859376,108.44000244140624,110.6999969482422,93.28416442871094,5050800,0.011882956162992064,108.76200103759766,106.79050064086914,104.98920028686524,0.01175525752737632,63.81747495316212,1.5362929747999061,1.0936549882698834
2022-04-07,110.05999755859376,110.1500015258789,108.87999725341795,109.5999984741211,92.35721588134766,5338200,-0.009936752524351111,109.23000106811523,107.04550056457519,105.11380020141601,0.012110906538886735,59.60383906271037,1.509012930571231,1.176726576730153
2022-04-08,109.76000213623048,110.26000213623048,108.9800033569336,109.77999877929688,92.50890350341795,5941000,0.0016423385737389662,109.58500061035156,107.35100059509277,105.27620010375976,0.011864965499395938,62.44596037612615,1.4848019466958675,1.2383416507232958
2022-04-11,109.48999786376952,110.08999633789062,108.37000274658205,108.5999984741211,91.51453399658205,4315700,-0.010748773167214787,109.70900039672851,107.63800048828125,105.34920013427734,0.012022029159472218,57.543869042042004,1.354781328754484,1.2616295863295335
2022-04-12,108.6500015258789,109.43000030517578,108.0199966430664,108.44000244140624,91.37972259521484,5094800,-0.0014732599904500043,109.50200042724609,107.88250045776367,105.39320022583007,0.012020779766727593,63.48387858920108,1.2247110034983137,1.2542458697632894
2022-04-13,108.51000213623048,109.37000274658205,108.16000366210938,109.20999908447266,92.02855682373048,4673100,0.007100669731932907,109.45200042724609,108.10400047302247,105.4602001953125,0.011868559092934786,63.74120065512131,1.1702714665935474,1.237450989129341
2022-04-14,109.63999938964844,110.12000274658205,108.6500015258789,108.73999786376952,91.63251495361328,4464700,-0.004303646411896733,109.48899993896484,108.22100028991699,105.49080017089844,0.011518629437050926,58.496941008258474,1.07679000592438,1.2053187924883488
2022-04-18,108.5199966430664,109.12999725341795,107.7699966430664,108.3000030517578,91.26173400878906,4256900,-0.004046301459035839,109.27099990844727,108.31600036621094,105.53540023803711,0.011575303978154195,53.33808003502582,0.9561791328644063,1.1554908605635603
2022-04-19,108.86000061035156,110.95999908447266,108.75,110.66000366210938,93.2504653930664,7536100,0.02179132542797535,109.34300003051757,108.5615005493164,105.64820037841797,0.012336194856779902,50.564340435547564,1.039048963254416,1.1322024811017315
2022-04-20,111.05999755859376,112.87000274658205,110.9800033569336,112.5,94.80097198486328,5395900,0.01662747403758358,109.65299987792969,108.88550071716308,105.80080032348633,0.012743486150095308,59.73483955088192,1.2389147893660208,1.1535449427545894
2022-04-21,113.06999969482422,113.41000366210938,111.62000274658205,111.72000122070312,94.14368438720705,4820700,-0.006933322482638893,109.75500030517578,109.25850067138671,105.94760040283204,0.012127463171281608,62.16413581337921,1.3191640121663397,1.1866687566369396
2022-04-22,111.44000244140624,111.5500030517578,109.69000244140624,109.76000213623048,92.49205780029295,4917800,-0.01754385126259228,109.77100067138672,109.50050086975098,106.00800048828125,0.012982240121587416,47.35681980374173,1.210650923437555,1.1914651899970627
2022-04-25,109.41999816894533,109.93000030517578,107.66000366210938,109.4800033569336,92.256103515625,6032300,-0.002551009236947399,109.74100112915039,109.66300086975097,106.11320053100586,0.012797662023772697,48.278443669447995,1.089500869550136,1.1710723259076774
2022-04-26,109.16000366210938,109.83000183105467,107.61000061035156,107.68000030517578,90.73927307128906,6217500,-0.01644138652324778,109.64900131225586,109.67900085449219,106.20140060424805,0.013215174945327167,44.117634780067554,0.8385767848023704,1.104573217686616
2022-04-27,107.73999786376952,108.61000061035156,106.87999725341795,106.97000122070312,90.1409912109375,6007100,-0.006593602177381586,109.50200119018555,109.50200080871582,106.29420059204102,0.011362076436696813,36.70705592031925,0.5757893067110018,0.9988164354914933
2022-04-28,107.5,109.29000091552734,106.36000061035156,108.94000244140624,91.80104064941406,7235300,0.01841638962533576,109.47500152587891,109.4635009765625,106.40800064086915,0.012111352497163991,47.78524617109006,0.5204910744537585,0.9031513632839465
2022-04-29,108.2699966430664,108.41999816894533,103.68000030517578,103.94000244140624,87.58768463134766,9573900,-0.04589682291120989,108.99500198364258,109.24200096130372,106.4122006225586,0.015675288062739143,35.19269651314755,0.07237432753481698,0.7369959561341207
2022-05-02,103.87000274658205,104.54000091552734,99.36000061035156,101.43000030517578,85.4725570678711,11885700,-0.024148567224109962,108.30800170898438,108.78950080871581,106.38820068359375,0.0155697488247006,32.96911561312099,-0.4797671611469525,0.4936433326779061
2022-05-03,101.7699966430664,103.30999755859376,101.08999633789062,102.69000244140624,86.53433990478516,7245400,0.012422381272201966,107.51100158691406,108.42700080871582,106.40180068969727,0.01600158748434532,37.02031245048642,-0.8063762236211716,0.23363942141809058
2022-05-04,102.76000213623048,104.08000183105467,100.94000244140624,103.87000274658205,87.52869415283203,8686700,0.011490897625103358,106.64800186157227,108.15050086975097,106.44640075683594,0.016330636790504248,38.16490045262338,-0.9589459636240178,-0.004877655590331098
2022-05-05,103.44000244140624,103.9800033569336,100.31999969482422,101.0999984741211,85.19446563720703,8884000,-0.026667990750121606,105.58600158691407,107.67050094604492,106.4692007446289,0.016816246327444603,34.6339517255137,-1.2885215028695853,-0.261606425046182
2022-05-06,100.37999725341795,100.6999969482422,98.87000274658205,99.9000015258789,84.18326568603516,9398500,-0.011869406195385346,104.60000152587891,107.18550109863281,106.43440078735351,0.016855307086564048,33.60655615659617,-1.6277782032451853,-0.5348407806859827
2022-05-09,99.0,99.0,95.1500015258789,95.5,80.47549438476562,8491700,-0.04404405864537542,103.20200119018554,106.47150115966797,106.2626008605957,0.018947042206111504,22.59580322674249,-2.226024706136684,-0.873077565776123
2022-05-10,96.58000183105467,97.26000213623048,93.01000213623048,93.76000213623048,79.00924682617188,12528300,-0.018219872919052582,101.81000137329102,105.72950134277343,106.08700088500977,0.019102612438925647,16.001461654410093,-2.8081717991741897,-1.2600964124557366
2022-05-11,93.95999908447266,95.75,93.36000061035156,93.55999755859376,78.8406982421875,9095800,-0.0021331545763630944,100.46900100708008,104.98550109863281,105.91820083618164,0.0190928692710895,16.34544798496971,-3.2482227722865673,-1.6577216844219027
2022-05-12,93.38999938964844,94.4000015258789,92.87999725341795,94.29000091552734,79.45585632324219,8312300,0.007802515775787722,99.00400085449219,104.23950119018555,105.72580078125,0.019121116962708976,19.961180478479747,-3.497741383462113,-2.025725624229945
2022-05-13,95.11000061035156,96.80999755859376,94.5,96.77999877929688,81.55412292480469,7536700,0.026407867638057025,98.28800048828126,103.64150123596191,105.56620071411133,0.020541496956144344,27.28898772775952,-3.4547405639575146,-2.311528612175459
2022-05-16,96.5500030517578,96.98999786376952,95.97000122070312,96.16999816894533,81.04008483886719,4614200,-0.006302961542111962,97.76200027465822,103.03500099182129,105.38480072021484,0.020538673339704116,28.502060106606265,-3.4303412177189045,-2.535291133284148
2022-05-17,97.31999969482422,97.51000213623048,96.04000091552734,97.4800033569336,82.14397430419922,4492000,0.013621765757829474,97.24100036621095,102.3760009765625,105.27120071411133,0.02003787102999035,32.66351549000217,-3.2676308748409326,-2.681759081595505
2022-05-18,97.19000244140624,97.33000183105467,94.27999877929688,94.6500015258789,79.75922393798828,5130300,-0.02903161400900167,96.31900024414064,101.48350105285644,105.11100067138672,0.019909466874256557,24.690061118896026,-3.3286684346093836,-2.8111409521982806
2022-05-19,93.88999938964844,95.36000061035156,93.88999938964844,94.2300033569336,79.4052963256836,6365100,-0.004437381533802465,95.63200073242189,100.60900115966797,104.91080078125,0.019927030217280563,29.47147527868239,-3.372060468593304,-2.9233248554772855
2022-05-20,95.0999984741211,95.33000183105467,93.3499984741211,94.83000183105467,79.91090393066406,4471300,0.00636738249757185,95.12500076293946,99.86250114440918,104.7174008178711,0.02005921530648617,34.82061984757357,-3.319765910746625,-3.0026130665311537
2022-05-23,95.6500015258789,96.1999969482422,94.27999877929688,95.93000030517578,80.83784484863281,4662400,0.011599688420135479,95.16800079345704,99.18500099182128,104.56260086059571,0.020473053366378183,34.33735131437301,-3.1532131348884604,-3.0327330802026156
2022-05-24,95.48999786376952,96.91999816894533,94.05999755859376,96.73999786376952,81.52041625976562,5895300,0.008443631356373826,95.46600036621093,98.63800086975098,104.44020080566406,0.020585459700678255,33.19188442747894,-2.9221738256543404,-3.010621229292961
2022-05-25,96.36000061035156,97.81999969482422,96.08000183105467,97.55999755859376,82.21139526367188,4589300,0.008476325335245338,95.86600036621094,98.16750068664551,104.32040069580079,0.02080404473656293,40.80996748990969,-2.6424459145515584,-2.936986166344681
2022-05-26,97.93000030517578,98.63999938964844,97.5500030517578,97.68000030517578,82.31253051757812,4355200,0.0012300404836516066,96.20500030517579,97.60450057983398,104.17840072631836,0.02015754909056578,43.894388746438125,-2.3835996578114873,-2.8263088646380425
2022-05-27,98.19000244140624,100.31999969482422,98.19000244140624,100.3000030517578,84.52033233642578,4990000,0.026822304856638945,96.55700073242187,97.42250061035156,104.05640075683594,0.01896183024402458,64.63414747611398,-1.9446332870449226,-2.6499737491194186
2022-05-31,99.37999725341795,99.7300033569336,98.52999877929688,99.06999969482422,83.48384857177734,6276900,-0.012263243464697204,96.84700088500976,97.30450057983398,103.90980072021485,0.018396045405887667,66.70859868941625,-1.6766726285980553,-2.455313525015146
2022-06-01,99.4000015258789,99.51000213623048,96.9800033569336,98.25,82.7928466796875,4607100,-0.008276972820734363,96.9240005493164,97.08250045776367,103.75980072021484,0.018181332832477512,64.20351201478745,-1.5130376424664433,-2.2668583485054055
2022-06-02,97.87999725341795,99.6500015258789,96.69000244140624,99.5999984741211,83.93047332763672,5450800,0.013740442484692972,97.41900024414062,96.86900024414062,103.63140075683594,0.018276216936202447,65.49911279920764,-1.2598988133170081,-2.065466441467726
2022-06-03,98.81999969482422,99.3499984741211,98.01000213623048,98.2699966430664,82.8096923828125,4989900,-0.01335343224327723,97.8229995727539,96.7275001525879,103.51160064697265,0.017556261568826705,54.66498759567195,-1.153309861750543,-1.8830351255242896
2022-06-06,99.08999633789062,99.29000091552734,97.72000122070312,97.95999908447266,82.5484848022461,5445300,-0.0031545493963911486,98.1359992980957,96.63050003051758,103.37240066528321,0.0173866983479209,55.711551541726216,-1.0813860170577811,-1.722705303830988
2022-06-07,97.4800033569336,99.36000061035156,97.0999984741211,99.30999755859376,83.68608093261719,6489200,0.013781119709453948,98.4739990234375,96.82099990844726,103.2340005493164,0.014369374349743136,55.82429760759467,-0.9050197531428807,-1.5591681936933666
2022-06-08,98.66999816894533,98.91999816894533,96.80999755859376,97.0199966430664,81.75635528564453,4566100,-0.02305911762988655,98.50199890136719,96.98399963378907,103.02720046997071,0.014764086251167633,57.81145485580594,-0.9392055766346061,-1.4351756702816145
2022-06-09,96.61000061035156,97.1500015258789,94.72000122070312,94.72000122070312,79.81820678710938,4358600,-0.02370640591572981,98.21799926757812,97.04199981689453,102.71140045166015,0.015818092342180644,51.436944267817324,-1.1387615623322063,-1.375892848691733
2022-06-10,93.4800033569336,93.7300033569336,92.55999755859376,92.62000274658205,78.04859924316406,7260100,-0.02217059171302116,97.71199951171874,96.95849990844727,102.36960052490234,0.016517690759955114,44.04312768237042,-1.4496527506310741,-1.3906448290796012
2022-06-13,90.55999755859376,90.61000061035156,87.61000061035156,87.98999786376953,74.14701080322266,8559700,-0.04998925443222768,96.48099899291992,96.5189998626709,101.9620004272461,0.01860524339988519,32.019923498740525,-2.046053327549643,-1.5217265287736095
2022-06-14,88.29000091552734,88.45999908447266,86.62999725341797,87.31999969482422,73.5824203491211,8707300,-0.00761448102297535,95.30599899291992,96.07649993896484,101.4988003540039,0.018613933366931235,28.53236754621456,-2.5434490371589504,-1.7260710304506777
2022-06-15,88.13999938964844,90.61000061035156,87.91000366210938,89.38999938964844,75.32674407958984,8851100,0.023705905887067003,94.41999893188476,95.67199974060058,101.08780029296875,0.019260241842016974,32.38465435786755,-2.7390331754462807,-1.9286634594497984
2022-06-16,87.2699966430664,88.0,86.66000366210938,87.04000091552734,73.3464584350586,8083300,-0.02628927721408203,93.16399917602538,95.291499710083,100.64060028076172,0.019082684559247217,29.071596860602966,-3.048518823886795,-2.152634532337198
2022-06-17,87.01000213623047,88.8499984741211,86.9000015258789,87.69999694824219,73.90263366699219,7791800,0.007582674928454658,92.10699920654297,94.96499938964844,100.18060028076172,0.019256917901156908,23.145757261586255,-3.20360312334428,-2.3628282505386142
2022-06-21,88.51000213623047,89.87999725341797,88.47000122070312,88.91999816894531,74.9306869506836,5933100,0.01391107483644638,91.20299911499023,94.66949920654297,99.7670002746582,0.019530369679137464,28.358195844206747,-3.1912775839646343,-2.5285181172238183
2022-06-22,87.98999786376953,91.1999969482422,87.9800033569336,90.05000305175781,75.8829116821289,6250200,0.012708107355845044,90.27699966430664,94.37549934387206,99.37240036010742,0.019575586979272745,32.74411017670275,-3.0551101469731634,-2.6338365231736875
2022-06-23,89.80999755859375,91.44000244140624,89.76000213623047,91.18000030517578,77.32459259033203,6139300,0.012548553194034584,89.69300003051758,94.09749946594238,99.02400039672851,0.019722564652677826,32.115546791796575,-2.8234679564995133,-2.671762809838853
2022-06-24,91.83000183105467,93.23999786376952,91.55999755859376,93.12000274658205,78.96980285644531,4656500,0.0212766224491463,89.53300018310547,93.8754997253418,98.71760040283203,0.020305744590178268,39.337484061985506,-2.4550476073096945,-2.6284197693330213
2022-06-27,93.0500030517578,93.98999786376952,92.43000030517578,92.9800033569336,78.85106658935547,3784200,-0.001503429827310554,89.56900024414062,93.64049987792968,98.39300048828125,0.020291142996906476,39.61635401415035,-2.1495894775482043,-2.532653710976058
2022-06-28,93.52999877929688,94.23999786376952,91.72000122070312,91.8499984741211,77.89277648925781,4735900,-0.012153203291191739,89.95500030517579,93.21799964904785,98.05520050048828,0.019192397825826355,34.30135013940662,-1.9759165234859353,-2.4213062734780335
2022-06-29,91.33000183105467,91.45999908447266,90.2699966430664,91.27999877929688,77.40939331054688,4606700,-0.006205767058175993,90.35100021362305,92.82849960327148,97.71480041503906,0.019106290488229434,36.978226802781904,-1.8628004636398146,-2.3096051115103897
2022-06-30,90.63999938964844,92.2300033569336,89.95999908447266,91.11000061035156,77.26522064208984,6402600,-0.0018623813674268908,90.52300033569335,92.47149963378907,97.32380035400391,0.019082970404661496,40.934204052353515,-1.766509382210259,-2.200985965650364
2022-07-01,90.97000122070312,93.01000213623048,90.8000030517578,92.75,78.65601348876953,4512500,0.018000212695225226,91.09400024414063,92.12899971008301,96.92880035400391,0.019309016632977953,50.334183092088885,-1.5401103285574749,-2.0688108382317862
2022-07-05,91.80999755859376,92.5199966430664,90.33000183105467,92.48999786376952,78.4355239868164,5154400,-0.0028032575334823173,91.57300033569337,91.83999977111816,96.54420028686523,0.01916571370333358,64.92042259150458,-1.3659219489156413,-1.9282330603685574
2022-07-06,92.77999877929688,93.5500030517578,92.01000213623048,92.31999969482422,78.29134368896484,3428900,-0.0018380167896174804,91.91300048828126,91.55799980163575,96.19540023803711,0.01916687303087824,67.14677425262812,-1.227444617101682,-1.7880753717151823
2022-07-07,92.87999725341795,93.38999938964844,92.33000183105467,92.56999969482422,78.50337219238281,3032400,0.002707972279315518,92.1650001525879,91.22099990844727,95.85720016479492,0.018819975728481802,62.460814156709866,-1.0850199882776081,-1.6474642950276674
2022-07-08,92.37000274658205,92.7699966430664,91.63999938964844,92.08000183105467,78.08782196044922,3509800,-0.005293268503672066,92.25500030517578,90.97400016784668,95.5452001953125,0.01825080677952854,73.1192670182719,-1.000156989148877,-1.5180028338519094
2022-07-11,91.77999877929688,92.25,91.16999816894533,91.87999725341795,77.91822052001953,3453200,-0.002172073997171342,92.13099975585938,90.83199996948242,95.2434001159668,0.017552594207858745,70.01913923850809,-0.9382258650942816,-1.402047440100384
2022-07-12,91.4000015258789,92.4499969482422,90.87000274658205,91.5199966430664,77.61289978027344,4396100,-0.003918160874108567,91.98499908447266,90.77699966430664,94.895,0.01687577989502518,63.569916005068166,-0.907730293910376,-1.3031840108623824
2022-07-13,90.48999786376952,91.75,89.91999816894531,91.08000183105467,77.23978424072266,5572400,-0.00480763579710064,91.907999420166,90.9314998626709,94.63779998779297,0.012300490998156647,55.7930194038944,-0.9085925488537043,-1.224265718460647
2022-07-14,89.56999969482422,90.66000366210938,89.44999694824219,90.26000213623048,76.54438781738281,4494500,-0.009003070688834769,91.80599975585938,91.07849998474121,94.41440002441406,0.012360195488803006,44.638706453328304,-0.9643268547485206,-1.1722779457182217
2022-07-15,91.7300033569336,92.2300033569336,90.9000015258789,91.79000091552734,77.8418960571289,5124800,0.016951016431260513,91.87399978637696,91.19850006103516,94.19639999389648,0.011808039201317679,41.86045208608414,-0.8749526692265022,-1.112812890419878
2022-07-18,92.43000030517578,92.52999877929688,90.77999877929688,91.13999938964844,77.2906494140625,3397900,-0.007081397967051872,91.7129997253418,91.40349998474122,93.94179992675781,0.010094997705779473,39.40089917860953,-0.8468111621870236,-1.0596125447733071
2022-07-19,91.95999908447266,93.61000061035156,91.86000061035156,93.5,79.29204559326172,3659100,0.025894235529472676,91.81399993896484,91.6935001373291,93.78979995727539,0.011347092037860105,58.32493535028638,-0.6268505463054197,-0.9730601450797297
2022-07-20,93.33000183105467,94.41999816894533,92.81999969482422,93.27999877929688,79.10548400878906,4212400,-0.002352954232119009,91.90999984741211,91.91150016784668,93.65739990234376,0.011124797612815563,60.46025371733568,-0.4649230894023475,-0.8714327339442534
2022-07-21,93.47000122070312,94.02999877929688,92.37999725341795,94.0199966430664,79.73303985595703,5062800,0.007933081833763511,92.05499954223633,92.10999984741211,93.62779983520508,0.010942915689528213,64.36326170637898,-0.2737274107940806,-0.7518916693142189
2022-07-22,94.58000183105467,95.11000061035156,93.79000091552734,94.51000213623048,80.14857482910156,3615200,0.0052117157058015895,92.29799957275391,92.27649993896485,93.64279983520508,0.010698548167379016,59.79956279677536,-0.0817220687170419,-0.6178577491947835
2022-07-25,94.61000061035156,95.20999908447266,94.19000244140624,94.66999816894533,80.28425598144531,3252800,0.0016929005300858613,92.57699966430664,92.353999710083,93.6649998474121,0.009673991006157649,62.2747802896939,0.08240398900966284,-0.4778054015538943
2022-07-26,94.66000366210938,95.27999877929688,94.41999816894533,94.7699966430664,80.36904907226562,3337300,0.0010562847370358952,92.90199966430664,92.44349937438965,93.6745997619629,0.009657859507897415,63.904640335866695,0.21803079013272963,-0.33863816321656953
2022-07-27,95.0,95.56999969482422,94.19000244140624,95.33999633789062,80.85244750976562,4160900,0.006014558562991379,93.32799911499025,92.61799926757813,93.64579971313476,0.009199330452594497,65.16975616848855,0.36727648415946135,-0.19745523374136337
2022-07-28,95.97000122070312,98.5199966430664,95.95999908447266,98.43000030517578,83.472900390625,4100300,0.03241036381346185,94.14499893188477,92.97549934387207,93.69099975585938,0.011234499689257523,77.06733442820224,0.726517427192789,-0.012660701554532888
2022-07-29,98.43000030517578,99.31999969482422,98.02999877929688,98.95999908447266,83.92235565185547,3301300,0.005384524816150149,94.8619987487793,93.36799926757813,93.72059967041015,0.011157606785898817,79.35324736450563,1.0419737105139006,0.19826618085915382
2022-08-01,98.4499969482422,98.6999969482422,97.69000244140624,98.16000366210938,83.24393463134766,3572700,-0.008084028190828874,95.56399917602539,93.6384994506836,93.79079971313476,0.01098264147546477,76.56004428713646,1.2134344263118635,0.40129982994969576
2022-08-02,98.12999725341795,98.41000366210938,96.83999633789062,96.9000015258789,82.17539978027344,4731300,-0.012836207102922548,95.90399932861328,93.85899963378907,93.84419967651367,0.011474732871089936,71.84684620182739,1.2334284414820473,0.5677255522561662
2022-08-03,97.5,98.22000122070312,97.16000366210938,97.20999908447266,82.43829345703125,3107000,0.0031991491611169653,96.29699935913087,94.10349960327149,93.89179962158204,0.011432168739155913,77.12723759880691,1.2597662535803238,0.7061336925209978
2022-08-04,97.33999633789062,97.48999786376952,96.47000122070312,97.05999755859376,82.31108856201172,2884200,-0.0015430668376875678,96.60099945068359,94.32799949645997,93.91439956665039,0.011470397849013087,73.0533530286961,1.2540790472785943,0.815722763472517
2022-08-05,96.3499984741211,97.37999725341795,96.01000213623048,97.33000183105467,82.54005432128906,2719300,0.0027818285519523034,96.88299942016602,94.59049949645996,93.92619964599609,0.011325332254837122,78.00905308538157,1.256870562112823,0.9039523232005784
2022-08-08,98.0,98.9000015258789,97.62999725341795,98.1999969482422,83.2778549194336,4694200,0.008938611947194586,97.2359992980957,94.90649948120117,93.93899963378907,0.011339210662283541,74.58158027465839,1.3141356550251118,0.9859889895654852
2022-08-09,98.33000183105467,98.75,97.9000015258789,98.73999786376952,83.73579406738281,3403700,0.005498991164041733,97.63299942016602,95.26749954223632,93.96019958496093,0.011214514665868067,77.63158199555059,1.3871025597702697,1.0662117036064422
2022-08-10,99.86000061035156,100.38999938964844,99.47000122070312,100.23999786376952,85.00785827636719,3165200,0.01519141211720032,98.12299957275391,95.72549934387207,93.95899948120118,0.011292052493225777,79.22933072136507,1.5481210457128327,1.1625935720277203
2022-08-11,100.68000030517578,101.12000274658205,99.72000122070312,100.0,84.80431365966797,2151600,-0.002394232530767648,98.27999954223633,96.21249923706054,93.97759948730469,0.010956650386488917,76.41964493548065,1.6374875963276452,1.2575723768877052
2022-08-12,100.5999984741211,101.79000091552734,100.56999969482422,101.72000122070312,86.26296997070312,3423700,0.017200012207031268,98.55599975585938,96.70899925231933,94.04699951171875,0.010970845788344437,79.49792825175105,1.826051371864537,1.3712681758830718
2022-08-15,101.51000213623048,102.27999877929688,101.33000183105467,102.12999725341795,86.61067962646484,2135300,0.004030633383745874,98.95299911499023,97.25849914550781,94.09759948730469,0.010590616128895641,80.01632915189235,1.9856830576229498,1.4941511522310476
2022-08-16,101.68000030517578,102.37000274658205,101.48999786376952,101.86000061035156,86.38168334960938,3680800,-0.0026436566173251297,99.4489990234375,97.67649917602539,94.16939956665038,0.009612641534656264,77.2575624194641,2.06658355718767,1.6086376332223722
2022-08-17,100.94000244140624,101.8499984741211,100.63999938964844,101.25,85.8643798828125,3683400,-0.005988617776324423,99.85299911499024,98.07499923706055,94.23519958496094,0.009778705258882033,64.87343478509318,2.057755312349215,1.698461169047741
2022-08-18,101.26000213623048,101.51000213623048,100.11000061035156,100.58000183105467,85.29620361328125,2263400,-0.006617265866126654,100.20499954223632,98.40299949645996,94.26059967041016,0.010020909925190754,58.419983646744285,1.9739412459377093,1.7535571844257347
2022-08-19,99.9800033569336,100.37999725341795,99.16999816894533,99.5199966430664,84.39726257324219,2788800,-0.01053892591659289,100.42399902343749,98.65349922180175,94.31059967041016,0.010481449725360015,56.88255748495555,1.8012210792408752,1.763089963388763
2022-08-22,98.73999786376952,98.81999969482422,97.25,97.3499984741211,82.55701446533203,3517500,-0.021804644716057697,100.33899917602538,98.78749923706054,94.36319961547852,0.011823887732601193,52.085251289361416,1.472267008331869,1.7049253723773843
2022-08-23,97.25,97.3000030517578,95.7300033569336,96.0999984741211,81.4969711303711,5605300,-0.012840267278815487,100.07499923706054,98.85399932861328,94.4327995300293,0.012249679888175815,45.26853787446158,1.0980463885788652,1.5835495756176805
2022-08-24,96.19000244140624,97.23999786376952,96.11000061035156,96.6500015258789,81.96339416503906,2292200,0.0057232368417354795,99.71599960327147,98.9194995880127,94.60599960327148,0.012243284341313648,48.30999123845914,0.836215133487201,1.4340826871915848
2022-08-25,96.9499969482422,98.12000274658205,96.75,98.08999633789062,83.1845703125,2129200,0.014899066624703083,99.52499923706054,98.90249938964844,94.82139953613282,0.010338141457400661,52.857124828481936,0.7364185495902689,1.2945498596713216
2022-08-26,98.19000244140624,98.19000244140624,95.58000183105467,95.62000274658205,81.08991241455078,3187200,-0.02518089186995376,98.91499938964844,98.73549957275391,94.94599960327149,0.011656418348323056,41.34229335714657,0.45280158284764127,1.1262002043065857
2022-08-29,95.0500030517578,95.73999786376952,94.58000183105467,94.76000213623048,80.36058044433594,2833800,-0.008993940448117188,98.1779998779297,98.56549949645996,95.10039962768555,0.011684592249292445,36.92510053064949,0.1568303883306612,0.9323262411114008
2022-08-30,95.12000274658205,95.12000274658205,93.18000030517578,93.4499969482422,79.24964141845703,3643600,-0.013824452917434171,97.33699951171874,98.39299926757812,95.21539962768554,0.011736157961080127,27.41182663447057,-0.18134495443048593,0.7095920020030235
2022-08-31,93.9800033569336,94.4000015258789,92.8000030517578,93.01000213623048,78.87651824951172,4100800,-0.004708344851583113,96.5129997253418,98.18299942016601,95.29719970703125,0.011693937919169131,27.05186038647946,-0.47932983812825114,0.4718076339767686
2022-09-01,92.4499969482422,93.1999969482422,91.51000213623048,93.18000030517578,79.02068328857422,4746100,0.001827740727242455,95.77299957275392,97.98899955749512,95.35979965209961,0.011727248768399737,18.786512241901022,-0.6937702225553579,0.23869206267034332
2022-09-02,93.98999786376952,94.16999816894533,91.66000366210938,91.87999725341795,77.91822052001953,3561800,-0.013951524441942031,95.00899963378907,97.71649932861328,95.37379959106445,0.01196473452153704,14.824963685737814,-0.9575768045395421,-0.0005617107716337777
2022-09-06,92.2699966430664,93.0999984741211,91.76000213623048,92.70999908447266,78.62210845947266,4591800,0.009033542184001542,94.54499969482423,97.4419994354248,95.36559951782226,0.011969657937489097,19.762051596500257,-1.0871393445907103,-0.21787723753544908
2022-09-07,92.70999908447266,94.70999908447266,92.66999816894533,94.5199966430664,80.15705871582031,3681100,0.01952321838494009,94.38699951171876,97.23099937438965,95.39639938354492,0.012859392573616187,29.39373623216167,-1.0318721351749787,-0.380676217063355
2022-09-08,94.02999877929688,95.11000061035156,93.75,94.77999877929688,80.3775405883789,3408300,0.0027507632825285455,94.19999923706055,96.95799942016602,95.45499938964844,0.012266003551406226,31.78390791818147,-0.9560714772135128,-0.49575526909338663
2022-09-09,95.08000183105467,96.13999938964844,94.68000030517578,95.80999755859376,81.25102996826172,4129900,0.010867258836912752,93.97199935913088,96.74849929809571,95.54559936523438,0.012637635592576513,38.325988016706944,-0.8036229510922368,-0.5573288054931567
2022-09-12,96.19000244140624,96.91999816894533,96.06999969482422,96.73999786376952,82.0396957397461,2737500,0.009706714631810831,94.08399887084961,96.49949913024902,95.65819931030273,0.012137716535652262,47.91808578671844,-0.6008370678083423,-0.5660304579561938
2022-09-13,94.8499984741211,95.11000061035156,92.73999786376952,93.04000091552734,78.90193939208984,4824900,-0.038246816517946924,93.9119987487793,96.0449993133545,95.66399932861329,0.014419182024762755,41.052633927177155,-0.7302685446644119,-0.5988780752978374
2022-09-14,92.6500015258789,92.93000030517578,91.33000183105467,91.9800033569336,78.0030288696289,5301500,-0.011392922916629633,93.76499938964844,95.55099945068359,95.65379943847657,0.014490832909381374,36.74048252819541,-0.907911033545858,-0.6606846669474415
2022-09-15,92.01000213623048,92.27999877929688,90.18000030517578,90.27999877929688,76.56134796142578,6727800,-0.018482327849453917,93.49199905395508,95.00249938964843,95.61299942016602,0.01480219612796533,28.14773449187446,-1.1723559579961176,-0.7630189251571768
2022-09-16,89.80999755859375,90.38999938964844,89.0999984741211,90.29000091552734,76.56983184814453,6807800,0.0001107901679853196,93.20299911499023,94.48799934387208,95.56739944458008,0.014854520631314564,32.70603321088011,-1.3653840792992042,-0.8834919559855823
2022-09-19,89.4800033569336,90.1999969482422,88.87999725341797,90.16000366210938,76.4595718383789,4467100,-0.0014397746383854049,93.03099975585937,94.01999969482422,95.52899948120117,0.014824162124093054,34.33243059096097,-1.5114271566122,-1.009078996110906
2022-09-20,89.31999969482422,89.4000015258789,87.5199966430664,87.97000122070312,74.60236358642578,5850800,-0.02429017693492641,92.55699996948242,93.55099983215332,95.45079956054687,0.01498359585661287,32.390756467334754,-1.7833251793871057,-1.1639282327661458
2022-09-21,88.58000183105469,89.0999984741211,86.55000305175781,86.58000183105469,73.423583984375,7128900,-0.015800834038425693,91.76300048828125,93.075,95.35199966430665,0.015080010634167508,30.526954957003156,-2.0869110439332843,-1.3485247949995736
2022-09-22,86.31999969482422,86.36000061035156,85.18000030517578,85.4800033569336,72.4907455444336,6743600,-0.012704994812399506,90.83300094604492,92.51650009155273,95.23999969482422,0.014946714764252985,27.924323766260585,-2.388729920998415,-1.5565658201993418
2022-09-23,83.69999694824219,84.12999725341797,82.5199966430664,83.44000244140625,71.5272216796875,8982100,-0.023865241406332616,89.59600143432617,91.78400039672852,95.10359970092773,0.014601349669214706,26.787693425921248,-2.7607108245416754,-1.7973948210678086
2022-09-26,82.98999786376953,83.05000305175781,80.25,81.0999984741211,69.52129364013672,8119600,-0.02804415027346585,88.03200149536133,91.05800018310546,94.88979965209961,0.01479194721417249,20.518031562208378,-3.2073547455109406,-2.0793868059564353
2022-09-27,81.80000305175781,82.3499984741211,79.81999969482422,80.0199966430664,68.5954818725586,10015000,-0.01331691555332537,86.73000106811523,90.32099990844726,94.66739959716797,0.014837270346744402,11.76161691600339,-3.60689238241703,-2.3848879212485543
2022-09-28,80.75,82.01000213623047,79.93000030517578,81.68000030517578,70.01849365234375,9000200,0.02074486043174817,85.70000076293945,89.73250007629395,94.43099960327149,0.016119518362615343,17.82909338772332,-3.746394314270134,-2.65718919985287
2022-09-29,80.86000061035156,80.86000061035156,78.7300033569336,79.27999877929688,67.96113586425781,8576300,-0.02938297645582677,84.60000076293946,89.04599990844727,94.15099960327149,0.016894057003128446,11.965047349269398,-4.004449860501282,-2.9266413319825526
2022-09-30,79.69999694824219,80.73999786376953,79.5,80.16999816894531,68.72406768798828,9023600,0.011226026782947596,83.58800048828125,88.39549980163574,93.87399963378907,0.01730224578303722,11.802692482077617,-4.089998273211833,-3.1593127202284093
2022-10-03,81.4000015258789,82.11000061035156,80.04000091552734,81.5999984741211,69.94991302490234,8718400,0.017837100384638704,82.73199996948242,87.88149986267089,93.61579956054688,0.01810514469143779,20.545843122156654,-3.9963396175355683,-3.3267180996898413
2022-10-04,82.55000305175781,83.87000274658203,82.43000030517578,83.25,71.36433410644531,6439300,0.020220607312905647,82.2599998474121,87.40849990844727,93.38739959716797,0.0187475998299367,28.18591762167462,-3.7457939437300922,-3.4105332684978915
2022-10-05,82.12000274658203,82.25,80.2699966430664,81.62000274658203,69.9670639038086,6518400,-0.01957954658760319,81.76399993896484,86.76350021362305,93.12439971923828,0.01806004463433207,28.28487547908479,-3.636838636106944,-3.4557943420197024
2022-10-06,81.38999938964844,81.72000122070312,79.18000030517578,79.3499984741211,68.02114868164062,7820800,-0.027811862240546104,81.1509994506836,85.99200019836425,92.80459976196289,0.018466285712267924,25.360368410200024,-3.691112298466251,-3.502857933309012
2022-10-07,78.5999984741211,79.04000091552734,76.91999816894531,77.44000244140625,66.38383483886719,6913700,-0.024070523874524907,80.55099945068359,85.07350044250488,92.3847998046875,0.01816974503982347,23.47790785426399,-3.8439347966741195,-3.5710733059820337
2022-10-10,77.55000305175781,78.20999908447266,76.58999633789062,76.70999908447266,65.75807189941406,6549500,-0.009426695944204533,80.11199951171875,84.07200050354004,91.9397998046875,0.017546780525242892,25.00000846957205,-3.97809588446502,-3.652477821678631
2022-10-11,76.66000366210938,78.0199966430664,75.76000213623047,77.48999786376953,66.42669677734375,7189700,0.010168150027455303,79.85899963378907,83.29450035095215,91.5263996887207,0.01697639312744654,29.256049103886113,-3.9756512969559736,-3.7171125167340997
2022-10-12,77.5,77.5,76.19999694824219,76.68000030517578,65.73233795166016,6634400,-0.010452930454556975,79.35899963378907,82.52950019836426,91.12199966430664,0.016970617997589397,29.64847634500657,-3.9930446442146916,-3.7722989422302184
2022-10-13,75.1500015258789,78.45999908447266,74.66000366210938,78.08000183105469,66.93246459960938,8561200,0.018257714140676784,79.23899993896484,81.91950035095215,90.73939971923828,0.01784670450042379,37.22593469125332,-3.849486094911782,-3.7877363727665316
2022-10-14,78.68000030517578,79.27999877929688,76.02999877929688,76.13999938964844,65.26945495605469,7320700,-0.024846342160748436,78.83600006103515,81.21200027465821,90.32099975585938,0.018186651486479084,37.94947326432282,-3.847900690129549,-3.7997692362391353
2022-10-17,77.55000305175781,79.30999755859375,77.48999786376953,79.01000213623047,67.72969818115234,5823800,0.03769375846583234,78.57700042724609,80.65450019836426,89.9545997619629,0.02087353765213502,47.74252561831491,-3.5738617557137786,-3.754587740134064
2022-10-18,80.30999755859375,80.98999786376953,79.12999725341797,79.87000274658203,68.46690368652344,5609200,0.010884705570172404,78.2390007019043,80.2495002746582,89.58799987792969,0.020765955952533385,45.80436498841266,-3.249827080280639,-3.653635608163379
2022-10-19,79.08999633789062,79.3499984741211,77.4000015258789,77.87999725341797,66.76103210449219,6452100,-0.024915555586971894,77.8650001525879,79.81450004577637,89.17079986572266,0.02112137434959018,46.69186961530349,-3.1176655695779516,-3.5464416004462938
2022-10-20,77.91999816894531,78.79000091552734,77.31999969482422,77.54000091552734,66.46956634521484,4959700,-0.004365643937868868,77.68400039672852,79.41749992370606,88.71679992675782,0.02104487648775275,43.619611348951196,-3.005713489063382,-3.4382959781697116
2022-10-21,77.80999755859375,78.19000244140625,76.54000091552734,78.1500015258789,66.99246978759766,6060100,0.007866915181186318,77.75500030517578,79.15299987792969,88.27979995727539,0.02071370654177081,41.28348797725138,-2.835087582545981,-3.317654299044966
2022-10-24,78.79000091552734,79.11000061035156,77.56999969482422,78.13999938964844,66.98390197753906,4918000,-0.0001279863856068486,77.89800033569335,79.00499992370605,87.8081999206543,0.01986511722827521,35.92287043318966,-2.6698955175658767,-3.188102542749148
2022-10-25,78.41000366210938,81.36000061035156,78.41000366210938,81.20999908447266,69.61559295654297,5815800,0.039288453017711555,78.27000045776367,79.06450004577637,87.38979995727539,0.02164473646781049,48.95353900102115,-2.265145114731496,-3.0035110571456176
2022-10-26,81.12999725341797,81.91000366210938,80.61000061035156,81.16000366210938,69.5727310180664,5746800,-0.0006156313622326381,78.71800079345704,79.03850021362305,86.97580001831055,0.021138196500528155,55.21014652212546,-1.9262075950385906,-2.7880503647242127
2022-10-27,81.61000061035156,82.22000122070312,81.0199966430664,81.27999877929688,69.67560577392578,5239600,0.00147850063791366,79.03800048828126,79.13850021362305,86.57639999389649,0.019983534011070257,62.32347845504289,-1.6291349124831669,-2.5562672742760038
2022-10-28,80.94999694824219,83.27999877929688,80.72000122070312,83.06999969482422,71.21002960205078,4651400,0.022022649389892512,79.73100051879882,79.28350028991699,86.22619995117188,0.020403353441991144,69.11057945803788,-1.2350279239149557,-2.2920194042037942
2022-10-31,82.30000305175781,83.43000030517578,82.08000183105469,82.9800033569336,71.1329116821289,5112200,-0.0010833795379949773,80.12800064086915,79.35250053405761,85.89540008544923,0.020065024652602483,67.21005186075946,-0.9193594450232894,-2.0174874123676934
2022-11-01,83.87999725341797,84.12999725341797,82.76000213623047,82.94999694824219,71.10717010498047,4751100,-0.00036161011662450004,80.43600006103516,79.33750038146972,85.60740005493165,0.019550130860468605,70.66576877562095,-0.6639574791203131,-1.7467814257182173
2022-11-02,82.43000030517578,83.41999816894531,80.51000213623047,80.66999816894531,69.1526870727539,7240200,-0.027486423908122726,80.71500015258789,79.2900001525879,85.29880004882813,0.020040703471696956,58.068522882950376,-0.6381700012870084,-1.5250591408319756
2022-11-03,79.93000030517578,81.16999816894531,79.02999877929688,80.55999755859375,69.05838012695312,5231600,-0.0013635876143345271,81.01699981689453,79.35050010681152,84.97699996948242,0.018980952047142976,65.54148308549428,-0.6194685217443805,-1.3439410170144568
2022-11-04,81.19999694824219,82.20999908447266,80.0999984741211,81.66000366210938,70.00135040283203,5664800,0.013654495243939913,81.36800003051758,79.56150016784667,84.6484001159668,0.018225475581543905,60.64257249607347,-0.510007120434878,-1.177154237698541
2022-11-07,82.08999633789062,82.55000305175781,81.11000061035156,81.66000366210938,70.00135040283203,5545800,0.0,81.72000045776367,79.80900039672852,84.36920013427735,0.018012922143451914,57.72217559450342,-0.41843471632702745,-1.0254103334242384
2022-11-08,81.87999725341797,82.77999877929688,81.38999938964844,81.91000366210938,70.21566009521484,5578400,0.0030614742687795626,81.79000091552734,80.03000068664551,84.11220016479493,0.01793993812938952,70.45688849231522,-0.3219784485350914,-0.884723956446409
2022-11-09,81.70999908447266,82.62000274658203,80.86000061035156,81.06999969482422,69.49556732177734,5510300,-0.010255206076540957,81.78100051879883,80.24950065612794,83.86460021972657,0.01793222812461822,67.05312414307576,-0.30974689197401517,-0.7697285435519303
2022-11-10,84.0,87.16999816894531,83.94999694824219,87.0,74.5789566040039,8312600,0.07314666741702691,82.35300064086914,80.6955005645752,83.74440017700195,0.02367933247378483,78.23865730495999,0.17641457288954143,-0.580499920263636
2022-11-11,87.02999877929688,87.88999938964844,86.66000366210938,86.98999786376953,74.57038879394531,5928000,-0.00011496708310887449,82.74500045776367,81.23800048828124,83.62060012817383,0.022623297715388877,78.23865730495999,0.5545019937769382,-0.35349953745552115
2022-11-14,86.51000213623047,86.62000274658203,84.80999755859375,84.87000274658203,72.75304412841797,6181900,-0.024370561780074018,82.93400039672852,81.53100051879883,83.4804002380371,0.0224358521649225,62.43207662565176,0.6752888014341352,-0.1477418696775899
2022-11-15,86.0,86.38999938964844,84.87999725341797,85.79000091552734,73.54170989990234,5283900,0.010840086475458088,83.21800079345704,81.82700042724609,83.3420002746582,0.022435114607742022,64.84924976008276,0.8356169086434164,0.04892988598661137
2022-11-16,85.56999969482422,85.9000015258789,84.80999755859375,85.01000213623047,72.87308502197266,4258200,-0.009091954434933491,83.65200119018554,82.18350067138672,83.15180038452148,0.021633283796087477,61.47692801751801,0.8894852733945982,0.21704096346820873
2022-11-17,83.95999908447266,84.61000061035156,83.5999984741211,84.43000030517578,72.37586975097656,4463400,-0.006822748105866694,84.03900146484375,82.52800064086914,82.94480041503907,0.021693808201082895,54.52127605609225,0.8752852960255524,0.34868982997967746
2022-11-18,85.44000244140625,85.83999633789062,84.63999938964844,85.5,73.2931137084961,3854100,0.012673216758932293,84.42300109863281,82.8955005645752,82.73860046386719,0.02175978451509968,57.8651522186901,0.93954129743436,0.466860123470614
2022-11-21,85.19999694824219,86.02999877929688,84.94000244140625,85.94999694824219,73.67886352539062,3505900,0.005263122201663029,84.8520004272461,83.28600044250489,82.52280044555664,0.021729892688179788,59.1240862362773,1.015074487600927,0.5765029962966767
2022-11-22,86.31999969482422,86.52999877929688,85.76000213623047,86.41999816894531,74.08175659179688,3514700,0.005468309917290082,85.3029998779297,83.54650039672852,82.390400390625,0.020181339718802097,69.65139467162847,1.1001780873875049,0.6812380145148423
2022-11-23,86.30999755859375,86.91000366210938,85.79000091552734,86.48999786376953,74.14177703857422,4423800,0.0008099941715733472,85.84499969482422,83.81300010681153,82.28060028076172,0.02016928784539013,70.32213397087654,1.1599010761249247,0.7769706268368588
2022-11-25,86.56999969482422,87.05999755859375,86.56999969482422,87.04000091552734,74.61322784423828,1524100,0.0063591521024677355,85.84899978637695,84.10100021362305,82.21580032348633,0.020174679633169247,69.1595331289047,1.2373492329554523,0.8690463480605776
2022-11-28,86.55000305175781,86.95999908447266,84.51000213623047,84.70999908447266,72.61591339111328,4032700,-0.02676932222594941,85.62099990844726,84.18300018310546,82.10420028686524,0.020773093279897285,59.31580608011841,1.0980580504114101,0.9148486885307441
2022-11-29,84.77999877929688,86.22000122070312,84.51000213623047,86.11000061035156,73.8160171508789,6035700,0.016526992574782406,85.74499969482422,84.33950004577636,82.02320022583008,0.02104366871793881,61.98628973750883,1.088094333383907,0.9494978175013767
2022-11-30,85.91000366210938,88.13999938964844,85.2699966430664,88.08000183105469,75.50475311279297,7077800,0.022877728565087407,85.97399978637695,84.59600028991699,82.02540023803711,0.021538790638525037,68.79356987318025,1.2250391614853129,1.004606086298164
2022-12-01,88.72000122070312,89.37999725341797,87.16999816894531,87.88999938964844,75.34188842773438,5038900,-0.0021571575551360134,86.26199951171876,84.95700035095214,82.05160018920898,0.020350100121992672,53.446937014667824,1.3032146678174286,1.064327802602017
2022-12-02,86.8499984741211,88.06999969482422,86.48999786376953,87.62999725341797,75.11900329589844,3953700,-0.002958267584890817,86.58199920654297,85.31050033569336,82.09460006713867,0.020377334839595744,52.43160794662672,1.3288709235314116,1.117236426787896
2022-12-05,87.37000274658203,87.37000274658203,85.83999633789062,86.02999877929688,73.74744415283203,5983200,-0.01825857040134382,86.63499908447265,85.52900009155273,82.14639999389648,0.0208588903422295,54.588589353499714,1.206192944476797,1.1350277303256762
2022-12-06,86.20999908447266,86.25,84.8499984741211,85.22000122070312,73.0530776977539,5276900,-0.009415291992177499,86.56199951171875,85.70699996948242,82.22880004882812,0.021031215459853734,47.725461279777,1.0317167403213858,1.114365532324818
2022-12-07,85.05000305175781,86.29000091552734,84.87999725341797,85.38999938964844,73.19880676269531,6206700,0.001994815377965642,86.45899963378906,85.88099975585938,82.33620010375977,0.021030643737500677,51.593947435289394,0.8968225113368931,1.070856928127233
2022-12-08,85.66000366210938,86.7699966430664,85.5,85.98999786376953,73.71315002441406,3994400,0.007026566089820552,86.40899963378907,86.12699966430664,82.42240005493164,0.02084237167023214,56.532651757188496,0.8287790761782219,1.022441357737431
2022-12-09,85.70999908447266,86.66000366210938,85.5,85.83000183105469,73.57600402832031,4572500,-0.0018606353842259837,86.28799972534179,86.06849975585938,82.5534001159668,0.012769539254605894,51.49592868348316,0.7532607004250451,0.9686052262749538
2022-12-12,86.02999877929688,86.5,85.05999755859375,86.48999786376953,74.14177703857422,5115900,0.007689572627692209,86.46599960327148,86.04349975585937,82.67980010986328,0.012903654588061315,52.402139760488545,0.7381589704597786,0.9225159751119189
2022-12-13,88.87999725341797,89.47000122070312,87.08000183105469,88.08999633789062,75.5133285522461,6864400,0.018499231282688378,86.66399917602538,86.20449943542481,82.80960006713867,0.012221391916059551,56.75019736517492,0.845550268616762,0.9071228338128875
2022-12-14,88.02999877929688,89.11000061035156,87.05000305175781,87.48999786376953,74.99900817871094,6553300,-0.006811198763360782,86.60499877929688,86.28949928283691,82.89440002441407,0.012181724693911192,53.87597082612779,0.872189723441025,0.900136211738515
2022-12-15,86.51000213623047,87.12000274658203,85.83999633789062,86.31999969482422,73.99604034423828,5325500,-0.01337293630715497,86.44799880981445,86.3549991607666,82.98839996337891,0.012404918530946022,47.337271428345716,0.7897884198867047,0.8780666533681529
2022-12-16,85.41999816894531,85.41999816894531,83.16000366210938,84.08999633789062,72.08440399169922,8166400,-0.02583414463412359,86.09399871826172,86.33799896240234,83.0831999206543,0.01368519665391566,47.690003041526786,0.5383365505102944,0.8101206327965813
2022-12-19,84.0,84.0,82.5199966430664,83.0199966430664,71.16718292236328,3776100,-0.01272445881106643,85.79299850463867,86.21399879455566,83.1947998046875,0.013614515060498582,38.197071685479834,0.2498391096680308,0.6980643281708713
2022-12-20,82.62999725341797,83.29000091552734,81.86000061035156,82.80999755859375,70.98716735839844,6614800,-0.0025295000357025144,85.55199813842773,86.05699882507324,83.31679977416992,0.013525537602467282,26.74311333536245,0.004209118113806198,0.5592932861594583
2022-12-21,83.36000061035156,84.41999816894531,83.25,83.5199966430664,71.59578704833984,7101700,0.00857383293569458,85.36499786376953,85.9119987487793,83.43739974975585,0.013630451330662222,31.561143728339076,-0.13164589551760741,0.42110544982404513
2022-12-22,81.66999816894531,82.05999755859375,80.48999786376953,82.01000213623047,71.29500579833984,6619400,-0.018079436871736188,84.96699829101563,85.68799896240235,83.54399978637696,0.014099809546938718,28.549596980850765,-0.3570401728907484,0.26547632528108644
2022-12-23,81.76000213623047,82.7699966430664,81.4000015258789,82.73999786376953,71.92960357666016,3539500,0.008901301164782716,84.6579978942871,85.47299880981446,83.63719970703124,0.014195590186887118,36.54943490577396,-0.4713290196570057,0.11811525629346802
2022-12-27,82.70999908447266,82.97000122070312,81.9800033569336,82.70999908447266,71.90354919433594,3961900,-0.0003625668367344126,84.27999801635742,85.37299880981445,83.76859970092774,0.012989875103699972,39.039267150018226,-0.5578933575555993,-0.017086466476345458
2022-12-28,82.87999725341797,83.2699966430664,81.18000030517578,81.30000305175781,70.6777572631836,5168000,-0.017047467637797964,83.60099868774414,85.13249893188477,83.81439971923828,0.012757512809224929,33.884927553658386,-0.7318349769513617,-0.1600361685713487
2022-12-29,81.87000274658203,83.26000213623047,81.62999725341797,83.08000183105469,72.22521209716797,5398400,0.021894203105548238,83.15999908447266,84.88249893188477,83.87859970092774,0.012654836764497985,39.50972653488928,-0.7177798191328861,-0.2715848986836562
2022-12-30,82.4800033569336,82.8499984741211,81.5,82.4800033569336,71.7035903930664,4897700,-0.007221936216867286,82.7759994506836,84.61199913024902,83.97059982299805,0.012691043684267772,38.29488328498531,-0.7464512424912186,-0.3665581674451687
2023-01-03,83.16999816894531,83.86000061035156,81.66000366210938,82.55999755859375,71.77313232421875,5906600,0.0009698617653297603,82.62299957275391,84.3584991455078,84.07099975585938,0.012723622621037742,35.68824443005866,-0.7540267376681271,-0.4440518814897604
2023-01-04,83.25,85.18000030517578,83.16999816894531,84.43000030517578,73.39881134033203,6860200,0.02265022773595482,82.76399993896484,84.27849922180175,84.19659973144532,0.013394902885303319,36.928564227345426,-0.6021950491173556,-0.4756805150152794
2023-01-05,83.76000213623047,83.76000213623047,81.95999908447266,82.16000366210938,71.42539978027344,6839500,-0.02688613804170803,82.69900054931641,84.12549934387206,84.27699981689453,0.014506250956253566,32.99297188999438,-0.6574583296242622,-0.5120360779370761
2023-01-06,82.56999969482422,84.66000366210938,82.19999694824219,84.37000274658203,73.34664916992188,5962000,0.0268987218350365,82.78400115966797,84.07449951171876,84.34019989013672,0.01584919380202759,44.16517137626072,-0.5169671457372829,-0.5130222914971174
2023-01-09,84.63999938964844,85.33000183105469,84.04000091552734,84.4000015258789,73.37274169921875,5699200,0.0003555621467381531,83.02300109863282,83.99499969482422,84.40499984741211,0.01575277504141618,51.068248774483386,-0.39861127687066755,-0.4901400885718275
2023-01-10,84.2699966430664,84.58999633789062,83.47000122070312,84.58999633789062,73.53789520263672,8040700,0.0022511233243693862,83.20800094604492,83.93299942016601,84.47119979858398,0.01576523503433013,55.75936730166744,-0.286183459827555,-0.44934876282297304
2023-01-11,85.22000122070312,87.6500015258789,85.22000122070312,87.62000274658203,76.17202758789062,5663300,0.03581991417269004,83.69900131225586,83.98949966430663,84.56219985961914,0.017682821044879848,64.62009961361346,0.04687227512835079,-0.35010455523270834
2023-01-12,88.0,88.86000061035156,87.12999725341797,88.7300033569336,77.13700103759766,5890600,0.012668347130300184,84.44200134277344,84.0215000152588,84.67719985961914,0.017421739924649193,65.45998297533234,0.39582627826852956,-0.20091838853246075
2023-01-13,87.80000305175781,88.52999877929688,87.52999877929688,88.18000030517578,76.65885925292969,4153800,-0.0061986141209227075,84.95200119018554,84.05600013732911,84.78179992675781,0.017408732711152987,69.41473987051623,0.6208375611781065,-0.036567198590347294
2023-01-17,88.30999755859375,88.88999938964844,88.08000183105469,88.43000030517578,76.87618255615234,3943900,0.002835109992456175,85.54700088500977,84.16150016784668,84.93699996948243,0.017101705548882965,68.4620594528814,0.8099964003673392,0.13274552120119004
2023-01-18,88.68000030517578,88.9800033569336,86.98999786376953,87.13999938964844,75.75472259521484,5984200,-0.0145878198696765,86.00500106811523,84.31400032043457,85.06860000610351,0.016328349585378495,63.28735098758838,0.8460609859536703,0.2754086141516861
2023-01-19,86.66000366210938,87.62999725341797,86.61000061035156,86.66000366210938,75.33745574951172,4696800,-0.0055083283325806365,86.22800140380859,84.49600067138672,85.16860000610352,0.01606558896450781,67.02669611142994,0.8263847372964932,0.3856038387806475
2023-01-20,86.68000030517578,87.72000122070312,85.66999816894531,87.69000244140625,76.23287963867188,4251100,0.011885515067745489,86.78100128173828,84.74000091552735,85.28919998168945,0.016162005992596633,65.37692999885992,0.883716527867449,0.4852263765980079
2023-01-23,87.69999694824219,88.58999633789062,87.13999938964844,88.08999633789062,76.58061218261719,5154100,0.004561453818542782,87.15300064086914,84.96850090026855,85.41279983520508,0.016113884521443626,68.96551190501368,0.9504720987993522,0.5782755210382768
2023-01-24,87.8499984741211,88.68000030517578,87.0,88.30999755859375,76.7718734741211,3810600,0.002497459755353537,87.54400024414062,85.28350067138672,85.55759979248047,0.015350076209056644,69.25653992224451,1.0094918360949805,0.6645187840496176
2023-01-25,87.91000366210938,88.48999786376953,87.5,88.3499984741211,76.80664825439453,4953300,0.00045296021552720944,87.92000045776368,85.56400070190429,85.58459976196289,0.015319063166705366,64.96183552877565,1.0474191467693146,0.741098856593557
2023-01-26,88.8499984741211,89.36000061035156,88.37000274658203,89.33999633789062,77.66728973388672,3939000,0.011205408951529439,88.09199981689453,85.8955005645752,85.6315997314453,0.015387897827036909,80.3722398290808,1.1441720642448274,0.8217134981238112
2023-01-27,89.13999938964844,90.68000030517578,89.13999938964844,90.33999633789062,78.53662872314453,4972100,0.011193194996538036,88.25299911499023,86.34750022888184,85.74099960327149,0.014634592326332841,78.13382441451009,1.2867087139564717,0.9147125412903434
2023-01-30,89.62000274658203,90.58000183105467,89.1500015258789,89.19000244140625,77.53689575195312,4737700,-0.012729620800328134,88.35399932861328,86.65300025939942,85.80899963378906,0.014626985213512052,70.41775692971518,1.291981975247964,0.9901664280818676
2023-01-31,89.29000091552734,91.16999816894533,89.13999938964844,91.05999755859376,79.1625747680664,5449600,0.020966420742235314,88.61699905395508,87.08199996948242,85.92999954223633,0.014879584462990305,74.12381363096914,1.4305634061180967,1.0782458236891135
2023-02-01,90.56999969482422,92.23999786376952,89.5999984741211,91.62000274658205,79.64939880371094,9787400,0.006149848484543918,89.06499938964843,87.53500022888184,86.07379959106446,0.014849602819527206,68.28155706779853,1.5675086628944115,1.176098391530173
2023-02-02,92.4499969482422,94.52999877929688,92.41999816894533,93.6999969482422,81.45765686035156,5218600,0.022702402742917904,89.76899871826171,87.99850006103516,86.23779953002929,0.014852811090272788,70.86482625643394,1.822864072035145,1.3054515276311676
2023-02-03,92.38999938964844,92.44000244140624,90.8000030517578,91.94000244140624,79.92759704589844,5353000,-0.018783293107342836,90.19399871826172,88.4875,86.35759963989258,0.01401476073332014,64.32930676453083,1.8617570493404259,1.4167126319730192
2023-02-06,90.8000030517578,91.37999725341795,90.33999633789062,91.2699966430664,79.34513092041016,3787500,-0.0072874241956522035,90.51199874877929,88.83249969482422,86.454599609375,0.01336705109284798,60.48744810425577,1.8175643946625826,1.496882984510932
2023-02-07,90.83999633789062,91.48999786376952,89.87000274658203,91.06999969482422,79.17127227783203,5912700,-0.00219126718087137,90.78799896240234,89.16599960327149,86.5461996459961,0.013415864723565162,65.78316664041819,1.7462733628510705,1.5467610601789596
2023-02-08,90.6500015258789,91.1500015258789,90.31999969482422,90.63999938964844,78.79743957519531,4886900,-0.004721646059258955,91.01699905395508,89.46849975585937,86.61819961547852,0.013550759017642078,66.04839751675081,1.6362159960576577,1.5646520473546994
2023-02-09,91.01000213623048,91.52999877929688,89.41000366210938,89.6500015258789,77.93678283691406,2905100,-0.010922306602338727,91.04799957275391,89.56999969482422,86.71699966430664,0.011578950447471148,57.92881317640783,1.4523681896816782,1.5421952758200954
2023-02-10,89.25,90.12999725341795,88.76000213623047,89.95999908447266,78.20628356933594,3270300,0.003457864509955,91.0099998474121,89.63149948120117,86.79399963378906,0.011278475230413247,57.620234652426745,1.3165058310734281,1.497057386870762
2023-02-13,90.18000030517578,90.9000015258789,90.08000183105467,90.76000213623048,78.90177154541016,2921900,0.008892875276784062,91.16699981689453,89.7604995727539,86.84759963989258,0.01129402688637262,59.53310419391633,1.2588759550268662,1.4494211005019828
2023-02-14,90.47000122070312,91.16000366210938,89.5,90.04000091552734,78.27584075927734,4217600,-0.007933023399695593,91.06500015258788,89.84099960327148,86.89059967041015,0.011482301469358124,56.245397264692365,1.1419421831960932,1.3879253170408048
2023-02-15,89.48999786376953,90.41999816894533,89.23999786376953,90.4000015258789,78.58879852294922,3669900,0.00399822975001185,90.94300003051758,90.00399971008301,86.94599975585938,0.010894369994203653,54.10855161409179,1.0660318159698932,1.3235466168266226
2023-02-16,89.12999725341797,90.30999755859376,88.41999816894531,89.5199966430664,77.82378387451172,4493100,-0.009734567123437232,90.525,90.14699935913086,87.01579971313477,0.011084834470946353,46.79186125715556,0.9242095510985564,1.2436792036810096
2023-02-17,89.20999908447266,89.45999908447266,88.31999969482422,89.16999816894531,77.5195083618164,4299600,-0.003909723941530108,90.24799957275391,90.22099914550782,87.09479965209961,0.010880477654298674,49.91650968449449,0.7746428322398629,1.1498719293927802
2023-02-21,88.61000061035156,88.62000274658203,86.98999786376953,87.37999725341797,75.96339416503906,4926400,-0.020074026604059436,89.85899963378907,90.18549919128418,87.134599609375,0.011799057317315103,34.537815826439626,0.505840995630578,1.0210657426403398
2023-02-22,87.5999984741211,87.7699966430664,86.19999694824219,86.58999633789062,75.276611328125,4456500,-0.009040981235513113,89.4109992980957,90.09949913024903,87.14659957885742,0.011934405767268709,29.266250834170407,0.22645668028913235,0.8621439301700983
2023-02-23,87.12000274658203,87.47000122070312,86.29000091552734,87.23999786376953,75.84165954589844,6074900,0.007506658429023094,89.07099914550781,90.04399909973145,87.17479949951172,0.012080306245562536,19.813101304768566,0.05683710560126087,0.7010825652563308
2023-02-24,86.26000213623047,86.33000183105469,85.2699966430664,85.70999908447266,74.51158142089844,5065400,-0.01753781312198177,88.67699890136718,89.86249923706055,87.15919952392578,0.012314084385484298,20.248337675113504,-0.19875462454656656,0.5211151272957514
2023-02-27,86.54000091552734,87.1500015258789,85.47000122070312,85.83999633789062,74.62458801269531,5170800,0.0015167104749336247,88.26499862670899,89.63749923706055,87.11419952392578,0.011953250372296826,22.658609575542997,-0.38636939433790474,0.33961822296902017
2023-02-28,85.80000305175781,86.83999633789062,85.62000274658203,85.72000122070312,74.520263671875,7261100,-0.0013978928507308863,87.76099853515625,89.4639991760254,87.07879959106445,0.011708081217036205,22.84264313249828,-0.5385302131314091,0.16398853574893432
2023-03-01,85.12000274658203,85.37000274658203,83.95999908447266,84.63999938964844,73.58136749267578,7041800,-0.01259918123745718,87.22099838256835,89.14299926757812,87.04519958496094,0.010609379664748187,21.428571428571516,-0.7377614256248961,-0.016361456525831763
2023-03-02,84.04000091552734,85.76000213623047,83.91999816894531,85.62999725341797,74.4420166015625,5208800,0.01169657219882514,86.74399795532227,88.84349899291992,87.07599960327148,0.010944732806718127,30.857122512090825,-0.8064725297492998,-0.1743836711705254
2023-03-03,86.30999755859375,87.12999725341797,86.05999755859375,86.93000030517578,75.57218170166016,4542100,0.01518163136115147,86.4849983215332,88.5049991607666,87.15419967651367,0.010100291477603801,36.81463302563452,-0.7474114985982823,-0.2889892366560768
2023-03-06,87.33000183105469,87.41000366210938,86.38999938964844,86.58999633789062,75.276611328125,3893700,-0.003911238537806727,86.22699813842773,88.23749885559081,87.22979965209962,0.009457960362430878,31.096992858254467,-0.7197439245899204,-0.3751401742428455
2023-03-07,86.52999877929688,86.61000061035156,84.38999938964844,84.56999969482422,73.52052307128906,6540600,-0.023328291124808387,85.94599838256836,87.90249900817871,87.25079971313477,0.010470978380851708,27.818327622116698,-0.8510041737500273,-0.4703129741442819
2023-03-08,84.52999877929688,86.04000091552734,84.48999786376953,85.54000091552734,74.36378479003906,5750400,0.011469802816642227,85.84099884033203,87.62599906921386,87.3213996887207,0.011009895372236988,31.22102127739859,-0.8667663322809176,-0.5496036457716091
2023-03-09,85.68000030517578,85.76000213623047,83.4000015258789,83.58000183105469,72.65986633300781,5974200,-0.02291324600765665,85.47499923706054,87.27299919128419,87.3381997680664,0.011871317597111712,28.815990605285407,-1.0255911261045867,-0.6448011418382047
2023-03-10,83.45999908447266,83.62999725341797,80.37999725341797,80.80999755859375,70.25179290771484,10351000,-0.03314195036822465,84.98499908447266,86.83099899291992,87.30019973754882,0.01348530127952655,24.574211165273823,-1.3593078595119863,-0.7877024853729611
2023-03-13,80.38999938964844,82.95999908447266,80.08999633789062,81.87000274658203,71.17328643798828,16288000,0.01311725306289846,84.5879997253418,86.42649917602539,87.31159973144531,0.013971753619734557,32.463424086342755,-1.520717332404601,-0.9343054547792891
2023-03-14,83.26000213623047,83.62000274658203,81.7699966430664,82.66000366210938,71.86007690429688,8706400,0.009649455099845161,84.28199996948243,86.02149925231933,87.3031997680664,0.014011197609294288,37.492071940643235,-1.5668276175359068,-1.0608098873306127
2023-03-15,81.30999755859375,82.8499984741211,81.30000305175781,82.5999984741211,71.80790710449219,10284900,-0.0007259277199352931,84.07799987792968,85.64949913024903,87.30559967041016,0.014012811811235204,34.65609720407102,-1.5898850625633685,-1.1666249223771639
2023-03-16,81.86000061035156,82.83000183105469,80.94999694824219,82.41999816894531,71.65144348144531,10324300,-0.0021791804903262824,83.75699996948242,85.25049896240235,87.30279968261719,0.01388993092253595,38.05374701570147,-1.6041906627833669,-1.2541380704584046
2023-03-17,82.08000183105469,82.16000366210938,80.47000122070312,80.55000305175781,70.0257568359375,9103200,-0.022688609060077414,83.11900024414062,84.80199928283692,87.22519973754883,0.014437244969522945,32.94651851910152,-1.7462907787110566,-1.352568612108935
2023-03-20,81.16000366210938,81.81999969482422,80.44000244140625,81.47000122070312,70.82555389404297,6300300,0.011421454178644375,82.60700073242188,84.4169994354248,87.2113996887207,0.014906806279723822,36.97119356193744,-1.7643318614312875,-1.4349212619734055
2023-03-21,82.0,82.22000122070312,80.4000015258789,81.11000061035156,70.51258850097656,5024500,-0.004418811893427077,82.26100082397461,84.10349960327149,87.14619964599609,0.014444234625442535,38.67865249039108,-1.7870782642580139,-1.5053526624303273
2023-03-22,80.63999938964844,80.66999816894531,78.05999755859375,78.08000183105469,67.87847137451172,8283600,-0.03735666078777189,81.51500091552734,83.6779998779297,87.0197996520996,0.016275563041226918,28.58766289265064,-2.0262432601002587,-1.6095307819643137
2023-03-23,78.4800033569336,79.48999786376953,77.30999755859375,77.58999633789062,67.4524917602539,6274400,-0.006275684959950567,80.91600036621094,83.19549980163575,86.8797996520996,0.016006277146450493,22.235446897510826,-2.229620908603991,-1.7335488072922491
2023-03-24,76.45999908447266,78.80999755859375,76.22000122070312,78.79000091552734,69.18228149414062,8380000,0.015465970283216723,80.7140007019043,82.84949989318848,86.70319961547851,0.016419838314737697,27.941208835072743,-2.2678267249295914,-1.8404043908197176
2023-03-27,79.26000213623047,79.55000305175781,78.58000183105469,78.69999694824219,69.1032485961914,4956700,-0.001142327278072397,80.39700012207031,82.49249992370605,86.50259948730469,0.016382937826999976,31.365097726346846,-2.2790956812652183,-1.9281426489088178
2023-03-28,78.12000274658203,78.86000061035156,77.81999969482422,78.51000213623047,68.9364013671875,4213800,-0.0024141654304850046,79.98199996948242,82.13199996948242,86.30919952392578,0.016375351074985448,26.51973600387329,-2.2771083166030053,-1.9979357824476556
2023-03-29,79.44000244140625,80.3499984741211,79.30000305175781,80.25,70.46424102783203,6364000,0.022162753998532514,79.74700012207032,81.9125,86.14559951782226,0.017263772886915964,38.711869877319465,-2.1107980637993933,-2.020508238718003
2023-03-30,81.0199966430664,81.55000305175781,80.9000015258789,81.30000305175781,71.38619232177734,4838000,0.013084150177667508,79.63500061035157,81.696000289917,86.02879959106446,0.01732657222171927,51.880295338638184,-1.8726824021885449,-1.9909430714121115
2023-03-31,81.7699966430664,83.12000274658203,81.63999938964844,83.04000091552734,72.91401672363281,6148200,0.021402186942868884,79.88400039672851,81.50150032043457,85.9563995361328,0.0177112431674942,54.26694965715043,-1.5259801892618157,-1.8979504949820525
2023-04-03,82.94000244140625,83.62000274658203,81.95999908447266,82.37999725341797,72.3344955444336,7582700,-0.007948020891531127,79.975,81.29100036621094,85.85019943237305,0.017755483441360635,48.96904928709032,-1.2896071785129806,-1.776281831688238
2023-04-04,82.55000305175781,82.72000122070312,81.72000122070312,82.2699966430664,72.2379150390625,6243400,-0.001335283005814869,80.09099960327148,81.17600021362304,85.73379943847657,0.017054270681302997,48.78942878637255,-1.0984932480852336,-1.6407241149676373
2023-04-05,82.04000091552734,82.5999984741211,81.70999908447266,81.83000183105469,71.8515853881836,7024100,-0.005348180745900155,80.46599960327148,80.99050025939941,85.60419952392579,0.016807527167112323,47.8761829956223,-0.9713409713797176,-1.5068474862500536
2023-04-06,82.12000274658203,82.44000244140625,81.47000122070312,82.38999938964844,72.3432846069336,7008200,0.006843425957021365,80.94599990844726,80.93100013732911,85.48499954223632,0.016171208461832343,57.31317992875189,-0.8159786590715612,-1.3686737208143551
2023-04-10,82.0,82.79000091552734,81.52999877929688,82.7699966430664,72.67694091796875,3972100,0.004612176917502264,81.34399948120117,81.02900009155273,85.35359954833984,0.014262432127590489,55.3986516757102,-0.6546439764028094,-1.2258677719320459
2023-04-11,82.93000030517578,83.80000305175781,82.5999984741211,83.12000274658203,72.98426055908203,4839400,0.004228659148374447,81.78600006103515,81.09150009155273,85.20919967651368,0.01401096535737266,58.35411914152551,-0.4928611144713102,-1.0792664404398988
2023-04-12,83.86000061035156,83.9800033569336,82.58000183105469,82.72000122070312,72.63304138183594,5920500,-0.00481233773654266,82.20699996948242,81.09449996948243,85.07979965209961,0.01390581930338459,74.68082377901399,-0.3924004627207722,-0.9418932448960735
2023-04-13,82.77999877929688,82.83000183105469,81.68000030517578,82.47000122070312,72.41352081298828,3884400,-0.0030222436691337284,82.42900009155274,81.08800010681152,84.9079997253418,0.013922717460385549,76.63757058852926,-0.3291631946800919,-0.8193472348528773
2023-04-14,82.5199966430664,83.01000213623047,80.56999969482422,81.19000244140625,71.28959655761719,5078300,-0.015520780409247092,82.41800003051758,81.02650032043456,84.69939971923829,0.014346497176927686,62.98702424645262,-0.3779753437695632,-0.7310728566362146
2023-04-17,81.19000244140625,82.9000015258789,81.19000244140625,82.87999725341797,72.77352905273438,5148900,0.020815306825878732,82.40199966430664,81.14300003051758,84.4829997253418,0.014125971543701535,69.28046429559289,-0.27709666823734835,-0.6402776189564413
2023-04-18,82.97000122070312,82.9800033569336,82.2699966430664,82.69000244140625,72.606689453125,4189600,-0.002292408522056033,82.43300018310546,81.20400009155273,84.2979997253418,0.013951924153448468,69.28046429559289,-0.2100591533998113,-0.5542339258451153
2023-04-19,82.2699966430664,83.37000274658203,81.97000122070312,83.18000030517578,73.03695678710938,3624200,0.005925720755864505,82.52400054931641,81.30750007629395,84.13619979858399,0.013938589588410703,65.27634908777316,-0.11605489875744013,-0.4665981204275803
2023-04-20,82.68000030517578,82.7699966430664,81.93000030517578,82.36000061035156,72.31694793701172,4604400,-0.00985813527068713,82.57700042724609,81.5215000152588,83.96199981689453,0.010956398943876459,55.66238898235455,-0.10649535982125258,-0.3945775683063148
2023-04-21,82.38999938964844,82.7699966430664,81.68000030517578,82.37000274658203,72.32572174072266,5136600,0.00012144410097558733,82.57500076293945,81.76050033569337,83.7965998840332,0.01077151606451872,45.609442463487845,-0.09699417902014318,-0.3350608904490805
2023-04-24,82.36000061035156,82.73999786376953,81.41999816894531,82.05999755859375,72.05352020263672,3673500,-0.0037635689893326107,82.50400085449219,81.92400016784669,83.6447998046875,0.010458447982982521,47.80219722637636,-0.11317464576454483,-0.2906836415121734
2023-04-25,81.5999984741211,81.88999938964844,81.16000366210938,81.25,71.34228515625,5127500,-0.00987079676690683,82.31700057983399,82.05150032043457,83.47059982299805,0.010777542854621413,43.60903405793569,-0.18917709993057485,-0.2703823331958537
2023-04-26,81.08999633789062,81.81999969482422,80.29000091552734,80.47000122070312,70.65740203857422,5128500,-0.009599984975961484,82.09200057983398,82.14950027465821,83.2647998046875,0.011036835948342892,41.82691161448046,-0.30878944271192665,-0.2780637550990683
2023-04-27,80.75,82.5199966430664,80.61000061035156,82.29000091552734,72.25547790527344,6439300,0.02261712025867313,82.07400054931641,82.25150032043457,83.1097998046875,0.011082432731184297,49.47808697992863,-0.25379868783711856,-0.27321074164667836
2023-04-28,82.41999816894531,83.70999908447266,82.20999908447266,83.30000305175781,73.14231872558594,5352800,0.012273692125331914,82.28500061035156,82.35150032043457,82.96779983520508,0.01103852449649577,52.59552623024933,-0.1272524993574251,-0.2440190931888277
2023-05-01,83.30999755859375,83.62000274658203,82.55000305175781,82.68000030517578,72.5979232788086,4817200,-0.00744300989036939,82.26500091552734,82.333500289917,82.83099990844727,0.010116003173110847,47.900750855031255,-0.07611536281882536,-0.21043834711482723
2023-05-02,82.47000122070312,82.63999938964844,80.66999816894531,81.27999877929688,71.3686294555664,5442500,-0.016932771174545613,82.1240005493164,82.27850036621093,82.6731999206543,0.010664288577156466,43.7282100290688,-0.14686427656589274,-0.19772353300504034
2023-05-03,81.68000030517578,82.58000183105469,80.88999938964844,80.95999908447266,71.08765411376953,7538900,-0.003937004178520276,81.9020004272461,82.21300048828125,82.54479995727539,0.010689336308972942,43.46319162470498,-0.22614771140708,-0.2034083686854483
2023-05-04,80.91999816894531,82.11000061035156,80.43000030517578,81.62999725341797,71.67594909667969,7231800,0.008275669176406986,81.82900009155273,82.20300025939942,82.44559997558594,0.01081413740976637,52.010946163926064,-0.23224003335928955,-0.20917470162021656
2023-05-05,82.11000061035156,83.16999816894531,82.08999633789062,82.98999786376953,72.8701171875,4560600,0.016660549505220335,81.89099960327148,82.23300018310547,82.36059997558594,0.011353654059901587,50.5183817343245,-0.12587653282815836,-0.19251506786180494
2023-05-08,82.80999755859375,83.06999969482422,82.16999816894531,82.51000213623047,72.44865417480469,4896000,-0.005783778044276988,81.93600006103516,82.22000045776367,82.2966000366211,0.01138972951094251,49.174310642303936,-0.07939907298123217,-0.1698918688856904
2023-05-09,82.11000061035156,82.51000213623047,81.25,82.16000366210938,72.1413345336914,4522000,-0.004241891468421244,82.0270004272461,82.17200050354003,82.22300018310547,0.011377938471174584,45.260239588466575,-0.07000038217086058,-0.14991357154272444
2023-05-10,82.95999908447266,83.2699966430664,82.0999984741211,82.94999694824219,72.83499908447266,6331600,0.00961530246982134,82.275,82.18350028991699,82.16760009765625,0.011547542404815266,52.74928505505539,0.0011803970691772747,-0.11969477782034411
2023-05-11,82.36000061035156,82.4000015258789,81.52999877929688,82.04000091552734,72.03595733642578,5175400,-0.01097041671119825,82.25,82.1620002746582,82.11560012817382,0.011798385717052638,48.58124623614014,-0.01565691407975578,-0.09888720507222645
2023-05-12,82.19999694824219,82.29000091552734,81.36000061035156,82.02999877929688,72.02717590332031,3293800,-0.00012191779764569866,82.12299957275391,82.20400009155273,82.0436001586914,0.011234628686442226,49.86761335017683,-0.029468004461790542,-0.08500336495013927
2023-05-15,82.16999816894531,82.37999725341797,81.68000030517578,81.88999938964844,71.90425109863281,3477400,-0.001706685258220042,82.04399948120117,82.15450019836426,81.94280014038085,0.01017807321454403,53.001876575443056,-0.051120884083943,-0.07822686877690002
2023-05-16,81.69000244140625,81.80000305175781,79.83000183105469,79.83999633789062,70.10420989990234,5401000,-0.025033619087032832,81.89999923706054,82.01199989318847,81.80780014038086,0.011559341276634244,47.359575567504514,-0.23103582371064135,-0.1087886597636483
2023-05-17,80.3499984741211,81.05999755859375,79.62000274658203,80.91999816894531,71.05252838134766,4849000,0.013527077662729425,81.89599914550782,81.89899978637695,81.73480010986329,0.01194152542727786,43.878447802712905,-0.2832079428928864,-0.14367251638949594
2023-05-18,80.58000183105469,80.94999694824219,79.91000366210938,80.52999877929688,70.71009063720703,4009000,-0.004819567455181972,81.7859992980957,81.80749969482422,81.63460006713868,0.011804022300340325,36.89684791003515,-0.35196715632224596,-0.18533144437604593
2023-05-19,80.88999938964844,81.30999755859375,80.01000213623047,80.4000015258789,70.59593963623047,4803400,-0.0016142711460140902,81.52699966430664,81.70899963378906,81.57100006103515,0.011801284734694419,38.69046717993588,-0.4121974644803288,-0.23070464839690252
2023-05-22,80.47000122070312,81.37999725341797,80.05000305175781,80.88999938964844,71.02619171142578,4839100,0.006094500677488401,81.36499938964843,81.6504997253418,81.57260009765625,0.011891617559360503,47.87349991014437,-0.4156008966740643,-0.2676838980523349
2023-05-23,80.70999908447266,81.55000305175781,80.02999877929688,80.12999725341797,70.3588638305664,5460000,-0.009395501816850338,81.1619987487793,81.5944995880127,81.53779998779297,0.0118726815356183,45.68156557637346,-0.4741581618622206,-0.30897875081431203
2023-05-24,79.68000030517578,79.9000015258789,78.31999969482422,78.41000366210938,68.8486099243164,4910700,-0.02146503993840121,80.70799942016602,81.491499710083,81.45279998779297,0.012617709749274217,34.89681332641486,-0.651840315240932,-0.37755106369963604
2023-05-25,78.79000091552734,78.97000122070312,77.80999755859375,78.4000015258789,68.83982849121094,4810700,-0.0001275619916251136,80.34399948120117,81.29699974060058,81.36880004882812,0.011313803688502887,25.349059804405215,-0.7844194911173901,-0.4589247491831869
2023-05-26,78.52999877929688,79.44999694824219,78.18000030517578,79.30000305175781,69.63008117675781,3230700,0.01147961107605111,80.07099990844726,81.09699974060058,81.30640014648438,0.01126102630186439,33.50460939882963,-0.8075578178323326,-0.5286513629130161
2023-05-30,79.58000183105469,80.4800033569336,79.37000274658203,79.5999984741211,69.89348602294922,4449400,0.0037830442726147773,79.84199981689453,80.94299964904785,81.28740005493164,0.011276042223119367,36.77681227956099,-0.7925519396246727,-0.5814314782553474
2023-05-31,79.38999938964844,80.18000030517578,79.11000061035156,80.0,70.24472045898438,4673800,0.005025144893802347,79.85800018310547,80.87899971008301,81.25800003051758,0.010787117468725129,34.1227175446636,-0.7398543128719126,-0.6131160451786604
2023-06-01,79.9000015258789,80.4800033569336,79.1500015258789,80.01000213623047,70.25348663330078,4016600,0.0001250267028809482,79.76700057983399,80.8314998626709,81.23600006103516,0.010761923288450758,37.90227099538598,-0.689337719074345,-0.6283603799577974
2023-06-02,80.88999938964844,82.19000244140625,80.73999786376953,81.95999908447266,71.96570587158203,5114900,0.0243719147128878,79.91000061035156,80.84799995422364,81.31360000610351,0.011987545690253065,49.66118231308896,-0.4863481785575061,-0.5999579396777391
2023-06-05,81.86000061035156,82.30999755859375,81.23999786376953,81.38999938964844,71.46522521972656,3936600,-0.006954608360070225,80.00900039672851,80.76800003051758,81.38960006713867,0.011438598984297724,47.67657873950426,-0.3672384210039894,-0.5534140359429892
2023-06-06,81.79000091552734,82.33999633789062,81.19999694824219,82.16999816894531,72.15009307861328,4728200,0.009583471988526382,80.1370002746582,80.75099983215333,81.45720001220702,0.011608892580674058,62.2761023642304,-0.20751163231014402,-0.4842335552164202
2023-06-07,82.54000091552734,83.9000015258789,82.1500015258789,83.68000030517578,73.4759750366211,3825200,0.01837656285601752,80.49200057983398,80.82699966430664,81.5568000793457,0.012271325646112429,63.91131435673452,0.040451254397865455,-0.3792965932935631
2023-06-08,83.30000305175781,83.44000244140625,82.26000213623047,83.16000366210938,73.01937866210938,3097900,-0.006214109000597601,80.96700057983398,80.8375,81.64980010986328,0.012195889034806406,63.08461729999575,0.1927819746863264,-0.2648808796975852
2023-06-09,83.19000244140625,83.33999633789062,82.33999633789062,82.68000030517578,72.5979232788086,3199400,-0.005772045884989585,81.39500045776367,80.86949996948242,81.69840011596679,0.011999166744496472,60.961539025843116,0.2716415934511076,-0.15757638506784666
2023-06-12,82.62000274658203,82.72000122070312,81.94999694824219,82.69999694824219,72.61546325683594,4072500,0.00024185586589986485,81.73499984741211,80.90299987792969,81.72639999389648,0.01199851859581027,59.113791005144655,0.3319257381587022,-0.059675960422536894
2023-06-13,82.5999984741211,83.33000183105469,82.3499984741211,83.2300033569336,73.08086395263672,3693700,0.006408783896607817,82.09800033569336,80.97000007629394,81.7302000427246,0.012057924451542162,65.97941793207163,0.41765398968382783,0.035790029598736055
2023-06-14,83.56999969482422,84.12999725341797,82.8499984741211,83.54000091552734,73.3530502319336,5042700,0.0037245890435004814,82.45200042724609,81.15500030517578,81.7534001159668,0.010406582335986616,80.94087265906919,0.5047895590607396,0.1295899354911368
2023-06-15,83.2300033569336,84.12000274658203,82.68000030517578,83.9800033569336,73.7394027709961,4661000,0.005266967160452385,82.8490005493164,81.3080005645752,81.78760025024414,0.01009767891481895,81.9954188642003,0.6024054898350641,0.22415304635992228
2023-06-16,84.16000366210938,84.68000030517578,83.73999786376953,83.91999816894531,73.68671417236328,4576900,-0.0007145175707274909,83.04500045776368,81.47750053405761,81.82940017700196,0.009994975208128707,79.31467166514338,0.6672334492080694,0.3127691269295517
2023-06-20,83.62000274658203,83.72000122070312,82.47000122070312,82.93000030517578,72.81743621826172,3826600,-0.011796924277530318,83.19900054931641,81.60400047302247,81.8402001953125,0.010443994339063808,69.4282321185662,0.6314465969151826,0.3765046209266779
2023-06-21,82.47000122070312,82.7300033569336,81.83000183105469,82.43000030517578,72.3783950805664,4691300,-0.006029181215001067,83.22500076293946,81.68100051879883,81.83340026855468,0.010521076416233973,64.01383321820319,0.5563264522764371,0.4124689871966298
2023-06-22,82.54000091552734,82.61000061035156,80.76000213623047,81.25,71.34228515625,5114800,-0.014315180162648766,82.98200073242188,81.73700065612793,81.79600021362305,0.010829796756145652,56.30079961294795,0.3970006570351643,0.4093753211643367
2023-06-23,80.76000213623047,81.44999694824219,80.0999984741211,80.12999725341797,70.3588638305664,3956400,-0.013784649188701925,82.67900009155274,81.82300033569337,81.74420013427735,0.01011306021632516,39.84461793794878,0.17830358232350818,0.36316097339617104
2023-06-26,80.12999725341797,82.0999984741211,80.0199966430664,81.9800033569336,71.98329162597656,3246800,0.02308755980191557,82.60900039672852,82.00200042724609,81.73440017700196,0.011231136461026992,52.86687580121491,0.1525066051823245,0.32103009975340174
2023-06-27,82.30999755859375,83.22000122070312,81.73999786376953,82.98999786376953,72.8701171875,3845900,0.012320010557190564,82.63800048828125,82.18650016784667,81.77040008544923,0.01126881841767181,53.897332543319614,0.211126693663374,0.29904941853539624
2023-06-28,82.91000366210938,83.27999877929688,82.37000274658203,83.11000061035156,72.97547912597656,4691000,0.0014459904768164833,82.62600021362304,82.3620002746582,81.7750001525879,0.011265147454837608,46.878428731274376,0.2642209798797097,0.292083730804259
2023-06-29,81.94000244140625,83.12999725341797,81.66000366210938,83.0999984741211,73.7906265258789,5033400,-0.00012034816697170658,82.58199996948242,82.51700019836426,81.78320007324218,0.011256460754695012,49.65194279205164,0.3020101108640887,0.29406900681622494
2023-06-30,83.80999755859375,84.01000213623047,82.38999938964844,83.55999755859375,74.19910430908203,5758500,0.005535488482781403,82.53999938964844,82.69449996948242,81.79080001831055,0.011274974423717731,55.11625493137549,0.36487035286546643,0.30822927602607325
2023-07-03,83.43000030517578,84.75,83.12999725341797,84.37999725341797,74.92723846435547,3632400,0.009813304437320314,82.5859992980957,82.81549987792968,81.83119995117187,0.01018799630480098,58.936155879614866,0.47537484458625556,0.3416583897381097
2023-07-05,84.19999694824219,85.0999984741211,83.43000030517578,84.56999969482422,75.09596252441406,5766400,0.0022517474234518,82.74999923706055,82.97449989318848,81.87519989013671,0.009991739043602678,57.395112815512064,0.5716919505812541,0.38766510190673864
2023-07-06,83.45999908447266,84.0199966430664,82.36000061035156,83.91999816894531,74.51878356933594,5609000,-0.0076859587114163075,82.8989990234375,83.06199989318847,81.91239990234375,0.010044811576892186,52.02125837710082,0.5887870891045992,0.4278894993463108
2023-07-07,83.5,84.2699966430664,83.31999969482422,83.7300033569336,74.3500747680664,5865300,-0.0022639992392424757,83.14699935913086,83.06450004577637,81.96199996948242,0.009201499390683234,48.63388114832695,0.5803146104754688,0.4583745215721425
2023-07-10,83.47000122070312,84.16000366210938,83.23999786376953,84.08999633789062,74.66973876953125,3855600,0.004299450215264011,83.54299926757812,83.11099967956542,82.03439987182617,0.00912358526723594,50.89946150182056,0.5957807455235553,0.48585576636242506
2023-07-11,84.31999969482422,85.33999633789062,84.12000274658203,85.29000091552734,75.73531341552734,4038400,0.014270479603957442,83.8739990234375,83.241499710083,82.09439987182617,0.009481074614896508,62.2153194393108,0.6968354245262844,0.528051697995197
2023-07-12,86.44000244140625,86.55000305175781,85.66999816894531,85.75,76.14378356933594,5361600,0.005393353025382686,84.14999923706054,83.3939998626709,82.14339981079101,0.009512224149600396,67.25571074292992,0.8047632575544412,0.5833940099070459
2023-07-13,85.73999786376953,86.31999969482422,85.26000213623047,86.30000305175781,76.63217163085938,5067100,0.006414029758108564,84.46899948120117,83.54749984741211,82.21579986572266,0.009512356387188652,78.08676288127855,0.9240258971605613,0.6515203873577491
2023-07-14,85.9800033569336,86.19000244140625,85.58000183105469,86.12999725341797,76.48119354248047,5618100,-0.0019699396561768667,84.77199935913086,83.67699966430663,82.31279983520508,0.0095386579875749,87.31339317910079,0.9933733614042097,0.7198909821670412
2023-07-17,85.91000366210938,86.2300033569336,85.41000366210938,85.56999969482422,75.98394775390625,5610700,-0.006501771466984829,84.9729995727539,83.75649948120117,82.40499984741211,0.009660869270661959,76.59256546585648,0.9917127562211903,0.774255336977871
2023-07-18,85.70999908447266,85.83000183105469,84.37999725341797,85.0999984741211,75.56660461425781,4605100,-0.00549259346008335,85.04499969482421,83.81549949645996,82.47439987182617,0.009763574808948093,66.98871440541157,0.9416171675320157,0.8077277030886999
2023-07-19,85.5999984741211,86.44999694824219,85.58000183105469,86.05999755859375,76.41903686523438,5363700,0.011280835507471831,85.19399948120117,83.97199935913086,82.53579986572265,0.00956518498721424,70.92195511537155,0.9682189305108864,0.8398259485731372
2023-07-20,85.7300033569336,85.81999969482422,84.70999908447266,85.77999877929688,76.17040252685547,5667100,-0.003253529947014444,85.37999954223633,84.13949928283691,82.60119979858399,0.009463721634133013,68.30601377668594,0.9556908486784863,0.8629989285942071
2023-07-21,86.01000213623047,86.41999816894531,85.80000305175781,86.18000030517578,76.52559661865234,4767700,0.004663109484392303,85.62499923706055,84.3859992980957,82.68159973144532,0.008654789463439233,68.04409074142771,0.9668932897781559,0.8837778008309969
2023-07-24,86.20999908447266,86.97000122070312,86.1500015258789,86.88999938964844,77.15606689453125,4990600,0.00823855978136967,85.90499954223633,84.72399940490723,82.76039978027343,0.007764033964530851,67.5524587452583,1.0212895077511916,0.911280142215036
2023-07-25,86.56999969482422,87.16999816894531,86.18000030517578,86.2699966430664,76.60551452636719,4968100,-0.007135490285846369,86.00299911499023,84.93849906921386,82.84499969482422,0.006745496114342021,61.21369747746913,1.0028100918175227,0.9295861321355333
2023-07-26,86.12999725341797,86.83999633789062,86.08999633789062,86.66000366210938,76.95183563232422,7377400,0.004520772391548578,86.09399948120117,85.12199935913085,82.93759979248047,0.006367326795432436,68.71586578949562,1.0080155527410994,0.9452720162566466
2023-07-27,87.11000061035156,87.31999969482422,84.70999908447266,84.77999877929688,75.28243255615234,8010000,-0.021694031887451892,85.94199905395507,85.20549926757812,82.99539978027343,0.008313626202300308,55.82682239294948,0.8506346491065528,0.9263445428266279
2023-07-28,85.79000091552734,86.0,84.55000305175781,84.70999908447266,75.22028350830078,5025800,-0.000825662843030317,85.79999923706055,85.2859992980957,83.09279983520508,0.008320247863009547,53.55505179137164,0.7120526589327341,0.8834861660478492
2023-07-31,84.94000244140625,85.73999786376953,84.66999816894531,85.26000213623047,75.70867156982422,6121600,0.006492776032370751,85.76899948120118,85.37099952697754,83.17959991455078,0.008350454312260256,49.81413447739266,0.639237352709614,0.8346364033802023
2023-08-01,85.04000091552734,85.41999816894531,84.66999816894531,85.12000274658203,75.5843505859375,4641600,-0.0016420289249435838,85.77099990844727,85.40799980163574,83.27139999389648,0.008106366957378734,45.935513594556475,0.5637355249821354,0.7804562277005889
2023-08-02,84.41000366210938,84.81999969482422,84.08999633789062,84.62999725341797,75.14924621582031,4147000,-0.005756643295970032,85.62799987792968,85.41099967956544,83.35599990844726,0.008210738534742223,39.141740587550736,0.45906857759300124,0.7161786976790714
2023-08-03,83.80999755859375,83.83000183105469,82.58999633789062,83.70999908447266,74.33230590820312,6454100,-0.010870828297328772,85.42099990844727,85.4004997253418,83.41239990234375,0.008397783539715147,35.663548022598874,0.29844284091821294,0.6326315263268997
2023-08-04,83.48999786376953,84.2300033569336,82.73999786376953,83.02999877929688,73.72847747802734,5148300,-0.008123286496390825,85.10599975585937,85.36549949645996,83.47039993286133,0.00857782953319535,35.163581493058246,0.11495036942486081,0.529095294946492
2023-08-07,83.25,84.11000061035156,83.08999633789062,84.06999969482422,74.65198516845703,3906500,0.012525604369714394,84.82399978637696,85.36449966430663,83.58359985351562,0.009001034919817576,44.35927433169827,0.05284152183625679,0.43384454032444497
2023-08-08,83.4000015258789,83.7300033569336,82.7300033569336,83.52999877929688,74.17247009277344,3854800,-0.0064232296596593574,84.55,85.27649955749511,83.68619979858398,0.008450033400388116,35.476507480466694,-0.039498434884478684,0.33917594528266026
2023-08-09,83.26000213623047,83.9800033569336,82.95999908447266,83.5199966430664,74.16358947753906,2960200,-0.00011974304293838056,84.2359992980957,85.16499938964844,83.77059967041015,0.00831912886259166,36.61140193319599,-0.11219232141756663,0.24890229194261493
2023-08-10,83.69999694824219,84.38999938964844,82.9800033569336,83.19999694824219,73.87943267822266,4451100,-0.003831414124593202,84.07799911499023,85.00999908447265,83.84259963989258,0.008133551285550007,32.17706351270573,-0.19339471733213998,0.16044289008766396
2023-08-11,82.88999938964844,83.44999694824219,82.62999725341797,83.33000183105469,73.99488067626953,3654700,0.0015625587449645817,83.93999938964843,84.8699993133545,83.90919967651367,0.008167856419009857,27.12092446731728,-0.24444013980628654,0.07946628410887387
2023-08-14,83.19000244140625,83.19000244140625,82.52999877929688,82.77999877929688,73.50648498535156,3376700,-0.00660030048808713,83.69199905395507,84.73049926757812,83.964599609375,0.008170985393190616,27.367156522711454,-0.3255222368729136,-0.0015314200874836231
2023-08-15,82.12999725341797,82.41000366210938,81.66999816894531,81.8499984741211,72.68067932128906,3398400,-0.011234601581177728,83.36499862670898,84.56799926757813,83.96239959716797,0.00841140058458923,20.848534281780047,-0.4595264998095132,-0.09313043603188954
2023-08-16,81.91000366210938,81.97000122070312,80.79000091552734,80.83999633789062,71.7838134765625,3703700,-0.01233967202271613,82.98599853515626,84.30699920654297,83.95139953613281,0.008114646484972964,23.30628937449474,-0.6398487964556097,-0.20247410811663358
2023-08-17,80.91999816894531,81.44000244140625,80.16000366210938,80.19000244140625,71.2066421508789,4069800,-0.00804049883633795,82.63399887084961,84.02749938964844,83.91179962158203,0.008189899649221018,21.608112447104716,-0.8256865898841568,-0.32711660447013824
2023-08-18,79.62000274658203,80.61000061035156,79.5,80.44000244140625,71.42863464355469,3307400,0.0031175956152722506,82.37499923706055,83.74049949645996,83.84699966430664,0.008117465464332556,18.537907377693315,-0.9419334469591121,-0.450079972967933
2023-08-21,80.25,80.27999877929688,79.04000091552734,79.69999694824219,70.77153015136719,3789800,-0.009199471291700845,81.93799896240235,83.38099937438965,83.7777995300293,0.0077277084745191295,17.191317287007806,-1.081307537319148,-0.5763254858381761
2023-08-22,79.9800033569336,80.25,79.68000030517578,79.93000030517578,70.97577667236328,3380200,0.0028858640619893183,81.57799911499023,83.06399955749512,83.72279953002929,0.007856690499217158,20.625075101709186,-1.15983332280517,-0.6930270532315749
2023-08-23,80.19999694824219,81.29000091552734,80.19999694824219,81.19000244140625,72.09461212158203,3257800,0.015763819985233685,81.34499969482422,82.79049949645996,83.69259963989258,0.008824480518943516,34.89214128435164,-1.1076259094233478,-0.7759468244699295
2023-08-24,81.41999816894531,82.30999755859375,80.80999755859375,80.87999725341797,71.8193359375,4523800,-0.0038182679968756794,81.1129997253418,82.59549942016602,83.64559951782226,0.007686505353737699,36.511950926963834,-1.078829906420438,-0.8365234408600313
2023-08-25,80.98999786376953,81.5,80.58999633789062,80.94000244140625,71.87262725830078,4252000,0.0007419039320719634,80.87399978637696,82.4069995880127,83.59359954833984,0.00771054101816242,27.610983227406322,-1.039187838855895,-0.8770563204592041
2023-08-28,81.2699966430664,82.13999938964844,81.2699966430664,81.69999694824219,72.5474853515625,3448800,0.009389603211169995,80.76599960327148,82.22899932861328,83.54799942016602,0.007908007107387547,37.30931862624758,-0.9356603000323247,-0.8887771163738283
2023-08-29,81.66999816894531,82.72000122070312,81.37999725341797,82.69000244140625,73.42656707763672,3515300,0.012117570748396034,80.85,82.1074993133545,83.52339950561523,0.008524503814315501,44.93289600301076,-0.7649113878237586,-0.8640039706638144
2023-08-30,82.70999908447266,83.20999908447266,82.62000274658203,82.98999786376953,73.69296264648438,3042100,0.00362795275735861,81.06500015258788,82.02549934387207,83.52459945678712,0.00853108994140318,48.71481919688923,-0.5984855523968946,-0.8109002870104305
2023-08-31,83.0,83.12999725341797,82.37999725341797,82.37999725341797,73.15129089355469,3410200,-0.007350290710368412,81.28399963378907,81.95899925231933,83.52359939575196,0.008349867376125822,44.50865471544178,-0.5099356097697552,-0.7507073515622955
2023-09-01,82.9000015258789,83.16999816894531,82.30000305175781,82.5199966430664,73.27561950683594,3403900,0.0016994342597240752,81.49199905395508,81.93349914550781,83.54899932861328,0.008181614913295318,48.42231964704847,-0.42357959959396396,-0.6852818011686292
2023-09-05,82.27999877929688,82.44999694824219,81.52999877929688,81.55999755859375,72.42314910888672,3578000,-0.01163353276206558,81.67799911499023,81.8079990386963,83.5775993347168,0.007972826957065129,48.24667171602088,-0.4276757624672314,-0.6337605934283497
2023-09-06,81.44999694824219,81.72000122070312,80.77999877929688,81.38999938964844,72.272216796875,3681300,-0.002084332688009005,81.8239990234375,81.70099906921386,83.56579925537109,0.007889962244023111,53.7012278896686,-0.43957231651495476,-0.5949229380456706
2023-09-07,81.12999725341797,82.26000213623047,81.12999725341797,81.9000015258789,72.72506713867188,5056100,0.006266152353544996,81.89499893188477,81.6199993133545,83.54399932861328,0.008066093755245782,61.72836276068348,-0.40319967629447717,-0.556578285695432
2023-09-08,81.95999908447266,82.18000030517578,81.38999938964844,81.58000183105469,72.44091796875,3317400,-0.003907200108208886,81.96499938964844,81.53899955749512,83.51339935302734,0.008067537296392998,57.744544372711715,-0.39563476657728813,-0.5243895818718033
2023-09-11,81.69000244140625,81.83999633789062,81.18000030517578,81.58999633789062,72.44979858398438,2813600,0.00012251172605548533,82.02999877929688,81.45199928283691,83.48319931030274,0.008050323638203518,64.25337856498444,-0.3844019021045142,-0.4963920459183455
2023-09-12,81.41999816894531,81.72000122070312,81.01000213623047,81.55000305175781,72.4142837524414,2959200,-0.000490173892975676,82.01499938964844,81.39049949645997,83.44299942016602,0.007942779153521094,62.57767120837149,-0.3744109239657405,-0.47199582152782454
2023-09-13,81.54000091552734,81.62000274658203,80.45999908447266,80.66000366210938,71.62398529052734,3989000,-0.010913542076553595,81.81199951171875,81.33099975585938,83.36859954833984,0.007920699959992762,45.6342712347569,-0.4333135456925987,-0.4642593663607794
2023-09-14,81.12000274658203,82.30000305175781,81.12000274658203,82.12000274658203,72.92044067382812,3926600,0.018100657304563228,81.725,81.39500007629394,83.319599609375,0.008472245775084118,58.587312355627695,-0.35805711386035455,-0.4430189158606944
2023-09-15,81.70999908447266,82.06999969482422,81.48999786376953,81.80999755859375,72.6451644897461,3784500,-0.003775026517533586,81.66800003051758,81.47599983215332,83.27739959716797,0.008289174766234865,55.823271433327946,-0.31974485760497373,-0.41836410420955034
2023-09-18,81.80999755859375,81.80999755859375,80.87000274658203,81.08000183105469,71.99694061279297,3117700,-0.00892306257577169,81.52400054931641,81.50799980163575,83.22439956665039,0.008562550643520071,45.83335896978385,-0.3443175939880092,-0.40355480216524214
2023-09-19,80.94000244140625,81.30999755859375,80.4800033569336,80.70999908447266,71.66837310791016,2742500,-0.004563427950495136,81.43900070190429,81.55849990844726,83.15679962158202,0.008348184867851681,35.48381322931081,-0.38916177926913065,-0.40067619758601986
2023-09-20,81.37000274658203,81.77999877929688,80.7699966430664,80.77999877929688,71.73055267333984,3827800,0.000867298917336834,81.37800064086915,81.60099983215332,83.06659957885742,0.008332080742971263,33.23214817027356,-0.41427719915563443,-0.40339639789994275
2023-09-21,80.18000030517578,80.30000305175781,78.0,78.02999877929688,69.28861236572266,6202200,-0.03404308048473004,80.99100036621094,81.44299964904785,82.91219955444336,0.010665779009445002,25.085885426088723,-0.648606634119048,-0.4524384451437638
2023-09-22,78.05999755859375,78.48999786376953,77.37999725341797,77.44000244140625,68.76470947265625,5061200,-0.007561147598622808,80.57700042724609,81.27099990844727,82.73499954223632,0.010733306410828942,22.331141194725234,-0.8718717781059553,-0.5363251117362021
2023-09-25,77.12999725341797,77.44000244140625,76.79000091552734,77.37000274658203,68.70255279541016,3928200,-0.0009039216505343228,80.15500106811524,81.09249992370606,82.55979965209961,0.010716541337078733,24.72857622735451,-1.0424427722343097,-0.6375486438358237
2023-09-26,76.91000366210938,77.06999969482422,75.69000244140625,75.95999908447266,67.45050048828125,5220800,-0.018224164560620593,79.59600067138672,80.80550003051758,82.36759963989257,0.010921940843959893,21.510989780764774,-1.2766802503979164,-0.7653749651482422
2023-09-27,76.2300033569336,76.6500015258789,75.05000305175781,75.44999694824219,66.99762725830078,6657600,-0.006714088235616145,79.075,80.44349975585938,82.174599609375,0.010291074967292096,16.15944088414598,-1.486334510534249,-0.9095668742254436
2023-09-28,75.0,75.75,74.8499984741211,75.44000244140625,67.6405258178711,6659600,-0.00013246530470756301,78.40699996948243,80.06599998474121,81.96219970703125,0.010167987491032128,16.702772569223214,-1.634452543829866,-1.0545440081463282
2023-09-29,76.44000244140625,76.7699966430664,75.22000122070312,75.66000366210938,67.8377685546875,6630600,0.0029162409011584955,77.79200057983398,79.73000030517578,81.7597998046875,0.010286046198450896,18.557808687322407,-1.714323241269426,-1.1864998547709478
2023-10-02,75.41000366210938,75.69999694824219,73.80000305175781,74.2699966430664,66.59147644042969,7564300,-0.01837175458318263,77.11100006103516,79.31750030517578,81.5215997314453,0.01065327191181712,16.233756582825933,-1.8682473021355293,-1.3228493442438642
2023-10-03,73.86000061035156,74.1500015258789,72.58999633789062,72.81999969482422,65.29139709472656,7121000,-0.01952332050330785,76.3220001220703,78.8805004119873,81.24019973754883,0.01104305396159447,15.432093366533067,-2.0832217809971354,-1.4749238315945186
2023-10-04,73.20999908447266,73.72000122070312,72.33999633789062,73.70999908447266,66.08937072753906,8748100,0.012221908725326358,75.6150001525879,78.49650039672852,80.98899978637695,0.011724592901054282,10.956358747164657,-2.156911557785719,-1.6113213768327588
2023-10-05,73.55000305175781,74.20999908447266,73.23999786376953,74.12000274658203,66.45698547363281,5306900,0.005562388647427641,75.2240005493164,78.10750045776368,80.73819976806641,0.011690393954028596,14.62744770497062,-2.1573586798559745,-1.720528837437402
2023-10-06,73.45999908447266,74.77999877929688,72.75,74.31999969482422,66.63630676269531,5919900,0.002698285764046515,74.9120002746582,77.74450035095215,80.52899978637696,0.011812964025145823,17.311414204392435,-2.11716953255997,-1.7998569764619157
2023-10-09,73.83999633789062,75.41000366210938,73.76000213623047,75.12999725341797,67.36255645751953,3848200,0.01089878312593906,74.6879997253418,77.42150039672852,80.33739974975586,0.012275569935718017,24.118726980882627,-1.9969398309153519,-1.839273547352603
2023-10-10,75.1500015258789,76.1500015258789,74.80000305175781,75.48999786376953,67.68533325195312,4585700,0.004791702695492672,74.64099960327148,77.11850013732911,80.14199966430664,0.012412100218873618,26.106589605414868,-1.8512676247450486,-1.8416723628310923
2023-10-11,76.0999984741211,76.8499984741211,75.94999694824219,76.80000305175781,68.85990905761719,6128600,0.01735336104197982,74.77600021362305,76.92550010681153,79.97559967041016,0.013144744158628681,43.61373258629213,-1.61153807357843,-1.79564550498056
2023-10-12,76.55999755859375,76.6500015258789,75.29000091552734,75.68000030517578,67.85570526123047,4429000,-0.014583368516629225,74.8,76.6034999847412,79.79659973144531,0.012481256769340893,41.33858179024745,-1.4946956178495583,-1.7354555275543597
2023-10-13,76.04000091552734,76.26000213623047,75.1500015258789,75.48999786376953,67.68533325195312,5860800,-0.0025106030739967533,74.78299942016602,76.2875,79.63219970703125,0.012485660221599498,40.85601986608501,-1.4012757049222984,-1.6686195630279474
2023-10-16,76.0199966430664,76.5999984741211,75.25,76.38999938964844,68.49229431152344,4381800,0.011922129438963092,74.99499969482422,76.0529998779297,79.49939971923828,0.01291037286460887,52.20061300587627,-1.240319518029736,-1.5829595540283052
2023-10-17,75.68000030517578,77.27999877929688,75.68000030517578,76.27999877929688,68.3936767578125,5419300,-0.0014399870562961103,75.34099960327148,75.8314998626709,79.34359970092774,0.012908019137179823,54.429033681663256,-1.1088545255005897,-1.4881385483227623
2023-10-18,75.70999908447266,75.97000122070312,74.5999984741211,74.66000366210938,66.94115447998047,4853700,-0.02123748221174826,75.43600006103516,75.52550010681152,79.16619979858399,0.013515077090711763,46.44809654440192,-1.1224487483887202,-1.415000588335954
2023-10-19,74.01000213623047,74.66000366210938,72.73999786376953,72.88999938964844,65.35414123535156,8238400,-0.023707529944299033,75.3129997253418,75.2685001373291,78.95359985351563,0.012455655340114925,38.94652366692767,-1.2615049761083412,-1.3843014658904313
2023-10-20,73.0,73.45999908447266,72.3499984741211,72.4000015258789,64.9148178100586,5874400,-0.006722429247805972,75.12099990844726,75.01650009155273,78.73759994506835,0.01244205481563015,41.96047148719994,-1.395164186661077,-1.3864740100445607
2023-10-23,71.7300033569336,72.69000244140625,71.48999786376953,71.69000244140625,64.2782211303711,6906600,-0.009806616982167782,74.7770004272461,74.73250007629395,78.5047999572754,0.012511433225496521,44.81176985725545,-1.5406217380017893,-1.4173035556360065
2023-10-24,71.9800033569336,72.80999755859375,71.95999908447266,72.61000061035156,65.10309600830078,5755200,0.01283300512783847,74.4890007019043,74.56500015258788,78.30139999389648,0.012545152536263005,44.963379624357316,-1.5636370967944373,-1.446570263867693
2023-10-25,71.87000274658203,72.13999938964844,70.94999694824219,71.05000305175781,63.70438766479492,6254500,-0.021484610184280162,73.9140007019043,74.34500045776367,78.08540008544922,0.013241698348422327,37.28251958390407,-1.688294096570587,-1.494915030408272
2023-10-26,71.41000366210938,72.9000015258789,71.36000061035156,72.41000366210938,64.92377471923828,8144400,0.019141457451604005,73.58700103759766,74.19350051879883,77.91680023193359,0.014126724653985815,42.78157389236847,-1.6582299411925447,-1.5275780125651266
2023-10-27,72.68000030517578,72.68000030517578,71.01000213623047,71.25,63.883697509765625,12043000,-0.01601993652040623,73.1630012512207,73.97300033569336,77.73800018310547,0.0144148767931594,35.71430577895333,-1.7083141008658629,-1.563725230225274
2023-10-30,71.68000030517578,72.2300033569336,70.61000061035156,71.69999694824219,64.28719329833984,7041000,0.006315746641995634,72.69400100708008,73.84450035095215,77.56320007324219,0.014073169637860745,36.137529963639,-1.6921886676918376,-1.5894179177185868
2023-10-31,72.2699966430664,73.0,71.58000183105469,72.91999816894531,65.38102722167969,5964700,0.01701535945090482,72.35800094604492,73.8495002746582,77.42760009765625,0.014004322437153936,35.714269662542605,-1.5629485452607383,-1.5841240432270172
2023-11-01,73.0199966430664,73.44000244140625,72.54000091552734,73.37000274658203,65.7845230102539,7021600,0.006171209392985988,72.22900085449218,73.83250045776367,77.29640014648437,0.013793857307649898,41.053458933657964,-1.407982858584333,-1.5488958062984806
2023-11-02,74.5999984741211,75.98999786376953,74.43000030517578,75.77999877929688,67.94535827636719,6450300,0.03284715745532818,72.51800079345703,73.91550025939941,77.18820007324219,0.015616416469833647,50.95836407194929,-1.078275211329725,-1.4547716873047296
2023-11-03,77.04000091552734,78.61000061035156,77.0199966430664,77.58999633789062,69.56822967529297,6394100,0.023884898228425877,73.0370002746582,74.07900009155273,77.12240005493165,0.016419637179207937,53.7406404318125,-0.6632819478512033,-1.2964737394140244
2023-11-06,77.43000030517578,77.4800033569336,76.08000183105469,76.47000122070312,68.56402587890625,4432100,-0.014434787602130017,73.51500015258789,74.146000289917,77.03300003051758,0.016694868610790753,50.557192309206826,-0.4199303468063533,-1.1211650608924901
2023-11-07,76.37000274658203,76.52999877929688,75.7300033569336,75.83999633789062,67.9991455078125,5235300,-0.008238588632870747,73.8379997253418,74.16350021362305,76.91580001831055,0.016793744889023656,53.673701292531746,-0.2747415292684394,-0.95188035456768
2023-11-08,76.05999755859375,76.37999725341797,75.76000213623047,76.08999633789062,68.22330474853516,4398300,0.0032964136612847472,74.34199905395508,74.12799987792968,76.78379989624024,0.01633316628341403,61.00412113427216,-0.13791562915447741,-0.7890874094850396
2023-11-09,76.3499984741211,76.4000015258789,74.72000122070312,74.88999938964844,67.14737701416016,4922800,-0.015770758391331685,74.58999862670899,74.08849983215332,76.62179992675782,0.016389732471500197,58.16393150651351,-0.12487041406279786,-0.6562440104005913
2023-11-10,75.2699966430664,75.75,74.69000244140625,75.58999633789062,67.77500915527344,3943800,0.009347001655056086,75.02399826049805,74.09349975585937,76.48599990844727,0.016523186975776833,62.79526376495843,-0.057386566891167945,-0.5364725216987066
2023-11-13,75.02999877929688,75.27999877929688,74.51000213623047,74.95999908447266,67.21012115478516,3791200,-0.008334399840447815,75.3499984741211,74.02199974060059,76.3347999572754,0.01638682204682826,57.8595322846098,-0.05411682004198326,-0.440001381367362
2023-11-14,77.4000015258789,79.80999755859375,77.25,79.12000274658203,70.9400405883789,7493800,0.05549631420648038,75.96999893188476,74.16399993896485,76.28600006103515,0.020661141627933994,72.99145811896034,0.28091380731628135,-0.2958183436306333
2023-11-15,79.05000305175781,80.06999969482422,78.9800033569336,79.3499984741211,71.14627075195312,6033400,0.0029069226435156637,76.56799850463867,74.39849967956543,76.2452000427246,0.019922268750942027,71.13276129878204,0.5585481311491947,-0.12494504867466771
2023-11-16,79.5,79.73999786376953,78.93000030517578,79.18000030517578,70.99382781982422,4879800,-0.0021423840228649293,76.90799865722656,74.7129997253418,76.19080001831054,0.01894691385767976,75.69672064274867,0.7561415721719413,0.0512722754946541
2023-11-17,79.86000061035156,79.87999725341797,78.79000091552734,79.12000274658203,70.9400405883789,4379000,-0.0007577362763641071,77.06099929809571,75.04899978637695,76.1416000366211,0.01881048657620673,74.66759599273786,0.8975481201831883,0.22052744443236094
2023-11-20,79.02999877929688,79.69999694824219,78.38999938964844,79.69999694824219,71.4600830078125,4225000,0.0073305634672165,77.38399887084961,75.44949951171876,76.10380004882812,0.018506925640511127,73.54169735206635,1.0443756012910086,0.3852970758040905
2023-11-21,79.36000061035156,79.44000244140625,78.94000244140625,79.13999938964844,70.9579849243164,3703600,-0.007026318444621982,77.7139991760254,75.7759994506836,76.05559997558593,0.018623485153350508,69.8828667440299,1.1028374909173948,0.5288051588267514
2023-11-22,79.86000061035156,80.08999633789062,79.16999816894531,79.52999877929688,71.30767059326172,5280200,0.00492796806490059,78.05799942016601,76.19999923706055,76.03299987792968,0.017593595472787407,65.01203968514787,1.1671840795035564,0.6564809429621125
2023-11-24,79.33999633789062,79.81999969482422,78.97000122070312,79.76000213623047,71.51387786865234,1893600,0.0028920326978989497,78.54499969482421,76.5674991607666,75.98579986572265,0.01731799444057082,59.94504868205648,1.2226446764759658,0.7697136896648832
2023-11-27,79.80000305175781,80.48999786376953,79.43000030517578,80.05000305175781,71.7739028930664,5790800,0.003635919104315155,78.99100036621094,77.00749931335449,75.95059997558593,0.01660632029267143,67.75796924623299,1.2752974146419973,0.870830434660306
2023-11-28,79.83999633789062,80.6500015258789,79.43000030517578,80.58000183105469,72.24911499023438,5811300,0.006620846459608476,79.55300064086914,77.45149955749511,75.94059997558594,0.016606796561672996,73.74756898576251,1.3442953609593928,0.9655234199201235
2023-11-29,81.16000366210938,81.93000030517578,81.04000091552734,81.13999938964844,72.75120544433594,4605400,0.00694958483331698,79.75500030517578,77.86249961853028,75.94919998168945,0.01640617850964016,74.53845401000054,1.4277061456718343,1.0579599650704656
2023-11-30,81.08000183105469,81.77999877929688,80.79000091552734,81.7300033569336,73.28022003173828,4118600,0.00727143174418643,79.99300079345703,78.28049964904785,75.96820007324219,0.016410461844149623,85.33065358318062,1.5238521636126308,1.1511384047788988
2023-12-01,81.66000366210938,83.75,81.41999816894531,83.73999786376953,75.08238983154297,7182800,0.024593104420390643,80.44900054931641,78.67849960327149,76.08240005493164,0.01577909100871292,87.0792285066287,1.7421558458652697,1.269341892996173
2023-12-04,83.37999725341797,84.37000274658203,83.19000244140625,84.3499984741211,75.62933349609375,6740500,0.007284459349329531,80.97200012207031,79.01649971008301,76.22059997558594,0.015164846862527673,92.79859346333227,1.9419988838306779,1.403873291163074
2023-12-05,83.9000015258789,84.04000091552734,83.36000061035156,83.79000091552734,75.12723541259766,6149900,-0.006638975325714558,81.38100051879883,79.38249969482422,76.34899993896484,0.014752748225367462,81.68257077136806,2.031767853245327,1.5294522035795248
2023-12-06,84.20999908447266,84.77999877929688,83.4800033569336,83.54000091552734,74.90308380126953,4405000,-0.0029836495675902297,81.82100067138671,79.76749992370605,76.50059997558594,0.01455600091455117,78.34919782783754,2.0590025973366295,1.635362282330946
2023-12-07,83.58999633789062,84.04000091552734,83.20999908447266,83.77999877929688,75.11827087402344,6631500,0.0028728496664993664,82.24600067138672,80.15200004577636,76.66720001220703,0.014558833490244031,80.83115581486916,2.076021071471388,1.7234940401590344
2023-12-08,83.48999786376953,83.8499984741211,82.79000091552734,83.63999938964844,74.99274444580078,3416900,-0.001671035947580335,82.63400039672851,80.58950004577636,76.83119995117187,0.013826979253067462,79.97350955851626,2.0545282315597575,1.7897008784391792
2023-12-11,83.36000061035156,84.0199966430664,83.23999786376953,83.87000274658203,75.19895935058594,3143200,0.0027499205955525685,83.01600036621093,81.00350036621094,76.99539993286133,0.013812289739074566,78.99867042583512,2.0326235309677685,1.8382854089448972
2023-12-12,83.86000061035156,84.12999725341797,83.37999725341797,83.81999969482422,75.15413665771484,3158400,-0.0005961970921700699,83.34000015258789,81.44650039672851,77.18639999389649,0.013515486975437332,85.02994080366759,1.9883090801532717,1.8682901431865724
2023-12-13,83.94000244140625,87.33000183105469,83.70999908447266,87.02999877929688,78.03226470947266,5649600,0.038296338536861985,83.92900009155274,81.84200019836426,77.47059997558594,0.01035747038531706,89.47368421052632,2.1869992911807117,1.9320319727854005
2023-12-14,88.6500015258789,90.08999633789062,88.63999938964844,89.54000091552734,80.28276062011719,6918500,0.02884065461836549,84.7099998474121,82.35150032043457,77.78720001220704,0.0116476128412333,91.51103477398078,2.5179732817285014,2.0492202345740207
2023-12-15,89.33000183105469,89.37999725341797,87.63999938964844,88.27999877929688,79.15302276611328,7666400,-0.014071946876783703,85.16399993896485,82.80650024414062,78.07039993286133,0.0123758289950644,82.2744930491728,2.6480755451452325,2.168991296688263
2023-12-18,88.69999694824219,88.7699966430664,87.9800033569336,88.08000183105469,78.97371673583984,6353800,-0.0022654842660587704,85.5370002746582,83.25450019836425,78.34559997558594,0.0124206320612622,80.1932411663024,2.7038758463083212,2.2759682066122746
2023-12-19,88.5,89.0,88.41999816894531,88.75,79.57443237304688,5786900,0.00760670021590637,86.03300018310547,83.70700035095214,78.61800003051758,0.012422985077178192,80.36712430860509,2.7702277784025853,2.3748201209703366
2023-12-20,88.83999633789062,89.45999908447266,87.61000061035156,87.66999816894531,78.60608673095703,6072600,-0.012169034716109195,86.44599990844726,84.133500289917,78.8616000366211,0.012744200552464854,72.81104586603318,2.704489370832164,2.440753970942702
2023-12-21,87.3499984741211,87.58999633789062,86.43000030517578,87.37000274658203,79.30318450927734,4430000,-0.003421870977859176,86.80500030517578,84.52550048828125,79.07300003051758,0.012889768387917565,66.04777040846614,2.5982332700020407,2.47224983075457
2023-12-22,87.70999908447266,88.41000366210938,87.2699966430664,87.70999908447266,79.6117935180664,5100300,0.003891453899535602,87.21200027465821,84.92300033569336,79.31360000610351,0.012883959939781022,65.21740332293504,2.5124969071890746,2.4802992460414712
2023-12-26,87.68000030517578,88.5999984741211,87.58999633789062,88.36000061035156,80.20177459716797,4336600,0.0074108030174859785,87.66100006103515,85.33850021362305,79.57100006103515,0.012893043090037163,70.53010252729754,2.4685440733494346,2.477948211503064
2023-12-27,88.52999877929688,88.9000015258789,88.12999725341797,88.79000091552734,80.59207153320312,5383600,0.004866458829849929,88.15800018310547,85.74900016784667,79.81900009155274,0.012887606103064417,73.20955408169323,2.4402785546759986,2.4704142801376507
2023-12-28,88.68000030517578,89.41999816894531,88.55999755859375,89.41999816894531,81.1639175415039,3879100,0.007095362618785517,88.39700012207031,86.16300010681152,80.0818000793457,0.012888843191818922,74.10256778099328,2.440579954225285,2.4644474149551776
2023-12-29,89.0999984741211,89.16999816894531,88.26000213623047,88.36000061035156,80.20177459716797,5331500,-0.011854144266375988,88.27900009155273,86.49449996948242,80.35580001831055,0.013406499208862095,68.70048750761731,2.328445006699738,2.4372469333040896
2024-01-02,88.05000305175781,89.26000213623047,87.68000030517578,89.12000274658203,80.89160919189453,6057900,0.008601201120198132,88.36300048828124,86.76350021362305,80.68040008544922,0.012563513615509803,69.96198645158147,2.2746819560391316,2.4047339378510983
2024-01-03,88.41999816894531,88.41999816894531,86.81999969482422,86.98999786376953,78.95826721191406,5159600,-0.023900413119031128,88.25400009155274,86.89550018310547,80.97220001220703,0.013893643894320629,60.40708817538695,2.0367226868808075,2.3311316876570403
2024-01-04,86.81999969482422,87.41999816894531,86.44999694824219,86.83000183105469,78.81305694580078,5609900,-0.001839246311574838,88.0620002746582,87.04750022888183,81.275,0.013784264494858792,49.1789939716472,1.8143136308065095,2.2277680762869343
2024-01-05,86.19999694824219,87.37000274658203,85.69999694824219,86.61000061035156,78.61336517333984,3805800,-0.002533700518988602,87.95600051879883,87.20100021362305,81.555,0.01377628569785413,35.18704374986983,1.601835627606107,2.102581586550769
2024-01-08,86.55999755859375,87.94999694824219,86.36000061035156,87.8499984741211,79.73886108398438,5372100,0.014317028692196088,88.00400009155274,87.40450019836426,81.89099990844727,0.014053894626234638,47.821677556797326,1.516026929016391,1.9852706550438934
2024-01-09,87.0,87.61000061035156,86.58000183105469,87.26000213623047,79.20333862304688,3819000,-0.00671595160089189,87.95900039672851,87.58550033569335,82.18799987792968,0.014176823767904474,46.00389501166347,1.384455996568576,1.8651077233488302
2024-01-10,87.44000244140625,87.7699966430664,87.04000091552734,87.36000061035156,79.29410552978516,3649900,0.0011459829437658886,87.85900039672852,87.76000022888184,82.51019989013672,0.014178177467519287,42.827651040953135,1.273573167126898,1.7468008121044438
2024-01-11,87.18000030517578,87.18000030517578,86.05000305175781,86.55000305175781,78.55889892578125,5512700,-0.009271950010698249,87.63500061035157,87.89650039672851,82.80720001220703,0.014397172076136801,44.055216830701646,1.107570311270507,1.6189547119376566
2024-01-12,87.41999816894531,87.69999694824219,86.62999725341797,87.06999969482422,79.0308837890625,3070300,0.006008048812608857,87.40000076293946,87.89850044250488,83.0902000427246,0.011620137936593364,48.44396501236217,1.006370423521986,1.4964378542545227
2024-01-16,86.58000183105469,86.97000122070312,86.1500015258789,86.43000030517578,78.4499740600586,5125800,-0.007350400733795781,87.20700073242188,87.74300041198731,83.35139999389648,0.009538224996771857,43.56136604715494,0.8645600710003691,1.3700622976036922
2024-01-17,85.25,86.33000183105469,83.98999786376953,84.8499984741211,77.01585388183594,4898900,-0.018280710696238045,86.78000030517578,87.57150039672851,83.53279998779297,0.009865827092105092,33.85461740332171,0.6175625254249297,1.2195623431679397
2024-01-18,84.9800033569336,85.30000305175781,83.77999877929688,84.38999938964844,76.59832000732422,4537800,-0.005421321069474794,86.52000045776367,87.3870002746582,83.66880004882813,0.009896613601489229,29.816481332807896,0.38031309664950186,1.0517124938642521
2024-01-19,84.58999633789062,85.68000030517578,83.94999694824219,85.4000015258789,77.51507568359375,6188700,0.011968268083129674,86.37700042724609,87.21950035095215,83.84740005493164,0.010165941193963095,32.180851963251726,0.27066983315836524,0.8955039617230748
2024-01-22,85.69999694824219,86.73999786376953,85.5199966430664,85.91000366210938,77.97797393798828,4203000,0.005971921863208829,86.30700073242187,87.13150062561036,84.04880020141601,0.010006971153983423,38.583420672041136,0.22236636598390191,0.7608764425752402
2024-01-23,86.23999786376953,86.52999877929688,85.02999877929688,85.31999969482422,77.44245910644531,4821800,-0.006867698080955553,86.05400085449219,87.02900047302246,84.23340026855469,0.010080876538399508,32.00755714822414,0.13492183600980923,0.635685521262154
2024-01-24,86.19000244140625,86.2699966430664,84.04000091552734,84.0999984741211,76.33509826660156,3265600,-0.014299123594313956,85.73800048828124,86.84850044250489,84.41760025024413,0.010418187748533486,35.025900427246356,-0.03244844110301415,0.5020587287891205
2024-01-25,85.11000061035156,85.62000274658203,84.76000213623047,85.18000030517578,77.31538391113281,4394300,0.012841876939950536,85.52000045776367,86.68950042724609,84.60940032958985,0.010743402085100624,42.194883758195104,-0.07705522506905993,0.38623593801748446
2024-01-26,85.3499984741211,85.58999633789062,84.75,84.94000244140625,77.09754180908203,2783200,-0.002817537719061791,85.35900039672852,86.49700050354004,84.80900039672852,0.010630157138726207,42.11520894029907,-0.13027056659592517,0.28293463709480254
2024-01-29,84.91999816894531,85.66999816894531,84.69000244140625,85.5,77.60585021972656,3591900,0.006592860165974823,85.20200042724609,86.30100059509277,84.93660034179688,0.01060769990339865,38.14329255852733,-0.12580676321381645,0.20118635703307877
2024-01-30,85.12999725341797,85.43000030517578,84.54000091552734,84.69999694824219,76.87971496582031,4580900,-0.009356760839272615,85.02900009155273,86.11800041198731,85.04360031127929,0.01050206459658934,37.35175645652414,-0.1846936933171861,0.12401034696302582
2024-01-31,84.9800033569336,85.62999725341797,83.7300033569336,83.88999938964844,76.14450073242188,8892900,-0.009563135629021557,84.93300018310546,85.85650024414062,85.13780029296875,0.010315289321562497,33.97968313009419,-0.293340595441947,0.04054015848203126
2024-02-01,83.80000305175781,85.44000244140625,83.33999633789062,85.41000366210938,77.52415466308594,8950700,0.01811901637286817,85.03500061035156,85.77750053405762,85.26360031127929,0.01010462026985854,45.060664880746174,-0.2538659973611175,-0.018341072686598493
2024-02-02,84.18000030517578,84.87999725341797,82.94000244140625,84.3499984741211,76.56201171875,7935800,-0.012410784949521525,84.93000030517578,85.65350036621093,85.35660034179688,0.010429402396308645,38.74173272904572,-0.30460436431839355,-0.07559373101295751
2024-02-05,83.30000305175781,83.30000305175781,82.33000183105469,82.58000183105469,74.95545196533203,6269400,-0.0209839558397793,84.59700012207031,85.45200042724609,85.425400390625,0.011313805716051574,35.4277278809885,-0.4820816847224876,-0.15689132175486353
2024-02-06,82.70999908447266,83.8499984741211,82.41000366210938,83.69000244140625,75.96295928955078,5482300,0.01344151835480023,84.43400039672852,85.24400062561035,85.50860046386718,0.011247550504710482,45.44742999259219,-0.5270900017663394,-0.2309310577571587
2024-02-07,83.98999786376953,84.06999969482422,83.0999984741211,83.56999969482422,75.85404205322266,5074200,-0.001433895842768651,84.38100051879883,85.05950050354004,85.58480041503907,0.011201868096025712,46.69355409325691,-0.5659190732315409,-0.2979286608520351
2024-02-08,83.33000183105469,84.48999786376953,83.33000183105469,84.25,76.47126770019531,3697200,0.00813689491036218,84.28800048828126,84.90400047302246,85.6688003540039,0.011415470974702168,45.23612219910862,-0.5356464516220854,-0.3454722190060452
2024-02-09,84.19999694824219,84.5199966430664,83.43000030517578,84.37999725341797,76.5892333984375,3478100,0.0015429941058513474,84.23199996948242,84.79550018310547,85.74480026245118,0.011295871359908177,43.45592347900091,-0.49545420135203244,-0.37546861547524263
2024-02-12,84.54000091552734,85.01000213623047,84.22000122070312,84.4000015258789,76.60740661621094,3949000,0.000237073632520568,84.12200012207032,84.6620002746582,85.81000030517578,0.011174896783435046,45.8633214455768,-0.45672256243871345,-0.39171940486793677
2024-02-13,82.58000183105469,82.68000030517578,81.54000091552734,82.66000366210938,75.02806091308594,6203500,-0.02061608806056725,83.91800079345703,84.47350044250489,85.8286003112793,0.011910136698319829,43.81445900481032,-0.559975694161281,-0.4253706627266056
2024-02-14,83.0199966430664,83.77999877929688,82.62000274658203,83.30999755859375,75.61803436279297,5264400,0.00786346319486464,83.86000061035156,84.39650039672851,85.82000030517578,0.011474430808234634,41.65921989604694,-0.5826391680801066,-0.45682436379730584
2024-02-15,84.06999969482422,85.33999633789062,84.0199966430664,85.25,77.37892150878906,5164800,0.02328655021315784,83.84400024414063,84.43950042724609,85.83800033569337,0.012612053303953728,51.20060987861524,-0.43899765895183407,-0.4532590228282115
2024-02-16,84.25,84.86000061035156,83.6500015258789,84.37000274658203,76.5801773071289,4781000,-0.01032254842719027,83.84600067138672,84.38800048828125,85.84960037231446,0.01253765261790499,45.72941433599199,-0.39165440382254246,-0.44093809902707776
2024-02-20,83.87999725341797,84.55999755859375,83.4800033569336,84.22000122070312,76.44403076171875,4739900,-0.0017779011615000062,84.01000061035157,84.30350036621094,85.86320037841797,0.012445485884204204,48.092227115761794,-0.36206474555692125,-0.4251634283330465
2024-02-21,84.4000015258789,84.80999755859375,84.06999969482422,84.69000244140625,76.8706283569336,4053000,0.005580636593336852,84.11000061035156,84.27200050354004,85.88140045166016,0.012443623213418804,53.267984855907976,-0.29726289602713507,-0.39958332187186424
2024-02-22,84.95999908447266,85.27999877929688,84.66999816894531,84.8499984741211,77.01585388183594,5000600,0.001889196222724543,84.23800048828124,84.30950050354004,85.9056004333496,0.0120036100998311,47.4264460967012,-0.23034138856040443,-0.3657349352095723
2024-02-23,84.9000015258789,85.30000305175781,84.5999984741211,84.80999755859375,76.97954559326172,4695600,-0.0004714309516403725,84.29400024414062,84.29100036621094,85.92440032958984,0.011647764923523927,52.33265421872546,-0.17847599120192115,-0.32828314640804207
2024-02-26,84.58999633789062,85.04000091552734,83.72000122070312,83.87999725341797,76.13542175292969,5943300,-0.010965691922503074,84.24400024414062,84.23800010681153,85.92560028076171,0.011885926941065099,57.20618573268859,-0.20999485247409666,-0.30462548762125297
2024-02-27,84.33999633789062,84.72000122070312,83.80000305175781,83.9800033569336,76.22618865966797,3857800,0.0011922521076566106,84.20200042724609,84.1620002746582,85.86460037231446,0.01177569329949404,51.8102424356145,-0.22431831840432892,-0.2885640537778682
2024-02-28,83.55000305175781,85.3499984741211,83.45999908447266,84.83000183105469,76.9977035522461,5170700,0.010121438915742909,84.41900024414062,84.16850051879882,85.770400390625,0.011838729906302418,57.2082519691088,-0.16517792689950284,-0.26388682840219513
2024-02-29,85.51000213623047,86.0,85.16000366210938,85.55000305175781,77.65123748779297,6595400,0.008487577568807136,84.64300079345703,84.25150070190429,85.71580047607422,0.011747511207819257,57.40320747437461,-0.05952449797895554,-0.22301436231754723
2024-03-01,85.41999816894531,86.56999969482422,84.52999877929688,86.56999969482422,78.57704162597656,6560900,0.011922812468508015,84.77500076293946,84.30950050354004,85.6856004333496,0.01134847915376773,61.32369625694101,0.10529800045672744,-0.1573518897626923
2024-03-04,86.33000183105469,87.43000030517578,85.72000122070312,87.37999725341797,79.312255859375,5319000,0.009356561874195979,85.07600021362305,84.46100044250488,85.65820037841797,0.011061447093373294,64.24473308767537,0.2978476491992268,-0.06631198197030846
2024-03-05,86.91000366210938,87.54000091552734,85.91999816894531,86.31999969482422,78.35012817382812,4722600,-0.012130894849075813,85.28600006103515,84.64800033569335,85.63120040893554,0.010247894335269616,68.71165309158481,0.36075315109881956,0.019101044643517133
2024-03-06,86.87999725341797,87.08000183105469,86.23999786376953,86.75,78.74042510986328,4999400,0.004981467871825851,85.49199981689453,84.80100021362304,85.61880035400391,0.009932105621666578,67.99164916268171,0.4402289601099909,0.1033266277368119
2024-03-07,87.20999908447266,87.41999816894531,86.30000305175781,86.7300033569336,78.72228240966797,3164100,-0.00023050885379138908,85.68000030517578,84.95900039672851,85.59920043945313,0.009914832700132313,59.685896290053115,0.4958843037902483,0.18183816294749916
2024-03-08,87.5,88.02999877929688,87.30000305175781,87.7300033569336,79.62994384765625,4546400,0.011530035296834384,85.97200088500976,85.1330005645752,85.58660049438477,0.010055134431406279,71.6495037940534,0.613609894379735,0.26819250923394633
2024-03-11,87.54000091552734,88.06999969482422,86.94000244140625,87.30999755859375,79.24872589111328,3467200,-0.004787481845076824,86.31500091552735,85.27950057983398,85.5570004272461,0.010171687118833457,69.24032881460283,0.6653476023030152,0.34762352784776007
2024-03-12,87.1500015258789,87.4800033569336,86.37000274658203,87.12000274658203,79.07626342773438,3309000,-0.002176094574784626,86.62900085449219,85.41550064086914,85.51100051879882,0.010204928167353506,65.67743675717927,0.6831442533952128,0.41472767295725066
2024-03-13,86.97000122070312,87.51000213623047,86.4000015258789,86.68000030517578,78.67689514160156,3418600,-0.005050532914767536,86.81400070190429,85.61650047302246,85.47740051269531,0.008932759962772546,61.39478274749456,0.6542024690003245,0.46262263216586547
2024-03-14,86.31999969482422,86.48999786376953,84.6500015258789,85.37999725341797,77.49691009521484,4155000,-0.014997727817038231,86.79700012207032,85.72000045776367,85.40260040283204,0.009634021261012357,53.06781290985408,0.5203680358555687,0.47417171290380616
2024-03-15,84.55999755859375,85.5199966430664,84.54000091552734,85.19000244140625,77.32447052001953,4214300,-0.0022252848222492627,86.65900039672852,85.71700057983398,85.36660049438477,0.008138650521197912,57.660853154154,0.39442559712463776,0.4582224897479725
2024-03-18,85.37999725341797,85.68000030517578,85.06999969482422,85.2300033569336,77.36076354980469,3030800,0.00046954941167953734,86.44400100708008,85.76000061035157,85.33460052490234,0.007767804695073192,57.36161035226456,0.29444882389175575,0.4254677565767292
2024-03-19,85.1500015258789,85.5199966430664,84.69000244140625,85.19999694824219,77.33354187011719,4165700,-0.0003520639154001026,86.33200073242188,85.80900039672852,85.30640045166015,0.007751978227629846,52.411963530092855,0.2103702273733319,0.38244825073604977
2024-03-20,84.66999816894531,86.0199966430664,84.31999969482422,85.76000213623047,77.84183502197266,4605800,0.006572831080363439,86.23300094604492,85.86250038146973,85.26460052490235,0.0077885700356528625,51.39812932581976,0.18677208011295932,0.3433130166114317
2024-03-21,86.12999725341797,86.75,85.86000061035156,86.37999725341797,78.40458679199219,3753200,0.007229420496079664,86.19800033569337,85.93900032043457,85.24700042724609,0.00792341392147061,48.66383667302628,0.2156133463927148,0.3177730825676883
2024-03-22,85.69000244140625,85.87999725341797,84.51000213623047,84.56999969482422,77.41775512695312,3923200,-0.020953896922266124,85.88199996948242,85.9270004272461,85.19120040893554,0.009314787729369289,32.67572535686938,0.09136537830364944,0.27249154171488055
2024-03-25,84.6500015258789,84.95999908447266,84.05000305175781,84.05000305175781,76.94173431396484,5262400,-0.006148712840757242,85.55600051879883,85.93550071716308,85.14120040893555,0.009078333494611844,35.00662658798748,-0.04850231042446751,0.20829277128701096
2024-03-26,84.2699966430664,84.37000274658203,83.69000244140625,83.70999908447266,76.63047790527344,4923000,-0.004045258238429605,85.21500015258789,85.92200050354003,85.07400039672852,0.009121835708543557,29.6791473849446,-0.18465534815244666,0.12970314739911945
2024-03-27,84.66999816894531,85.9000015258789,84.47000122070312,85.87000274658203,78.60781860351562,5191400,0.025803412802928083,85.13400039672851,85.9740005493164,85.06280044555665,0.01060246213031433,45.53014717895114,-0.11691563716532016,0.08037939048623154
2024-03-28,86.02999877929688,86.7699966430664,86.02999877929688,86.4800033569336,79.16622924804688,4626900,0.007103768380580799,85.24400100708007,86.0205005645752,85.09540054321289,0.010553111128729493,43.2286104434136,-0.013849824743772388,0.06153354744023075
2024-04-01,86.73999786376953,86.73999786376953,84.87000274658203,85.02999877929688,77.83885192871094,5331200,-0.016766934798233435,85.22800064086914,85.94350051879883,85.10820053100586,0.010877004360801629,38.88890541344438,-0.048612304683729235,0.039504377015438755
2024-04-02,84.37000274658203,84.44000244140625,83.62999725341797,83.95999908447266,76.85934448242188,5116000,-0.012583790546692786,85.10100021362305,85.77250061035156,85.07940048217773,0.010900779287932148,35.816878335287484,-0.16064998052370072,-0.0005264944923891457
2024-04-03,83.76000213623047,84.1500015258789,83.41000366210938,84.05000305175781,76.94173431396484,3632700,0.0010719862823558302,84.9860008239746,85.65900077819825,85.04220046997071,0.010647856669824998,37.81282061616284,-0.23941821371435879,-0.048304838336783076
2024-04-04,84.73999786376953,85.13999938964844,83.22000122070312,83.51000213623047,76.4474105834961,5953600,-0.006424757833676797,84.76100082397461,85.49700088500977,85.00600051879883,0.010600317851023432,40.67800348989164,-0.34147980034492775,-0.10693983073841201
2024-04-05,83.22000122070312,84.13999938964844,83.01000213623047,83.94000244140625,76.8410415649414,4789000,0.005149087464688673,84.51700134277344,85.3575008392334,85.00280059814453,0.010711197002917889,43.91432510816336,-0.38324905555036537,-0.16220167570080268
2024-04-08,84.20999908447266,84.91999816894531,84.12000274658203,84.83999633789062,77.6649169921875,3866900,0.010721871221204715,84.54400100708008,85.21300048828125,84.99600051879882,0.010660544213752976,48.247948874202876,-0.33981235998834336,-0.19772381255831084
2024-04-09,85.1500015258789,85.97000122070312,84.97000122070312,85.97000122070312,78.69935607910156,4075600,0.013319247189875538,84.7360008239746,85.14600067138672,85.01660049438476,0.011135612234562168,53.14801136859861,-0.21176541571979612,-0.2005321331906079
2024-04-10,83.44999694824219,83.70999908447266,81.93000030517578,82.41000366210938,75.4404296875,8332800,-0.041409765127890186,84.60600128173829,84.91050071716309,84.95480056762695,0.014387610979595948,39.001977230044474,-0.3930188638790497,-0.23902947932829627
2024-04-11,82.98999786376953,83.16000366210938,81.86000061035156,82.69000244140625,75.69676208496094,7145900,0.0033976309532142146,84.2880012512207,84.71100082397462,84.91460067749023,0.014438150465605766,37.6091569087491,-0.5082116187735437,-0.29286590721734573
2024-04-12,82.19000244140625,82.37999725341797,81.38999938964844,81.70999908447266,74.79962921142578,5451200,-0.011851533776746748,83.81100082397461,84.52750091552734,84.87100067138672,0.014308546174048514,39.829310088481364,-0.6708476732323021,-0.36846226042033703
2024-04-15,82.25,82.33000183105469,79.87000274658203,80.31999969482422,73.52719116210938,5478600,-0.017011374436700755,83.34000091552734,84.28400077819825,84.76920059204102,0.014692409272539246,37.50837418436338,-0.9015072378858378,-0.47507125591343724
2024-04-16,79.95999908447266,80.05000305175781,78.95999908447266,79.19000244140625,72.49275207519531,6598800,-0.014068690957562136,82.86300125122071,83.98200073242188,84.66600067138671,0.014878747051090003,35.62342844025076,-1.162092065304293,-0.6124754177916084
2024-04-17,79.02999877929688,79.37999725341797,78.55999755859375,78.61000061035156,71.96180725097656,5554700,-0.00732417998703605,82.31900100708008,83.65250091552734,84.58660064697266,0.014881248719127747,24.328152289977282,-1.3992787050433009,-0.7698360752419469
2024-04-18,78.93000030517578,79.12000274658203,78.2699966430664,78.62000274658203,71.9709701538086,4158300,0.00012723745264997532,81.83000106811524,83.29550094604492,84.48520065307618,0.01471107585141317,20.974905280619552,-1.5683646061646783,-0.9295417814264932
2024-04-19,78.66000366210938,79.3499984741211,78.62999725341797,79.0,72.3188247680664,4585600,0.0048333406276113156,81.33600082397462,82.92650108337402,84.39380065917969,0.014622301705745017,25.821979995937525,-1.6526530428826618,-1.074164033717727
2024-04-22,79.30000305175781,79.86000061035156,78.76000213623047,79.69999694824219,72.95962524414062,3846100,0.008860720863825167,80.82200088500977,82.68300094604493,84.30280059814453,0.014358187504713973,32.396683167598894,-1.644017126572507,-1.188134652288683
2024-04-23,79.8499984741211,80.76000213623047,79.72000122070312,80.43000030517578,73.62788391113281,5484100,0.009159390023661729,80.26800079345703,82.50200080871582,84.22380065917969,0.01458008393840798,35.792765488302294,-1.5602819713425191,-1.2625641160994503
2024-04-24,80.12000274658203,80.72000122070312,79.63999938964844,80.58000183105469,73.76519775390625,4513600,0.0018649947197533212,80.08500061035156,82.34550094604492,84.1474006652832,0.01459840007628871,38.13764912070445,-1.464930580179498,-1.30303740891546
2024-04-25,79.77999877929688,80.25,79.2699966430664,80.12000274658203,73.34410095214844,4082800,-0.005708601067509256,79.82800064086913,82.05800094604493,84.09660064697266,0.013084224170174722,34.57188795510612,-1.4102257923580908,-1.3244750856039862
2024-04-26,80.23999786376953,80.97000122070312,80.0,80.16000366210938,73.38072204589844,3367700,0.0004992625331512457,79.67300109863281,81.74200096130372,84.03360076904296,0.01288765059170671,29.687539322494118,-1.3481040104347528,-1.3292008705701397
2024-04-29,80.51000213623047,81.2300033569336,80.51000213623047,80.9800033569336,74.13137817382812,4374000,0.010229536643744153,79.73900146484375,81.53950119018555,83.94820083618164,0.012861564566777702,27.74309424038516,-1.218657008936944,-1.3070920982435006
2024-04-30,80.41000366210938,80.79000091552734,79.58000183105469,79.61000061035156,72.87723541259766,7003900,-0.01691779068646737,79.78100128173828,81.32200126647949,83.85300079345703,0.013077629727327634,34.4789261336243,-1.2126385572464926,-1.288201390044099
2024-05-01,79.5,81.12000274658203,79.37000274658203,79.63999938964844,72.90470123291016,7204200,0.0003768217443396171,79.88400115966797,81.10150108337402,83.76140075683594,0.013068349452272263,32.61116553081247,-1.1917109382602291,-1.268903299687325
2024-05-02,80.38999938964844,80.94000244140625,79.55000305175781,80.76000213623047,73.92997741699219,4804800,0.014063319376765415,80.0980010986328,80.96400108337403,83.68280075073243,0.013547706227110438,44.668930652171674,-1.0723889557002622,-1.2296004308899124
2024-05-03,82.16000366210938,82.63999938964844,81.11000061035156,81.30000305175781,74.42431640625,4270000,0.0066864896142082575,80.3280014038086,80.83200111389161,83.61180084228516,0.013592212058868892,56.07942137800407,-0.9236051190576262,-1.1684013685234553
2024-05-06,81.88999938964844,82.02999877929688,81.05000305175781,81.37000274658203,74.48838806152344,3044800,0.0008610048240669244,80.49500198364258,80.65850143432617,83.54300094604493,0.013300978912352336,65.57141377976141,-0.7909271503737756,-1.0929065248935195
2024-05-07,82.01000213623047,82.4000015258789,81.77999877929688,82.13999938964844,75.19326782226562,3667300,0.009462905457487514,80.66600189208984,80.46700134277344,83.50820098876953,0.01309354012901408,74.54796648585327,-0.6165395264552131,-0.9976331252058582
2024-05-08,81.69000244140625,81.69000244140625,81.18000030517578,81.44999694824219,74.56161499023438,4129800,-0.008400321968996871,80.7530014038086,80.41900100708008,83.4576008605957,0.00946878727821583,67.9796265184865,-0.5279278845063544,-0.9036920770659576
2024-05-09,82.0999984741211,83.19000244140625,82.0999984741211,83.12000274658203,76.09038543701172,5452200,0.02050344826165018,81.0530014038086,80.44050102233886,83.42340087890625,0.010553857872033823,72.4890702394844,-0.3192667009522836,-0.7868070018432228
2024-05-10,83.25,83.33999633789062,82.63999938964844,82.88999938964844,75.87982940673828,5649800,-0.002767124029517065,81.3260009765625,80.49950103759765,83.37020080566407,0.01019208180196383,68.35440704185535,-0.17049519586100814,-0.6635446406467799
2024-05-13,83.19999694824219,83.6500015258789,82.7699966430664,83.16000366210938,76.12701416015625,2848700,0.0032573805579574344,81.54400100708008,80.64150123596191,83.30200088500976,0.009299976950290329,66.5856450902686,-0.030454556794211385,-0.5369266238762662
2024-05-14,83.72000122070312,84.16999816894531,83.36000061035156,83.80000305175781,76.71288299560547,3099700,0.007696000017614724,81.9630012512207,80.87200126647949,83.23040100097656,0.008594480112778226,68.46327485891771,0.13066503545850594,-0.40340829200931183
2024-05-15,85.02999877929688,85.41999816894531,84.76000213623047,84.95999908447266,77.77477264404297,3544900,0.013842434253831692,82.49500122070313,81.18950119018555,83.20320098876954,0.008576543773266254,75.68996517372642,0.34794457005588697,-0.25313771959627207
2024-05-16,85.04000091552734,85.27999877929688,84.7699966430664,84.9000015258789,77.71984100341797,2577000,-0.0007061859609260868,82.90900115966797,81.5035011291504,83.16620101928712,0.008597972985777011,75.10589410508672,0.5094265133420208,-0.1006248730086135
2024-05-17,85.0,85.0999984741211,84.58000183105469,84.88999938964844,77.710693359375,2791700,-0.0001178107897609193,83.26800079345703,81.79800109863281,83.1294009399414,0.008640399681621933,72.65347835350302,0.629340383814565,0.04536817835602219
2024-05-20,84.72000122070312,84.97000122070312,84.29000091552734,84.38999938964844,77.25296783447266,2842800,-0.005889975304452344,83.57000045776367,82.03250122070312,83.06260086059571,0.008799160063246079,80.79892244769545,0.6762319873606941,0.1715409401569566
2024-05-21,84.19000244140625,84.5,84.01000213623047,84.36000061035156,77.22551727294922,2655100,-0.00035547789446432887,83.79200057983398,82.22900123596192,83.00360092163086,0.008699564683520908,80.4123407267579,0.7028710107379794,0.27780695427316116
2024-05-22,84.06999969482422,84.41000366210938,83.3499984741211,83.5999984741211,76.52980041503906,3888000,-0.009009034266616811,84.00700073242187,82.38000106811523,82.93320083618164,0.00906832540020135,69.18914070441906,0.6551051633629044,0.35326659609110983
2024-05-23,83.5999984741211,83.5999984741211,81.75,81.80000305175781,74.88201904296875,4061100,-0.021531046115036534,83.87500076293945,82.46400108337403,82.83560089111329,0.010362987401951634,52.8868348069394,0.4666268143379284,0.3759386397404736
2024-05-24,82.19000244140625,82.31999969482422,81.75,81.86000061035156,74.93694305419922,2317800,0.0007334664591123197,83.77200088500976,82.54900093078614,82.76520095825195,0.010362418005174137,52.83235709440955,0.31842703770375635,0.36443631933313014
2024-05-28,82.25,82.58000183105469,81.2300033569336,81.31999969482422,74.44261169433594,3046600,-0.006596639524811598,83.58800048828125,82.56600074768066,82.68780090332031,0.010264857259337729,45.13064649560041,0.15561030733344694,0.3226711169331935
2024-05-29,80.5,80.6500015258789,80.16999816894531,80.52999877929688,73.71942901611328,3203100,-0.009714718623856866,83.26100006103516,82.61200065612793,82.59380081176758,0.009743577542851871,44.60095242018243,-0.03674601094557772,0.2507876913574393
2024-05-30,80.93000030517578,81.75,80.93000030517578,81.70999908447266,74.79962921142578,2748800,0.014652928387714592,82.93600006103516,82.71550064086914,82.52400085449219,0.010235360727085585,41.22039927487487,-0.09290269168067766,0.1820496147498159
2024-05-31,82.20999908447266,83.30000305175781,81.8499984741211,83.23999786376953,76.20024108886719,4176900,0.01872474356186382,82.76999969482422,82.8395004272461,82.47360076904297,0.010587504294381725,51.8756628705022,-0.01379018631065776,0.14288165453772117
2024-06-03,83.69000244140625,83.69000244140625,82.62000274658203,83.05000305175781,76.02631378173828,3301600,-0.0022824941961515632,82.58600006103515,82.9270004272461,82.40700088500977,0.01054910881295638,49.40540112535817,0.033193417637122025,0.12094400715760134
2024-06-04,82.80999755859375,84.04000091552734,82.80999755859375,83.69000244140625,76.61219024658203,2720700,0.00770619345130652,82.51600036621093,83.04300041198731,82.38940093994141,0.010650879059387549,49.40540112535817,0.12067974335008103,0.1208911543960973
2024-06-05,83.73999786376953,83.86000061035156,83.08999633789062,83.58999633789062,76.52062225341797,2373300,-0.0011949587835852205,82.43899993896484,83.11550025939941,82.38020080566406,0.010494899310227889,41.63611957010803,0.1798701983336315,0.13268696318360412
2024-06-06,83.19999694824219,83.7699966430664,82.8499984741211,83.75,76.66710662841797,4002100,0.001914148452197617,82.45400009155273,83.23050041198731,82.3810008239746,0.010263271981857175,43.06392401160699,0.23695850849375688,0.15354127224563469
2024-06-07,82.43000030517578,83.18000030517578,82.37000274658203,82.95999908447266,75.94392395019531,3227900,-0.009432846752565283,82.56999969482422,83.22250022888184,82.32280075073243,0.00949113256651623,39.360527176879984,0.2159654191071354,0.16602610161793485
2024-06-10,82.69999694824219,83.5199966430664,82.0999984741211,83.23999786376953,76.20024108886719,2450800,0.0033751058629083452,82.70799942016602,83.2400001525879,82.25800064086914,0.009498077945790244,43.50281511775564,0.2193927825332338,0.17669943780099465
2024-06-11,82.8499984741211,83.33000183105469,82.61000061035156,82.94000244140625,75.92560577392578,3261700,-0.0036039816201611785,82.86999969482422,83.22900009155273,82.21620071411132,0.009507780725775081,42.21491815127625,0.19564657736476931,0.18048886571374959
2024-06-12,84.69000244140625,85.33999633789062,83.56999969482422,83.68000030517578,76.60302734375,4123500,0.008922086351423886,83.18499984741212,83.22299995422364,82.21060073852539,0.009564406395410919,50.43957094254138,0.23384357866039807,0.19115980830307927
2024-06-13,83.87000274658203,84.29000091552734,83.37999725341797,84.0199966430664,76.91426849365234,2619900,0.004063053736265365,83.41599960327149,83.17599983215332,82.21000061035156,0.009054343275727596,64.52876953911019,0.288227335078048,0.21057331365807302
2024-06-14,83.7300033569336,84.23999786376953,83.31999969482422,84.0,76.89596557617188,2178600,-0.0002379986177737381,83.49199981689453,83.13099975585938,82.21980056762695,0.00905443410605569,64.07896031304648,0.32595587544464877,0.2336498260153882
2024-06-17,83.51000213623047,84.08999633789062,83.16000366210938,83.66999816894531,76.5938720703125,2168100,-0.00392859322684147,83.55399932861329,83.06999969482422,82.21440048217774,0.009086147291804353,65.89987208619264,0.3254757439047893,0.25201500959326845
2024-06-18,83.88999938964844,84.30999755859375,83.70999908447266,84.0,76.89596557617188,3073600,0.003944087944024455,83.58499908447266,83.0504997253418,82.19760055541992,0.009055649289886792,75.03611030376692,0.3477153795755754,0.27115508358972984
2024-06-20,83.73999786376953,84.04000091552734,83.48999786376953,83.76000213623047,76.67626953125,2432900,-0.0028571174258277265,83.60199966430665,83.02049980163574,82.15340057373047,0.009075273280513883,67.11190646015896,0.3420318983949926,0.28533044655078244
2024-06-21,83.91999816894531,84.1500015258789,83.4000015258789,83.97000122070312,76.8685073852539,2337000,0.0025071523294746267,83.62399978637696,83.03899993896485,82.18460052490235,0.008857527412595543,57.8158975992681,0.3504332928308713,0.29835101580680023
2024-06-24,84.01000213623047,85.45999908447266,83.87999725341797,84.62000274658203,77.46353912353516,2834300,0.0077408778900749375,83.7900001525879,83.17999992370605,82.22320053100586,0.0073593519876551765,65.30214946780112,0.40487401369455256,0.3196556153843507
2024-06-25,84.4800033569336,84.5199966430664,83.12999725341797,83.58000183105469,76.51148223876953,2445900,-0.012290249134615516,83.82400054931641,83.26599998474121,82.2606005859375,0.007999733785172531,49.00541921669693,0.3599500152557198,0.3277144953586245
2024-06-26,83.0,83.58000183105469,82.83999633789062,83.31999969482422,76.27348327636719,3287900,-0.003110817546475131,83.8620002746582,83.36599998474121,82.3206005859375,0.007860660345610069,47.627443855516034,0.2999102447538604,0.3221536452376717
2024-06-27,83.44999694824219,84.16000366210938,83.26000213623047,84.12999725341797,77.01497650146484,4244800,0.009721526182915552,83.90699996948243,83.54599990844727,82.41940048217774,0.007632561575517956,52.99682910246151,0.31406794781256053,0.32053650575264947
2024-06-28,83.48999786376953,84.12000274658203,83.12999725341797,83.76000213623047,77.62945556640625,4090500,-0.004397897649669358,83.88100051879883,83.64850006103515,82.52240051269531,0.007173812602809625,56.75680203726042,0.2920657633927277,0.3148423572806651
2024-07-01,83.69000244140625,83.9000015258789,82.47000122070312,82.97000122070312,76.89726257324219,3274800,-0.009431720336425697,83.77800064086914,83.63500022888184,82.60940048217773,0.006273148259578583,47.90048778404136,0.20847918389473818,0.2935697226034798
2024-07-02,83.20999908447266,83.48999786376953,82.87999725341797,83.36000061035156,77.25872039794922,3141400,0.004700486729065201,83.74700088500977,83.65050010681152,82.69660049438477,0.006341796629784763,53.22085028107111,0.17172635430110006,0.26920104894300384
2024-07-03,83.44999694824219,83.94000244140625,83.2699966430664,83.27999877929688,77.18457794189453,1571500,-0.0009597148568728509,83.67500076293945,83.62999992370605,82.76820053100586,0.006093527469248319,46.58701360924174,0.13459249440084875,0.24227933803457283
2024-07-05,83.44000244140625,83.66999816894531,82.9800033569336,83.51000213623047,77.39773559570312,3217000,0.0027618078807030155,83.65000076293946,83.62600021362304,82.82980056762695,0.006124629160249892,45.56526515794837,0.12231304295917766,0.21828607901949382
2024-07-08,83.61000061035156,83.9800033569336,83.4000015258789,83.77999877929688,77.64797973632812,3239200,0.0032331054503622614,83.63100051879883,83.62750015258788,82.8938005065918,0.006153697245082725,48.166656494140625,0.13283670303768247,0.20119620382313155
2024-07-09,83.58000183105469,84.04000091552734,82.94999694824219,83.76000213623047,77.62945556640625,2123200,-0.0002386803933845938,83.54500045776368,83.66750030517578,82.96660049438476,0.005738526657353989,50.790896742956214,0.13797275347523907,0.18855151375355308
2024-07-10,84.0999984741211,84.44999694824219,83.56999969482422,84.37999725341797,78.20405578613281,2482400,0.007402042757581606,83.625,83.7245002746582,83.05100036621094,0.005912873791626894,53.17724088393984,0.18988268549141196,0.18881774810112487
2024-07-11,85.45999908447266,87.0999984741211,85.45999908447266,86.80000305175781,80.44694519042969,4363500,0.028679851589374472,83.97300033569336,83.91750030517578,83.16740036010742,0.00851225263551875,68.62746564667097,0.4214378504942431,0.23534176857974853
2024-07-12,87.5,88.0199966430664,87.13999938964844,87.45999908447266,81.05863189697266,3562600,0.007603640662561917,84.30600051879883,84.10650024414062,83.32440032958985,0.008463325074122839,70.26713535939263,0.6507022604367592,0.3184138669511507
2024-07-15,87.62000274658203,88.16000366210938,87.37000274658203,88.05000305175781,81.60546112060547,2928700,0.006745986433355666,84.73500061035156,84.3080005645752,83.49260040283202,0.008514760893464637,70.058492056056,0.8699758068083412,0.4287262549225888
2024-07-16,88.61000061035156,89.16000366210938,88.1500015258789,89.12999725341797,82.60639953613281,3029300,0.012265691814062896,85.35100021362305,84.56450042724609,83.66000030517579,0.008767743105832984,82.30502164033086,1.1180104497469188,0.5665830938874549
2024-07-17,89.0199966430664,90.33999633789062,89.0199966430664,89.73999786376953,83.17174530029297,4757200,0.006843942882856613,85.98899993896484,84.86800041198731,83.82880020141602,0.00864949845531961,85.90608150662837,1.3482597434761487,0.7229184238051937
2024-07-18,89.23999786376953,90.79000091552734,88.7300033569336,88.94999694824219,82.4395751953125,4464700,-0.008803219682784191,86.55599975585938,85.11550025939941,83.98040008544922,0.009077477409788664,77.01796416404584,1.4502696898205159,0.8683886770082582
2024-07-19,89.08000183105469,89.2300033569336,88.41000366210938,88.79000091552734,82.2912826538086,2809000,-0.0017987188106137753,87.08399963378906,85.36700019836425,84.1134001159668,0.009045139789326289,78.87487780693672,1.5009015062575486,0.9948912428581164
2024-07-22,89.05000305175781,89.80000305175781,88.41000366210938,89.70999908447266,83.14395141601562,3244400,0.010361506469862336,87.67699966430663,85.65400009155273,84.2786001586914,0.00919378728251677,88.12220855718817,1.5968561849630305,1.1152842312790991
2024-07-23,89.56999969482422,90.26000213623048,89.16999816894531,89.63999938964844,83.07907104492188,2655400,-0.0007802886583279101,88.26499938964844,85.90499992370606,84.40900009155274,0.009177096268570373,86.85450045310782,1.6482525395188077,1.2218778929270409
2024-07-24,89.58999633789062,90.16999816894533,88.2300033569336,88.31999969482422,81.85568237304688,3844900,-0.014725565638241789,88.65899963378907,86.14199981689453,84.51760009765626,0.009402986541810142,75.81971153658245,1.5644377129937084,1.2903898569403744
2024-07-25,88.6500015258789,89.68000030517578,87.83999633789062,88.02999877929688,81.5869140625,4723200,-0.00328352487012451,88.78199920654296,86.37749977111817,84.615,0.00940878156929202,73.01427600271924,1.4578084999420042,1.3238735855407007
2024-07-26,88.68000030517578,89.87999725341797,88.44000244140625,89.56999969482422,83.01420593261719,3326000,0.01749404676681121,88.99299926757813,86.64949989318848,84.73039993286133,0.009859653693972478,76.10462944426443,1.480502967308908,1.3551994618943422
2024-07-29,89.70999908447266,90.33000183105467,88.91999816894531,90.02999877929688,83.4405288696289,3371100,0.005135637892597078,89.19099884033203,86.9629997253418,84.83179992675781,0.009703034892666112,77.18994560164737,1.5181067878841077,1.3877809270922954
2024-07-30,90.37000274658205,90.94000244140624,90.02999877929688,90.7300033569336,84.08929443359375,2854000,0.007775237000199553,89.35099945068359,87.35099983215332,84.9483999633789,0.009232539814169721,77.34713940434212,1.586108929423915,1.4274465275586194
2024-07-31,90.88999938964844,91.54000091552734,90.1500015258789,90.41000366210938,83.792724609375,5633800,-0.003526944593679082,89.41800003051758,87.70349998474121,85.05880004882812,0.009405774168532062,68.98003520273664,1.5957846039272567,1.461114142832347
2024-08-01,91.45999908447266,91.81999969482422,90.47000122070312,91.31999969482422,84.6361083984375,6988100,0.010065213979149723,89.65500030517578,88.10550003051758,85.19740005493163,0.009416122483014891,69.77460442036111,1.6577719571714908,1.5004457057001759
2024-08-02,91.0999984741211,92.12999725341795,90.4499969482422,91.2699966430664,84.58977508544922,5223600,-0.0005475586062736459,89.90299987792969,88.49349975585938,85.33559997558594,0.009480104905900684,67.46201642886163,1.6834567117705177,1.5370479069142444
2024-08-05,89.4800033569336,91.0199966430664,88.41999816894531,88.66000366210938,82.17081451416016,6852600,-0.0285963961537552,89.79800033569336,88.7375,85.4368000793457,0.012031476521271926,47.81398174479763,1.4761908348498594,1.5248764925013676
2024-08-06,88.63999938964844,91.37000274658205,88.2699966430664,90.41000366210938,83.792724609375,7321600,0.019738325374645704,89.87500076293945,89.07000007629395,85.60900009155273,0.012573891770444661,52.817520027976606,1.4365814915661588,1.507217492314326
2024-08-07,90.80999755859376,91.8499984741211,89.68000030517578,89.79000091552734,83.21808624267578,4998600,-0.006857678591621119,90.02200088500976,89.34050025939942,85.76760009765626,0.012767801675475301,53.5836366323105,1.3397183226955605,1.473717658390573
2024-08-08,89.80000305175781,90.8499984741211,89.5199966430664,90.66999816894533,84.03367614746094,5981200,0.00980061526278253,90.2860008239746,89.53400001525878,85.95460006713867,0.011409701406094448,57.5562622084163,1.3187601414007162,1.4427261549926016
2024-08-09,91.0199966430664,91.26000213623048,90.0999984741211,91.08999633789062,84.4229507446289,4133800,0.004632162539175422,90.43800048828125,89.71549987792969,86.16580001831055,0.011355474971591421,55.77888548171597,1.320815435727738,1.4183440111396288
2024-08-12,90.7699966430664,90.77999877929688,89.77999877929688,90.41999816894533,83.80199432373047,2925500,-0.007355343022081073,90.4770004272461,89.83399963378906,86.34,0.011488618183471567,53.110044644758474,1.2539265339230212,1.3854605156963073
2024-08-13,91.05999755859376,91.30999755859376,90.5500030517578,91.20999908447266,84.53416442871094,3111300,0.008737015389574054,90.525,89.9379997253418,86.49940002441406,0.011338957295335156,62.03164326179955,1.2502509541588722,1.3584186033888204
2024-08-14,91.37000274658205,91.87999725341795,90.93000030517578,91.4499969482422,84.75659942626953,2966300,0.0026312670340811195,90.62899932861328,90.02349967956543,86.66739990234375,0.01126780263173501,64.29766142304902,1.2522684810357134,1.337188578918199
2024-08-15,91.58999633789062,91.79000091552734,90.9800033569336,91.37999725341795,84.69171905517578,4054400,-0.0007654422871535838,90.63499908447265,90.14499969482422,86.82119979858399,0.011040620050100418,58.627260455698476,1.2339942773659374,1.3165497186077466
2024-08-16,91.37999725341795,91.6999969482422,90.91999816894533,91.33000183105467,84.6453857421875,2260900,-0.000547115603698578,90.64099960327148,90.27199974060059,86.97599990844726,0.011025031197271115,56.44843642616878,1.2016260296598915,1.2935649808181755
2024-08-19,91.33000183105467,92.08999633789062,91.31999969482422,92.08999633789062,85.34974670410156,2629800,0.008321411273393142,90.9839988708496,90.39099960327148,87.14279983520508,0.010947594711318792,56.70609532852743,1.2231988899265644,1.2794917626398534
2024-08-20,92.19000244140624,92.33999633789062,91.66000366210938,91.9800033569336,85.24781036376953,4934200,-0.0011944074854064457,91.14099884033203,90.50799980163575,87.3231999206543,0.01095226091643243,57.90535987725317,1.2173867461853405,1.267070759348951
2024-08-21,92.08000183105467,92.5199966430664,91.62999725341795,92.47000122070312,85.70194244384766,2965900,0.00532722163390309,91.40899887084962,90.71549987792969,87.50779998779296,0.01030205800866177,56.04629315414229,1.2380478677579134,1.2612661810307435
2024-08-22,92.5199966430664,92.83000183105467,92.22000122070312,92.73999786376952,85.95217895507812,3182300,0.0029198295609618174,91.61599884033203,90.95099983215331,87.70379989624024,0.010216575007656407,57.55399011703666,1.2616647423085823,1.2613458932863113
2024-08-23,93.13999938964844,94.91000366210938,93.08000183105467,94.77999877929688,87.8428726196289,8040200,0.021996991185227577,91.98499908447266,91.21149978637695,87.92579986572265,0.01060300841627317,83.406184825123,1.4285251615876717,1.2947817469465834
2024-08-26,95.16999816894533,95.37000274658205,94.58000183105467,94.73999786376952,87.8057861328125,2748500,-0.00042203962906250947,92.41699905395508,91.44699974060059,88.14019989013671,0.010613727900055887,79.06046495433074,1.539785814068125,1.343782560370892
2024-08-27,94.04000091552734,94.9499969482422,93.95999908447266,94.87999725341795,87.93555450439453,1859300,0.0014777221110955363,92.78399887084962,91.65449943542481,88.35779983520507,0.010545515460798533,86.51375704928336,1.6205764667348035,1.3991413416436742
2024-08-28,94.86000061035156,95.11000061035156,94.05999755859376,94.51000213623048,87.59263610839844,2664100,-0.00389961138172501,93.08999938964844,91.85949935913087,88.57459991455079,0.010556661228789956,79.72153755487345,1.6358905987437709,1.4464911930636937
2024-08-29,94.45999908447266,94.62000274658205,93.83999633789062,94.22000122070312,87.32386016845703,3379500,-0.003068467981932055,93.37399978637696,92.0044994354248,88.77899993896484,0.010454436725336151,74.72368931711175,1.6061122462444217,1.4784154036998394
2024-08-30,94.6500015258789,95.18000030517578,93.95999908447266,95.12999725341795,88.1672592163086,3490000,0.009658204425016192,93.75399932861328,92.19749946594239,89.00639984130859,0.010591429525109856,85.84491005517074,1.6370706308418903,1.5101464491282497
2024-09-03,94.73999786376952,95.5,94.48999786376952,95.08000183105467,88.12091064453125,5160800,-0.000525548447458668,94.0529998779297,92.51849937438965,89.22859985351562,0.007797150721936017,83.19062481597042,1.6386814610833937,1.5358534515192788
2024-09-04,95.31999969482422,96.2300033569336,94.8499984741211,95.3499984741211,88.37113952636719,3041100,0.0028396785640179,94.38999938964844,92.76549911499023,89.4431997680664,0.006800204272359431,83.27667668736302,1.6428072687128434,1.557244214957992
2024-09-05,95.9800033569336,96.13999938964844,94.87000274658205,95.04000091552734,88.0838394165039,6269400,-0.0032511543110080865,94.64699935913086,93.02799911499024,89.67239974975585,0.0065780148811138564,80.00022513113893,1.6025891387488258,1.5663131997161588
2024-09-06,95.19000244140624,95.20999908447266,94.19000244140624,94.9499969482422,88.00041198730469,6965800,-0.0009470114311671551,94.86799926757813,93.24199905395508,89.90499969482421,0.006418732346387313,79.4789370484782,1.5456362801189556,1.5621778157967183
2024-09-09,94.95999908447266,96.19000244140624,94.8000030517578,96.01000213623048,88.98284912109375,2906400,0.011163825403449845,94.99099960327149,93.48799934387208,90.14259979248047,0.00670203577066819,80.43492425669459,1.567959824335432,1.563334217504461
2024-09-10,96.29000091552734,97.44000244140624,96.02999877929688,97.4000015258789,90.27111053466795,6001000,0.014477651897935928,95.25699996948242,93.83699951171874,90.41539978027343,0.006763559590661286,85.10367891654508,1.678464434797931,1.586360260963155
2024-09-11,96.5199966430664,97.31999969482422,95.41999816894533,97.20999908447266,90.0950164794922,3872100,-0.0019507437210436462,95.4900001525879,94.13699951171876,90.70019973754883,0.006770722507140301,81.94072713774995,1.7307574313182243,1.6152396950341692
2024-09-12,97.43000030517578,97.69000244140624,96.5999984741211,97.62000274658205,90.47500610351562,2713200,0.004217710790770601,95.80100021362304,94.44549980163575,90.98539978027344,0.006772852103368033,82.27517499172492,1.7847108411668557,1.6491339242607066
2024-09-13,98.25,98.66000366210938,98.01000213623048,98.63999938964844,91.42034912109376,3402700,0.010448643867735363,96.24300003051758,94.80849990844726,91.29259979248047,0.0068826195310944804,79.51073832549797,1.8880106997126376,1.696909279351093
2024-09-16,99.0500030517578,99.41000366210938,98.6500015258789,98.97000122070312,91.7261962890625,4144500,0.0033455173671597116,96.62700042724609,95.19049987792968,91.60179977416992,0.006806282590183925,80.96637590047627,1.97375277826184,1.7522779791332426
2024-09-17,99.0999984741211,99.37000274658205,98.04000091552734,98.27999877929688,91.0866928100586,2990700,-0.006971834221437878,96.9470001220703,95.5,91.89179977416993,0.007151102677460814,73.03524926316378,1.9633937814772509,1.7945011396020443
2024-09-18,98.43000030517578,99.58000183105467,98.0199966430664,98.16000366210938,90.97549438476562,5097000,-0.0012209515534994386,97.22800064086914,95.80900001525879,92.1797998046875,0.007151979629660002,75.5960934916852,1.9233306403863253,1.8202670397589005
2024-09-19,99.01000213623048,99.0500030517578,97.54000091552734,98.18000030517578,90.9940185546875,4450200,0.00020371477506508917,97.54200057983398,96.09449996948243,92.45579986572265,0.00716656472147698,78.86299662015264,1.8716190154413113,1.8305374348953827
2024-09-20,97.62000274658205,98.05999755859376,97.44000244140624,97.79000091552734,90.63256072998048,3708500,-0.00397228955424922,97.8260009765625,96.34700012207031,92.67559982299805,0.007335579685936901,70.97795897934543,1.7786641555216676,1.8201627790206398
2024-09-23,98.45999908447266,98.87000274658205,98.2699966430664,98.76000213623048,91.53156280517578,3320700,0.009919227033662104,98.1010009765625,96.54600028991699,92.9015998840332,0.006045313571357998,75.34434726135312,1.7629456115891742,1.8087193455343467
2024-09-24,98.37000274658205,99.18000030517578,98.0500030517578,98.9000015258789,91.66131591796876,3279000,0.0014175717559756773,98.2510009765625,96.75400047302246,93.11859985351562,0.006019242004199254,74.89481501138533,1.74170800726543,1.7953170778805634
2024-09-25,99.0,99.22000122070312,98.0199966430664,98.23999786376952,91.04962158203124,2466000,-0.006673444407750417,98.35400085449218,96.92200050354003,93.30079986572265,0.006336063463372106,71.39032251484053,1.6525704694957568,1.7667677562036022
2024-09-26,98.41000366210938,98.47000122070312,97.08000183105467,97.3499984741211,90.22476196289062,4776900,-0.00905944023820715,98.32700042724609,97.06400032043457,93.45299987792968,0.006674664248145696,64.49275162009324,1.492903553043348,1.7119949155715513
2024-09-27,97.33999633789062,97.56999969482422,96.62000274658205,96.66000366210938,90.33973693847656,4932800,-0.00708777424578122,98.12900085449219,97.18600044250488,93.60720001220703,0.006876976774309079,54.10873484127274,1.2957529234908804,1.6287465171554172
2024-09-30,96.48999786376952,97.48999786376952,96.2699966430664,97.41999816894533,91.0500259399414,4207000,0.007862554086927487,97.9740005493164,97.30050048828124,93.77979995727539,0.006773071154482742,50.13733974846033,1.1871501068826547,1.5404272351008648
2024-10-01,97.62999725341795,97.8000030517578,96.36000061035156,96.79000091552734,90.46121978759766,4240300,-0.00646681651877512,97.82500076293945,97.38600044250488,93.92139999389649,0.006980397914022628,47.27979965885082,1.0382774627501874,1.4399972806307295
2024-10-02,95.98999786376952,96.54000091552734,95.75,96.4499969482422,90.1434555053711,5161600,-0.0035128005379592153,97.65400009155273,97.44100036621094,94.05759994506836,0.007032529934550593,42.352889551101576,0.8826843058515834,1.3285346856749003
2024-10-03,96.11000061035156,96.31999969482422,95.2300033569336,95.56999969482422,89.32099914550781,2664400,-0.009123870204891915,97.39300003051758,97.46750030517578,94.20259994506836,0.007318458713793019,29.560552202521748,0.6805225438395439,1.198932257307829
2024-10-04,95.02999877929688,95.3499984741211,94.23999786376952,95.11000061035156,88.89105987548828,4602000,-0.0048132163434292385,97.125,97.47550048828126,94.34419998168946,0.007403791115895018,24.738163429160423,0.47768337263184435,1.054682480372632
2024-10-07,94.58999633789062,94.58999633789062,93.83999633789062,94.2699966430664,88.10600280761719,3420200,-0.008831920533009963,96.67599945068359,97.38850021362305,94.4381999206543,0.007179254463368725,24.261813096139463,0.24631124540499627,0.893008233379105
2024-10-08,94.51000213623048,94.88999938964844,94.08999633789062,94.45999908447266,88.2835693359375,3773700,0.002015513399514113,96.23199920654297,97.24150009155274,94.52679992675782,0.006256842865887627,26.4630541871922,0.07738671090461935,0.7298839288842079
2024-10-09,94.27999877929688,94.56999969482422,93.91999816894533,94.55999755859376,88.37702941894531,4120600,0.001058633020223576,95.86399917602539,97.10900001525879,94.60339981079102,0.006281890510825928,27.20399803595832,-0.04786638469605009,0.5743338661681563
2024-10-10,94.0199966430664,94.66999816894533,93.43000030517578,93.72000122070312,87.59196472167969,2664300,-0.008883210232425554,95.5009994506836,96.91399993896485,94.66959976196289,0.006352072337062592,25.744912443745818,-0.21246192091352611,0.4169747087518198
2024-10-11,94.1999969482422,94.77999877929688,94.0199966430664,94.77999877929688,88.58264923095703,2654000,0.011310259760854535,95.31299896240235,96.72099990844727,94.73879974365235,0.006443334486331604,26.532966138216423,-0.2544391093338447,0.28269194513468693
2024-10-14,94.5,95.51000213623048,94.27999877929688,95.3499984741211,89.11537170410156,2529100,0.006013923846438507,95.10599899291992,96.53999977111816,94.82039978027343,0.006585348533663129,30.078520357922798,-0.23895756780443378,0.1783620425468628
2024-10-15,95.8000030517578,97.31999969482422,95.75,96.5,90.19019317626952,2808500,0.01206084472241531,95.07699890136719,96.45099983215331,94.97719970703125,0.0071553656223366435,40.74467869244985,-0.13236697829897537,0.11621623837769517
2024-10-16,96.7300033569336,97.69000244140624,96.5500030517578,97.55999755859376,91.18087768554688,3177100,0.010984430659002786,95.18799896240236,96.42099952697755,95.12019958496094,0.007630305728548048,51.097175684434404,0.03721083272046144,0.10041515724624843
2024-10-17,97.18000030517578,97.29000091552734,96.5,96.79000091552734,90.46121978759766,2904100,-0.007892544714384275,95.30999908447266,96.35149955749513,95.26019958496094,0.00781586394113131,50.67356185708423,0.1082226523603822,0.10197665626907519
2024-10-18,97.02999877929688,97.5500030517578,96.66000366210938,97.51000213623048,91.13414764404295,2080200,0.007438797539959907,95.54999923706056,96.33749961853029,95.39699966430663,0.00797798541621573,50.468283210318184,0.22006138162311117,0.1255936013398824
2024-10-21,97.02999877929688,97.41999816894533,95.47000122070312,95.5999984741211,89.34904479980469,4143000,-0.01958777171844317,95.68299942016603,96.17949943542482,95.48719970703125,0.00871899045201404,44.53626029337796,0.15281153114362667,0.13103718730063127
2024-10-22,95.30999755859376,96.08999633789062,95.16000366210938,95.73999786376952,89.4798812866211,2530000,0.0014644287853866622,95.81099929809571,96.02149925231934,95.59359970092774,0.008719846974296072,46.6791420531145,0.10954950237929495,0.12673965031636403
2024-10-23,95.51000213623048,96.62000274658205,95.41000366210938,96.44000244140624,90.13410949707033,2710500,0.007311516537035656,95.99899978637696,95.93149948120117,95.6981997680664,0.008850181191770102,54.138927543995955,0.13024714412890148,0.12744114907887152
2024-10-24,96.55999755859376,97.25,96.4800033569336,96.6500015258789,90.33038330078124,2632300,0.002177510153012152,96.29199981689453,95.89649963378906,95.80219985961914,0.008658660703972197,57.50487619339389,0.16173101099462883,0.134299121462023
2024-10-25,97.30999755859376,97.61000061035156,95.70999908447266,95.73999786376952,89.4798812866211,3834800,-0.00941545419288714,96.38799972534179,95.85049934387207,95.88939987182617,0.008769281563653378,57.11520309843454,0.11196188508303351,0.1298316741862251
2024-10-28,96.43000030517578,96.98999786376952,95.91999816894533,96.04000091552734,89.76026916503906,2296500,0.003133518471398977,96.45699996948242,95.78149948120117,95.98359985351563,0.008595627160873209,57.56705680828293,0.09562492862492888,0.12299032507396586
2024-10-29,95.73999786376952,96.1500015258789,95.04000091552734,95.3499984741211,89.11537170410156,2819600,-0.007184531807878147,96.34199981689453,95.70949935913086,96.04879989624024,0.008622523291616958,53.58114440851466,0.026692646289149025,0.1037307893170025
2024-10-30,95.3499984741211,96.4800033569336,95.3000030517578,95.7699966430664,89.50792694091797,2930300,0.00440480519839026,96.16299972534179,95.67549934387208,96.12459976196288,0.008668884152953466,59.660668380462646,0.005885810115287882,0.08416179347665959
2024-10-31,95.0,95.58000183105467,94.08999633789062,94.1500015258789,87.99385070800781,4946300,-0.01691547639105806,95.89899978637695,95.6044994354248,96.15819976806641,0.009241611297371244,47.1799600430306,-0.1397132966355059,0.03938677545422649
2024-11-01,94.68000030517578,94.91000366210938,93.05999755859376,93.11000061035156,87.0218505859375,4835200,-0.011046212412874734,95.45899963378905,95.5044994354248,96.16559982299805,0.009489134503071386,40.378021851254495,-0.3351575325462903,-0.03552208614587688
2024-11-04,93.41000366210938,94.45999908447266,93.37999725341795,94.12999725341795,87.97515869140625,3368200,0.010954748538074766,95.31199951171874,95.49749946594238,96.15259979248047,0.009661614033687515,39.704594671090966,-0.40309664576400905,-0.10903699806950332
2024-11-05,93.61000061035156,95.43000030517578,93.38999938964844,95.37999725341795,89.1434097290039,2398100,0.01327950745217521,95.27599945068359,95.54349937438965,96.16539978027343,0.010105235000544638,40.683763024577644,-0.35201650203700297,-0.15763289886300325
2024-11-06,95.62999725341795,95.62999725341795,92.37000274658205,93.3499984741211,87.24615478515625,6335400,-0.02128327571559152,94.96699905395508,95.48299942016601,96.1347998046875,0.011217778466561966,36.72839251801682,-0.4699220869009366,-0.2200907364705899
2024-11-07,93.8000030517578,94.75,93.54000091552734,94.47000122070312,88.29293060302734,4871300,0.011997887143967434,94.7489990234375,95.52049942016602,96.13399978637695,0.011375287993444831,38.62275808152821,-0.46759807147552124,-0.2695922034715762
2024-11-08,94.83000183105467,96.16000366210938,94.6999969482422,95.87999725341795,89.61072540283203,4093600,0.014925330946283788,94.76299896240235,95.57549934387207,96.16719970703124,0.011583582048883987,51.088642169548095,-0.34797019271795193,-0.2852678013208514
2024-11-11,95.80999755859376,96.44000244140624,95.33999633789062,95.4000015258789,89.16211700439453,2279800,-0.0050062134051838125,94.6989990234375,95.57799949645997,96.17259979248047,0.01157665711964545,48.712134786001265,-0.2885694318686234,-0.2859281274304058
2024-11-12,95.0500030517578,95.45999908447266,94.06999969482422,94.08000183105467,87.92841339111328,4645800,-0.013836474567205936,94.57199935913086,95.45699958801269,96.15259979248047,0.0116155014494754,41.46164267251992,-0.3440409546436598,-0.29755069287305663
2024-11-13,94.86000061035156,95.4499969482422,94.45999908447266,94.5999984741211,88.41442108154297,2884300,0.005527175095087822,94.45499954223632,95.30899963378906,96.13759979248047,0.01137571502568106,42.74591451832189,-0.34209964107871826,-0.30646048251418895
2024-11-14,94.5999984741211,94.5999984741211,93.56999969482422,93.75,87.62001037597656,3708000,-0.008985184860797024,94.41499938964844,95.15699958801268,96.11179977416992,0.011410714024738826,42.928215831309444,-0.40448624358788265,-0.3260656347289277
2024-11-15,93.41000366210938,93.9800033569336,93.01000213623048,93.8000030517578,87.66673278808594,2786400,0.0005333658854165257,94.48399963378907,94.97149963378905,96.08879989624023,0.011227986807601767,41.89580178567774,-0.44476625859199714,-0.3498057595015416
2024-11-18,93.37999725341795,94.4800033569336,93.22000122070312,94.4800033569336,88.30227661132812,2468100,0.00724946996857323,94.51900024414063,94.91549987792968,96.0581999206543,0.010585303108263135,46.85012225830367,-0.4170110749647762,-0.3632468225941885
2024-11-19,94.2300033569336,95.16999816894533,93.77999877929688,94.94000244140624,88.73218536376953,3041600,0.004868745428964649,94.47500076293946,94.87550010681151,96.00899993896485,0.010646353693954511,47.003627409665874,-0.3538182141027306,-0.36136110089589696
2024-11-20,94.5500030517578,94.9499969482422,94.0500030517578,94.81999969482422,88.62003326416016,3143000,-0.0012639850800096886,94.62200088500977,94.79449996948242,95.96119995117188,0.010492469663758193,52.71254520496833,-0.30984889020193407,-0.3510586587571044
2024-11-21,94.83999633789062,95.80999755859376,94.4499969482422,95.5199966430664,89.27426147460938,2988600,0.007382376613532138,94.7270004272461,94.7379997253418,95.91919982910156,0.01063365479754563,60.03330002483849,-0.21602873583069027,-0.3240526741718216
2024-11-22,95.83999633789062,96.41999816894533,95.83000183105467,96.23999786376952,89.94718170166016,2943700,0.007537701486669546,94.76300048828125,94.7629997253418,95.87119979858399,0.010563888656265258,59.00940286099251,-0.08262505612954385,-0.27576715056336604
2024-11-25,96.8000030517578,98.05999755859376,96.8000030517578,97.58000183105467,91.19957733154295,4001200,0.013923566053918313,94.98100051879882,94.83999977111816,95.84339981079101,0.010982703453503084,59.322056911425975,0.12972999579729105,-0.1946677212912346
2024-11-26,97.41999816894533,98.06999969482422,97.04000091552734,97.97000122070312,91.5640640258789,2774500,0.0039967143095946955,95.37000045776367,94.97099990844727,95.83719985961915,0.010835618696693963,72.73624286715167,0.32573769439228784,-0.09058663815453012
2024-11-27,98.52999877929688,99.1999969482422,98.51000213623048,98.5999984741211,92.15287017822266,2383100,0.00643051184615917,95.77000045776366,95.1125,95.84599975585938,0.010874461864474409,71.35471196443301,0.5258490602947319,0.03270050153532228
2024-11-29,98.75,99.08999633789062,98.04000091552734,98.16000366210938,91.74164581298828,1922400,-0.0044624220975744144,96.2110008239746,95.31300010681153,95.84559982299805,0.010092088343209049,63.10350119483491,0.6415395863507598,0.1544683184984098
2024-12-02,97.66000366210938,97.73999786376952,96.47000122070312,96.7300033569336,90.4051513671875,3659400,-0.014568054725203505,96.50400085449218,95.49400024414062,95.82439987182617,0.01036134115637198,56.891205555783955,0.6107952210376055,0.24573369900624897
2024-12-03,96.81999969482422,97.11000061035156,96.19000244140624,96.23999786376952,89.94718170166016,1992500,-0.005065703258129273,96.68000030517577,95.5995002746582,95.77399978637695,0.010248016674333987,62.24487589258296,0.5406583687474154,0.30471863295448226
2024-12-04,96.33999633789062,96.33999633789062,95.47000122070312,95.9800033569336,89.7042007446289,2220300,-0.0027015223670718846,96.7840003967285,95.62950057983399,95.71559982299804,0.00986926114495302,58.06077848367526,0.4588061919776152,0.33553614475910887
2024-12-05,95.58999633789062,95.83999633789062,95.22000122070312,95.75,89.48922729492188,2922300,-0.0023963674608162844,96.87700042724609,95.74950065612794,95.66579986572266,0.008497598396546404,62.59445456572044,0.3711005869242001,0.34264903319212714
2024-12-06,96.01000213623048,96.33000183105467,95.19000244140624,95.61000061035156,89.35839080810547,1866100,-0.0014621346177382533,96.8860008239746,95.80650062561035,95.63099990844727,0.008131217851081219,61.270223124194885,0.28698826029302893,0.33151687861230755
2024-12-09,95.73999786376952,96.1999969482422,95.5999984741211,95.87999725341795,89.61072540283203,2871900,0.0028239372591025713,96.85000076293946,95.80650062561035,95.61539978027344,0.007431740624196236,59.18631754321319,0.23935596154976224,0.31308469519979854
2024-12-10,95.76000213623048,95.7699966430664,94.19000244140624,94.48999786376952,88.31160736083984,2902100,-0.014497282326516592,96.54100036621094,95.76100044250488,95.55679977416992,0.00804751797380852,47.36839287387399,0.08842636351343458,0.2681530288625258
2024-12-11,94.52999877929688,94.9800033569336,94.01000213623048,94.2699966430664,88.10600280761719,4294900,-0.002328301679298317,96.17099990844727,95.77050018310547,95.5063996887207,0.007427392945323349,46.820789365057514,-0.048380984331956256,0.20484622622362939
2024-12-12,94.02999877929688,95.12999725341795,94.02999877929688,94.12000274658205,87.96581268310547,2255100,-0.001591109598234941,95.72300033569336,95.74650039672852,95.4597998046875,0.007324851421723586,41.35805259955434,-0.16698020319724094,0.13048094033945534
2024-12-13,93.98999786376952,94.19000244140624,93.58999633789062,93.8499984741211,87.71345520019531,2796200,-0.0028687235930914268,95.29199981689453,95.75150032043457,95.42539978027344,0.007063023388252437,34.37907649346769,-0.2795357131803513,0.048477609635494016
2024-12-16,93.8000030517578,94.58000183105467,93.4499969482422,93.5199966430664,87.40503692626953,3644900,-0.003516268901652464,94.97099914550782,95.7375,95.39359970092774,0.007107162212054951,19.4276338391644,-0.39085956976772707,-0.0393898262451502
2024-12-17,93.13999938964844,93.83000183105467,92.83000183105467,93.06999969482422,86.98446655273438,3020200,-0.004811772502084977,94.65399932861328,95.66699981689453,95.36959976196289,0.006958606986390984,13.432766138187759,-0.5095220678681329,-0.13341627456974675
2024-12-18,92.83000183105467,93.2699966430664,89.20999908447266,89.2300033569336,83.39554595947266,5409800,-0.041259228005608106,93.97899932861328,95.38149986267089,95.26499984741211,0.011297514475273766,2.724490000169226,-0.9030092364352811,-0.2873348669428536
2024-12-19,89.47000122070312,90.1500015258789,87.79000091552734,87.8499984741211,82.10577392578125,5403600,-0.01546570470576214,93.18899917602539,95.03299980163574,95.13079986572265,0.011622000596730221,2.4884486731530444,-1.3110920601645546,-0.4920863055871938
2024-12-20,87.8499984741211,90.33999633789062,87.8499984741211,89.33000183105469,83.489013671875,7622200,0.016846936626522258,92.56099929809571,94.72350006103515,95.04299987792969,0.012273371492496295,16.055043624031796,-1.4978109042977508,-0.6932312253293051
2024-12-23,88.18000030517578,88.93000030517578,87.83999633789062,88.81999969482422,83.81550598144531,4548900,-0.005709192049441647,91.85499954223633,94.3525001525879,94.92379989624024,0.012014026623686013,16.02564371280488,-1.667715457955552,-0.8881280718545546
2024-12-24,88.55000305175781,89.51000213623047,88.51000213623047,89.41000366210938,84.37226867675781,2182600,0.006642692741638756,91.34700012207031,93.94400024414062,94.805,0.011545611018225078,20.80002115883974,-1.7347604133404388,-1.0574545401517315
2024-12-26,89.16999816894531,89.73999786376953,88.7300033569336,89.6500015258789,84.59874725341797,2577400,0.0026842395027351085,90.88500061035157,93.52800025939942,94.66800003051758,0.011499621051625686,22.912978166790936,-1.748374034115173,-1.19563843894442
2024-12-27,89.12000274658203,89.7699966430664,88.5,88.75,83.74945831298828,3816700,-0.010039057563419052,90.34800033569336,93.03550033569336,94.49180007934571,0.011273430150189962,21.464233893541348,-1.8109104794177426,-1.3186928470390846
2024-12-30,88.41999816894531,88.55999755859375,87.44000244140625,88.30999755859375,83.3342514038086,4402400,-0.004957773987676051,89.79400024414062,92.54300003051758,94.32220001220703,0.01127229797895935,18.949985886570616,-1.8743690232921324,-1.4298280822896943
2024-12-31,88.97000122070312,89.29000091552734,88.27999877929688,89.08000183105469,84.06087493896484,5045100,0.008719332960575032,89.35000076293946,92.16049995422364,94.15360000610352,0.011456235720084234,26.620617802117394,-1.841302082675,-1.5121228823667556
