Date,Open,High,Low,Close,Adj Close,Volume,Daily_Return,MA_10,MA_20,MA_50,Volatility_20,RSI_14,MACD,MACD_Signal
2015-12-18,30.5629997253418,30.59000015258789,30.350000381469727,30.350000381469727,21.18972396850586,1400,-0.023801858072894477,30.570899963378906,30.61140022277832,30.580620155334472,0.012690723805106009,45.85234453337762,0.04341125043642435,0.02324012933145094
2015-12-21,30.45599937438965,30.45599937438965,30.399999618530277,30.399999618530277,21.22463607788086,500,0.001647421299245666,30.548899841308593,30.59340019226074,30.585420150756836,0.012546810213313282,40.155831824385636,0.024487250574310337,0.02348955358002282
2015-12-22,30.68000030517578,30.68000030517578,30.68000030517578,30.68000030517578,21.420127868652344,200,0.009210549018389802,30.544899940490723,30.581400203704835,30.592020149230958,0.012674296456251831,50.74924484827179,0.03171793508056453,0.025135229880131164
2015-12-23,30.75,30.979999542236328,30.75,30.979999542236328,21.62957763671875,4500,0.009778332271070278,30.5878999710083,30.607900142669678,30.608420143127443,0.012356801039085001,63.12940920124105,0.06095310640989027,0.03229880518608298
2015-12-24,30.856000900268555,31.01000022888184,30.856000900268555,31.01000022888184,21.65052604675293,300,0.0009683888666496276,30.65890007019043,30.6359001159668,30.625420150756835,0.012354837855305556,56.262043451363816,0.08555675004521746,0.04295039415790988
2015-12-28,31.030000686645508,31.030000686645508,30.920000076293945,30.927000045776367,21.59257698059082,2100,-0.002676561834661584,30.73780002593994,30.648250102996826,30.64256015777588,0.012280099049551471,54.80137171821548,0.09723700609245611,0.053807716544819126
2015-12-29,31.25,31.489999771118164,31.25,31.440000534057617,21.950740814208984,3500,0.016587463624727183,30.858699989318847,30.682750129699706,30.658520164489747,0.012796777257636584,59.97232492795926,0.14620320569500933,0.07228681437485716
2015-12-30,31.56999969482422,31.59000015258789,31.440000534057617,31.440000534057617,21.950740814208984,2000,0.0,30.944700050354005,30.691800117492676,30.6673201751709,0.012275411817834307,62.93607770013454,0.1829009038942182,0.09440963227872937
2015-12-31,31.31999969482422,31.38999938964844,31.18400001525879,31.18400001525879,21.77200698852539,36800,-0.008142510001598602,30.950100135803222,30.720000076293946,30.670400161743164,0.011459351574665612,62.82648703848737,0.1891466271501656,0.11335703125301663
2016-01-04,30.979999542236328,30.979999542236328,30.36100006103516,30.459999084472656,21.26652717590332,1900,-0.02321706421343861,30.8871000289917,30.742500019073486,30.658500137329103,0.011794433375345133,54.01694913641065,0.13412942294723962,0.11751150959186124
2016-01-05,30.93000030517578,31.382999420166016,30.93000030517578,31.382999420166016,21.910945892333984,1500,0.030302047387909203,30.99039993286133,30.780649948120118,30.65720012664795,0.012828749185216554,61.905732494120834,0.1631258917558469,0.12663438602465837
2016-01-06,30.81999969482422,31.184999465942383,30.81999969482422,31.07999992370605,21.699398040771484,3700,-0.00965489284192711,31.058399963378907,30.80364990234375,30.657400131225586,0.013060186301824664,55.217028579980465,0.1598140383497615,0.13327031648967902
2016-01-07,30.72100067138672,30.75,30.506999969482425,30.51000022888184,21.30143928527832,1500,-0.01833975856574721,31.04139995574951,30.793149948120117,30.64540012359619,0.013724479911891716,43.55778370223805,0.10992797767981699,0.12860184872770664
2016-01-08,30.51000022888184,30.518999099731445,30.07999992370605,30.11000061035156,21.02217102050781,4000,-0.01311044298687436,30.954400062561035,30.771150016784667,30.625240135192872,0.013980086044725228,40.52591478593222,0.03768191524733311,0.11041786203163194
2016-01-11,30.290000915527344,30.290000915527344,30.290000915527344,30.290000915527344,21.14784240722656,500,0.005978090386152379,30.882400131225587,30.770650100708007,30.610940170288085,0.013936072335567446,49.34952897353493,-0.0049915499520949425,0.08733597963488657
2016-01-12,30.040000915527344,30.11000061035156,29.959999084472656,29.959999084472656,20.91743850708008,2300,-0.010894744835927672,30.785700035095214,30.76175003051758,30.587220153808595,0.01410389875967675,45.502860045874556,-0.06469322516453602,0.05693013867500206
2016-01-13,30.239999771118164,30.290000915527344,29.649999618530277,29.649999618530277,20.70099830627441,3300,-0.010347111996510172,30.60669994354248,30.732699966430665,30.56122013092041,0.014258105399128869,39.536772629988974,-0.1354600993216586,0.018452091075669932
2016-01-14,29.827999114990234,29.827999114990234,29.5,29.75,20.77082061767578,3700,0.003372694190769021,30.43769989013672,30.69119997024536,30.537220115661622,0.013998245536930966,36.975873392872316,-0.18138328825262562,-0.02151498478998918
2016-01-15,29.145999908447266,29.299999237060547,29.145999908447266,29.25,20.42173385620117,1400,-0.01680672268907568,30.24429988861084,30.597200012207033,30.49522010803223,0.01363494174539633,33.050855863385124,-0.25518198854609153,-0.06824838554120966
2016-01-19,29.51000022888184,29.51000022888184,29.354999542236328,29.450000762939453,20.561368942260746,4700,0.00683763292100692,30.14330005645752,30.515200042724608,30.459820137023925,0.013809246195322655,36.08967585874637,-0.29413894941279395,-0.11342649831552652
2016-01-20,28.65999984741211,28.88999938964844,28.1200008392334,28.65999984741211,20.00980567932129,4600,-0.026825157727041526,29.87100009918213,30.430700016021728,30.411020126342773,0.014067505219292158,25.116375152586073,-0.38432879008361454,-0.16760695666914413
2016-01-21,28.8799991607666,28.8799991607666,28.8799991607666,28.8799991607666,20.16340065002441,100,0.007676179850864662,29.651000022888184,30.354699993133544,30.389620094299318,0.014230712411314586,27.953842585687738,-0.43306072811841645,-0.22069771095899862
2016-01-22,29.46500015258789,29.479999542236328,29.457000732421875,29.479999542236328,20.58230781555176,300,0.020775637081209553,29.547999954223634,30.294699954986573,30.38502010345459,0.014947056907658315,36.146345351483845,-0.41844257816384456,-0.2602466843999678
2016-01-25,29.479999542236328,29.479999542236328,29.479999542236328,29.479999542236328,20.58230781555176,0,0.0,29.48499984741211,30.219699954986574,30.374020080566407,0.014703342195035931,40.96941494410128,-0.4022210352858835,-0.2886415545771509
2016-01-26,29.59000015258789,29.856000900268555,29.59000015258789,29.742000579833984,20.76523780822754,500,0.008887416610108279,29.430199813842773,30.15629997253418,30.36618007659912,0.01490340604226392,32.78071629799291,-0.364027766096946,-0.3037187968811099
2016-01-27,29.479999542236328,29.479999542236328,29.479999542236328,29.479999542236328,20.58230781555176,900,-0.008809126235284293,29.382199859619142,30.083949947357176,30.35678005218506,0.014981376889672946,33.06521195814338,-0.35085616769634953,-0.3131462710441578
2016-01-28,29.479999542236328,29.489999771118164,29.15999984741211,29.15999984741211,20.3588924407959,1700,-0.0108548066415588,29.333199882507323,29.9699499130249,30.34878005981445,0.014407464927581515,34.91284142207736,-0.36206521961694094,-0.3229300607587145
2016-01-29,29.01000022888184,29.200000762939453,29.01000022888184,29.190000534057617,20.37984085083008,600,0.0010288301372598507,29.277199935913085,29.8574499130249,30.341980056762694,0.014423043798373442,38.791437950142274,-0.36432792381528856,-0.33120963337002934
2016-02-01,29.60700035095215,29.809999465942383,29.60700035095215,29.809999465942383,20.81271171569824,700,0.021240113756126,29.333199882507323,29.78874988555908,30.33838005065918,0.015400123261904729,44.71829906979067,-0.3124902083352623,-0.32746574836307596
2016-02-02,29.68000030517578,29.68000030517578,29.43000030517578,29.43000030517578,20.54740333557129,1100,-0.01274737227690148,29.331199836730956,29.73724994659424,30.320080070495607,0.014812627054441432,44.231621951523294,-0.29862879497661865,-0.32169835768578453
2016-02-03,29.68000030517578,29.68000030517578,29.04700088500977,29.459999084472656,20.56834983825684,3800,0.0010193265030853382,29.41119976043701,29.64109992980957,30.299080047607422,0.012802666799409794,47.797861771640775,-0.2819724711195093,-0.31375318037252947
2016-02-04,29.444000244140625,29.645000457763672,29.444000244140625,29.636999130249023,20.691930770874023,1500,0.006008148380074463,29.486899757385252,29.568949890136718,30.276620025634767,0.012858164643216718,48.71326747313054,-0.25158962147015984,-0.3013204685920556
2016-02-05,29.209999084472656,29.209999084472656,29.097999572753903,29.097999572753903,20.315608978271484,200,-0.018186711654790688,29.448699760437012,29.49834985733032,30.240180015563965,0.012848155271199299,48.28441967522544,-0.2679153920411359,-0.2946394532818717
2016-02-08,28.100000381469727,28.100000381469727,27.55599975585937,27.55599975585937,19.2390193939209,700,-0.052993327360496334,29.256299781799317,29.370649814605713,30.182299995422362,0.01703063335963312,33.59319804771013,-0.4006616034710504,-0.3158438833197075
2016-02-09,27.420000076293945,27.549999237060547,27.07099914550781,27.34000015258789,19.08820915222168,1400,-0.00783856892093171,29.016099739074708,29.22314977645874,30.120099983215333,0.016872026531506146,37.302806937203506,-0.5173298388583589,-0.35614107442743775
2016-02-10,27.920000076293945,27.920000076293945,27.920000076293945,27.920000076293945,19.49315643310547,300,0.021214335057388567,28.86009979248047,29.121149826049805,30.064899978637694,0.01778200248143191,41.36380607771057,-0.5565732790643594,-0.3962275153548221
2016-02-11,27.299999237060547,27.299999237060547,27.21999931335449,27.21999931335449,19.00442886352539,800,-0.02507166049522347,28.666099739074706,28.999649810791016,29.994299964904783,0.018380925024209554,30.02827312778595,-0.6368173653968334,-0.4443454853632244
2016-02-12,27.21999931335449,27.507999420166016,27.21999931335449,27.489999771118164,19.19294166564941,1800,0.00991919414308029,28.49609966278076,28.886649799346923,29.918919944763182,0.018578299995623212,33.215250167391744,-0.6708909877970051,-0.48965458584998056
2016-02-16,27.489999771118164,27.489999771118164,27.489999771118164,27.489999771118164,19.19294166564941,100,0.0,28.26409969329834,28.798649787902832,29.85631992340088,0.018336414286115783,30.127061231428527,-0.6899413644604167,-0.5297119415720678
2016-02-17,28.399999618530277,28.450000762939453,28.327999114990234,28.350000381469727,19.793367385864254,2600,0.03128412577344242,28.156099700927733,28.743649768829346,29.823119926452637,0.019780198820493797,40.9802082067781,-0.6284002562973221,-0.5494496045171187
2016-02-18,28.481000900268555,28.700000762939453,28.481000900268555,28.700000762939453,20.03772735595703,3900,0.01234569230194782,28.080099868774415,28.745649814605713,29.78471992492676,0.019090132769721345,46.34573261718348,-0.5451027735303917,-0.5485802383197733
2016-02-19,28.65999984741211,28.65999984741211,28.65999984741211,28.65999984741211,20.00980567932129,200,-0.001393760085853235,27.982399940490723,28.734649848937988,29.745519905090333,0.019011876882999768,45.796313648770045,-0.4768201717632614,-0.5342282250084709
2016-02-22,29.100000381469727,29.155000686645508,29.075000762939453,29.100000381469727,20.31700897216797,800,0.01535242625262434,27.982600021362305,28.71564989089966,29.713119926452638,0.018733468898329296,44.20314320063288,-0.382788801032131,-0.503940340213203
2016-02-23,28.950000762939453,28.950000762939453,28.950000762939453,28.950000762939453,20.2122802734375,300,-0.00515462599876082,28.12200012207031,28.689149951934816,29.681119956970214,0.01876195717799034,45.92806701543031,-0.3167210151736093,-0.4664964752052843
2016-02-24,28.91900062561035,28.974000930786133,28.90999984741211,28.974000930786133,20.229034423828125,800,0.0008290213200063956,28.285400199890137,28.650749969482423,29.654599990844726,0.018630446933272357,45.87297931428124,-0.25943460528331386,-0.42508410122089024
2016-02-25,29.15999984741211,29.15999984741211,29.15999984741211,29.15999984741211,20.3588924407959,100,0.006419510963304509,28.409400177001952,28.634749984741212,29.635039978027343,0.018611719516725023,45.95557757848607,-0.1967580502790618,-0.3794188910325246
2016-02-26,29.5,29.5049991607666,29.3700008392334,29.3700008392334,20.505516052246094,2500,0.007201680141295519,28.624400329589843,28.645250034332275,29.61781997680664,0.018514501445054968,52.44253892369824,-0.12865801438651658,-0.329266715703323
2016-02-29,29.62700080871582,29.649999618530277,29.32999992370605,29.32999992370605,20.477588653564453,700,-0.0013619650794804983,28.808400344848632,28.652250003814697,29.59281997680664,0.018518786849523856,71.81503332696921,-0.07702805343714303,-0.278818983250087
2016-03-01,29.799999237060547,30.040000915527344,29.790000915527344,30.030000686645508,20.966312408447266,1000,0.023866374523024758,29.06240043640137,28.663250064849855,29.57082000732422,0.018682889603135036,79.56041321091094,0.02014109994499691,-0.21902696661107024
2016-03-02,30.229999542236328,30.36000061035156,30.190000534057617,30.36000061035156,21.196712493896484,1300,0.010989008197152872,29.26340045928955,28.70975008010864,29.556220016479493,0.018548120756800488,78.372066512275,0.12236603055490392,-0.15074836717787543
2016-03-03,30.36400032043457,30.417999267578125,30.36400032043457,30.402000427246094,21.226037979125977,1100,0.00138339315053293,29.433600425720215,28.756850147247313,29.55726001739502,0.018547573066506107,93.68475573447759,0.20441271622029333,-0.07971615049824168
2016-03-04,30.5,30.530000686645508,30.440000534057617,30.489999771118164,21.287473678588867,1700,0.0028945247890070913,29.61660041809082,28.79950017929077,29.55906002044678,0.01852291865944491,93.35256483050512,0.273384708589294,-0.00909597868073455
2016-03-07,30.61000061035156,30.6299991607666,30.46999931335449,30.46999931335449,21.27350616455078,1500,-0.0006559677898922978,29.753600311279296,28.8681001663208,29.55486000061035,0.017943785231564938,92.8160440750572,0.3227116209816998,0.05726554125175233
2016-03-08,30.44499969482422,30.44499969482422,30.423999786376957,30.423999786376957,21.24139213562012,600,-0.001509666163903467,29.901000213623046,29.01150016784668,29.543740005493163,0.012408859500366565,88.89717997385806,0.3540109590689191,0.11661462481518568
2016-03-09,30.450000762939453,30.517000198364254,30.25,30.33099937438965,21.176462173461918,3700,-0.00305681082830378,30.0367000579834,29.16105012893677,29.53015998840332,0.01219191967601434,83.85215964073146,0.3670800832913308,0.16670771651041472
2016-03-10,30.649999618530277,30.649999618530277,30.1879997253418,30.1879997253418,21.076616287231445,1000,-0.004714636906049008,30.139500045776366,29.27445011138916,29.515379981994627,0.01177936791619407,80.41399774641388,0.3617287974071637,0.2057119326897645
2016-03-11,30.780000686645508,30.88999938964844,30.780000686645508,30.88999938964844,21.566747665405277,400,0.02325426231262795,30.291499900817872,29.457950115203857,29.504379959106444,0.010380168653841363,82.26385904598197,0.4094139022299821,0.24645232659780805
2016-03-14,31.03899955749512,31.097999572753903,30.989999771118164,30.989999771118164,21.636564254760746,3000,0.003237306035792198,30.45749988555908,29.632950115203858,29.495379943847656,0.010368279910908195,87.4449029206091,0.45008558000350973,0.28717897727894837
2016-03-15,31.0,31.19499969482422,31.0,31.19499969482422,21.779691696166992,2300,0.006615034695712119,30.57399978637695,29.81820011138916,29.495599937438964,0.010269816077445927,88.2271641836123,0.4931749444806499,0.32837817071928865
2016-03-16,31.200000762939453,31.20499992370605,30.959999084472656,30.959999084472656,21.615619659423828,1500,-0.007533278174404079,30.633999633789063,29.948700046539308,29.505599937438966,0.008893553904966638,80.46712570411714,0.50256770335087,0.3632160772456049
2016-03-17,31.989999771118164,32.04600143432617,31.979999542236328,31.996000289916992,22.338930130004883,1100,0.03346257222481386,30.793399620056153,30.113500022888182,29.517859954833984,0.010906024631089596,84.73541863246224,0.5868434059957401,0.407941542995632
2016-03-18,31.690000534057617,31.780000686645508,31.43000030517578,31.46999931335449,22.181751251220703,136400,-0.016439585316801786,30.891399574279784,30.253999996185303,29.52565994262695,0.011882264315896639,75.08202130541972,0.6042235121484616,0.44719793682619796
2016-03-21,31.6200008392334,31.6200008392334,31.2549991607666,31.309999465942383,22.068971633911133,3400,-0.005084202443697228,30.975399589538576,30.364499950408934,29.541659927368165,0.011801324175198292,67.17657248689278,0.5981911458118958,0.47739657862333756
2016-03-22,31.21999931335449,31.40999984741211,31.214000701904297,31.2549991607666,22.030200958251957,1600,-0.0017566370525048391,31.05849952697754,30.479749870300292,29.564559898376466,0.01169059187550539,62.9672268958653,0.5822604510235045,0.498369353103371
2016-03-23,31.26499938964844,31.33699989318848,31.13999938964844,31.13999938964844,21.94915008544922,2600,-0.0036794040699420494,31.139399528503418,30.588049793243407,29.581559867858886,0.011795956034612464,60.471034730611606,0.5539699197921415,0.5094894664411251
2016-03-24,31.01000022888184,31.190000534057617,30.976999282836918,31.190000534057617,21.9843864440918,2200,0.001605688676596273,31.239599609375,30.689549827575682,29.606159896850585,0.011786149836082577,60.04016042283349,0.5294806214322065,0.5134876974393414
2016-03-28,31.01000022888184,31.46999931335449,31.01000022888184,31.38999938964844,22.125362396240234,2600,0.006412274837008569,31.289599609375,30.790549755096436,29.64095989227295,0.011774190677015071,62.5477292107714,0.5202142066795901,0.5148329992873912
2016-03-29,31.71999931335449,32.06999969482422,31.51000022888184,32.06999969482422,22.604660034179688,17300,0.02166296012735902,31.397599601745604,30.927549743652342,29.687359886169432,0.012393794966713164,69.13952023562393,0.5612708666831061,0.5241205727665342
2016-03-30,32.33000183105469,32.33000183105469,31.9950008392334,32.0,22.55531883239746,4200,-0.002182715793275003,31.478099632263184,31.02604970932007,29.742359886169435,0.011600078085578098,69.51133638752742,0.5814574951137494,0.5355879572359773
2016-03-31,32.0,32.15999984741211,32.0,32.15999984741211,22.66809463500977,11300,0.004999995231628418,31.59809970855713,31.116049671173094,29.796559867858885,0.011466183276112329,72.96226081533555,0.6034104539898486,0.5491524565867516
2016-04-01,32.02299880981445,32.22700119018555,32.02299880981445,32.22700119018555,22.71532249450684,700,0.002083375096123552,31.621199798583984,31.20729970932007,29.867899894714355,0.011462230987011091,68.27002270675344,0.6190784296953318,0.5631376512084677
2016-04-04,32.27199935913086,32.27199935913086,32.099998474121094,32.18000030517578,22.68219375610352,5300,-0.001458431851365627,31.692199897766113,31.29179973602295,29.933899917602538,0.011505201507631405,66.50026314606329,0.620549526048471,0.5746200261764683
2016-04-05,31.899999618530277,31.899999618530277,31.875999450683597,31.892000198364254,22.47919273376465,300,-0.008949661407094633,31.7503999710083,31.362899780273438,29.982139930725097,0.011781080217225607,59.4469988899235,0.5916559374507457,0.5780272084313238
2016-04-06,31.93000030517578,31.979999542236328,31.850000381469727,31.979999542236328,22.54122734069824,600,0.0027592920897006046,31.822900009155273,31.440699768066406,30.032139930725098,0.011746121287381292,64.39863653252775,0.5692958833602617,0.5762809434171114
2016-04-07,32.03300094604492,32.03300094604492,31.71999931335449,31.71999931335449,22.35796165466309,2100,-0.008130088574218264,31.88090000152588,31.51014976501465,30.07169990539551,0.011927229871912033,45.01083312301485,0.5245488610895563,0.5659345269516005
2016-04-08,32.189998626708984,32.25,32.02000045776367,32.02000045776367,22.569419860839844,1900,0.009457791642601965,31.963899993896483,31.60174980163574,30.122499923706055,0.011909020911039651,60.826782148738545,0.5074446031825985,0.5542365421978002
2016-04-11,32.055999755859375,32.20399856567383,31.99399948120117,32.0,22.55531883239746,3100,-0.0006246239062380754,32.02490005493164,31.65724983215332,30.179299926757814,0.01093008195239826,64.37499056261137,0.48666550872525605,0.5407223355032913
2016-04-12,32.0890007019043,32.189998626708984,32.0890007019043,32.13999938964844,22.654003143310547,1300,0.004374980926513672,32.031900024414064,31.714749813079834,30.238299903869628,0.010940785678743889,67.80682761039772,0.4760075882109689,0.5277793860448269
2016-04-13,32.13999938964844,32.15999984741211,31.948999404907227,32.016998291015625,22.56729888916016,2800,-0.0038270411004559524,32.033599853515625,31.755849742889403,30.282439880371093,0.01095206801456796,67.58920073570127,0.45242072423378943,0.5127076536826194
2016-04-14,31.96999931335449,31.96999931335449,31.84499931335449,31.88999938964844,22.477781295776367,3600,-0.003966608618735545,32.006599807739256,31.802349758148193,30.33163986206055,0.010828012060396018,63.61864628798276,0.418654229279543,0.4938969688020042
2016-04-15,31.88999938964844,32.11000061035156,31.88999938964844,32.11000061035156,22.632856369018555,700,0.006898752741103298,31.99489974975586,31.808049774169923,30.384639892578125,0.007953291778085675,63.899616174291545,0.40497796475006,0.4761131679916154
2016-04-18,32.130001068115234,32.22999954223633,31.850000381469727,32.22999954223633,22.717432022094727,1000,0.003737120199433397,31.999899673461915,31.846049785614014,30.43649990081787,0.006946440279268267,53.94087790541441,0.3992203735482498,0.4607346091029423
2016-04-19,32.40999984741211,32.40999984741211,32.04499816894531,32.119998931884766,22.639902114868164,32800,-0.0034129882691251723,32.02269954681397,31.886549758911134,30.496939888000487,0.006876354642752293,52.89852001054107,0.38138494288006086,0.44486467585836603
2016-04-20,32.0099983215332,32.02000045776367,31.76000022888184,31.799999237060547,22.414350509643555,1900,-0.009962630929808758,32.004699516296384,31.91379976272583,30.58181987762451,0.007300111847284553,41.92824958688433,0.33753800652578647,0.42339934199185014
2016-04-21,31.6299991607666,31.6560001373291,31.01000022888184,31.06399917602539,21.895580291748047,1300,-0.023144656562676946,31.939099502563476,31.909999752044676,30.656299858093263,0.009033206767371243,29.941338709083198,0.2406261511624983,0.3868447038259798
2016-04-22,31.38999938964844,31.600000381469727,31.31999969482422,31.459999084472656,22.174701690673828,2400,0.01274787274501632,31.883099365234376,31.92349967956543,30.727099838256837,0.009475613902574809,38.91624111509392,0.1935456172792236,0.34818488651662854
2016-04-25,31.5049991607666,31.68099975585937,31.5049991607666,31.68099975585937,22.33047103881836,2300,0.007024814933824786,31.851199340820312,31.938049697875975,30.816319847106932,0.009496784868585118,46.68342766139752,0.1720831942359453,0.3129645480604919
2016-04-26,31.97599983215332,31.97599983215332,31.770000457763672,31.770000457763672,22.393198013305664,2500,0.0028092769353922353,31.814199447631836,31.92304973602295,30.901919860839843,0.008122235012118149,46.7002060797729,0.1604066145763312,0.28245296136365977
2016-04-27,31.6200008392334,31.649999618530277,31.506000518798828,31.649999618530277,22.30862236022949,1200,-0.0037771746145527363,31.7774995803833,31.905549716949462,30.985119857788085,0.008148042337421764,48.84944754672132,0.13985758505144474,0.25393388610121675
2016-04-28,33.150001525878906,33.150001525878906,31.68199920654297,31.68199920654297,22.331178665161133,1100,0.0010110454470260155,31.756699562072754,31.881649684906005,31.05175983428955,0.008054142950524397,43.907696496641826,0.12471677309932616,0.22809046350083867
2016-04-29,31.649999618530277,31.649999618530277,31.09000015258789,31.3799991607666,22.118310928344727,20100,-0.009532228184451097,31.68369941711426,31.839299583435057,31.105359802246095,0.008257768459379821,39.856012732294104,0.0873418680823228,0.1999407444171355
2016-05-02,31.190000534057617,31.80900001525879,31.190000534057617,31.709999084472656,22.350914001464844,3800,0.010516250240014013,31.63169937133789,31.815799522399903,31.166359786987304,0.00866939987281355,43.37646312226764,0.08338896640644222,0.17663038881499685
2016-05-03,31.604999542236328,31.8700008392334,31.604999542236328,31.8700008392334,22.463695526123047,4700,0.0050457823834844096,31.606699562072755,31.814699554443358,31.221759796142578,0.008532173101242702,47.761234784942694,0.09210533480190009,0.1597253780123775
2016-05-04,31.674999237060547,32.33000183105469,31.674999237060547,32.33000183105469,22.78792762756348,1700,0.014433667389647686,31.659699821472167,31.83219966888428,31.289359817504884,0.009110602041816861,56.0840962365784,0.1345800007293647,0.15469630255577493
2016-05-05,32.34000015258789,32.369998931884766,32.30500030517578,32.36000061035156,22.80906867980957,2700,0.0009278929043567974,31.789299964904785,31.864199733734132,31.35707981109619,0.008876757093909459,53.64856709564351,0.16871726268790255,0.15750049458220047
2016-05-06,32.25600051879883,32.667999267578125,32.23500061035156,32.529998779296875,22.92888832092285,3800,0.005253342575368469,31.89629993438721,31.88969964981079,31.424479789733887,0.008715148095042908,54.315291814317845,0.2071013843925087,0.16742067254426213
2016-05-09,32.779998779296875,32.9010009765625,32.75,32.858001708984375,23.160091400146484,5200,0.01008309074687852,32.01400012969971,31.93259973526001,31.494239807128906,0.008947111340136676,59.98919824321716,0.26097976035389436,0.18613249010618857
2016-05-10,33.189998626708984,33.189998626708984,32.91299819946289,32.97999954223633,23.246078491210938,7700,0.003712880482886982,32.13500003814697,31.974599742889403,31.56723979949951,0.00893659516187381,66.87642396361639,0.3099500557357189,0.21089600323209465
2016-05-11,33.09000015258789,33.09000015258789,32.2400016784668,32.380001068115234,22.823162078857425,7100,-0.018192798133690014,32.20800018310547,31.992749881744384,31.614239807128907,0.009898396500103837,69.5833579320712,0.29692177576895773,0.22810115773946726
2016-05-12,32.470001220703125,32.60499954223633,32.18000030517578,32.4900016784668,22.900693893432617,3600,0.0033971774775474195,32.288800430297854,32.022749996185304,31.65683982849121,0.0098560406310412,66.7534507855866,0.29210568743821597,0.24090206367921702
2016-05-13,32.43000030517578,32.994998931884766,31.90999984741211,32.020999908447266,22.57012176513672,3700,-0.014435264567264405,32.35290050506592,32.01829996109009,31.689219818115234,0.010324933488367657,55.117397739891175,0.2475903125058707,0.24223971344454776
2016-05-16,32.119998931884766,32.5,32.119998931884766,32.45800018310547,22.878143310546875,7000,0.013647302579796072,32.4277006149292,32.02969999313355,31.72857982635498,0.010747324599607689,59.37328819450582,0.2447524730016326,0.24274226535596474
2016-05-17,32.0,32.099998474121094,31.920000076293945,31.920000076293945,22.49893569946289,2400,-0.01657526969549883,32.43270053863525,32.019700050354004,31.75757984161377,0.011378082077731947,53.302352924709176,0.19682250506318155,0.23355831329740812
2016-05-18,31.940000534057617,31.940000534057617,31.132999420166016,31.132999420166016,21.9442138671875,5700,-0.02465540896763385,32.31300029754639,31.986350059509277,31.77175983428955,0.012460960175720463,44.33203052386489,0.0942468652486248,0.20569602368765144
2016-05-19,31.040000915527344,31.15800094604492,30.98500061035156,31.06999969482422,21.89980697631836,3000,-0.0020235674851485363,32.184000205993655,31.98665008544922,31.786539840698243,0.011327570794624185,46.63336955526565,0.00778167801338725,0.16611315455279863
2016-05-20,31.25,31.299999237060547,31.224000930786133,31.28199958801269,22.04923439025879,2700,0.006823298850041182,32.059200286865234,31.97775011062622,31.80841983795166,0.011052739530482664,45.229610915505646,-0.043138709999333,0.12426278164237231
2016-05-23,31.40999984741211,31.420000076293945,31.350000381469727,31.3799991607666,22.118310928344727,4200,0.0031327784043404527,31.911400032043456,31.96270008087158,31.818219833374023,0.010952176283041392,44.46200607902735,-0.07472436192637844,0.08446535292862217
2016-05-24,31.700000762939453,31.71999931335449,31.59000015258789,31.59000015258789,22.26633071899414,3500,0.006692192397629082,31.772400093078613,31.953700065612793,31.83021984100342,0.0110464415210879,41.13558078174794,-0.0818671797646573,0.051198846389966274
2016-05-25,31.899999618530277,31.899999618530277,31.46999931335449,31.804000854492188,22.417171478271484,5600,0.006774317849655542,31.714800071716308,31.96140012741089,31.84239986419678,0.011119625086095791,43.62093233335434,-0.0694591641895741,0.027067244274058204
2016-05-26,31.68000030517578,31.790000915527344,31.68000030517578,31.780000686645508,22.400259017944336,1000,-0.0007546273173769658,31.64379997253418,31.966300201416015,31.858799896240235,0.011120707081449572,41.096896576239764,-0.06086077034285253,0.009481641350676057
2016-05-27,31.989999771118164,32.02000045776367,31.86400032043457,31.905000686645508,22.488365173339844,1500,0.003933291293241714,31.632200050354005,31.99255027770996,31.856979904174803,0.010905148281775984,38.11423250998753,-0.043459056983255806,-0.0011064983161103168
2016-05-31,32.0099983215332,32.0099983215332,31.722000122070312,31.920000076293945,22.49893569946289,2500,0.00047012660478373824,31.57840003967285,32.003050327301025,31.865979919433595,0.010667028214424399,36.417236907516134,-0.028133443558814974,-0.0065118873646512485
2016-06-01,31.75,31.809999465942383,31.63400077819824,31.799999237060547,22.414350509643555,2500,-0.003759424779028131,31.56639995574951,31.99955024719238,31.875779914855958,0.010646206352409369,41.52540861348987,-0.02537830405049135,-0.010285170701819269
2016-06-02,31.832000732421875,31.899999618530277,31.832000732421875,31.899999618530277,22.48483657836914,800,0.0031446661593999004,31.643099975585937,31.97805013656616,31.88867992401123,0.010124020037197822,41.35402569103571,-0.01495326911561179,-0.011218790384577773
2016-06-03,31.90999984741211,32.15999984741211,31.90999984741211,32.04399871826172,22.586328506469727,2400,0.004514078415467804,31.740499877929686,31.96225004196167,31.906759910583496,0.010184459369623094,50.372510469712914,0.004872008593888921,-0.008000630588884436
2016-06-06,32.09000015258789,32.09000015258789,31.899999618530277,32.060001373291016,22.59761428833008,3100,0.0004993963197288398,31.81830005645752,31.938750171661376,31.924159927368166,0.010099689640192016,42.53566793584565,0.021625677188072956,-0.002075369033492958
2016-06-07,32.060001373291016,32.237998962402344,32.0,32.08599853515625,22.615938186645508,2500,0.0008108908531392345,31.888899993896484,31.90015001296997,31.93807991027832,0.00978768564622189,53.853258208279875,0.03657917202247063,0.00565553917769976
2016-06-08,32.06999969482422,32.25,32.04999923706055,32.2400016784668,22.724483489990234,2700,0.004799699256415657,31.953900146484376,31.863150119781494,31.941479949951173,0.009819026410651787,86.3905177040645,0.060163167475650425,0.016557064837289893
2016-06-09,32.2599983215332,32.30799865722656,32.141998291015625,32.30799865722656,22.77241516113281,6100,0.002109087320711245,32.00429992675781,31.85954999923706,31.947639923095704,0.008970376500533948,90.56350491960643,0.08337929706253178,0.029921511282338272
2016-06-10,32.119998931884766,32.20000076293945,32.119998931884766,32.150001525878906,22.66105079650879,1600,-0.004890341027432132,32.041300010681155,31.842549991607665,31.94743995666504,0.00899303783476653,79.48379723511863,0.08801462119474479,0.041540133264819576
2016-06-13,32.349998474121094,32.38800048828125,32.13999938964844,32.13999938964844,22.654003143310547,5800,-0.00031110842164094876,32.06479988098145,31.848499965667724,31.945699920654295,0.008373284734184413,77.45664022932272,0.08984537856547448,0.05120118232495056
2016-06-14,32.02799987792969,32.099998474121094,31.950000762939453,31.989999771118164,22.54827690124512,4900,-0.004667069737984697,32.07179985046387,31.82509994506836,31.941899909973145,0.00780995359523154,65.10573256482323,0.07829007213767625,0.056618960287495704
2016-06-15,32.23099899291992,32.41999816894531,32.23099899291992,32.31999969482422,22.780872344970703,8600,0.01031572135252068,32.123799896240236,31.845099925994873,31.950459899902345,0.007225312233304458,67.91664348706048,0.09466935506523555,0.06422903924304368
2016-06-16,32.18399810791016,32.52000045776367,32.18199920654297,32.48600006103516,22.897884368896484,7200,0.0051361499931428245,32.182399940490725,31.91274995803833,31.96057991027832,0.004151142534239406,72.31352397992352,0.11966546799607158,0.07531632499364926
2016-06-17,32.02000045776367,32.20000076293945,31.89800071716309,32.16999816894531,22.862342834472656,6800,-0.009727325355418981,32.194999885559085,31.967749881744385,31.969579887390136,0.004855271494765716,57.47313522590717,0.11267747997749922,0.08278855599041926
2016-06-20,32.4900016784668,32.4900016784668,32.20000076293945,32.20000076293945,22.88367462158203,4900,0.0009326265372033848,32.20899982452393,32.01364994049072,31.97317989349365,0.0047078952720875575,57.829979657125975,0.10831185606529914,0.08789321600539525
2016-06-21,32.369998931884766,32.459999084472656,32.369998931884766,32.459999084472656,23.06844139099121,3200,0.008074481843877823,32.246399879455566,32.06764993667603,31.982379875183106,0.00492510013863541,67.11616615289631,0.12439777915023598,0.0951941286343634
2016-06-22,32.38999938964844,32.470001220703125,32.32699966430664,32.43000030517578,23.047121047973636,2700,-0.0009241768374301795,32.26539974212646,32.10964994430542,31.98817989349365,0.004812337380578516,64.26266800940722,0.13319000681816817,0.10279330427112436
2016-06-23,32.53099822998047,32.56999969482422,32.53099822998047,32.56999969482422,23.14661407470703,5300,0.004316971579741091,32.29159984588623,32.147949886322024,31.999239921569824,0.004695817456011132,64.18557040420552,0.14972871192234294,0.11218038580136809
2016-06-24,32.0,32.25,31.850000381469727,32.15999984741211,22.855234146118164,5700,-0.01258826684844161,32.29259967803955,32.16694984436035,32.0046399307251,0.005611476331998656,52.2241680369388,0.12827353621983661,0.1153990158850618
2016-06-27,32.0,32.209999084472656,31.88500022888184,32.11000061035156,22.81970977783203,3400,-0.001554702652294071,32.28959980010986,32.177199840545654,32.0046399307251,0.005574446671463817,50.528214831990404,0.10601357581879967,0.11352192787180937
2016-06-28,32.58000183105469,32.70000076293945,32.4900016784668,32.70000076293945,23.239002227783203,8600,0.018374342615169237,32.36059989929199,32.21619987487793,32.01403995513916,0.006881644473569645,58.49334751403392,0.13443084322307897,0.11770371094206329
2016-06-29,33.2400016784668,33.34000015258789,33.17599868774414,33.31999969482422,23.67961311340332,7600,0.01896021154187366,32.46059989929199,32.29219989776611,32.038039970397946,0.007825153733414296,65.52149629822048,0.20462171289845088,0.13508731133334081
2016-06-30,33.540000915527344,33.599998474121094,33.23099899291992,33.59000015258789,23.871505737304688,11900,0.008103255109141339,32.57099990844726,32.376699924468994,32.0738399887085,0.007928978625041688,71.35228236891217,0.27882118619336893,0.16383408630534646
2016-07-01,33.83000183105469,33.83000183105469,33.529998779296875,33.56999969482422,23.857290267944336,4900,-0.0005954289274431313,32.71100006103516,32.45299997329712,32.12395999908447,0.007946836925727365,71.14134118982001,0.3321817491390888,0.19750361887209494
2016-07-05,33.61000061035156,33.84000015258789,33.61000061035156,33.814998626708984,24.031400680541992,2300,0.007298151150193277,32.87249984741211,32.540749835968015,32.1710599899292,0.008008291287840415,76.24387736574079,0.38974698533934315,0.23595229216554459
2016-07-06,33.9900016784668,33.9900016784668,33.58000183105469,33.77000045776367,23.999425888061523,8300,-0.0013307162730378241,33.00349998474121,32.62494993209839,32.21284000396729,0.008049075552822206,72.71306212153252,0.42681679526312166,0.27412519278506003
2016-07-07,33.900001525878906,33.900001525878906,33.327999114990234,33.349998474121094,23.70093536376953,3400,-0.012437132897521797,33.09549980163574,32.6804497718811,32.244439964294436,0.008696931292713752,62.53625402391978,0.4174916528300585,0.30279848479405974
2016-07-08,33.72999954223633,34.0,33.60100173950195,33.928001403808594,24.111703872680664,17900,0.017331422972508337,33.23129997253418,32.76144990921021,32.29,0.009371789703823439,73.70554406756993,0.4515363857384145,0.3325460649829307
2016-07-11,34.220001220703125,34.220001220703125,33.86000061035156,34.189998626708984,24.29790496826172,6100,0.007722153149609889,33.434299850463866,32.86344976425171,32.34015998840332,0.009272793030397908,75.2538132499908,0.4939639590947067,0.36482964380528593
2016-07-12,34.2599983215332,34.2599983215332,33.970001220703125,34.2599983215332,24.34764862060547,919000,0.0020473734318764425,33.64929962158203,32.96944971084595,32.397759971618655,0.009241787393712097,74.00001424155094,0.527159737703478,0.3972956625849244
2016-07-13,34.31999969482422,34.41999816894531,34.21099853515625,34.41999816894531,24.46135902404785,27800,0.004670165068617171,33.821299362182614,33.090949630737306,32.451959953308105,0.009055320153812304,75.64432052131612,0.5599238285699641,0.4298212957819324
2016-07-14,34.47999954223633,34.47999954223633,34.08599853515625,34.229000091552734,24.325626373291016,8400,-0.0055490437987559815,33.91219940185547,33.18639965057373,32.49913993835449,0.009140335392024551,71.10152772427017,0.5639764881341023,0.4566523342523664
2016-07-15,34.040000915527344,34.17900085449219,33.96699905395508,34.17900085449219,24.29008674621582,304400,-0.001460727363545966,33.9710994720459,33.271049690246585,32.53611991882324,0.00917485231051913,78.26944339103636,0.5567360231480833,0.4766690720315098
2016-07-18,34.220001220703125,34.220001220703125,34.06999969482422,34.189998626708984,24.29790496826172,6700,0.0003217698569837335,34.03309936523438,33.372049713134764,32.57271987915039,0.008729552250118998,79.44509666904635,0.5455960392686592,0.4904544654789397
2016-07-19,34.10499954223633,34.290000915527344,34.10499954223633,34.28799819946289,24.3675537109375,7200,0.002866322804627064,34.08039932250976,33.47644958496094,32.60787986755371,0.00871514789843812,76.11843657298887,0.5384681427250513,0.5000572009281621
2016-07-20,34.33000183105469,34.33000183105469,34.17100143432617,34.2400016784668,24.33343315124512,9400,-0.0013998052822122853,34.12739944458008,33.565449714660645,32.63551986694336,0.00869269747332722,68.63868284260914,0.5229184370034474,0.5046294481432192
2016-07-21,34.2599983215332,34.36000061035156,34.11000061035156,34.34000015258789,24.40450859069824,8300,0.002920516040277654,34.22639961242676,33.66094970703125,32.66271987915039,0.008650541517500337,66.31861674225271,0.5127535209177978,0.506254262698135
2016-07-22,34.5,34.720001220703125,34.46500015258789,34.599998474121094,24.58928108215332,10900,0.0075712964582967945,34.29359931945801,33.76244964599609,32.70711982727051,0.008708990199341259,70.29165000796611,0.5196868172018512,0.5089407735988782
2016-07-25,34.650001525878906,34.650001525878906,34.400001525878906,34.54999923706055,24.55375289916992,22800,-0.0014450647186572407,34.329599380493164,33.88194961547852,32.74831977844238,0.007980974778491363,65.68511885379355,0.5152079869215456,0.5101942162634117
2016-07-26,34.650001525878906,34.650001525878906,34.32099914550781,34.35499954223633,24.415172576904297,8500,-0.005643985503046012,34.33909950256348,33.99419956207275,32.794999771118164,0.008170669139453234,61.732887339676395,0.4902720845573043,0.5062097899221902
2016-07-27,34.56999969482422,34.56999969482422,33.97999954223633,34.099998474121094,24.23394012451172,8400,-0.007422531553281875,34.30709953308106,34.064199447631836,32.82783973693848,0.007708156169631368,66.10833273250441,0.4448062971053943,0.49392909135883106
2016-07-28,34.15999984741211,34.41999816894531,33.98500061035156,34.310001373291016,24.383188247680664,10600,0.006158443066479835,34.31519966125488,34.11369953155518,32.87563976287842,0.00670264642662867,59.74495863168281,0.4208683040542809,0.47931693389792107
2016-07-29,34.36000061035156,34.77000045776367,34.36000061035156,34.678001403808594,24.64472007751465,17500,0.010725736397202645,34.36509971618652,34.168099594116214,32.94653980255127,0.006862648788168092,61.8103831886659,0.4266733739950723,0.46878822191735137
2016-08-01,34.709999084472656,34.81999969482422,34.595001220703125,34.790000915527344,24.724306106567383,30700,0.003229699151763965,34.42509994506836,34.229099655151366,33.02093982696533,0.006851023689200327,62.57127707895628,0.435293565065912,0.46208929054706355
2016-08-02,34.75,34.75,34.19300079345703,34.2599983215332,24.34764862060547,90100,-0.015234336879755395,34.42229995727539,34.25134963989258,33.08049980163574,0.007700784179195364,46.77158396591086,0.3948072563832383,0.44863288371429855
2016-08-03,34.279998779296875,34.279998779296875,33.9109992980957,34.0,24.16287612915039,22000,-0.007588976481933685,34.39829978942871,34.26284961700439,33.13289981842041,0.007911151919774269,45.50450141460193,0.33784737912910856,0.4264757827972606
2016-08-04,34.15999984741211,34.15999984741211,33.81999969482422,33.939998626708984,24.1202392578125,234100,-0.001764746273265172,34.35829963684082,34.292349624633786,33.17989978790283,0.007341294505867546,45.32650257123292,0.2845841477514739,0.3980974557881033
2016-08-05,33.97999954223633,34.029998779296875,33.880001068115234,33.939998626708984,24.1202392578125,21500,0.0,34.29229965209961,34.292949485778806,33.22261974334717,0.006240333264157416,45.09033319448981,0.2396105716265282,0.3664000789557883
2016-08-08,33.939998626708984,34.06800079345703,33.93000030517578,33.93000030517578,24.11312484741211,45100,-0.0002945881537347317,34.23029975891113,34.27994956970215,33.26561973571777,0.0059723739885536396,42.717688705965244,0.20084667212854157,0.33328939759033893
2016-08-09,34.099998474121094,34.15999984741211,33.83000183105469,34.15999984741211,24.276580810546875,204300,0.00677864839869291,34.21079978942871,34.274949645996095,33.31071971893311,0.006163582061293151,48.48481345548074,0.18653478646515964,0.30393847536530305
2016-08-10,34.2400016784668,34.2400016784668,34.02000045776367,34.09000015258789,24.22683906555176,12300,-0.0020491714033049613,34.20979995727539,34.258449745178225,33.35411972045898,0.006070703409748863,45.210729089325284,0.16761199684017924,0.2766731796602783
2016-08-11,34.21500015258789,34.21500015258789,33.619998931884766,33.77000045776367,23.999425888061523,19400,-0.009386907990375226,34.155799865722656,34.23549976348877,33.393519744873046,0.006296361961819665,34.45697753330714,0.1253493000045438,0.24640840372913145
2016-08-12,34.11000061035156,34.11000061035156,33.79499816894531,33.880001068115234,24.077598571777344,11600,0.003257347019854029,34.07599983215332,34.220549774169925,33.433119773864746,0.006352754239661512,37.72898635374078,0.09958399590205147,0.21704352216371547
2016-08-15,34.09000015258789,34.09000015258789,33.83000183105469,33.84000015258789,24.049171447753903,14900,-0.0011806645297006702,33.98099975585937,34.20304985046387,33.46903980255127,0.0063524040802407965,40.00002962866395,0.07507168750729676,0.18864915523243175
2016-08-16,33.630001068115234,33.630001068115234,33.43000030517578,33.43000030517578,23.75779151916504,18600,-0.012115834679768955,33.897999954223636,34.16014995574951,33.49643978118897,0.0068025754437142025,37.72898635374078,0.022304829142271387,0.1553802900143997
2016-08-17,33.599998474121094,33.599998474121094,33.2599983215332,33.56999969482422,23.857290267944336,18300,0.004187836924032684,33.85499992370605,34.12664985656738,33.526119804382326,0.006909748504364401,36.09019321586169,-0.008122870164839924,0.12267965797855179
2016-08-18,33.59000015258789,33.59000015258789,33.400001525878906,33.5,23.80753898620605,11700,-0.0020851860429123015,33.81100006103516,34.084649848937985,33.55131977081299,0.006852022182788633,25.063470632316083,-0.03745368863742016,0.09065298865535741
2016-08-19,33.439998626708984,33.439998626708984,33.130001068115234,33.2400016784668,23.62276840209961,20900,-0.007761143926364289,33.74100036621094,34.01665000915527,33.569959831237796,0.006672599828032255,19.123500526610954,-0.08074745880362855,0.056372899163560225
2016-08-22,33.119998931884766,33.400001525878906,33.119998931884766,33.400001525878906,23.736474990844727,56300,0.004813472904117155,33.68800048828125,33.95915012359619,33.594959831237794,0.006843656327900024,29.906575375186947,-0.10098335975221318,0.024901647380405543
2016-08-23,33.540000915527344,33.540000915527344,33.380001068115234,33.380001068115234,23.72225952148437,60600,-0.0005988160733518821,33.61000061035156,33.910400199890134,33.61975986480713,0.0067821264117740405,33.684218979948724,-0.11728236869590347,-0.0035351558348562587
2016-08-24,33.54999923706055,33.54999923706055,33.13999938964844,33.290000915527344,23.65830612182617,58700,-0.0026962297695628523,33.53000068664551,33.86990032196045,33.64575988769531,0.006642751270766773,33.16065043671445,-0.1358951956394705,-0.030007163795779106
2016-08-25,33.130001068115234,33.63999938964844,33.130001068115234,33.43000030517578,23.75779151916504,24400,0.004205448657201405,33.49600067138672,33.82590026855469,33.66795989990234,0.006542795505472974,37.681175445094965,-0.13776118913452962,-0.051557968863529216
2016-08-26,33.540000915527344,33.58000183105469,32.900001525878906,33.099998474121094,23.523271560668945,33700,-0.0098714277009323,33.41800041198731,33.74700012207031,33.680239868164065,0.006164002930846194,32.635940522629625,-0.16397815416055295,-0.07404200592293397
2016-08-29,33.130001068115234,33.47999954223633,33.069000244140625,33.43000030517578,23.75779151916504,22900,0.009969844298110653,33.377000427246095,33.67900009155274,33.70543991088867,0.0066479462602879996,35.34138453501323,-0.1563248820693417,-0.09049858115221553
2016-08-30,33.4900016784668,33.4900016784668,33.15999984741211,33.33000183105469,23.68672752380371,38600,-0.0029912794857381853,33.367000579833984,33.63250026702881,33.72803993225098,0.005881877830506406,34.92067096274161,-0.15652433483865735,-0.10370373188950391
2016-08-31,33.43000030517578,33.459999084472656,33.189998626708984,33.380001068115234,23.72225952148437,143400,0.0015001270421162172,33.34800071716309,33.60150032043457,33.74643997192383,0.0057241764689754315,41.333346896701386,-0.15090830502245467,-0.11314464651609407
2016-09-01,33.5099983215332,33.5099983215332,33.15999984741211,33.369998931884766,23.715150833129883,69500,-0.0002996445749074983,33.335000610351564,33.57300033569336,33.76523994445801,0.005721957905151965,38.13949362147584,-0.1455864201076622,-0.1196330012344077
2016-09-02,33.400001525878906,33.88999938964844,33.400001525878906,33.59000015258789,23.871505737304688,48900,0.00659278476910341,33.37000045776367,33.5555004119873,33.785639953613284,0.005957405010678247,44.63519734903307,-0.122207792723934,-0.12014795953231297
2016-09-06,33.7599983215332,33.88999938964844,33.5,33.869998931884766,24.07048988342285,169500,0.008335777851293136,33.417000198364256,33.552500343322755,33.81983993530273,0.006277148773215883,59.999965320945975,-0.08016243796115674,-0.11215085521808173
2016-09-07,33.79999923706055,33.86000061035156,33.56999969482422,33.86000061035156,24.190513610839844,555900,-0.0002951969840125912,33.46500015258789,33.53750038146973,33.854839935302735,0.006066723845081723,57.004854064772466,-0.0471049755432702,-0.09914167928311943
2016-09-08,33.81999969482422,33.900001525878906,33.43000030517578,33.43000030517578,23.883310317993164,322500,-0.012699359049755055,33.479000091552734,33.50450038909912,33.869439926147464,0.006655751052071701,48.559677242115505,-0.0549704640841,-0.09030743624331554
2016-09-09,33.220001220703125,33.220001220703125,32.119998931884766,32.15999984741211,22.975980758666992,906700,-0.03798984284086426,33.352000045776364,33.424000358581544,33.84623992919922,0.010516160607755563,34.30231010805345,-0.16181701767320078,-0.1046093525292926
2016-09-12,32.150001525878906,32.68000030517578,32.0,32.290000915527344,23.068862915039062,5085900,0.004042321788931602,33.27100028991699,33.344500350952146,33.82023994445801,0.010539770163057098,33.72434870546542,-0.2333141808044914,-0.13035031818433235
2016-09-13,32.209999084472656,32.34000015258789,31.65999984741211,31.71999931335449,22.66163825988769,926700,-0.017652573118966952,33.10000019073486,33.23850030899048,33.783239936828615,0.011073884192122298,29.040407324402494,-0.3321418389205206,-0.17070862233157003
2016-09-14,32.209999084472656,32.209999084472656,31.649999618530277,31.780000686645508,22.704504013061523,532100,0.0018915944069948232,32.945000076293944,33.15600032806397,33.742539978027345,0.010920239976870067,30.788830622362568,-0.4009993892740198,-0.21676677572005998
2016-09-15,31.82999992370605,32.04999923706055,31.670000076293945,32.02000045776367,22.87596893310547,528600,0.0075519120809526274,32.80900001525879,33.07850036621094,33.70753997802734,0.011053286633450243,32.50623318648826,-0.43123253798857064,-0.25965992817376216
2016-09-16,32.04999923706055,32.04999923706055,31.71999931335449,31.90999984741211,22.797378540039062,2119500,-0.0034353719168949137,32.66300010681152,32.99900035858154,33.67874000549316,0.011056016426071203,34.38324138690592,-0.45878012441134075,-0.29948396742127786
2016-09-19,31.989999771118164,32.27000045776367,31.950000762939453,32.2400016784668,23.03314208984375,4242400,0.010341643141106083,32.52800025939941,32.94900035858154,33.64498001098633,0.011329021730671672,34.38324138690592,-0.4488097953489003,-0.32934913300680235
2016-09-20,32.470001220703125,32.470001220703125,32.18000030517578,32.18000030517578,22.99027633666992,3387100,-0.0018610846826069283,32.35900039672852,32.888000297546384,33.60478004455567,0.011232256756008446,34.7480230905053,-0.4406700767693579,-0.3516133217593135
2016-09-21,32.13999938964844,32.63999938964844,31.82999992370605,32.54999923706055,23.25461196899414,2247900,0.011497791434925908,32.228000259399415,32.84650020599365,33.57058006286621,0.01161924700315104,39.85329765494499,-0.3997553388513424,-0.3612417251777193
2016-09-22,32.77000045776367,33.25,32.77000045776367,33.189998626708984,23.711843490600582,1728200,0.019662040081394272,32.204000091552736,32.84150009155273,33.545980072021486,0.012508556406866413,48.093219140384754,-0.3120899337430316,-0.3514113668907818
2016-09-23,33.06999969482422,33.45000076293945,32.84000015258789,33.31999969482422,23.80472183227539,19150800,0.00391687476632252,32.320000076293944,32.83600006103516,33.52780006408691,0.012503524164856148,47.084231392865625,-0.22947917577442212,-0.3270249286675099
2016-09-26,33.150001525878906,33.439998626708984,33.130001068115234,33.38999938964844,23.85472869873047,2998900,0.0021008311964387794,32.429999923706056,32.85050010681152,33.51202003479004,0.01229542615055108,44.57014804803406,-0.15655647890962854,-0.29293123871593363
2016-09-27,33.369998931884766,33.439998626708984,33.060001373291016,33.099998474121094,23.647544860839844,3562300,-0.008685262678299166,32.567999839782715,32.83400001525879,33.49022003173828,0.012247442934226705,41.914885327970055,-0.12077316859996756,-0.2584996246927404
2016-09-28,33.11000061035156,33.349998474121094,33.060001373291016,33.33000183105469,23.81187057495117,4122700,0.00694874222164743,32.72299995422363,32.83400001525879,33.47106010437012,0.012339110805015228,48.88890866875033,-0.07301363297689534,-0.22140242634957139
2016-09-29,33.18000030517578,33.290000915527344,32.810001373291016,32.91999816894531,23.518951416015625,2674400,-0.012301339321480698,32.8129997253418,32.81099987030029,33.44466003417969,0.01263743119608961,60.43949537207819,-0.06746997403332955,-0.19061593588632303
2016-09-30,33.0099983215332,33.279998779296875,32.72999954223633,32.77000045776367,23.41179084777832,2058000,-0.004556431334286626,32.898999786376955,32.780999946594235,33.413260040283205,0.01266761763370559,56.557350565428095,-0.07432339228824247,-0.16735742716670693
2016-10-03,32.65999984741211,32.70000076293945,32.09000015258789,32.13999938964844,22.961700439453125,2344800,-0.01922493314967222,32.88899955749512,32.708499908447266,33.36406005859375,0.013176664791913126,55.64514599122114,-0.1291023847616728,-0.1597064186857001
2016-10-04,32.150001525878906,32.150001525878906,31.472999572753903,31.649999618530277,22.61162567138672,3262600,-0.015245792794755908,32.835999488830566,32.59749994277954,33.30606006622315,0.013246640181561244,48.43372552624326,-0.20963744738974555,-0.1696926244265092
2016-10-05,31.65999984741211,31.850000381469727,30.95499992370605,31.059999465942383,22.19011688232422,4848700,-0.018641395251153936,32.68699951171875,32.45749988555908,33.240160064697264,0.0136565166717366,39.33334491868566,-0.31741122717784975,-0.19923634497677734
2016-10-06,30.920000076293945,31.32999992370605,30.6299991607666,31.1200008392334,22.23298072814941,2438800,0.0019317892570089867,32.479999732971194,32.34199991226196,33.18056011199951,0.013569822633396152,41.123627194356665,-0.39344571743673384,-0.23807821946876867
2016-10-07,31.190000534057617,31.600000381469727,30.899999618530277,31.040000915527344,22.175830841064453,1711500,-0.00257069156647316,32.251999855041504,32.28599996566773,33.115160102844236,0.010872993258387397,35.71430517698798,-0.45491494767951224,-0.2814455651109174
2016-10-10,31.049999237060547,31.315000534057617,31.0,31.15999984741211,22.26155662536621,2403900,0.003865944856487946,32.02899990081787,32.229499912261964,33.04480007171631,0.0108681487541609,38.02818036508214,-0.4883178207087795,-0.32282001623048984
2016-10-11,31.07999992370605,31.200000762939453,30.822999954223636,30.920000076293945,22.090097427368164,1770400,-0.007702174977324172,31.811000061035156,32.18949995040894,32.96740005493164,0.01031419789478711,30.26638643004499,-0.5280685682629773,-0.36386972663698736
2016-10-12,30.96999931335449,31.36000061035156,30.93000030517578,31.36000061035156,22.404447555541992,1411700,0.014230288905948463,31.613999938964845,32.16849994659424,32.909400100708005,0.010864792020136514,26.71762949560673,-0.5180946832223441,-0.3947147179540587
2016-10-13,31.270000457763672,31.540000915527344,31.1200008392334,31.459999084472656,22.475887298583984,3299300,0.0031887267912900086,31.46800003051758,32.140499877929685,32.85860008239746,0.010735338240312467,26.153870983202637,-0.49639908665694676,-0.41505159169463635
2016-10-14,31.559999465942383,31.729999542236328,31.350000381469727,31.420000076293945,22.44730758666992,2381400,-0.0012714243274868364,31.332999992370606,32.11599988937378,32.80820011138916,0.010718557416730822,24.547843096860163,-0.4769349465626185,-0.4274282626682328
2016-10-17,31.420000076293945,31.61000061035156,31.399999618530277,31.450000762939453,22.46874618530273,1148300,0.0009548277075956957,31.264000129699706,32.07649984359741,32.75840015411377,0.010409823636387436,27.146874118314642,-0.45385689089804515,-0.4327139883141953
2016-10-18,31.649999618530277,31.809999465942383,31.54400062561035,31.61000061035156,22.583053588867188,4753200,0.00508743540638168,31.260000228881836,32.0479998588562,32.712000160217286,0.010501729035325886,25.706203730643566,-0.41784011426303636,-0.42973921350396355
2016-10-19,31.76000022888184,31.76000022888184,31.440000534057617,31.729999542236328,22.66878318786621,1515600,0.003796233140390237,31.327000236511232,32.00699987411499,32.663400154113766,0.010161166795533236,31.692307331152506,-0.3752875668999245,-0.41884888418315575
2016-10-20,31.56999969482422,31.82999992370605,31.46500015258789,31.6200008392334,22.590200424194336,1977100,-0.003466709883071628,31.37700023651123,31.92849998474121,32.61400016784668,0.008896215726030618,32.08721760371439,-0.3464467204373243,-0.4043684514339895
2016-10-21,31.399999618530277,31.61000061035156,31.350000381469727,31.600000381469727,22.57591438293457,1295700,-0.000632525529185135,31.43300018310547,31.842500019073487,32.5706001663208,0.008784131585703223,39.61538997628282,-0.3214979829969167,-0.38779435774657495
2016-10-24,31.649999618530277,31.959999084472656,31.541000366210938,31.63999938964844,22.604490280151367,1108700,0.001265791382780268,31.4810001373291,31.755000019073485,32.52580013275146,0.008762521455471562,49.76743608373543,-0.29509665263480045,-0.3692548167242201
2016-10-25,31.530000686645508,31.6299991607666,31.40999984741211,31.600000381469727,22.57591438293457,1402700,-0.001264191180477714,31.54900016784668,31.68000011444092,32.481000137329104,0.008649970386378094,66.87508493690224,-0.27423972889942405,-0.3502517991592609
2016-10-26,31.399999618530277,31.5,30.989999771118164,31.190000534057617,22.282995223999023,1481900,-0.012974678558944963,31.532000160217287,31.573000049591066,32.43620014190674,0.008678350250667025,51.794870290054945,-0.28748013569347464,-0.3376974664661037
2016-10-27,31.11000061035156,31.11000061035156,30.354999542236328,30.450000762939453,21.75431632995605,1409100,-0.023725545317324626,31.431000328063966,31.449500179290773,32.373800163269046,0.009627674407278007,38.69728468826096,-0.3536088676504541,-0.34087974670297383
2016-10-28,30.549999237060547,30.78499984741211,30.43000030517578,30.530000686645508,21.81147003173828,2338200,0.0026272552282962103,31.34200038909912,31.337500190734865,32.31440017700195,0.009733268232092725,37.74317824400319,-0.3950076367495967,-0.35170532471229843
2016-10-31,30.600000381469727,30.979999542236328,30.52199935913086,30.950000762939453,22.111528396606445,1071400,0.01375696255642933,31.292000389099123,31.278000259399413,32.268600158691406,0.00972078596211804,50.545468164897905,-0.3894367786841677,-0.3592516155066723
2016-11-01,30.8700008392334,30.900999069213867,30.20499992370605,30.34000015258789,21.675731658935547,3438600,-0.0197092276353672,31.165000343322752,31.212500286102294,32.20740013122558,0.01008903087936362,32.53420496721587,-0.42929513767879257,-0.3732603199410964
2016-11-02,30.25,30.31999969482422,29.8700008392334,29.8700008392334,21.339948654174805,1699300,-0.015491078147354731,30.97900047302246,31.153000354766846,32.13720012664795,0.0098380413606586,25.83585762694183,-0.4931237671566606,-0.39723300938420925
2016-11-03,29.81999969482422,29.920000076293945,29.68000030517578,29.739999771118164,21.247074127197266,1922500,-0.0043522284721358995,30.791000366210938,31.084000301361083,32.06620010375977,0.00980935576458689,25.147904284879175,-0.5478827641510087,-0.42736296033756915
2016-11-04,29.770000457763672,30.049999237060547,29.670000076293945,29.940000534057617,21.38996315002441,1757400,0.006724975268280975,30.625000381469725,31.029000282287598,31.9964001083374,0.010010002369377177,28.73237514513326,-0.5685869571838751,-0.4556077597068304
2016-11-07,30.13999938964844,30.51000022888184,30.1299991607666,30.489999771118164,21.78289222717285,2997600,0.018370047670336787,30.5100004196167,30.9955002784729,31.944200134277345,0.01092244024566365,35.78677954565377,-0.5344539845844629,-0.4713770046823569
2016-11-08,30.3799991607666,30.770000457763672,30.36000061035156,30.68000030517578,21.91863441467285,1513400,0.0062315688909120315,30.418000411987304,30.983500289916993,31.889200134277345,0.010918794855670835,36.90773470624443,-0.4864642456762347,-0.47439445288113247
2016-11-09,29.68000030517578,30.24399948120117,29.479999542236328,29.989999771118164,21.425676345825195,4760900,-0.022490238826406106,30.29800033569336,30.915000247955323,31.822400093078613,0.011417068050127245,32.243997669627305,-0.4983644729444556,-0.47918845689379713
2016-11-10,29.850000381469727,29.8700008392334,29.073999404907227,29.540000915527344,21.10418510437012,5345000,-0.01500496362204684,30.20700035095215,30.819000339508058,31.745600090026855,0.01168930346492389,29.482071107649375,-0.537905990219457,-0.4909319635589291
2016-11-11,29.46999931335449,29.90999984741211,29.46999931335449,29.56999969482422,21.12561798095703,3702500,0.0010155307504104982,30.11100025177002,30.72650032043457,31.669600105285646,0.01171905786762052,29.34131348979433,-0.5603627636366504,-0.5048181235744733
2016-11-14,29.40999984741211,30.270000457763672,29.200000762939453,30.149999618530277,21.539989471435547,4315200,0.019614471751502105,30.0310001373291,30.661500263214112,31.60080009460449,0.012745303584194942,36.936928267872936,-0.5253034011620414,-0.508915179091987
2016-11-15,30.170000076293945,30.520000457763672,29.790000915527344,29.950000762939453,21.39710235595703,3161100,-0.006633461297555154,29.99200019836426,30.578500270843506,31.522400131225584,0.012670007591423057,38.389511436416164,-0.5078032007955962,-0.5086927834327089
2016-11-16,29.81999969482422,30.09000015258789,29.700000762939453,29.93000030517578,21.38280868530273,2059000,-0.0006677948999728178,29.998000144958496,30.488500308990478,31.44380012512207,0.0125901492837865,44.37228811705015,-0.48990076465151233,-0.5049343796764696
2016-11-17,29.86000061035156,30.09000015258789,29.600000381469727,29.649999618530277,21.18277359008789,1573600,-0.00935518489109688,29.989000129699708,30.39000024795532,31.36820011138916,0.01267414053185153,40.871357636597075,-0.4926279618818441,-0.5024730961175445
2016-11-18,29.600000381469727,29.809999465942383,29.5,29.709999084472656,21.22563934326172,1276900,0.002023590782944895,29.96599998474121,30.295500183105467,31.31920009613037,0.012715588034056511,36.0986330380221,-0.4843643788175278,-0.4988513526575412
2016-11-21,29.75,29.979999542236328,29.61000061035156,29.6299991607666,21.16848564147949,1584900,-0.0026926935769535643,29.879999923706055,30.195000171661377,31.266000061035157,0.012676410298219894,40.966904818411116,-0.4787519999167138,-0.4948314821093758
2016-11-22,29.709999084472656,30.190000534057617,29.670000076293945,30.13999938964844,21.53284072875977,2567200,0.01721229305862204,29.82599983215332,30.12200012207031,31.234400062561036,0.013473122861955535,53.40048610974323,-0.42821519477117675,-0.481508224641736
2016-11-23,29.8700008392334,30.020000457763672,29.709999084472656,29.93000030517578,21.38280868530273,1666200,-0.00696745483494543,29.81999988555908,30.059000110626222,31.19740005493164,0.013287746001073226,52.34568715223242,-0.4004929502444732,-0.4653051697622834
2016-11-25,29.940000534057617,30.229999542236328,29.940000534057617,30.059999465942383,21.47569274902344,790000,0.004343440008055088,29.871999740600586,30.039500045776368,31.158200035095216,0.01231644115151505,51.50752588821199,-0.3638389173462251,-0.44501191927907174
2016-11-28,30.0,30.38500022888184,30.0,30.170000076293945,21.554275512695312,1957300,0.003659368340182212,29.93199977874756,30.021500015258788,31.123400039672852,0.012332703941695293,45.480226597513564,-0.3222000802913918,-0.4204495514815358
2016-11-29,30.11000061035156,30.549999237060547,30.11000061035156,30.3799991607666,21.704301834106445,1769200,0.006960526481326168,29.954999732971192,29.992999935150145,31.086199989318846,0.012007946875318651,45.786495633720044,-0.269153200301421,-0.39019028124551286
2016-11-30,30.100000381469727,30.2549991607666,29.899999618530277,30.01000022888184,21.43996810913086,2233900,-0.012179030352396647,29.96099967956543,29.976499938964842,31.042799987792968,0.011492842756232172,50.3086496064615,-0.25404056581232126,-0.3629603381588746
2016-12-01,29.81999969482422,29.91399955749512,29.40999984741211,29.549999237060547,21.111326217651367,2486800,-0.015328256858145095,29.922999572753906,29.960499858856203,30.98279998779297,0.011481705063092,50.15382051182734,-0.2760003692973463,-0.3455683443865689
2016-12-02,29.63999938964844,30.121000289916992,29.549999237060547,29.82999992370605,21.31137084960937,2399200,0.009475488794407072,29.940999603271486,29.964999866485595,30.91560001373291,0.011651071637809778,53.71429100815414,-0.267723803072613,-0.32999943612377775
2016-12-05,29.82999992370605,30.104999542236328,29.76499938964844,30.06999969482422,21.48283576965332,1608800,0.008045584033925524,29.97699966430664,29.971499824523924,30.85060001373291,0.011693568609528061,48.7341775972099,-0.23904304946748312,-0.31180815879251883
2016-12-06,30.11000061035156,30.3799991607666,30.059999465942383,30.200000762939453,21.575708389282227,1341000,0.0043232813247287005,30.033999824523924,29.95699987411499,30.78680004119873,0.010948035690458047,54.04530724360359,-0.2034777806740138,-0.29014208316881784
2016-12-07,30.229999542236328,30.8799991607666,30.229999542236328,30.82999992370605,22.025802612304688,2068400,0.02086089883612563,30.102999877929687,29.964499855041502,30.74140007019043,0.011866101722818068,62.16216076891945,-0.1230380754251108,-0.25672128162007646
2016-12-08,30.51000022888184,31.1200008392334,30.51000022888184,30.989999771118164,22.14011001586914,1703900,0.005189745306781068,30.208999824523925,30.014499855041503,30.6946000289917,0.01061501510057481,68.71509629984808,-0.04584985043169709,-0.21454699538240057
2016-12-09,30.940000534057617,31.26000022888184,30.93000030517578,30.96999931335449,22.12582015991211,1664600,-0.0006453842501256135,30.299999809265138,30.085999774932862,30.655600051879883,0.009886667628050521,67.79661838846226,0.013552281925939269,-0.1689271399207326
2016-12-12,30.850000381469727,31.304000854492188,30.790000915527344,31.290000915527344,22.354433059692383,2744800,0.01033263187819533,30.411999893188476,30.171999835968016,30.626000061035157,0.010035751004556972,71.95769118012878,0.0854651654914278,-0.11804867883830053
2016-12-13,31.40999984741211,31.479999542236328,31.14699935913086,31.3700008392334,22.411590576171875,2182100,0.0025567248758486816,30.511000061035155,30.232999897003175,30.610600090026857,0.009231170399358595,68.35822850034008,0.14721496658064126,-0.06499594975451219
2016-12-14,31.34000015258789,31.399999618530277,30.729999542236328,30.81999969482422,22.018651962280277,3364000,-0.017532710541764196,30.592000007629395,30.276499843597414,30.594000091552733,0.010054291148877426,62.059604346891156,0.1500420417651256,-0.021988351450584632
2016-12-15,30.729999542236328,30.924999237060547,30.51000022888184,30.56999969482422,21.84004783630371,3224700,-0.008111615914194292,30.694000053405762,30.308499813079834,30.58420009613037,0.01027340306960673,56.69291062652592,0.1306040859493791,0.008530136029408119
2016-12-16,30.1299991607666,30.61000061035156,30.09000015258789,30.440000534057617,22.146337509155277,3455600,-0.004252507754804236,30.755000114440918,30.347999858856202,30.570600090026854,0.010061031141363207,53.52480846842467,0.10351624921264602,0.027527358666055702
2016-12-19,30.530000686645508,30.809999465942383,30.450000762939453,30.709999084472656,22.342775344848636,2260000,0.008869860239093974,30.819000053405762,30.397999858856203,30.564000053405763,0.010200170471631376,54.24164284933274,0.10265225864902305,0.042552338662649174
2016-12-20,30.65999984741211,30.8700008392334,30.55500030517578,30.729999542236328,22.35732650756836,1764200,0.000651268588730991,30.87199993133545,30.452999877929688,30.555400047302246,0.010151564207035899,60.16947371767268,0.10240099476808595,0.05452206988373653
2016-12-21,30.75,30.940000534057617,30.31999969482422,30.34000015258789,22.073591232299805,1871800,-0.012691161583403554,30.822999954223633,30.46299991607666,30.543800048828125,0.009974054066624815,61.38329449012794,0.06992611027667195,0.05760287796232361
2016-12-22,30.239999771118164,30.323999404907227,30.006000518798828,30.299999237060547,22.04448699951172,1399800,-0.0013184217312514068,30.75399990081787,30.481499862670898,30.522600021362305,0.009834096174029715,57.27552790130925,0.04049498973247978,0.05418130031635485
2016-12-23,30.31999969482422,30.43000030517578,30.229999542236328,30.32999992370605,22.066312789916992,931600,0.0009901216963996706,30.689999961853026,30.494999885559082,30.500000038146972,0.009796513287317144,54.30463617984888,0.01936815530937963,0.047218671314959805
2016-12-27,30.399999618530277,30.520000457763672,30.280000686645508,30.40999984741211,22.1245174407959,1143600,0.0026376499804581233,30.601999855041505,30.50699987411499,30.479800033569337,0.009781784500264882,53.535336669372484,0.00897683273439398,0.03957030359884665
2016-12-28,30.38999938964844,30.459999084472656,30.114999771118164,30.18000030517578,21.957181930541992,2570500,-0.007563286530430591,30.482999801635742,30.49699993133545,30.454400024414063,0.009811436699866623,37.35410090832796,-0.017614358780353,0.02813337112300672
2016-12-29,30.209999084472656,30.569000244140625,30.1299991607666,30.459999084472656,22.160888671875,1526200,0.009277626788123605,30.446999740600585,30.51949987411499,30.431399993896484,0.009613462691653139,40.14868807765533,-0.015911094994372377,0.0193244778995309
2016-12-30,30.43000030517578,30.81999969482422,30.3799991607666,30.75,22.37188148498535,1853300,0.00952071320564074,30.464999771118165,30.579499912261962,30.41180000305176,0.009007566654273037,46.28379662773148,0.00873867012211349,0.01720731634404742
2017-01-03,30.86000061035156,30.97900009155273,30.63400077819824,30.850000381469727,22.444639205932617,2682300,0.0032520449258448547,30.505999755859374,30.630499935150148,30.396399993896484,0.008842840352558338,41.970792503423134,0.035928816582789125,0.020951616391795762
2017-01-04,30.8700008392334,31.295000076293945,30.86000061035156,31.239999771118164,22.72837829589844,1838000,0.012641795294196845,30.558999824523926,30.688999938964844,30.389199981689455,0.009072631527715853,47.86883441583212,0.08793325510276873,0.03434794413399035
2017-01-05,31.07999992370605,31.420000076293945,30.833999633789062,31.399999618530277,22.84478187561035,2198800,0.005121634077604353,30.62599983215332,30.748999881744385,30.38439998626709,0.009085372860578282,60.90226264784657,0.14043890553046623,0.05556613641328553
2017-01-06,31.25,31.549999237060547,31.239999771118164,31.399999618530277,22.84478187561035,1747500,0.0,30.731999778747557,30.777499866485595,30.380399971008302,0.007928631036082915,67.21993014824311,0.17997536776834266,0.08044798268429697
2017-01-09,31.440000534057617,31.46999931335449,31.15999984741211,31.200000762939453,22.699275970458984,2125400,-0.006369390382820139,30.821999931335448,30.78799991607666,30.380599975585938,0.008023758375741789,65.32259987248435,0.19294590249141663,0.10294756664572091
2017-01-10,31.149999618530277,31.200000762939453,30.780000686645508,30.809999465942383,22.41552734375,1582700,-0.012500041264753015,30.869999885559082,30.779999923706054,30.387799949645995,0.00852480950784672,51.923083976879994,0.16979797406680674,0.11631764812993808
2017-01-11,30.76000022888184,30.86400032043457,30.6200008392334,30.63999938964844,22.291847229003903,2192400,-0.005517691633908028,30.892999839782714,30.747499847412108,30.389999923706053,0.008223147769610572,48.36363358931115,0.1361658534136332,0.12028728918667711
2017-01-12,30.540000915527344,30.795000076293945,30.38999938964844,30.76000022888184,22.379150390625,1481100,0.003916476554302495,30.95099983215332,30.716999816894532,30.386199913024903,0.008259788150576826,58.46773852418992,0.11783687023772771,0.11979720539688724
2017-01-13,30.670000076293945,30.82999992370605,30.6299991607666,30.690000534057617,22.328229904174805,1469600,-0.002275672766689274,30.973999977111816,30.710499858856203,30.393199920654297,0.007295838914951392,57.76894943094902,0.09654966422803213,0.11514769716311621
2017-01-17,30.670000076293945,30.959999084472656,30.600000381469727,30.940000534057617,22.51011657714844,1759100,0.008145975746157719,30.993000030517578,30.728999900817872,30.41459991455078,0.007271964855812859,61.17217422410025,0.09871439269076987,0.11186103626864695
2017-01-18,30.979999542236328,31.13999938964844,30.88999938964844,31.01000022888184,22.56103515625,1575700,0.0022624335363914394,31.009000015258795,30.75749988555908,30.439999923706054,0.007187316192950048,61.029421561319545,0.10486947591461515,0.11046272419784059
2017-01-19,30.8799991607666,30.90999984741211,30.645000457763672,30.709999084472656,22.342775344848636,1631100,-0.009674335446465787,30.955999946594243,30.75749988555908,30.455399894714354,0.007307339618421134,59.49818289211378,0.08456502559963042,0.10528318447819857
2017-01-20,30.690000534057617,30.93000030517578,30.649999618530277,30.899999618530277,22.481014251708984,1605100,0.006186927376161666,30.905999946594243,30.76599988937378,30.463599891662597,0.007435999597749955,58.14814997961966,0.08285001424519933,0.10079655043159873
2017-01-23,30.84000015258789,31.149999618530277,30.84000015258789,31.09000015258789,22.61924362182617,3551400,0.006148884673243593,30.875000000000007,30.80349988937378,30.47179988861084,0.006875577503361725,56.53845871694234,0.09571892243369717,0.09978102483201842
2017-01-24,31.020000457763672,31.209999084472656,30.96999931335449,31.100000381469727,22.62652015686035,1890200,0.000321654192111831,30.864999961853034,30.84349994659424,30.493999900817872,0.006853149154875743,54.98007544279324,0.10550832548439715,0.10092648496249416
2017-01-25,31.25,31.25,30.822999954223636,30.90999984741211,22.488283157348636,1630800,-0.006109341856176509,30.875000000000007,30.87249994277954,30.521399879455565,0.007052439994385128,42.85715465272685,0.09681897387012484,0.10010498274402031
2017-01-26,30.90999984741211,31.100000381469727,30.86000061035156,30.88999938964844,22.47373962402344,1486000,-0.0006470546057069093,30.900000000000006,30.896499919891358,30.54779987335205,0.007049835886043005,38.248863723260946,0.08731224906445689,0.09754643600810764
2017-01-27,30.96999931335449,31.0,30.520000457763672,30.6299991607666,22.284574508666992,1649800,-0.008416970994469142,30.886999893188477,30.918999862670898,30.55739986419678,0.007105546330715674,34.15639604339641,0.05812819001457825,0.08966278680940176
2017-01-30,30.51000022888184,30.65999984741211,30.3700008392334,30.459999084472656,22.160888671875,2281100,-0.005550116909950664,30.86399974822998,30.918999862670898,30.56759983062744,0.006942199409221829,34.58333267106103,0.021039497322256295,0.07593812891197267
2017-01-31,30.520000457763672,30.8799991607666,30.51000022888184,30.709999084472656,22.342775344848636,1712200,0.008207485473216591,30.840999603271484,30.91699981689453,30.58319980621338,0.006853279143741012,47.78760613827579,0.011684658348816157,0.06308743479934137
2017-02-01,30.670000076293945,30.8700008392334,30.350000381469727,30.3700008392334,22.09541320800781,1835900,-0.011071255466470031,30.77699966430664,30.892999839782714,30.59759983062744,0.007228944898217149,44.44447932961854,-0.02290015708648241,0.045889916422176616
2017-02-02,30.31999969482422,30.770000457763672,30.31999969482422,30.729999542236328,22.35732650756836,2040600,0.011853760061075302,30.778999710083006,30.867499828338623,30.617999839782716,0.007153816443102503,49.43818940471431,-0.02101770675109904,0.03250839178752148
2017-02-03,30.90999984741211,31.020000457763672,30.809999465942383,30.93000030517578,22.502838134765625,1745200,0.0065083230041889095,30.781999778747558,30.8439998626709,30.6439998626709,0.007220620209407046,54.28570844689431,-0.003348857658394877,0.025336941898338215
2017-02-06,30.8700008392334,30.950000762939453,30.700000762939453,30.739999771118164,22.36460304260254,1362600,-0.006142920536144403,30.746999740600586,30.810999870300293,30.655999870300292,0.007317973976074539,46.350353276948255,-0.004624316411916851,0.019344690236287203
2017-02-07,30.799999237060547,30.8700008392334,30.645000457763672,30.68000030517578,22.32094955444336,1496700,-0.0019518369027040627,30.704999732971192,30.78499984741211,30.670999870300292,0.007214464100473797,43.95604856260741,-0.0103571908790272,0.013404314013224323
2017-02-08,30.63999938964844,31.0049991607666,30.63999938964844,30.940000534057617,22.51011657714844,1378900,0.008474583647183787,30.707999801635744,30.791499900817872,30.688599891662598,0.006946002019975824,54.27511903200303,0.0060100304706871555,0.01192545730471689
2017-02-09,30.940000534057617,31.09000015258789,30.88999938964844,31.06999969482422,22.60469436645508,1821600,0.004201653475199629,30.72599983215332,30.81299991607666,30.706599884033203,0.00686194449924368,53.23194164526634,0.02913516508822056,0.015367398861417624
2017-02-10,31.020000457763672,31.299999237060547,30.979999542236328,31.280000686645508,22.757476806640625,1524500,0.0067589634336646665,30.790999984741212,30.838999938964843,30.72459991455078,0.006960377409205773,53.58491625298788,0.06367333924909246,0.025028586938952595
2017-02-13,31.34000015258789,31.479999542236328,31.18000030517578,31.43000030517578,22.866605758666992,1896700,0.004795384118847279,30.888000106811525,30.875999927520752,30.75299991607666,0.006972211811800484,55.91397922971801,0.10197332174507778,0.04041753390017763
2017-02-14,31.350000381469727,31.371999740600582,30.989999771118164,31.270000457763672,22.750205993652344,2444600,-0.005090672792190887,30.944000244140625,30.892499923706055,30.787399940490722,0.00690761807358252,56.521754153668816,0.11805482081025431,0.05594499128219297
2017-02-15,31.049999237060547,31.25,30.899999618530277,31.18000030517578,22.684724807739254,3360300,-0.00287816281644937,31.025000190734865,30.90099992752075,30.814399948120116,0.006936254267518713,55.12369467842611,0.12212943245476282,0.06918187951670694
2017-02-16,31.149999618530277,31.549999237060547,31.13999938964844,31.309999465942383,22.7793025970459,3238300,0.004169312363509592,31.08300018310547,30.930999946594238,30.839199943542482,0.006569974038073488,62.592612477182435,0.13430030702422968,0.0822055650182115
2017-02-17,31.280000686645508,31.489999771118164,31.21500015258789,31.399999618530277,22.84478187561035,3247900,0.002874485918972658,31.130000114440918,30.95599994659424,30.863199920654296,0.006473064988435441,67.93896186244802,0.1494849040355355,0.0956614328216763
2017-02-21,31.350000381469727,31.864999771118164,31.34000015258789,31.82999992370605,23.157625198364254,4280800,0.013694277401265165,31.239000129699708,30.992999935150145,30.883199920654295,0.006998390125757939,70.00003405982946,0.1939801550523157,0.11532517726780418
2017-02-22,31.84000015258789,31.96999931335449,31.57999992370605,31.709999084472656,23.0703182220459,2463200,-0.0037700546503621757,31.342000007629395,31.02349987030029,30.897599906921386,0.007084695531848796,75.96895900900675,0.21705779012602022,0.1356716998394474
2017-02-23,31.84000015258789,31.959999084472656,31.670000076293945,31.920000076293945,23.223106384277344,1938400,0.00662254802536788,31.439999961853026,31.073999881744385,30.916599922180175,0.006983986749596024,74.48558540243849,0.2494171811680701,0.15842079610517196
2017-02-24,31.920000076293945,32.095001220703125,31.770000457763672,32.08000183105469,23.339513778686523,2542500,0.005012586290047416,31.541000175476075,31.133500003814696,30.932399940490722,0.007001417392752169,74.05857707194453,0.2846912921230391,0.18367489530874542
2017-02-27,32.09000015258789,32.349998474121094,32.09000015258789,32.2400016784668,23.45591354370117,1902400,0.0049875261309126895,31.637000274658202,31.214000129699706,30.949799957275392,0.006589792706542167,81.77966752362573,0.3218468792217912,0.21130929209135457
2017-02-28,32.150001525878906,32.2869987487793,32.073001861572266,32.13999938964844,23.383161544799805,2041100,-0.0031018078043448805,31.70800018310547,31.298000144958497,30.976199951171875,0.00645201110385614,80.41657990898797,0.3393122206700987,0.23690987780710343
2017-03-01,32.060001373291016,32.24800109863281,31.920000076293945,32.060001373291016,23.324966430664062,3039800,-0.0024890484715810457,31.787000274658205,31.365500259399415,31.005999984741212,0.006415353506707401,75.22520858374416,0.3427474786689473,0.2580773979794722
2017-03-02,32.0,32.09000015258789,31.8700008392334,31.959999084472656,23.2522087097168,2142800,-0.003119222848869563,31.86500015258789,31.445000171661377,31.036399955749513,0.005764756367448852,70.31956272197911,0.3335555753871624,0.27317303346101024
2017-03-03,31.88999938964844,31.959999084472656,31.56999969482422,31.86000061035156,23.179445266723636,1804500,-0.003128863485158284,31.920000267028808,31.50150022506714,31.05939998626709,0.005460360967609874,63.942280799727776,0.3145756523688412,0.2814535572425764
2017-03-06,31.71999931335449,31.799999237060547,31.584999084472656,31.729999542236328,23.084869384765625,2279600,-0.004080384985083563,31.953000259399413,31.541500186920167,31.07939998626709,0.005495223168373905,57.281516542041224,0.28574997901630894,0.28231284159732295
2017-03-07,31.709999084472656,31.71999931335449,31.45400047302246,31.6200008392334,23.004844665527344,1645900,-0.003466709883071628,31.932000350952148,31.585500240325928,31.105,0.00533489845860914,58.7064596359344,0.2511345266741607,0.2760771786126905
2017-03-08,31.450000762939453,31.540000915527344,31.13500022888184,31.149999618530277,22.66289710998535,1665900,-0.014864048331078905,31.87600040435791,31.609000205993652,31.122000007629396,0.006433359983236019,49.37237191463084,0.1836592512312123,0.25759359313639485
2017-03-09,31.13999938964844,31.26499938964844,30.700000762939453,30.75,22.37188148498535,3171600,-0.012841079403812516,31.759000396728517,31.59950017929077,31.130400009155274,0.006844085432817314,39.473716288938306,0.09679222254008835,0.22543331901713354
2017-03-10,30.90999984741211,31.15999984741211,30.540000915527344,30.71999931335449,22.35005187988281,1691100,-0.0009756320860329071,31.623000144958496,31.582000160217284,31.13659999847412,0.006762856787098816,36.923101752408954,0.02523774673868573,0.185394204561444
2017-03-13,30.71999931335449,30.90699958801269,30.665000915527344,30.76000022888184,22.379150390625,1929300,0.0013021131647603656,31.475,31.5560001373291,31.148199996948243,0.006559720061092542,25.791935650913345,-0.027920105676059848,0.14273134251394323
2017-03-14,30.71999931335449,30.81999969482422,30.600000381469727,30.71999931335449,22.35005187988281,2139600,-0.0013004198709267722,31.332999992370606,31.520500087738036,31.153400001525878,0.006425446830163236,26.7606428371229,-0.07244077412653382,0.09969691918584782
2017-03-15,30.790000915527344,31.450000762939453,30.790000915527344,31.309999465942383,22.7793025970459,3130200,0.01920573456300212,31.25799980163574,31.522500038146973,31.164599990844728,0.007787978410369197,37.84862222884188,-0.05943056459637219,0.06787142242940382
2017-03-16,31.299999237060547,31.440000534057617,31.15999984741211,31.239999771118164,22.72837829589844,1667700,-0.0022356977329355265,31.185999870300293,31.52550001144409,31.172399978637696,0.007776396044597276,32.64461344331849,-0.054144130339668806,0.0434683118755893
2017-03-17,31.07999992370605,31.246999740600582,31.01000022888184,31.100000381469727,22.770841598510746,2376300,-0.004481414554230234,31.10999984741211,31.51500005722046,31.169599990844727,0.007780175272691872,26.250006953865494,-0.060553352471306,0.02266397900621024
2017-03-20,31.100000381469727,31.2450008392334,31.049999237060547,31.1299991607666,22.792808532714844,1573300,0.0009645909623443583,31.049999809265138,31.501500034332274,31.164199981689453,0.007750725731173335,28.32617463619185,-0.06249169109239716,0.00563284498648876
2017-03-21,31.200000762939453,31.34000015258789,31.065000534057617,31.07999992370605,22.75619506835937,3225200,-0.0016061432190324076,30.9959997177124,31.464000034332276,31.15779998779297,0.007005271533730314,28.695631261594556,-0.06728671956569343,-0.008951067923947679
2017-03-22,31.13999938964844,31.177000045776367,30.86000061035156,31.149999618530277,22.807451248168945,3095500,0.0022522424387405593,30.9959997177124,31.436000061035156,31.156799964904785,0.0070169718757891715,32.158590678521136,-0.06469268679308726,-0.020099391697775595
2017-03-23,31.100000381469727,31.565000534057617,31.100000381469727,31.3799991607666,22.97585678100586,2233400,0.007383613003304923,31.058999633789064,31.40900001525879,31.16819995880127,0.007061647915677362,39.99996821085125,-0.04357554450745482,-0.024794622259711442
2017-03-24,31.440000534057617,31.530000686645508,31.26799964904785,31.350000381469727,22.953880310058597,3880200,-0.0009559840694445265,31.121999740600586,31.37249994277954,31.182399978637694,0.006926608208464369,41.73913908817029,-0.028927252523789804,-0.02562114831252712
2017-03-27,31.280000686645508,31.395000457763672,31.03499984741211,31.100000381469727,22.770841598510746,3656300,-0.00797448156165792,31.155999755859376,31.31549987792969,31.189199981689452,0.006930733343674938,39.34424691736341,-0.03706403512891043,-0.027909725675803784
2017-03-28,31.07999992370605,31.31999969482422,30.940000534057617,31.280000686645508,22.902633666992188,2237100,0.005787791092215944,31.211999893188477,31.27249994277954,31.200999984741213,0.007123576906204816,53.023283872329806,-0.028657626385232504,-0.02805930581768953
2017-03-29,31.200000762939453,31.399999618530277,31.15999984741211,31.38999938964844,22.98317527770996,1632300,0.003516582499625498,31.219999885559083,31.238999843597412,31.20999996185303,0.007198384465594095,67.20431430698501,-0.012970000760919476,-0.025041444806335522
2017-03-30,31.31999969482422,31.489999771118164,31.125,31.459999084472656,23.03442001342773,1888600,0.002229999878474054,31.24199981689453,31.213999843597414,31.218999938964842,0.007216061736018434,69.47372119520736,0.005052701531980119,-0.019022615538672395
2017-03-31,31.420000076293945,31.700000762939453,31.3799991607666,31.600000381469727,23.13693618774414,2066900,0.004450136715552944,31.29199981689453,31.20099983215332,31.236799964904787,0.007283987568863218,71.00004386910196,0.030283666319263602,-0.009161359167085196
2017-04-03,31.65999984741211,31.700000762939453,31.51499938964844,31.63999938964844,23.166221618652344,1877400,0.001265791382780268,31.342999839782713,31.196499824523926,31.251599960327148,0.007239174882460622,73.0000677110702,0.052897207288580717,0.0032503541240479876
2017-04-04,31.63999938964844,31.799999237060547,31.525999069213867,31.549999237060547,23.10032844543457,1737500,-0.002844505509609463,31.389999771118163,31.192999744415282,31.2607999420166,0.007225346348586234,58.00002288827083,0.06283205248785961,0.015166693796810314
2017-04-05,31.57999992370605,31.770000457763672,31.549999237060547,31.600000381469727,23.13693618774414,2115200,0.0015848223650809512,31.434999847412108,31.215499782562254,31.270799942016602,0.006336116061837552,62.16221789201271,0.07388842360839121,0.026911039759126495
2017-04-06,31.57999992370605,31.799999237060547,31.450000762939453,31.780000686645508,23.26872062683105,1374700,0.005696212120343214,31.475,31.266999816894533,31.28819995880127,0.005552861222432887,72.3684804922976,0.09606778802045213,0.04074238941139162
2017-04-07,31.780000686645508,31.940000534057617,31.729999542236328,31.81999969482422,23.298009872436523,1401000,0.001258622004860932,31.52199993133545,31.32199983596802,31.306799964904783,0.005519350836100383,72.54908316181684,0.11554079739435608,0.055702071007984515
2017-04-10,31.899999618530277,32.08000183105469,31.790000915527344,32.040000915527344,23.45909881591797,1474200,0.00691392906389332,31.61599998474121,31.385999870300292,31.335,0.0056354704037377915,78.23534229638192,0.14703067935428038,0.0739677926772437
2017-04-11,32.060001373291016,32.249000549316406,32.025001525878906,32.189998626708984,23.56891822814941,1626600,0.004681576370022755,31.70699977874756,31.459499835968018,31.369599990844726,0.005606650286853416,79.2135066237618,0.18199230537891964,0.09557269521757888
2017-04-12,32.13999938964844,32.279998779296875,32.08000183105469,32.13999938964844,23.53230857849121,1814200,-0.0015532537804788804,31.781999778747558,31.50099983215332,31.398199996948243,0.004019837453092368,73.75005811465326,0.2033213632067401,0.11712242881541113
2017-04-13,32.13999938964844,32.215999603271484,32.04999923706055,32.06999969482422,23.48105239868164,2052000,-0.0021779619213920798,31.842999839782713,31.542499828338624,31.432199974060058,0.004017171910275903,71.95123227704039,0.21213108968749594,0.1361241609898281
2017-04-17,32.099998474121094,32.45000076293945,32.099998474121094,32.439998626708984,23.7519588470459,2002800,0.011537229042895225,31.926999664306642,31.609499740600587,31.466399955749512,0.004380181409871832,88.06820952700893,0.2461314330385811,0.1581256153995787
2017-04-18,32.36000061035156,32.560001373291016,32.290000915527344,32.52000045776367,23.81053733825684,4023300,0.0024661477941252397,32.01499977111816,31.678999805450438,31.49819995880127,0.004372186530395943,87.34943704420327,0.276346874517003,0.18176986722306357
2017-04-19,32.54999923706055,32.590999603271484,32.404998779296875,32.45000076293945,23.75928497314453,1692800,-0.0021525121106665823,32.10499992370605,31.747499847412108,31.532399978637695,0.004398816871622778,82.71611333896885,0.29128666783158863,0.2036732273447686
2017-04-20,32.41999816894531,32.47999954223633,32.279998779296875,32.439998626708984,23.7519588470459,2695000,-0.00030823223406184486,32.18899974822998,31.811999797821045,31.56759994506836,0.0044333696983495825,81.41021408746883,0.29887423670831836,0.22271342921747855
2017-04-21,32.400001525878906,32.540000915527344,32.25,32.33000183105469,23.671422958374023,2376700,-0.0033907768283236717,32.2439998626709,31.85949993133545,31.5953999710083,0.004404431283889816,73.85630529608208,0.29263826581357577,0.23669839653669802
2017-04-24,32.459999084472656,32.5,31.770000457763672,32.0099983215332,23.437124252319336,1928000,-0.009898035613907785,32.2629997253418,31.89249982833862,31.61419994354248,0.005070526113296698,60.22095721430351,0.2588902791300747,0.24113677305537337
2017-04-25,32.06999969482422,32.130001068115234,31.95499992370605,32.08000183105469,23.488378524780277,1458500,0.0021869263727638533,32.26699981689453,31.94149990081787,31.630199966430663,0.004606017638302206,64.80450260954439,0.23508355779707557,0.23992613000371382
2017-04-26,32.02000045776367,32.09000015258789,31.780000686645508,31.809999465942383,23.290691375732425,1489400,-0.008416532097916929,32.22899990081787,31.967999839782713,31.637799949645995,0.004998595183210614,55.22384235667884,0.19221390303665942,0.23038368461030295
2017-04-27,31.81999969482422,32.02000045776367,31.770000457763672,31.82999992370605,23.30533790588379,1436500,0.0006287475039123969,32.19799995422363,31.989999866485597,31.648999938964845,0.004959137048429492,51.35132627307359,0.1580315729686319,0.21591326228196878
2017-04-28,31.790000915527344,31.81999969482422,31.489999771118164,31.649999618530277,23.17353820800781,1816500,-0.005655052014050255,32.155999946594235,31.999499893188478,31.658399925231933,0.005141828948505588,45.72865718363296,0.11509061682759025,0.1957487331910931
2017-05-01,31.700000762939453,31.90699958801269,31.57999992370605,31.850000381469727,23.319978713989254,2636700,0.006319139505529536,32.09700012207031,32.011999893188474,31.66919994354248,0.005237066098014581,45.177668414902016,0.0960903204065282,0.17581705063418013
2017-05-02,31.81999969482422,31.97100067138672,31.71999931335449,31.86000061035156,23.327302932739254,1845600,0.0003139789250254932,32.0310001373291,32.022999954223636,31.678399963378908,0.00523317562372385,40.98370736628807,0.08090674095146966,0.15683498869763804
2017-05-03,31.809999465942383,31.93000030517578,31.38999938964844,31.46999931335449,23.04174423217773,2193400,-0.01224109508869109,31.932999992370604,32.01899995803833,31.671199951171875,0.0059135500346073795,34.56229218140615,0.03697754542479004,0.13286350004306843
2017-05-04,31.309999465942383,31.53300094604492,31.13999938964844,31.5,23.06371688842773,1428400,0.0009533106863710561,31.839000129699706,32.013999938964844,31.666999969482422,0.005905703247559592,36.619804072568286,0.004531905181309526,0.10719718107071666
2017-05-05,31.530000686645508,31.76000022888184,31.530000686645508,31.75,23.24676322937012,1717400,0.007936507936507908,31.78099994659424,32.01249990463257,31.663599967956543,0.006041938426890947,32.835971023679306,-0.0009970939288983516,0.08555832607079367
2017-05-08,31.709999084472656,31.833999633789062,31.420000076293945,31.57999992370605,23.12228775024414,1279800,-0.0053543331116204795,31.738000106811523,32.00049991607666,31.65359992980957,0.006147736246385832,27.61916093481335,-0.01887882759220716,0.06467089533819351
2017-05-09,31.540000915527344,31.59000015258789,31.350000381469727,31.459999084472656,23.03442001342773,1770200,-0.0037998999215739238,31.67599983215332,31.971499824523924,31.637999877929687,0.005943909278769015,26.976844040147967,-0.04224630606963231,0.04328745505662834
2017-05-10,31.459999084472656,31.739999771118164,31.399999618530277,31.6299991607666,23.158891677856445,1520300,0.005403689804233114,31.657999801635743,31.943499851226807,31.62779987335205,0.005981647596471259,32.46762683189226,-0.04651146054479938,0.0253276719363428
2017-05-11,31.489999771118164,31.51000022888184,31.229999542236328,31.479999542236328,23.049072265625,1999100,-0.004742321293398244,31.62299976348877,31.910499858856202,31.616199836730956,0.006043285624061842,31.91495060401715,-0.06128884218964359,0.008004369111145526
2017-05-12,31.46999931335449,31.51000022888184,31.31999969482422,31.36000061035156,22.961212158203125,1506800,-0.003811910216954373,31.5939998626709,31.874999904632567,31.604199867248536,0.006070752044785525,34.8838385272136,-0.08174067887438596,-0.009944640485960773
2017-05-15,31.36000061035156,31.65999984741211,31.35400009155273,31.5,23.06371688842773,2380100,0.004464266164657893,31.558999824523926,31.827999973297118,31.596999855041503,0.005472269992878559,36.936925326611195,-0.08566463745743746,-0.02508863988025611
2017-05-16,31.479999542236328,31.489999771118164,31.26499938964844,31.34000015258789,22.94656753540039,1369100,-0.005079360235305086,31.50699977874756,31.76899995803833,31.589199867248535,0.0054477634760684655,38.86258880234012,-0.10052624938919763,-0.04017616178204442
2017-05-17,31.25,31.690000534057617,31.25,31.540000915527344,23.093002319335938,2978800,0.006381645244597722,31.513999938964844,31.723499965667724,31.587599868774415,0.005747342821993115,43.66815173147902,-0.09506988734182897,-0.05115490689400133
2017-05-18,31.450000762939453,31.665000915527344,31.290000915527344,31.600000381469727,23.13693618774414,2455800,0.0019023292390851765,31.523999977111817,31.681500053405763,31.596599884033203,0.005790647190046141,48.847944899648866,-0.08492526010883594,-0.05790897753696826
2017-05-19,31.56999969482422,31.93000030517578,31.440000534057617,31.780000686645508,23.26872062683105,1397300,0.005696212120343214,31.52700004577637,31.653999996185302,31.617199897766113,0.005971226126320409,48.37210127570484,-0.061650382403907855,-0.058657258510356185
2017-05-22,31.780000686645508,31.96999931335449,31.71999931335449,31.86000061035156,23.327302932739254,1371300,0.002517304026984135,31.55500011444091,31.64650011062622,31.639999923706053,0.005614766099265438,50.0,-0.03633075060265156,-0.05419195692881527
2017-05-23,31.88999938964844,32.029998779296875,31.850000381469727,31.899999618530277,23.35658073425293,1995000,0.0012554616262536733,31.59900016784668,31.6375,31.66279991149902,0.0055975888171811185,61.49734093009319,-0.012888602520714443,-0.045931286047195104
2017-05-24,31.8700008392334,32.130001068115234,31.8700008392334,32.08000183105469,23.488378524780277,1051700,0.0056427026544492165,31.644000434875487,31.651000118255617,31.689999961853026,0.005399496188890373,64.35647771329718,0.0199837823319875,-0.032748272371358585
2017-05-25,32.13999938964844,32.347999572753906,32.029998779296875,32.20000076293945,23.57624053955078,1042900,0.003740614870183734,31.7160005569458,31.669500160217286,31.707799987792967,0.005449926319913121,61.90478593284511,0.055083328764862216,-0.015181952144114427
2017-05-26,32.209999084472656,32.268001556396484,31.920000076293945,32.0,23.42979621887207,1352100,-0.006211203670828613,31.780000495910645,31.68700017929077,31.722999992370607,0.005484786972345004,60.9375015522043,0.06600076634798668,0.0010545915543057945
2017-05-30,31.989999771118164,32.060001373291016,31.899999618530277,31.90999984741211,23.363908767700195,898800,-0.002812504768371582,31.821000480651854,31.690000152587892,31.739199981689453,0.005359158957389277,61.90478593284511,0.06662266947478557,0.01416820713840175
2017-05-31,31.950000762939453,32.060001373291016,31.809999465942383,31.86000061035156,23.327302932739254,1616300,-0.0015668830241190035,31.873000526428218,31.690000152587892,31.753800010681154,0.005371837711061406,56.497221411029514,0.062362139686396034,0.02380699364800061
2017-06-01,31.8700008392334,32.0099983215332,31.725000381469727,31.959999084472656,23.40051651000977,1563000,0.003138683998913816,31.915000343322752,31.714500141143798,31.771399993896484,0.00456551138408551,63.95349610878102,0.06629052437254046,0.032303699792908584
2017-06-02,32.13999938964844,32.30699920654297,32.06999969482422,32.2400016784668,23.605527877807617,1224900,0.008761032603726626,31.97900047302246,31.75150022506714,31.793200035095214,0.004902257284127144,73.40427042941694,0.09094926033560924,0.04403281190144872
2017-06-05,32.189998626708984,32.2400016784668,32.0,32.15999984741211,23.546947479248047,1287600,-0.0024814462434759044,32.017000389099124,31.772000217437743,31.808800048828125,0.004694878348582882,68.13182897613297,0.10285041155774266,0.05579633183270751
2017-06-06,32.16999816894531,32.16999816894531,31.979999542236328,32.0099983215332,23.437124252319336,1316500,-0.004664226573091179,32.03200016021729,31.7935001373291,31.822000007629395,0.004650737944130209,68.50818366134008,0.09903665718522703,0.06444439690321142
2017-06-07,32.04999923706055,32.209999084472656,31.950000762939453,32.18000030517578,23.56159782409668,1078800,0.005310902610332846,32.06000022888183,31.829500198364258,31.843600006103514,0.00463431747106496,67.97744621939138,0.10848146191687746,0.07325180990594464
2017-06-08,32.16999816894531,32.22999954223633,31.770000457763672,32.029998779296875,23.451770782470703,2293800,-0.004661327671111937,32.054999923706056,31.84950017929077,31.858599967956543,0.004693318176641148,61.497231297103355,0.10267904803917816,0.07913725753259135
2017-06-09,31.979999542236328,32.2599983215332,31.88999938964844,32.18000030517578,23.56159782409668,1787600,0.004683157402299409,32.052999877929686,31.884500217437743,31.87439998626709,0.004596750049499284,60.86949761323523,0.10892879936705668,0.08509556589948442
2017-06-12,32.09000015258789,32.400001525878906,32.0099983215332,32.38999938964844,23.715356826782227,3136000,0.006525763905567139,32.09199981689453,31.93600015640259,31.892999992370605,0.004595354624202761,63.451685236607005,0.1293360380648707,0.09394366033256168
2017-06-13,32.45000076293945,32.4900016784668,32.27000045776367,32.470001220703125,23.773929595947266,1567300,0.0024699546947275497,32.147999954223636,31.984500217437745,31.910400009155275,0.004551984245282546,64.17906198847045,0.1502326128773177,0.1052014508415129
2017-06-14,32.7400016784668,32.790000915527344,32.46500015258789,32.56999969482422,23.847148895263672,2232900,0.0030797188285085486,32.2189998626709,32.04600019454956,31.92900001525879,0.0042865878469189565,62.6941929873107,0.17286960688673503,0.11873508205055734
2017-06-15,32.43000030517578,32.823001861572266,32.349998474121094,32.72999954223633,23.96429443359375,1347300,0.004912491523220153,32.295999908447264,32.10550012588501,31.952600021362304,0.0042184301935682305,63.45168523660694,0.20139864008497455,0.1352677936574408
2017-06-16,32.5099983215332,32.529998779296875,32.310001373291016,32.439998626708984,23.951005935668945,1754100,-0.008860400842753191,32.315999603271486,32.14750003814697,31.96939998626709,0.004851928482655951,60.679531646108714,0.19832132935680136,0.1478785007973129
2017-06-19,32.470001220703125,32.5,32.31999969482422,32.459999084472656,23.96577262878418,6082200,0.0006165369485313654,32.345999526977536,32.18149995803833,31.982999954223633,0.004742723359314923,63.81901167215221,0.19524573690582514,0.15735194801901536
2017-06-20,32.4900016784668,32.56999969482422,32.18399810791016,32.400001525878906,23.92147445678711,2348900,-0.001848353674860359,32.38499984741211,32.2085000038147,31.994599990844726,0.004772964555609796,63.499971389879704,0.18582493202757178,0.16304654482072664
2017-06-21,32.40999984741211,32.439998626708984,32.15999984741211,32.33000183105469,23.869792938232425,1659900,-0.002160484306406807,32.4,32.23000011444092,32.00040000915527,0.004818649532984344,59.39089046639789,0.1707422752620218,0.16458569090898567
2017-06-22,32.290000915527344,32.45000076293945,32.202999114990234,32.349998474121094,23.884559631347656,5944300,0.0006185166079142324,32.43199996948242,32.24349994659424,32.00360000610352,0.004675180399949574,53.216275121746634,0.15857477182694169,0.1633835070925769
2017-06-23,32.349998474121094,32.619998931884766,32.34600067138672,32.4900016784668,23.987916946411133,8197700,0.004327765408016937,32.46300010681152,32.25799999237061,32.010600051879884,0.004698850060859453,59.322063121233796,0.15840305441874847,0.16238741655781125
2017-06-26,32.540000915527344,32.7760009765625,32.540000915527344,32.63999938964844,24.098669052124023,2483200,0.004616734485460405,32.488000106811526,32.28999996185303,32.022000045776366,0.004509872620360732,67.79663573960926,0.16842898435652387,0.16359573011755377
2017-06-27,32.54999923706055,32.834999084472656,32.5099983215332,32.5099983215332,24.0026912689209,2173300,-0.003982875935851338,32.491999816894534,32.319999885559085,32.02340003967285,0.004569153443866344,59.53751744728329,0.1639941834683043,0.16367542078770386
2017-06-28,32.59000015258789,32.66999816894531,32.47999954223633,32.54999923706055,24.03222274780273,2715000,0.0012304188739638011,32.489999771118164,32.35449981689453,32.02400001525879,0.004530974525788604,66.04940742641986,0.1618417010085622,0.16330867683187555
2017-06-29,32.34000015258789,32.41999816894531,32.15999984741211,32.220001220703125,23.788576126098636,3041700,-0.010138188144155014,32.43899993896484,32.367499923706056,32.01940002441406,0.005144766910244975,51.11113936819976,0.13198630517246102,0.15704420249999268
2017-06-30,32.25,32.45000076293945,32.11000061035156,32.20000076293945,23.7738094329834,1256800,-0.0006207466482285318,32.41500015258789,32.365499877929686,32.01460006713867,0.004757109770774579,44.09940978696887,0.10549572997872758,0.14673450799573967
2017-07-03,32.34000015258789,32.560001373291016,32.220001220703125,32.5,23.99530792236328,1035700,0.009316746271814669,32.419000244140626,32.382499885559085,32.01800003051758,0.005154796905582059,50.819641375630056,0.10747033835338016,0.13888167406726776
2017-07-05,32.41999816894531,32.58000183105469,32.02000045776367,32.11000061035156,23.707365036010746,2908600,-0.011999981219951938,32.39000015258789,32.3875,32.02000007629395,0.0057688944374780565,39.15094000115161,0.07668160057406226,0.12644165936862667
2017-07-06,32.0,32.0099983215332,31.489999771118164,31.530000686645508,23.27914047241211,1840000,-0.01806290603180727,32.310000038146974,32.355000019073486,32.009000053405764,0.00692478734428929,26.377930582891338,0.005417705544495277,0.1022368686038004
2017-07-07,31.520000457763672,31.790000915527344,31.520000457763672,31.709999084472656,23.412038803100582,1325000,0.005708797776949881,32.246000099182126,32.33900003433227,32.007000045776365,0.007023500898143606,34.97938801396529,-0.0361187241311427,0.07456575005681179
2017-07-10,31.729999542236328,31.799999237060547,31.450000762939453,31.459999084472656,23.22746086120605,1098200,-0.00788394850892371,32.14299983978272,32.30299997329712,31.9996000289917,0.007099171321848949,31.202952526957517,-0.08819292146525726,0.04201401575239798
2017-07-11,31.43000030517578,31.530000686645508,31.209999084472656,31.40999984741211,23.190540313720703,1279300,-0.0015892955662933916,32.01999988555908,32.2539999961853,31.994800033569337,0.0068681253181422505,31.320680025335406,-0.13197528960974836,0.007216154679968712
2017-07-12,31.57999992370605,31.93000030517578,31.57999992370605,31.81999969482422,23.49324989318848,1910800,0.01305316298643322,31.951000022888184,32.22149991989136,31.994200019836427,0.007563588714319207,41.47151920939923,-0.13206718235549175,-0.020640512727123382
2017-07-13,31.82999992370605,31.934999465942383,31.770000457763672,31.8799991607666,23.53755760192871,1181500,0.0018855897711445024,31.88400001525879,32.18699989318848,31.994599990844726,0.007534484528475071,42.24422774647471,-0.12584785679786137,-0.04168198154127098
2017-07-14,31.989999771118164,32.2400016784668,31.989999771118164,32.20000076293945,23.7738094329834,1167400,0.010037691674931626,31.881999969482422,32.16049995422363,32.00920001983643,0.00782910012084771,45.48284512662793,-0.09401380888795074,-0.05214834701060693
2017-07-17,32.16999816894531,32.33000183105469,32.119998931884766,32.27000045776367,23.825496673583984,2285100,0.0021739035144614505,31.888999938964844,32.15200004577637,32.0246000289917,0.007616102905406013,44.08946874504882,-0.062417199583514105,-0.05420211752518837
2017-07-18,32.27000045776367,32.36000061035156,32.18000030517578,32.22999954223633,23.795957565307617,2302900,-0.001239569722959799,31.861999893188475,32.14050006866455,32.034200019836426,0.007616488569430015,45.39475252755307,-0.04014167046018002,-0.05139002811218671
2017-07-19,32.220001220703125,32.470001220703125,32.130001068115234,32.470001220703125,23.973159790039062,4613900,0.007446530619781289,31.897999954223632,32.14400005340576,32.05200004577637,0.007800190295047265,48.76546189656512,-0.0030864448538352462,-0.04172931146051642
2017-07-20,32.540000915527344,32.58000183105469,32.36000061035156,32.380001068115234,23.90670585632324,1048300,-0.002771793939154721,31.982999992370605,32.14650001525879,32.07040008544922,0.007810856939661265,52.66666412353516,0.018801100868948595,-0.02962322899462342
2017-07-21,32.36000061035156,32.470001220703125,32.279998779296875,32.439998626708984,23.951005935668945,1201000,0.0018529202166341907,32.05599994659424,32.151000022888184,32.086600074768064,0.007819988884925005,53.947337050157046,0.0405213353729863,-0.015594316121101476
2017-07-24,32.439998626708984,32.470001220703125,32.2599983215332,32.41999816894531,23.936243057250977,1091500,-0.0006165369485313654,32.1519998550415,32.14749984741211,32.10540004730225,0.007759484225086586,48.55069058501736,0.0554813534064138,-0.0013791822155984207
2017-07-25,32.43000030517578,32.43000030517578,32.20000076293945,32.41999816894531,23.936243057250977,2142800,0.0,32.25299968719482,32.13649978637695,32.12659999847412,0.007680705063394614,56.54003582919806,0.06656989912028877,0.012210634051579019
2017-07-26,32.43000030517578,32.77000045776367,32.34000015258789,32.689998626708984,24.135581970214844,1903800,0.008328207063944326,32.3399995803833,32.145499801635744,32.1503999710083,0.007862040515314535,78.15529710666249,0.09603737288728809,0.028975981818720832
2017-07-27,32.560001373291016,32.75600051879883,32.31999969482422,32.65999984741211,24.113439559936523,2164700,-0.0009176745352434956,32.41799964904785,32.15099983215332,32.17679996490479,0.007863413351610973,74.86913190664976,0.11563691697293876,0.046308168849564416
2017-07-28,32.59000015258789,32.77000045776367,32.52000045776367,32.63999938964844,24.098669052124023,2060200,-0.0006123838902973855,32.46199951171875,32.17199974060058,32.19879993438721,0.007483709465396768,85.11905032220562,0.12807940739538992,0.06266241655872952
2017-07-31,32.619998931884766,32.654998779296875,32.36000061035156,32.59000015258789,24.06175804138184,1526500,-0.0015318393993721813,32.49399948120117,32.19149971008301,32.21859992980957,0.007494773223577348,85.11905032220562,0.13237965981389976,0.07660586520976356
2017-08-01,32.650001525878906,32.84000015258789,32.45000076293945,32.72999954223633,24.165119171142575,2364500,0.004295777508221965,32.54399948120117,32.202999687194826,32.23759990692139,0.007269139920548794,82.2695016273338,0.14540824581387568,0.09036634133058599
2017-08-02,32.650001525878906,32.650001525878906,32.45000076293945,32.56999969482422,24.046987533569336,1712500,-0.004888476921780516,32.55399932861328,32.225999641418454,32.25179988861084,0.0067899406062920985,72.84769634003852,0.1411952328201309,0.10053211962849498
2017-08-03,32.54999923706055,32.65999984741211,32.38999938964844,32.4900016784668,23.987916946411133,1101300,-0.002456187200091775,32.564999389648435,32.27399969100952,32.26359992980957,0.0052347834358595895,61.4173890580977,0.1299037685393145,0.1064064494106589
2017-08-04,32.459999084472656,32.65999984741211,32.459999084472656,32.59000015258789,24.06175804138184,939600,0.003077822990306789,32.57999954223633,32.31799974441528,32.273799896240234,0.0051562836413937664,62.30772390884602,0.12755388114332789,0.11063593575719269
2017-08-07,32.560001373291016,32.63999938964844,32.43000030517578,32.56999969482422,24.046987533569336,781900,-0.0006136992227685489,32.59499969482422,32.37349977493286,32.28119987487793,0.004705189246233,63.28130820788989,0.1226637176793588,0.11304149214162591
2017-08-08,32.5099983215332,32.560001373291016,32.31999969482422,32.41999816894531,23.936243057250977,1070700,-0.004605512044347448,32.59499969482422,32.42399969100952,32.289599838256834,0.004863387258349475,47.89902227921141,0.1054685822152095,0.11152691015634264
2017-08-09,32.41999816894531,32.5,32.29999923706055,32.459999084472656,23.96577262878418,1134400,0.001233834601682915,32.57199974060059,32.45599966049194,32.300599822998045,0.0040474283485471265,53.5086985473978,0.0939856450450165,0.1080186571340774
2017-08-10,32.369998931884766,32.41999816894531,32.154998779296875,32.16999816894531,23.75166320800781,1412000,-0.00893410116163762,32.5229995727539,32.47049961090088,32.306799774169924,0.004607692120077418,40.145961012092876,0.06078400419958285,0.09857172654717851
2017-08-11,32.08000183105469,32.20000076293945,31.823999404907227,31.959999084472656,23.596620559692383,1548100,-0.006527792863705417,32.45499954223633,32.45849952697754,32.306799774169924,0.00427267700355648,35.25641652646817,0.01732656370234764,0.08232269397821235
2017-08-14,32.08000183105469,32.53499984741211,32.06999969482422,32.4900016784668,23.987916946411133,1196900,0.016583310675113205,32.44499969482422,32.469499588012695,32.31179977416992,0.005699892559513646,51.67472498590023,0.025360666951030453,0.07093028857277597
2017-08-15,32.380001068115234,32.439998626708984,32.224998474121094,32.43000030517578,23.94362449645996,2138100,-0.0018467642410366913,32.41499977111816,32.479499626159665,32.317199783325194,0.005710440943949478,43.08515495169743,0.02657974750213299,0.062060180358647375
2017-08-16,32.459999084472656,32.64500045776367,32.459999084472656,32.529998779296875,24.017457962036133,1043500,0.0030835175201997522,32.41099967956543,32.482499504089354,32.32759979248047,0.005503650006010918,46.66664058327676,0.03520905074125835,0.056689954435169575
2017-08-17,32.47999954223633,32.595001220703125,32.29999923706055,32.29999923706055,23.847640991210938,1376000,-0.007070382750297144,32.39199943542481,32.47849941253662,32.32999977111817,0.005702323676252277,42.129625541519275,0.02322111628308221,0.0499961868047521
2017-08-18,32.22999954223633,32.22999954223633,31.96999931335449,32.060001373291016,23.670448303222656,1276900,-0.007430274595615516,32.338999557495114,32.459499549865725,32.330599822998046,0.005908377145535286,38.72342290572984,-0.005580896898337073,0.03888077006413427
2017-08-21,32.099998474121094,32.459999084472656,32.02000045776367,32.38999938964844,23.914093017578125,1094500,0.010293137935806218,32.32099952697754,32.45799961090088,32.3347998046875,0.006388219693369777,43.30707597113443,-0.001758348691183187,0.03075294631307078
2017-08-22,32.45000076293945,32.52000045776367,32.2400016784668,32.369998931884766,23.899328231811523,1150200,-0.0006174886736819429,32.315999603271486,32.45549964904785,32.33439979553223,0.006389574491646361,45.833313465099465,-0.0003389146901895401,0.02453457411241872
2017-08-23,32.34000015258789,32.75,32.310001373291016,32.70000076293945,24.14297103881836,974000,0.010194681555260487,32.339999771118165,32.455999755859374,32.33899978637695,0.006530579242521984,53.962244595368816,0.027101972143320552,0.025048053718599087
2017-08-24,32.75,32.93000030517578,32.630001068115234,32.63999938964844,24.098669052124023,1595100,-0.0018349043391772124,32.386999893188474,32.45499973297119,32.34039978027344,0.006540837703509831,50.95783816649299,0.043505953734481295,0.02873963372177553
2017-08-25,32.7599983215332,32.90999984741211,32.650001525878906,32.79999923706055,24.216796875,1063600,0.004901956201103674,32.47099990844727,32.462999725341795,32.34179977416992,0.006629745208286058,54.18180405799996,0.06862580231046422,0.036716867439513266
2017-08-28,32.84000015258789,32.86000061035156,32.540000915527344,32.630001068115234,24.091285705566406,895100,-0.005182871124985611,32.48499984741211,32.464999771118165,32.34559982299805,0.006731323052520225,53.79066542356215,0.07396342743491857,0.04416617943859433
2017-08-29,32.599998474121094,32.75,32.59000015258789,32.61000061035156,24.07652282714844,2577300,-0.0006129468927053017,32.50299987792969,32.45899982452393,32.34859985351562,0.006658723569498324,52.72730047052557,0.075706961287068,0.05047433580828906
2017-08-30,32.58000183105469,32.77000045776367,32.45000076293945,32.7599983215332,24.18726921081543,963600,0.004599745733645522,32.52599983215332,32.468499755859376,32.35579978942871,0.006642285512870656,61.30269879201104,0.08817584982631388,0.05801463861189403
2017-08-31,32.869998931884766,33.040000915527344,32.79999923706055,32.91999816894531,24.305402755737305,1816200,0.004884000476487849,32.587999725341795,32.4899995803833,32.367599716186525,0.006683952501917379,68.75,0.109703589645477,0.06835242881861063
2017-09-01,32.959999084472656,33.04999923706055,32.880001068115234,32.91999816894531,24.305402755737305,1656200,0.0,32.67399940490723,32.506499481201175,32.37899971008301,0.006661202608249947,60.591072834590186,0.12531986910898496,0.0797459168766855
2017-09-05,32.939998626708984,33.029998779296875,32.689998626708984,32.88999938964844,24.28325462341309,2346200,-0.0009112630912955222,32.723999404907225,32.52249946594238,32.38699966430664,0.006664211155336547,61.500020980915,0.1337336342249813,0.09054346034634467
2017-09-06,32.9900016784668,33.099998474121094,32.89500045776367,32.939998626708984,24.32016372680664,2529300,0.0015201957430344137,32.78099937438965,32.548499488830565,32.39299964904785,0.006556629369228558,60.51285361879107,0.14279012854889572,0.10099279398685487
2017-09-07,32.9900016784668,33.255001068115234,32.939998626708984,33.189998626708984,24.50474548339844,1652700,0.007589557086298493,32.829999160766604,32.58499946594238,32.40659965515137,0.006729673336703839,72.58889048104069,0.16820145454570223,0.11443452609862435
2017-09-08,33.150001525878906,33.314998626708984,33.08000183105469,33.20000076293945,24.51213264465332,1102000,0.000301359947102231,32.885999298095705,32.63649959564209,32.41959968566894,0.0063059799928078435,82.75864336921492,0.18699167860665256,0.12894595660023
2017-09-11,33.22999954223633,33.459999084472656,33.22999954223633,33.439998626708984,24.68932342529297,1267500,0.00722885115223959,32.949999237060545,32.7104995727539,32.44399963378906,0.006120790566776713,81.81820283582675,0.21872753355788177,0.14690227199176037
2017-09-12,33.40999984741211,33.439998626708984,32.94499969482422,33.08000183105469,24.42353057861328,1335600,-0.010765454857607604,32.99499931335449,32.7399995803833,32.46159965515137,0.005804806100775908,67.83932217035837,0.21238149281439433,0.15999811615628717
2017-09-13,33.060001373291016,33.060001373291016,32.81999969482422,32.939998626708984,24.32016372680664,1286700,-0.004232261082110056,33.02799911499024,32.76549949645996,32.470399627685545,0.00588847227780873,56.6666242810337,0.19382087487309718,0.16676266789964916
2017-09-14,32.88999938964844,33.18000030517578,32.7599983215332,33.16999816894531,24.48998069763184,1492500,0.006982378622500507,33.06899909973144,32.79749946594238,32.491599578857425,0.006030968452772902,63.45178942802592,0.1954178371217239,0.17249370174406414
2017-09-15,32.869998931884766,33.04999923706055,32.790000915527344,33.04999923706055,24.57623672485352,3210600,-0.0036176948600833425,33.08199920654297,32.83499946594238,32.521999549865725,0.0058342497472301715,56.4767085164922,0.18486947010494248,0.17496885541623983
2017-09-18,33.0,33.10499954223633,32.779998779296875,32.86000061035156,24.43495750427246,1012300,-0.005748823936308267,33.0759994506836,32.87499942779541,32.5449995803833,0.005714770093913228,55.89744492633696,0.15934171979758105,0.17184342829250807
2017-09-19,32.86000061035156,32.88999938964844,32.439998626708984,32.529998779296875,24.189563751220703,1991000,-0.010042660527240788,33.039999389648436,32.88199939727783,32.566399574279785,0.005828809242757464,48.23004368345362,0.11120055317864797,0.15971485326973606
2017-09-20,32.58000183105469,32.650001525878906,32.290000915527344,32.439998626708984,24.12263298034668,1283800,-0.0027666817081213324,32.98999938964844,32.88549938201904,32.58699954986572,0.005864990030516205,42.727269574625986,0.0650363728214316,0.14077915718007517
2017-09-21,32.41999816894531,32.599998474121094,32.380001068115234,32.38999938964844,24.08545684814453,2548100,-0.0015412835751288378,32.909999465942384,32.86999931335449,32.598399543762206,0.005370682399964868,37.32058114915675,0.024138157074382605,0.11745095715893666
2017-09-22,32.36000061035156,32.459999084472656,32.07600021362305,32.11000061035156,23.87725257873535,1542300,-0.008644605883702527,32.80099945068359,32.84349937438965,32.60299957275391,0.005669799667450396,32.91140870460984,-0.03051576822205959,0.08785761208273743
2017-09-25,32.119998931884766,32.31999969482422,32.099998474121094,32.22999954223633,23.96647453308105,1180600,0.003737120199433397,32.67999954223633,32.814999389648435,32.603599548339844,0.005613819581410264,36.58534316059131,-0.06341547275442139,0.05760299511530567
2017-09-26,32.27000045776367,32.349998474121094,32.20000076293945,32.2599983215332,23.988788604736328,1360500,0.0009307719430018402,32.59799919128418,32.796499252319336,32.603399505615236,0.0055319622565227185,36.06553788909213,-0.08607584607370455,0.02886722687750363
2017-09-27,32.150001525878906,32.220001220703125,31.8799991607666,31.989999771118164,23.78801155090332,1612400,-0.00836945333114969,32.5029993057251,32.76549921035767,32.59859951019287,0.00580152500292221,25.60971354802693,-0.12438712439316646,-0.001783643376630388
2017-09-28,31.959999084472656,32.2400016784668,31.940000534057617,32.220001220703125,23.95903968811035,1318900,0.0071897921610057924,32.40799961090088,32.738499355316165,32.593599510192874,0.005958552553864611,31.716376483181122,-0.13463787211937728,-0.02835448912517977
2017-09-29,32.16999816894531,32.27000045776367,32.06999969482422,32.2400016784668,23.97391700744629,2488500,0.0006207466482286428,32.32699985504151,32.70449953079223,32.590799522399905,0.0058186034816612555,25.609771226272457,-0.13953927188817516,-0.050591445677778846
2017-10-02,32.279998779296875,32.340999603271484,32.11000061035156,32.119998931884766,23.88468170166016,1814800,-0.0037221693652138566,32.25299968719482,32.664499568939206,32.58439952850342,0.0058435005936744505,28.378324970788384,-0.15136207745273822,-0.07074557203277072
2017-10-03,32.119998931884766,32.19599914550781,32.04100036621094,32.11000061035156,23.87725257873535,2533700,-0.00031128025733773157,32.21099987030029,32.625499629974364,32.578199577331546,0.00584667081904681,30.143553332846608,-0.15969762224867878,-0.08853598207595234
2017-10-04,32.119998931884766,32.40700149536133,32.04999923706055,32.38999938964844,24.08545684814453,1743100,0.008719986732314444,32.20599994659424,32.59799966812134,32.577599601745604,0.006230902663935898,31.77569177182359,-0.14207231885715998,-0.09924324943219388
2017-10-05,32.43000030517578,32.61000061035156,32.43000030517578,32.4900016784668,24.159812927246094,1766800,0.0030874433684096037,32.216000175476076,32.56299982070923,32.573599662780765,0.005987552873162637,36.792503756219126,-0.11866687214772753,-0.10312797397530063
2017-10-06,32.34000015258789,32.435001373291016,32.09000015258789,32.400001525878906,24.092893600463867,1274600,-0.002770087655844633,32.24500026702881,32.5229998588562,32.5683996963501,0.005990505291479673,38.61388662797834,-0.1061564417738623,-0.10373366753501297
2017-10-09,32.439998626708984,32.540000915527344,32.349998474121094,32.470001220703125,24.14495086669922,1148000,0.002160484306406918,32.26900043487549,32.474499988555905,32.56499973297119,0.005716006612581689,48.29552227807002,-0.08956104127533138,-0.10089914228307666
2017-10-10,32.540000915527344,32.72999954223633,32.46200180053711,32.52000045776367,24.18212890625,987300,0.0015398594142541633,32.29500064849854,32.44649991989136,32.563599739074704,0.0053088806890533614,52.32563813106165,-0.07154976509330169,-0.09502926684512167
2017-10-11,32.560001373291016,32.75,32.52000045776367,32.70000076293945,24.315980911254883,1176400,0.005535064656889022,32.366000747680665,32.43450002670288,32.56299976348877,0.005428300627484633,58.37842240486962,-0.04226398573332091,-0.08447621062276152
2017-10-12,32.72999954223633,32.95000076293945,32.68000030517578,32.93000030517578,24.48699951171875,2136200,0.007033624980737008,32.43700065612793,32.422500133514404,32.5701997756958,0.005431955526367223,72.77777895515398,-0.0004901041106819548,-0.0676789893203456
2017-10-13,33.06999969482422,33.117000579833984,32.900001525878906,33.02000045776367,24.553930282592773,1857900,0.0027330747571765457,32.51500053405762,32.42100019454956,32.58079975128174,0.005416421345210141,72.31640427159776,0.03942380510621035,-0.046258430435034414
2017-10-16,32.9900016784668,33.08000183105469,32.834999084472656,32.86000061035156,24.43495750427246,1423900,-0.004845543464385038,32.5890007019043,32.42100019454956,32.58619976043701,0.005369804102697557,65.78952123580031,0.05748259167795311,-0.02551022601243691
2017-10-17,32.810001373291016,32.88999938964844,32.75,32.86000061035156,24.43495750427246,1767600,0.0,32.6640007019043,32.43750028610229,32.59199977874756,0.004821486835379612,76.68709359213939,0.0709761413660317,-0.006212952536743189
2017-10-18,32.83000183105469,32.90999984741211,32.7400016784668,32.79999923706055,24.39033317565918,1294100,-0.0018259699384215455,32.705000686645505,32.455500316619876,32.599599800109864,0.004792279113044193,69.86290632324008,0.07595273152731608,0.010220184276068665
2017-10-19,32.790000915527344,32.86000061035156,32.654998779296875,32.779998779296875,24.375463485717773,1472800,-0.0006097700679539297,32.73400039672852,32.47500028610229,32.60599979400635,0.004775249032212223,68.49301467610411,0.0773907330967134,0.023654294040197615
2017-10-20,32.790000915527344,32.83000183105469,32.6150016784668,32.72999954223633,24.338281631469727,1253000,-0.0015252970995266457,32.76700019836426,32.506000232696536,32.61719982147217,0.004289782024693484,71.94247763324002,0.07364688369928984,0.03365281197201606
2017-10-23,32.79999923706055,32.79999923706055,32.56999969482422,32.61000061035156,24.24905014038086,1095700,-0.003666328553714515,32.7810001373291,32.5250002861023,32.630199851989744,0.0043569218073749,66.66666666666666,0.06030182326663436,0.038982614230939724
2017-10-24,32.560001373291016,32.63999938964844,32.290000915527344,32.400001525878906,24.092893600463867,1940700,-0.006439714214724557,32.76900024414063,32.53200044631958,32.62839984893799,0.004630189781706656,50.3497249683887,0.03240702760486869,0.03766749690572552
2017-10-25,32.310001373291016,32.404998779296875,32.130001068115234,32.31999969482422,24.03340530395508,1912300,-0.0024691922002160194,32.731000137329104,32.54850044250488,32.626199836730954,0.004223789432563535,43.97156021135049,0.0038009074141598376,0.030894179007412384
2017-10-26,32.439998626708984,32.439998626708984,32.029998779296875,32.13999938964844,23.899553298950195,1646400,-0.005569316425600324,32.65200004577637,32.54450035095215,32.61839984893799,0.004126077248173826,41.33326212565104,-0.03301360890214511,0.018112621425500887
2017-10-27,32.08000183105469,32.310001373291016,31.864999771118164,32.189998626708984,23.93673324584961,2042500,0.0015556701309911158,32.5689998626709,32.542000198364256,32.61619983673096,0.0041401382313125505,40.54044997976663,-0.05749212432572648,0.0029916722752554147
2017-10-30,32.08000183105469,32.56999969482422,32.08000183105469,32.38999938964844,24.08545684814453,1738800,0.006213133627582801,32.521999740600585,32.555500221252444,32.62279979705811,0.004272726177843,46.012239787500434,-0.06006079065586789,-0.009618820310969247
2017-10-31,32.369998931884766,32.5,32.16999816894531,32.5,24.167259216308597,2091600,0.0033961288182895455,32.48599967956543,32.57500019073486,32.624999809265134,0.004319166884943361,43.589724779615835,-0.05261384760265031,-0.01821782576930546
2017-11-01,32.54999923706055,32.599998474121094,32.415000915527344,32.470001220703125,24.14495086669922,2057700,-0.0009230393629807709,32.452999877929685,32.579000282287595,32.626999855041504,0.0038826817003674748,33.088276542988254,-0.04857282506780081,-0.02428882562900453
2017-11-02,32.54999923706055,32.94300079345703,32.5099983215332,32.75,24.35315322875977,2972100,0.00862330670681799,32.45,32.59200019836426,32.62799983978272,0.004281422319446017,41.290303526997,-0.022517160345095988,-0.023934492572222823
2017-11-03,32.56999969482422,32.79999923706055,32.5,32.75,24.35315322875977,2023300,0.0,32.452000045776366,32.609500122070315,32.630199851989744,0.004217553367041679,46.043141775069984,-0.0018465721965981174,-0.019516908497097883
2017-11-06,32.939998626708984,33.3849983215332,32.90999984741211,33.25,24.724958419799805,2303700,0.01526717557251911,32.515999984741214,32.64850006103516,32.639199867248536,0.005348337500874528,60.31744750248259,0.05425541649178456,-0.004762443499321395
2017-11-07,33.29999923706055,33.61000061035156,33.29999923706055,33.560001373291016,24.955480575561523,2246700,0.00932334957266212,32.63199996948242,32.700500106811525,32.65779987335205,0.005649014518517675,67.75706432223149,0.12232112496895553,0.020654270194333992
2017-11-08,33.56999969482422,33.880001068115234,33.459999084472656,33.810001373291016,25.14138603210449,2190800,0.00744934415285714,32.7810001373291,32.7560001373291,32.68179988861084,0.005734933918908731,71.73002232484174,0.19419800625484385,0.05536301740643597
2017-11-09,33.70000076293945,33.970001220703125,33.33000183105469,33.810001373291016,25.14138603210449,1663300,0.0,32.94800033569336,32.80000019073486,32.70279994964599,0.005603909495841293,73.27590459309343,0.24829871944173476,0.09395015781349574
2017-11-10,33.689998626708984,33.90999984741211,33.61399841308594,33.810001373291016,25.14138603210449,1760800,0.0,33.11000061035156,32.83950023651123,32.72060001373291,0.005601328829612749,77.27273515433046,0.28785570305606,0.1327312668620086
2017-11-13,33.900001525878906,34.02399826049805,33.810001373291016,33.90999984741211,25.215734481811523,1510300,0.0029576595699309927,33.26200065612793,32.89200019836426,32.740400047302245,0.005427294686613956,86.12435912178009,0.3235443211674749,0.17089387772310186
2017-11-14,33.88999938964844,33.95000076293945,33.7599983215332,33.880001068115234,25.193435668945312,2062000,-0.0008846587859587807,33.400000762939456,32.94300022125244,32.760200080871584,0.005444494747802469,88.23538211540223,0.34542530941720884,0.20580016406192325
2017-11-15,33.86000061035156,33.88999938964844,33.599998474121094,33.630001068115234,25.00752830505371,1761200,-0.0073789844190789156,33.516000747680664,32.984500312805174,32.77400012969971,0.005757946080037413,85.30815026675802,0.3386890431237788,0.23237793987429436
2017-11-16,33.61000061035156,33.849998474121094,33.61000061035156,33.7599983215332,25.104196548461918,2092100,0.003865514400509973,33.617000579833984,33.033500289916994,32.78540012359619,0.005768164489093527,85.84482680536637,0.33992178868651024,0.25388670963673754
2017-11-17,33.619998931884766,33.79999923706055,33.54999923706055,33.560001373291016,24.955480575561523,1758600,-0.005924080514975172,33.69800071716308,33.07500038146973,32.79260013580322,0.0059695257225571416,76.7124838658545,0.32105968989512235,0.2673213056884145
2017-11-20,33.59000015258789,33.630001068115234,33.439998626708984,33.47999954223633,24.89598846435547,1567000,-0.0023838446895403376,33.72100067138672,33.118500328063966,32.79340015411377,0.005920397523828838,72.68525631855663,0.29624097993288956,0.27310524053730956
2017-11-21,33.58000183105469,33.69499969482422,33.516998291015625,33.65999984741211,25.029842376708984,1228600,0.005376353274697765,33.73100051879883,33.18150024414062,32.805000114440915,0.005688871287188504,75.75761579123807,0.28777915482056926,0.2760400233939615
2017-11-22,33.63999938964844,33.66999816894531,33.4900016784668,33.54999923706055,24.94803810119629,881100,-0.003267992003868625,33.70500030517578,33.243000221252444,32.81720012664795,0.005724038751465534,68.69160960949185,0.2690950077692449,0.2746510202690182
2017-11-24,33.59000015258789,33.720001220703125,33.59000015258789,33.66999816894531,25.03727531433105,407300,0.0035767193625511062,33.69099998474121,33.31950016021729,32.82720012664795,0.005456257972951198,70.35399126330927,0.2609623856113643,0.2719132933374874
2017-11-27,33.70000076293945,33.72999954223633,33.56999969482422,33.56999969482422,24.962913513183597,652400,-0.002969957812867463,33.66699981689453,33.38850021362305,32.83760013580322,0.005582960827580031,58.60217479583089,0.24363965651946984,0.2662585659738839
2017-11-28,33.599998474121094,33.630001068115234,33.31999969482422,33.4900016784668,24.90342903137207,1720900,-0.0023830210629925963,33.625,33.44350032806396,32.850200157165524,0.005581813723088443,47.85275642885896,0.22090958932757587,0.2571887706446223
2017-11-29,33.47999954223633,33.50699996948242,33.209999084472656,33.40999984741211,24.84393882751465,2106900,-0.0023888273229357715,33.577999877929685,33.48900032043457,32.86780017852783,0.005638134349220024,36.301237432327916,0.19420173147968,0.24459136281163385
2017-11-30,33.4900016784668,33.54999923706055,33.33000183105469,33.45000076293945,24.873680114746094,2192500,0.001197273741695204,33.55999984741211,33.53800029754639,32.88800022125244,0.0056120931362809165,37.999918619377745,0.17425460270666804,0.23052401079064072
2017-12-01,33.5099983215332,33.63999938964844,33.22999954223633,33.5099983215332,24.91829872131348,3029400,0.001793648945449977,33.53499984741211,33.57600021362305,32.910400199890134,0.005358055943415514,40.38445549735659,0.1614268329551649,0.21670457522354558
2017-12-04,33.560001373291016,33.68000030517578,33.06999969482422,33.06999969482422,24.591108322143555,1627500,-0.013130368509336687,33.48599967956543,33.59200019836426,32.92960018157959,0.006239723837901996,27.894617434060592,0.11443735842144775,0.19625113186312604
2017-12-05,33.11000061035156,33.13999938964844,32.93000030517578,32.939998626708984,24.49444007873535,1918200,-0.00393108767205641,33.431999588012694,33.57650012969971,32.943800163269046,0.005246895232284671,26.499849318883207,0.0659476580291809,0.17019043709633702
2017-12-06,32.959999084472656,33.060001373291016,32.84000015258789,32.9900016784668,24.5316219329834,1815200,0.001518004063220113,33.364999771118164,33.54800014495849,32.95840023040771,0.004747832888081313,32.222193965133584,0.031194459195077684,0.14239124151608518
2017-12-07,33.029998779296875,33.15999984741211,32.900001525878906,33.119998931884766,24.62828826904297,1290400,0.003940504601514405,33.32199974060059,33.51350002288818,32.98100021362305,0.00448261450351049,32.222193965133584,0.013980828367564868,0.11670915888638111
2017-12-08,33.18000030517578,33.2599983215332,33.11000061035156,33.20000076293945,24.68778610229492,1444000,0.0024155143005657465,33.275,33.48299999237061,33.00060020446777,0.0045436919104016,39.28569806676627,0.006716952237923124,0.09471071755668951
2017-12-11,33.189998626708984,33.279998779296875,33.07500076293945,33.279998779296875,24.747262954711918,1670700,0.002409578750574015,33.24599990844727,33.456499862670896,33.021400146484375,0.004600406093428924,44.04758390648523,0.00733094287439684,0.07723476262023099
2017-12-12,33.38999938964844,33.52899932861328,33.16999816894531,33.43000030517578,24.85880851745605,1017900,0.004507257553513444,33.239999771118164,33.43249988555908,33.047600173950194,0.004679038853684729,43.03030723383202,0.019694379849163113,0.06572668606601742
2017-12-13,33.47999954223633,33.66999816894531,33.400001525878906,33.41999816894531,24.851367950439453,1735300,-0.00029919641457254453,33.24099960327148,33.40949974060059,33.07380012512207,0.004679668112046439,45.806415093410905,0.02835850473294954,0.05825304979940385
2017-12-14,33.45000076293945,33.56999969482422,33.400001525878906,33.45000076293945,24.873680114746094,981400,0.0008977437354267259,33.24099960327148,33.400499725341795,33.09500015258789,0.004413829262622922,42.46585722086792,0.037216832242769726,0.05404580628807703
2017-12-15,33.20000076293945,33.27000045776367,33.05899810791016,33.189998626708984,24.952621459960938,1770300,-0.007772858902847513,33.20899963378906,33.371999740600586,33.10900009155274,0.0046045140891084755,38.27161947371519,0.022992082732159247,0.047835061576893476
2017-12-18,33.25,33.45500183105469,33.25,33.29999923706055,25.03532218933105,1096400,0.003314269807261905,33.2319995880127,33.35899963378906,33.12700004577637,0.004530536125917595,44.2423822074259,0.020360295391697036,0.04234010833985419
2017-12-19,33.29999923706055,33.310001373291016,32.61000061035156,32.66999816894531,24.561677932739254,1713000,-0.01891895142790534,33.20499954223633,33.31849956512451,33.13099998474121,0.006138870245065022,33.18184419101851,-0.032190167877310216,0.02743405309642131
2017-12-20,32.66999816894531,32.72800064086914,32.310001373291016,32.31999969482422,24.298540115356445,1431000,-0.010713146426000963,33.13799934387207,33.251499557495116,33.12699996948242,0.006283441484001816,27.4900719319496,-0.10091544993673551,0.0017641524897899427
2017-12-21,32.400001525878906,32.41999816894531,32.150001525878906,32.209999084472656,24.21584701538086,1218500,-0.003403484263311385,33.04699935913086,33.18449954986572,33.117199935913085,0.006284941782944764,24.609479191346622,-0.16238498798926315,-0.031065675606020676
2017-12-22,32.2599983215332,32.459999084472656,32.20000076293945,32.41999816894531,24.373729705810547,1012800,0.006519686136032599,32.96899909973145,33.12199954986572,33.10699989318848,0.006454952181249595,36.05152603643103,-0.19194227758258364,-0.06324099600133327
2017-12-26,32.439998626708984,32.650001525878906,32.380001068115234,32.59000015258789,24.501537322998047,811600,0.005243738224680827,32.89999923706055,33.07299957275391,33.09839988708496,0.006639918155657108,42.616098273897286,-0.19935091002087546,-0.09046297880524172
2017-12-27,32.66999816894531,32.779998779296875,32.619998931884766,32.720001220703125,24.599266052246094,4420200,0.00398898642241674,32.82899932861328,33.03449954986572,33.09559989929199,0.006745293634428746,44.489805451105866,-0.19251313330639874,-0.11087300970547313
2017-12-28,32.75,32.91999816894531,32.65999984741211,32.90999984741211,24.742116928100582,1133100,0.005806803778135805,32.77799949645996,33.00949954986572,33.0965998840332,0.006912347584961779,45.81676758097461,-0.16980543337033538,-0.1226594944384456
2017-12-29,32.959999084472656,33.040000915527344,32.869998931884766,32.939998626708984,24.764667510986328,925600,0.0009115399403210045,32.726999282836914,32.9839994430542,33.09939987182617,0.006908447007752802,44.715418157909426,-0.14768633070307402,-0.12766486169137128
2018-01-02,32.9900016784668,33.040000915527344,32.709999084472656,32.75,24.6218204498291,1744200,-0.005768021694904535,32.68299942016601,32.94599952697754,33.09879989624024,0.006968847417463201,39.68876908827511,-0.14383009990974216,-0.13089790933504547
2018-01-03,32.790000915527344,32.84000015258789,32.65999984741211,32.7599983215332,24.629344940185547,1715100,0.0003052922605557562,32.62899932861328,32.93049945831299,33.09939987182617,0.006372530728512851,36.21397432697394,-0.13837216010708175,-0.13239275948945273
2018-01-04,32.75,32.75,32.20000076293945,32.20000076293945,24.20832633972168,1824100,-0.017093943445829263,32.58199958801269,32.893499565124515,33.09119987487793,0.007354830223430594,29.53024172127361,-0.17719127564686232,-0.14135246272093466
2018-01-05,32.27000045776367,32.32500076293945,32.18000030517578,32.27000045776367,24.26095390319824,1400200,0.0021739035144614505,32.57699966430664,32.857499504089354,33.088599853515625,0.00736861238213287,30.46354939027934,-0.20000181757215074,-0.15308233369117788
2018-01-08,32.310001373291016,32.529998779296875,32.279998779296875,32.4900016784668,24.42635154724121,990600,0.006817515264403884,32.60499992370605,32.825999641418456,33.09199989318848,0.007498649628826271,38.25506792219031,-0.19804414685840754,-0.16207469632462382
2018-01-09,32.470001220703125,32.4900016784668,32.099998474121094,32.119998931884766,24.1481876373291,1277200,-0.011388203369261607,32.575,32.771999549865725,33.0915998840332,0.007803305141520817,31.790106740951273,-0.2237693345238867,-0.1744136239644764
2018-01-10,31.96999931335449,31.979999542236328,31.46999931335449,31.6200008392334,23.772275924682617,2174500,-0.01556656629135289,32.47800006866455,32.68899965286255,33.08019992828369,0.008331744721778393,33.1189862456019,-0.28126020593172285,-0.1957829403579257
2018-01-11,31.700000762939453,31.739999771118164,31.351999282836918,31.420000076293945,23.62191200256348,1343200,-0.006325134649942776,32.34799995422363,32.58849964141846,33.0607999420166,0.008201830118783802,34.79728924260789,-0.3390521437543228,-0.22443678103720516
2018-01-12,31.38999938964844,31.43000030517578,31.10300064086914,31.190000534057617,23.448997497558597,1657200,-0.007320163643470545,32.17600002288818,32.47699975967407,33.034599952697754,0.008227500167603225,33.44156105535963,-0.39881442725521765,-0.2593123102808077
2018-01-16,31.3799991607666,31.850000381469727,31.270000457763672,31.34000015258789,23.561767578125,5520200,0.004809221415898346,32.01600017547607,32.3714997291565,33.01199993133545,0.008380469071675408,32.11921826408344,-0.42912605385031455,-0.29327505899470907
2018-01-17,31.43000030517578,31.61000061035156,31.309999465942383,31.520000457763672,23.69709587097168,1713400,0.005743468548162101,31.893000221252443,32.28799982070923,32.987399940490725,0.008537428366600321,32.343210016429666,-0.4336251551418542,-0.3213450782241381
2018-01-18,31.46999931335449,31.479999542236328,31.170000076293945,31.21999931335449,23.471555709838867,2276600,-0.009517802666633268,31.73900032043457,32.18399982452392,32.95679992675781,0.008556219788533352,26.5624338759947,-0.45614021006510796,-0.3483041045923321
2018-01-19,31.299999237060547,31.459999084472656,31.200000762939453,31.440000534057617,23.63695335388184,1641000,0.0070468041493205735,31.663000297546386,32.12249994277954,32.920599937438965,0.00799466370774447,27.244576010260758,-0.45103207640113396,-0.3688496989540925
2018-01-22,31.459999084472656,31.75,31.43000030517578,31.739999771118164,23.86249351501465,2095700,0.009541960304217278,31.610000228881837,32.093499946594235,32.884199905395505,0.008099915072888405,32.857149863733525,-0.4179584476236613,-0.3786714486880063
2018-01-23,31.809999465942383,32.22999954223633,31.75,32.22999954223633,24.23087882995605,1873300,0.015437926107486621,31.584000015258788,32.09449996948242,32.85259986877441,0.008851060043462375,43.15788733992073,-0.3481947003427308,-0.3725760990189512
2018-01-24,32.13999938964844,32.2599983215332,32.0099983215332,32.13999938964844,24.1632137298584,2990100,-0.0027924341875943393,31.586000061035158,32.08050003051758,32.819199829101564,0.008738037213495557,42.01032524217915,-0.2967479623621969,-0.3574104716876004
2018-01-25,32.119998931884766,32.13999938964844,31.864999771118164,32.06999969482422,24.110593795776367,2115900,-0.0021779619213920798,31.630999946594237,32.05450000762939,32.784399795532224,0.008642942408433813,48.08258192870461,-0.25864296709433887,-0.3376569707689481
2018-01-26,32.08000183105469,32.16699981689453,31.90999984741211,32.15999984741211,24.178253173828125,1472300,0.002806365869794991,31.704999923706055,32.02649993896485,32.74939979553223,0.008612674419989183,48.387089556913885,-0.21866162852027315,-0.31385790231921307
2018-01-29,32.06999969482422,32.11000061035156,31.76000022888184,31.790000915527344,23.90008544921875,2092900,-0.011504941966426596,31.76499996185303,31.970499992370605,32.707599792480465,0.00877914691769429,40.168532402947626,-0.21436093185594984,-0.29395850822656044
2018-01-30,31.649999618530277,31.780000686645508,31.549999237060547,31.65999984741211,23.802350997924805,2347200,-0.004089369750591487,31.79699993133545,31.90650005340576,32.66819976806641,0.008772273629251117,43.07230230789207,-0.21891903612123542,-0.27895061380549546
2018-01-31,31.709999084472656,32.31999969482422,31.530000686645508,32.310001373291016,24.29103279113769,4213100,0.02053068632380417,31.876000022888185,31.884500122070314,32.639199829101564,0.010047160054508585,59.94236184514649,-0.1681434230268124,-0.2567891756497589
2018-02-01,32.209999084472656,32.41999816894531,31.65999984741211,31.71999931335449,23.847455978393555,3937800,-0.01826066341254473,31.926000022888182,31.832500171661376,32.60239978790283,0.010786838606428806,53.885996025208534,-0.17351148680216966,-0.24013363788024106
2018-02-02,31.399999618530277,31.6299991607666,31.15999984741211,31.36000061035156,23.57680892944336,3719200,-0.011349265788015539,31.91800003051758,31.790500164031982,32.559999809265136,0.010421631146884549,52.13032485607652,-0.20445774114717352,-0.23299845853362755
2018-02-05,31.25,31.59000015258789,30.489999771118164,30.549999237060547,22.96784210205078,7652400,-0.025829124921115,31.798999977111816,31.704500102996825,32.49779979705811,0.011733268383658152,41.50537625587485,-0.29098887343331725,-0.2445965415135655
2018-02-06,30.290000915527344,30.65999984741211,29.81999969482422,30.489999771118164,22.922727584838867,6741200,-0.001963976020974756,31.625,31.604500007629394,32.436599807739256,0.011521976168160973,38.631350296228234,-0.3602540897619271,-0.26772805116323783
2018-02-07,30.420000076293945,30.8799991607666,30.31999969482422,30.350000381469727,22.81747436523437,10201500,-0.004591649416181731,31.44600009918213,31.516000080108643,32.370199851989746,0.011364067999564168,40.04578506769561,-0.42158429215929516,-0.29849929936244934
2018-02-08,30.280000686645508,30.56999969482422,29.3799991607666,29.399999618530277,22.103254318237305,10497600,-0.031301507446420795,31.179000091552734,31.405000019073487,32.286799850463865,0.012756128057537841,30.00000000000003,-0.5406141777802169,-0.34692227504600287
2018-02-09,29.549999237060547,30.31999969482422,29.170000076293945,30.09000015258789,22.62200736999512,9654500,0.02346940622484639,30.972000122070312,31.338500022888184,32.21879981994629,0.0140860867221658,34.972690884998755,-0.5726675876976515,-0.3920713375763326
2018-02-12,30.21999931335449,30.31999969482422,29.440000534057617,30.170000076293945,22.68214607238769,5294500,0.0026586880458747686,30.810000038146974,31.2875,32.15399982452393,0.014066888235899388,29.72442962620873,-0.58487277149462,-0.43063162435999014
2018-02-13,30.09000015258789,30.479999542236328,29.989999771118164,30.38999938964844,22.84754753112793,3049300,0.0072919891547285065,30.682999992370604,31.239999961853027,32.092799797058106,0.014136897194322174,33.205383625805524,-0.5702202178885258,-0.4585493430656973
2018-02-14,30.100000381469727,30.231000900268555,29.739999771118164,30.200000762939453,22.70470428466797,4055300,-0.006252011534218949,30.47199993133545,31.173999977111816,32.02659984588623,0.014070279204177288,32.4578021625676,-0.5673986464771907,-0.48031920374799597
2018-02-15,30.21999931335449,30.530000686645508,30.09000015258789,30.479999542236328,22.91520881652832,2924100,0.009271482523950159,30.34799995422363,31.136999988555907,31.97479984283447,0.014171785744522157,34.78260719332981,-0.5363858472055689,-0.49153253243951056
2018-02-16,30.479999542236328,30.81999969482422,30.46999931335449,30.68000030517578,23.065574645996094,7702800,0.006561704919395117,30.279999923706054,31.098999977111816,31.92959987640381,0.014157511409490868,39.626166958175965,-0.4900209339553676,-0.491230212742682
2018-02-20,30.520000457763672,30.84000015258789,30.350000381469727,30.3700008392334,22.8325138092041,12237200,-0.01010428496932203,30.26200008392334,31.03050003051758,31.87719985961914,0.014059513247336381,38.33635761299315,-0.47284016519969185,-0.48755220323408405
2018-02-21,30.36000061035156,30.46999931335449,29.809999465942383,29.809999465942383,22.411500930786133,3924000,-0.018439293968262938,30.194000053405762,30.90950002670288,31.810999870300293,0.01387367562571741,27.02204354855165,-0.4986634312496676,-0.4897744488372008
2018-02-22,29.93000030517578,30.40999984741211,29.93000030517578,30.149999618530277,22.667112350463867,2969600,0.011405573924157197,30.173999977111823,30.810000038146974,31.74999984741211,0.014285266032869897,34.87475809006371,-0.48609004141001577,-0.4890375673517638
2018-02-23,30.280000686645508,30.700000762939453,30.209999084472656,30.700000762939453,23.08061790466309,3106500,0.018242160907728344,30.30400009155274,30.741500091552734,31.69839988708496,0.015062723356290072,43.8661736395963,-0.42682487213651044,-0.47659502830871314
2018-02-26,30.790000915527344,30.84000015258789,30.60700035095215,30.809999465942383,23.163311004638672,2436200,0.0035830195527459807,30.37600002288819,30.67400007247925,31.645999870300294,0.015076957532053336,52.777781174054994,-0.3667531207893795,-0.45462664680484643
2018-02-27,30.84000015258789,30.850000381469727,30.149999618530277,30.149999618530277,22.667112350463867,5371800,-0.021421611777101,30.373999977111822,30.592000007629395,31.580599899291993,0.015560155935928145,46.780300840967584,-0.3681583960712054,-0.43733299665811826
2018-02-28,30.309999465942383,30.559999465942383,30.11000061035156,30.11000061035156,22.637041091918945,3312500,-0.001326666954719724,30.346000099182127,30.514500045776366,31.513799896240233,0.01555784122857759,47.68339917615766,-0.36825466201770496,-0.4235173297300356
2018-03-01,30.1200008392334,30.43000030517578,29.86000061035156,29.959999084472656,22.524269104003903,5627200,-0.004981784219138641,30.321999931335448,30.39699993133545,31.449199905395506,0.014595660072317534,56.39268919225508,-0.3760993834189179,-0.4140337404678121
2018-03-02,29.850000381469727,29.920000076293945,29.61000061035156,29.86000061035156,22.449085235595703,4863200,-0.0033377328830734854,30.260000038146973,30.303999996185304,31.380399932861327,0.01418603467803669,46.96570292644872,-0.38593658606007963,-0.4084143095862656
2018-03-05,29.739999771118164,30.38500022888184,29.65999984741211,30.280000686645508,22.76485061645508,2574200,0.0140656419192553,30.220000076293946,30.25,31.33259998321533,0.014525530119915043,51.331727403214686,-0.3557413787832999,-0.3978797234256725
2018-03-06,30.270000457763672,30.489999771118164,30.09000015258789,30.399999618530277,22.855070114135746,11143400,0.003962976524557682,30.22299995422363,30.242500019073486,31.294199981689452,0.013399384057734092,50.12407241493715,-0.3184575679313859,-0.38199529232681523
2018-03-07,30.239999771118164,30.600000381469727,30.170000076293945,30.530000686645508,22.95280647277832,19120500,0.004276350978504206,30.295000076293945,30.244500064849852,31.260600013732912,0.013427801247369616,54.15617104259921,-0.27524700336378416,-0.360645634534209
2018-03-08,30.6200008392334,30.770000457763672,30.489999771118164,30.770000457763672,23.13323783874512,2200900,0.00786111253587829,30.357000160217286,30.26550006866455,31.227600059509278,0.013484874807084463,53.689578791449634,-0.21911057356077634,-0.3323386223395225
2018-03-09,30.780000686645508,30.96999931335449,30.632999420166016,30.96999931335449,23.28360366821289,2277300,0.006499800214996521,30.38400001525879,30.34400005340576,31.195200042724608,0.011209664726299787,53.68955631558328,-0.1566777289835315,-0.29720644366832427
2018-03-12,30.96999931335449,31.19599914550781,30.93000030517578,31.1200008392334,23.39637565612793,3270400,0.004843446212613456,30.41500015258789,30.395500087738036,31.163200035095215,0.010109989761961521,59.946948394336424,-0.09401167229041008,-0.25656748939274143
2018-03-13,31.200000762939453,31.3700008392334,31.09000015258789,31.21999931335449,23.471555709838867,2837200,0.0032133184905001055,30.522000122070306,30.448000049591066,31.129400024414064,0.010113422554001963,71.29910706053725,-0.035865890081979046,-0.21242716953058896
2018-03-14,31.299999237060547,31.364999771118164,31.15999984741211,31.280000686645508,23.516664505004883,3261600,0.0019218890009826683,30.639000129699703,30.49250011444092,31.09620006561279,0.010029783443728882,68.64688982444824,0.01488508461829241,-0.1669647187008127
2018-03-15,31.309999465942383,31.415000915527344,31.13999938964844,31.280000686645508,23.516664505004883,3602400,0.0,30.771000289916987,30.54650011062622,31.066800079345704,0.009871898837321149,61.693558000758294,0.05447761368980508,-0.12267625222268916
2018-03-16,31.06999969482422,31.309999465942383,30.98500061035156,31.26000022888184,23.639923095703125,2807500,-0.0006394008096107795,30.91100025177002,30.585500144958495,31.036800117492675,0.009725024499490415,59.41424430668265,0.08328109580526188,-0.08148478261709895
2018-03-19,31.26000022888184,31.26000022888184,30.770000457763672,30.950000762939453,23.405492782592773,4095700,-0.009916809458496711,30.978000259399415,30.59900016784668,31.011800117492676,0.009952008511901264,69.60788071959418,0.08016955207916965,-0.04915391567784523
2018-03-20,30.96999931335449,31.190000534057617,30.823999404907227,30.940000534057617,23.39793586730957,3647200,-0.0003231091643076667,31.03200035095215,30.627500152587892,30.985200119018554,0.009639654865623282,70.64676192021595,0.076020380735347,-0.024119056395206784
2018-03-21,30.940000534057617,31.030000686645508,30.520000457763672,30.65999984741211,23.186187744140625,4715800,-0.009049795792255844,31.045000267028808,30.67000017166138,30.948600082397462,0.008839861868968046,66.35516267727647,0.04956703922945849,-0.00938183727027373
2018-03-22,30.6200008392334,31.020000457763672,30.520000457763672,30.549999237060547,23.103004455566406,5319800,-0.0035877563894002318,31.023000144958495,30.690000152587892,30.917200088500977,0.008582611517951384,66.0464683025497,0.019501642759710336,-0.0036051412642769164
2018-03-23,30.600000381469727,30.63999938964844,29.989999771118164,30.06999969482422,22.740005493164062,6203100,-0.015711933035141845,30.93300018310547,30.658500099182127,30.886200065612794,0.008281726856147026,45.24884847114425,-0.04256667001190095,-0.011397447013801723
2018-03-26,30.31999969482422,30.53499984741211,30.1299991607666,30.479999542236328,23.05006217956543,4544100,0.013634847075927325,30.869000053405763,30.642000102996825,30.86740005493164,0.008859562530664907,51.59999725342,-0.05800405919881513,-0.020718769450804406
2018-03-27,30.489999771118164,30.959999084472656,30.190000534057617,30.530000686645508,23.087879180908203,6480500,0.0016404575183766035,30.800000190734863,30.661000156402586,30.854200057983398,0.007368709058809736,50.0,-0.065449169586703,-0.029664849477984125
2018-03-28,30.6299991607666,31.20499992370605,30.6299991607666,31.09000015258789,23.51136779785156,7058300,0.018342595917049564,30.7810001373291,30.710000133514406,30.8492000579834,0.008339342753024441,55.839406912394274,-0.025864051728969883,-0.02890468992818128
2018-03-29,31.190000534057617,31.229999542236328,30.96500015258789,31.07999992370605,23.503808975219727,4264100,-0.000321654192111942,30.761000061035155,30.766000175476073,30.840400047302246,0.008208796172793645,52.15687213150068,0.004646937470745627,-0.0221943644483959
2018-04-02,31.1200008392334,31.190000534057617,30.479999542236328,30.700000762939453,23.216440200805664,6294600,-0.012226485254163588,30.705000114440917,30.80800018310547,30.830000076293945,0.008729621029474005,42.446043659062205,-0.0018147212797572365,-0.01811843581466817
2018-04-03,30.76000022888184,30.915000915527344,30.520000457763672,30.809999465942383,23.299623489379883,7277400,0.0035830195527459807,30.69099998474121,30.834500122070313,30.81740005493164,0.008231138332865186,42.65233489476095,0.0019182314632999464,-0.014111102359074547
2018-04-04,30.6200008392334,31.239999771118164,30.549999237060547,31.170000076293945,23.571866989135746,5217200,0.011684538026347946,30.713999938964843,30.873000144958496,30.806000061035157,0.008556998429907777,48.22005493657603,0.0335390467576957,-0.004581072535720498
2018-04-05,31.21999931335449,31.225000381469727,30.93000030517578,31.200000762939453,23.594560623168945,3365500,0.0009624859342982628,30.768000030517577,30.906500148773194,30.78540008544922,0.008528086927677713,48.71795028546032,0.06032419560385449,0.008399981092194501
2018-04-06,31.11000061035156,31.34000015258789,30.809999465942383,30.8799991607666,23.352558135986328,5657600,-0.010256461357301072,30.801000022888182,30.91200008392334,30.76020008087158,0.00873415907621297,44.44443205102318,0.05509506252533214,0.01773899737882203
2018-04-09,30.940000534057617,31.13999938964844,30.795000076293945,30.8700008392334,23.344993591308597,3302000,-0.00032377985119591557,30.881000137329103,30.907000160217287,30.736200103759767,0.008608086426858615,48.71795028546032,0.04957271252639828,0.02410574040833728
2018-04-10,31.07999992370605,31.07999992370605,30.540000915527344,30.65999984741211,23.186187744140625,6040300,-0.006802753032464914,30.89900016784668,30.88400011062622,30.706200103759766,0.008648010095926804,45.7831242240628,0.02792893796569018,0.024870379919807863
2018-04-11,30.56999969482422,31.020000457763672,30.56999969482422,30.739999771118164,23.24668502807617,2896700,0.0026092604078342685,30.920000076293945,30.860000133514404,30.68520008087158,0.008634635619488427,51.28204971453969,0.017035046534672915,0.023303313242780878
2018-04-12,30.81999969482422,30.90999984741211,30.309999465942383,30.3799991607666,22.97443962097168,2634500,-0.01171114551177721,30.848999977111816,30.81500005722046,30.659600067138673,0.008946023011846225,47.47774430328307,-0.020412182580745508,0.014560214078075603
2018-04-13,30.38999938964844,30.59000015258789,30.350000381469727,30.540000915527344,23.095439910888672,3011700,0.005266680684026248,30.795000076293945,30.77800006866455,30.624200057983398,0.009066743566129161,57.704930334942595,-0.036754889541196434,0.004297193354221195
2018-04-16,30.6200008392334,30.80500030517578,30.489999771118164,30.68000030517578,23.20130920410156,2515300,0.004584131809153291,30.79300003051758,30.749000072479248,30.603400077819824,0.009157232172450552,53.59713266763726,-0.03797210306199972,-0.004156665929022987
2018-04-17,30.770000457763672,31.270000457763672,30.65800094604492,31.09000015258789,23.51136779785156,2845800,0.013363749782718815,30.82100009918213,30.75600004196167,30.59800006866455,0.009425938159950251,58.91718526482675,-0.005786489325345201,-0.0044826306082874304
2018-04-18,31.1299991607666,31.200000762939453,31.01000022888184,31.01000022888184,23.45086669921875,2118000,-0.0025731721876299796,30.80500011444092,30.75950002670288,30.607200088500978,0.009446767491744152,48.49624302760569,0.013114342216287156,-0.0009632360433725132
2018-04-19,30.899999618530277,30.93000030517578,30.309999465942383,30.489999771118164,23.0576229095459,2723000,-0.016768798901180326,30.73400001525879,30.751000022888185,30.607200088500978,0.009984988022023996,40.69400972566693,-0.013708283174882041,-0.003512245469674419
2018-04-20,30.530000686645508,30.606000900268555,30.18000030517578,30.21999931335449,22.853443145751957,3173400,-0.008855377493949157,30.66800003051758,30.734500026702882,30.604600067138673,0.010146372271744232,42.15684746774803,-0.05610543892204234,-0.014030884160148003
2018-04-23,30.21999931335449,30.38999938964844,30.13500022888184,30.280000686645508,22.898813247680664,1929900,0.0019854855941212612,30.60900001525879,30.745000076293945,30.622200088500975,0.009500500270836409,41.1960509723657,-0.08389677118026029,-0.028004061564170464
2018-04-24,30.309999465942383,30.479999542236328,30.15999984741211,30.309999465942383,22.9215030670166,3914000,0.0009907126359514073,30.573999977111818,30.73650007247925,30.626600074768067,0.008979198364253519,33.95523715851043,-0.10232145341950627,-0.04286753993523763
2018-04-25,30.26000022888184,30.36000061035156,30.03300094604492,30.209999084472656,22.845876693725582,2337900,-0.003299253818268455,30.520999908447266,30.720499992370605,30.62740005493164,0.008992639806017194,31.999994451357182,-0.12356792773081082,-0.05900761749435227
2018-04-26,30.309999465942383,30.78300094604492,30.285999298095703,30.600000381469727,23.140811920166016,2621900,0.012909675895936168,30.54300003051758,30.696000003814696,30.631600074768066,0.008460157422946108,45.03548881496984,-0.10769462975008892,-0.06874501994549961
2018-04-27,30.51000022888184,31.11000061035156,30.34000015258789,31.01000022888184,23.45086669921875,3408300,0.013398687656892783,30.589999961853028,30.692500019073485,30.647800064086915,0.009034360521736803,52.17390016644853,-0.06132445541607723,-0.06726090703961514
2018-04-30,30.940000534057617,31.1299991607666,30.850000381469727,30.88999938964844,23.360122680664062,2895500,-0.0038697464800929726,30.610999870300297,30.701999950408936,30.656000061035158,0.008626781331694089,53.674108361608404,-0.03386840907709754,-0.06058240744711162
2018-05-01,30.940000534057617,31.13500022888184,30.822999954223636,31.11000061035156,23.5264892578125,3077000,0.007122085628038066,30.61299991607666,30.717000007629395,30.66460006713867,0.008732370039761425,55.657494495238865,0.005578658043170037,-0.0473501943490553
2018-05-02,31.0,31.1299991607666,30.791000366210938,30.96999931335449,23.42061996459961,3362800,-0.0045002023224161025,30.608999824523927,30.70699996948242,30.676600036621092,0.00838644645138369,59.67211187418775,0.025252710778165266,-0.03282961332361119
2018-05-03,30.93000030517578,31.084999084472656,30.799999237060547,30.959999084472656,23.41305923461914,3260600,-0.00032290051997252434,30.655999755859376,30.69499988555908,30.6996000289917,0.00838127956371282,57.24133440495436,0.03958133542295528,-0.018347423574297896
2018-05-04,30.93000030517578,31.399999618530277,30.920000076293945,31.309999465942383,23.677743911743164,1804100,0.011304922216398339,30.764999771118163,30.716499900817873,30.722800025939943,0.008426899925056701,60.12858324762548,0.07827665484397173,0.0009773921093560282
2018-05-07,31.36000061035156,31.43000030517578,31.23500061035156,31.3700008392334,23.72311782836914,1737500,0.0019163645581112831,30.873999786376952,30.74149990081787,30.73620002746582,0.008427108050266507,55.072461765025,0.11248789323015984,0.02327949233351679
2018-05-08,31.270000457763672,31.31999969482422,31.045000076293945,31.149999618530277,23.55674362182617,1693200,-0.007013108537376023,30.957999801635744,30.76599988937378,30.743000030517578,0.008437270679124786,52.41377495988004,0.12045970178740362,0.04271553422429415
2018-05-09,31.149999618530277,31.38999938964844,31.059999465942383,31.38999938964844,23.73823356628418,1498200,0.00770464764228751,31.075999832153325,30.798499870300294,30.76780002593994,0.008569811221780141,67.17550972271472,0.1444779414951043,0.06306801567845619
2018-05-10,31.5,31.7450008392334,31.46999931335449,31.68000030517578,23.95754623413086,1628800,0.009238640368466333,31.18399982452393,30.863499927520753,30.799200019836427,0.008196041738199088,77.65144044071182,0.18478315456747652,0.08741104345626025
2018-05-11,31.690000534057617,31.809999465942383,31.489999771118164,31.530000686645508,23.8441104888916,1206700,-0.00473483639789507,31.235999870300294,30.91299991607666,30.830600051879884,0.008299003810975855,72.89371275265329,0.20228974048709247,0.1103867828624267
2018-05-14,31.540000915527344,31.559999465942383,31.149999618530277,31.309999465942383,23.677743911743164,1882900,-0.006977520327054898,31.277999877929688,30.94449987411499,30.8596000289917,0.008482966191403355,67.12323129922683,0.19615047549067555,0.12753952138807648
2018-05-15,31.11000061035156,31.11000061035156,30.69499969482422,30.780000686645508,23.276939392089844,2371100,-0.016927460502622615,31.244999885559082,30.92899990081787,30.869600028991698,0.00886446817079896,58.507466255667275,0.14682607208244391,0.13139683152694998
2018-05-16,30.850000381469727,30.959999084472656,30.63999938964844,30.700000762939453,23.216440200805664,1562100,-0.0025990877817220204,31.218000030517583,30.913499927520753,30.875600051879882,0.008864794665981661,51.64473952513398,0.1001266045913809,0.12514278613983618
2018-05-17,30.670000076293945,30.71999931335449,30.459999084472656,30.540000915527344,23.095439910888672,1758200,-0.005211721284556381,31.176000213623052,30.915999984741212,30.87580005645752,0.008088793163260662,41.57709327596249,0.04963413819266904,0.11004105655040275
2018-05-18,30.559999465942383,30.71999931335449,30.43000030517578,30.559999465942383,23.11056137084961,1395300,0.0006548313626562052,31.101000213623053,30.932999992370604,30.871600036621093,0.007808505815180255,43.866182337980106,0.011104208275874328,0.09025368689549707
2018-05-21,30.6299991607666,30.95499992370605,30.43000030517578,30.8700008392334,23.344993591308597,1477100,0.010144024172398902,31.051000213623052,30.9625,30.869600067138673,0.008093241846827118,45.683464343272846,0.005519851842617385,0.07330691988492112
2018-05-22,30.8700008392334,30.950000762939453,30.71999931335449,30.90999984741211,23.375246047973636,1567200,0.0012957242336020247,31.02700023651123,30.992500019073486,30.865400047302245,0.008093517862031718,48.88060790282215,0.004272543587592992,0.059500044625455495
2018-05-23,30.899999618530277,31.270000457763672,30.88999938964844,31.15999984741211,23.56430435180664,1543900,0.00808799745176736,31.0040002822876,31.04000005722046,30.8642000579834,0.008174421116596046,53.42466827179962,0.023189637762857984,0.052237963252936
2018-05-24,31.170000076293945,31.290000915527344,30.88500022888184,31.040000915527344,23.473556518554688,1537500,-0.0038510568829394076,30.940000343322755,31.06200008392334,30.859400062561036,0.007802583890910528,44.981440579720406,0.02817388919981667,0.04742514844231214
2018-05-25,31.06999969482422,31.31999969482422,31.06999969482422,31.190000534057617,23.586990356445312,1713600,0.004832461794652687,30.906000328063964,31.07100009918213,30.857600059509277,0.007289554502460695,46.76258301772874,0.043723641072219266,0.046684846968293565
2018-05-29,31.1200008392334,31.375,30.989999771118164,31.270000457763672,23.647491455078125,3255100,0.0025649221653170073,30.902000427246094,31.09000015258789,30.857800064086913,0.007236959647637446,52.272745334758,0.061789980287013435,0.049705873632037545
2018-05-30,31.239999771118164,31.80500030517578,31.15999984741211,31.68000030517578,23.95754623413086,3589000,0.013111603498883628,30.992000389099122,31.1185001373291,30.872400054931642,0.007632584395332142,55.16016312256994,0.10794690077264946,0.06135407906015993
2018-05-31,31.540000915527344,31.68000030517578,31.440000534057617,31.57999992370605,23.88191795349121,3811900,-0.0031565776675005486,31.08000030517578,31.14900016784668,30.88520004272461,0.0075880009579445944,48.09159360615238,0.134902327693748,0.07606372878687755
2018-06-01,31.56999969482422,31.774999618530277,31.479999542236328,31.709999084472656,23.980234146118164,2424400,0.004116502884125017,31.197000122070314,31.18650016784668,30.90620002746582,0.007612064714491686,53.4615122213525,0.1648542068789176,0.09382182440528555
2018-06-04,31.780000686645508,32.02000045776367,31.674999237060547,32.02000045776367,24.214662551879883,3660700,0.009776139458888,31.343000221252442,31.222000217437746,30.935600051879884,0.007512542302409338,63.19706055236597,0.21117155274943755,0.11729177007411595
2018-06-05,32.06999969482422,32.1349983215332,31.809999465942383,31.86000061035156,24.093669891357425,2623600,-0.004996872115075823,31.44200019836425,31.24650020599365,30.97140007019043,0.007633429273486995,73.27588262231072,0.23229003758093825,0.1402914235754804
2018-06-06,31.84000015258789,31.959999084472656,31.71500015258789,31.950000762939453,24.16173553466797,2120300,0.002824863492270291,31.546000289916986,31.286500263214112,31.000800094604493,0.0074171686894687,76.82405717139122,0.2533681784664097,0.16290677455366626
2018-06-07,31.979999542236328,32.029998779296875,31.76000022888184,31.950000762939453,24.16173553466797,4379700,0.0,31.62500038146972,31.314500331878662,31.02920009613037,0.007265262195892074,82.48850316075162,0.2669950047616787,0.18372442059526875
2018-06-08,31.920000076293945,32.084999084472656,31.8700008392334,32.060001373291016,24.244918823242188,2237300,0.003442898520339188,31.727000427246093,31.333500385284424,31.048600120544435,0.007027248291400564,83.18587954503812,0.2834035925166525,0.2036602549795455
2018-06-11,32.029998779296875,32.15999984741211,31.989999771118164,32.04999923706055,24.23735237121582,1788600,-0.0003119817779796419,31.813000297546388,31.359500312805174,31.068000106811525,0.006918623938424477,80.10198471202435,0.29223176188445166,0.22137455636052675
2018-06-12,31.920000076293945,32.310001373291016,31.915000915527344,32.22999954223633,24.37347412109375,1508900,0.005616234304543832,31.909000205993653,31.40550031661987,31.09860008239746,0.006740387487411834,81.428529908102,0.31017714101131233,0.23913507329068387
2018-06-13,32.22999954223633,32.27000045776367,31.475000381469727,31.51000022888184,23.82898712158203,2002600,-0.022339414321460138,31.892000198364258,31.442000293731688,31.11260009765625,0.007574847984773579,56.809341697954885,0.2632662860879975,0.2439613158501466
2018-06-14,31.6299991607666,31.93899917602539,31.6299991607666,31.809999465942383,24.055856704711918,2131100,0.009520762769959168,31.91500015258789,31.497500228881837,31.12540008544922,0.007737957694655997,63.99996393379628,0.2474441447473481,0.24465788162958693
2018-06-15,31.530000686645508,31.76000022888184,31.452999114990234,31.489999771118164,24.01696014404297,2439000,-0.010059720219952495,31.893000221252443,31.54500017166138,31.13120006561279,0.008039429793404503,55.136969747642254,0.20670096268824167,0.2370664978413179
2018-06-18,31.38999938964844,31.549999237060547,31.28499984741211,31.459999084472656,23.99407768249512,2107100,-0.0009527052036698569,31.83700008392334,31.59000015258789,31.142800064086913,0.00805701111919526,53.31007743695121,0.17003088250852016,0.22365937477475836
2018-06-19,31.34000015258789,31.674999237060547,31.34000015258789,31.5,24.02458953857422,2535800,0.001271484955226443,31.80100002288819,31.621500110626222,31.155400047302248,0.007795051022771696,46.39999938964938,0.14255404505925995,0.2074383088316587
2018-06-20,31.540000915527344,31.8700008392334,31.479999542236328,31.84000015258789,24.28390121459961,3725000,0.010793655637710842,31.789999961853034,31.66800012588501,31.179000053405762,0.008095020729161536,54.744523515002314,0.14652458008398028,0.19525556308212302
2018-06-21,31.8700008392334,32.06999969482422,31.780000686645508,32.029998779296875,24.428810119628903,2827000,0.005967293523820638,31.797999763488768,31.711500072479247,31.204800033569335,0.008017906728671297,55.714274036653755,0.16312218794526956,0.18882888805475234
2018-06-22,32.13999938964844,32.34000015258789,31.934999465942383,32.310001373291016,24.64236640930176,2292900,0.008741885877783018,31.82299976348877,31.77500009536743,31.243400077819825,0.008077374554637532,55.234665491503016,0.19660345871994167,0.19038380218779022
2018-06-25,32.33000183105469,32.3849983215332,32.04499816894531,32.22999954223633,24.58134651184082,6956700,-0.0024760701842873045,31.840999794006347,31.827000045776366,31.277200050354004,0.008109562930365273,56.87728757219908,0.21421281586701824,0.19514960492363584
2018-06-26,32.27000045776367,32.54499816894531,32.15999984741211,32.400001525878906,24.71100234985352,2106700,0.005274650513717782,31.857999992370605,31.88350009918213,31.311600074768066,0.008147798597883286,58.12273373903968,0.239129560864086,0.20394559611172589
2018-06-27,32.47999954223633,32.61000061035156,32.310001373291016,32.310001373291016,24.64236640930176,3679600,-0.0027777823564608672,31.938000106811522,31.91500015258789,31.33600009918213,0.007752715991041616,56.293698831852375,0.24874660461985343,0.21290579781335142
2018-06-28,32.29999923706055,32.68000030517578,32.29999923706055,32.630001068115234,24.886425018310547,2795800,0.009904044606099838,32.020000267028806,31.96750020980835,31.368400115966796,0.007930964924747583,59.283360504185,0.27897364755272136,0.22611936776122543
2018-06-29,32.599998474121094,32.86000061035156,32.34000015258789,32.709999084472656,24.947437286376957,2923000,0.0024516706631552143,32.14200019836426,32.01750020980835,31.412800102233888,0.00791261571280882,60.50954098547868,0.30585822497248216,0.24206713920347678
2018-07-02,32.66999816894531,32.75,32.154998779296875,32.52000045776367,24.80253219604492,6280200,-0.005808579395502833,32.24800033569336,32.04250020980835,31.45880012512207,0.007830309539724052,54.60318690554331,0.3082794909060773,0.2553096095439969
2018-07-03,32.560001373291016,32.97999954223633,32.470001220703125,32.709999084472656,24.947437286376957,2916200,0.0058425161142217075,32.36900024414062,32.085000133514406,31.507400093078612,0.007782626613251403,72.90073418338929,0.3218199231452985,0.2686116722642572
2018-07-05,32.77000045776367,33.15999984741211,32.70500183105469,33.13999938964844,25.2753963470459,2699600,0.01314583666191238,32.49900016784668,32.14450006484985,31.564000091552735,0.008215945202917475,74.18180002261073,0.36306307903738855,0.2875019536188835
2018-07-06,33.22999954223633,33.349998474121094,33.165000915527344,33.279998779296875,25.38216590881348,2440800,0.004224483772687249,32.62400016784668,32.210999965667725,31.62540008544922,0.008219849230728127,84.82486171731033,0.40240666440585926,0.31048289577627863
2018-07-09,33.33000183105469,33.33000183105469,32.810001373291016,32.970001220703125,25.145732879638672,2344600,-0.009314830828257015,32.69000015258789,32.25649995803833,31.672800102233886,0.008594474465947919,76.491279731231,0.4039164298704776,0.32916960259511846
2018-07-10,32.9900016784668,33.16999816894531,32.79999923706055,33.130001068115234,25.26775550842285,3077300,0.004852891764882239,32.78000030517578,32.31050004959106,31.715200119018554,0.008616764991184786,77.44111938985341,0.41325977890416965,0.3459876378569287
2018-07-11,33.099998474121094,33.189998626708984,32.974998474121094,33.029998779296875,25.191495895385746,2347300,-0.0030184813037812397,32.84300003051758,32.35050001144409,31.758000106811522,0.008626209515017013,71.7948502975604,0.4078931628977145,0.35836874286508585
2018-07-12,33.11000061035156,33.16999816894531,32.939998626708984,33.11000061035156,25.25250816345215,1660700,0.00242209609480315,32.922999954223634,32.43050003051758,31.798000106811525,0.0065993295890949735,70.61070036021188,0.4054221065335142,0.36777941559877153
2018-07-13,33.130001068115234,33.255001068115234,32.97999954223633,33.0,25.16861724853516,2142700,-0.003322277509024585,32.95999984741211,32.490000057220456,31.838600120544434,0.0065044075955977,64.08160024164931,0.39009092130237377,0.37224171673949197
2018-07-16,32.86000061035156,32.959999084472656,32.59400177001953,32.81999969482422,25.03133583068848,2759100,-0.005454554702296388,32.97099990844727,32.55650005340576,31.875800132751465,0.006131107561373922,61.56863390414187,0.3592748296536712,0.3696483393223278
2018-07-17,32.83000183105469,32.90999984741211,32.560001373291016,32.599998474121094,24.863540649414062,1720400,-0.0067032669941742284,32.97899971008301,32.61350002288818,31.901600112915037,0.006409738950040595,53.8460974156878,0.3134869131246205,0.35841605408278643
2018-07-18,32.54999923706055,32.68000030517578,32.31999969482422,32.47999954223633,24.77201461791992,2092200,-0.0036809490031118886,32.955999755859374,32.6625,31.9238000869751,0.0065258744630427344,53.23190772774347,0.26446812454695845,0.33962646817562087
2018-07-19,32.41999816894531,32.935001373291016,32.36000061035156,32.790000915527344,25.00844955444336,2363400,0.009544377391012437,32.920999908447264,32.71000003814697,31.95660011291504,0.006438161729456544,53.0534334473375,0.24777866327944764,0.3212569071963862
2018-07-20,32.709999084472656,32.77000045776367,32.38999938964844,32.5,24.787277221679688,2041700,-0.008844187478812104,32.84300003051758,32.73350009918213,31.97880012512207,0.006740884792184262,46.289771226148055,0.2087452098992486,0.29875456773695874
2018-07-23,32.4900016784668,32.4900016784668,32.2130012512207,32.40999984741211,24.71863174438477,2796900,-0.002769235464242792,32.78699989318848,32.73850002288818,31.993400115966796,0.0065100913936253085,47.98533928406744,0.16860508228781157,0.27272467064712935
2018-07-24,32.38999938964844,32.52000045776367,32.13999938964844,32.31999969482422,24.64998817443848,2104200,-0.002776925424610166,32.705999755859374,32.74300003051758,32.00920009613037,0.0065168827062250705,42.58557669993038,0.12805533956770887,0.2437908044312453
2018-07-25,32.34000015258789,32.69499969482422,32.31999969482422,32.63999938964844,24.8940486907959,2608800,0.009900980750178201,32.66699981689453,32.75499992370605,32.03580009460449,0.006784604426138172,40.07938189898941,0.12035331919386039,0.21910330738376832
2018-07-26,32.66999816894531,32.900001525878906,32.66999816894531,32.75,24.97793960571289,2256900,0.003370116801731493,32.63099975585938,32.7769998550415,32.07520008087158,0.006772746255455918,39.35747770934829,0.12172240241397247,0.19962712638980917
2018-07-27,32.849998474121094,32.85499954223633,32.42100143432617,32.45000076293945,24.74913787841797,2666300,-0.009160282047650292,32.57599983215332,32.76799983978272,32.11020008087158,0.006750456913570066,39.51615012020876,0.09747633300708003,0.17919696771326335
2018-07-30,32.47999954223633,32.51499938964844,32.189998626708984,32.41999816894531,24.726261138916016,2941100,-0.0009245791460321673,32.53599967956543,32.753499794006345,32.147800025939944,0.00672136222072433,34.893619093534355,0.07497591405904558,0.1583527569824198
2018-07-31,32.66999816894531,33.13999938964844,32.619998931884766,33.04999923706055,25.206748962402344,4027300,0.019432483149203428,32.580999755859374,32.77999973297119,32.197600021362305,0.007919912142411813,50.34722912088713,0.10674944978633505,0.14803209554320285
2018-08-01,32.79999923706055,33.310001373291016,32.650001525878906,33.27000045776367,25.374542236328125,3776600,0.006656618026678496,32.65999984741211,32.807999801635745,32.24560001373291,0.007949023934999706,52.64899700256544,0.14797668256567675,0.14802101294769765
2018-08-02,33.13999938964844,33.314998626708984,33.04800033569336,33.11000061035156,25.25250816345215,2963100,-0.004809132708465946,32.69199981689453,32.8064998626709,32.2896000289917,0.007491446839854653,51.79153661106583,0.16582735651586233,0.1515822816613306
2018-08-03,33.130001068115234,33.584999084472656,33.099998474121094,33.540000915527344,25.58046531677246,2721000,0.01298702196463708,32.795999908447264,32.81949996948242,32.33720005035401,0.007992165257861247,60.84336795661366,0.2122251754764335,0.16371086042435118
2018-08-06,33.56999969482422,33.66999816894531,33.400001525878906,33.470001220703125,25.527074813842773,2860800,-0.0020870510707652334,32.90200004577637,32.84449996948242,32.38580005645752,0.007686401170543479,63.72241569775138,0.2405742012803458,0.1790835285955501
2018-08-07,33.56999969482422,33.66999816894531,33.209999084472656,33.400001525878906,25.473691940307617,2122400,-0.00209141596268958,33.010000228881836,32.85799999237061,32.43000007629394,0.007649529689290835,64.74359052734411,0.2544593689039303,0.19415869665722613
2018-08-08,33.45000076293945,33.45000076293945,33.154998779296875,33.189998626708984,25.313526153564453,2437300,-0.0062875116639503625,33.06500015258789,32.86599998474121,32.46840003967285,0.007761282866159088,56.622460927878414,0.24568587159370026,0.20446413164452099
2018-08-09,33.20000076293945,33.369998931884766,33.16999816894531,33.25,25.359285354614254,1937500,0.001807814877182068,33.11500015258789,32.87299995422363,32.499800033569336,0.0077535301148206675,63.44081904991085,0.24079864425883812,0.21173103416738442
2018-08-10,33.189998626708984,33.31999969482422,32.90999984741211,32.93000030517578,25.11522483825684,2656000,-0.009624050972156906,33.16300010681152,32.86949996948242,32.52680004119873,0.008029039020108906,58.60925604760528,0.2086984347169505,0.21112451427729767
2018-08-13,32.93000030517578,33.029998779296875,32.849998474121094,32.91999816894531,25.107601165771484,1652300,-0.0003037393300265867,33.21300010681152,32.87449989318848,32.55100002288818,0.00792941600020608,60.204020729045844,0.18037247694675074,0.2049741068111883
2018-08-14,32.9900016784668,33.125,32.90999984741211,33.04999923706055,25.206748962402344,1559100,0.003948999858629065,33.21300010681152,32.89699993133545,32.57159999847412,0.007799291719790394,57.45451165835991,0.1664947037633695,0.19727822620162455
2018-08-15,33.060001373291016,33.3650016784668,32.959999084472656,33.34000015258789,25.42792510986328,2608300,0.008774611867529147,33.22000007629394,32.939999961853026,32.60119998931885,0.007926103653069378,60.06822161609718,0.17685840517158624,0.1931942619956169
2018-08-16,33.33000183105469,33.630001068115234,33.310001373291016,33.599998474121094,25.6262264251709,4032200,0.0077983899323115224,33.268999862670896,32.980499839782716,32.634199943542484,0.007840100072367111,69.89607958827823,0.20370324069724433,0.19529605773594239
2018-08-17,33.619998931884766,33.93000030517578,33.59000015258789,33.91999816894531,25.87028694152832,2608600,0.00952380087370197,33.306999588012694,33.05149974822998,32.6735998916626,0.007669393020593006,73.58484681269644,0.2479411559731517,0.20582507738338426
2018-08-20,33.970001220703125,34.1349983215332,33.90999984741211,33.959999084472656,25.90080070495605,1947100,0.001179272337460402,33.35599937438965,33.12899971008301,32.711599845886234,0.007585967722082985,67.56751183804522,0.2829659072886699,0.2212532433644414
2018-08-21,33.88999938964844,33.95000076293945,33.599998474121094,33.650001525878906,25.66436195373535,2117700,-0.009128314692313677,33.380999374389646,33.19549980163574,32.7435998916626,0.007937389511129066,57.08956126778707,0.28245311908919746,0.23349321850939264
2018-08-22,33.630001068115234,33.630001068115234,33.29999923706055,33.439998626708984,25.504199981689453,1380300,-0.006240799097985694,33.40599937438965,33.23549976348877,32.767799873352054,0.007917517000121171,56.043903836345734,0.26208015496393244,0.23921060580030062
2018-08-23,33.43000030517578,33.51499938964844,33.34000015258789,33.36000061035156,25.44318580627441,1233500,-0.0023922852763973435,33.416999435424806,33.26599979400635,32.80479988098145,0.00794077780700153,46.21848874185772,0.23675015435905777,0.23871851551205206
2018-08-24,33.31999969482422,33.599998474121094,33.29999923706055,33.59000015258789,25.61860466003418,3533100,0.0068944705643967374,33.48299942016602,33.32299976348877,32.84039989471435,0.007671540624074826,52.36217929944868,0.23255424666344737,0.23748566174233113
2018-08-27,33.61000061035156,33.66999816894531,33.36000061035156,33.540000915527344,25.58046531677246,2515300,-0.0014885155353800972,33.54499969482422,33.378999900817874,32.881399917602536,0.007682938535797041,52.77776095815345,0.2226281206217351,0.23451415351821192
2018-08-28,33.540000915527344,33.95000076293945,33.45000076293945,33.95000076293945,25.893165588378903,1887900,0.01222420501551924,33.63499984741211,33.42399997711182,32.93119995117188,0.006942016434773757,63.9706212343906,0.24502070917894514,0.23661546465035857
2018-08-29,33.939998626708984,34.060001373291016,33.880001068115234,33.900001525878906,25.855037689208984,1468700,-0.0014727315445344225,33.69099998474121,33.45550003051758,32.979199981689455,0.006853435149789634,61.992652130459874,0.25578395812145516,0.24044916334457792
2018-08-30,33.959999084472656,33.970001220703125,33.665000915527344,33.720001220703125,25.71775245666504,1730100,-0.005309743276512013,33.70300025939942,33.486000061035156,33.016800003051756,0.006876492390982195,65.36966944234166,0.24694278741428377,0.2417478881585191
2018-08-31,33.7599983215332,33.95000076293945,33.7400016784668,33.849998474121094,25.81690216064453,1579300,0.0038551971741376256,33.696000289916995,33.50149993896484,33.053199996948244,0.006314373583075125,67.28628436424898,0.24757193271791067,0.24291269707039745
2018-09-04,33.779998779296875,33.88999938964844,33.47999954223633,33.54999923706055,25.588090896606445,2310700,-0.008862607107350429,33.65500030517578,33.505499839782715,33.077999954223635,0.006633015380625688,58.74128019420325,0.22131195719065033,0.23859254909444805
2018-09-05,33.47999954223633,33.849998474121094,33.31999969482422,33.7599983215332,25.748252868652344,3257000,0.006259287309928974,33.66599998474121,33.52349967956543,33.10859992980957,0.006746993482513609,57.55394794979952,0.21496789242277003,0.23386761776011247
2018-09-06,33.810001373291016,33.93000030517578,33.7599983215332,33.869998931884766,25.8321533203125,1960400,0.003258312079992054,33.70900001525879,33.557499694824216,33.13799987792969,0.00657265096549282,55.13310135661416,0.21632267222044987,0.23035862865217996
2018-09-07,33.709999084472656,33.720001220703125,33.40999984741211,33.439998626708984,25.504199981689453,1899000,-0.012695610237264732,33.71699981689453,33.56699962615967,33.160599822998044,0.0072482749511946975,41.24086524204585,0.18061687509953117,0.22041027794165022
2018-09-10,33.59000015258789,33.79999923706055,33.54999923706055,33.619998931884766,25.641481399536133,1797100,0.005382784466743784,33.71999969482422,33.60149955749512,33.18039978027344,0.006935805648863743,44.097206125252164,0.16494293446213248,0.2093168092457467
2018-09-11,33.5099983215332,33.7400016784668,33.41999816894531,33.630001068115234,25.649105072021484,1534300,0.0002975055487282052,33.72899971008301,33.636999702453615,33.19879981994629,0.006930883737573923,49.61239393137384,0.15158098118953944,0.19776964363450528
2018-09-12,33.66999816894531,33.7599983215332,33.5099983215332,33.65999984741211,25.671993255615234,1388600,0.0008920243337522393,33.69999961853027,33.667499732971194,33.22159980773926,0.0068981530787977485,54.58337042076218,0.14177786080661292,0.1865712870689268
2018-09-13,33.790000915527344,33.959999084472656,33.709999084472656,33.869998931884766,25.8321533203125,1576500,0.006238832009050066,33.69699935913086,33.693999671936034,33.2447998046875,0.006768611389740077,60.07903827219502,0.1492337149852503,0.17910377265219152
2018-09-14,33.77000045776367,33.790000915527344,33.375,33.58000183105469,25.610979080200195,1828300,-0.008562064067769382,33.68299942016601,33.692999839782715,33.253599853515624,0.006867561877034702,49.80698165257876,0.1302408552016061,0.16933118916207446
2018-09-17,33.5,33.81999969482422,33.494998931884766,33.77000045776367,25.75588607788086,2338800,0.005658088634565628,33.67499961853027,33.68549995422363,33.26339988708496,0.006635676683943803,54.212458307191625,0.1290327688384849,0.16127150509735655
2018-09-18,33.720001220703125,33.790000915527344,33.5,33.56999969482422,25.603349685668945,1451800,-0.005922438857813961,33.67699966430664,33.66599998474121,33.27539985656738,0.006747026956137751,42.46027481036208,0.1106613267088079,0.15114946941964683
2018-09-19,33.58000183105469,33.59000015258789,33.19499969482422,33.25,25.359285354614254,2033100,-0.009532311520204062,33.62599983215332,33.645999908447266,33.27779983520508,0.006774591605391292,38.35119910306544,0.06947960776984274,0.13481549708968601
2018-09-20,33.2599983215332,33.52000045776367,33.130001068115234,33.5,25.54996109008789,1928400,0.007518796992481258,33.58899993896485,33.648999977111814,33.28719985961914,0.0068670609659630365,46.15381537353447,0.05636595780034526,0.11912558923181786
2018-09-21,33.16999816894531,33.30500030517578,33.040000915527344,33.150001525878906,25.54996109008789,1954600,-0.010447715645405808,33.56000022888183,33.63850002288818,33.287999877929686,0.007247382887845946,38.6363917850092,0.017529277321131076,0.0988063268496805
2018-09-24,33.040000915527344,33.04999923706055,32.375,32.5,25.048982620239254,2862000,-0.019607888264242646,33.44800033569336,33.58400001525879,33.27799987792969,0.008221839759856926,34.693873011600914,-0.06495005876341509,0.06605504972706139
2018-09-25,32.5,32.665000915527344,32.43399810791016,32.470001220703125,25.025859832763672,1710600,-0.0009230393629807709,33.33200035095215,33.53050003051758,33.270999908447266,0.008223272792580498,30.153867462002637,-0.1312235146281182,0.026599336856025474
2018-09-26,32.5,32.529998779296875,32.06999969482422,32.11000061035156,24.74839210510254,2323300,-0.011087175756618772,33.17700042724609,33.438500022888185,33.261199951171875,0.007803943372553947,24.85713943169668,-0.2103697351241962,-0.02079447754001886
2018-09-27,32.15999984741211,32.380001068115234,32.130001068115234,32.209999084472656,24.825462341308597,1599100,0.0031142470327096827,33.01100044250488,33.35399990081787,33.2557999420166,0.00791023234168836,30.599341752958807,-0.26200442008298097,-0.06903646604861129
2018-09-28,32.220001220703125,32.630001068115234,32.16999816894531,32.61000061035156,25.13376235961914,3145400,0.012418551296132563,32.91400032043457,33.29849987030029,33.25219993591308,0.00854911705380119,35.103250148818404,-0.2675641863471583,-0.10874201010832069
2018-10-01,32.61000061035156,32.698001861572266,32.34000015258789,32.36000061035156,24.94107818603516,3654400,-0.007666359868777173,32.77300033569336,33.223999977111816,33.249399948120114,0.00854771117188051,32.50684912792501,-0.2888139840031698,-0.14475640488729052
2018-10-02,32.369998931884766,32.439998626708984,32.2599983215332,32.2599983215332,24.864002227783203,2752400,-0.003090305529424797,32.64200019836426,33.159499931335446,33.24639991760254,0.008407688977682438,31.08104485675284,-0.31014874897839206,-0.17783487370551085
2018-10-03,32.290000915527344,32.404998779296875,31.709999084472656,31.88999938964844,24.57882499694824,2625100,-0.011469279328442883,32.5060001373291,33.06599998474121,33.237799911499025,0.008433945483163554,24.352316244595457,-0.35284514631471353,-0.2128369282273514
2018-10-04,31.88999938964844,31.88999938964844,31.46999931335449,31.739999771118164,24.46322059631348,2934700,-0.004703656989688332,32.33000011444092,32.959500026702884,33.21979991912842,0.008319505387576016,25.26878495204197,-0.39424149389613206,-0.24911784136110754
2018-10-05,31.780000686645508,31.950000762939453,31.700000762939453,31.75,24.470924377441406,3406600,0.00031506707479356244,32.189999961853026,32.87500009536743,33.19979991912842,0.008042772969931097,21.468927466890804,-0.42138401013719573,-0.2835710751163252
2018-10-08,31.850000381469727,32.30500030517578,31.770000457763672,32.15999984741211,24.786928176879883,3076200,0.012913381020853931,32.155999946594235,32.8020001411438,33.19399990081787,0.008591679346085854,31.200002034505218,-0.40514087679873967,-0.3078850354528081
2018-10-09,32.150001525878906,32.369998931884766,32.0099983215332,32.27000045776367,24.87171173095703,4429900,0.003420417004772247,32.135999870300296,32.73400011062622,33.19099994659424,0.00866716556109529,36.158202135798874,-0.3790228076673614,-0.3221125898957188
2018-10-10,32.18000030517578,32.33000183105469,31.76000022888184,31.76000022888184,24.4786319732666,4361500,-0.01580415933211221,32.10099983215332,32.63900012969971,33.16519996643066,0.009161289770294206,27.105273064480926,-0.3949243636984008,-0.33667494465625525
2018-10-11,31.81999969482422,31.850000381469727,30.76000022888184,30.82999992370605,23.76184844970703,9558500,-0.029282125266802295,31.96299991607666,32.487000179290774,33.116399955749515,0.010629751882590573,23.515981436894435,-0.47707034375157775,-0.36475402447531974
2018-10-12,31.01000022888184,31.280000686645508,30.649999618530277,30.809999465942383,23.746431350708008,5288200,-0.0006487336300085023,31.782999801635743,32.34850006103515,33.07039993286133,0.010623236582419832,27.466671006942235,-0.5375885088712309,-0.399320921354502
2018-10-15,30.799999237060547,31.290000915527344,30.76000022888184,31.0,23.89286994934082,3894500,0.0061668463924398065,31.646999740600585,32.21000003814697,33.01959991455078,0.010648767314567556,31.202048031969284,-0.563719923169824,-0.4322007217175664
2018-10-16,31.040000915527344,31.674999237060547,30.93000030517578,31.57999992370605,24.33989524841309,3272200,0.018709674958259814,31.578999900817866,32.11050004959107,32.98179988861084,0.011802901143105506,43.583531418812306,-0.5315012946104645,-0.452060836296146
2018-10-17,31.540000915527344,31.674999237060547,31.26000022888184,31.489999771118164,24.270530700683597,3449400,-0.0028499098418403035,31.53899993896484,32.02250003814697,32.94359985351562,0.011701933621531296,41.26215412563208,-0.5073812838987735,-0.46312492581667153
2018-10-18,31.479999542236328,31.774999618530277,31.3700008392334,31.5,24.27824211120605,3345200,0.00031756840122332264,31.51499996185302,31.92250003814697,32.909799880981446,0.011481281057642321,35.120648641130344,-0.48190397765944937,-0.46688073618522713
2018-10-19,31.530000686645508,31.93000030517578,31.530000686645508,31.81999969482422,24.524877548217773,2999900,0.010158720470610172,31.521999931335444,31.85599994659424,32.88119987487793,0.01170121512825004,42.89473050189328,-0.4309243007889947,-0.45968944910598064
2018-10-22,31.899999618530277,31.9950008392334,31.36000061035156,31.3700008392334,24.17804718017578,4269600,-0.014142013196311143,31.443000030517577,31.799499988555908,32.84999988555908,0.011325629060972226,39.27713778182226,-0.42196948487449504,-0.45214545625968355
2018-10-23,31.280000686645508,31.709999084472656,31.15999984741211,31.56999969482422,24.33218765258789,5159700,0.006375481359270019,31.372999954223634,31.754499912261963,32.82299991607666,0.01146888343600484,45.9799028689785,-0.39419050973908654,-0.44055446695556416
2018-10-24,31.6200008392334,32.209999084472656,31.559999465942383,31.940000534057617,24.617366790771484,5443600,0.011720014026292747,31.390999984741207,31.745999908447267,32.8007999420166,0.011582190501684578,52.380961031057986,-0.33841841942647477,-0.42012725744974627
2018-10-25,32.0099983215332,32.4900016784668,31.86000061035156,32.31999969482422,24.91024398803711,5413800,0.011897280977231306,31.539999961853027,31.751499938964844,32.78039993286133,0.011877271148801025,56.23632092874947,-0.26055239374231576,-0.3882122847082602
2018-10-26,32.18000030517578,32.220001220703125,31.309999465942383,31.479999542236328,24.262826919555664,8951600,-0.025990103976467838,31.606999969482423,31.69499988555908,32.73799995422363,0.012867941806882686,43.19999694824218,-0.26358554939572443,-0.3632869376457531
2018-10-29,31.709999084472656,32.150001525878906,31.709999084472656,32.0,24.663604736328125,6143200,0.0165184391780564,31.70699996948242,31.676999855041505,32.699599990844725,0.01340133986344333,47.50461677098912,-0.22147661147470643,-0.3349248724115438
2018-10-30,32.040000915527344,32.75,31.959999084472656,32.529998779296875,25.072105407714844,7427400,0.016562461853027344,31.801999855041505,31.69049987792969,32.67099998474121,0.013910204389944131,57.09022815479242,-0.14368222345621362,-0.29667634262047776
2018-10-31,32.529998779296875,32.529998779296875,32.02000045776367,32.09000015258789,24.732982635498047,4202400,-0.013525934313560861,31.861999893188475,31.70049991607666,32.63979995727539,0.01401065713910416,62.75304722312641,-0.11619440564692951,-0.2605799552257681
2018-11-01,32.18000030517578,32.314998626708984,31.96999931335449,32.209999084472656,24.825462341308597,4848800,0.0037394494021243396,31.93299980163574,31.723999881744383,32.615199966430666,0.013975737217826469,63.88889834995266,-0.08376164891497595,-0.22521629396360968
2018-11-02,32.27000045776367,32.279998779296875,31.57999992370605,31.940000534057617,24.617366790771484,6876800,-0.008382445144035966,31.94499988555908,31.733499908447264,32.586799964904785,0.01412705603325234,59.179704889561776,-0.07893516662059952,-0.19596006849500766
2018-11-05,32.02000045776367,32.58000183105469,32.02000045776367,32.470001220703125,25.025859832763672,4093100,0.01659363424494531,32.054999923706056,31.748999977111815,32.56439998626709,0.01432134707799447,58.777143540758104,-0.03197493151088793,-0.16316304109818372
2018-11-06,32.470001220703125,32.65999984741211,32.40999984741211,32.650001525878906,25.164594650268555,2958800,0.005543587878309442,32.16300010681152,31.768000030517577,32.54659999847412,0.014351365514540887,61.240339878084804,0.019540660871264492,-0.1266223007042941
2018-11-07,32.81999969482422,33.029998779296875,32.625,33.0099983215332,25.44205474853516,3917900,0.011025935033079692,32.26999988555908,31.830499935150147,32.527799949645996,0.01397814412971248,63.70236726250354,0.08839688748074792,-0.08361846306728568
2018-11-08,32.970001220703125,33.08000183105469,32.79499816894531,33.08000183105469,25.496004104614254,2665000,0.0021206759491356753,32.34600009918213,31.943000030517577,32.51139995574951,0.011883033976998547,61.97721912630287,0.146921027179566,-0.037510565017915345
2018-11-09,33.029998779296875,33.20000076293945,32.93000030517578,33.119998931884766,25.526832580566406,3558700,0.001209102134708262,32.51000003814697,32.0585000038147,32.49939990997314,0.011855338824882981,68.0412444111652,0.19428961160036096,0.008849470305739918
2018-11-12,33.130001068115234,33.4900016784668,33.130001068115234,33.189998626708984,25.58078384399414,2861900,0.002113517423964373,32.628999900817874,32.16799993515015,32.486199913024905,0.01184538192942082,67.16102893516461,0.23477164500319248,0.05403390524523043
2018-11-13,33.189998626708984,33.349998474121094,33.0099983215332,33.2599983215332,25.63473892211914,6307600,0.002109059889140452,32.70199985504151,32.251999855041504,32.48039989471435,0.011291116626153098,64.93212718498594,0.2693968987377957,0.0971065039437435
2018-11-14,33.380001068115234,33.380001068115234,33.08000183105469,33.25,25.62703514099121,4369000,-0.00030061100534484186,32.817999839782715,32.3399998664856,32.47019992828369,0.011239966132265203,61.48150904085125,0.2926573095045555,0.1362166650559059
2018-11-15,33.119998931884766,33.18000030517578,32.66999816894531,32.9900016784668,25.42663955688477,7158900,-0.007819498391976043,32.89600009918213,32.41449995040894,32.45259998321533,0.011478646237928112,71.75801995741159,0.28680554517382717,0.16633444107949016
2018-11-16,32.97999954223633,33.459999084472656,32.939998626708984,33.459999084472656,25.78888320922852,3738100,0.014246662082246342,33.047999954223634,32.496499919891356,32.45299999237061,0.011659490432487143,71.34509870846341,0.3164450608334164,0.19635656503027543
2018-11-19,33.470001220703125,33.7599983215332,33.310001373291016,33.54999923706055,25.858251571655277,4668200,0.002689783474311369,33.155999755859376,32.605499839782716,32.45159999847412,0.010976354367626515,67.11416999280581,0.3432401914189356,0.22573329030800748
2018-11-20,33.41999816894531,33.650001525878906,33.099998474121094,33.11000061035156,25.51912879943848,6593700,-0.013114713463926009,33.20199966430664,32.68249988555908,32.44119998931885,0.011550543066262905,67.11416999280581,0.3252223526653424,0.24563110277947448
2018-11-21,33.150001525878906,33.36000061035156,32.939998626708984,33.09000015258789,25.50370979309082,3707500,-0.0006040609300810296,33.20999984741211,32.7399998664856,32.429799995422364,0.011356963977020835,65.27785136402409,0.305804096581916,0.2576657015399628
2018-11-23,33.0099983215332,33.130001068115234,32.779998779296875,32.970001220703125,25.411222457885746,2543000,-0.0036264409589427116,33.19899978637695,32.77249994277954,32.41180004119873,0.011161624363610553,68.86455050335324,0.27753285184674326,0.2616391316013189
2018-11-26,33.04999923706055,33.18000030517578,32.849998474121094,33.040000915527344,25.46517944335937,3242200,0.0021231329157569423,33.19099998474121,32.85050001144409,32.401000022888184,0.009168644987968448,62.55512012153314,0.2578042699251526,0.26087215926608565
2018-11-27,33.02000045776367,33.22999954223633,32.86000061035156,33.220001220703125,25.60390853881836,3227200,0.005447950974214022,33.194000244140625,32.91150007247925,32.39000003814697,0.00859130951674642,62.55512012153314,0.25376846205274006,0.2594514198234165
2018-11-28,33.220001220703125,33.529998779296875,33.08000183105469,33.4900016784668,25.81200790405273,3645700,0.008127647436551033,33.217000579833986,32.95950021743774,32.388400077819824,0.008022230497984256,61.00928829408965,0.2692530540876632,0.2614117466762659
2018-11-29,33.47999954223633,33.69499969482422,33.279998779296875,33.529998779296875,25.842845916748047,2600700,0.0011942997559117874,33.24500045776367,33.03150014877319,32.39400005340576,0.007206230352764197,60.465112152815976,0.28150709800930684,0.26543081694287407
2018-11-30,33.630001068115234,33.8849983215332,33.46500015258789,33.849998474121094,26.0894718170166,4327200,0.009543683461802122,33.3310001373291,33.113500118255615,32.401000022888184,0.007385217222280786,65.02063556601419,0.3134268277571479,0.2750300191057289
2018-12-03,33.900001525878906,34.029998779296875,33.70000076293945,34.0099983215332,26.21278953552246,5321300,0.004726731303531073,33.386000061035155,33.217000007629395,32.41819995880127,0.006935452878375713,66.26990614592795,0.3476268679200203,0.28954938886858717
2018-12-04,33.959999084472656,34.130001068115234,33.5099983215332,33.560001373291016,25.8659610748291,6476800,-0.013231313450470683,33.387000274658206,33.27150001525879,32.43939998626709,0.0071011247765074385,55.172490903877076,0.33456301898078067,0.2985521148910259
2018-12-06,33.47999954223633,34.5,33.09000015258789,34.47999954223633,26.575044631958008,6368500,0.02741353192188778,33.52400016784668,33.36299991607666,32.479599952697754,0.009123797273185207,66.1417851046042,0.39390529304418465,0.31762275052165767
2018-12-07,34.369998931884766,34.380001068115234,33.86000061035156,33.959999084472656,26.174259185791016,5559900,-0.015081219972949755,33.611000061035156,33.41049995422363,32.51659992218018,0.009727993828893016,61.91646444963695,0.3944280605025199,0.33298381251783016
2018-12-10,33.959999084472656,33.9900016784668,33.314998626708984,33.83000183105469,26.07406616210937,9157900,-0.003827952206200358,33.697000122070314,33.44799995422363,32.54899997711182,0.009797562404708532,54.95983816632133,0.37997257820430974,0.3423815656551261
2018-12-11,33.9900016784668,34.13999938964844,33.869998931884766,33.88999938964844,26.12030601501465,4645200,0.0017735014882167555,33.78199996948242,33.48649997711182,32.57459995269775,0.009798502937426023,54.59461465736152,0.3691030160840896,0.34772585574091885
2018-12-12,34.02000045776367,34.119998931884766,33.224998474121094,33.25,25.62703514099121,4298900,-0.018884609063873903,33.78499984741211,33.48950004577637,32.59239994049072,0.010771578705968229,51.79487029005495,0.3053265928431941,0.33924600316137393
2018-12-13,33.279998779296875,33.7599983215332,33.279998779296875,33.47999954223633,25.80430030822754,4652700,0.006917279465754156,33.783999633789065,33.50050010681152,32.616799964904786,0.01087091450614577,54.744535032225485,0.2702273461765188,0.3254422717644029
2018-12-14,33.380001068115234,33.52000045776367,33.209999084472656,33.41999816894531,25.758054733276367,4138700,-0.0017921557380943254,33.7729995727539,33.50900001525879,32.64739994049072,0.01088098202621502,55.55553462436893,0.2348619881417946,0.3073262150398812
2018-12-17,33.459999084472656,33.540000915527344,32.099998474121094,32.16999816894531,24.79463577270508,7214000,-0.03740275489187583,33.60499954223633,33.46799983978271,32.655999908447264,0.013692083969027762,41.68255519653395,0.1047624969391805,0.2668134714197411
2018-12-18,32.459999084472656,32.72999954223633,32.33000183105469,32.4900016784668,25.04126739501953,8109100,0.009947265394326221,33.452999877929685,33.41949996948242,32.6707999420166,0.013469268618007188,43.20297276926869,0.027166167019316845,0.21888401053965625
2018-12-19,32.52000045776367,32.779998779296875,32.09000015258789,32.189998626708984,24.81005096435547,12878000,-0.009233703793762649,33.315999603271486,33.35149993896484,32.67139991760254,0.013543185817838333,37.96292110066857,-0.057870131685128,0.16353318209469941
2018-12-20,32.310001373291016,32.32500076293945,31.57999992370605,31.799999237060547,24.50946807861328,11333000,-0.012115545395669725,33.04799957275391,33.285999870300294,32.66199989318848,0.013501726343636616,34.95651573945136,-0.1549455861783997,0.0998374284400796
2018-12-21,31.600000381469727,32.099998474121094,30.91900062561035,30.950000762939453,24.13438415527344,15120000,-0.02672951240610355,32.746999740600586,33.17899990081787,32.64579990386963,0.014586955778744758,26.910827735301098,-0.2970422383616622,0.020461495079731246
2018-12-24,31.100000381469727,31.100000381469727,29.801000595092773,29.809999465942383,23.24542808532715,10641000,-0.03683364358304464,32.34499950408936,33.02099981307983,32.625399894714356,0.016409804820677876,21.07437376012426,-0.49592670193109,-0.08281614432243302
2018-12-26,29.90999984741211,30.770000457763672,29.520000457763672,30.76000022888184,23.98621940612793,10947900,0.03186852666753048,32.0319995880127,32.90699977874756,32.62439990997314,0.01831661194283655,31.95875604495545,-0.5703127398557761,-0.18031546342910165
2018-12-27,30.559999465942383,30.84000015258789,29.93000030517578,30.82999992370605,24.040807723999023,14151800,0.00227567276668883,31.789999580383302,32.7874997138977,32.62099990844727,0.018249493842783394,23.589010914392603,-0.6165090874762562,-0.26755418823853255
2018-12-28,31.11000061035156,31.239999771118164,30.677000045776367,30.940000534057617,24.126588821411133,10391000,0.0035679730984035096,31.53599967956543,32.65999965667724,32.6081999206543,0.01812375305100191,26.76924873667535,-0.6369020850713625,-0.3414237676050985
2018-12-31,31.040000915527344,31.049999237060547,30.51000022888184,31.0,24.17337226867676,7807200,0.0019392199388081899,31.293999862670898,32.5334997177124,32.59839992523193,0.0181353083691701,27.99377902178884,-0.6408350792365525,-0.4013060299313893
2019-01-02,30.799999237060547,30.850000381469727,30.11000061035156,30.290000915527344,23.61973190307617,10445000,-0.0229031962733115,31.1060001373291,32.355499839782716,32.57419994354248,0.01833298107099249,24.576302235852637,-0.6932516246602454,-0.45969514887716056
2019-01-03,30.26000022888184,30.93000030517578,30.25,30.43000030517578,23.72889709472656,9743800,0.004621967164638585,30.9,32.176499938964845,32.546399955749514,0.018329955957856338,28.571449276454587,-0.7152503727591544,-0.5108061936535593
2019-01-04,30.68000030517578,31.020000457763672,30.46999931335449,30.739999771118164,23.97062492370605,9620900,0.010187297496992098,30.755000114440918,32.0354998588562,32.533799934387204,0.018549072406326816,29.429448349987297,-0.6996055556360155,-0.5485660660500505
2019-01-07,30.780000686645508,31.21999931335449,30.75,31.0,24.17337226867676,5141800,0.008458042642086161,30.675000190734863,31.861499881744386,32.52239994049072,0.017289463112647677,32.3615407585682,-0.6586347483992654,-0.5705798025198935
2019-01-08,31.190000534057617,31.61000061035156,31.09000015258789,31.540000915527344,24.59446144104004,7575900,0.017419384371849755,30.734000205993652,31.74049997329712,32.514399948120115,0.017827127790249565,44.87807555823239,-0.5759523078908018,-0.5716543035940752
2019-01-09,31.57999992370605,31.6299991607666,31.13999938964844,31.40999984741211,24.493083953857425,5100800,-0.00412178390430018,30.894000244140624,31.61949987411499,32.496199951171874,0.017827500958262032,40.93958636156784,-0.5149795145456082,-0.5603193457843818
2019-01-10,31.31999969482422,31.950000762939453,31.26000022888184,31.90999984741211,24.88297843933105,7837200,0.015918497371186557,31.00900020599365,31.520499897003173,32.50479995727539,0.01832357177586625,47.72728257928037,-0.421454055206258,-0.5325462876687571
2019-01-11,31.809999465942383,31.989999771118164,31.68000030517578,31.96999931335449,24.92976188659668,3095100,0.0018802715834937977,31.12300014495849,31.4564998626709,32.50419994354248,0.017951401827015212,51.45797665967956,-0.33858994527596664,-0.49375501919019904
2019-01-14,31.850000381469727,32.060001373291016,31.739999771118164,31.8700008392334,24.851789474487305,2918300,-0.0031278847753780648,31.216000175476076,31.375999927520752,32.49099998474121,0.017834619327810015,59.055118997155134,-0.27778643320604246,-0.45056130199336775
2019-01-15,31.88999938964844,32.29999923706055,31.88999938964844,32.22999954223633,25.132509231567383,3925000,0.011295848557360433,31.339000129699706,31.316499996185303,32.49379997253418,0.01809282223851738,78.13955324544447,-0.19826485133671312,-0.40010201186203687
2019-01-16,32.20000076293945,32.51499938964844,32.11000061035156,32.380001068115234,25.249475479125977,7295900,0.004654096432186838,31.548000144958497,31.3270001411438,32.49720001220703,0.016047737454783887,73.14288174377538,-0.12173625548479805,-0.3444288605865891
2019-01-17,32.34000015258789,32.58000183105469,32.290000915527344,32.540000915527344,25.374244689941406,3397100,0.004941316928172235,31.75900020599365,31.329500102996825,32.50920001983643,0.01593039622004747,73.81618144366712,-0.047627125545325555,-0.2850685135783364
2019-01-18,32.66999816894531,32.66999816894531,32.39400100708008,32.65999984741211,25.46782493591309,7865600,0.0036877359713749502,31.951000213623047,31.353000164031982,32.5129999923706,0.015789140697324237,73.88890213437818,0.02055090672905635,-0.22394462951685787
2019-01-22,32.630001068115234,32.720001220703125,32.33000183105469,32.599998474121094,25.4210262298584,8116300,-0.0018371516708922675,32.111000061035156,31.39300012588501,32.51199993133545,0.015509919406361787,72.22221044846029,0.06894611127717809,-0.1653664813580507
2019-01-23,32.77000045776367,32.77000045776367,32.40999984741211,32.619998931884766,25.436628341674805,3087500,0.0006135110030618396,32.2189998626709,31.476500034332275,32.50419994354248,0.014039138788619373,90.03433227719096,0.10767234951936899,-0.11075871518256679
2019-01-24,32.56999969482422,32.82500076293945,32.38999938964844,32.75,25.537992477416992,4578000,0.003985317975843339,32.35299987792969,31.623500061035156,32.49759990692139,0.01050869415651115,89.99997369175694,0.14715683962122483,-0.05917560422180847
2019-01-25,32.86000061035156,33.15999984741211,32.65999984741211,33.130001068115234,25.834318161010746,3031400,0.011603086049320144,32.475,31.742000102996826,32.497799949645994,0.008552913461171754,90.23566969380353,0.20672845593675504,-0.005994792190095764
2019-01-28,33.02000045776367,33.4900016784668,32.959999084472656,33.459999084472656,26.091646194458008,5276000,0.009960700444257453,32.623999977111815,31.873500061035156,32.50319995880127,0.008655071250516023,90.46049907267758,0.27737012294824126,0.05067819083757165
2019-01-29,33.34000015258789,33.7400016784668,33.279998779296875,33.720001220703125,26.29439353942871,2530000,0.0077705362625406504,32.80900001525879,32.01250009536743,32.51240001678467,0.008691462355662555,89.49272858449973,0.35029615642636003,0.11060178395532934
2019-01-30,33.7599983215332,34.119998931884766,33.630001068115234,34.0,26.51272392272949,5118100,0.0083036408410615,32.986000061035156,32.162500095367434,32.52740001678467,0.008715131464801943,94.50172316832266,0.4257760436089555,0.1736366358860546
2019-01-31,33.970001220703125,34.38999938964844,33.65999984741211,34.33000183105469,26.770063400268555,7024500,0.009705936207490717,33.1810001373291,32.3645001411438,32.55420001983643,0.005872854564216718,94.16059308760583,0.5063854911027121,0.24018640692938611
2019-02-01,34.380001068115234,34.470001220703125,33.66999816894531,34.119998931884766,26.60630416870117,9829200,-0.006117182871221205,33.33899993896485,32.549000072479245,32.56740001678467,0.0064922489975512065,87.19715944152414,0.5470178982810978,0.3015527051997285
2019-02-04,34.08000183105469,34.34000015258789,33.79999923706055,34.31999969482422,26.76226043701172,6513600,0.0058616872567529565,33.50499992370605,32.72800006866455,32.58280002593994,0.006408474451117297,90.96977912447173,0.588573059942739,0.3589567761483306
2019-02-05,34.36000061035156,34.560001373291016,34.130001068115234,34.54999923706055,26.941614151000977,4186000,0.006701618423120559,33.7,32.90550003051758,32.61159999847412,0.006378385586499311,90.55931837158245,0.6327706793153851,0.41371955678174155
2019-02-06,34.45000076293945,34.4900016784668,34.165000915527344,34.279998779296875,26.7310733795166,3535200,-0.007814774637507127,33.86599998474121,33.04249992370605,32.6353999710083,0.00638292324796272,81.87907950808444,0.6386488838533708,0.45870542219606747
2019-02-07,34.20000076293945,34.584999084472656,34.09000015258789,34.56999969482422,26.95721244812012,6325300,0.008459770299131142,34.047999954223634,33.20049991607666,32.667399940490725,0.006135492415453601,82.63654985464939,0.6591102409681824,0.4987863859504905
2019-02-08,34.43000030517578,34.66999816894531,34.369998931884766,34.56999969482422,26.95721244812012,2913100,0.0,34.19199981689453,33.333499908447266,32.69799991607666,0.0056321494878565515,81.9396973512815,0.6676299909473826,0.532555106949869
2019-02-11,34.599998474121094,34.720001220703125,34.45000076293945,34.66999816894531,27.03518867492676,2971900,0.0028926374024835777,34.3129997253418,33.46849985122681,32.726999855041505,0.005616373372420387,84.15833855807266,0.6746737760068697,0.5609788407612691
2019-02-12,34.70000076293945,34.70000076293945,34.292999267578125,34.43000030517578,26.84804344177246,8982900,-0.006922350056092652,34.38399963378906,33.596499824523924,32.74579982757568,0.00592801091728105,77.84614228921475,0.653358692251274,0.5794548110592701
2019-02-13,34.40999984741211,34.68000030517578,34.29999923706055,34.65999984741211,27.027393341064453,3751800,0.006680207383028991,34.44999961853027,33.71799983978271,32.76839984893799,0.005710256143070655,78.5074409320153,0.6475606990342442,0.5930759886542649
2019-02-14,34.68000030517578,34.91999816894531,34.470001220703125,34.790000915527344,27.12876892089844,4007000,0.003750752126011392,34.49599952697754,33.83849983215332,32.787199897766115,0.00570552084031716,76.77417131915826,0.6460089582262896,0.6036625825686699
2019-02-15,34.88999938964844,35.0099983215332,34.790000915527344,35.0,27.292518615722656,2674800,0.006036190829156629,34.58399963378906,33.961499786376955,32.80699993133545,0.005724175404695847,75.8389124284745,0.6541833451497681,0.6137667350848895
2019-02-19,34.95000076293945,35.119998931884766,34.880001068115234,35.040000915527344,27.32370948791504,3921300,0.0011428833007811612,34.655999755859376,34.08049983978272,32.83659992218018,0.00575188666793323,73.91301944111964,0.6563236547170703,0.6222781190113258
2019-02-20,34.869998931884766,35.0,34.5629997253418,34.81999969482422,27.15215492248535,3200300,-0.006278573486156347,34.682999801635745,34.191499900817874,32.843399925231935,0.006048461790044548,65.18515378855311,0.6329711086556813,0.6244167169401968
2019-02-21,34.689998626708984,34.88999938964844,34.47999954223633,34.880001068115234,27.198945999145508,4484200,0.001723187071134058,34.74300003051758,34.30450000762939,32.86179996490478,0.0060274120184960886,61.31683754283678,0.6122480427030936,0.6219829820927762
2019-02-22,34.91999816894531,35.220001220703125,34.7599983215332,35.08000183105469,27.354904174804688,3477800,0.005733966651803701,34.794000244140626,34.42100009918213,32.88679996490478,0.0060494155194279284,69.83475438571602,0.6049893135137268,0.6185842483769664
2019-02-25,35.13999938964844,35.189998626708984,34.75,34.790000915527344,27.12876892089844,4075800,-0.008266844366884296,34.816000366210936,34.50400009155273,32.904799995422366,0.006269262418429468,59.36256614922597,0.5692738336963572,0.6087221654408446
2019-02-26,34.88999938964844,34.95000076293945,34.65999984741211,34.720001220703125,27.074180603027344,2674700,-0.0020120636097188394,34.82100067138672,34.567000198364255,32.934200019836425,0.006084879080980243,53.61705995886624,0.5292201478284397,0.5928217619183636
2019-02-27,34.59000015258789,34.77000045776367,34.33000183105469,34.61000061035156,26.988405227661133,3252300,-0.003168220232837138,34.8390007019043,34.61150016784668,32.95680004119873,0.00601760783325969,57.53427998104846,0.48303307861238665,0.5708640252571682
2019-02-28,34.599998474121094,35.119998931884766,34.4900016784668,34.709999084472656,27.066375732421875,5002100,0.0028892942027625157,34.84400062561035,34.64700012207031,32.98260005950928,0.005804956661429141,53.49998474121094,0.4493190641580469,0.5465550330373439
2019-03-01,34.77000045776367,34.77000045776367,34.26499938964844,34.66999816894531,27.03518867492676,5897500,-0.0011524320536567823,34.83200035095215,34.66399993896484,33.03260005950928,0.005449679579769362,52.45094189321097,0.41459354886932687,0.5201627362037405
2019-03-04,34.77000045776367,34.849998474121094,34.404998779296875,34.810001373291016,27.144363403320312,6178600,0.0040381658996193615,34.81300048828125,34.698500061035155,33.079000053405764,0.005270145167193337,53.36545250806494,0.3938305825496755,0.49489630547292757
2019-03-05,34.75,35.040000915527344,34.689998626708984,34.90999984741211,27.22233772277832,4066400,0.0028726937712166833,34.80000038146973,34.72800006866455,33.13340007781982,0.0051668307112417025,62.37108232837358,0.3810522896929456,0.4721275023169312
2019-03-06,34.91999816894531,35.04999923706055,34.7599983215332,34.81999969482422,27.15215492248535,3832300,-0.0025780622452383772,34.80000038146973,34.74150009155274,33.193800086975095,0.005029990376659128,54.4444232517627,0.35951883109797933,0.44960576807314084
2019-03-07,34.84000015258789,35.09000015258789,34.68000030517578,34.790000915527344,27.12876892089844,7592600,-0.0008615387581790701,34.79100036621094,34.76700019836426,33.27060009002685,0.004658825623679046,50.0,0.3361577420429356,0.4269161628670998
2019-03-08,34.720001220703125,34.98500061035156,34.65599822998047,34.81999969482422,27.15215492248535,3103900,0.0008622816472385608,34.76500015258789,34.77950019836426,33.37080009460449,0.0042923369594876125,44.07895397279526,0.31641710204864637,0.40481635070340916
2019-03-11,34.97999954223633,35.38999938964844,34.93199920654297,35.36000061035156,27.573240280151367,4124100,0.015508354975879435,34.822000122070314,34.819000244140625,33.462800102233885,0.005463245880564219,57.92076777229705,0.3404218918724098,0.39193745893720927
2019-03-12,35.40999984741211,35.630001068115234,35.38999938964844,35.54999923706055,27.721397399902344,4323800,0.005373264237256814,34.90499992370606,34.863000297546385,33.55720008850098,0.005532738500649292,68.3416815708105,0.3705061972339365,0.3876512065965548
2019-03-13,35.56999969482422,35.83000183105469,35.56999969482422,35.720001220703125,27.85396385192871,2726000,0.004782053088354221,35.015999984741214,34.927500343322755,33.65280010223389,0.005231567816198368,69.99998183479472,0.4034156409019687,0.3908040934576376
2019-03-14,35.72999954223633,35.81999969482422,35.61000061035156,35.810001373291016,27.92414093017578,4504400,0.002519601050173792,35.126000213623044,34.985000419616696,33.74900012969971,0.0051108764423255975,68.3416815708105,0.43178156317421923,0.3989995874009539
2019-03-15,35.63999938964844,35.65999984741211,35.38999938964844,35.459999084472656,27.809646606445312,5436300,-0.009773869740184127,35.20500030517578,35.018500328063965,33.852400093078614,0.005680673381667924,66.34139442794512,0.421164578231938,0.4034325855671508
2019-03-18,35.5,35.56999969482422,35.119998931884766,35.279998779296875,27.668479919433597,3318300,-0.00507615086923674,35.25200004577637,35.03250026702881,33.94940006256103,0.005702426316818318,62.96288447138276,0.3936878325995252,0.4014836349736257
2019-03-19,35.310001373291016,35.369998931884766,35.06999969482422,35.18000030517578,27.59005546569824,3464300,-0.002834423967717825,35.27900009155273,35.03950023651123,34.03820007324219,0.0057448599066894125,63.255797448590336,0.3596969105063508,0.39312629008017075
2019-03-20,35.209999084472656,35.529998779296875,34.946998596191406,35.34000015258789,27.715532302856445,8689800,0.004548034281528057,35.3310001373291,35.065500259399414,34.125000076293944,0.0056092595886969515,64.25339913245958,0.3417302566883791,0.3828470834018124
2019-03-21,35.290000915527344,35.97999954223633,35.27000045776367,35.970001220703125,28.209617614746094,4798000,0.017826855274337028,35.44900016784668,35.12000026702881,34.21360008239746,0.006787420914662262,73.21431490836562,0.3740159520745081,0.3810808571363516
2019-03-22,35.970001220703125,36.30699920654297,35.79999923706055,35.79999923706055,28.0762996673584,5026000,-0.0047262156762098995,35.547000122070315,35.1560001373291,34.30140007019043,0.006851694734303881,67.49111701812183,0.381487310709538,0.3811621478509889
2019-03-25,35.81999969482422,35.970001220703125,35.665000915527344,35.83000183105469,28.09981918334961,4370800,0.0008380613026126582,35.594000244140624,35.20800018310547,34.37980010986328,0.006494020581979859,66.66666666666666,0.38538687485094414,0.38200709325098
2019-03-26,35.959999084472656,36.06999969482422,35.849998474121094,36.04999923706055,28.272356033325195,2357500,0.006140033345328533,35.64400024414063,35.27450008392334,34.4614001083374,0.006518183441811237,71.28024530192174,0.40159986632571076,0.3859256478659262
2019-03-27,36.11000061035156,36.220001220703125,35.709999084472656,35.93000030517578,28.17825508117676,2939100,-0.003328680566556108,35.66500015258789,35.340500068664554,34.54260009765625,0.006524847224486372,69.1274849908473,0.4001531515037371,0.3887711485934884
2019-03-28,36.0099983215332,36.23500061035156,35.88999938964844,36.22999954223633,28.41352081298828,3626500,0.008349547300653182,35.706999969482425,35.416500091552734,34.62260009765625,0.006681075713099706,71.69227988342298,0.4183910986707886,0.39469513860894845
2019-03-29,36.220001220703125,36.290000915527344,36.06499862670898,36.220001220703125,28.405685424804688,3565600,-0.00027596802814056076,35.78300018310547,35.49400024414062,34.699400100708004,0.006661005236334183,65.80882765429882,0.42711451198510986,0.40117901328418076
2019-04-01,36.27000045776367,36.290000915527344,35.77000045776367,36.11000061035156,28.319416046142575,6733100,-0.0030370128836076926,35.86600036621094,35.559000205993655,34.77080009460449,0.006746147930427203,60.606073742054534,0.4203067157562046,0.4050045537785856
2019-04-02,36.150001525878906,36.48500061035156,35.880001068115234,36.41999816894531,28.56252861022949,6604200,0.008584811779396295,35.99000015258789,35.634500122070314,34.846000061035156,0.0069103526213820255,62.58987869806246,0.4349123021227328,0.41098610344741504
2019-04-03,36.40999984741211,36.540000915527344,36.09999847412109,36.380001068115234,28.531156539916992,3581300,-0.001098218090087144,36.094000244140624,35.712500190734865,34.92160011291504,0.006864925644766795,60.43957118823115,0.4382085078750464,0.41643058433294133
2019-04-04,36.41999816894531,36.43000030517578,36.11000061035156,36.27000045776367,28.44489097595215,3507700,-0.0030236560506308185,36.12400016784668,35.78650016784668,34.99460014343262,0.006932630959706838,66.26512668961618,0.42702219864581537,0.41854890719551613
2019-04-05,36.310001373291016,36.58700180053711,36.209999084472656,36.54999923706055,28.664480209350582,2869900,0.0077198449341884245,36.19900016784668,35.873000144958496,35.07060012817383,0.007036583497078384,74.5174541314469,0.43572773137428555,0.42198467203127005
2019-04-08,36.540000915527344,36.59000015258789,36.27000045776367,36.369998931884766,28.5233097076416,2918500,-0.00492476905425665,36.25299987792969,35.923500061035156,35.13540008544922,0.006504172065370103,72.28466559893016,0.42322374855351086,0.4222324873357182
2019-04-09,36.380001068115234,36.43000030517578,36.209999084472656,36.2599983215332,28.437047958374023,2094500,-0.003024487588178859,36.273999786376955,35.95900001525879,35.19140007019043,0.006507217404728798,67.5572496855053,0.3998291406909189,0.4177518180067584
2019-04-10,36.34999847412109,36.54999923706055,36.310001373291016,36.54999923706055,28.664480209350582,2606200,0.007997819331257983,36.33599967956543,36.00049991607666,35.24800003051758,0.0066436458121139205,62.7192828353302,0.4000775506903196,0.4142169645434707
2019-04-11,36.560001373291016,36.70000076293945,36.34999847412109,36.5,28.625268936157227,3705500,-0.001367968210785886,36.362999725341794,36.03499984741211,35.29800003051758,0.006658936271941843,66.2037797428249,0.3917243424549284,0.4097184401257622
2019-04-12,36.45000076293945,36.70000076293945,36.20000076293945,36.70000076293945,28.78211784362793,2691300,0.005479472957245379,36.41099967956543,36.096999931335446,35.34540000915527,0.006222139340641855,68.66958200241325,0.3966701878331378,0.40710878966723735
2019-04-15,36.709999084472656,36.709999084472656,36.369998931884766,36.47999954223633,28.60957908630371,2115300,-0.005994583545766208,36.44799957275391,36.15699996948242,35.392600021362306,0.0062782162998118105,59.22749732315641,0.37847472500689605,0.40138197673516907
2019-04-16,36.4900016784668,36.4900016784668,35.439998626708984,35.619998931884766,27.93512344360352,3994500,-0.02357457843045907,36.36799964904785,36.17899990081787,35.41860000610352,0.008414665744101931,44.95111092334436,0.29130188094111276,0.3793659575763578
2019-04-17,35.72999954223633,35.79999923706055,35.1349983215332,35.25,27.64495277404785,4323500,-0.010387393121271682,36.25499954223633,36.174499893188475,35.432600021362305,0.008708626189802315,34.39488975630853,0.19016880477407483,0.34152652701590125
2019-04-18,35.40999984741211,35.59000015258789,35.11000061035156,35.529998779296875,27.86454200744629,2756900,0.007943227781471718,36.18099937438965,36.152499771118165,35.4576000213623,0.007879257256544377,39.88265037867347,0.13110240778058824,0.29944170316883867
2019-04-22,35.459999084472656,35.459999084472656,34.82500076293945,35.13999938964844,27.558687210083008,4012600,-0.01097662265825039,36.039999389648436,36.11949977874756,35.469000015258786,0.008170702741299015,36.85633354353827,0.05222020916380643,0.24999740436783224
2019-04-23,35.27000045776367,35.630001068115234,35.13999938964844,35.540000915527344,27.87238121032715,5469100,0.011383082892048701,35.95699958801269,36.104999732971194,35.488400039672854,0.0086166902825926,38.35982093119011,0.02173176833287016,0.20434427716083986
2019-04-24,35.63999938964844,35.93000030517578,35.54999923706055,35.790000915527344,28.068449020385746,3304200,0.007034327337081647,35.90999984741211,36.09199981689453,35.51080009460449,0.008654492772368724,42.606517488802105,0.017540177729344464,0.1669834572745408
2019-04-25,35.68000030517578,35.86000061035156,35.459999084472656,35.75,28.037073135375977,4198400,-0.0011176561750236846,35.829999923706055,36.082999801635744,35.537200088500974,0.008628201172880639,43.36734445628427,0.010865323707534458,0.13575983056113955
2019-04-26,35.88999938964844,36.01499938964844,35.709999084472656,35.9900016784668,28.22529983520508,2517000,0.006713333663406873,35.77900009155273,36.07099990844726,35.56380012512207,0.008550118397108961,42.78354569765613,0.024657348910501753,0.11353933423101199
2019-04-29,35.869998931884766,36.06999969482422,35.57500076293945,35.619998931884766,27.93512344360352,3256800,-0.010280709344990369,35.670999908447264,36.040999794006346,35.58040008544922,0.008836670718961126,40.7862573669451,0.005666182616700155,0.09196470390814963
2019-04-30,35.63999938964844,36.07500076293945,35.38999938964844,36.02999877929688,28.25666618347168,4650200,0.011510383484181208,35.625999832153326,36.03699970245361,35.60100006103516,0.009232488409999027,47.368430241338245,0.023429032378174952,0.0782575696021547
2019-05-01,36.060001373291016,36.470001220703125,35.959999084472656,36.02999877929688,28.25666618347168,6051300,0.0,35.66699981689453,36.01749973297119,35.62080001831055,0.009005695454568016,43.62745418863475,0.03707879749183718,0.07002181518009121
2019-05-02,36.040000915527344,36.459999084472656,36.040000915527344,36.09999847412109,28.31157112121582,5382600,0.0019428170190343153,35.75199966430664,36.003499603271486,35.64639999389649,0.009020713758694312,45.12193987301719,0.052934528749290166,0.066604357893931
2019-05-03,36.25,36.40999984741211,36.08000183105469,36.34999847412109,28.50762939453125,3223400,0.006925208048948139,35.83399963378906,36.00749950408935,35.6757999420166,0.00913890428288774,45.78311038065105,0.08469688766895445,0.0702228638489357
2019-05-06,36.18999862670898,36.34000015258789,35.970001220703125,36.20000076293945,28.38998794555664,3377200,-0.0041264846623975115,35.93999977111817,35.9899995803833,35.6981999206543,0.0090053835901451,46.56864395052862,0.09665109062948574,0.0755085092050457
2019-05-07,36.08000183105469,36.13999938964844,35.31999969482422,35.58000183105469,27.90375518798828,3711800,-0.017127041956294775,35.9439998626709,35.9504997253418,35.71399993896485,0.009710779584923144,49.47920443696958,0.05545687797664556,0.07149818295936568
2019-05-08,35.650001525878906,35.91999816894531,35.564998626708984,35.58000183105469,27.90375518798828,3831500,0.0,35.922999954223634,35.91649990081787,35.731199951171874,0.009701998053663004,54.755067938964885,0.02255022273038776,0.061708590913570095
2019-05-09,35.5,35.7400016784668,35.2599983215332,35.70000076293945,27.99786758422852,5684500,0.0033726510879499294,35.918000030517575,35.873999977111815,35.75299995422363,0.009532356258270796,52.56800472976167,0.0060842370014171365,0.0505837201311395
2019-05-10,35.619998931884766,36.20000076293945,35.595001220703125,36.11000061035156,28.319416046142575,3268400,0.01148458931792895,35.929999923706056,35.8545000076294,35.780999984741214,0.009940149057141691,64.56457488487189,0.025820740431811373,0.04563112419127388
2019-05-13,35.869998931884766,36.16999816894531,35.79999923706055,36.11000061035156,28.319416046142575,3392100,0.0,35.979000091552734,35.825,35.80980003356934,0.009841991584068604,59.72695623644355,0.040989559467796255,0.04470281124657836
2019-05-14,36.18000030517578,36.38999938964844,36.09999847412109,36.2400016784668,28.421371459960938,3984400,0.0036001402912733127,36.000000381469725,35.81300010681152,35.83840003967285,0.009807383314697788,58.00712709994914,0.0627772999357461,0.04831770898441191
2019-05-15,36.2400016784668,36.61000061035156,36.09999847412109,36.47999954223633,28.60957908630371,3478200,0.0066224573028133005,36.04500045776367,35.856000137329104,35.869800033569334,0.008230776113602659,62.12624500508844,0.09827718487731119,0.05830960416299177
2019-05-16,36.47999954223633,36.84000015258789,36.45000076293945,36.68999862670898,28.77427291870117,2834200,0.0057565539229109675,36.10400047302245,35.92800006866455,35.90720001220703,0.007812936160736366,61.74493207780966,0.14172258084499134,0.07499219949939169
2019-05-17,36.52000045776367,36.709999084472656,36.43999862670898,36.63999938964844,28.73506736755371,3403200,-0.0013627484037064264,36.1330005645752,35.98350009918213,35.94419998168945,0.0077189716803156335,69.17299702710902,0.17015738121546775,0.09402523584260691
2019-05-20,36.5099983215332,36.56999969482422,35.91999816894531,36.04999923706055,28.272356033325195,3472100,-0.01610262452009148,36.1180004119873,36.02900009155273,35.96879997253418,0.008225872659806423,50.352121662298885,0.1434307040204743,0.10390632947818039
2019-05-21,36.209999084472656,36.45500183105469,36.150001525878906,36.34999847412109,28.50762939453125,2353600,0.008321754324813746,36.195000076293944,36.06949996948242,35.98859992980957,0.008055310146754601,55.09554991313629,0.14478802479822406,0.11208266854218912
2019-05-22,36.38999938964844,36.54999923706055,36.310001373291016,36.52000045776367,28.64095115661621,1982800,0.004676808549623823,36.28899993896484,36.10599994659424,36.007999954223635,0.007981712466935905,56.48152399790442,0.15776285857793937,0.12121870654933917
2019-05-23,36.41999816894531,36.73500061035156,36.36000061035156,36.70000076293945,28.78211784362793,2521100,0.00492881442824622,36.388999938964844,36.15349998474121,36.02759994506836,0.008010127301507623,55.5205506651666,0.1804894580082319,0.13307285684111772
2019-05-24,36.86000061035156,36.9900016784668,36.7400016784668,36.75,28.82134056091309,1523600,0.0013623770033006632,36.452999877929685,36.191499900817874,36.04639991760254,0.007910042620046314,58.95765431837983,0.20022688150963575,0.14650366177482133
2019-05-28,36.93000030517578,36.9900016784668,36.36000061035156,36.369998931884766,28.5233097076416,2496400,-0.010340165118781885,36.47899971008301,36.22899990081787,36.06459991455078,0.007914544982718203,63.957555734383725,0.18309541150855324,0.1538220117215677
2019-05-29,36.34000015258789,36.43000030517578,35.801998138427734,35.95000076293945,28.19392967224121,2648700,-0.011547929097603271,36.44999961853027,36.225,36.077999954223635,0.007993061314551473,55.692297941117474,0.1340826347940265,0.14987413633605948
2019-05-30,35.9900016784668,36.28499984741211,35.93000030517578,36.16999816894531,28.366464614868164,2656200,0.006119538284757198,36.41899948120117,36.23199996948242,36.097799911499024,0.008112546613744526,57.014897839966956,0.1117039545447156,0.14224009997779072
2019-05-31,36.09000015258789,36.66999816894531,36.040000915527344,36.470001220703125,28.601749420166016,4582100,0.008294251228781802,36.396999740600585,36.25050010681152,36.120399932861325,0.008305342153315135,55.55556863751642,0.11682968834095675,0.13715801765042393
2019-06-03,36.59999847412109,36.66999816894531,36.290000915527344,36.61000061035156,28.711530685424805,6621400,0.0038387547288856183,36.393999862670896,36.26350021362305,36.1331999206543,0.008208621899702576,57.396455714488894,0.13068222666220208,0.13586285945277957
2019-06-04,36.619998931884766,36.619998931884766,36.09999847412109,36.40999984741211,28.554689407348636,3596800,-0.005463009003143893,36.429999923706056,36.27400016784668,36.14539993286133,0.008252635876747821,52.463743758265196,0.12409162201658575,0.1335086119655408
2019-06-05,36.619998931884766,37.2599983215332,36.4900016784668,37.2400016784668,29.20561981201172,4495200,0.022795985568060395,36.51900024414063,36.35700016021728,36.17359992980957,0.008629666726835385,59.40596490101622,0.18372486561749923,0.1435518626959325
2019-06-06,37.34000015258789,37.380001068115234,37.08000183105469,37.310001373291016,29.26050567626953,2272500,0.0018796909685612206,36.59800033569336,36.4435001373291,36.19879997253418,0.008613314282865374,57.94875005135177,0.23393635844616512,0.16162876184597902
2019-06-07,37.52000045776367,37.65999984741211,37.380001068115234,37.43000030517578,29.35462951660156,2114000,0.003216267152717611,36.67100028991699,36.53000011444092,36.228799972534176,0.008612467141890576,59.94963063748664,0.28018247008967023,0.18533950349471728
2019-06-10,37.47999954223633,37.5099983215332,37.130001068115234,37.29999923706055,29.25266456604004,3041400,-0.0034731783877987032,36.726000213623045,36.58950004577637,36.250199966430664,0.008429949278322975,67.80625696915422,0.3028517604440282,0.20884195488457946
2019-06-11,37.400001525878906,37.47999954223633,37.1150016784668,37.369998931884766,29.30757141113281,2472200,0.0018766674599464128,36.82600021362305,36.652499961853025,36.2731999206543,0.008420983859974444,65.54877516913176,0.322745319591462,0.231622627825956
2019-06-12,37.41999816894531,37.68999862670898,37.380001068115234,37.5099983215332,29.41736221313477,2555500,0.003746304352419738,36.98199996948242,36.71599979400635,36.30119987487793,0.008422737247469395,65.23073636568509,0.3458214745696253,0.2544623971746899
2019-06-13,37.540000915527344,37.6150016784668,37.415000915527344,37.560001373291016,29.45657539367676,2511300,0.001333059290730798,37.12100028991699,36.76999988555908,36.323999938964846,0.008344614374047444,63.782048930785315,0.36394894513924214,0.27635970676760035
2019-06-14,37.560001373291016,37.84600067138672,37.560001373291016,37.720001220703125,29.582056045532227,1945900,0.004259846686956781,37.24600028991699,36.82150001525879,36.3507999420166,0.008311008269722496,65.01548316692768,0.38676733361111104,0.29844123213630247
2019-06-17,37.81999969482422,38.17499923706055,37.81999969482422,38.130001068115234,29.90359878540039,4130200,0.010869560820349955,37.39800033569336,36.89600009918213,36.38799995422363,0.008542468865759698,76.99388010624978,0.432943923989626,0.3253417705069672
2019-06-18,38.33000183105469,38.4900016784668,37.869998931884766,38.02000045776367,29.817331314086918,4654400,-0.002884883484662315,37.559000396728514,36.994500160217285,36.4173999786377,0.0075153871493623976,85.08468614788589,0.45541335295911267,0.3513560869973963
2019-06-19,37.9900016784668,38.39500045776367,37.810001373291016,38.27000045776367,30.013404846191406,4654300,0.006575486506837924,37.662000274658205,37.09050025939941,36.45540000915528,0.007456433281963339,85.23485293609373,0.4877707306080339,0.37863901571952385
2019-06-20,38.45000076293945,38.619998931884766,38.41999816894531,38.5,30.19377326965332,4478800,0.006009917415343846,37.7810001373291,37.18950023651123,36.50020004272461,0.0074818606171499265,84.87966021708353,0.5259108534389085,0.40809338326340083
2019-06-21,38.16999816894531,38.16999816894531,37.58000183105469,37.77000045776367,29.85624122619629,9512500,-0.0189610270710735,37.81500015258789,37.243000221252444,36.52460006713867,0.008878842611352711,66.57140833019983,0.4915658482597678,0.4247878762626743
2019-06-24,37.86000061035156,37.9900016784668,37.52000045776367,37.58000183105469,29.70605087280273,5083600,-0.005030411024788073,37.843000411987305,37.28450031280518,36.546200103759766,0.008997403667388087,66.7621980078327,0.4438988928034817,0.4286100795708358
2019-06-25,37.619998931884766,37.7599983215332,37.060001373291016,37.06999969482422,29.302907943725582,3829000,-0.013571104613651741,37.81300048828125,37.31950035095215,36.55360008239746,0.00924039851072097,47.31858237755371,0.36081037959508677,0.41505013957568604
2019-06-26,37.06999969482422,37.06999969482422,36.220001220703125,36.34999847412109,28.733760833740234,7944600,-0.019422746874304897,37.69700050354004,37.33950023651123,36.551000061035154,0.00994394880951828,37.43452857075801,0.2341647475997135,0.3788730611804916
2019-06-27,36.56999969482422,36.790000915527344,36.54999923706055,36.650001525878906,28.970909118652344,4578500,0.008253179211861639,37.60600051879883,37.36350040435791,36.571600112915036,0.010017449393603663,40.250033855373694,0.1562042850928549,0.3343393059629643
2019-06-28,36.709999084472656,36.979000091552734,36.650001525878906,36.77000045776367,29.065771102905277,5010600,0.0032741862725444992,37.51100044250488,37.378500366210936,36.602000122070315,0.009879276227912875,43.35842043068736,0.10291660920400858,0.28805476661117313
2019-07-01,36.95000076293945,37.0,36.28499984741211,36.70000076293945,29.01043128967285,6775000,-0.0019037175401894757,37.3680004119873,37.38300037384033,36.625400161743165,0.009859218974367003,41.604044529597836,0.054410145496525786,0.24132584238824367
2019-07-02,36.79999923706055,37.38999938964844,36.77000045776367,37.380001068115234,29.54795455932617,5959000,0.018528618284456844,37.30400047302246,37.43150043487549,36.6702001953125,0.01057169943320758,48.56515375818728,0.07003148579105556,0.20706697106880606
2019-07-03,37.4900016784668,37.93000030517578,37.448001861572266,37.91999816894531,29.974809646606445,3519500,0.014446149957194399,37.26900024414063,37.46550025939941,36.71780014038086,0.009819044257314424,53.585625127758135,0.12454903981119969,0.1905633848172848
2019-07-05,37.63999938964844,37.8390007019043,37.130001068115234,37.709999084472656,29.808815002441406,5079200,-0.00553795080730346,37.19000015258789,37.48550014495849,36.75620010375977,0.009921675636488964,49.901359597312414,0.14909079716465357,0.18226886728675856
2019-07-08,37.68000030517578,37.93000030517578,37.619998931884766,37.84999847412109,29.91948127746582,3435900,0.0037125269967475116,37.19799995422363,37.50650005340576,36.798200073242185,0.009929232754773323,47.08330584896492,0.17778767179056842,0.18137262818752053
2019-07-09,37.77000045776367,38.095001220703125,37.720001220703125,38.04999923706055,30.07758331298828,3166600,0.005284036221988364,37.244999694824216,37.54400005340576,36.83940002441406,0.009933014002013489,50.30673602291627,0.21419938460330457,0.18793797947067734
2019-07-10,38.18999862670898,38.310001373291016,37.970001220703125,38.2599983215332,30.24357032775879,8591200,0.005519029925974861,37.36399955749512,37.588500022888184,36.892200012207034,0.00998237372049499,49.896885161058925,0.2570381249176137,0.20175800856006462
2019-07-11,38.20000076293945,38.209999084472656,37.60499954223633,37.77000045776367,29.85624122619629,5157600,-0.012807053979763339,37.50599975585938,37.60150012969971,36.92700004577637,0.01043816100121886,42.85714285714287,0.2485838824709461,0.21112318334224095
2019-07-12,37.790000915527344,37.84000015258789,37.494998931884766,37.619998931884766,29.7376708984375,3620400,-0.003971446228777431,37.60299949645996,37.6045000076294,36.958800048828124,0.010480439621054377,48.344353572848114,0.22716138980049294,0.21433082463389136
2019-07-15,37.70000076293945,37.91999816894531,37.56999969482422,37.66999816894531,29.77719116210937,2650100,0.0013290600340281067,37.692999267578124,37.601999855041505,36.99020004272461,0.010440099014184013,51.02501538044441,0.2117771949119458,0.21382009868950227
2019-07-16,37.630001068115234,37.74599838256836,37.4900016784668,37.61000061035156,29.72976875305176,3533000,-0.0015927146671117498,37.78399925231933,37.57599983215332,37.015400085449215,0.010123401769586227,56.85281251996907,0.1925245054115905,0.20956098003391993
2019-07-17,37.709999084472656,37.83000183105469,37.22499847412109,37.41999816894531,29.5795841217041,3227300,-0.0050519127445575185,37.78799896240234,37.545999717712405,37.039800033569335,0.010160251041743028,65.6891633385912,0.16008958805085172,0.1996667016373063
2019-07-18,37.33000183105469,37.52000045776367,37.130001068115234,37.40999984741211,29.57167053222656,4028800,-0.0002671919300493153,37.736999130249025,37.50299968719482,37.07639999389649,0.01001490663711999,62.179494233310955,0.13205564608693265,0.1861444905272316
2019-07-19,37.45000076293945,37.4900016784668,36.7599983215332,36.79999923706055,29.0894832611084,4515800,-0.016305816969784392,37.645999145507815,37.41799964904785,37.1007999420166,0.010417519117322924,50.41549636599186,0.05992580644513623,0.16090075371081253
2019-07-22,36.84999847412109,36.88999938964844,36.60499954223633,36.7599983215332,29.057863235473636,3031000,-0.0010869814227348895,37.53699913024902,37.36749954223633,37.12199989318847,0.009642118367315588,50.83795608615689,-0.00046004757777495797,0.12862859345309505
2019-07-23,36.84999847412109,37.130001068115234,36.720001220703125,37.119998931884766,29.34243392944336,3084800,0.009793270587302505,37.44399909973144,37.34449939727783,37.14219985961914,0.009907190162114672,46.01223045490927,-0.019047661754818535,0.09909334241151234
2019-07-24,37.16999816894531,37.209999084472656,36.959999084472656,37.09000015258789,29.3187255859375,2663600,-0.000808156793105641,37.326999282836915,37.345499420166014,37.161799850463865,0.009424916414590059,34.909106041795255,-0.035786604979833214,0.07211735293324324
2019-07-25,37.04999923706055,37.130001068115234,36.77000045776367,36.93000030517578,29.192237854003903,3237500,-0.004313827089616362,37.24299926757813,37.37449951171875,37.175599822998045,0.008321223165332159,35.555561834899706,-0.061256857670713316,0.04544251081245193
2019-07-26,36.959999084472656,37.150001525878906,36.77000045776367,37.04999923706055,29.28709983825684,2822300,0.003249361789686933,37.1859992980957,37.39449939727783,37.186999816894534,0.008159775408799806,35.074621554491344,-0.07094153563804895,0.022165701522351755
2019-07-29,37.13999938964844,37.43999862670898,37.119998931884766,37.18999862670898,29.397768020629883,3030900,0.003778661066972111,37.13799934387207,37.4154993057251,37.19699981689453,0.008169334199158957,33.5877440246003,-0.06655275326856014,0.004422010564169377
2019-07-30,37.18999862670898,37.67499923706055,37.18000030517578,37.560001373291016,29.69024658203125,3455600,0.009948985217663076,37.132999420166016,37.458499336242674,37.21539985656738,0.008404698485516704,37.41012130193754,-0.032839924012208144,-0.003030376351106128
2019-07-31,37.59999847412109,37.88999938964844,37.18999862670898,37.40999984741211,29.57167053222656,6644000,-0.003993650702727947,37.1319995880127,37.45999927520752,37.24259986877441,0.007409542770301413,42.62294569377392,-0.018018428237461137,-0.00602798672837713
2019-08-01,37.52000045776367,37.84000015258789,37.15999984741211,37.5,29.64281272888184,9956300,0.0024057779458697137,37.14099960327148,37.43899936676026,37.26559989929199,0.006627565041475526,47.47901516742186,0.0009786923422154814,-0.0046266509142586084
2019-08-02,37.540000915527344,38.04499816894531,37.46500015258789,37.790000915527344,29.87204933166504,4953600,0.007733357747395919,37.239999771118164,37.44299945831299,37.29099990844727,0.006763364221475901,52.29012635079454,0.038985299250505534,0.00409573911869422
2019-08-05,37.70000076293945,37.720001220703125,36.619998931884766,37.06999969482422,29.302907943725582,6359700,-0.019052691274407674,37.270999908447266,37.40399951934815,37.29839988708496,0.007941382209629772,41.768294810393634,0.01088228364677235,0.005453048024309847
2019-08-06,37.150001525878906,37.68000030517578,37.02000045776367,37.52999877929688,29.666526794433597,6841500,0.0124089314340321,37.31199989318848,37.377999496459964,37.3139998626709,0.008385975619859121,51.549303039290365,0.025435320511782322,0.009449502521804343
2019-08-07,37.560001373291016,38.130001068115234,36.95500183105469,37.880001068115234,29.94320297241211,7396200,0.009325933924928087,37.390999984741214,37.35899963378906,37.344199905395506,0.008574556051526475,56.041135895157794,0.0644678217731709,0.020453166372077655
2019-08-08,37.93000030517578,38.47999954223633,37.59999847412109,38.47999954223633,30.41748046875,5601800,0.015839452407675036,37.545999908447264,37.39449958801269,37.394799880981445,0.008793993911413459,71.64946122384772,0.14217729138906776,0.044797991375475674
2019-08-09,38.38999938964844,38.630001068115234,38.09000015258789,38.470001220703125,30.409578323364254,4695700,-0.0002598316437667503,37.68800010681152,37.43699970245361,37.4407999420166,0.008723138522888658,72.20781665684095,0.20064293804401245,0.07596698070918304
2019-08-12,38.459999084472656,38.584999084472656,38.20500183105469,38.43999862670898,30.385860443115234,3727900,-0.0007798958420099922,37.81300010681152,37.4754997253418,37.48019989013672,0.008733651476168188,68.74997290701239,0.24176945783346326,0.10912747613403909
2019-08-13,38.43999862670898,38.59999847412109,38.09000015258789,38.459999084472656,30.40167236328125,5176100,0.0005203032902758586,37.90299987792969,37.51799964904785,37.51719985961914,0.00871277405953707,69.51562121315854,0.2728313607626518,0.14186825305976164
2019-08-14,38.36000061035156,38.36000061035156,37.810001373291016,37.86000061035156,29.927391052246094,5999600,-0.015600584721889077,37.94799995422363,37.53999977111816,37.54619987487793,0.009400390639772754,61.77214211903769,0.2461952940591985,0.16273366125964903
2019-08-15,37.970001220703125,38.470001220703125,37.86000061035156,38.38999938964844,30.34633445739746,5501400,0.013998911007728987,38.03699989318848,37.58899974822998,37.569199829101564,0.009859055233790272,65.3669586307,0.2648000413544267,0.18314693727860457
2019-08-16,38.47999954223633,38.7599983215332,38.369998931884766,38.65999984741211,30.55976104736328,3766700,0.007033093567500259,38.123999786376956,37.68199977874756,37.59619979858398,0.009004724281872947,66.36970403422859,0.29789724408421137,0.20609699863972591
2019-08-19,38.84000015258789,39.09000015258789,38.650001525878906,39.0099983215332,30.83643341064453,2930000,0.00905324561568821,38.31799964904785,37.79449977874756,37.62779975891113,0.009076896991928797,66.21920080834005,0.3483533667330505,0.23454827225839087
2019-08-20,39.060001373291016,39.150001525878906,38.68999862670898,38.720001220703125,30.60719871520996,3245400,-0.007433917285507907,38.43699989318848,37.87449989318848,37.656199798583984,0.009216044083323204,64.20826772077055,0.3607810061582839,0.2597948190383695
2019-08-21,38.810001373291016,38.97700119018555,38.65999984741211,38.880001068115234,30.733673095703125,3480700,0.0041322273338813,38.53699989318848,37.96399993896485,37.68639984130859,0.009198700294541352,64.74361221127891,0.37916981682736406,0.2836698185961684
2019-08-22,38.91999816894531,39.11000061035156,38.63999938964844,39.06999969482422,30.88385391235352,2511100,0.004886795820198575,38.59599990844727,38.07099990844726,37.717599868774414,0.009074508614592691,63.973803491201984,0.40441256672633585,0.30781836822220193
2019-08-23,39.08000183105469,39.3380012512207,38.415000915527344,38.58000183105469,30.49653625488281,6048100,-0.012541537435293182,38.60699996948242,38.14750003814697,37.73799987792969,0.009703951489230032,67.35638292274821,0.3804928110846362,0.3223532567946888
2019-08-26,38.77000045776367,38.95000076293945,38.59000015258789,38.93999862670898,30.78110122680664,3621000,0.009331176220020554,38.65699996948242,38.23500003814697,37.7623998260498,0.009833959611003116,66.58827816667832,0.386133854482118,0.33510937633217464
2019-08-27,39.119998931884766,39.22999954223633,38.790000915527344,38.810001373291016,30.678340911865234,3042200,-0.0033383990242052963,38.692000198364255,38.29750003814697,37.77599983215332,0.00974181355213343,61.53851250809325,0.37578293830170395,0.3432440887260805
2019-08-28,38.83000183105469,38.9900016784668,38.72499847412109,38.91999816894531,30.765275955200195,3129500,0.0028342383860362474,38.797999954223634,38.37299995422363,37.79399978637695,0.009651614913674158,56.21470174625668,0.37216549264785925,0.34902836951043625
2019-08-29,39.130001068115234,39.26499938964844,38.97999954223633,39.20000076293945,30.98662757873535,3070700,0.007194311592171543,38.87900009155273,38.4579999923706,37.81259979248047,0.009720709472330294,59.58008140052965,0.3874264986491056,0.3567079953381701
2019-08-30,39.31999969482422,39.38999938964844,39.09000015258789,39.209999084472656,30.99452209472656,3623100,0.00025505921782165153,38.93400001525879,38.52899990081787,37.82679977416992,0.009642780805083283,60.15836605366179,0.3957655973917653,0.3645195157488892
2019-09-03,39.150001525878906,39.77000045776367,39.130001068115234,39.77000045776367,31.43719482421875,6160800,0.01428210625775761,39.010000228881836,38.66399993896484,37.86679977416992,0.008663492707110842,65.1270968804815,0.44246140427727454,0.38010789345456625
2019-09-04,39.959999084472656,40.13999938964844,39.84999847412109,40.09999847412109,31.698043823242188,3541500,0.008297661869727024,39.147999954223636,38.79249992370605,37.91719970703125,0.00848943224154567,77.58630085502213,0.5003287710419784,0.4041520689720487
2019-09-05,40.09999847412109,40.11000061035156,39.61000061035156,39.75,31.42138290405273,3925900,-0.008728141831400804,39.23499984741211,38.885999870300296,37.97079971313477,0.008775761392291791,67.52586239103988,0.5120445929813968,0.4257305737739184
2019-09-06,39.77000045776367,39.98699951171875,39.68999862670898,39.79999923706055,31.460906982421875,2457600,0.001257842441774848,39.307999801635745,38.95199985504151,38.039799728393554,0.008190957188210791,65.57384396347055,0.5193769328649012,0.44445984559211493
2019-09-09,39.81999969482422,39.83000183105469,39.400001525878906,39.5,31.223766326904297,4618900,-0.0075376694173701075,39.39999961853027,39.003499794006345,38.09679969787598,0.008441365237074809,56.78676155906741,0.49527125508373615,0.45462212749043923
2019-09-10,39.310001373291016,39.310001373291016,38.650001525878906,38.91999816894531,30.765275955200195,5632900,-0.014683590659612333,39.3979995727539,39.027499771118165,38.13979965209961,0.009167771535726489,52.56407246776571,0.4244729710960229,0.448592296211556
2019-09-11,38.86000061035156,38.93999862670898,38.61000061035156,38.83000183105469,30.694150924682617,7353200,-0.002312341781208871,39.39999961853027,39.045999908447264,38.182399673461916,0.0091919028732152,49.34726550711299,0.3569877362186915,0.4302713842129831
2019-09-12,39.119998931884766,39.310001373291016,38.7599983215332,39.060001373291016,30.875959396362305,5425200,0.0059232431468077,39.41399993896484,39.10599994659424,38.21599967956543,0.00843404914827506,49.870822174228906,0.31839399447076033,0.4078959062645386
2019-09-13,38.95000076293945,39.15999984741211,38.46500015258789,38.59000015258789,30.504438400268555,5653800,-0.012032800926231157,39.35299987792969,39.11599998474121,38.22939971923828,0.00842777112619793,50.129848769037636,0.2470353359572286,0.3757237922030766
2019-09-16,38.58000183105469,39.0099983215332,38.540000915527344,38.9900016784668,30.82062721252441,4535700,0.010365419131828757,39.3310001373291,39.132500076293944,38.254999771118165,0.008599218273452442,50.64271410891826,0.22022129119813627,0.3446232920020886
2019-09-17,39.15999984741211,39.54999923706055,39.150001525878906,39.540000915527344,31.255393981933597,6054200,0.014106160897251252,39.30800018310547,39.15900020599365,38.28879981994629,0.008932728976364412,58.46868447628381,0.2405780751415918,0.3238142486299892
2019-09-18,39.63999938964844,39.709999084472656,39.03300094604492,39.41999816894531,31.16053009033203,4031700,-0.0030349707588122055,39.24000015258789,39.19400005340576,38.31619979858399,0.008774327767911474,55.78703744584809,0.24421262323158288,0.307893923550308
2019-09-19,39.47999954223633,39.68999862670898,39.380001068115234,39.54999923706055,31.26328659057617,3941500,0.003297845615265693,39.22000007629394,39.22749996185303,38.34199981689453,0.008760287455050801,54.19662623268751,0.25464760938270814,0.297244660716788
2019-09-20,39.369998931884766,39.43999862670898,39.09999847412109,39.119998931884766,31.130395889282227,5392500,-0.010872321453115119,39.15200004577637,39.22999992370605,38.36899978637695,0.009084705898884483,49.01960621355156,0.22561918262803005,0.28291956509903643
2019-09-23,39.09000015258789,39.42499923706055,39.02000045776367,39.2599983215332,31.241804122924805,3196700,0.003578716602017362,39.12799987792969,39.26399974822998,38.40179977416992,0.008606312210980935,43.88486378688913,0.21147299693603117,0.2686302514664354
2019-09-24,39.36000061035156,39.4900016784668,39.02999877929688,39.209999084472656,31.202014923095703,6528700,-0.0012735414976603465,39.15699996948242,39.277499771118165,38.43259979248047,0.008383928173437595,38.56041736128824,0.19399131120742652,0.25370246341463365
2019-09-25,39.220001220703125,39.34000015258789,39.02999877929688,39.16999816894531,31.17017364501953,3912600,-0.001020171294601857,39.190999603271486,39.295499610900876,38.463799743652345,0.008345767815853597,41.89941991057843,0.1748931503670832,0.23794060080512358
2019-09-26,39.290000915527344,39.62799835205078,39.2599983215332,39.54999923706055,31.472576141357425,2565600,0.009701329739058018,39.23999938964844,39.32699966430664,38.50639976501465,0.00858491214475564,46.803072047953926,0.18825059502424324,0.22800259964894753
2019-09-27,39.619998931884766,39.63999938964844,38.97999954223633,39.290000915527344,31.265682220458984,3350700,-0.00657391470413915,39.30999946594238,39.33149967193604,38.54399978637695,0.008600412791261029,47.286835459508055,0.1758299166700894,0.21756806305317591
2019-09-30,39.31999969482422,39.54999923706055,39.27999877929688,39.34000015258789,31.30545997619629,3492500,0.0012725689970851661,39.34499931335449,39.337999725341795,38.5947998046875,0.00860407698927939,56.28745455770643,0.16808339935847272,0.20767113031423529
2019-10-01,39.29999923706055,39.400001525878906,38.84999847412109,39.0,31.03490829467773,6075600,-0.008642606793826446,39.290999221801755,39.299499702453616,38.639599838256835,0.008144136797947763,52.367659903644466,0.1329761910092202,0.19273214245323228
2019-10-02,38.95000076293945,39.04499816894531,38.52999877929688,38.7599983215332,30.84392547607422,5305300,-0.006153889191456319,39.224999237060544,39.23249969482422,38.672399826049805,0.007918862810565547,45.83329801212224,0.08480971221391798,0.17114765640536944
2019-10-03,38.7599983215332,39.29999923706055,38.70000076293945,39.220001220703125,31.2099723815918,6328400,0.011867980368677422,39.191999435424805,39.205999755859374,38.71499984741211,0.00828324994005317,58.7743691152578,0.08280133802359302,0.15347839272901415
2019-10-04,39.27999877929688,39.4900016784668,39.2400016784668,39.400001525878906,31.35320854187012,2653300,0.004589502793813427,39.21999969482422,39.18599987030029,38.76439987182617,0.008356567435368127,56.083071945955915,0.09464321919307395,0.1417113580218261
2019-10-07,39.29999923706055,39.5099983215332,39.150001525878906,39.33000183105469,31.297494888305664,3165800,-0.001776641931809042,39.227000045776364,39.17749996185303,38.80999992370605,0.008197972310530387,46.366806670556144,0.09725846987614517,0.13282078039268994
2019-10-08,39.29999923706055,39.46500015258789,38.93999862670898,39.13999938964844,31.14631462097168,4616600,-0.004830979724395168,39.22000007629394,39.188500022888185,38.848999938964845,0.007551315521555464,45.270301618149674,0.08304220691022834,0.12286506569619762
2019-10-09,39.290000915527344,39.41999816894531,39.165000915527344,39.2599983215332,31.241804122924805,2969000,0.003065889978437264,39.229000091552734,39.20999984741211,38.882999877929684,0.007548818159887434,45.08473787251432,0.08053032357548062,0.11439811727205423
2019-10-10,39.209999084472656,39.41999816894531,39.040000915527344,39.36000061035156,31.321388244628903,3373400,0.0025471801603085265,39.21000022888184,39.224999809265135,38.92199989318848,0.007460222724285965,54.58017323341375,0.08562198988761338,0.10864289179516606
2019-10-11,39.470001220703125,39.56999969482422,39.18999862670898,39.22999954223633,31.21793365478516,4949200,-0.003302872614312058,39.204000091552736,39.256999778747556,38.9565998840332,0.006930526996116732,49.42531255572217,0.07826498239204938,0.10256730991454274
2019-10-14,39.2599983215332,39.43999862670898,39.11000061035156,39.290000915527344,31.265682220458984,1794100,0.0015294767777505047,39.19900016784668,39.271999740600585,38.986599884033204,0.006563646929095752,51.52674645467517,0.07639547088578524,0.09733294210879125
2019-10-15,39.29999923706055,39.369998931884766,38.9900016784668,39.31999969482422,31.28954696655273,3091100,0.000763521980092996,39.231000137329104,39.26099967956543,39.031599884033206,0.005721701466289891,52.873583377911075,0.0764532152520161,0.09315699673743622
2019-10-16,39.31999969482422,39.36000061035156,39.01499938964844,39.27000045776367,31.249759674072266,5929800,-0.0012715981039829183,39.282000350952146,39.253499794006345,39.06639991760254,0.005690244894998376,43.859693151968415,0.07163865172497452,0.08885332773494388
2019-10-17,39.369998931884766,39.63999938964844,39.27000045776367,39.52999877929688,31.456655502319336,4775600,0.006620787331358624,39.31300010681152,39.25249977111817,39.09939987182617,0.005843441341127034,55.26309625391103,0.08779076974803957,0.08864081613756301
2019-10-18,39.52000045776367,39.9900016784668,39.52000045776367,39.90999984741211,31.75905418395996,2313300,0.009612979505434494,39.363999938964845,39.29199981689453,39.12799987792969,0.005630564747976797,60.91949991084452,0.12975857397760393,0.0968643677055712
2019-10-21,39.91999816894531,40.209999084472656,39.810001373291016,40.18000030517578,31.97391700744629,1957300,0.0067652332446996866,39.44899978637695,39.33799991607666,39.16219985961914,0.005750723471703439,73.22827432086603,0.1826991001445606,0.1140313141933691
2019-10-22,40.27000045776367,40.34000015258789,40.0099983215332,40.060001373291016,31.87841415405273,2226000,-0.0029865338719100576,39.54099998474121,39.38050003051758,39.19459991455078,0.005801634104357596,76.85950282948974,0.21252211496666717,0.1337294743480287
2019-10-23,40.08000183105469,40.22999954223633,39.790000915527344,40.130001068115234,31.934118270874023,2159900,0.0017473712537336983,39.628000259399414,39.428500175476074,39.227999954223634,0.005781653628938602,72.41376070415839,0.23904984166550491,0.15479354781152393
2019-10-24,40.209999084472656,40.2599983215332,39.8650016784668,39.97999954223633,31.814756393432617,1781800,-0.0037378899049690384,39.69000015258789,39.45000019073486,39.27039993286133,0.005519985325846588,64.49992275252771,0.245143524716525,0.17286354319252414
2019-10-25,39.88999938964844,39.95000076293945,39.400001525878906,39.4900016784668,31.424823760986328,2842500,-0.01225607477188384,39.716000366210935,39.46000022888184,39.2923999786377,0.006028989394185126,53.30577926162024,0.20803597074107927,0.1798980287022352
2019-10-28,39.41999816894531,39.47800064086914,38.9900016784668,39.06999969482422,31.09060859680176,3318300,-0.010635653729829997,39.694000244140625,39.44650020599365,39.30059997558594,0.006494901932788933,48.67925180154373,0.1430878887803857,0.17253600071786532
2019-10-29,39.130001068115234,39.41999816894531,39.060001373291016,39.16999816894531,31.17017364501953,2167200,0.0025594695393442723,39.67900009155274,39.45500011444092,39.30379997253418,0.006216859587204277,48.28897117801575,0.09854909442447735,0.15773861945918774
2019-10-30,39.25,39.459999084472656,38.95000076293945,39.459999084472656,31.40094757080078,2637400,0.007403648942655883,39.69799995422363,39.49000015258789,39.31859992980957,0.0062226048061074235,51.77302278267315,0.08566493718571877,0.14332388300449395
2019-10-31,39.52999877929688,39.58000183105469,39.18000030517578,39.33000183105469,31.297494888305664,3263900,-0.0032944058903722206,39.67800025939941,39.49550018310547,39.32759994506836,0.005721214485547018,51.77309281767208,0.06422412212844364,0.1275039308292839
2019-11-01,39.380001068115234,39.51499938964844,38.81999969482422,39.22999954223633,31.21793365478516,3370000,-0.0025426464317984676,39.61000022888184,39.48700008392334,39.330799942016604,0.005652161039450261,48.95102376719117,0.038716473364395654,0.10974643933630626
2019-11-04,39.15999984741211,39.20000076293945,38.7400016784668,38.790000915527344,30.8677978515625,3045400,-0.011215871318970283,39.471000289916994,39.46000003814697,39.33499992370606,0.006161773501823714,41.8960348106065,-0.016808970656747135,0.08443535733769558
2019-11-05,38.66999816894531,38.66999816894531,37.88999938964844,38.119998931884766,30.334625244140625,6643600,-0.01727254364086339,39.27700004577637,39.40900001525879,39.31859992980957,0.007152104267226874,35.21848706533038,-0.11356770787948989,0.044834744294258495
2019-11-06,38.16999816894531,38.43899917602539,38.1349983215332,38.2599983215332,30.44603729248047,2425600,0.003672596893263158,39.089999771118165,39.359000015258786,39.30759986877442,0.007172831044304874,33.15649464778801,-0.1769135739609098,0.00048508064322483335
2019-11-07,38.150001525878906,38.15999984741211,37.71500015258789,37.84999847412109,30.11976623535156,3725800,-0.010716149121767327,38.87699966430664,39.28349990844727,39.28619987487793,0.007411031947986455,22.894713330462224,-0.2572339574483351,-0.051058726975087156
2019-11-08,37.77000045776367,38.04999923706055,37.68000030517578,37.77999877929688,30.06406784057617,2612100,-0.00184939756000424,38.70599937438965,39.21099987030029,39.25779983520508,0.007403961800883571,16.66663134538075,-0.3228156129592392,-0.10541010417191757
2019-11-11,37.7599983215332,37.98699951171875,37.75,37.84999847412109,30.11976623535156,2538700,0.001852824168500522,38.58399925231934,39.13899974822998,39.230599822998045,0.007412090141022119,18.873191913699415,-0.36493442024864464,-0.15731496738726297
2019-11-12,37.84999847412109,38.10599899291992,37.54999923706055,37.59999847412109,29.920825958251957,6213800,-0.006605020081333235,38.42699928283692,39.05299968719483,39.1871997833252,0.007458902617217596,16.08575195055795,-0.4137177089198545,-0.20859551569378126
2019-11-13,37.65999984741211,38.06999969482422,37.63999938964844,37.97999954223633,30.22321510314941,2220800,0.01010641179618088,38.27899932861328,38.98849964141846,39.1447998046875,0.007951668514194156,24.747468909246706,-0.41691002698730273,-0.2502584179524856
2019-11-14,38.06999969482422,38.36000061035156,38.02000045776367,38.36000061035156,30.525611877441406,2525100,0.010005294173125234,38.18199920654297,38.92999973297119,39.116999816894534,0.008169717106908676,35.324670177507116,-0.38434654394847456,-0.27707604315168344
2019-11-15,38.38999938964844,38.560001373291016,38.27000045776367,38.54999923706055,30.67681121826172,2615000,0.004953040242072104,38.11399917602539,38.861999702453616,39.09199981689453,0.007898983584557534,42.81767111609432,-0.3392972403606649,-0.2895202825934797
2019-11-18,38.59999847412109,38.93000030517578,38.56999969482422,38.7599983215332,30.84392547607422,2835500,0.005447447175842557,38.110998916625974,38.79099960327149,39.0771997833252,0.007829827551100848,44.504022818642305,-0.2833835030007634,-0.2882929266749365
2019-11-19,38.83000183105469,38.93000030517578,38.68999862670898,38.84000015258789,30.907581329345703,3345100,0.002064030818346163,38.18299903869629,38.72999954223633,39.07559982299804,0.007869809323716743,41.193198135566924,-0.2299650897372203,-0.27662735928739324
2019-11-20,38.810001373291016,38.95000076293945,38.61299896240234,38.86000061035156,30.92349624633789,5711400,0.0005149448425616487,38.24299926757813,38.66649951934814,39.076199798583986,0.00784770860703987,43.10849390096561,-0.18389689365798745,-0.2580812661615121
2019-11-21,38.77000045776367,38.77000045776367,38.29100036621094,38.34000015258789,30.509700775146484,3556100,-0.013381380586626967,38.291999435424806,38.584499549865725,39.06179977416992,0.008272218742366293,38.38121456715652,-0.18718940454392197,-0.2439028938379941
2019-11-22,38.380001068115234,38.400001525878906,37.935001373291016,38.119998931884766,30.334625244140625,3614400,-0.005738164314750938,38.3259994506836,38.51599941253662,39.05239974975586,0.007972321735309448,40.7202055073171,-0.20518574943037748,-0.23615946495647078
2019-11-25,38.20000076293945,38.40999984741211,38.084999084472656,38.150001525878906,30.358503341674805,2712000,0.0007870565276706376,38.35599975585937,38.46999950408936,39.0355997467041,0.007705715762342491,50.505093318639716,-0.21455378137971337,-0.2318383282411193
2019-11-26,38.18000030517578,38.68000030517578,38.150001525878906,38.68000030517578,30.780250549316406,4916300,0.013892496935743237,38.46399993896485,38.44549961090088,39.01839973449707,0.008380929820548161,56.25002128734512,-0.17716924531201528,-0.2209045116552985
2019-11-27,38.65999984741211,38.810001373291016,38.5099983215332,38.79999923706055,30.875751495361328,2605700,0.0031023508515513054,38.545999908447264,38.412499618530276,39.00599975585938,0.008218464059395568,65.47230744188207,-0.13628777952101245,-0.20398116522844129
2019-11-29,38.77000045776367,38.95000076293945,38.61000061035156,38.650001525878906,30.75638198852539,2550800,-0.003865920467296502,38.575,38.378499603271486,38.987999801635745,0.008228541303994688,63.80956071662982,-0.11467063337422445,-0.18611905885759794
2019-12-02,38.54999923706055,38.619998931884766,37.93999862670898,37.93999862670898,30.191389083862305,6651500,-0.01837006134901531,38.51399993896484,38.31399955749511,38.96439979553222,0.009114377553016197,51.18733562349085,-0.15306574292662845,-0.17950839567140403
2019-12-03,37.91999816894531,38.31999969482422,37.90999984741211,38.25,30.43807983398437,3584000,0.008170832485818513,38.46300010681152,38.28699951171875,38.944199829101564,0.009072143324624705,58.441564875512306,-0.15667358823448296,-0.17494143418401983
2019-12-04,38.16999816894531,38.54499816894531,38.09000015258789,38.45000076293945,30.597230911254883,2283800,0.005228778116064037,38.42400016784668,38.303499603271476,38.9289998626709,0.008262863925697061,56.403276268878535,-0.14176031685105528,-0.16830521071742693
2019-12-05,38.38999938964844,38.5099983215332,38.23500061035156,38.5099983215332,30.64497375488281,3042200,0.0015604046138688599,38.388999938964844,38.31599960327148,38.915799865722654,0.008233135038766189,52.2387702790876,-0.1236744976531341,-0.15937906810456837
2019-12-06,38.52000045776367,38.70000076293945,38.48500061035156,38.52000045776367,30.652936935424805,3855600,0.00025972829567422195,38.40699996948242,38.349499702453606,38.895199890136716,0.007811109906436052,49.526833999600484,-0.10729740909332008,-0.14896273630231874
2019-12-09,38.56999969482422,38.68000030517578,38.415000915527344,38.56999969482422,30.692720413208008,2562300,0.001298007177216176,38.452000045776366,38.38899974822998,38.88079986572266,0.007784317997847397,46.84388287255009,-0.08925505117874621,-0.13702119927760426
2019-12-10,38.59999847412109,38.709999084472656,38.20000076293945,38.29999923706055,30.477867126464844,7303200,-0.007000271192636354,38.46699981689453,38.41149978637695,38.85999984741211,0.007986207301816933,41.562497764829054,-0.09564064715070231,-0.12874508885222388
2019-12-11,38.38999938964844,38.38999938964844,37.880001068115234,38.0099983215332,30.247089385986328,6222900,-0.007571825621519257,38.39999961853027,38.43199977874756,38.84019981384277,0.008035028220160983,37.75214617634874,-0.12268766122036112,-0.12753360332585134
2019-12-12,38.02999877929688,38.15999984741211,37.43999862670898,37.54999923706055,29.881044387817383,7621000,-0.012102054848343924,38.27499961853027,38.41049976348877,38.815999832153324,0.00818145938190905,38.41642130321557,-0.17917527543549028,-0.13786193774777913
2019-12-13,37.540000915527344,37.72999954223633,37.2599983215332,37.59000015258789,29.912872314453125,6152000,0.0010652707414136042,38.16899948120117,38.371999740600586,38.78339981079102,0.0078109763220169,41.79569305773064,-0.21819911353421162,-0.15392937290506564
2019-12-16,37.650001525878906,37.9900016784668,37.415000915527344,37.880001068115234,30.143653869628903,5093900,0.007714842094976193,38.1629997253418,38.33849983215332,38.752999801635745,0.007944733976909443,46.13180045973093,-0.22315276991098187,-0.1677740523062489
2019-12-17,37.95000076293945,38.0,37.39500045776367,37.470001220703125,29.81737899780273,4452000,-0.010823649309693928,38.08499984741211,38.273999977111814,38.71579978942871,0.0080979531714971,32.047505959752215,-0.25719732874718915,-0.18565870759443695
2019-12-18,37.470001220703125,38.06999969482422,37.470001220703125,38.0,30.23913955688477,3504100,0.014144616013624267,38.03999977111816,38.23199996948242,38.69299980163574,0.008809605935508221,39.418006771587635,-0.23866028756387436,-0.19625902358832445
2019-12-19,37.959999084472656,38.38999938964844,37.88999938964844,38.36000061035156,30.525611877441406,3334500,0.009473700272409458,38.025,38.206999969482425,38.67499984741211,0.00911610015034399,46.36590831736709,-0.19269919193563823,-0.19554705725778723
2019-12-20,38.09999847412109,38.345001220703125,38.04999923706055,38.2400016784668,30.761308670043945,3691800,-0.003128230708431823,37.99700012207031,38.202000045776366,38.652599868774416,0.008635585608757244,54.411807604707874,-0.1640663487084737,-0.18925091554792453
2019-12-23,38.310001373291016,38.36000061035156,37.93999862670898,38.0099983215332,30.5762882232666,3000600,-0.006014731873380419,37.94099998474121,38.19650001525879,38.62819984436035,0.008645313536981176,46.38552071137134,-0.15811135358550388,-0.1830230031554404
2019-12-24,38.040000915527344,38.150001525878906,37.91999816894531,38.060001373291016,30.616514205932617,1120200,0.0013155236507729207,37.917000198364256,38.192000007629396,38.603599853515625,0.008649002962339137,43.84860132034012,-0.14765507289496327,-0.17594941710334497
2019-12-26,38.13999938964844,38.310001373291016,38.060001373291016,38.290000915527344,30.80152702331543,1607200,0.006043077612648995,37.94500045776367,38.17250003814697,38.58299987792969,0.008144876118678215,46.706633331924714,-0.11943260946449641,-0.16464605557557527
2019-12-27,38.40999984741211,38.470001220703125,38.26499938964844,38.43000030517578,30.91414833068848,1828500,0.0036562911021416067,38.0330005645752,38.15400009155273,38.56619987487793,0.008158611517371272,48.70316971200726,-0.08479189495910333,-0.1486752234522809
2019-12-30,38.34999847412109,38.459999084472656,38.220001220703125,38.400001525878906,30.890016555786133,2638400,-0.0007806083543755449,38.114000701904295,38.141500091552736,38.543599929809574,0.00811964468409893,47.53626169009661,-0.05907850963572514,-0.13075588068896976
2019-12-31,38.380001068115234,38.709999084472656,38.34999847412109,38.66999816894531,31.107221603393555,3675000,0.00703116230046108,38.193000411987306,38.17800006866455,38.51879989624023,0.007060814704582549,55.36230217481924,-0.01672124180571899,-0.10794895291231962
2020-01-02,38.790000915527344,38.84999847412109,38.06999969482422,38.220001220703125,30.74522399902344,4380100,-0.011636849484093492,38.2680004119873,38.176500129699704,38.47959991455078,0.007380591367789501,52.908629994114165,-0.01924198519690634,-0.09020755936923697
2020-01-03,37.9900016784668,38.584999084472656,37.970001220703125,38.5,30.9704647064209,3499000,0.007325975153166686,38.318000411987306,38.17900009155274,38.44839988708496,0.0074733043727249855,63.84842179250917,0.0013384402404739149,-0.0718983594472948
2020-01-06,38.43000030517578,38.65999984741211,38.34999847412109,38.5099983215332,30.97850227355957,3097200,0.0002596966632000264,38.33300018310547,38.17900009155274,38.41599983215332,0.0074655043652157,63.52940912477224,0.018245039207002378,-0.053869679716435366
2020-01-07,38.400001525878906,38.400001525878906,37.8849983215332,38.09000015258789,30.640649795532227,3550600,-0.010906211042613023,38.31800003051758,38.15750007629394,38.37819984436035,0.007854522162170842,52.97449873887737,-0.002221098033743374,-0.04353996337989697
2020-01-08,38.130001068115234,38.34000015258789,37.9900016784668,38.27999877929688,30.79348373413086,5089000,0.004988149801729014,38.34500007629394,38.14300003051758,38.35399978637695,0.007942615712951321,62.235649895009146,-0.003073923678243773,-0.03544675543956633
2020-01-09,38.25,38.36000061035156,38.150001525878906,38.27000045776367,30.785446166992188,2885000,-0.00026118918108786193,38.36599998474121,38.141500091552736,38.33799980163574,0.007786940675460037,54.838736140906406,-0.00450464835190445,-0.02925833402203396
2020-01-10,38.34999847412109,38.6510009765625,38.26499938964844,38.63999938964844,31.08307456970215,6513200,0.009668119348289927,38.40099983215332,38.17300014495849,38.327399826049806,0.007859719441930861,54.99999999999997,0.023941332847307706,-0.018618400648165626
2020-01-13,38.65999984741211,39.11000061035156,38.650001525878906,39.11000061035156,31.461166381835938,2988100,0.012163592860434669,38.4689998626709,38.251000213623044,38.320399856567384,0.007624231958647007,63.80955033660262,0.08344820942304665,0.00179492136607683
2020-01-14,39.06999969482422,39.06999969482422,38.70500183105469,38.91999816894531,31.308324813842773,3720200,-0.004858154907723566,38.52099952697754,38.31750011444092,38.3121997833252,0.007778596655529217,64.63027359202216,0.11396253951210866,0.024228444995283198
2020-01-15,39.02000045776367,39.310001373291016,39.0099983215332,39.18999862670898,31.5255126953125,4468700,0.006937319385053264,38.57299957275391,38.38299999237061,38.31139976501465,0.007749202449126758,66.96699414390044,0.1581095578421028,0.05100466756464712
2020-01-16,39.27999877929688,39.540000915527344,39.18000030517578,39.540000915527344,31.807064056396484,4244500,0.008930908422635886,38.70499954223633,38.48649997711182,38.32639976501465,0.007311505782652921,68.11599811586535,0.21881626979735103,0.0845669880111879
2020-01-17,39.52000045776367,39.72999954223633,39.470001220703125,39.59000015258789,31.847288131713867,3014700,0.0012645229110481715,38.813999557495116,38.56599998474121,38.35579978942871,0.0068014871430414296,67.26195814945706,0.2678734189318206,0.12122827419531444
2020-01-21,39.59999847412109,40.02000045776367,39.52999877929688,39.9900016784668,32.1690559387207,2329500,0.010103600008517732,38.96199989318848,38.64750003814697,38.390399856567385,0.0068389130144548135,71.31372117877461,0.3351647723815674,0.16401557383256504
2020-01-22,40.09999847412109,40.209999084472656,39.59999847412109,39.66999816894531,31.91163825988769,5815200,-0.008002087924237178,39.119999694824216,38.7189998626709,38.426799850463865,0.007116414120234664,63.22751749917242,0.35853903119225805,0.20292026530450363
2020-01-23,39.68999862670898,40.08000183105469,39.59000015258789,40.04999923706055,32.21732711791992,2637800,0.009579054339677429,39.29699974060058,38.82099990844726,38.47219985961914,0.00706210759312229,74.66302676969417,0.40307975756090997,0.24295216375578493
2020-01-24,40.130001068115234,40.20500183105469,39.84000015258789,39.9900016784668,32.1690559387207,2397900,-0.0014980664104040642,39.4689998626709,38.91749992370605,38.51499992370606,0.00711770812737742,71.34671865145589,0.42859670650823745,0.28008107230627544
2020-01-27,39.75,39.970001220703125,39.709999084472656,39.81999969482422,32.03230667114258,6741600,-0.004251112190728379,39.58699989318848,38.9939998626709,38.55939994812012,0.007219519437498423,67.94519803475438,0.43014291332445254,0.3100934405099109
2020-01-28,39.869998931884766,40.0890007019043,39.77000045776367,39.91999816894531,32.11275100708008,2904300,0.002511262553678284,39.66799964904785,39.06849975585938,38.598199920654295,0.007210108244403951,77.47740110729121,0.4344295016337085,0.33496065273467046
2020-01-29,40.04999923706055,40.13999938964844,39.66999816894531,39.709999084472656,31.943822860717773,5409600,-0.0052604983493215185,39.746999740600586,39.13399963378906,38.62519989013672,0.007366589245949099,71.34324925072634,0.41608511249774693,0.35118554468728574
2020-01-30,39.58000183105469,39.83300018310547,39.5099983215332,39.79999923706055,32.01622009277344,3847400,0.002266435524121757,39.807999801635745,39.19049968719482,38.65019989013672,0.007261553518524026,72.3031376090467,0.4041505165150667,0.36177853905284196
2020-01-31,39.70000076293945,39.75,39.1349983215332,39.22999954223633,31.557693481445312,7586200,-0.014321600647003385,39.77699966430664,39.24099960327148,38.65959991455078,0.007536149739751144,58.12670439319661,0.3447242845595824,0.35836768815419007
2020-02-03,39.38999938964844,39.63800048828125,39.23500061035156,39.27000045776367,31.58987045288086,6254800,0.0010196511851670031,39.744999694824216,39.27949962615967,38.668199920654295,0.0074029107495354645,52.499991059326724,0.2974277452683225,0.34617969957701655
2020-02-04,39.40999984741211,39.92499923706055,39.334999084472656,39.77999877929688,32.00012969970703,5309500,0.012986970093920247,39.723999404907225,39.342999649047854,38.6865998840332,0.007866901264956278,62.21590293341202,0.2976661889058221,0.3364769974427777
2020-02-05,39.81999969482422,39.91999816894531,39.650001525878906,39.75,31.975997924804688,3049300,-0.0007541171497595922,39.7319995880127,39.42599964141846,38.714799880981445,0.0073225717342836685,58.53659954898224,0.2920677314254121,0.32759514423930464
2020-02-06,39.880001068115234,40.0099983215332,39.79999923706055,39.91999816894531,32.11275100708008,2676700,0.004276683495479494,39.71899948120117,39.50799961090088,38.750799865722655,0.007309829703475548,56.128990975160136,0.2979141758631698,0.3216589505640777
2020-02-07,39.93999862670898,39.98500061035156,39.82500076293945,39.93999862670898,32.12882995605469,3216600,0.000501013494014213,39.71399917602539,39.59149951934815,38.78659980773926,0.007298712513426796,55.70030144809389,0.3006951682686321,0.31746619410498855
2020-02-10,40.06999969482422,40.41999816894531,40.02999877929688,40.400001525878906,32.49888229370117,3489300,0.011517348898012036,39.77199935913086,39.67949962615967,38.82099983215332,0.007409660410565433,56.549516094238804,0.3361426708759936,0.3212014894591896
2020-02-11,40.540000915527344,41.16999816894531,40.540000915527344,40.88999938964844,32.89303970336914,10001700,0.012128659536204678,39.86899948120117,39.768499565124515,38.86279983520508,0.007407205610609351,68.48489262190279,0.39917239372233837,0.3367956703118194
2020-02-12,40.93999862670898,41.25,40.790000915527344,41.150001525878906,33.102195739746094,2539700,0.006358575204486128,40.0129997253418,39.87999973297119,38.91279983520508,0.007263621392758116,67.29565255986854,0.46474659321609124,0.3623858548926738
2020-02-13,41.09000015258789,41.494998931884766,41.040000915527344,41.400001525878906,33.30331039428711,2825500,0.006075333918099002,40.172999954223634,39.990499877929686,38.98199989318848,0.0072403923855735505,70.91988567224146,0.5307691530107306,0.39606251451628516
2020-02-14,41.5,41.88999938964844,41.43999862670898,41.880001068115234,33.68942642211914,2235200,0.011594191414130428,40.43800010681152,40.10749988555908,39.05459991455078,0.007382727346027864,77.98917578618591,0.6147381402303935,0.4397976396591069
2020-02-18,41.93000030517578,41.93000030517578,41.59000015258789,41.84000015258789,33.65724563598633,3260100,-0.0009551316740007421,40.695000076293944,40.21999988555908,39.12239990234375,0.007425244204917956,76.5193722397442,0.6703292892039556,0.4859039695680767
2020-02-19,41.84999847412109,41.84999847412109,41.25,41.25,33.182640075683594,2606100,-0.0141013420276338,40.84200019836426,40.28299980163574,39.17719993591309,0.008111946569323533,69.25001144409173,0.6591789887437045,0.5205589734032022
2020-02-20,41.36000061035156,41.7400016784668,41.15999984741211,41.709999084472656,33.55268096923828,3901800,0.011151492956912978,41.03800010681152,40.38499984741211,39.240999908447264,0.008051111505620098,71.8535505063422,0.6796260707485118,0.5523723928722641
2020-02-21,41.709999084472656,42.0,41.65999984741211,41.93000030517578,33.729637145996094,2986900,0.005274543887128225,41.23900032043457,40.47899990081787,39.308199920654296,0.007909358925992292,83.5820952174898,0.7054507928226315,0.5829880728623377
2020-02-24,41.43999862670898,41.81499862670898,41.180999755859375,41.369998931884766,33.2791748046875,4703100,-0.01335562530921064,41.38200035095215,40.54799976348877,39.36959991455078,0.008623289655987005,73.12773183523865,0.6729720376857244,0.600984865827015
2020-02-25,41.47999954223633,41.619998931884766,40.18000030517578,40.33000183105469,32.44256591796875,9190200,-0.025138920176005386,41.375000381469725,40.573499870300296,39.41599998474121,0.010456281282381179,55.42409353909117,0.556893790857707,0.5921666508331535
2020-02-26,40.380001068115234,40.69499969482422,39.89099884033203,39.97999954223633,32.1610107421875,8641900,-0.008678459532051264,41.284000396728516,40.576499938964844,39.464599990844725,0.010651179903464869,52.13357519018626,0.4316825169886158,0.560069824064246
2020-02-27,39.31999969482422,39.47999954223633,37.709999084472656,37.720001220703125,30.34300804138184,15861500,-0.0565282227966426,40.941000366210936,40.477000045776364,39.46720001220703,0.016551525515612793,35.294144646319594,0.14837829082085818,0.4777315174155684
2020-02-28,36.91999816894531,37.15999984741211,35.69300079345703,36.790000915527344,29.594890594482425,44499000,-0.024655362541858517,40.48000030517578,40.32650012969971,39.44540000915527,0.01722995533493422,31.227672776393874,-0.14946268896358816,0.35229267613973714
2020-03-02,36.970001220703125,38.630001068115234,36.880001068115234,38.619998931884766,31.066993713378903,19686200,0.049741722501155605,40.15400009155273,40.29600009918213,39.46839996337891,0.020760320811531768,40.88113268387059,-0.23512785770108025,0.23480856937157366
2020-03-03,38.70000076293945,39.55500030517578,38.220001220703125,38.59000015258789,31.042863845825195,37983700,-0.0007767679991339538,39.829000091552736,40.26200008392334,39.48019996643066,0.020756934873146515,37.63441168954596,-0.3019579881635224,0.12745525786455447
2020-03-04,39.09999847412109,40.13999938964844,39.040000915527344,40.09000015258789,32.249507904052734,13712900,0.038870173466413194,39.71300010681152,40.27750015258789,39.51479995727539,0.0223952650574587,44.971529104085164,-0.23121854065503555,0.05572049816063647
2020-03-05,39.43000030517578,39.75,38.72999954223633,39.16999816894531,31.509428024291992,13348200,-0.02294841556849403,39.45900001525879,40.24850006103516,39.53339988708496,0.02300879269339921,40.053507854329595,-0.24655139910100132,-0.00473388129169109
2020-03-06,38.31999969482422,38.65999984741211,37.2400016784668,38.5,30.9704647064209,16942300,-0.017104881293471652,39.11599998474121,40.17750015258789,39.543199920654295,0.023271266038812907,35.175430935394076,-0.30920176721127746,-0.06562745847560837
2020-03-09,36.45000076293945,36.959999084472656,35.75,35.779998779296875,28.782419204711918,12791800,-0.07064938235592533,38.55699996948242,39.96950016021729,39.497599868774415,0.02791591670763021,28.480105727817516,-0.5717433009467996,-0.16685062696984662
2020-03-10,36.70000076293945,37.58000183105469,35.400001525878906,37.52000045776367,30.182132720947266,18902400,0.048630568413367437,38.27599983215332,39.825500106811525,39.48219985961914,0.03021789956805139,37.75443317679632,-0.6321190889137824,-0.2599043193586338
2020-03-11,36.61000061035156,36.66999816894531,35.150001525878906,35.5099983215332,28.565223693847656,16089100,-0.05357148485360841,37.82899971008301,39.55650005340576,39.42379981994629,0.031977614718469334,31.525626327499666,-0.83256047110671,-0.3744355497082491
2020-03-12,33.2599983215332,34.58000183105469,28.0,32.459999084472656,26.111719131469727,9058600,-0.08589128080051278,37.30299949645996,39.12199993133545,39.30499977111816,0.03637078102196318,25.854153681912223,-1.2234183538882561,-0.5442321105442505
2020-03-13,34.16999816894531,35.36000061035156,32.529998779296875,35.310001373291016,28.404342651367188,9694900,0.0878004426741239,37.154999542236325,38.81749992370605,39.23779983520508,0.0424849879470803,36.16439009962456,-1.2883533403909837,-0.6930563565135972
2020-03-16,31.799999237060547,32.65999984741211,29.43000030517578,29.65999984741211,23.85932159423828,5840100,-0.16001136522618908,36.25899963378906,38.206499862670896,39.06659980773926,0.054224992552394415,29.87551944840439,-1.7752586129018084,-0.9094968077912395
2020-03-17,30.11000061035156,32.290000915527344,29.440000534057617,31.459999084472656,25.30728912353516,7267800,0.060687769599486296,35.54599952697754,37.687499809265134,38.92579978942871,0.05679489388633441,34.763949259074266,-1.9929165526487367,-1.126180756762739
2020-03-18,29.600000381469727,30.8700008392334,28.3700008392334,29.25,23.52950859069824,12255800,-0.07024790682728976,34.46199951171875,37.08749980926514,38.74059982299805,0.05824410013732885,34.826226962839854,-2.317031201039171,-1.3643508456180256
2020-03-19,28.81999969482422,29.540000915527344,28.0,28.790000915527344,23.15947151184082,13526100,-0.015726464426415565,33.42399978637695,36.441499900817874,38.554599838256834,0.057909067285526916,35.42274182175689,-2.5812573488125423,-1.607732146256929
2020-03-20,28.950000762939453,29.600000381469727,26.96999931335449,27.15999984741211,21.84825134277344,16549800,-0.05661691616119835,32.28999977111816,35.702999877929685,38.33219985961914,0.058324394387203105,28.964763631658286,-2.8888846740252134,-1.8639626518105858
2020-03-23,26.8799991607666,26.920000076293945,24.8799991607666,25.459999084472656,20.63418960571289,28171300,-0.06259207557033308,31.25799980163574,34.90749988555908,38.07599983215332,0.05907200964236573,27.291598629559473,-3.232594067471627,-2.137688934942794
2020-03-24,26.6299991607666,27.770000457763672,26.21999931335449,27.68000030517578,22.43340110778809,15346800,0.08719565202408197,30.273999786376955,34.27499980926514,37.856799850463865,0.06392601431468832,29.058393174796635,-3.2879492604864105,-2.3677410000515176
2020-03-25,27.8799991607666,30.43000030517578,27.479999542236328,28.90999984741211,23.430259704589844,18863500,0.04443639915734887,29.613999938964845,33.721499824523924,37.65279983520508,0.06536194773762274,32.8657378462611,-3.195729584858217,-2.5333387170128576
2020-03-26,29.15999984741211,31.26000022888184,28.959999084472656,31.1299991607666,25.229473114013672,17228600,0.07679001470327629,29.48099994659424,33.3919997215271,37.4969998550415,0.06755754927635257,38.29787375802045,-2.90996516915704,-2.6086640074416945
2020-03-27,30.170000076293945,31.950000762939453,30.149999618530277,31.209999084472656,25.29430389404297,11840800,0.002569865912713576,29.070999717712404,33.11299962997437,37.337399864196776,0.06746434264071426,42.07972490815639,-2.6465319131507172,-2.616237588583499
2020-03-30,31.3799991607666,32.18000030517578,30.690000534057617,32.02000045776367,25.950780868530277,10377700,0.0259532648847145,29.30699977874756,32.78299970626831,37.186999855041506,0.06663501656387028,40.150431844954994,-2.3453629344997466,-2.5620626577667487
2020-03-31,31.790000915527344,31.84000015258789,30.270000457763672,31.0,25.12411117553711,9015800,-0.031855104409168056,29.260999870300292,32.40349969863892,37.01519985198975,0.06684037698976983,41.626443313083186,-2.1640441081475146,-2.482458947842902
2020-04-01,29.600000381469727,29.6200008392334,28.479999542236328,29.1200008392334,23.600460052490234,11255400,-0.06064513421827744,29.247999954223634,31.85499973297119,36.797799835205076,0.06681573129771871,43.517085168952484,-2.1472951703184826,-2.4154261923380185
2020-04-02,28.780000686645508,29.96999931335449,28.76000022888184,29.549999237060547,23.948955535888672,11021700,0.014766428071245397,29.32399978637695,31.373999786376952,36.59539985656738,0.0670723933909051,37.66066388480333,-2.075400316405613,-2.3474210171515373
2020-04-03,29.34000015258789,29.799999237060547,28.770000457763672,29.299999237060547,23.7463436126709,7984100,-0.008460237105064272,29.5379997253418,30.91399974822998,36.38039985656738,0.06706428943764979,48.996653740498076,-2.015364173694323,-2.2810096484600946
2020-04-06,30.40999984741211,31.549999237060547,30.40999984741211,31.420000076293945,25.46449851989746,9514500,0.07235497933228219,30.133999824523926,30.695999813079833,36.20899982452393,0.06802809110469257,49.89047369201167,-1.7762433205919983,-2.1800563828864754
2020-04-07,32.68000030517578,32.9900016784668,31.40999984741211,31.43000030517578,25.47261047363281,19488600,0.0003182759025319726,30.508999824523926,30.39149980545044,36.041199836730954,0.06690100875214058,56.78704893762115,-1.5678580946825953,-2.0576167252456994
2020-04-08,31.84000015258789,33.970001220703125,31.5,33.790000915527344,27.385278701782227,27207800,0.07508751471322528,30.99699993133545,30.305499935150145,35.918599891662595,0.06832107278697815,63.919819579291634,-1.198463830882993,-1.8857861463731582
2020-04-09,34.400001525878906,35.95000076293945,34.349998474121094,35.529998779296875,28.79547691345215,49899800,0.051494460391386276,31.436999893188478,30.458999919891358,35.834999885559085,0.06612363623999722,73.15993102723235,-0.756591414774821,-1.659947200053491
2020-04-13,35.33000183105469,35.38999938964844,33.69499969482422,33.900001525878906,27.474437713623047,9877300,-0.04587664816830106,31.706000137329102,30.38849992752075,35.71699993133545,0.06421942434471802,73.44445619465641,-0.5318012239111596,-1.4343180048250246
2020-04-14,34.59000015258789,35.189998626708984,34.59000015258789,35.029998779296875,28.39024353027344,6720300,0.03333325081284566,32.00699996948242,30.65699987411499,35.63299991607666,0.052316954014564064,71.73270803250188,-0.2594809091565935,-1.1993505856913382
2020-04-15,34.11000061035156,34.380001068115234,33.38999938964844,33.68000030517578,27.29613304138184,5378900,-0.03853835344461842,32.275,30.767999935150147,35.5211999130249,0.05192548232909995,64.0047062143982,-0.15085967576986548,-0.9896524037070438
2020-04-16,33.72999954223633,34.02000045776367,33.26499938964844,33.459999084472656,27.117828369140625,4372800,-0.006532102693280417,32.70899982452393,30.97849988937378,35.39479991912842,0.04895566917473537,57.75116766465167,-0.08158832618369871,-0.8080395882023748
2020-04-17,34.349998474121094,34.70000076293945,33.959999084472656,34.540000915527344,27.99313163757324,6540400,0.03227740169173732,33.2079999923706,31.26599988937378,35.29059993743896,0.048914495188682815,60.386783771325604,0.05976787242160242,-0.6344780960775794
2020-04-20,33.93000030517578,34.060001373291016,33.2599983215332,33.2599983215332,26.955739974975582,5773900,-0.03705855703723271,33.60399990081787,31.570999813079833,35.15739994049072,0.04768692641005446,53.75757015287692,0.06772744648124274,-0.49403698756581504
2020-04-21,32.47999954223633,33.0099983215332,32.369998931884766,32.77000045776367,26.55862045288086,7839500,-0.014732347820122893,33.738999938964845,31.936499881744385,35.013999977111816,0.04490611628128949,55.54164423311656,0.034103608575058786,-0.3884088683376403
2020-04-22,33.27000045776367,33.63999938964844,33.02000045776367,33.34000015258789,27.02057838439941,5386000,0.017393948332679265,33.929999923706056,32.21949987411499,34.872799949645994,0.04146985093402124,64.39290929200517,0.05284156184166022,-0.3001587823017802
2020-04-23,33.400001525878906,33.619998931884766,32.88999938964844,32.959999084472656,26.71260452270508,6367800,-0.011397752440794107,33.84699974060059,32.421999835968016,34.71419994354248,0.04091617216062457,61.67009101749565,0.036606635897847184,-0.23280569866185477
2020-04-24,33.130001068115234,33.23099899291992,32.71500015258789,33.08000183105469,26.809860229492188,5142700,0.003640860130926571,33.602000045776364,32.519499969482425,34.552799949645994,0.03751112861270799,63.05249555764263,0.03304266360770214,-0.1796360262079434
2020-04-27,33.349998474121094,34.15999984741211,33.349998474121094,34.040000915527344,27.5878963470459,4024200,0.02902052694481516,33.61599998474121,32.66100006103515,34.405599937438964,0.03793292693014352,59.83483961873068,0.10645494660204236,-0.12241783164594623
2020-04-28,34.63999938964844,35.02000045776367,34.040000915527344,34.06999969482422,27.612213134765625,5955000,0.0008812802141608955,33.52000007629395,32.76350002288818,34.24939990997314,0.03761794916787486,59.89505290248785,0.16515159576827898,-0.06490394616310119
2020-04-29,34.7599983215332,34.869998931884766,34.13999938964844,34.15999984741211,27.685155868530277,6095100,0.0026416246960390133,33.56800003051758,32.921500015258786,34.095799903869626,0.03667744544933259,51.67117917608711,0.21643642884549052,-0.008635871161382848
2020-04-30,33.709999084472656,34.04999923706055,33.369998931884766,33.91999816894531,27.49064445495605,6837500,-0.007025810290949952,33.613999938964845,33.16149988174438,33.94919986724854,0.033401540000607154,41.58829330359171,0.23500490857136214,0.04009228478516615
2020-05-01,33.09000015258789,33.310001373291016,32.68000030517578,32.880001068115234,26.64777374267578,5724300,-0.03066029354276978,33.44799995422363,33.32799997329712,33.772599906921386,0.034457870149387976,44.32070985657502,0.16391201246619858,0.06485623032137264
2020-05-04,32.59000015258789,32.88999938964844,32.09000015258789,32.86000061035156,26.631563186645508,6816600,-0.0006082864085751316,33.40800018310547,33.50600004196167,33.5911999130249,0.03433004131522292,36.21348531366301,0.10474902871643366,0.07283479000038484
2020-05-05,33.13999938964844,33.50899887084961,33.025001525878906,33.06999969482422,26.8017520904541,4899400,0.0063907206503976965,33.43800010681152,33.588500022888184,33.42519992828369,0.03061798484432516,45.46805121781174,0.07395460626396044,0.07305875325309996
2020-05-06,33.16999816894531,33.31999969482422,32.459999084472656,32.459999084472656,26.307374954223636,4609500,-0.018445739824032525,33.35,33.63999996185303,33.267799873352054,0.03098979110477972,42.97753079884659,0.0003241171205701221,0.058511826026594
2020-05-07,32.779998779296875,33.15999984741211,32.560001373291016,32.75,26.54240608215332,4927700,0.00893410116163773,33.329000091552736,33.58799991607666,33.12319988250732,0.025897535415454784,35.86097632116247,-0.03423330552372761,0.03996279971652968
2020-05-08,33.130001068115234,33.45000076293945,33.040000915527344,33.349998474121094,27.028682708740234,4428800,0.018320564095300584,33.35599975585937,33.47899990081787,33.03579982757569,0.023271178033182835,50.796461849973625,-0.013054960024284412,0.029359247768366865
2020-05-11,32.9900016784668,33.45000076293945,32.779998779296875,32.95000076293945,26.704500198364254,4566400,-0.011993934917029492,33.246999740600586,33.4314998626709,32.95899982452393,0.02111105131086733,51.61870849113563,-0.028222114043209956,0.017842975406051502
2020-05-12,33.08000183105469,33.11000061035156,31.530000686645508,31.549999237060547,25.569860458374023,16049400,-0.04248866444499633,32.994999694824216,33.257499885559085,32.817599830627444,0.021387906951995658,35.993731717509405,-0.15146462579147624,-0.016018544833454048
2020-05-13,31.3700008392334,31.739999771118164,30.895000457763672,31.049999237060547,25.16463661193848,5131500,-0.01584786092205892,32.683999633789064,33.12599983215332,32.666799812316896,0.02007679623266201,35.33025852637796,-0.28618209652540116,-0.07005125517184348
2020-05-14,30.649999618530277,31.09000015258789,30.030000686645508,31.09000015258789,25.19705581665039,8269300,0.0012882742837430072,32.40099983215332,33.007499885559085,32.486799812316896,0.020098251440601945,34.525639466416706,-0.3852776817987902,-0.13309654049723282
2020-05-15,30.8700008392334,30.989999771118164,30.38999938964844,30.979999542236328,25.107908248901367,7482800,-0.0035381347639654726,32.21099967956543,32.82949981689453,32.32299983978272,0.01825635329514735,22.580623108459818,-0.4673010217213829,-0.19993743674206285
2020-05-18,31.90999984741211,32.75,31.90999984741211,32.4900016784668,26.331693649291992,6286400,0.04874119298071067,32.17399978637695,32.79099998474121,32.20279987335205,0.020352458106072918,38.81021452534855,-0.4057829435942466,-0.2411065381124996
2020-05-19,32.31999969482422,32.439998626708984,31.86000061035156,31.86000061035156,25.821102142333984,5799300,-0.01939061359091221,32.052999877929686,32.745499992370604,32.12439990997314,0.02054394564109777,34.8684306289982,-0.40321720754835155,-0.27352867199967
2020-05-20,32.20000076293945,32.25,31.90999984741211,32.15999984741211,26.064245223999023,4041700,0.00941617172986109,32.022999954223636,32.686499977111815,32.01719989776611,0.020238955937152133,38.511760074461314,-0.3726803845269444,-0.2933590145051249
2020-05-21,32.04999923706055,32.27000045776367,31.76000022888184,32.0,25.934568405151367,4289000,-0.004975119657066318,31.947999954223633,32.63850002288818,31.946999931335448,0.02012605354083542,43.51031908973932,-0.3572719738675332,-0.30614160637760657
2020-05-22,32.029998779296875,32.720001220703125,31.8799991607666,32.70000076293945,26.501888275146484,4743200,0.02187502384185791,31.88300018310547,32.61949996948242,31.951799964904787,0.02076383419111734,48.92761538048522,-0.2852878650666355,-0.30197085811541236
2020-05-26,33.72999954223633,33.970001220703125,33.345001220703125,33.7400016784668,27.344762802124023,5756600,0.031804308601302234,31.9620002746582,32.6045000076294,31.9203999710083,0.020979454952858214,54.041022927283805,-0.14267587926812553,-0.27011186234595497
2020-05-27,34.43000030517578,34.459999084472656,33.599998474121094,34.459999084472656,27.92828750610352,5779800,0.02133957825098065,32.253000259399414,32.623999977111815,32.01639995574951,0.021528272536805018,61.90475974223549,0.02811878449207228,-0.21046573297834953
2020-05-28,34.86000061035156,34.90999984741211,34.439998626708984,34.849998474121094,28.244365692138672,5281400,0.011317452118684734,32.633000183105466,32.65849990844727,32.08419994354248,0.021654608055797234,62.3529322007123,0.1927228879286531,-0.129828008796949
2020-05-29,34.619998931884766,34.81999969482422,34.310001373291016,34.650001525878906,28.082275390625,7830900,-0.005738793601115955,32.98900032043457,32.695000076293944,32.19219997406006,0.021630705197264587,58.02471170773196,0.30353577209550764,-0.04315525261845768
2020-06-01,34.619998931884766,35.60499954223633,34.52000045776367,35.34000015258789,28.64148712158203,5275600,0.019913379403277975,33.42500038146973,32.81800003051758,32.32319995880127,0.020632484144360343,64.24314400187687,0.44193851171190346,0.05386350024761455
2020-06-02,35.560001373291016,35.709999084472656,35.15999984741211,35.56999969482422,28.827896118164062,4613100,0.006508193017636055,33.73300018310547,32.953499984741214,32.491399955749515,0.020613529738678554,77.83934835225622,0.5636849120830689,0.15582778261470542
2020-06-03,35.88999938964844,36.625,35.83000183105469,36.41999816894531,29.516780853271484,3685700,0.02389649933690552,34.18899993896484,33.12099990844727,32.710599937438964,0.021079127153298124,85.46896865546711,0.720452654901095,0.2687527570719834
2020-06-04,36.2400016784668,36.2599983215332,35.459999084472656,35.7400016784668,28.96567153930664,3692400,-0.01867096443344518,34.547000122070315,33.285000038146975,32.87179996490479,0.021092394254821498,78.3191617879379,0.7808213640804595,0.3711664784736786
2020-06-05,36.869998931884766,37.29999923706055,36.709999084472656,37.04999923706055,30.02737236022949,5313700,0.03665353936966986,35.05200004577637,33.5,33.034599952697754,0.02224146668273201,82.2529605492522,0.9237217663842401,0.48167753605579094
2020-06-08,37.43999862670898,37.86000061035156,37.380001068115234,37.86000061035156,30.68383407592773,4384200,0.021862385694215725,35.56800003051758,33.72550010681152,33.16919998168945,0.02235500642305789,80.82667366247806,1.0897695214273995,0.6032959331301126
2020-06-09,37.310001373291016,37.59999847412109,36.970001220703125,37.41999816894531,30.327232360839844,3636100,-0.011621828692890857,35.93599967956543,33.94899997711182,33.2933999633789,0.02233886709485148,82.6291357281783,1.1723449806632544,0.7171057426367411
2020-06-10,37.2599983215332,37.43000030517578,36.5,36.720001220703125,29.75991439819336,3956600,-0.018706493385750922,36.16199989318848,34.20750007629395,33.387399978637696,0.02010904297140136,75.56058385482575,1.1678405841288608,0.807252710935165
2020-06-11,35.33000183105469,35.720001220703125,34.40999984741211,34.45000076293945,27.92018318176269,17916000,-0.06181918252453167,36.12200012207031,34.37750015258789,33.45639999389648,0.024990124169541373,61.10609055333924,0.9699201163201536,0.8397861920121629
2020-06-12,35.52000045776367,35.689998626708984,34.65999984741211,35.540000915527344,28.803577423095703,7645100,0.03164006178369916,36.21100006103516,34.60000019073486,33.584799995422365,0.025633707669166988,62.43434086664544,0.8907525811628503,0.8499794698423004
2020-06-15,34.58000183105469,36.119998931884766,34.529998779296875,35.9900016784668,29.16828346252441,5146600,0.012661810673810336,36.27600021362305,34.85050029754639,33.71360004425049,0.025538117572283133,60.38782451384564,0.8544732047223746,0.8508782168183153
2020-06-16,37.09999847412109,37.20000076293945,35.9900016784668,36.59000015258789,29.654563903808597,6559300,0.01667125440786177,36.378000259399414,35.055500221252444,33.859400062561036,0.023780878455800226,59.9439940531971,0.864174731603768,0.8535375197754059
2020-06-17,36.81999969482422,36.81999969482422,36.150001525878906,36.15999984741211,29.306062698364254,3553800,-0.01175185305773685,36.3520004272461,35.27050018310547,33.9542000579834,0.023406093541354037,56.093036129657264,0.827625479242073,0.8483551116687393
2020-06-18,35.900001525878906,35.95000076293945,35.540000915527344,35.709999084472656,28.94135856628418,2261000,-0.012444711416990217,36.34900016784668,35.4480001449585,34.039800033569335,0.023775857370500794,54.818174062676206,0.7536608989607672,0.829416269127145
2020-06-19,36.220001220703125,36.25,35.08000183105469,35.349998474121094,28.649587631225582,5057400,-0.010081227095525058,36.17900009155274,35.61550006866455,34.07099998474121,0.0239214625478102,50.04685251557431,0.6584047158751716,0.7952139584767504
2020-06-22,34.970001220703125,35.10499954223633,34.5099983215332,34.97999954223633,28.56792449951172,2525400,-0.010466731198181867,35.890999984741214,35.7295000076294,34.06,0.02383254445426149,47.27104304329031,0.5467550312460787,0.7455221730306161
2020-06-23,35.310001373291016,35.400001525878906,34.79999923706055,34.849998474121094,28.46175193786621,2444900,-0.003716439960448459,35.63400001525879,35.78499984741211,34.07899993896484,0.022930338589991113,42.220018510173034,0.4426789249634169,0.6849535234171762
2020-06-24,34.45000076293945,34.58000183105469,33.2599983215332,33.959999084472656,27.73489761352539,6262800,-0.025538003690569244,35.35799980163574,35.75999984741211,34.05759994506836,0.023229611588355587,41.35921006872752,0.285095939670704,0.6049820066678818
2020-06-25,33.779998779296875,34.34000015258789,33.67399978637695,34.31999969482422,28.028907775878903,3520100,0.010600724972226638,35.34499969482422,35.733499908447264,34.07039993286133,0.023211012820332593,35.40107554037111,0.18710252763556667,0.5214061108614187
2020-06-26,34.220001220703125,34.38999938964844,33.650001525878906,33.72999954223633,27.547054290771484,4398900,-0.01719114679004119,35.16399955749512,35.687499809265134,34.0757999420166,0.023486494304273058,27.382253094479566,0.06112930059094168,0.4293507488073233
2020-06-29,34.0099983215332,34.310001373291016,33.630001068115234,34.310001373291016,28.02074241638184,4052700,0.017195429556066788,34.99599952697754,35.635999870300296,34.07119995117188,0.023366184140112593,33.225476579940945,0.008003649963853832,0.3450813290386295
2020-06-30,34.380001068115234,34.97999954223633,34.290000915527344,34.810001373291016,28.429088592529297,3640600,0.014573010200729097,34.81799964904785,35.59799995422363,34.10220001220703,0.02357515331632028,39.47078771575428,0.006175819415979333,0.27730022711409946
2020-07-01,34.95000076293945,35.869998931884766,34.875,35.7599983215332,29.20494842529297,5182500,0.027290919585286177,34.77799949645996,35.564999961853026,34.16199996948242,0.02377378252564267,58.45159715221774,0.08045661107538393,0.23793150390635637
2020-07-02,36.290000915527344,36.31999969482422,35.5099983215332,35.63999938964844,29.106937408447266,2586000,-0.003355674986497581,34.77099952697754,35.55999984741211,34.20799995422363,0.02340634678538683,50.737452006823695,0.128164363694367,0.2159780758639585
2020-07-06,36.25,36.36000061035156,35.612998962402344,35.68000030517578,29.139612197875977,3206300,0.001122360163085867,34.803999710083005,35.49149990081787,34.262399978637696,0.02177959539701014,47.56670780791409,0.16727262623057015,0.20623698593728085
2020-07-07,35.380001068115234,35.529998779296875,35.09000015258789,35.099998474121094,28.665929794311523,2668600,-0.016255656560926424,34.815999603271486,35.353499794006346,34.30279991149902,0.021275413580727594,38.26770754799157,0.14973880977188259,0.1949373507042012
2020-07-08,35.209999084472656,35.31999969482422,34.77000045776367,35.08000183105469,28.64958953857422,11063900,-0.0005697049554332922,34.83899993896485,35.23649997711182,34.32359992980957,0.021198380312403464,40.90910550466081,0.13269989019614314,0.18248985860258962
2020-07-09,35.0099983215332,35.099998474121094,34.400001525878906,34.959999084472656,28.55158805847168,6024700,-0.0034208306818216405,34.93899993896484,35.14849987030029,34.34139991760254,0.020875661648279576,43.31550874864344,0.10826519119782319,0.16764492512163634
2020-07-10,34.959999084472656,35.18000030517578,34.81999969482422,35.0,28.58425712585449,5978400,0.0011441909775424808,35.00699996948242,35.17599983215332,34.3581999206543,0.01546469016701635,46.69188645039957,0.09107836112783474,0.152331612322876
2020-07-13,35.119998931884766,35.189998626708984,34.36000061035156,34.45000076293945,28.13508033752441,10021700,-0.015714263916015603,35.079000091552736,35.12149982452392,34.36879997253418,0.014073953827062688,45.15540529231593,0.03270038291857702,0.12840536644201622
2020-07-14,34.4900016784668,34.900001525878906,34.400001525878906,34.790000915527344,28.41275405883789,6206300,0.009869380117798254,35.12700004577637,35.061499786376956,34.40699996948242,0.013939670363277899,49.47185250554407,0.013712516061708868,0.10546679636595475
2020-07-15,35.25,35.369998931884766,34.755001068115234,34.95000076293945,28.54342269897461,7492500,0.0045990182006778735,35.140999984741214,34.97949981689453,34.44879997253418,0.013355915072065414,60.00001541291587,0.0114432348014617,0.08666208405305614
2020-07-16,34.810001373291016,34.970001220703125,34.45500183105469,34.540000915527344,28.20858192443848,3339300,-0.011731039727096881,35.01900024414063,34.89849987030029,34.47819999694824,0.013355132882906245,52.20001220703126,-0.023171639880338546,0.06469533926637722
2020-07-17,34.689998626708984,35.189998626708984,34.5099983215332,35.02000045776367,28.60059356689453,8696300,0.013896917472881354,34.95700035095215,34.863999938964845,34.52940002441406,0.013588951786634407,63.19019505665099,-0.01173692989560493,0.04940888543398079
2020-07-20,35.04999923706055,35.2400016784668,34.56999969482422,34.689998626708984,28.33108139038086,2792300,-0.009423238913223053,34.85800018310547,34.83099994659424,34.568199996948245,0.01356629937314093,54.09479852805283,-0.028969289736480164,0.0337332503998886
2020-07-21,35.0099983215332,35.09000015258789,34.599998474121094,34.70000076293945,28.33924865722656,5930700,0.0002883291042499181,34.818000411987306,34.817000007629396,34.595200042724606,0.013377068826992012,48.67469192883891,-0.04134240079870466,0.01871812016016995
2020-07-22,34.650001525878906,35.130001068115234,34.43000030517578,35.119998931884766,28.682268142700195,21831500,0.012103693363427315,34.822000122070314,34.83050003051758,34.638600006103516,0.013630789966334721,41.160236131689146,-0.01706116777433664,0.011562262573268634
2020-07-23,35.060001373291016,35.25,34.560001373291016,34.939998626708984,28.53525733947754,9896100,-0.005125293583433499,34.820000076293944,34.879500007629396,34.70639999389648,0.012277611360833534,40.48913071646776,-0.012201979147910436,0.00680941422903282
2020-07-24,34.880001068115234,35.099998474121094,34.72999954223633,34.79999923706055,28.42091941833496,3388800,-0.004006851607069595,34.8,34.90349998474121,34.781399993896486,0.012141139180189685,38.359782219284384,-0.01942391111741415,0.0015627491597434264
2020-07-27,34.81999969482422,35.22999954223633,34.459999084472656,35.209999084472656,28.75576400756836,3487800,0.0117816050689874,34.87599983215332,34.97749996185303,34.86379997253418,0.011602494284028408,51.523553902402945,0.007845775721314396,0.002819354472057621
2020-07-28,35.20000076293945,36.09799957275391,35.119998931884766,35.91999816894531,29.335613250732425,3591000,0.020164700452541595,34.98899955749512,35.057999801635745,34.96259994506836,0.011821230769612553,59.76739234577101,0.08575960803754867,0.01940740518515583
2020-07-29,36.04999923706055,36.59999847412109,36.02999877929688,36.59999847412109,29.890974044799805,3072600,0.018930967144749733,35.15399932861328,35.14749965667725,35.044799880981444,0.012095158726577349,66.87241958524979,0.20007092997412457,0.055540110142949586
2020-07-30,36.130001068115234,36.31999969482422,35.81999969482422,36.29999923706055,29.64595413208008,3104000,-0.008196700807861057,35.329999160766604,35.174499702453616,35.133599853515626,0.01081438231955033,62.695307697867,0.26341950882017784,0.09711598987839523
2020-07-31,36.25,36.31999969482422,35.7400016784668,36.2599983215332,29.613290786743164,4594400,-0.0011019536189550427,35.45399894714355,35.20549964904785,35.215599822998044,0.010780433780070493,69.63120736393702,0.3068586983148194,0.13906453156568008
2020-08-03,36.130001068115234,36.18000030517578,35.584999084472656,35.68000030517578,29.139612197875977,4743600,-0.015995533458505018,35.552999114990236,35.20549964904785,35.28919982910156,0.011423670139463668,59.17525432634001,0.29112763808622333,0.16947715286978873
2020-08-04,35.689998626708984,36.32500076293945,35.63999938964844,36.209999084472656,29.572458267211918,4030600,0.01485422575010431,35.70399894714355,35.26099967956543,35.35939979553223,0.011200715172315271,62.068955437444444,0.31776414436856726,0.19913455116954443
2020-08-05,36.34999847412109,36.43000030517578,35.84000015258789,35.939998626708984,29.35194969177246,2729100,-0.007456516558694171,35.78599891662598,35.303999519348146,35.40339973449707,0.01137597942062465,63.779510411949964,0.31347346013149036,0.2220023329619336
2020-08-06,35.869998931884766,36.06999969482422,35.744998931884766,36.0099983215332,29.40911674499512,2887800,0.0019476821786019727,35.8929988861084,35.35649948120117,35.43439971923828,0.011322606448116345,60.599553018594854,0.3121234870527303,0.24002656378009296
2020-08-07,35.86000061035156,36.525001525878906,35.849998474121094,36.5,29.809297561645508,4065400,0.013607378542247472,36.06299896240235,35.43149948120117,35.467399749755856,0.011638160434219622,68.73708195284154,0.3465973060048668,0.26134071222504773
2020-08-10,36.58000183105469,36.66999816894531,36.290000915527344,36.43999862670898,29.760297775268555,2986400,-0.0016438732408499135,36.18599891662598,35.53099937438965,35.50319969177246,0.01090253465345894,67.82785699880083,0.3648704471321338,0.28204665920646493
2020-08-11,36.75,36.75,35.617000579833984,35.7400016784668,29.18861198425293,5520100,-0.019209576691068042,36.167999267578125,35.57849941253662,35.51119972229004,0.011820074759287381,56.00778317125788,0.31918873052440944,0.28947507347005386
2020-08-12,36.0,36.27999877929688,35.84000015258789,36.18999862670898,29.55611801147461,4035200,0.012590848548093447,36.12699928283691,35.6404993057251,35.52359970092773,0.012065937627670149,61.510144438824234,0.31565792585648467,0.29471164394734006
2020-08-13,36.09000015258789,36.36000061035156,35.72999954223633,35.77000045776367,29.213117599487305,4096600,-0.011605365705522286,36.07399940490723,35.701999282836915,35.5105997467041,0.012058542951305347,58.49389380294492,0.27579025714544514,0.29092736658696106
2020-08-14,35.75,36.130001068115234,35.71200180053711,35.86000061035156,29.28661727905273,2416800,0.0025160791567269136,36.033999633789065,35.743999290466306,35.5129997253418,0.011722490222519607,56.02970797350802,0.24859149460511532,0.28246019219059193
2020-08-17,35.849998474121094,36.18000030517578,35.73600006103516,36.18000030517578,29.547962188720703,2824900,0.00892358308359431,36.08399963378906,35.818499374389646,35.4955997467041,0.011559950177551527,52.60002532962851,0.24997601249135215,0.275963356250744
2020-08-18,36.25,36.26499938964844,35.90999984741211,36.13999938964844,29.515291213989254,2603600,-0.001105608490600818,36.07699966430664,35.8904993057251,35.46119972229004,0.011576072750355305,44.724772648926596,0.24502106301552118,0.26977489760369944
2020-08-19,36.209999084472656,36.22999954223633,35.349998474121094,35.400001525878906,28.91094017028809,4328900,-0.020475868186690893,36.022999954223636,35.9044994354248,35.42079978942871,0.012359828665313195,40.625007450593586,0.17931554864667731,0.251683027812295
2020-08-20,35.2599983215332,35.94499969482422,35.16999816894531,35.779998779296875,29.221284866333008,3032800,0.010734385227078924,36.0,35.9464994430542,35.40199974060059,0.012490049473845164,45.33073280209466,0.15610655847484622,0.23256773394480526
2020-08-21,35.869998931884766,35.9900016784668,35.441001892089844,35.900001525878906,29.319284439086918,2155700,0.003353905832201187,35.94000015258789,36.001499557495116,35.430999755859375,0.012434928736482548,52.3504440705818,0.145716753270122,0.2151975378098686
2020-08-24,35.95000076293945,35.970001220703125,35.43000030517578,35.95000076293945,29.3601188659668,3438400,0.0013927363491754718,35.89100036621094,36.038499641418454,35.43919975280762,0.012203410443616575,46.904776826221166,0.1399045458436703,0.20013893941662894
2020-08-25,36.060001373291016,36.09999847412109,35.74100112915039,36.060001373291016,29.449953079223636,3226600,0.003059822197972295,35.92300033569336,36.04549980163574,35.4405997467041,0.011368646326555362,51.4851849753555,0.14253144574166043,0.18861744068163525
2020-08-26,35.959999084472656,36.0099983215332,35.56700134277344,35.810001373291016,29.24578094482422,2231400,-0.006932889364368422,35.88500061035156,36.00599994659424,35.424999771118166,0.010575932562783502,47.63036431318169,0.12302224827437414,0.17549840220018303
2020-08-27,35.900001525878906,36.400001525878906,35.86000061035156,36.290000915527344,29.637794494628903,3098400,0.013404063776281783,35.93700065612793,36.00550003051758,35.42759979248047,0.010904168673453564,47.505944053409486,0.1446258633342481,0.16932389442699605
2020-08-28,36.34999847412109,36.56999969482422,35.9900016784668,36.56999969482422,29.86646270751953,1583700,0.007715590306779818,36.0080005645752,36.02100009918213,35.4447998046875,0.01103293978564419,51.4672843678825,0.1822396995406308,0.171907055449723
2020-08-31,36.52000045776367,36.52000045776367,36.119998931884766,36.25,29.605127334594727,3522700,-0.008750333538272037,36.01500053405762,36.04950008392334,35.462799835205075,0.01057272126792719,56.29628862153511,0.18410538245662877,0.17434672085110417
2020-09-01,36.13999938964844,36.2400016784668,35.869998931884766,36.18999862670898,29.55611801147461,4280200,-0.0016552102976833405,36.02000045776367,36.048500061035156,35.48699981689453,0.010053185669286938,50.0,0.17868259846780887,0.17521389637444512
2020-09-02,36.2400016784668,37.040000915527344,35.959999084472656,37.0,30.217649459838867,4663200,0.02238191224172148,36.18000030517578,36.10150012969971,35.52999984741211,0.011049820677680962,65.18518239436813,0.23701320377080037,0.18757375785371616
2020-09-03,36.95000076293945,37.20000076293945,36.11000061035156,36.380001068115234,29.71129608154297,8943100,-0.016756727888777467,36.240000534057614,36.12000026702881,35.57839988708496,0.011778556293825087,55.676863351321266,0.23055421103708085,0.19616984849038913
2020-09-04,36.5,36.72999954223633,35.619998931884766,36.25,29.605127334594727,9308100,-0.0035734212286533396,36.275000381469724,36.10750026702881,35.61699989318848,0.011398610146652641,50.797263149845506,0.2124958926520577,0.19943505732272285
2020-09-08,36.0099983215332,36.09999847412109,35.52000045776367,35.790000915527344,29.229448318481445,6823000,-0.012689629916487033,36.25900039672852,36.07500038146973,35.6581999206543,0.011730833354124209,46.361760376616296,0.15923094823118333,0.19139423550441495
2020-09-09,36.02999877929688,36.66999816894531,35.959999084472656,36.18000030517578,29.547962188720703,4081600,0.010896881242582923,36.27100028991699,36.09700031280518,35.69559989929199,0.011166853017341672,58.74438272882625,0.1467956188907067,0.18247451218167332
2020-09-10,36.13999938964844,36.25,35.650001525878906,35.66999816894531,29.131437301635746,6048400,-0.014096244663588609,36.25699996948242,36.071000289916995,35.712799835205075,0.011261636983802953,48.80173730637727,0.0946960238518244,0.16491881451570356
2020-09-11,35.77000045776367,35.86000061035156,35.290000915527344,35.54999923706055,29.03344345092773,5445000,-0.0033641418010847968,36.182999801635745,36.06000022888183,35.70859985351562,0.010987628744481656,46.18733902850718,0.04322553147611785,0.14058015790778644
2020-09-14,35.790000915527344,36.51399993896485,35.790000915527344,36.41999816894531,29.74396324157715,3205600,0.024472544319432687,36.16799964904785,36.08800010681152,35.724199829101565,0.012297468228730776,54.34378391184875,0.07180867268281332,0.12682586086279182
2020-09-15,36.52000045776367,37.2400016784668,36.4900016784668,36.900001525878906,30.13597869873047,2947800,0.013179664499348709,36.23299980163574,36.12400016784668,35.74859985351563,0.01248006085345048,57.26643404503583,0.13167540526187338,0.12779576974260815
2020-09-16,37.08000183105469,37.51499938964844,36.959999084472656,37.13999938964844,30.33198547363281,3545400,0.0065040068792738825,36.327999877929685,36.17400016784668,35.78939987182617,0.012526487764659673,61.52511187904565,0.19622409478819947,0.14148143475172642
2020-09-17,36.81999969482422,37.060001373291016,36.07400131225586,36.31999969482422,29.66229248046875,3656800,-0.022078613578350392,36.25999984741211,36.22000007629394,35.81419982910156,0.012678279504980988,50.24548916775926,0.17914717679819603,0.14901458316102034
2020-09-18,36.34000015258789,36.34000015258789,35.529998779296875,35.599998474121094,29.07427024841309,6254300,-0.019823822322491025,36.181999588012694,36.21100006103516,35.82699981689453,0.01331444899193259,42.59541397890795,0.10629026701434441,0.14046971993168517
2020-09-21,34.9900016784668,35.040000915527344,34.255001068115234,34.439998626708984,28.29621124267578,6227100,-0.0325842667733639,36.000999450683594,36.13799991607666,35.81579978942871,0.015117173468613928,37.7537172634334,-0.04453824291771724,0.10346812736180469
2020-09-22,34.529998779296875,35.130001068115234,34.47999954223633,34.849998474121094,28.6330680847168,4578000,0.011904757948919986,35.90699920654297,36.082999801635744,35.823799743652344,0.015419772650754913,41.343670142114746,-0.12949462904908415,0.05687557607962693
2020-09-23,34.790000915527344,34.86000061035156,33.79499816894531,33.849998474121094,27.81146240234375,4330800,-0.028694405847465965,35.6739990234375,35.97249965667724,35.80499969482422,0.016527171158643016,30.138704888681076,-0.27435225773834304,-0.009369990683967065
2020-09-24,33.869998931884766,34.45000076293945,33.7400016784668,34.0099983215332,27.942914962768555,4926400,0.004726731303531073,35.50799903869629,35.88249950408935,35.78619964599609,0.01658767411252243,34.13653039296993,-0.37195465982110676,-0.081886924511395
2020-09-25,33.880001068115234,34.709999084472656,33.81999969482422,34.66999816894531,28.48517608642578,2765000,0.019406053513217447,35.41999893188476,35.801499366760254,35.78879959106445,0.01694003454164492,40.1249885559082,-0.391535418242583,-0.14381662325763261
2020-09-28,35.119998931884766,35.41999816894531,35.060001373291016,35.27000045776367,28.9781494140625,2802800,0.017306095197772375,35.3049991607666,35.73649940490723,35.793799591064456,0.017364248143189404,46.80589525145359,-0.354551095752619,-0.1859635177566299
2020-09-29,35.16999816894531,35.31999969482422,34.880001068115234,35.09000015258789,28.830257415771484,2217600,-0.005103495969367322,35.1239990234375,35.678499412536624,35.801799621582035,0.017304969131205005,43.12736704728634,-0.33589330508928583,-0.2159494752231611
2020-09-30,35.2599983215332,35.599998474121094,34.91999816894531,35.27000045776367,28.9781494140625,4386100,0.005129675246311027,34.93699913024902,35.63249950408935,35.81319961547852,0.01736778717337247,47.36843690316946,-0.3030885352952808,-0.23337728723758505
2020-10-01,35.400001525878906,35.86000061035156,35.16999816894531,35.849998474121094,29.45467567443848,5842200,0.016444514001409782,34.88999900817871,35.57499942779541,35.82779960632324,0.016991172974240062,51.86103713365779,-0.22766514414843897,-0.23223485861975585
2020-10-02,35.310001373291016,36.540000915527344,35.290000915527344,36.43000030517578,29.931215286254883,4494600,0.016178573381903316,34.97299919128418,35.57749938964844,35.85759963989258,0.01702452445298746,50.064363775615405,-0.1197103167652358,-0.20972995024885185
2020-10-05,36.52999877929688,36.68000030517578,35.8849983215332,36.630001068115234,30.09553337097168,2185900,0.005490001681691892,35.191999435424805,35.5964994430542,35.89419967651367,0.017039218145821197,48.19759414380438,-0.017811626851433005,-0.1713462855693681
2020-10-06,36.72999954223633,36.83000183105469,36.18999862670898,36.31999969482422,29.8408317565918,4225600,-0.008463045707111871,35.338999557495114,35.622999382019046,35.9163996887207,0.01689049285200167,44.5767253167559,0.037497056286902364,-0.12957761719811403
2020-10-07,36.560001373291016,36.65499877929688,36.290000915527344,36.41999816894531,29.922998428344727,2158300,0.002753261975807275,35.595999526977536,35.63499927520752,35.9263996887207,0.016733521745712382,50.73098257398222,0.08837983951563899,-0.08598612585536343
2020-10-08,36.650001525878906,37.209999084472656,36.59999847412109,37.02999877929688,30.424171447753903,2208700,0.01674905659033521,35.8979995727539,35.7029993057251,35.93499969482422,0.016742336456505184,60.624068290415686,0.17589910766288597,-0.03360907915171355
2020-10-09,37.2400016784668,37.25,36.78900146484375,36.93000030517578,30.342016220092773,2617400,-0.0027004719799507138,36.123999786376956,35.77199935913086,35.947599716186524,0.016731785588675736,71.95767907709919,0.23448670035362795,0.020010076749354754
2020-10-12,37.0,37.20000076293945,36.7599983215332,37.119998931884766,30.498123168945312,2747100,0.005144831441616704,36.308999633789064,35.806999397277835,35.96479972839356,0.015905704178713644,70.825689357696,0.2928730329359368,0.07458266798667117
2020-10-13,37.0,37.0,36.27999877929688,36.4900016784668,29.98050880432129,4258700,-0.016971909255008688,36.44899978637695,35.786499404907225,35.98099975585937,0.01612525981859455,75.98429365370788,0.2850235350233703,0.11667084139401099
2020-10-14,36.540000915527344,36.54999923706055,36.02000045776367,36.06999969482422,29.63543128967285,7041600,-0.011510056572302862,36.528999710083006,35.73299942016602,35.9781997680664,0.016220145680758115,69.28840182048202,0.24212108029960433,0.14176088917512966
2020-10-15,35.849998474121094,36.540000915527344,35.83000183105469,36.2400016784668,29.77511215209961,3691200,0.004713112977014378,36.56800003051758,35.72899951934814,35.98419982910156,0.015507472640977682,66.18559555261561,0.21931024318210035,0.1572707599765238
2020-10-16,36.27000045776367,36.34000015258789,35.9900016784668,36.11000061035156,29.66829872131348,2730500,-0.0035872257752260772,36.53600006103515,35.75449962615967,35.98619987487793,0.014824767314949307,59.5890404993594,0.1885687870930255,0.16353036539982416
2020-10-19,36.18999862670898,36.33000183105469,35.5,35.540000915527344,29.19998359680176,3782500,-0.01578509236194303,36.42700004577637,35.809499740600586,35.96699989318848,0.013221969009177229,54.71698867666804,0.11686460752623162,0.15419721382510568
2020-10-20,35.7400016784668,36.03499984741211,35.68000030517578,35.779998779296875,29.39717102050781,5962200,0.006752894135820808,36.37299995422363,35.85599975585937,35.953799896240234,0.01306100801658673,55.27948789840105,0.07849945759623722,0.139057662579332
2020-10-21,35.66999816894531,35.869998931884766,35.560001373291016,35.650001525878906,29.290363311767575,3566700,-0.0036332380618522286,36.29600028991699,35.94599990844726,35.95199989318848,0.011072769292329067,47.71692838293315,0.03717655971351519,0.11868144200616865
2020-10-22,35.63999938964844,35.689998626708984,35.334999084472656,35.400001525878906,29.084959030151367,3013900,-0.00701262242074574,36.1330005645752,36.01550006866455,35.93619995117187,0.011266457631001023,37.2839513149889,-0.015565614521833027,0.09183203070056832
2020-10-23,35.540000915527344,35.72999954223633,35.345001220703125,35.630001068115234,29.273923873901367,2194100,0.006497161930012485,36.00300064086914,36.063500213623044,35.9333999633789,0.010568895299399427,37.74508062299335,-0.03836290305179091,0.06579304395009648
2020-10-26,35.36000061035156,35.36000061035156,34.869998931884766,35.20000076293945,28.920639038085938,3322600,-0.012068489819961892,35.81100082397461,36.06000022888183,35.920199966430665,0.010282161339214705,36.666657584039335,-0.0900888611100541,0.03461666293806637
2020-10-27,35.2599983215332,35.439998626708984,34.75,34.75,28.550914764404297,2760300,-0.012784112306419071,35.63700065612793,36.04300022125244,35.89159996032715,0.010618795617981413,31.648353306717112,-0.16548573969662783,-0.005403817588872473
2020-10-28,34.189998626708984,34.56999969482422,33.83000183105469,33.97999954223633,27.91827392578125,5331500,-0.02215828655435026,35.42800064086914,35.97850017547607,35.84839996337891,0.011576341536762791,17.622056261576688,-0.284096028784667,-0.061142259828031384
2020-10-29,34.060001373291016,34.65999984741211,33.7400016784668,34.369998931884766,28.238693237304688,4989600,0.011477321804071128,35.24100036621094,35.90450019836426,35.82779991149902,0.011211924070111746,24.39996673581446,-0.34267569395252195,-0.1174489466529295
2020-10-30,34.15999984741211,34.369998931884766,33.709999084472656,34.150001525878906,28.057954788208008,5662400,-0.006400855770809177,35.04500045776367,35.790500259399415,35.795199966430665,0.010386680509754465,20.477133407604967,-0.4022159575237936,-0.17440234882710232
2020-11-02,34.529998779296875,34.9900016784668,34.290000915527344,34.9900016784668,28.74810218811035,5349800,0.024597367937197134,34.990000534057614,35.70850028991699,35.776999969482425,0.011981878488925003,35.68701706568126,-0.3772720953572488,-0.21497629813313163
2020-11-03,35.27000045776367,35.7599983215332,35.15999984741211,35.540000915527344,29.19998359680176,4895700,0.01571875423484248,34.96600074768067,35.66950035095215,35.76879997253418,0.012526403528581555,45.065183787592915,-0.30955520329193575,-0.23389207916489246
2020-11-04,35.689998626708984,36.29999923706055,35.45000076293945,35.63999938964844,29.28213882446289,5642500,0.002813688000705916,34.965000534057616,35.630500411987306,35.760399932861326,0.012527366339071455,44.33959208585817,-0.244995877347435,-0.236112838801401
2020-11-05,35.91999816894531,36.119998931884766,35.61100006103516,35.77000045776367,29.38895034790039,4718500,0.003647617012950688,35.002000427246095,35.56750049591064,35.75959991455078,0.011875578793985658,46.79244631164975,-0.18125277748602997,-0.2251408265383268
2020-11-06,35.79999923706055,36.05500030517578,35.5,35.630001068115234,29.273923873901367,4562400,-0.003913877211540573,35.002000427246095,35.50250053405762,35.74639991760254,0.011884257178939121,50.92402785752276,-0.14041408614222917,-0.20819547845910727
2020-11-09,37.34999847412109,39.11000061035156,36.47999954223633,36.56999969482422,30.046232223510746,11855500,0.026382222804651523,35.13900032043457,35.47500057220459,35.74639991760254,0.013384333560565745,57.091580259427175,-0.0318321544842064,-0.1729228136641271
2020-11-10,36.619998931884766,36.9900016784668,36.459999084472656,36.77000045776367,30.21055603027344,9593400,0.005468984539471089,35.341000366210935,35.489000511169436,35.756799926757814,0.012875989895474097,59.92907633526345,0.06955639590381679,-0.12442697175053831
2020-11-11,36.959999084472656,37.27000045776367,36.66999816894531,37.04999923706055,30.440616607666016,6219300,0.007614870160757903,35.64800033569336,35.53800048828125,35.77399993896484,0.012648327891545541,64.55025885471505,0.17053528933232798,-0.06543451953396506
2020-11-12,36.93999862670898,37.165000915527344,36.45000076293945,36.66999816894531,30.12839698791504,5034500,-0.010256439296633668,35.878000259399414,35.55950031280518,35.76739990234375,0.012883740288007386,58.93468932152743,0.21739290935592237,-0.008869033755987576
2020-11-13,36.869998931884766,37.59999847412109,36.869998931884766,37.5099983215332,30.81855773925781,3078700,0.022907013758709738,36.21399993896485,35.629500198364255,35.78999984741211,0.013755699038535813,68.53931896279352,0.318635867024085,0.05663194640002694
2020-11-16,38.18999862670898,38.27000045776367,37.29999923706055,37.75,31.015735626220703,4066500,0.006398338821812732,36.489999771118164,35.74000015258789,35.819999847412106,0.013126702886611845,74.91695741604175,0.4134715276728613,0.12799986265459382
2020-11-17,37.52000045776367,37.90999984741211,37.2400016784668,37.77000045776367,31.03217315673828,4501200,0.0005298134506932506,36.712999725341795,35.83950023651123,35.859599838256834,0.013109362258102029,85.95828586071062,0.4846565230720188,0.1993311947380788
2020-11-18,37.79999923706055,38.14500045776367,37.11000061035156,37.130001068115234,30.5063419342041,4579100,-0.01694464871304724,36.861999893188475,35.913500213623045,35.878599853515624,0.013773782257992735,75.00003455343827,0.4838510094888946,0.25623515768824195
2020-11-19,37.08000183105469,37.2599983215332,36.68000030517578,37.18999862670898,30.555639266967773,4583900,0.0016158781811956846,37.00399971008301,36.00300006866455,35.908999862670896,0.013606602615304653,78.35819886398814,0.4824920675154232,0.3014865396536782
2020-11-20,37.2400016784668,37.25,36.810001373291016,36.93999862670898,30.35023307800293,2799000,-0.006722237408754772,37.134999465942386,36.06849994659424,35.93679985046387,0.013725692151302482,70.44023396826357,0.455985864345152,0.332386404591973
2020-11-23,37.150001525878906,37.220001220703125,36.755001068115234,36.81999969482422,30.251638412475582,4084700,-0.00324848230497754,37.159999465942384,36.14949989318848,35.94479988098144,0.013391011110365017,64.74654215859314,0.4204499115759788,0.34999910598877415
2020-11-24,37.2400016784668,37.369998931884766,36.757999420166016,36.79999923706055,30.235204696655277,3201500,-0.0005431954896644164,37.16299934387207,36.251999855041504,35.94279983520508,0.012935500501100268,63.61502704764707,0.3862214230426133,0.357243569399542
2020-11-25,36.869998931884766,36.970001220703125,36.56999969482422,36.88999938964844,30.30915069580078,3553300,0.002445656371026672,37.14699935913086,36.39749984741211,35.93779983520508,0.011513874101973938,63.27013768172935,0.3621823467851115,0.35823132487665593
2020-11-27,37.060001373291016,37.060001373291016,36.66999816894531,36.81999969482422,30.251638412475582,1791100,-0.0018975249656377757,37.16199951171875,36.51999988555908,35.947799835205075,0.011455960039874378,64.33734075928149,0.33363685728929937,0.35331243135918466
2020-11-30,36.79999923706055,36.79999923706055,36.32500076293945,36.5,29.98872184753418,4225200,-0.008690920626737597,37.06099967956543,36.63749980926514,35.96579986572266,0.011571106335525069,49.00850256330454,0.28194298693150444,0.3390385424736486
2020-12-01,36.869998931884766,37.0880012512207,36.790000915527344,36.959999084472656,30.366668701171875,4491900,0.012602714643086488,36.9819995880127,36.73599967956543,36.01619987487793,0.0106918439033785,52.50658010618757,0.2749241495215742,0.32621566388323375
2020-12-02,36.86000061035156,37.09000015258789,36.540000915527344,36.56999969482422,30.046232223510746,3019100,-0.010551931799486436,36.86199951171875,36.787499618530276,36.050599899291996,0.010634301165451183,43.84615610337247,0.23518095921966164,0.30800872295051934
2020-12-03,36.63999938964844,37.02000045776367,36.59999847412109,36.84000015258789,30.26807975769043,2953400,0.007383113481455261,36.83299942016602,36.84749965667724,36.11039993286133,0.010713190626173087,52.24277194836568,0.22290150522387364,0.2909872794051902
2020-12-04,37.04999923706055,37.34999847412109,37.0099983215332,37.33000183105469,30.6706600189209,3325500,0.01330080554932822,36.84699974060059,36.925499725341794,36.17680000305176,0.011018128113516119,47.383770896287864,0.24982911527325058,0.2827556465788023
2020-12-07,37.27999877929688,37.36000061035156,36.834999084472656,36.959999084472656,30.366668701171875,3027800,-0.009911672339491528,36.84899978637695,36.99199962615967,36.222600021362304,0.011271824092714175,38.93556046135397,0.2385633015928761,0.2739171775816171
2020-12-08,36.81999969482422,37.040000915527344,36.77000045776367,36.790000915527344,30.227001190185547,2184100,-0.004599517671977749,36.84599990844727,37.00299968719482,36.253000030517576,0.009756328474301006,36.82795395698203,0.21345703179532194,0.26182514842435806
2020-12-09,36.83000183105469,36.86000061035156,36.220001220703125,36.45000076293945,29.94763946533203,3443200,-0.009241645668032428,36.81100006103516,36.986999702453616,36.28020004272461,0.009903115660283289,40.05846974787288,0.16423179933386933,0.2423064786062603
2020-12-10,36.310001373291016,36.59999847412109,36.13999938964844,36.25,29.78332901000977,2687300,-0.005486989266206055,36.74700012207031,36.94699974060059,36.29980003356933,0.009778245445074977,36.79777718961939,0.10783895749187167,0.2154129743833826
2020-12-11,36.09999847412109,36.27999877929688,35.849998474121094,36.27000045776367,29.799753189086918,2340600,0.0005517367658944838,36.692000198364255,36.9269998550415,36.30820007324219,0.009538118945344827,39.939972964923214,0.0640230756709741,0.1851349946409009
2020-12-14,36.58000183105469,36.79499816894531,35.9900016784668,36.0099983215332,29.586130142211918,3412600,-0.007168517588888368,36.64300003051758,36.851999855041505,36.29980003356933,0.007879288749693071,38.32852740806538,0.0082238744804215,0.14975277060880504
2020-12-15,36.20000076293945,36.63999938964844,35.939998626708984,36.63999938964844,30.10375213623047,2593200,0.01749517071592055,36.611000061035156,36.79649982452393,36.3,0.008835193143909511,48.03922026947807,0.01466932770522078,0.1227360820280882
2020-12-16,36.709999084472656,36.90499877929688,36.43899917602539,36.650001525878906,30.11196517944336,2919300,0.00027298407197284824,36.61900024414062,36.740499877929686,36.30660003662109,0.008832344024937717,47.00003242486492,0.020349903603943176,0.1022588463432592
2020-12-17,36.84999847412109,37.130001068115234,36.7400016784668,37.08000183105469,30.46526336669922,2124200,0.011732613568164574,36.6430004119873,36.73799991607666,36.31980010986328,0.008509271764915248,52.98167023929306,0.05887060816991152,0.09358119870858968
2020-12-18,37.11000061035156,37.130001068115234,36.17499923706055,36.43999862670898,29.939424514770508,4150700,-0.01726006398979474,36.55400009155274,36.70049991607666,36.30800010681153,0.009324502484756646,49.35896129640686,0.03732537056672669,0.08233003308021708
2020-12-21,35.529998779296875,35.7400016784668,35.29999923706055,35.650001525878906,29.66976928710937,5463900,-0.021679394363397053,36.42300033569336,36.636000061035155,36.282400131225586,0.010352673879253784,36.92619755372545,-0.04299987344006695,0.05726405177616027
2020-12-22,35.68000030517578,35.900001525878906,35.529998779296875,35.900001525878906,29.87784767150879,1673100,0.007012622420745851,36.33400039672851,36.59000015258789,36.258000183105466,0.01052599473539879,43.12118335260261,-0.0854997099303958,0.02871129943484906
2020-12-23,36.02000045776367,36.21799850463867,35.560001373291016,35.560001373291016,29.59487533569336,1965300,-0.009470755936954456,36.24500045776367,36.52800025939941,36.239400177001954,0.010684259985345525,37.04457317948963,-0.14494546624829496,-0.006020053701779746
2020-12-24,35.70000076293945,35.90999984741211,35.68000030517578,35.90999984741211,29.886159896850582,1600000,0.009842476394952504,36.21100044250488,36.4790002822876,36.236200180053714,0.010958297153188279,35.208333830038,-0.1619478703709163,-0.037205617035607055
2020-12-28,36.02999877929688,36.22999954223633,35.86000061035156,36.20000076293945,30.127517700195312,2955500,0.0080757704472183,36.20400047302246,36.44800033569336,36.235400161743165,0.011154279996938073,41.94917891153548,-0.15028930631812898,-0.05982235489211144
2020-12-29,36.36000061035156,36.5099983215332,35.91999816894531,35.91999816894531,29.89448928833008,2212200,-0.00773487812411322,36.19500045776367,36.419000244140626,36.23160011291504,0.011120634081729216,40.99377802770271,-0.16177879432964914,-0.08021364277961898
2020-12-30,36.0099983215332,36.38999938964844,35.935001373291016,36.119998931884766,30.060937881469727,2365000,0.005567950254306009,36.1430004119873,36.37700023651123,36.243200073242186,0.01078245279700522,46.48186436624919,-0.15298242015171581,-0.09476739825403835
2020-12-31,36.130001068115234,36.61000061035156,35.849998474121094,36.560001373291016,30.42712783813477,4083800,0.012181684784543068,36.13400039672852,36.37650032043457,36.25880012512207,0.010930142991994999,53.144022662188085,-0.10924737474171309,-0.0976633935515733
2021-01-04,36.63999938964844,36.709999084472656,35.369998931884766,35.380001068115234,29.445070266723636,4967000,-0.03227571829463427,35.96400032043457,36.30350036621094,36.2534001159668,0.012940933597074707,42.69295816995101,-0.16786811992177775,-0.1117043388256142
2021-01-05,35.400001525878906,35.68000030517578,35.310001373291016,35.34000015258789,29.41177749633789,4432400,-0.0011306080926999362,35.85400047302246,36.204000282287595,36.25220008850098,0.012439017326500466,44.29304101669626,-0.21507398339640815,-0.132378267739773
2021-01-06,35.349998474121094,35.39500045776367,34.970001220703125,35.16999816894531,29.270301818847656,7383400,-0.0048104692390650294,35.8060001373291,36.11450023651123,36.24300003051758,0.012334385373289857,36.41406513317567,-0.2631690605016246,-0.15853642629214332
2021-01-07,35.25,35.400001525878906,35.01499938964844,35.279998779296875,29.36184883117676,3433700,0.0031276831412716533,35.7439998626709,36.03900012969971,36.244599990844726,0.012382995818945697,37.568055186317515,-0.2890763336414608,-0.1846444077620068
2021-01-08,35.369998931884766,35.77000045776367,35.31999969482422,35.65999984741211,29.6781005859375,3419900,0.010771005704745873,35.75399971008301,35.99950008392334,36.26279998779297,0.012575795815629951,36.996343906172605,-0.2757662620507588,-0.20286877861975722
2021-01-11,35.470001220703125,35.630001068115234,34.95500183105469,35.060001373291016,29.17875099182129,4050000,-0.016825532156154455,35.6689998626709,35.94000015258789,36.28440002441406,0.013034995631932141,37.26941165043902,-0.31005863395886024,-0.22430674968757783
2021-01-12,34.9900016784668,35.130001068115234,34.650001525878906,35.09000015258789,29.20371437072754,4372500,0.0008556411329672109,35.557999801635745,35.8810001373291,36.29880004882813,0.0130377958971413,43.991411214700804,-0.33099938016564323,-0.2456452757831909
2021-01-13,35.06999969482422,35.630001068115234,35.06999969482422,35.56999969482422,29.603200912475582,3024400,0.013679097752894442,35.522999954223636,35.85900020599365,36.32720001220703,0.01339520955024254,46.62575299207574,-0.30534331322429153,-0.25758488327141105
2021-01-14,35.66999816894531,36.02000045776367,35.5,35.790000915527344,29.78629493713379,3792500,0.006185021720287898,35.49000015258789,35.8165002822876,36.34319999694824,0.012820667437175887,52.410892581665976,-0.26421275527142285,-0.2589104576714134
2021-01-15,35.709999084472656,36.40599822998047,35.630001068115234,36.34000015258789,30.244029998779297,4213000,0.015367399357118616,35.46800003051758,35.80100021362305,36.35919998168945,0.013339182572110973,54.32595110134797,-0.18510240457108296,-0.24414884705134732
2021-01-19,36.52000045776367,36.540000915527344,36.025001525878906,36.09999847412109,30.04429054260254,3317800,-0.00660433895044199,35.53999977111816,35.75200004577637,36.3683999633789,0.013093680612410228,48.98371856273025,-0.14015736450325278,-0.22335055054172842
2021-01-20,36.18999862670898,36.99399948120117,36.0099983215332,36.84999847412109,30.668472290039062,4404200,0.020775624146844418,35.690999603271486,35.77250003814697,36.38999992370605,0.013405403956700371,58.6270787949818,-0.043517719270582234,-0.1873839842874992
2021-01-21,36.70000076293945,36.76900100708008,36.369998931884766,36.72999954223633,30.568613052368164,2669600,-0.003256416196842804,35.84699974060059,35.826499938964844,36.41199989318847,0.012384722051010873,55.74387960798457,0.023120466550757612,-0.14528309411984786
2021-01-22,36.54999923706055,36.90999984741211,36.52000045776367,36.81999969482422,30.643505096435547,2355200,0.0024503172804126727,36.00099983215332,35.87249984741211,36.416999893188475,0.012320985745172467,52.62094928993605,0.08224588964799295,-0.0997772973662797
2021-01-25,36.810001373291016,37.369998931884766,36.630001068115234,37.150001525878906,30.918153762817383,5784200,0.008962570173542739,36.15,35.95199985504151,36.424599914550775,0.012158216630029361,71.53282910081835,0.15395688412855435,-0.0490304610673129
2021-01-26,37.20000076293945,37.630001068115234,37.119998931884766,37.52999877929688,31.23441505432129,3398900,0.010228727801081527,36.396999740600585,36.03299980163574,36.4341999053955,0.012171194315934785,74.60672192404729,0.23869938851984784,0.008515508850119244
2021-01-27,37.29999923706055,37.68999862670898,36.810001373291016,37.04999923706055,30.83492660522461,8415100,-0.012789756404178787,36.592999649047854,36.0754997253418,36.44179992675781,0.01253697644396716,69.747917342854,0.264082305815883,0.059628868243271994
2021-01-28,37.119998931884766,37.59099960327149,36.79999923706055,37.150001525878906,30.918153762817383,11831200,0.002699117162688891,36.75099983215332,36.136999893188474,36.434599990844724,0.01235985694510571,69.68423943770553,0.2889371124257494,0.10549051707976748
2021-01-29,36.869998931884766,37.290000915527344,36.54999923706055,36.7599983215332,30.593568801879883,5590700,-0.010498066980536347,36.847999572753906,36.1689998626709,36.414799957275385,0.012618581154912139,61.55460063503458,0.2740061541531844,0.13919364449445087
2021-02-01,36.9900016784668,37.60499954223633,36.52000045776367,37.59000015258789,31.284347534179688,3729300,0.022578940939953496,36.972999572753906,36.22049980163574,36.411199951171874,0.013301170774589916,75.35066126442925,0.32539650494510397,0.17643421658458153
2021-02-02,37.77999877929688,37.93999862670898,37.5099983215332,37.75,31.41750717163086,3017400,0.004256447107279238,37.1379997253418,36.33899974822998,36.42359992980957,0.010670749241382001,75.9765277209671,0.3747148986075999,0.2160903529891852
2021-02-03,37.70000076293945,37.72999954223633,37.09000015258789,37.59999847412109,31.29266166687012,3472200,-0.003973550354408273,37.212999725341795,36.45199966430664,36.431799926757805,0.010751522287453723,71.18992858007488,0.3971184767789495,0.2522959777471381
2021-02-04,37.650001525878906,38.040000915527344,37.52999877929688,37.810001373291016,31.46744155883789,3040200,0.005585183715219211,37.32099990844726,36.58399982452393,36.449199981689446,0.010596127405818818,71.12966670949534,0.4268979390774277,0.287216370013196
2021-02-05,37.91999816894531,38.0099983215332,37.77999877929688,37.93999862670898,31.575626373291016,2019400,0.003438171084272801,37.432999801635745,36.71699981689453,36.47159996032715,0.01059550496498085,68.34857167855094,0.4557346441243624,0.3209200248354293
2021-02-08,37.959999084472656,38.02999877929688,37.68999862670898,38.02000045776367,31.6422176361084,2590000,0.0021086408526744815,37.51999969482422,36.83499984741211,36.4959999847412,0.010467272715359102,72.8571207994136,0.4795158594546791,0.35263919175927927
2021-02-09,38.09999847412109,38.310001373291016,37.97999954223633,38.18999862670898,31.7837028503418,1682200,0.004471282664348042,37.58599967956543,36.991499710083005,36.521999969482415,0.009338724018039805,68.50825585402163,0.5062444050629011,0.38336023442000366
2021-02-10,38.380001068115234,38.70500183105469,38.23099899291992,38.45000076293945,32.000083923339844,3329000,0.006808121120188693,37.72599983215332,37.15949974060059,36.55459999084472,0.009317130405757882,72.87229725342493,0.5421573174174981,0.4151196510195026
2021-02-11,38.5,38.61000061035156,38.18000030517578,38.380001068115234,31.941829681396484,2301000,-0.0018205381907739904,37.84899978637695,37.29999980926514,36.59220001220703,0.00916768704796375,70.85558142879421,0.558531762354157,0.4438020732864335
2021-02-12,38.290000915527344,38.459999084472656,38.02099990844727,38.369998931884766,31.933504104614254,1826300,-0.00026060802376526304,38.00999984741211,37.428999710083005,36.62040000915527,0.009194486981525161,67.83616925161859,0.5641978178917952,0.4678812222075059
2021-02-16,38.43000030517578,38.470001220703125,37.77000045776367,37.959999084472656,31.5922794342041,3341300,-0.010685427647260326,38.04699974060058,37.509999656677245,36.648199996948236,0.009273790485744607,56.231866430782695,0.5295008898967595,0.48020515574535666
2021-02-17,37.93999862670898,38.05500030517578,37.720001220703125,37.9900016784668,31.61724281311035,3277200,0.0007903739388237518,38.07099990844726,37.60449981689453,36.671200027465815,0.009047960939578853,65.66662767218176,0.49867585819766447,0.48389929623581823
2021-02-18,37.84000015258789,38.02999877929688,37.81999969482422,37.970001220703125,31.600601196289062,2932100,-0.0005264663564099603,38.10800018310547,37.66049995422363,36.68400001525878,0.007986502241278977,64.04102609658972,0.46724679846140305,0.4805687966809352
2021-02-19,38.150001525878906,38.36000061035156,37.98500061035156,38.09000015258789,31.700477600097656,2448500,0.0031603615492994397,38.136000061035155,37.72849998474121,36.70660003662109,0.00791271736007917,75.09428747459263,0.44687070578748944,0.47382917850224604
2021-02-22,38.02999877929688,38.45000076293945,37.880001068115234,38.310001373291016,31.88356590270996,4293100,0.00577582619642425,38.17300033569336,37.80300006866455,36.73700004577636,0.007960808534529634,67.64701482489852,0.44336394188781014,0.4677361311793589
2021-02-23,38.540000915527344,38.68999862670898,38.30500030517578,38.45000076293945,32.000083923339844,5986100,0.0036543822665076053,38.216000366210935,37.86800003051758,36.77700004577636,0.007803946171961709,67.32668218977842,0.44673193923878785,0.4635352927912447
2021-02-24,38.45000076293945,38.76499938964844,38.310001373291016,38.630001068115234,32.14988327026367,3779900,0.004681412265387541,38.26000061035156,37.92300014495849,36.82460006713867,0.007582168497439738,75.12193034200051,0.45863872003504014,0.46255597824000383
2021-02-25,38.63999938964844,38.900001525878906,37.7400016784668,38.0,31.62557411193848,6790200,-0.016308595669059622,38.215000534057616,37.97050018310547,36.859200057983394,0.007961862883631363,53.84611820595308,0.4124842469056986,0.4525416319731428
2021-02-26,38.119998931884766,38.119998931884766,37.31700134277344,37.34000015258789,31.076282501220703,8008400,-0.017368417037160744,38.11100044250488,37.98000011444092,36.88580009460449,0.008975758278284068,40.000050862501,0.3189730992540518,0.4258279254293246
2021-03-01,37.7599983215332,38.02000045776367,37.375,37.380001068115234,31.10957717895508,4505600,0.0010712617933552604,38.01200065612793,38.01100025177002,36.90060012817382,0.008608985351579704,39.18922402016629,0.2452653147342403,0.3897154032903078
2021-03-02,37.400001525878906,37.41999816894531,36.84999847412109,37.150001525878906,30.918153762817383,7482600,-0.006153010584917129,37.93100090026856,37.98900032043457,36.910600128173826,0.007052629206846781,32.781551061859986,0.16637446235674247,0.34504721510359476
2021-03-03,37.150001525878906,37.150001525878906,36.6349983215332,36.68999862670898,30.53531837463379,7743400,-0.012382311716716554,37.80100059509277,37.93600025177002,36.90280006408691,0.00742549008144755,22.67084939569196,0.06597399674421212,0.28923257143171827
2021-03-04,36.810001373291016,37.119998931884766,36.06999969482422,36.41999816894531,30.31061172485352,11162900,-0.0073589661452621025,37.64600028991699,37.87700023651123,36.90240005493164,0.007525240317821611,21.34506739837262,-0.0349776751868589,0.22439052210800287
2021-03-05,36.70000076293945,37.0,35.88999938964844,36.84000015258789,30.660154342651367,9431800,0.011532180251472512,37.52100028991699,37.82850017547607,36.92620002746582,0.007929325158442435,30.026174933815653,-0.08016782771764497,0.1634788521428733
2021-03-08,36.93000030517578,37.47999954223633,36.66999816894531,37.02000045776367,30.809961318969727,5381500,0.004886001748920732,37.39200019836426,37.78250026702881,36.94860000610352,0.00798099854346353,36.94449948660674,-0.10030062569533982,0.11072295657523068
2021-03-09,37.209999084472656,37.69499969482422,37.209999084472656,37.43999862670898,31.15950584411621,4163400,0.011345169199132865,37.29099998474121,37.75350017547608,36.986199951171876,0.008436540734079087,43.10774066977951,-0.08142703085379566,0.07229295908942542
2021-03-10,37.47999954223633,38.040000915527344,37.380001068115234,37.810001373291016,31.46744155883789,4908400,0.009882552354531393,37.20900001525879,37.734500312805174,37.024199981689456,0.008695085144704125,48.15668709078876,-0.036196194360520906,0.050595128399436154
2021-03-11,37.91999816894531,38.650001525878906,37.82500076293945,38.369998931884766,31.933504104614254,4092700,0.014810831479877606,37.24599990844727,37.73050022125244,37.06759994506836,0.009215883109728481,52.92885359722278,0.04432573285804153,0.049341249291157234
2021-03-12,38.33000183105469,39.02999877929688,38.310001373291016,39.02999877929688,32.48280334472656,3621600,0.01720093473507167,37.41499977111816,37.763000106811525,37.12979995727539,0.00997525310757156,56.89652022481852,0.15955713679311856,0.0713844267915495
2021-03-15,39.060001373291016,39.58000183105469,38.84199905395508,39.470001220703125,32.84897994995117,4585700,0.011273442356335428,37.623999786376956,37.81800022125244,37.196800003051756,0.010235409766321304,59.23912104528081,0.28311974617873403,0.11373149066898641
2021-03-16,39.52999877929688,39.65999984741211,39.290000915527344,39.470001220703125,32.84897994995117,3814700,0.0,37.85599975585937,37.893500328063965,37.255,0.009839054281841201,57.8651585061553,0.3767016225215585,0.16632551703950083
2021-03-17,39.400001525878906,39.45000076293945,39.060001373291016,39.40999984741211,32.79905319213867,4914800,-0.001520176626180203,38.12799987792969,37.96450023651123,37.335599975585936,0.009867508288591153,64.77984755631867,0.44094142608861375,0.22124869884932344
2021-03-18,39.18999862670898,39.27000045776367,38.86000061035156,39.15999984741211,32.59098434448242,4147000,-0.006343567646991954,38.40200004577637,38.02400016784668,37.41199996948242,0.010026710494051221,70.871516689269,0.4663037630589528,0.2702597116912493
2021-03-19,39.16999816894531,39.30899810791016,38.58000183105469,38.63999938964844,32.15821838378906,5718700,-0.013278867716799425,38.581999969482425,38.051500129699704,37.48139999389648,0.010551460228243608,63.01649065755344,0.43937901889150055,0.3040835731312996
2021-03-22,38.27999877929688,38.79999923706055,38.15999984741211,38.68000030517578,32.5129280090332,4371700,0.0010352203974945962,38.74799995422363,38.070000076293944,37.54940002441406,0.010486134613301017,66.45156738628944,0.416467921777965,0.3265604428606327
2021-03-23,38.7599983215332,39.06999969482422,38.59999847412109,38.79999923706055,32.613800048828125,4453800,0.0031023508515513054,38.88400001525879,38.0875,37.61220001220703,0.010478209555034068,74.4779358529778,0.4033441232008741,0.341917178928681
2021-03-24,38.77999877929688,39.02999877929688,38.505001068115234,38.630001068115234,32.47089767456055,10398000,-0.004381396192991049,38.96599998474121,38.0875,37.68360000610352,0.010484070885242875,76.24704723606798,0.3749043231097815,0.3485146077649011
2021-03-25,38.630001068115234,39.005001068115234,38.220001220703125,38.959999084472656,32.748291015625,5725300,0.008542531898343642,39.025,38.13549995422363,37.76099998474121,0.00989930539255556,75.72814904729762,0.37467464259844263,0.35374661473160945
2021-03-26,39.13999938964844,39.93000030517578,39.040000915527344,39.90999984741211,33.54682540893555,4550900,0.024384003728533665,39.113000106811526,38.263999938964844,37.84779998779297,0.010155532877165153,79.55009969700846,0.4460084336277603,0.37219897851083966
2021-03-29,39.77000045776367,40.0,39.34000015258789,39.81999969482422,33.471168518066406,5335600,-0.002255077748233192,39.147999954223636,38.385999870300296,37.92839996337891,0.010222392197210552,76.09649508063151,0.4896345148986754,0.3956860857884068
2021-03-30,39.7599983215332,39.81999969482422,39.54999923706055,39.650001525878906,33.328269958496094,4534600,-0.0042691655009582385,39.16599998474121,38.510999870300296,37.994599990844726,0.01013986477269228,71.10093468901007,0.5046735050965125,0.417483569650028
2021-03-31,39.59999847412109,39.89599990844727,39.27000045776367,39.4900016784668,33.19378662109375,5083900,-0.004035304949677743,39.17400016784668,38.651000022888184,38.06240005493164,0.009618339874946,64.14145208989586,0.4979414041178103,0.4335751365435845
2021-04-01,39.68000030517578,40.119998931884766,39.470001220703125,40.119998931884766,33.72333908081055,6082700,0.015953335696146542,39.27000007629395,38.83600006103516,38.12780006408691,0.009616648521593465,63.86769880365933,0.5372486112690638,0.45430983148868037
2021-04-05,40.369998931884766,40.369998931884766,39.93999862670898,40.33000183105469,33.89985656738281,5235600,0.0052343695104892785,39.43900032043457,39.0105001449585,38.19980010986328,0.009490095924695973,61.62163945513706,0.5786747329165749,0.47918281177425925
2021-04-06,40.2400016784668,40.43000030517578,40.08000183105469,40.43000030517578,33.983909606933594,4270100,0.002479505816538108,39.61400032043457,39.1810001373291,38.27200012207031,0.009501239458902333,62.63158211748077,0.6125135984344965,0.5058489691063067
2021-04-07,40.45000076293945,40.57400131225586,40.1150016784668,40.47999954223633,34.02593231201172,3063200,0.0012366865368078628,39.782000350952146,39.33300018310547,38.33860008239746,0.009383728533903547,64.1161159670023,0.6360338612874443,0.5318859475425343
2021-04-08,40.52999877929688,40.70000076293945,40.244998931884766,40.27999877929688,33.85782623291016,4042700,-0.004940730365640689,39.947000122070314,39.45650005340576,38.39360008239746,0.009475657669368061,64.97327157729836,0.6312586917065559,0.5517604963753386
2021-04-09,40.34999847412109,40.38999938964844,40.15999984741211,40.34000015258789,33.90826797485352,1887000,0.0014896071278396317,40.08500022888184,39.555000114440915,38.45940010070801,0.009077212417256024,75.91468556030208,0.6251100650700252,0.566430410114276
2021-04-12,40.43000030517578,40.584999084472656,40.09000015258789,40.58000183105469,34.10999298095703,2946900,0.005949471431804243,40.152000427246094,39.63250026702881,38.528000106811525,0.008447960879198715,77.29890601363657,0.6323144366134557,0.579607215414112
2021-04-13,40.58000183105469,40.86000061035156,40.47999954223633,40.81999969482422,34.311737060546875,7557800,0.0059141905603825595,40.252000427246095,39.70000019073486,38.609200134277344,0.008219670445888963,78.0556035336866,0.6498981534611374,0.5936654030235171
2021-04-14,40.79999923706055,41.0099983215332,40.52000045776367,40.56999969482422,34.10158157348633,3027900,-0.006124448845395203,40.344000244140624,39.75500011444092,38.66880012512207,0.008399044766000159,76.35870213094593,0.6363253030886753,0.6021973830365488
2021-04-15,40.79999923706055,41.34999847412109,40.70000076293945,41.34000015258789,34.74882888793945,3786400,0.018979552959225376,40.52900009155273,39.85150012969971,38.74060012817383,0.009232330815785643,78.8835155962828,0.6798642710448135,0.6177307606382018
2021-04-16,41.52000045776367,41.54999923706055,41.290000915527344,41.400001525878906,34.79925537109375,3173700,0.0014514120239368378,40.657000350952146,39.96350021362305,38.816600189208984,0.009004006245496682,73.0650447311702,0.7110146914320055,0.6363875467969625
2021-04-19,41.40999984741211,41.54499816894531,41.165000915527344,41.52999877929688,34.90851974487305,3291600,0.0031400301600645886,40.77700004577637,40.10800018310547,38.8910001373291,0.008168327457328997,76.14680183385651,0.7376877111939777,0.6566475796763656
2021-04-20,41.45000076293945,42.119998931884766,41.400001525878906,41.9900016784668,35.29519271850586,5042100,0.01107640049821601,40.93300018310547,40.27350025177002,38.972000198364256,0.008306932128655806,82.86515800448561,0.7868740666541711,0.6826928770719267
2021-04-21,42.060001373291016,42.2599983215332,41.93000030517578,42.18000030517578,35.45489501953125,4182600,0.004524853991763944,41.103000259399415,40.442500305175784,39.0552001953125,0.008303611818591,87.46516033947631,0.831599744810255,0.7124742506195925
2021-04-22,42.130001068115234,42.369998931884766,41.93000030517578,42.0,35.30359649658203,4074600,-0.004267432524264203,41.275000381469724,40.61100025177002,39.13140022277832,0.00829743724613355,79.93629219093404,0.8428053116728194,0.7385404628302379
2021-04-23,42.11000061035156,42.36000061035156,41.97999954223633,42.2400016784668,35.50532913208008,3551700,0.0057143256777809626,41.465000534057616,40.775000381469724,39.20720024108887,0.00824387703759755,80.12616170696177,0.8611254160534045,0.7630574534748713
2021-04-26,42.40999984741211,42.56999969482422,42.220001220703125,42.33000183105469,35.58097457885742,2893600,0.002130685345918648,41.64000053405762,40.89600048065186,39.286200256347655,0.006720489506964164,80.06328044269765,0.8728448784833489,0.7850149384765668
2021-04-27,42.470001220703125,42.470001220703125,42.220001220703125,42.33000183105469,35.58097457885742,3715200,0.0,41.79100074768066,41.02150058746338,39.365400314331055,0.006646739595003789,79.74275975168945,0.8720798433104164,0.8024279194433368
2021-04-28,42.400001525878906,42.47999954223633,42.150001525878906,42.18000030517578,35.45489501953125,2246200,-0.0035436220030791166,41.95200080871582,41.14800052642822,39.44980033874512,0.006606364165630934,81.04572393107622,0.849576291257975,0.8118575938062645
2021-04-29,42.40999984741211,42.58000183105469,42.20000076293945,42.4900016784668,35.71547317504883,4261900,0.0073494872225730035,42.06700096130371,41.298000526428225,39.53980033874512,0.006446086741886097,82.47731353535447,0.8469929763653639,0.8188846703180844
2021-04-30,42.34000015258789,42.810001373291016,42.29999923706055,42.77000045776367,35.950828552246094,4592300,0.006589756842461547,42.204000854492186,41.43050060272217,39.63580032348633,0.005817736125171232,82.68652433490514,0.8576527550530599,0.8266382872650796
2021-05-03,42.869998931884766,42.869998931884766,42.47999954223633,42.540000915527344,35.75749588012695,5074000,-0.00537759036181118,42.30500106811523,41.541000556945804,39.72480033874512,0.0061012869167953515,75.74849068369801,0.8378830711108591,0.8288872440342355
2021-05-04,42.45000076293945,42.720001220703125,42.02000045776367,42.27999877929688,35.5389518737793,4892400,-0.0061119447727975285,42.334000778198245,41.633500480651854,39.80420028686523,0.006411353735118061,75.52232789483769,0.7921045663159845,0.8215307084905854
2021-05-05,42.220001220703125,42.22999954223633,41.47999954223633,41.65999984741211,35.017799377441406,5972400,-0.014664118963701678,42.28200073242188,41.69250049591064,39.86840026855469,0.007447040482576956,54.999988079088105,0.6977527794879848,0.7967751226900652
2021-05-06,41.68000030517578,41.90999984741211,41.5099983215332,41.86000061035156,35.18592071533203,4116400,0.004800786453960537,42.268000793457034,41.77150058746338,39.933000259399414,0.007323641075194542,56.886205659907574,0.6318333175696154,0.7637867616659754
2021-05-07,41.81999969482422,42.38999938964844,41.81999969482422,42.369998931884766,35.61460494995117,3863600,0.012183428430411647,42.28100051879883,41.87300052642822,40.02040023803711,0.007670342649005317,61.2903093489694,0.6136702625983901,0.7337634618524584
2021-05-10,42.58000183105469,42.9379997253418,42.46500015258789,42.560001373291016,35.77431106567383,3873100,0.004484362666888453,42.30400047302246,41.97200050354004,40.124800262451174,0.007642467095455956,58.26085418145551,0.6076034454812813,0.708531458578223
2021-05-11,42.11000061035156,42.21799850463867,41.67499923706055,42.060001373291016,35.35403060913086,5546200,-0.011748119921673239,42.277000427246094,42.03400058746338,40.21840026855469,0.008215525820893198,48.4042720483573,0.5560399455122464,0.6780331559650278
2021-05-12,41.88999938964844,42.0,41.02000045776367,41.040000915527344,34.49665069580078,5443800,-0.02425107999191345,42.16300048828125,42.05750064849853,40.29620025634765,0.009926108795825526,39.56524118806101,0.42793699653527995,0.6280139240790783
2021-05-13,41.119998931884766,41.79800033569336,41.11000061035156,41.560001373291016,34.93374252319336,10719300,0.012670576173572368,42.07000045776367,42.068500709533694,40.3936003112793,0.009398254924578318,43.03279072966956,0.36417618132894347,0.5752463755290513
2021-05-14,41.77000045776367,42.11000061035156,41.619998931884766,41.95000076293945,35.261566162109375,3828600,0.00938400810301876,41.98800048828125,42.09600067138672,40.50420036315918,0.009613978679006563,46.33203893933826,0.34118203318962514,0.5284335070611661
2021-05-17,41.90999984741211,42.07500076293945,41.81999969482422,41.970001220703125,35.27838516235352,3583400,0.00047676894874681963,41.931000518798825,42.11800079345703,40.606800384521485,0.009596894109065703,46.53845871694238,0.32087403873466513,0.4869216133958659
2021-05-18,41.95000076293945,42.29899978637695,41.67499923706055,42.04999923706055,35.34561920166016,4545500,0.0019060761027083206,41.9080005645752,42.12100067138672,40.70740036010742,0.009282475863840857,48.73293332312116,0.3076881408086152,0.4510749188784158
2021-05-19,41.72999954223633,41.88999938964844,41.33000183105469,41.88999938964844,35.21113967895508,7500900,-0.0038049904950080427,41.931000518798825,42.10650062561035,40.79640037536621,0.009260931973751715,43.97588008061422,0.2810873709498125,0.4170774092926951
2021-05-20,41.81999969482422,42.56999969482422,41.744998931884766,42.40999984741211,35.64822769165039,5260700,0.012413474942474467,41.98600044250488,42.127000617980954,40.888400344848634,0.009629020892926284,46.55171909803623,0.29852455505925946,0.393366838446008
2021-05-21,42.5099983215332,42.56999969482422,42.27000045776367,42.34000015258789,35.58938217163086,4565100,-0.0016505469246892446,41.98300056457519,42.13200054168701,40.9678003692627,0.009560912697645049,48.023708412460635,0.3032001560700266,0.3753335019708117
2021-05-24,42.58000183105469,42.994998931884766,42.5099983215332,42.79999923706055,35.97604751586914,9873000,0.010864409135920683,42.00700035095215,42.155500411987305,41.04320037841797,0.009850632349668874,54.942971708136334,0.340103187462951,0.3682874390692396
2021-05-25,42.900001525878906,43.07899856567383,42.61000061035156,42.91999816894531,36.076908111572266,4333800,0.002803713411771769,42.09300003051758,42.18500022888183,41.112200317382815,0.009861609789359033,63.23528115370591,0.37471256346289294,0.3695724639479703
2021-05-26,43.0,43.29999923706055,42.88999938964844,43.02000045776367,36.16096878051758,4738200,0.00232996954996878,42.29099998474121,42.22700023651123,41.18320030212402,0.009814715101169208,62.44635070166692,0.40553533335760505,0.37676503782989723
2021-05-27,43.15999984741211,43.18000030517578,42.90399932861328,42.970001220703125,36.11894226074219,4288000,-0.001162232369328664,42.43199996948242,42.251000213623044,41.25440032958984,0.009710365413020915,57.14288309317397,0.4210741987419908,0.385626870012316
2021-05-28,43.22800064086914,43.40999984741211,43.150001525878906,43.2599983215332,36.36269760131836,3534100,0.006748826916261663,42.5629997253418,42.27550010681152,41.33640029907227,0.009715587525330343,58.13950806321404,0.45158362896701476,0.39881822180325577
2021-06-01,43.47999954223633,44.0,43.27999877929688,44.0,36.984710693359375,5512300,0.01710591093801428,42.76599960327148,42.34850006103515,41.4436003112793,0.010270635930127309,71.36563728591679,0.529372249460117,0.424929027334628
2021-06-02,44.11000061035156,44.619998931884766,43.97999954223633,44.61000061035156,37.497467041015625,4599000,0.013863650235262703,43.021999740600585,42.46500015258789,41.56220031738281,0.010436911513949997,93.22036403135259,0.6329460350088567,0.46653242886947377
2021-06-03,44.44200134277344,44.560001373291016,44.23500061035156,44.52000045776367,37.421817779541016,3447300,-0.002017488261746525,43.28499984741211,42.60800018310547,41.67660034179688,0.009682985243578504,90.00002062000223,0.6997010282094536,0.5131661487374698
2021-06-04,44.66999816894531,44.72999954223633,44.34000015258789,44.560001373291016,37.45542907714844,3061300,0.0008984931517530548,43.5,42.743000221252444,41.79520034790039,0.009691950674916896,88.95525073390255,0.7472191041413367,0.5599767398182431
2021-06-07,44.619998931884766,45.150001525878906,44.619998931884766,44.97999954223633,37.80845642089844,5659700,0.009425452333963635,43.763999938964844,42.87350025177002,41.915600357055666,0.009575956959533541,90.13335177953266,0.8094371759224543,0.6098688270390854
2021-06-08,45.06999969482422,45.36800003051758,45.005001068115234,45.220001220703125,38.01020050048828,5577200,0.005335742127819065,44.0060001373291,43.006500244140625,42.021800384521484,0.00958461786115237,90.53711134721259,0.868104606216427,0.6615159828745538
2021-06-09,45.380001068115234,45.46799850463867,45.22999954223633,45.27000045776367,38.05223846435547,2401800,0.0011056885384967963,44.24100036621094,43.167000198364256,42.13080039978027,0.008947820466067605,94.47370719381777,0.9081647302724818,0.7108457323541395
2021-06-10,45.290000915527344,45.810001373291016,45.17499923706055,45.72999954223633,38.43888854980469,3818400,0.010161234367599192,44.512000274658206,43.401500129699706,42.25240036010742,0.006159905994048942,94.38504801013445,0.9658964953994271,0.761855884963197
2021-06-11,45.77999877929688,45.77999877929688,45.27000045776367,45.43999862670898,38.195125579833984,4478100,-0.006341590169042233,44.75900001525879,43.595499992370605,42.37140029907226,0.0064461640104149865,89.14140392451506,0.9769865916773384,0.8048820263060253
2021-06-14,45.45000076293945,45.720001220703125,45.380001068115234,45.70000076293945,38.41367721557617,2746000,0.005721878170956929,45.003000259399414,43.782999992370605,42.48300033569336,0.006351213236858435,88.5638281682766,0.9952825743672804,0.8429621359182764
2021-06-15,45.70000076293945,45.70000076293945,45.2400016784668,45.27999877929688,38.060646057128906,2948300,-0.009190415243563232,45.1310001373291,43.948499870300296,42.582000274658206,0.006993606363779385,79.06400978665914,0.9647703504364316,0.8673237788219075
2021-06-16,45.380001068115234,45.505001068115234,44.83000183105469,44.869998931884766,37.71600341796875,6093100,-0.009054767192254842,45.15699996948242,44.0894998550415,42.67080024719238,0.007558606505203566,71.16701729270137,0.8971636874442197,0.8732917605463699
2021-06-17,44.77000045776367,45.06999969482422,44.66999816894531,45.040000915527344,37.85890579223633,4558600,0.003788767276341032,45.20900001525879,44.24699993133545,42.762000274658206,0.0073725297681725395,73.05119334459326,0.8475328283825547,0.8681399741136069
2021-06-18,44.790000915527344,45.04499816894531,44.33000183105469,44.33000183105469,37.26211166381836,9034600,-0.015763744894327636,45.18600006103516,44.34300003051758,42.84300033569336,0.008251156411089216,60.896149492397385,0.7423516548192453,0.8429823102547347
2021-06-21,44.2400016784668,45.02999877929688,44.06999969482422,44.91999816894531,38.00235366821289,4818200,0.013309188213868062,45.179999923706056,44.471999931335446,42.934600296020506,0.008551676408725183,59.663841975435254,0.6985501394681037,0.8140958760974085
2021-06-22,44.93999862670898,44.95000076293945,44.709999084472656,44.720001220703125,37.83316040039063,2428600,-0.00445229199453645,45.12999992370605,44.56800003051758,43.01740028381348,0.008495654537381925,51.264375275140615,0.6403178550515278,0.7793402718882325
2021-06-23,44.70000076293945,44.84400177001953,44.52299880981445,44.58000183105469,37.71471786499024,5049300,-0.0031305766061479057,45.06100006103516,44.65100021362305,43.09260032653808,0.008577823625793412,50.68183414207847,0.5762291583423576,0.7387180491790575
2021-06-24,44.7400016784668,44.7400016784668,44.18000030517578,44.369998931884766,37.53705596923828,3267900,-0.004710697410147513,44.925,44.7185001373291,43.1686003112793,0.008704263808861579,47.921198532885704,0.5026981343960628,0.6915140662224586
2021-06-25,44.459999084472656,44.70000076293945,44.29999923706055,44.68999862670898,37.80776977539063,3278500,0.007212073530032503,44.85,44.80450000762939,43.235600280761716,0.008766501931953403,46.75614277033985,0.4648866453141949,0.6461885820408059
2021-06-28,44.77999877929688,44.77999877929688,44.34999847412109,44.709999084472656,37.8246955871582,3260700,0.00044753766789606964,44.75099983215332,44.87700004577637,43.30180023193359,0.008699856921549677,43.99997486787686,0.4315598838857255,0.6032628424097898
2021-06-29,44.65999984741211,44.97800064086914,44.59999847412109,44.68000030517578,37.79931640625,2851400,-0.0006709635408446157,44.69099998474121,44.91100006103515,43.36480026245117,0.007914120866223144,43.02600216977842,0.3981380469948945,0.5622378833268108
2021-06-30,44.65999984741211,44.91999816894531,44.27999877929688,44.33000183105469,37.50322341918945,6087600,-0.007833448337746574,44.637000274658206,44.89700012207031,43.411600265502926,0.007505211588619665,33.00973211003743,0.3394955552332206,0.5176894177080927
2021-07-01,44.31999969482422,44.84999847412109,44.165000915527344,44.5099983215332,37.65549087524414,6332000,0.004060376337553517,44.58400001525879,44.89650001525879,43.458200225830076,0.007554385273798332,38.40397033474263,0.30404038223608154,0.4749596106136905
2021-07-02,44.65999984741211,44.8759994506836,44.5,44.720001220703125,37.83316040039063,3992900,0.004718106202855621,44.62299995422363,44.904500007629395,43.51260025024414,0.007625816004877437,37.62625362565252,0.28954963315802473,0.43787761512255735
2021-07-06,44.70000076293945,45.15999984741211,44.40999984741211,45.119998931884766,38.17155456542969,5002400,0.008944492403020421,44.64300003051758,44.911499977111816,43.5702001953125,0.00759591493791274,47.969540444113015,0.3068054205767936,0.41166317621340465
2021-07-07,45.09000015258789,45.52000045776367,44.86000061035156,45.34999847412109,38.36613082885742,4634400,0.0050975077056969464,44.705999755859374,44.917999839782716,43.630600128173825,0.007587591208700311,56.38298843717749,0.3351760959057728,0.3963657601518783
2021-07-08,45.06999969482422,45.43000030517578,44.970001220703125,45.310001373291016,38.33229064941406,5252900,-0.0008819647668322217,44.778999710083006,44.91999988555908,43.690200119018556,0.007587720320379858,53.719029108460795,0.3503935104601936,0.38717131021354134
2021-07-09,45.52999877929688,45.93999862670898,45.34999847412109,45.90999984741211,38.83990097045898,4090400,0.01324207583173398,44.932999801635745,44.92899990081787,43.76480010986328,0.007830718950260017,72.44324801163498,0.40618602395311854,0.3909742529614568
2021-07-12,45.88999938964844,46.36000061035156,45.84999847412109,46.310001373291016,39.17830276489258,3406600,0.008712732023706371,45.09500007629394,44.972500038146975,43.84120010375977,0.007889551739728886,70.87097923446947,0.47717816024756843,0.4082150344186791
2021-07-13,46.150001525878906,46.2400016784668,45.560001373291016,45.709999084472656,38.67069625854492,4764500,-0.012956214014806844,45.195000076293944,44.97299995422363,43.90000007629394,0.008388214933225016,63.27076404485194,0.4794974216523258,0.42247151186540843
2021-07-14,45.75,46.244998931884766,45.61000061035156,46.11000061035156,39.00909805297852,3942900,0.008750853946413395,45.33800010681152,45.014500045776366,43.97140007019043,0.00830759742077523,69.17292729890613,0.5077591023483592,0.4395290299619986
2021-07-15,46.06999969482422,46.25,46.01499938964844,46.18000030517578,39.06831741333008,4138400,0.0015181022315688963,45.522999954223636,45.08000011444092,44.049400100708006,0.00796745409263658,73.50654394884145,0.5296990374967763,0.45756303146895416
2021-07-16,46.33000183105469,46.54499816894531,46.18000030517578,46.22999954223633,39.11061477661133,4107200,0.0010827032639699752,45.695000076293944,45.139500045776366,44.140800094604494,0.007948961749323203,71.50842751104467,0.544840532236158,0.47501853162239493
2021-07-19,45.810001373291016,45.91999816894531,45.130001068115234,45.5099983215332,38.50149154663086,8124900,-0.015574328960252792,45.773999786376955,45.198499870300296,44.213800048828126,0.00792760161051655,59.34579647496605,0.493058522961789,0.47862652989027377
2021-07-20,45.7400016784668,46.47999954223633,45.66999816894531,46.33000183105469,39.195220947265625,4986200,0.018018095797940337,45.89500007629395,45.26900005340576,44.293000106811526,0.008359800586641014,66.27220537669203,0.5122830575039643,0.4853578354130119
2021-07-21,46.40999984741211,46.470001220703125,46.1150016784668,46.18999862670898,39.07677459716797,4280500,-0.003021869173591707,45.979000091552734,45.34249992370606,44.36560005187988,0.00831145763572888,69.13575207943978,0.5103386844196365,0.49035400521433686
2021-07-22,46.02999877929688,46.02999877929688,45.619998931884766,45.86000061035156,38.797584533691406,4127600,-0.007144360817681328,46.03400001525879,45.4064998626709,44.4416000366211,0.008479751270102094,63.47306073127891,0.47667486164507267,0.48761817650048406
2021-07-23,46.0099983215332,46.31999969482422,45.880001068115234,46.27999877929688,39.15291595458984,4995800,0.009158267844648016,46.07099990844726,45.501999855041504,44.546399993896486,0.008516387450505744,64.94250185619335,0.4783720070037134,0.48576894260112996
2021-07-26,46.16999816894531,46.29899978637695,45.880001068115234,46.27999877929688,39.15291595458984,3699600,0.0,46.06799964904785,45.581499862670896,44.6407999420166,0.008442869159531255,62.03318467632485,0.47425014644989716,0.4834651833708834
2021-07-27,46.2599983215332,46.68999862670898,46.095001220703125,46.650001525878906,39.465946197509766,3937400,0.00799487373252794,46.16199989318848,45.67849998474121,44.73479995727539,0.008548033760088369,63.10485173460827,0.4951320970658415,0.48579856610987504
2021-07-28,46.68000030517578,46.70000076293945,46.220001220703125,46.369998931884766,39.22905731201172,6457100,-0.006002199031843736,46.1879997253418,45.76299991607666,44.822799911499025,0.008722333083402917,60.192260290855316,0.4835136793999908,0.48534158876789824
2021-07-29,46.4900016784668,46.7400016784668,46.18000030517578,46.22999954223633,39.11061477661133,7659100,-0.0030191803509439508,46.19299964904785,45.85799980163574,44.90639991760254,0.008503430250983695,53.37551486198721,0.4577327606368371,0.47981982314168603
2021-07-30,46.33000183105469,46.93000030517578,46.27000045776367,46.380001068115234,39.23751831054688,4998700,0.003244679371927406,46.207999801635744,45.951499938964844,44.996199951171874,0.00849566168982454,50.77950434568363,0.44428364104195595,0.47271258672174005
2021-08-02,46.619998931884766,46.88999938964844,46.34000015258789,46.400001525878906,39.25443649291992,6819300,0.0004312302135203172,46.297000122070315,46.03549995422363,45.07599998474121,0.00848003880794634,58.823535150724005,0.43027899820612703,0.46422586901861745
2021-08-03,46.52999877929688,46.665000915527344,46.28799819946289,46.59000015258789,39.4151725769043,6669700,0.004094797854758969,46.32299995422363,46.109000015258786,45.16099998474121,0.00833549866398911,56.48646558790022,0.42955982092740896,0.4572926594003758
2021-08-04,46.59999847412109,46.79999923706055,46.220001220703125,46.43999862670898,39.288272857666016,4374600,-0.003219607756764109,46.34799995422363,46.163500022888186,45.23379997253418,0.008361213247979702,53.439121935761776,0.412135160642606,0.44826115964882185
2021-08-05,46.68999862670898,46.83000183105469,46.40999984741211,46.810001373291016,39.60129928588867,5469000,0.007967328973374155,46.44300003051758,46.23850002288818,45.311600036621094,0.008477385268475699,57.073169370130444,0.4233025529030243,0.44326943829966237
2021-08-06,46.84999847412109,47.0099983215332,46.63199996948242,46.72999954223633,39.53361892700195,3452600,-0.0017090755972576366,46.488000106811526,46.279500007629395,45.38580001831055,0.008051155826512505,67.63000235936937,0.4208460611379792,0.43878476286732576
2021-08-09,46.72999954223633,46.72999954223633,46.40999984741211,46.52000045776367,39.35595703125,3556200,-0.004493881586342674,46.512000274658206,46.28999996185303,45.45680000305176,0.007918556382965417,53.3332976403837,0.3973734291004547,0.4305024961139516
2021-08-10,46.58000183105469,46.59999847412109,45.9900016784668,46.02000045776367,38.93295669555664,6752900,-0.010748065242474736,46.44900016784668,46.30550003051758,45.51200004577637,0.00773797939614582,47.35205898151373,0.33456867831206694,0.4113157325535747
2021-08-11,46.2400016784668,46.369998931884766,46.04999923706055,46.27000045776367,39.14446258544922,4074400,0.005432420632621282,46.43900032043457,46.313500022888185,45.55740005493164,0.007582754657371251,56.54950012979681,0.30149294845436003,0.3893511757337318
2021-08-12,46.369998931884766,46.43999862670898,46.11000061035156,46.43000030517578,39.2798080444336,3733000,0.003457960791639847,46.45900039672851,46.32600002288818,45.59380004882812,0.00761284244445595,52.61325755360481,0.2849066186049427,0.368462264307974
2021-08-13,46.58000183105469,46.7599983215332,46.3849983215332,46.7400016784668,39.54207992553711,4763300,0.006676747173237851,46.49500045776367,46.35150012969971,45.63820007324219,0.007744830986107639,57.23272326392916,0.29339428603838513,0.3534486686540562
2021-08-16,46.66999816894531,46.97999954223633,46.59999847412109,46.790000915527344,39.58437347412109,4879200,0.0010697311781138197,46.534000396728516,46.415500259399415,45.68280006408691,0.006748042491546021,52.447534725649355,0.30068918643080167,0.34289677220940534
2021-08-17,46.630001068115234,46.89500045776367,46.470001220703125,46.880001068115234,39.6605224609375,4916800,0.0019234911482557404,46.56300048828125,46.44300022125244,45.72080009460449,0.005509078631315532,59.55058106142644,0.3101574061876491,0.3363488990050541
2021-08-18,46.77000045776367,46.790000915527344,46.33000183105469,46.38999938964844,39.24597930908203,5431500,-0.010452253995362315,46.558000564575195,46.45300025939942,45.7442000579834,0.005995578057704417,52.64899700256542,0.27495251676118215,0.32406962255627975
2021-08-19,46.25,46.84999847412109,46.119998931884766,46.77999877929688,39.57592010498047,5385100,0.00840697121749634,46.55500030517578,46.49900016784668,45.774400024414064,0.005996857985035444,56.13492302165604,0.27534803884332604,0.314325305813689
2021-08-20,46.7599983215332,47.23699951171875,46.43000030517578,47.0,39.76203918457031,4420700,0.00470289068926788,46.58200035095215,46.535000228881835,45.79980003356933,0.005756190281524779,58.67048135653014,0.2900700063558759,0.3094742459221264
2021-08-23,47.13999938964844,47.15999984741211,46.720001220703125,46.81999969482422,39.60976028442383,4653700,-0.003829793727144315,46.6120002746582,46.5620002746582,45.827400054931644,0.005846771833881254,53.33331859057782,0.2839396715855216,0.30436733105480546
2021-08-24,46.93999862670898,46.93999862670898,46.34999847412109,46.470001220703125,39.313663482666016,4291800,-0.0074754053054764125,46.657000350952146,46.55300025939941,45.842800064086916,0.005839799365537065,50.410993836921506,0.2479808168174884,0.2930900282073421
2021-08-25,46.470001220703125,46.65499877929688,46.2599983215332,46.41999816894531,39.27134704589844,4543600,-0.0010760286301765287,46.672000122070315,46.555500221252444,45.86560005187988,0.0056829589432256244,44.14410595905107,0.21299308525709648,0.277070639617293
2021-08-26,46.470001220703125,46.595001220703125,46.275001525878906,46.45000076293945,39.29673767089844,2861300,0.0006463290645757347,46.67400016784668,46.5665002822876,45.89720008850097,0.005637035711539594,45.731734264986024,0.18554714255537874,0.25876594020491017
2021-08-27,46.63999938964844,46.959999084472656,46.540000915527344,46.83000183105469,39.61822509765625,2530500,0.008180862473061934,46.68300018310547,46.58900032043457,45.93300010681153,0.005877855540404041,54.49276259703958,0.19224288926204025,0.2454613300163362
2021-08-30,46.869998931884766,47.415000915527344,46.77000045776367,47.400001525878906,40.100433349609375,6169800,0.012171677824839078,46.74400024414062,46.63900032043457,45.994400100708006,0.006430935234370025,69.6022428634439,0.2407681036277367,0.24452268473861632
2021-08-31,47.2400016784668,47.7400016784668,47.119998931884766,47.68000030517578,40.33730697631836,4855300,0.005907147052389927,46.82400016784668,46.69350032806396,46.04960014343262,0.006488072901047946,69.85911436870106,0.2983787228766417,0.2552938923662214
2021-09-01,47.75,48.54999923706055,47.7400016784668,48.5,41.031044006347656,9196200,0.01719798006660689,47.035000228881835,46.79650039672852,46.12520011901856,0.0073136699250581465,74.58428021036073,0.405528001671577,0.28534071422729257
2021-09-02,48.58000183105469,48.72999954223633,48.13999938964844,48.72999954223633,41.22561264038086,6576100,0.004742258602810967,47.23000030517578,46.89250030517578,46.20820007324219,0.007214651292884723,74.09195533946148,0.5032030069266682,0.3289131727671677
2021-09-03,48.58000183105469,48.80500030517578,48.15499877929688,48.72999954223633,41.22561264038086,5537900,0.0,47.40300025939941,46.99250030517578,46.29540008544922,0.007177979063821011,73.77446007616294,0.5739945009934573,0.37792943841242566
2021-09-07,48.54999923706055,48.59999847412109,47.73400115966797,48.18999862670898,40.768775939941406,7162300,-0.011081488212601132,47.54000015258789,47.07600021362305,46.36540008544922,0.007634193694264171,64.45911374518522,0.5798396782858504,0.41831148638711063
2021-09-08,48.0099983215332,48.630001068115234,47.90999984741211,48.47999954223633,41.01411437988281,6704200,0.006017865195925065,47.74099998474121,47.19900016784668,46.44080009460449,0.0070854361813615496,74.1339194862058,0.6009453497303809,0.45483825905576475
2021-09-09,48.209999084472656,48.2599983215332,47.43999862670898,47.45000076293945,40.14274215698242,4573200,-0.021245849608548917,47.844000244140624,47.258000183105466,46.49620010375977,0.008827387100659256,56.740455782944636,0.5284676073600494,0.46956412871662173
2021-09-10,47.5,47.52000045776367,46.83000183105469,46.84999847412109,39.635135650634766,6203600,-0.01264493739032757,47.88400001525879,47.27900009155273,46.54660003662109,0.009339438047102671,48.59811817989943,0.41779719804893745,0.4592107425830849
2021-09-13,47.33000183105469,47.505001068115234,46.9109992980957,47.11000061035156,39.855098724365234,5495200,0.005549672245434456,47.91199989318848,47.29750003814697,46.59860008239746,0.009303486019740903,52.67035443614219,0.34706930192843544,0.436782454452155
2021-09-14,47.33000183105469,47.38999938964844,46.77000045776367,47.0099983215332,39.770503997802734,5234500,-0.002122740129966938,47.872999572753905,47.30849990844727,46.64440002441406,0.00931940617465231,55.2123154055242,0.279723111820843,0.40537058592589265
2021-09-15,47.11000061035156,47.43999862670898,46.83000183105469,47.18999862670898,39.92279052734375,4885700,0.003828979187461945,47.82399940490723,47.32399978637695,46.685800018310545,0.009346835785485025,57.250462827598156,0.23813027369563144,0.37192252347984045
2021-09-16,47.18999862670898,47.479000091552734,46.84999847412109,47.27999877929688,39.99892425537109,4685700,0.0019071870143467784,47.701999282836915,47.368499755859375,46.72440002441406,0.008995547397332713,57.7280912684741,0.2100090562974728,0.33953983004336696
2021-09-17,47.02000045776367,47.33000183105469,46.77299880981445,46.84999847412109,39.635135650634766,8711800,-0.009094761342593016,47.51399917602539,47.371999740600586,46.755199966430666,0.009086787000186343,50.18447067964876,0.15128147921881663,0.3018881598784569
2021-09-20,46.06999969482422,46.6150016784668,45.720001220703125,46.27000045776367,39.36375427246094,13017800,-0.012379894028764826,47.267999267578126,47.33549976348877,46.762399978637696,0.009429170324609253,39.594841521578395,0.05727819126578737,0.252966166155923
2021-09-21,46.459999084472656,46.83000183105469,46.2599983215332,46.27999877929688,39.37226104736328,6982600,0.00021608648010151832,47.076999282836915,47.3084997177124,46.76179992675781,0.009402757171557632,36.43410336935135,-0.01622626442998154,0.1991276800387421
2021-09-22,46.59999847412109,46.93000030517578,46.34999847412109,46.66999816894531,39.70404815673828,6432400,0.008426953326172049,46.895999145507815,47.31849956512451,46.780999908447264,0.009457427308816851,30.655385493837784,-0.04251924832873044,0.1507982943652476
2021-09-23,46.77999877929688,46.91999816894531,46.369998931884766,46.43999862670898,39.50837326049805,4571500,-0.004928209797732119,46.79499893188476,47.3194995880127,46.787599868774414,0.009524997518552784,25.792819341550015,-0.0809821564810349,0.10444220419599111
2021-09-24,46.34999847412109,46.52000045776367,45.77999877929688,45.90999984741211,39.05749130249024,5211600,-0.011412549417950446,46.700999069213864,47.29249954223633,46.78219985961914,0.009861956300459133,23.19393013740178,-0.15247314490346753,0.05305913437609938
2021-09-27,45.869998931884766,46.13999938964844,45.10499954223633,45.150001525878906,38.41092300415039,6701100,-0.01655409113611761,46.5049991607666,47.20849952697754,46.76059989929199,0.010254143896227547,22.26279785792225,-0.26737366410427654,-0.011027425319975803
2021-09-28,44.869998931884766,45.08000183105469,44.52999877929688,44.880001068115234,38.18122100830078,12068800,-0.00598007638181175,46.291999435424806,47.082499504089355,46.74799995422363,0.009745451689528053,17.032975478339537,-0.37588694313900106,-0.08399932888378085
2021-09-29,45.04999923706055,45.380001068115234,45.0,45.16999816894531,38.42793273925781,5975800,0.00646161082728014,46.08999938964844,46.95699939727783,46.72479988098144,0.00977192575112045,25.847416874710717,-0.4334871856995477,-0.15389690024693423
2021-09-30,45.380001068115234,45.39500045776367,44.45000076293945,44.45000076293945,37.81540298461914,6342800,-0.015939726260623677,45.806999588012694,46.754499435424805,46.689999923706054,0.009008099046663762,25.206596914346704,-0.5311112464673968,-0.22933976949102675
2021-10-01,44.7400016784668,45.25,44.400001525878906,44.93000030517578,38.223758697509766,8294700,0.010798639684985734,45.614999771118164,46.56449947357178,46.67139991760254,0.00942082004628527,28.458452134500817,-0.5632542223724428,-0.29612266006731
2021-10-04,44.84000015258789,45.15999984741211,44.650001525878906,44.97999954223633,38.26628875732422,10456400,0.0011128252107932557,45.48599967956543,46.37699947357178,46.64539993286133,0.009448987561708384,29.740478079519576,-0.5780300709385457,-0.35250414224155713
2021-10-05,45.060001373291016,45.060001373291016,44.43000030517578,44.630001068115234,37.968536376953125,5480300,-0.007781202260627951,45.32099990844726,46.19899959564209,46.6123999786377,0.009346208444557172,25.28952752113203,-0.6109394593924335,-0.40419120567173245
2021-10-06,44.459999084472656,45.09999847412109,43.95000076293945,45.060001373291016,38.33435821533203,8996300,0.009634781422467542,45.160000228881835,46.02799968719482,46.58059997558594,0.009578056401138164,29.89127392571406,-0.5954588766070401,-0.442444739858794
2021-10-07,45.29999923706055,45.720001220703125,45.04999923706055,45.11000061035156,38.37688446044922,7269800,0.0011096146368558824,45.027000427246094,45.91099967956543,46.55540000915527,0.008672975413190717,33.07389848420982,-0.5725558156095971,-0.4684669550089547
2021-10-08,45.11000061035156,45.16999816894531,44.54999923706055,44.619998931884766,37.96002578735352,5464400,-0.010862373572088857,44.89800033569336,45.799499702453616,46.52319999694824,0.00857168871794746,33.66331173932487,-0.587175422334191,-0.492208648474002
2021-10-11,44.59999847412109,44.8759994506836,44.34000015258789,44.68000030517578,38.01108169555664,4151900,0.0013447192901687721,44.851000213623045,45.67799968719483,46.48919998168945,0.00841658999132254,34.313712290527775,-0.5871516380258726,-0.5111972463843761
2021-10-12,44.75,45.47999954223633,44.65999984741211,45.27999877929688,38.521522521972656,5663300,0.013428792972761006,44.890999984741214,45.591499710083006,46.466799926757815,0.00915042659017006,36.91146868278478,-0.5325786906974344,-0.5154735352469878
2021-10-13,45.20000076293945,45.59000015258789,44.85300064086914,45.540000915527344,38.74270248413086,9279200,0.005742096803000418,44.92800025939941,45.508999824523926,46.4457999420166,0.009222448089726715,41.573043339736465,-0.4630119240519548,-0.5049812130079812
2021-10-14,45.81999969482422,46.23500061035156,45.709999084472656,46.18000030517578,39.28717803955078,4392500,0.014053565585902872,45.101000213623045,45.45399990081787,46.44059997558594,0.009853437005240153,52.47707154071267,-0.35217747552240297,-0.47442046551086553
2021-10-15,46.47999954223633,46.59999847412109,45.91999816894531,46.20000076293945,39.30419158935547,5210100,0.0004330978265807417,45.228000259399415,45.421500015258786,46.42839996337891,0.009676841832113998,61.14649991050436,-0.25973247248793285,-0.431482866906279
2021-10-18,46.02999877929688,46.470001220703125,45.93000030517578,46.27999877929688,39.37226104736328,4251300,0.00173155876702058,45.35800018310547,45.42199993133545,46.419399948120116,0.009283304641416565,65.48672491684881,-0.17796252894821407,-0.380778799314666
2021-10-19,46.52000045776367,46.70000076293945,46.40999984741211,46.4900016784668,39.55091857910156,3509700,0.004537659998034904,45.544000244140626,45.43250007629395,46.41879997253418,0.009337466288147241,64.86490898421626,-0.09511732733575684,-0.32364650491888425
2021-10-20,46.58000183105469,47.209999084472656,46.5099983215332,47.20000076293945,40.15494537353516,5596400,0.015272081282834415,45.758000183105466,45.459000205993654,46.442399978637695,0.009767804221302516,81.03837257964796,0.02751194365570342,-0.25341481520396675
2021-10-21,47.18000030517578,47.38999938964844,47.025001525878906,47.34999847412109,40.28255081176758,5528800,0.0031779175584125685,45.98199996948242,45.504500198364255,46.46399993896485,0.009693797996468141,79.51218377543518,0.13524111078138645,-0.17568363000689613
2021-10-22,47.4900016784668,47.79499816894531,47.40999984741211,47.68999862670898,40.57179260253906,5378000,0.007180573675703794,46.28899993896484,45.5935001373291,46.48919990539551,0.009323691237910407,80.86559750854177,0.24522561445346014,-0.09150178111482489
2021-10-25,47.72999954223633,47.94499969482422,47.35499954223633,47.83000183105469,40.6909065246582,4933100,0.002935693193065081,46.604000091552734,45.72750015258789,46.51099990844727,0.008244493015986504,88.27748336090924,0.3397695625266408,-0.005247512386531761
2021-10-26,47.88999938964844,48.21900177001953,47.83000183105469,48.04999923706055,40.87806701660156,9546200,0.004599569257449199,46.8810001373291,45.886000061035155,46.53619987487793,0.007978535042466959,87.65739224684638,0.4275200891311428,0.08130600791700317
2021-10-27,48.290000915527344,48.31999969482422,47.70000076293945,47.70000076293945,40.58030700683594,7158300,-0.007284047443878894,47.09700012207031,46.01250019073486,46.552599868774415,0.00829123521043011,80.32786738791536,0.46347837170756634,0.1577404806751158
2021-10-28,47.68999862670898,48.400001525878906,47.672000885009766,48.400001525878906,41.17583465576172,6690300,0.014675068170718397,47.319000244140625,46.21000022888184,46.59279991149902,0.007439205351579108,92.18753326152392,0.5422095272175156,0.23463428998359578
2021-10-29,48.220001220703125,48.36000061035156,47.61000061035156,47.81999969482422,40.682395935058594,7925200,-0.011983508528291442,47.481000137329104,46.354500198364256,46.61359992980957,0.008104903301377099,81.39999389648438,0.5514465026785729,0.29799673252259123
2021-11-01,47.93999862670898,48.025001525878906,47.14500045776367,47.93000030517578,40.77598190307617,6766900,0.0023003055427344155,47.64600028991699,46.50200023651123,46.632199935913086,0.008093513134145065,79.37916042866686,0.5611741361,0.35063221323807303
2021-11-02,48.16999816894531,48.54800033569336,47.91999816894531,48.380001068115234,41.15880584716797,6617300,0.009388707700276333,47.83500022888184,46.68950023651123,46.66339996337891,0.007770202305250743,80.2127626763587,0.5982978512247854,0.40016534083541555
2021-11-03,48.43999862670898,48.7599983215332,48.15999984741211,48.65999984741211,41.39701461791992,4814500,0.005787490142934448,47.981000137329104,46.869500160217285,46.70719993591309,0.007672211779744133,78.5714222931252,0.6429012588450931,0.4487125244373511
2021-11-04,48.58000183105469,48.70000076293945,47.90999984741211,48.11000061035156,40.92911148071289,4620600,-0.01130290256443145,48.05700035095215,47.019500160217284,46.74099998474121,0.008377591689331306,69.60985899716522,0.6266458554904233,0.48429919064796556
2021-11-05,48.58000183105469,48.84999847412109,48.13800048828125,48.220001220703125,41.02269744873047,5731400,0.0022864395958435146,48.11000061035156,47.199500274658206,46.77639999389648,0.007699680090274505,69.79593711512437,0.6155438547649155,0.5105481234713556
2021-11-08,48.36000061035156,48.41999816894531,47.77000045776367,48.209999084472656,41.01418685913086,5791700,-0.0002074271252024973,48.14800033569336,47.376000213623044,46.80399993896484,0.007734695442494366,68.29784177449949,0.5990330700554267,0.5282451127881699
2021-11-09,48.310001373291016,48.47999954223633,48.20000076293945,48.38999938964844,41.16732406616211,4410400,0.0037336716157241323,48.18200035095215,47.531500244140624,46.82379989624023,0.0073984547384410675,64.26856187811087,0.5936296810799035,0.5413220264465166
2021-11-10,48.2400016784668,48.560001373291016,48.14500045776367,48.150001525878906,40.963134765625,5063100,-0.0049596583342976786,48.2270004272461,47.662000274658205,46.833199920654295,0.007600793200038011,59.38970247167193,0.5634861173245369,0.5457548446221206
2021-11-11,48.209999084472656,48.209999084472656,47.810001373291016,48.16999816894531,40.98015975952149,4191900,0.0004152989082597536,48.204000091552736,47.76150016784668,46.8265998840332,0.0071373677844404895,56.09136687234419,0.5350430446858923,0.543612484634875
2021-11-12,48.33000183105469,48.34999847412109,48.0099983215332,48.18999862670898,40.99717330932617,3902800,0.0004152056990642805,48.24099998474121,47.861000061035156,46.81579986572265,0.007137593563995951,54.71200502502016,0.5082567075434739,0.5365413292165948
2021-11-15,48.209999084472656,48.459999084472656,48.0099983215332,48.459999084472656,41.22686767578125,3591500,0.005602831821083232,48.2939998626709,47.97000007629394,46.810399856567386,0.00717845265552715,55.29715711332808,0.5030166598883312,0.5298363953509422
2021-11-16,48.4900016784668,48.58000183105469,48.06499862670898,48.15999984741211,40.97164535522461,4936700,-0.0061906570930305715,48.271999740600585,48.05349998474121,46.809799880981444,0.007402045660166595,56.02093090604061,0.4692472627874338,0.5177185688382405
2021-11-17,48.060001373291016,48.540000915527344,47.459999084472656,48.47999954223633,41.24388885498047,15340000,0.006644511956771071,48.25399971008301,48.117499923706056,46.809799880981444,0.006802206071649177,51.16276232984946,0.46296925196459426,0.5067687054635113
2021-11-18,48.52999877929688,48.58000183105469,48.25,48.470001220703125,41.2353744506836,5484700,-0.00020623600717017965,48.28999977111816,48.173500061035156,46.83019989013672,0.0067967131846282955,61.32408766109481,0.45197699274216774,0.4958103629192426
2021-11-19,48.52000045776367,48.59000015258789,48.09000015258789,48.209999084472656,41.01418685913086,5099600,-0.005364186706878216,48.28899955749512,48.19950008392334,46.85739990234375,0.00679377243128435,54.63574653203212,0.41747317772340153,0.48014292588007434
2021-11-22,48.220001220703125,48.41999816894531,47.84999847412109,47.970001220703125,40.810001373291016,5416900,-0.004978176069844187,48.26499977111816,48.20650005340576,46.87459991455078,0.006878324981474522,42.7046128073655,0.366537616394055,0.4574218639828705
2021-11-23,48.119998931884766,48.6150016784668,47.89500045776367,48.47999954223633,41.24388885498047,9784700,0.010631609517514296,48.273999786376955,48.22800006866455,46.903999938964844,0.007207223566808746,47.03946212649765,0.36313739751025054,0.43856497068834654
2021-11-24,48.470001220703125,49.19499969482422,48.34000015258789,49.130001068115234,41.79686737060547,5086700,0.013407622360074756,48.371999740600586,48.29950008392334,46.94279998779297,0.007514119824730717,66.24206839494565,0.40818706401030624,0.4324893893527385
2021-11-26,48.470001220703125,48.59000015258789,47.72999954223633,47.79999923706055,40.66538619995117,6829200,-0.02707107270791087,48.33499984741211,48.269499969482425,46.95319999694824,0.009258752632093378,45.1834599504614,0.332733670169695,0.41253824551612983
2021-11-29,48.16999816894531,48.7599983215332,47.80899810791016,48.400001525878906,41.17583465576172,7173400,0.012552349338808444,48.356000137329104,48.298500061035156,46.9842000579834,0.0092940464277327,51.91921776309097,0.31768935706446655,0.3935684678257972
2021-11-30,48.18000030517578,48.29999923706055,47.369998931884766,47.38999938964844,40.31657409667969,11022100,-0.020867812074147007,48.24900016784668,48.27150001525879,47.006600036621094,0.010448864399974,41.34947914191732,0.22171213955264335,0.35919720217116646
2021-12-01,47.900001525878906,48.43000030517578,46.7400016784668,46.77000045776367,39.78911972045898,12299600,-0.013082906517618453,48.11000022888184,48.19099998474121,47.01640007019043,0.01053579444193131,38.79869235146987,0.0945310755448574,0.3062639768459047
2021-12-02,47.09000015258789,48.34000015258789,46.97999954223633,48.04999923706055,40.87806701660156,10097200,0.027367944553534862,48.067000198364255,48.16049995422363,47.04400009155273,0.012294552712842898,49.1913820767885,0.09591867929411535,0.2641949173355468
2021-12-03,48.11000061035156,48.34000015258789,47.400001525878906,47.810001373291016,40.67388916015625,11826500,-0.004994752707184746,48.001000213623044,48.1454999923706,47.07140014648437,0.01208351477043989,47.51310678157366,0.07676761413264899,0.22670945669496723
2021-12-06,48.15999984741211,48.900001525878906,48.13999938964844,48.5,41.26090240478516,8711100,0.014432098031573082,48.03000030517578,48.159499931335446,47.12320014953613,0.012514846762301484,50.248144712430424,0.11593099923781836,0.20455376520353746
2021-12-07,48.880001068115234,49.435001373291016,48.7599983215332,49.36000061035156,41.99253463745117,7763600,0.017731971347454856,48.169000244140626,48.217000007629395,47.20740013122558,0.013100893371350284,56.96056213244259,0.2138974493712027,0.20642250203707052
2021-12-08,49.36000061035156,49.70000076293945,49.18999862670898,49.56999969482422,42.17119598388672,6931400,0.004254438449674991,48.27800025939941,48.276000022888184,47.30120010375977,0.013106582842253413,56.40423247693138,0.30496627659179865,0.22613125694801614
2021-12-09,49.459999084472656,49.470001220703125,48.89500045776367,48.93999862670898,41.63522338867188,3572400,-0.012709321605685275,48.25900001525879,48.31549987792969,47.37660011291504,0.013411977178162884,52.57391758500022,0.32258460272305456,0.24542192610302385
2021-12-10,49.13999938964844,49.22999954223633,48.88199996948242,49.18999862670898,41.84790802001953,3683700,0.0051082960158392865,48.39799995422363,48.366499900817864,47.47140007019043,0.013444074119999993,55.37280513712621,0.35265497672647683,0.26686853622771445
2021-12-13,49.04999923706055,50.07500076293945,48.97999954223633,49.84999847412109,42.409400939941406,5105600,0.01341735852486381,48.54299964904784,48.449499893188474,47.56980003356934,0.013719034024502303,59.85323413521936,0.4248450869019038,0.2984638463625523
2021-12-14,49.7400016784668,49.84999847412109,48.93000030517578,49.29999923706055,41.94149017333984,8920600,-0.01103308433090655,48.733999633789054,48.491499900817864,47.65620002746582,0.013977222670885203,54.27974706730272,0.4326881675655443,0.3253087106031507
2021-12-15,49.459999084472656,50.09999847412109,49.40999984741211,50.02999877929688,42.56252670288086,8196000,0.014807293175119751,49.059999465942376,48.58499984741211,47.76419998168945,0.014199290633050487,54.65837331986477,0.4921356937617176,0.3586741072348641
2021-12-16,50.13999938964844,50.54999923706055,49.90499877929688,50.220001220703125,42.72417449951172,7161500,0.0037977702586886597,49.276999664306636,48.67199993133544,47.86739997863769,0.014164533494835006,64.2018888123263,0.548259896862227,0.3965912651603367
2021-12-17,50.16999816894531,50.64500045776367,49.97999954223633,50.04999923706055,42.579551696777344,8626500,-0.0033851449524158195,49.50099945068359,48.75099983215331,47.96619995117187,0.014206713566783357,60.1977606925868,0.5724224630251769,0.43175750473330476
2021-12-20,49.04999923706055,49.5,48.77000045776367,49.29999923706055,42.300689697265625,9760200,-0.014985015213439756,49.58099937438964,48.80549983978271,48.05979995727539,0.014615535943445404,62.19668155357118,0.5250008557394494,0.4504061749345337
2021-12-21,49.63999938964844,49.88999938964844,49.375,49.58000183105469,42.54093551635742,6024000,0.0056795658889921,49.60299949645996,48.88599987030029,48.15779998779297,0.014571878710166113,68.7583494231354,0.5042006483471582,0.4611650696170586
2021-12-22,49.72999954223633,50.09999847412109,49.67499923706055,50.06999969482422,42.96137237548828,4530000,0.009882973894176361,49.652999496459955,48.96549987792968,48.25360000610352,0.014548814421190066,65.07462856524697,0.521246461906351,0.47318134807491713
2021-12-23,50.16999816894531,50.18999862670898,49.630001068115234,49.91999816894531,42.83266067504883,5264600,-0.0029958363649523756,49.750999450683594,49.004999732971186,48.34119995117187,0.01431548710528497,65.96063073466634,0.5166953797312601,0.48188415440618576
2021-12-27,50.060001373291016,50.93999862670898,49.959999084472656,50.93999862670898,43.707855224609375,5183100,0.02043270222710447,49.92599945068359,49.161999702453606,48.436399917602536,0.013338678650472243,67.5792249795386,0.5886090085070705,0.5032291252263628
2021-12-28,50.93999862670898,51.18000030517578,50.77000045776367,51.15999984741211,43.89661407470703,5592700,0.004318830518927008,50.056999588012694,49.299999618530265,48.535599899291995,0.013163034512320093,64.28569266046992,0.6557937551139332,0.5337420512038769
2021-12-29,51.2599983215332,51.619998931884766,51.02000045776367,51.470001220703125,44.16261672973633,4404700,0.00605944828412075,50.273999786376955,49.503999710083,48.639399948120115,0.011927585339556294,64.84374068678758,0.7256873982722709,0.5721311206175557
2021-12-30,51.52000045776367,51.869998931884766,51.43999862670898,51.70000076293945,44.35994338989258,3665900,0.004468613498765928,50.44099998474121,49.75049972534179,48.74359992980957,0.011212928184041003,72.99998855592284,0.7905249750758969,0.6158098915092239
2021-12-31,51.720001220703125,52.16999816894531,51.65999984741211,51.810001373291016,44.45433807373047,3979100,0.0021276713487095034,50.6,49.93849983215331,48.8357999420166,0.009918396878309036,72.35494080717848,0.8410897921999378,0.6608658716473668
2022-01-03,51.97999954223633,51.97999954223633,50.54999923706055,51.33000183105469,44.04248428344727,8441200,-0.009264611648587495,50.728000259399415,50.1144998550415,48.91540000915527,0.01016112231411459,63.02818036508222,0.8328304712816745,0.6952587915742284
2022-01-04,51.470001220703125,51.68999862670898,51.08000183105469,51.130001068115234,43.870880126953125,7440700,-0.0038963716307224283,50.911000442504886,50.24599990844726,48.9842000579834,0.009957943019126145,67.16696606857855,0.8009140709969174,0.7163898474587663
2022-01-05,50.959999084472656,50.959999084472656,49.43999862670898,49.470001220703125,42.446556091308594,14980800,-0.03246625880567966,50.900000381469724,50.25149993896484,49.01700004577637,0.012069641245740455,45.527183027182964,0.634359478148383,0.6999837735966897
2022-01-06,49.5099983215332,49.67499923706055,48.880001068115234,49.52999877929688,42.4980354309082,9807100,0.0012128068953562998,50.846000289916994,50.24949989318847,49.04660003662109,0.012034724970455653,44.371925841846455,0.5014249502130212,0.6602720089199561
2022-01-07,49.369998931884766,49.5989990234375,49.040000915527344,49.27000045776367,42.27495193481445,6141100,-0.005249310073512148,50.78100051879883,50.265999984741214,49.07800003051758,0.01173091362426152,43.729914580236205,0.37081911549504554,0.602381430234974
2022-01-10,48.84999847412109,48.97999954223633,48.25,48.97999954223633,42.02611923217773,6870600,-0.0058859531729849035,50.585000610351564,50.25550003051758,49.089599990844725,0.011756331509086063,47.22222590151993,0.24113277177940518,0.5301316985438603
2022-01-11,48.880001068115234,48.98500061035156,48.17499923706055,48.900001525878906,41.957481384277344,7442400,-0.0016332792385683748,50.359000778198244,50.20800018310547,49.11120002746582,0.011315758662560984,43.88488665678689,0.13039710207306143,0.4501847792497006
2022-01-12,48.84000015258789,49.34999847412109,48.84000015258789,49.02999877929688,42.06901550292969,4686800,0.0026584304572909723,50.115000534057614,50.19450016021729,49.13319999694824,0.01108223206169127,39.999985328078935,0.052522530899750564,0.3706523295797106
2022-01-13,49.20000076293945,49.29999923706055,48.7760009765625,48.86000061035156,41.923152923583984,5481200,-0.0034672276805582936,49.83100051879883,50.13600025177002,49.14279998779297,0.010517360646137858,39.84675421480724,-0.022649964617997398,0.291991870740169
2022-01-14,48.58000183105469,48.63999938964844,47.72999954223633,48.290000915527344,41.43408203125,5737300,-0.011665978053701842,49.47900047302246,50.03950023651123,49.135400009155276,0.010702841049060288,22.222204450487112,-0.12675773631026743,0.20824194933008175
2022-01-18,47.9900016784668,48.119998931884766,47.47999954223633,47.959999084472656,41.15093231201172,8948300,-0.0068337507723794655,49.14200019836426,49.93500022888183,49.13239997863769,0.010755630882323439,17.21306285425746,-0.23320405408708922,0.11995274864664755
2022-01-19,48.209999084472656,48.5,47.34000015258789,47.34000015258789,40.61896514892578,7152500,-0.012927417508760808,48.763000106811525,49.8370002746582,49.11479995727539,0.010634807869568734,10.211866742617957,-0.3634031745003341,0.023281564017251233
2022-01-20,47.43000030517578,48.06100082397461,46.869998931884766,46.91999816894531,40.258583068847656,7586800,-0.008872031734026509,48.50799980163574,49.704000091552736,49.08899993896485,0.010581396166655788,5.5761298927276925,-0.49477411739957944,-0.08032957226611491
2022-01-21,47.150001525878906,47.46500015258789,46.775001525878906,46.88999938964844,40.232852935791016,10920600,-0.0006393601975187568,48.2439998626709,49.545000076293945,49.058999938964845,0.010176690629452357,3.584813450212266,-0.5944546833483173,-0.1831545944825554
2022-01-24,46.470001220703125,47.084999084472656,45.35300064086914,46.9900016784668,40.31865310668945,19972200,0.002132699725315712,48.015999984741214,49.39850025177002,49.0357999420166,0.010247162975766718,5.8942567805936505,-0.6578001899454549,-0.2780837135751353
2022-01-25,46.43000030517578,47.20000076293945,45.9900016784668,46.86000061035156,40.20710754394531,10908900,-0.00276656870550418,47.80400009155274,49.19450035095215,49.00959999084473,0.008646720184741764,5.9793282507354775,-0.7103040174715431,-0.36452777435441686
2022-01-26,47.09999847412109,47.66999816894531,45.744998931884766,46.08000183105469,39.53784942626953,12858500,-0.016645300237673744,47.52200012207031,48.94050045013428,48.96740005493164,0.008837261593653641,7.3047246591272454,-0.8055669870444788,-0.45273561689242925
2022-01-27,46.43000030517578,46.71500015258789,45.06999969482422,45.25,38.82568359375,8783800,-0.01801219179846747,47.14400024414063,48.62950038909912,48.90320007324219,0.008865443694082095,4.852313204492134,-0.9372339384801336,-0.5496352812099702
2022-01-28,45.34999847412109,46.81999969482422,44.79999923706055,46.81999969482422,40.17278289794922,6455400,0.03469612585246895,46.94000015258789,48.38550033569336,48.87640007019043,0.012601739785174561,29.75205725703691,-0.904468936872739,-0.620602012342524
2022-01-31,46.56999969482422,47.40999984741211,46.41999816894531,47.34000015258789,40.61896514892578,4557200,0.011106374650855733,46.84500007629394,48.162000274658205,48.85360008239746,0.013017230377839537,36.94267748064712,-0.827009495257613,-0.6618835089255418
2022-02-01,47.34000015258789,47.40999984741211,46.709999084472656,47.02000045776367,40.344383239746094,8057400,-0.006759604854093437,46.751000213623044,47.94650020599365,48.824600067138675,0.012980171084753753,35.58281490704019,-0.7824243301006106,-0.6859916731605556
2022-02-02,47.27999877929688,47.935001373291016,47.2400016784668,47.83000183105469,41.03938674926758,6716600,0.01722674107624922,46.80000038146973,47.781500244140624,48.81700012207031,0.0138449288666344,41.666693157603014,-0.6739609221498171,-0.683585522958408
2022-02-03,47.54999923706055,47.709999084472656,47.27999877929688,47.34000015258789,40.61896514892578,4484000,-0.010244651049723608,46.842000579833986,47.67500019073486,48.80440010070801,0.012165828139442515,39.89362484623286,-0.6203904552609245,-0.6709465094189113
2022-02-04,47.0,47.29999923706055,46.34000015258789,46.68999862670898,40.06123733520508,5447900,-0.013730492686603424,46.82200050354004,47.53300018310547,48.76860008239746,0.012406317855056291,39.47368288964945,-0.6232012886202511,-0.6613974652591794
2022-02-07,46.68999862670898,47.0099983215332,46.560001373291016,46.70000076293945,40.06982421875,5403300,0.00021422438476470518,46.79300041198731,47.40450019836426,48.72000007629394,0.01241145087589543,41.346177526748704,-0.6175036082922745,-0.6526186938657985
2022-02-08,46.56999969482422,46.71500015258789,46.18000030517578,46.27999877929688,39.70945358276367,4876000,-0.00899361834648793,46.73500022888184,47.269500160217284,48.68960006713867,0.012474016866469796,42.51412863156619,-0.6395069673197042,-0.6499963485565796
2022-02-09,46.83000183105469,47.42499923706055,46.810001373291016,47.400001525878906,40.67045211791992,4927400,0.0242005785679289,46.86700019836426,47.19450016021729,48.669600067138674,0.013857438286508792,53.084848912764215,-0.5601132891401264,-0.6320197366732889
2022-02-10,46.630001068115234,47.21500015258789,45.78499984741211,46.04999923706055,39.51210784912109,8187100,-0.02848106002868589,46.947000122070314,47.04550018310547,48.64280006408691,0.015066262535633236,45.38462344609026,-0.5992196977753679,-0.6254597288937047
2022-02-11,46.220001220703125,46.33000183105469,45.13999938964844,45.41999816894531,38.97154998779297,9040100,-0.013680805180301014,46.80699996948242,46.87350006103516,48.615800018310544,0.015254035050007232,41.848386045124265,-0.6732864028774088,-0.6350250636904455
2022-02-14,45.459999084472656,45.68999862670898,44.72999954223633,44.93000030517578,38.55112075805664,6979200,-0.010788152433360398,46.56599998474121,46.70550003051758,48.55340003967285,0.01523064934320444,40.34035150155299,-0.762731241843511,-0.6605662993210587
2022-02-15,45.34999847412109,45.540000915527344,44.9900016784668,45.150001525878906,38.73987579345703,5395100,0.00489653281123581,46.37900009155273,46.56500015258789,48.50020004272461,0.015320698340280178,45.06893547063902,-0.8065670582783042,-0.6897664511125078
2022-02-16,45.220001220703125,45.380001068115234,44.790000915527344,45.27000045776367,38.84284591674805,5675200,0.0026577835621108825,46.12299995422363,46.46150016784668,48.43560005187988,0.01517971817096942,50.11468135731281,-0.8221471471491952,-0.7162425903198453
2022-02-17,45.150001525878906,45.31999969482422,44.775001525878906,44.880001068115234,38.50821685791016,5008400,-0.008614963236245221,45.87700004577637,46.359500312805174,48.346000061035156,0.015173811355284656,37.135308709182425,-0.8560956336479251,-0.7442131989854613
2022-02-18,44.7400016784668,45.18999862670898,44.54100036621094,44.68000030517578,38.33661651611328,6226000,-0.00445634487922375,45.67600021362305,46.24900035858154,48.24820007324219,0.015178327245362047,31.578980737926003,-0.8888918519238942,-0.773148929573148
2022-02-22,44.59999847412109,44.869998931884766,44.290000915527344,44.560001373291016,38.233646392822266,6832300,-0.00268574151891543,45.4620002746582,46.12750034332275,48.160600128173826,0.015142427794922931,32.478668705515645,-0.914029637425223,-0.8013250711435631
2022-02-23,44.95000076293945,45.20000076293945,43.91999816894531,43.97999954223633,37.73599624633789,5917600,-0.013016198679974389,45.23200035095215,45.98350028991699,48.05640014648438,0.015322761312400485,21.649519287220343,-0.9695761437861776,-0.8349752856720861
2022-02-24,43.15999984741211,44.875,43.0,44.7400016784668,38.388092041015625,11608800,0.017280630835400546,44.966000366210935,45.9165002822876,47.95420021057129,0.015614236030349933,31.586446502480086,-0.9414192345544592,-0.8562640754485608
2022-02-25,44.91999816894531,45.89500045776367,44.709999084472656,45.86000061035156,39.349082946777344,6193400,0.02503350223216061,44.94700050354004,45.94700031280517,47.88540023803711,0.016155319413122933,44.48873247356697,-0.8192859095695155,-0.8488684422727517
2022-02-28,45.27000045776367,45.52999877929688,44.59000015258789,45.06999969482422,38.67123794555664,8591800,-0.01722636077220252,44.91200065612793,45.859500312805174,47.786200256347655,0.014508391803231982,40.1925433077842,-0.7772808315798585,-0.8345509201341731
2022-03-01,45.290000915527344,45.540000915527344,44.72999954223633,44.97999954223633,38.5940055847168,9027900,-0.001996897119975527,44.91700057983398,45.741500282287596,47.68140022277832,0.014187047367733041,41.854648692033216,-0.7426924683290963,-0.8161792297731578
2022-03-02,45.13999938964844,45.98500061035156,45.12200164794922,45.77999877929688,39.28043365478516,5481500,0.017785665744824097,44.980000305175786,45.679500198364266,47.59600021362305,0.01484191194041728,39.425574594726015,-0.6433119885428553,-0.7816057815270974
2022-03-03,46.040000915527344,46.45500183105469,45.66999816894531,46.27999877929688,39.70945358276367,5774900,0.010921800203850474,45.0810001373291,45.602000045776364,47.53560020446778,0.014492066104259394,51.688689396880285,-0.5182325586414649,-0.7289311369499709
2022-03-04,45.93000030517578,46.709999084472656,45.83000183105469,46.66999816894531,40.04408645629883,6193600,0.008426953326172049,45.25999984741211,45.56849994659424,47.477400131225586,0.014503629265080649,59.51293803700431,-0.38321900773661355,-0.6597887111072995
2022-03-07,46.58000183105469,46.720001220703125,45.81999969482422,45.81999969482422,39.31476211547852,7882200,-0.018212952806299643,45.373999786376956,45.525000000000006,47.392400131225585,0.014749555268041658,56.421351734889015,-0.3408781380659818,-0.5960065964990361
2022-03-08,45.83000183105469,46.310001373291016,45.369998931884766,45.40999984741211,38.96296691894531,10469300,-0.008948054346199052,45.45899963378906,45.460499954223636,47.302200164794925,0.014857089725443393,51.82583118354751,-0.336526981415993,-0.5441106734824275
2022-03-09,46.18999862670898,46.61000061035156,46.04999923706055,46.16999816894531,39.61506652832031,6229300,0.01673636476738527,45.67799949645996,45.454999923706055,47.20680015563965,0.01526379111333727,55.79895557892222,-0.2686562435033366,-0.4890197874866093
2022-03-10,45.720001220703125,46.400001525878906,45.470001220703125,46.33000183105469,39.75235748291016,5638500,0.00346553321323273,45.83699951171875,45.40149993896485,47.1102001953125,0.014200037268321326,59.628155799680336,-0.19965572943195298,-0.4311469758756781
2022-03-11,46.560001373291016,46.880001068115234,45.85499954223633,45.869998931884766,39.35765838623047,4363500,-0.009928834038197332,45.83799934387207,45.392499923706055,46.99820014953613,0.012855801682865481,57.63798398023999,-0.1800156066097287,-0.3809207020224882
2022-03-14,46.220001220703125,46.2400016784668,45.40999984741211,45.59000015258789,39.11741638183594,4846100,-0.0061041810729636214,45.88999938964844,45.401000022888184,46.8760001373291,0.012542912341966922,56.47797601396515,-0.18491267104779752,-0.34171909582755006
2022-03-15,46.119998931884766,46.310001373291016,45.540000915527344,45.95000076293945,39.42630386352539,4988500,0.007896481885208528,45.98699951171875,45.452000045776366,46.75880012512207,0.01237126980549886,62.74256381102402,-0.15792413813165496,-0.304960104288371
2022-03-16,46.310001373291016,46.66899871826172,45.5,46.459999084472656,39.86389923095703,6868200,0.011098983962249287,46.05499954223633,45.517499923706055,46.66140007019043,0.012545444548498551,61.49730956729192,-0.09429594409348852,-0.2628272722493945
2022-03-17,46.31999969482422,47.13999938964844,46.27000045776367,47.119998931884766,40.43019104003906,4499700,0.014205765398576764,46.13899955749512,45.60999984741211,46.58120002746582,0.012862988371094917,58.97434643426359,0.009279363212520764,-0.20840594515701147
2022-03-18,47.290000915527344,47.43999862670898,46.93000030517578,47.22999954223633,40.52458572387695,4727800,0.002334478201295731,46.19499969482422,45.72749977111816,46.53639999389648,0.012614306778993478,67.03469870210043,0.09909733798786391,-0.14690528852803642
2022-03-21,46.95000076293945,47.220001220703125,46.4900016784668,46.720001220703125,40.31660461425781,3979300,-0.010798186035914092,46.28499984741211,45.82949981689453,46.48020004272461,0.012878765964641872,62.8698380954047,0.12765460496319037,-0.09199330982979106
2022-03-22,46.88999938964844,47.06999969482422,46.68000030517578,46.75,40.34249114990234,2853300,0.0006420971428309219,46.4189998626709,45.93899974822998,46.429800033569336,0.012832191230532261,58.0968411238522,0.15096684376283065,-0.04340127911126672
2022-03-23,46.619998931884766,46.79999923706055,46.16400146484375,46.220001220703125,39.8851318359375,3976800,-0.011336872284425148,46.42400016784668,46.05099983215332,46.37460006713867,0.012730549364685598,49.50168112915096,0.12523189354783426,-0.009674644579446525
2022-03-24,46.290000915527344,46.58000183105469,46.09000015258789,46.58000183105469,40.195796966552734,3758900,0.007788849001377995,46.44900016784668,46.14299983978272,46.328200073242186,0.01232345241506104,49.24877821380399,0.13236003658638396,0.018732291653719573
2022-03-25,46.7599983215332,47.15999984741211,46.59999847412109,47.130001068115234,40.67041778564453,4003200,0.0118076259218578,46.57500038146973,46.206499862670896,46.29020011901856,0.01134330986932214,61.5114383959764,0.18031097056628909,0.051048027436233476
2022-03-28,47.15999984741211,47.7599983215332,47.15999984741211,47.72999954223633,41.18816375732422,3705400,0.012730712084091378,46.78900032043457,46.3394998550415,46.26760009765625,0.010710651173437615,69.72789777644566,0.26368766639991037,0.09357595522896886
2022-03-29,48.09000015258789,49.20000076293945,48.09000015258789,49.130001068115234,42.396297454833984,5108100,0.029331689488914403,47.10700035095215,46.54699993133545,46.284400100708005,0.012147360656781106,72.69940714225953,0.4376873342439396,0.16239823103196302
2022-03-30,48.93999862670898,48.9900016784668,48.59000015258789,48.86000061035156,42.16329956054688,3881400,-0.005495633052996163,47.34700050354004,46.70100002288818,46.30240013122559,0.011919794449566245,69.07993836643433,0.5474854724284199,0.2394156793112544
2022-03-31,49.09999847412109,49.220001220703125,48.290000915527344,48.31999969482422,41.69731140136719,5624200,-0.011052003863727733,47.467000579833986,46.80300006866455,46.322000122070314,0.012192600344923105,68.25635238504023,0.5841935079732963,0.30837124504366276
2022-04-01,48.54999923706055,49.310001373291016,48.29999923706055,49.27999877929688,42.52574157714844,6746700,0.019867530847180292,47.67200050354004,46.933500099182126,46.36920013427734,0.012754110333387046,74.96617615859242,0.6828770125550179,0.3832723985459338
2022-04-04,49.2599983215332,49.43000030517578,48.69499969482422,49.130001068115234,42.396297454833984,5056000,-0.0030437847990504308,47.91300048828125,47.09900016784668,46.41400016784668,0.011858230854302204,72.1448715115142,0.7404454450241502,0.45470700784157714
2022-04-05,48.93999862670898,49.810001373291016,48.93999862670898,49.16999816894531,42.43080520629883,5239100,0.0008141074691738748,48.15500030517578,47.28700008392334,46.45760009765625,0.01151214474592312,70.19375957939351,0.7803014449448327,0.5198258952622282
2022-04-06,48.959999084472656,49.959999084472656,48.75,49.900001525878906,43.060768127441406,6810900,0.014846519912922185,48.52300033569336,47.47350025177002,46.5184001159668,0.011409818139149567,70.50150928215555,0.8608692175731676,0.5880345597244161
2022-04-07,49.619998931884766,49.709999084472656,49.13999938964844,49.4900016784668,42.70695495605469,6015900,-0.008216429556609839,48.81400032043457,47.631500244140625,46.586600112915036,0.011730620609533155,65.96048013500157,0.8814751004078119,0.6467226678610953
2022-04-08,49.4900016784668,49.83000183105469,49.25,49.66999816894531,42.86227416992188,5033700,0.003637027366617307,49.06800003051758,47.82150020599365,46.67500007629395,0.011305721561363195,71.85185394496654,0.9019327047134951,0.6977646752315753
2022-04-11,49.560001373291016,49.790000915527344,48.84999847412109,48.9900016784668,42.27547836303711,5041300,-0.013690286199842583,49.194000244140625,47.991500282287596,46.718400115966794,0.011781488750100984,65.13516676177645,0.853437572610396,0.7288992547073394
2022-04-12,48.88999938964844,49.2599983215332,48.630001068115234,48.84000015258789,42.14604187011719,6728900,-0.0030618803988495813,49.16500015258789,48.13600025177002,46.748400115966795,0.01182922900055751,68.66098011736452,0.7937510929995568,0.7418696223657829
2022-04-13,48.90999984741211,49.10499954223633,48.619998931884766,49.040000915527344,42.31862258911133,8415000,0.004095019703411085,49.18300018310547,48.265000343322754,46.78880012512207,0.011683374242918198,67.9300408273119,0.7538970619377992,0.7442751102801862
2022-04-14,49.150001525878906,49.380001068115234,48.73400115966797,48.7599983215332,42.07700729370117,5098900,-0.005709677584966877,49.227000045776364,48.34700031280518,46.80740005493164,0.011504765688880094,62.367209098781586,0.6917445849532768,0.7337690052148045
2022-04-18,48.66999816894531,48.970001220703125,48.380001068115234,48.63999938964844,41.97345733642578,5247900,-0.002461011813279179,49.16300010681152,48.41750030517578,46.83340003967285,0.011542392389252693,57.44681116739161,0.625593930812741,0.7121339903343918
2022-04-19,48.90999984741211,49.790000915527344,48.900001525878906,49.65999984741211,42.85364532470703,5908900,0.020970404411245758,49.21599998474121,48.56450023651123,46.89280006408691,0.011935108515611331,54.624774646424555,0.6480047775520035,0.6993081477779143
2022-04-20,49.79999923706055,50.7400016784668,49.709999084472656,50.59999847412109,43.664825439453125,6241800,0.018928687668088306,49.359000015258786,48.75700016021729,46.97080001831055,0.012425413437480078,63.59374627470607,0.7331641088652248,0.7060793399953764
2022-04-21,50.79999923706055,50.970001220703125,50.2400016784668,50.27000045776367,43.38004684448242,6083100,-0.0065217001246786754,49.395999908447266,48.95950012207031,47.05060005187988,0.012155555122885296,65.7512407028174,0.7652046080608557,0.7179043936084724
2022-04-22,50.20000076293945,50.20000076293945,49.33000183105469,49.369998931884766,42.60340118408203,8511100,-0.017903352251509852,49.38399963378906,49.098999977111816,47.09,0.0130869351658286,50.73409664698325,0.7097922893199637,0.7162819727507707
2022-04-25,49.310001373291016,49.45000076293945,48.34000015258789,49.13999938964844,42.4049186706543,8143800,-0.004658690443839264,49.330999755859374,49.199499893188474,47.15180000305176,0.013021047058238332,50.08050184500031,0.6399417366315276,0.7010139255269221
2022-04-26,49.04999923706055,49.380001068115234,48.36000061035156,48.369998931884766,41.74045944213867,8830300,-0.015669525179641708,49.26899948120117,49.2314998626709,47.21080001831055,0.013353134060242525,44.23631559535397,0.5164981988730375,0.6641107801961452
2022-04-27,48.470001220703125,48.86000061035156,48.02999877929688,48.08000183105469,41.49020767211914,13001300,-0.00599539192131171,49.19299964904785,49.17899990081787,47.27380004882812,0.011594076458078953,35.99998591494739,0.39076348519122206,0.6094413211951607
2022-04-28,48.43000030517578,49.10499954223633,47.77999877929688,48.959999084472656,42.24959182739258,9532500,0.01830277079668452,49.18499946594238,49.18399982452392,47.35,0.012309301846584322,46.19796720669067,0.35799944784773885,0.5591529465256764
2022-04-29,48.619998931884766,48.66999816894531,46.4900016784668,46.59999847412109,40.21305465698242,11520500,-0.04820262774678086,48.96899948120117,49.09799976348877,47.37659996032715,0.01626122226998073,33.22403419305127,0.13998769528166122,0.4753198962768734
2022-05-02,46.72999954223633,46.88999938964844,44.45800018310547,45.38999938964844,39.16889190673828,17231300,-0.025965646439765733,48.64399948120117,48.90349979400635,47.38679992675781,0.016293768339958676,31.40494011356607,-0.12893867822840832,0.3544681813758171
2022-05-03,45.619998931884766,46.2599983215332,45.220001220703125,45.93999862670898,39.64350509643555,13431300,0.012117189787536509,48.27199935913086,48.74399967193604,47.41199989318848,0.016687306536154828,35.615063521557914,-0.2942920097516506,0.22471614315032354
2022-05-04,45.93000030517578,46.54999923706055,45.15499877929688,46.47999954223633,40.109493255615234,14707100,0.011754482622326368,47.85999946594238,48.60949974060058,47.45039985656738,0.01700274525554086,37.71591765667631,-0.37741158950982623,0.1042905966182936
2022-05-05,46.220001220703125,46.58000183105469,44.959999084472656,45.290000915527344,39.08260726928711,13591600,-0.02560238034485418,47.36199951171875,48.37899971008301,47.476599884033206,0.01721385128578113,34.68667100548164,-0.5331614459864937,-0.023199811902663875
2022-05-06,44.900001525878906,45.08000183105469,44.33000183105469,44.83000183105469,38.68564987182617,16154900,-0.01015674707824854,46.90799980163574,48.1459997177124,47.47839988708496,0.01724020383195357,33.676089771961315,-0.6858068565630475,-0.1557212208347406
2022-05-09,44.41999816894531,44.41999816894531,42.59999847412109,42.7400016784668,36.88209915161133,18005000,-0.046620568084387304,46.26800003051758,47.799499893188475,47.41599990844727,0.019466289041642274,22.84143063833045,-0.9643090353515475,-0.317438783738102
2022-05-10,43.2599983215332,43.56999969482422,41.52000045776367,41.790000915527344,36.06230163574219,27771000,-0.022227438596898352,45.61000022888184,47.439499855041504,47.35039993286133,0.01970585914545467,15.450969292715826,-1.247303007966181,-0.5034116285837178
2022-05-11,41.90999984741211,42.66999816894531,41.65999984741211,41.72999954223633,36.010528564453125,25360800,-0.0014357830097275759,44.975,47.08399982452393,47.28539993286133,0.01972947099353025,15.785241029039398,-1.459594087422893,-0.6946481203515529
2022-05-12,41.709999084472656,42.040000915527344,41.369998931884766,42.040000915527344,36.27804183959961,20802700,0.007428741353741275,44.28300018310547,46.73399982452393,47.210599975585936,0.0198476341995334,19.17577483460282,-1.5845560020917162,-0.8726296966995857
2022-05-13,42.5099983215332,43.119998931884766,42.119998931884766,43.09000015258789,37.18412780761719,8949200,0.024976194438490973,43.93200035095215,46.45049991607666,47.14680000305176,0.02113604951439398,26.199836787321388,-1.5806423949346424,-1.0142322363465972
2022-05-16,42.959999084472656,43.13999938964844,42.69499969482422,42.7400016784668,36.88209915161133,7445500,-0.008122498790477994,43.66700057983398,46.15550003051758,47.06820007324219,0.02112481192420781,27.095198010521003,-1.5874832659530327,-1.1288824422678843
2022-05-17,43.25,43.29999923706055,42.59000015258789,43.20000076293945,37.279056549072266,7254800,0.010762729677299188,43.393000793457034,45.83250007629395,47.015800094604494,0.02054849587134245,30.417323753112456,-1.5380568616824135,-1.2107173261507902
2022-05-18,43.130001068115234,43.18000030517578,41.79999923706055,41.93999862670898,36.19175338745117,9546400,-0.02916671560134343,42.93900070190429,45.399500083923336,46.94640007019043,0.020197622393117454,22.66354994416102,-1.5823177482730202,-1.2850374105752362
2022-05-19,41.650001525878906,42.34999847412109,41.59000015258789,41.86000061035156,36.12271881103516,8204600,-0.0019074396513324432,42.59600067138672,44.97900009155273,46.86020011901856,0.020255440171204044,27.55682310782305,-1.605344578122967,-1.3490988440847824
2022-05-20,42.310001373291016,42.43000030517578,41.68999862670898,42.34999847412109,36.54555130004883,9859500,0.01170563441531236,42.34800033569336,44.62800006866455,46.78060005187988,0.02064223841894442,34.55283512748221,-1.5660028678970335,-1.3924796488472329
2022-05-23,42.68000030517578,43.0,42.11000061035156,42.900001525878906,37.02017593383789,8100200,0.012987085515337338,42.36400032043457,44.31600017547607,46.72120010375976,0.021138259648279496,34.55286049954705,-1.4734585168060335,-1.408675422438993
2022-05-24,42.630001068115234,43.470001220703125,42.13999938964844,43.400001525878906,37.45164108276367,9706200,0.011655011240462976,42.525000381469724,44.06750030517578,46.67740013122559,0.021399364514533992,34.28572318296807,-1.3442746688936467,-1.3957952717299238
2022-05-25,43.209999084472656,43.790000915527344,43.060001373291016,43.63999938964844,37.65875244140625,7668000,0.005529904500727323,42.716000366210935,43.845500183105464,46.63120010375977,0.02153118850745309,40.677955873643405,-1.2085977542582427,-1.3583557682355876
2022-05-26,43.90999984741211,44.11600112915039,43.5,43.59000015258789,37.6156005859375,7131100,-0.001145720388630589,42.87100028991699,43.577000236511225,46.57380012512207,0.020870990458010386,42.65401729721424,-1.092513526611313,-1.3051873199107327
2022-05-27,43.83000183105469,44.84000015258789,43.83000183105469,44.81999969482422,38.67701721191406,4540800,0.028217470473289374,43.044000244140626,43.48800029754638,46.52780014038086,0.01961501209845883,63.7203071285035,-0.8909944272039922,-1.2223487413693848
2022-05-31,44.34999847412109,44.54999923706055,43.970001220703125,44.220001220703125,38.15925598144531,15462000,-0.013386846903311822,43.192000198364255,43.42950038909912,46.467600173950196,0.018989754827428876,66.80499129425421,-0.7708184364050226,-1.1320426803765125
2022-06-01,44.38999938964844,44.41999816894531,43.2599983215332,43.7400016784668,37.74504852294922,9317800,-0.010854806173356657,43.24600028991699,43.31950054168701,46.40800018310547,0.018840349443645956,63.13727934576643,-0.7061697639471376,-1.0468680970906377
2022-06-02,43.52999877929688,44.41999816894531,42.90499877929688,44.400001525878906,38.31458282470703,8401500,0.0150891591697635,43.492000579833984,43.21550064086914,46.36100021362304,0.018985291802713838,64.75001788141049,-0.5948220154877433,-0.9564588807700588
2022-06-03,44.0,44.310001373291016,43.7400016784668,43.84000015258789,37.83134078979492,6905100,-0.012612643109136235,43.69000053405762,43.14300060272217,46.313400192260744,0.018351049227413718,54.993345862752065,-0.5454776267808015,-0.8742626299722074
2022-06-06,44.150001525878906,44.220001220703125,43.59000015258789,43.709999084472656,37.71915817260742,7605400,-0.0029653528207745916,43.82600059509277,43.08700046539307,46.2560001373291,0.018241894151942547,56.65293409990115,-0.5109716795035766,-0.8016044398784813
2022-06-07,43.5,44.25,43.20000076293945,44.220001220703125,38.15925598144531,4812800,0.011667859686861348,43.958000564575194,43.161000442504886,46.197800140380856,0.0149457504078953,56.94823185667133,-0.43743013524800745,-0.7287695789523866
2022-06-08,43.970001220703125,44.040000915527344,43.060001373291016,43.15999984741211,37.24453353881836,5418800,-0.023971084215952954,43.934000396728514,43.22950038909912,46.106400146484376,0.015097658467476535,58.543426645609316,-0.4593856715467979,-0.674892797471269
2022-06-09,43.0099983215332,43.34000015258789,42.15999984741211,42.16999816894531,36.39022445678711,5533800,-0.02293794443852759,43.787000274658205,43.25150032043457,45.967200088500974,0.016068757015796496,51.9254499445566,-0.5503266310711581,-0.6499795641912468
2022-06-10,41.61000061035156,41.72999954223633,41.150001525878906,41.16999816894531,35.52727508544922,8566800,-0.023713541461247156,43.545000076293945,43.20800018310547,45.81340003967285,0.016866149807850745,43.10747903031884,-0.6950772217974119,-0.6589990957124799
2022-06-13,40.09999847412109,40.2599983215332,39.02000045776367,39.18999862670898,33.81866455078125,13192800,-0.048093262819959404,42.98199996948242,43.013000106811525,45.630800018310545,0.018770256842249082,31.431420040865717,-0.9585133777664865,-0.7189019521232813
2022-06-14,39.31999969482422,39.400001525878906,38.630001068115234,38.90999984741211,33.57703399658203,9800800,-0.00714464886727606,42.45099983215332,42.82150001525879,45.42340003967285,0.01876176916215746,27.021486857255752,-1.1763220820421125,-0.8103859781070476
2022-06-15,39.29999923706055,40.36000061035156,39.16999816894531,39.79999923706055,34.34504699707031,9429200,0.022873281756325525,42.056999588012694,42.65149993896485,45.236800003051755,0.019463100523340895,31.573899128733572,-1.2625674451118343,-0.900822271508005
2022-06-16,38.93000030517578,39.310001373291016,38.65999984741211,38.84999847412109,33.52526092529297,8398000,-0.02386936636056136,41.50199928283691,42.49699993133545,45.03040000915527,0.019134553244301234,29.063603317437625,-1.3915339021660458,-0.9989645976396131
2022-06-17,39.02999877929688,39.63999938964844,38.74399948120117,39.08000183105469,33.72373580932617,14302000,0.005920292560289697,41.02599945068359,42.35799999237061,44.81400001525879,0.01925163787673775,22.1899525676739,-1.4583702158045213,-1.0908457212725948
2022-06-21,39.18000030517578,39.81999969482422,39.13999938964844,39.4900016784668,34.35179901123047,6031800,0.010491295501585896,40.60399971008301,42.21500015258789,44.61400001525879,0.019203834752683023,26.65352674672883,-1.4614087048638496,-1.1649583179908458
2022-06-22,39.119998931884766,40.685001373291016,39.08000183105469,40.130001068115234,34.90851593017578,5776400,0.016206618446344967,40.19499969482422,42.07650012969971,44.423200073242185,0.019360518429948476,32.45870936553743,-1.3960809748402099,-1.2111828493607186
2022-06-23,40.31999969482422,41.05500030517578,40.27999877929688,40.91999816894531,35.595726013183594,7414500,0.019685947665168735,39.970999526977536,41.95249996185303,44.26180000305176,0.019762892861831118,33.3013367541118,-1.2659688139310887,-1.2221400422747926
2022-06-24,41.209999084472656,41.83000183105469,41.09999847412109,41.810001373291016,36.369930267333984,6781800,0.021749834901535703,39.93499984741211,41.861000061035156,44.12120002746582,0.020441726225596906,40.55815191355726,-1.078604685078055,-1.193432970835445
2022-06-27,41.72999954223633,42.16999816894531,41.470001220703125,41.65999984741211,36.23945236206055,4743000,-0.0035876948326227787,39.984000015258786,41.764500045776366,43.97360000610352,0.02044402718650792,40.4828333439002,-0.9314835698350734,-1.1410430906353708
2022-06-28,41.869998931884766,42.18000030517578,41.02000045776367,41.09000015258789,35.743621826171875,3487300,-0.013682181874986932,40.17400016784668,41.57800006866455,43.82020004272461,0.019292252462139354,35.54940241724174,-0.851072602552783,-1.0830489930188532
2022-06-29,40.75,40.91999816894531,40.27000045776367,40.83000183105469,35.5174446105957,4473000,-0.006327532746841058,40.36600036621094,41.40850009918213,43.66400009155274,0.01917873694965783,38.384858356105525,-0.7991143307296795,-1.0262620605610184
2022-06-30,40.650001525878906,41.36000061035156,40.33000183105469,40.86000061035156,35.543540954589844,4305200,0.0007347239272974537,40.47200050354004,41.264500045776366,43.488000106811526,0.01912950387719253,42.778403513390984,-0.7469065019701802,-0.9703909488428508
2022-07-01,40.77999877929688,41.709999084472656,40.720001220703125,41.59000015258789,36.17855453491211,4894100,0.017865872034553698,40.74600067138672,41.123999977111815,43.30780014038086,0.019278905274054257,52.38637511395324,-0.6392575957041942,-0.9041642782151195
2022-07-05,41.18000030517578,41.41999816894531,40.415000915527344,41.41999816894531,36.03067779541016,4563400,-0.0040875687188954846,40.98000030517578,41.00299987792969,43.130800094604496,0.019150994231168235,65.95135197968554,-0.5611937094820618,-0.835570164468508
2022-07-06,41.59000015258789,41.959999084472656,41.27999877929688,41.38999938964844,36.004573822021484,5866400,-0.0007242583443513029,41.170000076293945,40.886999893188474,42.97120010375976,0.01915566463792227,68.39761813531527,-0.49603024016951736,-0.76766217960871
2022-07-07,41.59000015258789,41.84000015258789,41.27999877929688,41.41999816894531,36.03067779541016,3019300,0.0007247832746859473,41.29899978637695,40.746999740600586,42.816800079345704,0.01888260320980008,63.775498619118736,-0.43693040871099953,-0.701515825429168
2022-07-08,41.2599983215332,41.505001068115234,41.02000045776367,41.22999954223633,35.86539840698242,3067500,-0.004587123010822203,41.329999923706055,40.650499725341795,42.674000091552735,0.018241225319229903,73.24220277951422,-0.40080444364522805,-0.64137354907238
2022-07-11,41.11000061035156,41.34999847412109,40.83000183105469,41.22999954223633,35.86539840698242,3716600,0.0,41.271999740600585,40.603499794006346,42.53700004577637,0.017572614608393104,71.98363657213646,-0.36793305285415556,-0.5866854498287352
2022-07-12,41.0,41.42499923706055,40.68000030517578,40.970001220703125,35.63922500610352,3978300,-0.006306047160317352,41.202999877929685,40.593499946594235,42.37720008850098,0.016801439445293297,65.61182911744373,-0.3587267517828394,-0.5410937102195561
2022-07-13,40.4900016784668,41.09000015258789,40.2400016784668,40.75,35.44784927368164,5314500,-0.005369812402933327,41.1689998626709,40.671500015258786,42.260200119018556,0.012559967468554336,57.17592040697207,-0.3649757386145893,-0.5058701158985628
2022-07-14,40.040000915527344,40.52999877929688,39.9900016784668,40.34999847412109,35.09989547729492,4305800,-0.00981598836512676,41.12099952697754,40.74349994659424,42.159400100708005,0.012676315166256759,42.748096048828046,-0.39762135442337154,-0.4842203636035246
2022-07-15,40.84999847412109,41.244998931884766,40.630001068115234,41.0,35.665321350097656,3126600,0.016109084274087415,41.134999465942386,40.80349998474121,42.06060012817383,0.012167149895677428,39.024367550870444,-0.36681513278551847,-0.4607393174399234
2022-07-18,41.290000915527344,41.29999923706055,40.45000076293945,40.59999847412109,35.31736755371094,4191200,-0.009756134777534453,41.0359992980957,40.890999984741214,41.943000106811525,0.01096475649526094,36.54820123406466,-0.37040792834978475,-0.44267303962189575
2022-07-19,40.9900016784668,41.790000915527344,40.90999984741211,41.720001220703125,36.29164505004883,3414900,0.027586275583136866,41.065999603271486,41.022999954223636,41.87160011291504,0.01233042449831416,57.01559947222957,-0.2796566752514309,-0.4100697667478028
2022-07-20,41.61000061035156,42.09999847412109,41.380001068115234,41.5099983215332,36.10896682739258,3630300,-0.005033626390828383,41.07799949645996,41.123999786376956,41.80520004272461,0.012345560353850966,57.657607346203,-0.22212066349559478,-0.37247994609736124
2022-07-21,41.58000183105469,41.95000076293945,41.22999954223633,41.93999862670898,36.48301696777344,5243600,0.010358957421415127,41.12999954223633,41.21449966430664,41.78919998168945,0.012071794911746963,61.15698636247908,-0.14020928334813476,-0.3260258135475159
2022-07-22,42.16999816894531,42.5099983215332,41.93999862670898,42.2599983215332,36.76137161254883,3791600,0.007629940517462019,41.23299942016602,41.28149967193603,41.79859992980957,0.011441265484838701,57.56204253853435,-0.048908832838101546,-0.27060241740563307
2022-07-25,42.2599983215332,42.54999923706055,42.06499862670898,42.290000915527344,36.7874755859375,3131300,0.0007099525600040568,41.338999557495114,41.30549964904785,41.80979995727539,0.010419890223097117,60.13987195447264,0.025573594094801422,-0.21136721510554618
2022-07-26,42.33000183105469,42.64500045776367,42.209999084472656,42.369998931884766,36.8570671081543,3006400,0.0018916532188593127,41.478999328613284,41.340999603271484,41.81639991760254,0.010375316281142166,61.29029706242461,0.09001894306395997,-0.15108998347164496
2022-07-27,42.43000030517578,42.68999862670898,42.09999847412109,42.59999847412109,37.0571403503418,5156000,0.005428358461988081,41.66399917602539,41.41649951934814,41.806599884033204,0.009827600680957393,62.995573615116115,0.1578319982687475,-0.08930558712356648
2022-07-28,43.04999923706055,44.22999954223633,42.880001068115234,44.16999816894531,38.42285919189453,5375700,0.03685445425022671,42.045999145507814,41.583499336242674,41.83519981384277,0.012354676249913004,74.83102916112225,0.3344053704719414,-0.0045633956044649066
2022-07-29,44.18000030517578,44.540000915527344,43.9900016784668,44.34000015258789,38.57074737548828,3523300,0.0038488111996821672,42.3799991607666,41.757499313354494,41.85799980163574,0.012330817081777738,75.53361813011276,0.48249685598755576,0.09284865471393923
2022-08-01,44.13999938964844,44.2400016784668,43.77000045776367,43.93999862670898,38.222782135009766,4102700,-0.009021234201677553,42.71399917602538,41.87499923706055,41.89799980163574,0.012223840309634993,73.83619863565177,0.5611154553272613,0.18650201483660364
2022-08-02,43.97999954223633,44.06999969482422,43.33000183105469,43.36000061035156,37.718257904052734,3477300,-0.013199773201742038,42.87799911499023,41.97199935913086,41.92799980163574,0.012657070136822476,69.8027011945364,0.5700490978888055,0.263211431447044
2022-08-03,43.630001068115234,43.959999084472656,43.52999877929688,43.540000915527344,37.87483215332031,3208100,0.004151298492666822,43.08099937438964,42.07949943542481,41.951799850463864,0.01264135251001651,75.03922484519657,0.5849111031816605,0.3275513657939673
2022-08-04,43.630001068115234,43.755001068115234,43.310001373291016,43.58000183105469,37.90963363647461,3236400,0.0009187164604096409,43.244999694824216,42.187499618530275,41.96539985656738,0.012639904470620732,72.39581125757634,0.5930804270493937,0.3806571780450526
2022-08-05,43.2599983215332,43.7599983215332,43.09999847412109,43.720001220703125,38.03141784667969,3320200,0.0032124686499823696,43.39099998474121,42.31199970245361,41.97179985046387,0.012525647321922143,78.36362198760713,0.6038901856408074,0.4253037795642036
2022-08-08,44.130001068115234,44.5099983215332,43.810001373291016,44.040000915527344,38.30977630615234,4055100,0.007319297481462206,43.565999984741204,42.45249977111816,41.979799880981446,0.012539995490403393,74.68082377901399,0.6310044714674561,0.4664439179448542
2022-08-09,44.20000076293945,44.38999938964844,43.93999862670898,44.38999938964844,38.61422729492188,2368400,0.007947285804839499,43.76800003051757,42.62349967956543,41.99579986572266,0.012364592411751064,79.75207621197421,0.6729770298487878,0.5077505403256409
2022-08-10,44.88999938964844,45.06999969482422,44.619998931884766,44.9900016784668,39.13616561889648,3617200,0.013516609530710655,44.00700035095215,42.83549976348877,41.99919990539551,0.012325357947328378,80.4391392341066,0.7460556894567247,0.5554115701518577
2022-08-11,45.220001220703125,45.310001373291016,44.6349983215332,44.77999877929688,38.953495025634766,2815500,-0.004667768200382727,44.068000411987306,43.05699977874756,42.01039985656738,0.012049598402356199,75.71426235902189,0.7780566223843479,0.5999405805983558
2022-08-12,45.060001373291016,45.56900024414063,44.9900016784668,45.540000915527344,39.61460494995117,2392600,0.01697191060625558,44.18800048828125,43.283999824523924,42.04639984130859,0.012091842486570572,78.86320764944392,0.8548887872846649,0.6509302219356177
2022-08-15,45.5,45.8650016784668,45.38999938964844,45.7400016784668,39.78857803344727,3296500,0.004391760187059113,44.36800079345703,43.54099998474121,42.07319984436035,0.011564978194277811,79.3043328269192,0.921297082329545,0.7050035940144032
2022-08-16,45.52000045776367,45.81499862670898,45.43000030517578,45.560001373291016,39.63200759887695,3279000,-0.003935292928957668,44.58800086975098,43.73299999237061,42.107599868774415,0.010580165370692477,75.96489948287514,0.9484682625663083,0.7536965277247842
2022-08-17,45.13999938964844,45.70100021362305,45.11000061035156,45.43000030517578,39.51891708374024,3331300,-0.0028534035161694726,44.77700080871582,43.92900009155274,42.141999893188476,0.010487980339399,64.78872356582045,0.9485770135851723,0.7926726248968619
2022-08-18,45.5099983215332,45.58000183105469,44.86000061035156,45.119998931884766,39.24924850463867,1654800,-0.006823714972674089,44.931000518798825,44.08800010681152,42.15999984741211,0.010690937033155322,58.86360404911935,0.9131227686384378,0.8167626536451771
2022-08-19,45.02000045776367,45.08000183105469,44.53499984741211,44.68000030517578,38.86650466918945,3202300,-0.009751742844081757,45.027000427246094,44.209000205993654,42.19039985656738,0.011056152721011,58.33334049304046,0.8398396632744536,0.8213780555710325
2022-08-22,44.34000015258789,44.369998931884766,43.709999084472656,43.75,38.0575065612793,3430400,-0.020814688872507703,44.99800033569336,44.28200016021729,42.221999893188475,0.012257348928303246,54.070967577520264,0.6986652439778283,0.7968354932523918
2022-08-23,43.63999938964844,43.709999084472656,42.93000030517578,43.09000015258789,37.48337936401367,2800000,-0.015085710797991037,44.8680004119873,44.31800022125244,42.260399932861326,0.012823236799441733,45.73054959786492,0.527446947652976,0.7429577841325087
2022-08-24,43.16999816894531,43.665000915527344,43.09000015258789,43.43000030517578,37.77914047241211,3277100,0.007890465337291763,44.7120002746582,44.359500312805174,42.34519996643066,0.012880482479764751,48.65348897095081,0.4144132866629917,0.6772488846386053
2022-08-25,43.630001068115234,44.11000061035156,43.45000076293945,44.09999847412109,38.36196517944336,1713900,0.015427081838299106,44.64400024414063,44.35600032806396,42.448999938964846,0.01039669881338242,53.11472846886956,0.37457863940250746,0.6167148355913857
2022-08-26,44.130001068115234,44.130001068115234,42.959999084472656,42.97999954223633,37.3876953125,2725600,-0.0253968020552654,44.388000106811525,44.28800029754639,42.51259994506836,0.011786530414277529,42.31883657351991,0.24975581134833647,0.5433230307427759
2022-08-29,42.7400016784668,43.040000915527344,42.5,42.61000061035156,37.065826416015625,2492900,-0.008608630428698971,44.075,44.221500396728516,42.58779998779297,0.011773008194441836,37.1387479203853,0.11959834396068914,0.4585780933863585
2022-08-30,42.68999862670898,42.7599983215332,41.869998931884766,42.0,36.53522109985352,3539400,-0.014315902408210013,43.7189998626709,44.153500366210935,42.64619995117187,0.011834025663111527,28.427129142012802,-0.03240084121677711,0.36038230646573144
2022-08-31,42.22999954223633,42.459999084472656,41.75,41.84999847412109,36.40472412109375,4646700,-0.0035714649018788736,43.36099967956543,44.069000244140625,42.69339988708496,0.011764843887346563,28.67540659548108,-0.16308521524396724,0.25568880212379175
2022-09-01,41.52999877929688,42.0099983215332,41.2400016784668,42.0,36.53522109985352,5343200,0.003584265982032653,43.04899978637695,43.99000015258789,42.73079986572266,0.011813590337635557,21.72524195288058,-0.2516488029131878,0.15422128111639583
2022-09-02,42.34999847412109,42.44499969482422,41.185001373291016,41.27999877929688,35.90888214111328,3911300,-0.017142886207217045,42.70899963378906,43.86800003051758,42.73799987792969,0.012230477998932893,17.109135746344123,-0.3756044313378837,0.04825613862553993
2022-09-06,41.38999938964844,41.91999816894531,41.2599983215332,41.709999084472656,36.28293228149414,6399500,0.010416674367525136,42.50499954223633,43.75149993896484,42.73599983215332,0.012383951575982245,22.61734802126891,-0.43413825340773826,-0.048222739781115714
2022-09-07,41.720001220703125,42.58000183105469,41.69499969482422,42.5099983215332,36.97883987426758,4618500,0.019180034874619833,42.44699935913086,43.65749988555908,42.752999801635745,0.01312214300862784,31.03895003688362,-0.41123303807407297,-0.12082479943970717
2022-09-08,42.2599983215332,42.75,42.13999938964844,42.630001068115234,37.08324432373047,4505200,0.002822929929904072,42.3669994354248,43.539499855041505,42.78379981994629,0.012663042793273039,33.422122799692346,-0.37902807148332585,-0.17246545384843093
2022-09-09,42.790000915527344,43.19499969482422,42.52000045776367,43.040000915527344,37.43988800048828,2909100,0.009617636339182889,42.26099967956543,43.45249996185303,42.82799980163574,0.012940950605338031,39.037442154833776,-0.3167703112954925,-0.20132642533784323
2022-09-12,43.20000076293945,43.47499847412109,43.11000061035156,43.400001525878906,37.7530517578125,2802400,0.008364326270766664,42.302999877929686,43.345499992370605,42.87879981994629,0.012412643969566756,47.467450878207984,-0.23566494837048424,-0.20819412994437145
2022-09-13,42.560001373291016,42.71699905395508,41.59999847412109,41.75,36.31774139404297,4139500,-0.038018467001551315,42.21699981689453,43.145999908447266,42.881999816894535,0.01462861767118928,41.518992109376455,-0.3010592735179216,-0.22676715865908148
2022-09-14,41.59999847412109,41.68999862670898,40.95000076293945,41.2400016784668,35.87409591674805,4143900,-0.012215528659477948,42.140999984741214,42.929999923706056,42.87839988708496,0.014730080892868452,36.43124117526657,-0.3895468955247594,-0.2593231060322171
2022-09-15,41.18999862670898,41.28200149536133,40.290000915527344,40.34000015258789,35.091190338134766,6227200,-0.0218235084686923,41.99000015258789,42.67549991607666,42.85739990234375,0.015197108637782149,27.349426440058537,-0.5262305171612098,-0.3127045882580156
2022-09-16,40.02999877929688,40.380001068115234,39.8650016784668,40.34999847412109,35.09989547729492,6045400,0.00024785130132309874,41.825,42.43699989318848,42.83599990844726,0.015254518075278393,31.710717804433983,-0.6265243088377019,-0.37546853237395283
2022-09-19,39.619998931884766,39.90999984741211,39.27000045776367,39.90999984741211,35.03318786621094,4129400,-0.010904551260173534,41.68800010681152,42.198499870300296,42.80959991455078,0.015273755319989936,31.404968665387713,-0.7330617932352439,-0.4469871845462111
2022-09-20,39.540000915527344,39.560001373291016,38.66999816894531,38.86000061035156,34.11149215698242,6259200,-0.026309176674392587,41.40300025939941,41.95399990081787,42.76219993591309,0.015609117626989166,29.610405695290055,-0.8919379746428788,-0.5359773425655447
2022-09-21,39.16999816894531,39.415000915527344,38.27000045776367,38.290000915527344,33.61113357543945,9215800,-0.014668031031177642,40.98100051879883,41.71399993896485,42.70859992980957,0.015596303052722457,28.078840182090644,-1.0517191411488724,-0.6391257022822103
2022-09-22,38.15999984741211,38.18000030517578,37.775001525878906,37.93000030517578,33.295127868652344,6380200,-0.009401948334913035,40.51100044250488,41.43899993896484,42.65219993591309,0.015275089995266812,25.570235293040042,-1.1936364098508605,-0.7500278437959405
2022-09-23,37.540000915527344,37.75,37.01499938964844,37.459999084472656,32.8825569152832,7329900,-0.012391279117363707,39.95300025939942,41.10699996948242,42.59439994812012,0.014401938043793616,26.36139338395664,-1.3287154338774414,-0.8657653618122407
2022-09-26,37.2400016784668,37.27000045776367,36.05500030517578,36.45000076293945,31.99597930908203,10027200,-0.026962048751139722,39.258000183105466,40.78050003051758,42.503399963378904,0.014505180534402647,19.630494144263338,-1.4999741885063003,-0.9926071271510526
2022-09-27,36.790000915527344,37.05500030517578,35.902000427246094,35.970001220703125,31.57463836669922,10794400,-0.013168711445525338,38.68000030517578,40.448500061035155,42.410800018310546,0.01454928634951596,10.79138500494669,-1.655348114294128,-1.1251553245796677
2022-09-28,36.2400016784668,36.79999923706055,35.91999816894531,36.650001525878906,32.17154312133789,7304200,0.018904650600467532,38.221000289916994,40.1810001373291,42.30940002441406,0.01568248511897623,16.404488313950466,-1.7039704179680726,-1.2409183432573487
2022-09-29,36.33000183105469,36.33000183105469,35.41999816894531,35.630001068115234,31.27617645263672,7684000,-0.027830843527890226,37.750000381469725,39.87000026702881,42.191800079345704,0.016353859647887624,11.041003389906592,-1.8040139070160635,-1.3535374560090918
2022-09-30,35.790000915527344,36.27000045776367,35.720001220703125,36.0099983215332,31.609737396240234,7700800,0.01066509239479152,37.316000366210936,39.570500183105466,42.07320007324219,0.016688445039936963,11.227664695538493,-1.831523823723849,-1.4491347295520431
2022-10-03,36.58000183105469,36.900001525878906,35.9900016784668,36.68000030517578,32.19786834716797,11620000,0.018605998746796137,36.9930004119873,39.34050025939941,41.961600112915036,0.017499514349511008,20.350863103603615,-1.7787576592160192,-1.5150593154848384
2022-10-04,37.09000015258789,37.59999847412109,36.97999954223633,37.2599983215332,32.70699691772461,8889900,0.015812377631730268,36.83300018310547,39.118000221252444,41.861000061035156,0.01780076195483283,26.91412058344541,-1.67087825655355,-1.5462231036985807
2022-10-05,36.77000045776367,36.83000183105469,35.97999954223633,36.56999969482422,32.101314544677734,7074300,-0.018518482495749944,36.66100006103515,38.821000289916995,41.74500007629395,0.017032135608049885,27.586183434945255,-1.622358634871098,-1.5614502099330843
2022-10-06,36.45000076293945,36.58000183105469,35.31999969482422,35.369998931884766,31.047945022583008,8933000,-0.032813802924622104,36.40499992370606,38.45800018310547,41.600400085449216,0.01775948258587974,24.062487954888027,-1.6615828253558433,-1.5814767330176362
2022-10-07,35.029998779296875,35.2599983215332,34.334999084472656,34.529998779296875,30.31058883666992,6487600,-0.023748944810701222,36.111999893188475,38.03250007629394,41.40760009765625,0.0174694665065382,23.09998439788224,-1.7403871710947172,-1.6132588206330525
2022-10-10,34.619998931884766,34.91999816894531,34.09000015258789,34.13999938964844,29.968246459960938,7805100,-0.011294509222000593,35.88099975585938,37.56949996948242,41.20360008239746,0.016876904966869045,24.732317605120684,-1.8134060580006093,-1.653288268106564
2022-10-11,34.040000915527344,34.72999954223633,33.709999084472656,34.459999084472656,30.249147415161133,8847600,0.009373160531492175,35.72999954223633,37.204999923706055,41.01400009155273,0.01631850346414845,28.93287473015937,-1.8244219503425967,-1.6875150045537706
2022-10-12,34.400001525878906,34.43000030517578,33.83000183105469,34.0,29.845361709594727,8899300,-0.013348784001562142,35.46499938964844,36.84299983978271,40.8268000793457,0.01633067651671472,28.618049381055684,-1.8489565855503187,-1.7198033207530803
2022-10-13,33.290000915527344,34.810001373291016,33.125,34.63999938964844,30.407146453857425,14575700,0.018823511460248188,35.36599922180176,36.557999801635745,40.64880004882812,0.01721863562085763,34.93588776956602,-1.7960540654072048,-1.7350534696839053
2022-10-14,35.06999969482422,35.150001525878906,33.70000076293945,33.77000045776367,29.643461227416992,9011700,-0.025115443048903452,35.14199943542481,36.22899990081787,40.45260002136231,0.017552889085875975,35.46636568325745,-1.8035399935889345,-1.7487507744649111
2022-10-17,34.380001068115234,35.165000915527344,34.31999969482422,35.029998779296875,30.74949836730957,7687600,0.03731117277031393,34.976999282836914,35.98499984741211,40.27879997253418,0.02032798347189231,45.29998420714127,-1.688339188098027,-1.7366684571915343
2022-10-18,35.68000030517578,35.96500015258789,35.15999984741211,35.4900016784668,31.153289794921875,7743400,0.01313168470453352,34.79999961853027,35.816499900817874,40.107799987792966,0.020197779168996212,44.0695273790481,-1.5421464261631286,-1.6977640509858534
2022-10-19,35.16999816894531,35.27000045776367,34.400001525878906,34.599998474121094,30.37204360961914,7615200,-0.025077575718620015,34.60299949645996,35.631999778747556,39.91199996948242,0.020608107557279213,44.6631977290489,-1.4810310258352928,-1.6544174459557415
2022-10-20,34.61000061035156,34.959999084472656,34.32500076293945,34.43000030517578,30.22281646728516,7603500,-0.004913242093708803,34.50899963378906,35.45699977874756,39.7007999420166,0.02058037422557386,41.63136522135148,-1.4298318507269556,-1.6095003269099843
2022-10-21,34.5,34.68000030517578,33.959999084472656,34.66999816894531,30.43348693847656,9826900,0.0069706030102314465,34.5229995727539,35.31749973297119,39.49859992980957,0.020651228481236517,38.845708314774946,-1.3542790280966202,-1.5584560671473116
2022-10-24,35.0,35.14500045776367,34.380001068115234,34.650001525878906,30.41593360900879,6076300,-0.0005767708140324013,34.57399978637695,35.22749977111816,39.2807999420166,0.019913877371923464,34.556219428788125,-1.2812470157608118,-1.5030142568700118
2022-10-25,34.70000076293945,36.060001373291016,34.68000030517578,36.02000045776367,31.61852264404297,7176700,0.039538206971262646,34.72999992370605,35.229999732971194,39.08639991760254,0.021803375742886287,46.98795382082107,-1.1001394330025107,-1.4224392920965117
2022-10-26,36.040000915527344,36.290000915527344,35.720001220703125,35.95000076293945,31.557069778442383,8945000,-0.0019433563002393406,34.925,35.19499969482422,38.89419990539551,0.02136070151078184,53.625014901175405,-0.9512928474313895,-1.3282100031634874
2022-10-27,36.130001068115234,36.38999938964844,35.814998626708984,35.970001220703125,31.57463836669922,8435500,0.000556340955193857,35.05800018310547,35.21199970245361,38.704999923706055,0.020387318753093887,60.027882383943826,-0.822238729940878,-1.2270157485189657
2022-10-28,35.869998931884766,36.91999816894531,35.65999984741211,36.81999969482422,32.32075881958008,5460300,0.023630760224491176,35.363000106811526,35.25249977111817,38.53899993896484,0.020920970947871955,67.53928792906652,-0.6439515661088464,-1.1104029120369419
2022-10-31,36.47999954223633,36.970001220703125,36.31999969482422,36.72999954223633,32.24176406860352,7154700,-0.0024443279015166075,35.53300018310547,35.25499973297119,38.37999992370605,0.02053144981452514,65.31715817625361,-0.5041089107077568,-0.9891441117711048
2022-11-01,37.09999847412109,37.29999923706055,36.56499862670898,36.66999816894531,32.18909454345703,6000900,-0.0016335794728780106,35.65099983215332,35.2254997253418,38.23839988708496,0.020204253732736724,69.04422440232734,-0.3935871801494031,-0.8700327254467646
2022-11-02,36.470001220703125,36.95000076293945,35.64500045776367,35.709999084472656,31.346397399902344,13999400,-0.026179414573455073,35.761999893188474,35.182499694824216,38.09079986572266,0.020629888784055608,57.298775861117846,-0.3790918802664578,-0.7718445564107033
2022-11-03,35.43000030517578,35.97999954223633,35.029998779296875,35.689998626708984,31.328845977783203,10969400,-0.0005600800413453344,35.8879997253418,35.19849967956543,37.93599983215332,0.019223781617353927,64.8148104541612,-0.3650105065585123,-0.6904777464402652
2022-11-04,36.0099983215332,36.3650016784668,35.459999084472656,36.18999862670898,31.76774787902832,7524100,0.014009527017067924,36.03999977111816,35.28149967193603,37.77779983520508,0.018546237098389,60.13986340443207,-0.3099323874818154,-0.6143686746485753
2022-11-07,36.41999816894531,36.560001373291016,35.959999084472656,36.18000030517578,31.75897216796875,6479800,-0.00027627305644095657,36.19299964904785,35.383499717712404,37.64179985046387,0.01827618566604757,56.54648544296515,-0.2640456088690186,-0.544304061492664
2022-11-08,36.27999877929688,36.77000045776367,36.165000915527344,36.400001525878906,31.95208549499512,6225500,0.006080741261675682,36.23099975585937,35.480499839782716,37.51759986877441,0.01823113622096248,69.56528950292743,-0.20753540734855846,-0.4769503306638429
2022-11-09,36.29800033569336,36.7400016784668,35.93000030517578,36.0,31.600963592529297,7752900,-0.010989052448102776,36.23599967956543,35.58049983978272,37.397599868774414,0.018127792642947522,66.25260434354752,-0.19280491070208683,-0.4201212466714917
2022-11-10,37.345001220703125,38.86000061035156,37.18999862670898,38.7599983215332,34.02370834350586,11979200,0.07666662004258895,36.51499938964844,35.78649978637695,37.335799865722656,0.024334110850025806,77.82315050626525,0.04110408993471282,-0.3278761793502508
2022-11-11,38.880001068115234,39.20000076293945,38.6349983215332,38.7400016784668,34.00615310668945,7291400,-0.0005159092861801717,36.70699958801269,36.03499984741211,37.270599899291994,0.023282386062365473,77.82315050626525,0.2223025309874842,-0.21784043728270383
2022-11-14,38.52000045776367,38.56999969482422,37.709999084472656,37.709999084472656,33.10200881958008,6304100,-0.026587572260397097,36.80499954223633,36.1689998626709,37.19919990539551,0.023308377215976884,62.054201364911,0.27956831028584617,-0.11835868776899383
2022-11-15,38.2599983215332,38.41999816894531,37.75,38.18000030517578,33.514583587646484,9588700,0.012463570196602047,36.955999755859374,36.30349979400635,37.12859992980957,0.023294991801267075,65.04723068931739,0.3587416728089039,-0.02293861565341429
2022-11-16,38.130001068115234,38.310001373291016,37.810001373291016,37.90999984741211,33.27757263183594,7771200,-0.007071777255252432,37.17599983215332,36.4689998626709,37.03659996032715,0.02244824581671181,62.66317666680115,0.3951453627952972,0.06067818003632801
2022-11-17,37.38199996948242,37.68999862670898,37.255001068115234,37.56999969482422,32.97911834716797,4402600,-0.008968613926573221,37.363999938964845,36.62599983215332,36.93539993286133,0.022558750982327663,55.24475412547418,0.3920411719765369,0.1269507784243698
2022-11-18,38.06999969482422,38.20000076293945,37.66999816894531,38.04999923706055,33.400474548339844,5865600,0.012776139103947148,37.55,36.79499988555908,36.83559989929199,0.02262799089256323,58.753312563304256,0.42343196975303954,0.18624701669010374
2022-11-21,37.98799896240234,38.369998931884766,37.83000183105469,38.31999969482422,33.63747024536133,4836700,0.007095938585478079,37.763999938964844,36.978499794006346,36.7339998626709,0.022595290745912745,60.64517113470264,0.46473896213739607,0.24194540577956222
2022-11-22,38.470001220703125,38.52999877929688,38.21900177001953,38.5099983215332,33.804256439208984,5547200,0.004958210548593689,37.974999618530276,37.102999687194824,36.669199829101565,0.021110301433946207,70.05730244047737,0.5069624054564841,0.29494880571494664
2022-11-23,38.45000076293945,38.72999954223633,38.220001220703125,38.56999969482422,33.85692596435547,3604500,0.0015580726020822944,38.2319995880127,37.23399963378906,36.61579978942871,0.0210768090881311,70.51282678286825,0.5390525357786231,0.343769551727682
2022-11-25,38.68999862670898,38.84000015258789,38.58000183105469,38.79999923706055,34.05881881713867,2254100,0.005963172000418515,38.23599967956543,37.37549953460693,36.58499977111816,0.021068654176978556,69.33333785445609,0.5763988687646346,0.3902954151350725
2022-11-28,38.56999969482422,38.7400016784668,37.625,37.709999084472656,33.10200881958008,7298200,-0.028092787990231627,38.132999420166016,37.419999504089354,36.5321997833252,0.021697157534095426,59.77010486273913,0.5121385890598944,0.4146640499200369
2022-11-29,37.78799819946289,38.38999938964844,37.650001525878906,38.34000015258789,33.655025482177734,4954300,0.016706472644138604,38.19599952697754,37.50049953460693,36.50079978942871,0.02193921517882792,61.77183392922535,0.5062123743367692,0.4329737148033834
2022-11-30,38.2400016784668,39.27000045776367,38.0099983215332,39.2400016784668,34.4450569152832,8120200,0.023474218108946898,38.30199966430664,37.62899971008301,36.50839981079102,0.02241132801332832,68.53547515013275,0.5675955201441809,0.45989807587154297
2022-12-01,39.630001068115234,39.84000015258789,38.84000015258789,39.15999984741211,34.37482833862305,9814100,-0.0020387825594458953,38.42699966430664,37.80149974822998,36.52579978942871,0.021346384633652772,53.30033979733022,0.6028374909331546,0.4884859588838653
2022-12-02,38.68000030517578,39.16999816894531,38.4900016784668,38.970001220703125,34.208045959472656,5460800,-0.0048518546335372115,38.56699981689453,37.96549987792969,36.546599807739256,0.02142487637640817,51.845901103321836,0.6084221930852394,0.5124732057241401
2022-12-05,38.61000061035156,38.81999969482422,38.22999954223633,38.310001373291016,33.62868881225586,7165500,-0.016936100249888564,38.59300003051758,38.07150001525879,36.563599853515626,0.021824633926274897,55.11946958822782,0.5532145252560312,0.5206214696305184
2022-12-06,38.38999938964844,38.459999084472656,37.84000015258789,38.02000045776367,33.37413024902344,5249500,-0.007569848737450702,38.56300010681152,38.163500022888186,36.59499984741211,0.021944113016395764,48.59155166056741,0.4805222392479891,0.5126016235540125
2022-12-07,37.900001525878906,38.505001068115234,37.84000015258789,38.09999847412109,33.44435119628906,6159800,0.0021041035085278548,38.52200012207031,38.24849987030029,36.63759979248047,0.021929937341406875,51.73040590728962,0.42447516474314995,0.49497633179184003
2022-12-08,38.22999954223633,38.685001373291016,38.119998931884766,38.380001068115234,33.69013977050781,4461000,0.00734914974299361,38.503000259399414,38.367499923706056,36.6721997833252,0.021718294069614733,57.45857052231806,0.3980627045837011,0.4755936063502123
2022-12-09,38.27000045776367,38.71500015258789,38.15999984741211,38.29999923706055,33.61991500854492,6077000,-0.0020844666187659344,38.45300025939942,38.34449996948242,36.7255997467041,0.0132144176427103,52.48508629698784,0.3664509421001867,0.4537650735002072
2022-12-12,38.34000015258789,38.63999938964844,37.97999954223633,38.619998931884766,33.90081787109375,4945000,0.008355083582209932,38.544000244140626,38.33849983215332,36.77779975891113,0.013362381798683019,52.95274511467733,0.36303485379166744,0.4356190295584993
2022-12-13,39.81999969482422,40.0,38.9900016784668,39.470001220703125,34.64695358276367,10763800,0.022009381468848233,38.657000350952146,38.426499938964845,36.83359977722168,0.01268802719030567,58.362381031814124,0.4240277323868398,0.43330077012416746
2022-12-14,39.41999816894531,39.90999984741211,38.935001373291016,39.09000015258789,34.31338882446289,10786500,-0.009627592003111252,38.64200019836426,38.471999931335446,36.870199813842774,0.012723687636411641,54.29042644601047,0.43666847534096576,0.43397431116752716
2022-12-15,38.59000015258789,38.9900016784668,38.400001525878906,38.63999938964844,33.91837310791016,6033200,-0.011511915098052605,38.59000015258789,38.50849990844726,36.91159980773926,0.012913944073709202,48.726117938341716,0.40569841565069,0.4283191320641597
2022-12-16,38.119998931884766,38.13999938964844,37.124000549316406,37.5,32.91767501831055,8016200,-0.02950309026024056,38.44300003051758,38.50499992370605,36.95419982910156,0.014473174382181986,48.3412419382249,0.28587065785130505,0.3998294372215888
2022-12-19,37.0,37.04999923706055,36.41999816894531,36.63999938964844,32.5279426574707,4543900,-0.022933349609374987,38.27599983215332,38.43449993133545,36.996399841308595,0.015007734684746586,37.042694893837,0.12012668885962796,0.34388888754919666
2022-12-20,36.459999084472656,36.77999877929688,36.119998931884766,36.560001373291016,32.4569206237793,4333900,-0.002183352011190909,38.12999992370605,38.34650001525879,37.044799880981444,0.014861655600564901,26.655071947514074,-0.017480270360195505,0.2716150559673182
2022-12-21,36.88800048828125,37.310001373291016,36.7599983215332,36.93000030517578,32.78539276123047,4082400,0.01012032051385714,38.013000106811525,38.26750011444092,37.094199905395506,0.015037088865796234,31.50913281150659,-0.09557720087654076,0.1981766045985464
2022-12-22,36.59999847412109,36.83000183105469,36.095001220703125,36.75,32.6255989074707,4206200,-0.00487409433220487,37.85,38.176500129699704,37.149199905395506,0.015026110694778631,31.56146474132315,-0.1700340545329766,0.1245344727722418
2022-12-23,36.630001068115234,37.09999847412109,36.47499847412109,37.08000183105469,32.91857147216797,3935100,0.008979641661352122,37.728000259399415,38.09050025939941,37.19799995422363,0.015128274688286616,39.19158005391522,-0.20010655387159915,0.05960626744347361
2022-12-27,37.09999847412109,37.1879997253418,36.720001220703125,37.04999923706055,32.891929626464844,4259700,-0.0008091314054092802,37.571000289916995,38.05750026702881,37.26359992980957,0.013841729447035923,41.068141774456876,-0.22378058160513348,0.0029288976337521963
2022-12-28,37.13999938964844,37.34000015258789,36.42499923706055,36.459999084472656,32.368141174316406,4730900,-0.01592443089709228,37.27000007629395,37.96350021362305,37.29219993591309,0.013591559701976083,36.19531473767908,-0.2868439422112985,-0.055025670335257945
2022-12-29,36.72100067138672,37.3650016784668,36.619998931884766,37.27000045776367,33.08723449707031,4143200,0.022216165486300676,37.08800010681152,37.86500015258789,37.32779991149902,0.01346774574224631,41.421954466609364,-0.2683681870708483,-0.09769417368237603
2022-12-30,37.040000915527344,37.18000030517578,36.52999877929688,36.93000030517578,32.78539276123047,5087800,-0.00912262271027331,36.917000198364256,37.75350017547608,37.374399948120114,0.013548282441928813,39.821712689551426,-0.2779570727134484,-0.1337467534885905
2023-01-03,37.22999954223633,37.560001373291016,36.61000061035156,37.06999969482422,32.9096794128418,7060300,0.003790939303859542,36.87400016784668,37.65850009918213,37.42719993591309,0.013618386104478726,38.16795715895623,-0.27113408795762695,-0.1612242203823978
2023-01-04,37.400001525878906,38.2599983215332,37.27000045776367,37.91999816894531,33.664276123046875,7586900,0.022929551689199856,37.00200004577637,37.638999938964844,37.492199935913085,0.014281367285381326,38.16792114820587,-0.19489245139046574,-0.1679578665840114
2023-01-05,37.619998931884766,37.619998931884766,36.75,36.810001373291016,32.67887115478516,6581100,-0.02927206880941602,37.02700004577637,37.578499984741214,37.53539993286133,0.015615787364909428,34.340665098867746,-0.2214847317801798,-0.1786632396232451
2023-01-06,37.11000061035156,38.0099983215332,36.83000183105469,37.880001068115234,33.628780364990234,6329600,0.029068178617363438,37.12200012207031,37.56750011444092,37.57259994506836,0.01704213389614825,45.189882647323415,-0.154438995953889,-0.1738183908893739
2023-01-09,38.060001373291016,38.310001373291016,37.72999954223633,37.86000061035156,33.61102294921875,3965600,-0.0005279951742268585,37.23300018310547,37.541500091552734,37.6107999420166,0.01695044413144298,52.65487223575058,-0.10174577510300509,-0.15940386773210016
2023-01-10,37.79999923706055,37.9900016784668,37.470001220703125,37.970001220703125,33.70867919921875,5196700,0.0029054571732227696,37.322000122070314,37.525000190734865,37.650799942016604,0.016963314468661523,61.028209786883004,-0.05052743913648072,-0.13762858201297629
2023-01-11,38.209999084472656,39.36000061035156,38.209999084472656,39.34999847412109,34.93380355834961,4733100,0.036344408982149856,37.55200004577637,37.56150016784668,37.70139991760254,0.018772629450467898,69.03136327325049,0.10026194902034291,-0.09005047580631245
2023-01-12,39.43999862670898,39.869998931884766,39.060001373291016,39.790000915527344,35.32441711425781,5102300,0.011181765145318323,37.885000228881836,37.57750015258789,37.76259994506836,0.01828787226083677,69.32432446364852,0.2523591065884929,-0.02156855932735137
2023-01-13,39.34000015258789,39.720001220703125,39.25,39.560001373291016,35.12023162841797,3796000,-0.0057803351833192185,38.11400032043457,37.601000213623045,37.82040000915527,0.018195045472284503,68.85906768808375,0.3503001171932496,0.05280517597676883
2023-01-17,39.58000183105469,39.82500076293945,39.470001220703125,39.56999969482422,35.129112243652344,5463200,0.0002527381492951619,38.378000259399414,37.64750022888184,37.89760002136231,0.01796633640243172,67.46142232085629,0.42384008998659795,0.12701215877873465
2023-01-18,39.77999877929688,39.81999969482422,38.90399932861328,38.959999084472656,34.58757400512695,7466700,-0.015415734522518876,38.567000198364255,37.72050018310547,37.96300003051758,0.016940217929031144,62.38651763445085,0.42796577394209834,0.18720288181140737
2023-01-19,38.790000915527344,39.2599983215332,38.7400016784668,38.77000045776367,34.41889572143555,7253700,-0.004876761580436151,38.652000427246094,37.82700023651123,38.01460006713867,0.015993512414107854,65.80029651338458,0.4111644589681447,0.23199519724275486
2023-01-20,38.79999923706055,39.2599983215332,38.27999877929688,39.220001220703125,34.81839370727539,4262500,0.011606932102817158,38.8930004119873,37.96000022888184,38.07540008544922,0.016057684306507673,64.02879632734854,0.4292128974541711,0.27143873728503815
2023-01-23,39.25,39.5890007019043,38.93999862670898,39.33000183105469,34.91604232788086,7002200,0.002804706958894565,39.03800048828125,38.08000030517578,38.134000091552736,0.015985449559068717,67.85717124033411,0.4472370743307721,0.306598404694185
2023-01-24,39.29999923706055,39.650001525878906,38.540000915527344,39.5,35.06695938110352,7089700,0.0043223534459915225,39.20200042724609,38.21750030517578,38.204000091552736,0.015870592962857987,68.00002260563897,0.4698229691290905,0.3392433175811661
2023-01-25,39.25,39.61000061035156,39.150001525878906,39.540000915527344,35.102481842041016,8163100,0.001012681405755611,39.35900039672852,38.34050025939941,38.219600143432615,0.015831927970329656,63.63639866575388,0.4853553190658033,0.36846571787809357
2023-01-26,39.7599983215332,39.9900016784668,39.54999923706055,39.9900016784668,35.501976013183594,4497400,0.011380899153260682,39.423000717163085,38.48750038146973,38.24460014343262,0.0158984829808007,80.11364621564604,0.5278909211132046,0.4003507585251158
2023-01-27,39.869998931884766,40.52000045776367,39.86000061035156,40.34999847412109,35.82157516479492,3519900,0.009002170056125136,39.47900047302246,38.68200035095215,38.29740013122559,0.015221513996654171,77.02406600350415,0.5839183774006642,0.43706428230022554
2023-01-30,40.02999877929688,40.494998931884766,39.83000183105469,39.86000061035156,35.38656997680664,3806400,-0.012143689771978328,39.50900039672852,38.81150035858154,38.3310001373291,0.01513763572237954,69.84129627218815,0.5820720434516744,0.4660658345305153
2023-01-31,39.84999847412109,40.64500045776367,39.7599983215332,40.59000015258789,36.03463745117188,4274800,0.018314087582997907,39.61100044250488,38.99450035095215,38.384600143432614,0.015179230960589686,73.1448987115607,0.6322257675908176,0.4992978211425758
2023-02-01,40.41999816894531,41.16999816894531,39.9900016784668,40.88999938964844,36.30097198486328,7921000,0.007390964176712922,39.80400047302246,39.18550033569336,38.4510001373291,0.015187416496154738,66.81225835361465,0.688246706922996,0.5370875982986598
2023-02-02,41.310001373291016,42.209999084472656,41.2400016784668,41.83000183105469,37.13548278808594,7014400,0.022988565796951743,40.11000061035156,39.38100051879883,38.526600189208985,0.015191083474951015,70.07877208659679,0.7992804386837662,0.5895261663756811
2023-02-03,41.22999954223633,41.2599983215332,40.40999984741211,40.959999084472656,36.36310958862305,7467200,-0.02079853474775939,40.284000396728516,39.58850040435791,38.57940017700195,0.014274631595482904,62.23774778037207,0.8077621411771645,0.6331733613359778
2023-02-06,40.380001068115234,40.74399948120117,40.18999862670898,40.70000076293945,36.132286071777344,5384400,-0.006347615413687002,40.42100028991699,39.72950038909912,38.623200225830075,0.013358034936327937,59.46399965750779,0.7844614762713178,0.6634309843230459
2023-02-07,40.39099884033203,40.755001068115234,40.0099983215332,40.540000915527344,35.99025344848633,7056600,-0.003931200108423627,40.525000381469724,39.86350040435791,38.66260025024414,0.013435919474725496,64.31161949200921,0.7445027170640941,0.6796453308712556
2023-02-08,40.380001068115234,40.61000061035156,40.23500061035156,40.43000030517578,35.8925895690918,4347800,-0.002713384505855565,40.61400032043457,39.986500358581544,38.695200271606446,0.01350779301604801,65.2573553903299,0.6959366579755297,0.6829035962921105
2023-02-09,40.720001220703125,40.84999847412109,39.93000030517578,40.040000915527344,35.546363830566406,3476900,-0.009646287081489624,40.61900024414062,40.02100048065186,38.74180030822754,0.011309529133176151,57.62081889821845,0.6188443622735065,0.6700917494883898
2023-02-10,39.83000183105469,40.22999954223633,39.6150016784668,40.119998931884766,35.61738204956055,4253400,0.001997952410795145,40.596000289916994,40.03750038146973,38.77740028381348,0.011054963677695599,57.38315784520015,0.5577736662360522,0.6476281328379223
2023-02-13,40.27000045776367,40.55500030517578,40.220001220703125,40.4900016784668,35.94586181640625,2943000,0.009222401705698324,40.659000396728516,40.08400039672851,38.802400283813476,0.011117281919547209,58.918935266296856,0.5330857483701053,0.6247196559443589
2023-02-14,40.34799957275391,40.630001068115234,39.85499954223633,40.06999969482422,35.572994232177734,4544900,-0.010372980148971922,40.60700035095215,40.10900039672852,38.82060028076172,0.011415885024092583,54.46879217556099,0.47416387957066064,0.5946085006696192
2023-02-15,39.83000183105469,40.19499969482422,39.720001220703125,40.18000030517578,35.670658111572266,3873000,0.002745211160203098,40.536000442504886,40.17000045776367,38.84480026245117,0.010771475218171091,51.699450997519435,0.43137142273793216,0.5619610850832818
2023-02-16,39.52999877929688,40.15299987792969,39.2599983215332,39.810001373291016,35.34217834472656,4807200,-0.009208534820172809,40.33400039672851,40.22200050354004,38.874800262451174,0.010950579585304853,45.178599284608374,0.36341307113472254,0.52225148229357
2023-02-17,39.63999938964844,39.7400016784668,39.2400016784668,39.61000061035156,35.16462326049805,7192500,-0.005023882342130137,40.19900054931641,40.24150047302246,38.90660026550293,0.010763054361040534,47.645953335737566,0.29007341205288384,0.4758158682454328
2023-02-21,39.400001525878906,39.400001525878906,38.65499877929688,38.83000183105469,34.4721565246582,4220800,-0.019691965848973814,40.01200065612793,40.216500473022464,38.921200332641604,0.01165369300040959,33.58211876366903,0.16708576044026557,0.4140698466843994
2023-02-22,38.95000076293945,38.97999954223633,38.29999923706055,38.47999954223633,34.16143798828125,7049600,-0.009013707759818912,39.806000518798825,40.165500450134275,38.92320030212402,0.011739938113176328,27.726464725380964,0.04090339200110549,0.3394365557477406
2023-02-23,38.709999084472656,38.93000030517578,38.470001220703125,38.84999847412109,34.48991394042969,9331700,0.00961535697209781,39.64800033569336,40.13100032806396,38.934200286865234,0.011981987339203259,19.21486658816582,-0.02890798918407711,0.2657676467613771
2023-02-24,38.369998931884766,38.4900016784668,37.94400024414063,38.130001068115234,33.85072326660156,8159000,-0.01853275249123776,39.45700035095215,40.03800029754639,38.924400329589844,0.012244067890818744,19.829436620291006,-0.1407097704870779,0.18447216331168612
2023-02-27,38.66999816894531,38.77000045776367,38.02000045776367,38.18999862670898,33.90398406982422,4816100,0.0015735000501722052,39.26400032043457,39.93000030517578,38.89880027770996,0.011993030114229647,22.048960685660077,-0.221914098509167,0.1031949109475155
2023-02-28,38.220001220703125,38.68000030517578,38.06999969482422,38.209999084472656,33.9217414855957,4202100,0.0005237093082712807,39.03600006103515,39.847500228881835,38.881200256347654,0.011799803878537334,23.21836036361522,-0.28141130932015557,0.026273666893981286
2023-03-01,37.970001220703125,38.0099983215332,37.375,37.619998931884766,33.3979606628418,7279000,-0.015440988398967237,38.79099998474121,39.69900016784668,38.86080024719238,0.011129456307102487,20.91094692198024,-0.37188450592470446,-0.05335796766975586
2023-03-02,37.34999847412109,38.16999816894531,37.29999923706055,38.11000061035156,33.832969665527344,5067200,0.013025031695349076,38.58400001525879,39.56000022888183,38.87300025939941,0.011491267664442603,30.425961605422543,-0.3994416114674024,-0.12257469642928517
2023-03-03,38.400001525878906,38.834999084472656,38.290000915527344,38.75,34.40114212036133,4420200,0.01679347623716909,38.47799987792969,39.4060001373291,38.915200271606444,0.010803991416831377,37.52278221281555,-0.3654258128013481,-0.17114491970369777
2023-03-06,38.959999084472656,38.959999084472656,38.52999877929688,38.59999847412109,34.267974853515625,4248500,-0.0038710071194558715,38.37699966430664,39.288000106811516,38.95600021362305,0.010034715070151265,32.06828235127196,-0.3465767952521688,-0.20623129481339197
2023-03-07,38.59999847412109,38.66999816894531,37.59999847412109,37.630001068115234,33.40683364868164,5385900,-0.02512946747021705,38.25699958801269,39.13450012207031,38.97000022888184,0.011185707104352622,29.03779764655293,-0.4052381638023945,-0.2460326686111925
2023-03-08,37.650001525878906,38.38999938964844,37.619998931884766,38.15999984741211,33.877349853515625,4473000,0.01408447420284431,38.22499961853027,39.015500068664544,38.998200225830075,0.01188283731077794,33.8140834600315,-0.4043007218530832,-0.2776862792595707
2023-03-09,38.25,38.290000915527344,37.209999084472656,37.290000915527344,33.10498809814453,5683500,-0.022798714239087303,38.06899986267089,38.85850009918212,39.00240020751953,0.012683289548792222,31.305618080548996,-0.46836046734966885,-0.3158211168775903
2023-03-10,37.25,37.34000015258789,35.95000076293945,36.09999847412109,32.048545837402344,11736200,-0.03191210544890999,37.865999603271476,38.66149997711181,38.983400192260746,0.01410629201710404,27.29622201649049,-0.6081412551033409,-0.3742851445227405
2023-03-13,35.869998931884766,37.220001220703125,35.814998626708984,36.68000030517578,32.56344985961914,16936000,0.01606653339529851,37.714999771118165,38.48950004577636,38.987800216674806,0.014810529595723688,35.72375913399772,-0.664457780295109,-0.4323196716772142
2023-03-14,37.25,37.40999984741211,36.625,37.060001373291016,32.90080642700195,7719000,0.01035989817212779,37.6,38.318000030517574,38.98360023498535,0.014867537361370482,40.6084746857415,-0.6706947700367962,-0.47999469134913064
2023-03-15,36.45000076293945,37.20500183105469,36.45000076293945,37.08000183105469,32.91857147216797,14961500,0.0005396777394099939,37.54600028991699,38.1685001373291,38.98660026550293,0.014833540844888148,37.725403135776844,-0.6663425771064055,-0.5172642685005857
2023-03-16,36.810001373291016,37.25,36.41999816894531,37.08000183105469,32.91857147216797,8068700,0.0,37.443000411987306,38.01350021362304,38.98680030822754,0.014782744812978262,41.91063971104707,-0.6553390917380781,-0.5448792331480842
2023-03-17,36.93999862670898,36.959999084472656,36.209999084472656,36.22999954223633,32.1639518737793,8692500,-0.022923469440243593,37.191000366210936,37.83450012207031,38.95300033569336,0.015349115082693248,36.53847967679909,-0.7070563260505338,-0.5773146517285741
2023-03-20,36.060001373291016,36.49300003051758,35.869998931884766,36.36000061035156,32.509071350097656,4962800,0.003588216112552889,36.967000579833986,37.67200012207031,38.94400032043457,0.015456663269608019,37.48310746286226,-0.7291474491972423,-0.6076812112223078
2023-03-21,36.61000061035156,36.63999938964844,35.763999938964844,36.150001525878906,32.321319580078125,4952600,-0.0057755522812854565,36.81900062561035,37.538000106811516,38.90940032958984,0.01502781203825613,39.51500600501409,-0.754898000290666,-0.6371245690359795
2023-03-22,35.88999938964844,35.91999816894531,34.80400085449219,34.83000183105469,31.141115188598636,8042000,-0.036514512838381585,36.48600082397461,37.355500221252434,38.848800354003906,0.016724915689729333,29.08165102349642,-0.8717692282240179,-0.6840535008735872
2023-03-23,34.939998626708984,35.42499923706055,34.5099983215332,34.619998931884766,30.953353881835938,7494000,-0.006029368019805359,36.21900062561035,37.14400024414062,38.78180030822754,0.016375630522578642,22.132274622919425,-0.9701526810602985,-0.7412733369109294
2023-03-24,34.40999984741211,35.52000045776367,34.34000015258789,35.5099983215332,31.74909019470215,8241100,0.025707666583107747,36.16000061035156,37.01300010681152,38.70500030517578,0.017489499737864362,31.042956271428466,-0.965180760534885,-0.7860548216357206
2023-03-27,35.72999954223633,35.84000015258789,35.34000015258789,35.38999938964844,31.64179992675781,5108800,-0.0033792998467138124,36.03100051879883,36.873000144958496,38.6170002746582,0.017450292957622893,34.657537181505774,-0.9598587346264651,-0.8208156042338696
2023-03-28,35.11000061035156,35.470001220703125,35.0,35.27000045776367,31.53451538085937,5117800,-0.0033907582354992805,35.8520004272461,36.726000213623045,38.53120025634766,0.017422896881531653,29.027601991834715,-0.9543230594967014,-0.8475170952864359
2023-03-29,35.619998931884766,36.130001068115234,35.619998931884766,36.11000061035156,32.285552978515625,4108600,0.02381627847138268,35.755000305175784,36.65050029754639,38.4620002746582,0.018240506886767774,41.39942501570921,-0.872101956445043,-0.8524340675181574
2023-03-30,36.5,36.67599868774414,36.43000030517578,36.58000183105469,32.705772399902344,4383800,0.013015818686205938,35.70500030517578,36.57400035858154,38.414400329589846,0.018240110581871388,53.90881765643664,-0.7602522546083605,-0.8339977049361981
2023-03-31,36.7400016784668,37.400001525878906,36.70500183105469,37.380001068115234,33.42103958129883,6971500,0.021869852296764636,35.82000045776367,36.505500411987306,38.38660034179688,0.018546494358223444,55.50314682315712,-0.6001392755165682,-0.7872260190522722
2023-04-03,37.290000915527344,37.55500030517578,36.82500076293945,37.02999877929688,33.10810852050781,6452000,-0.00936335684369205,35.887000274658206,36.42700042724609,38.34280029296875,0.018621873602547172,49.763012897040085,-0.4957758502590366,-0.7289359852936251
2023-04-04,37.04999923706055,37.21500015258789,36.80500030517578,37.040000915527344,33.1170539855957,5639900,0.0002701090078365276,35.976000213623045,36.3975004196167,38.2970002746582,0.01780298738348761,49.68353742744841,-0.4075618754404928,-0.6646611633229987
2023-04-05,36.970001220703125,37.22999954223633,36.81999969482422,36.84999847412109,32.94718170166016,4476400,-0.005129655418734225,36.177999877929686,36.33200035095215,38.24400024414062,0.017482214827809532,48.23346381023808,-0.34896067254167207,-0.6015210651667334
2023-04-06,36.97999954223633,37.10499954223633,36.650001525878906,37.09999847412109,33.17069625854492,4053400,0.006784260796525388,36.42599983215332,36.322500228881836,38.1952001953125,0.01683359820134517,57.36038774315431,-0.27912826944383085,-0.537042506022153
2023-04-10,36.880001068115234,37.29999923706055,36.709999084472656,37.290000915527344,33.340576171875,3814600,0.005121359817273019,36.604000091552734,36.38200035095215,38.14120018005371,0.01509999944858131,57.78893573298948,-0.20607843386247282,-0.47084969159021695
2023-04-11,37.380001068115234,37.77000045776367,37.209999084472656,37.470001220703125,33.50151062011719,9963400,0.004827039441043013,36.8120002746582,36.42150039672852,38.083600234985354,0.014743360166356781,61.111089704316505,-0.13213818581333925,-0.4031073904348414
2023-04-12,37.84999847412109,37.880001068115234,37.29499816894531,37.36000061035156,33.40315628051758,6764800,-0.002935698072269677,37.02100028991699,36.43650035858154,38.03360023498535,0.014606276389410968,76.74411102436883,-0.08147692123522177,-0.3387812965949175
2023-04-13,37.40999984741211,37.4119987487793,36.88899993896485,37.2400016784668,33.29587173461914,4650800,-0.003211962792407319,37.13400039672852,36.44450035095215,37.96660026550293,0.014629877929822942,78.23274550910511,-0.05042909972197407,-0.28111085722032886
2023-04-14,37.29999923706055,37.43999862670898,36.34000015258789,36.59999847412109,32.72365188598633,4853400,-0.017185906968306575,37.136000061035155,36.42050018310547,37.88080024719238,0.015145137667118396,62.41454968869878,-0.07658357951299166,-0.24020540167886142
2023-04-17,36.619998931884766,37.43000030517578,36.619998931884766,37.43000030517578,33.46574783325195,4601000,0.02267764660267857,37.140999984741214,36.48050022125244,37.792800216674806,0.015030447332348188,69.99995512132944,-0.029991261435917238,-0.1981625736302726
2023-04-18,37.5,37.5,37.1619987487793,37.369998931884766,33.41209411621094,3479300,-0.0016030289287152222,37.175,36.5310001373291,37.72100021362305,0.015041635980553912,70.83325133778878,0.002068037893977248,-0.15811645132542265
2023-04-19,37.130001068115234,37.68999862670898,37.060001373291016,37.59000015258789,33.60880279541016,5605700,0.005887108027595289,37.22999992370605,36.60300006866455,37.658800201416014,0.01497151335053386,66.74201095901282,0.044712110098622304,-0.11755073904061365
2023-04-20,37.36000061035156,37.38999938964844,36.98400115966797,37.13999938964844,33.20646667480469,4243600,-0.01197128920225532,37.25900001525879,36.718499946594235,37.59080017089844,0.012433954208056815,56.3635843452357,0.041715671504825025,-0.08569745693152592
2023-04-21,37.22999954223633,37.34000015258789,36.880001068115234,37.18000030517578,33.24222183227539,3252700,0.0010770305919416412,37.26700019836426,36.84650001525879,37.525800170898435,0.012253891265663747,47.2527507076542,0.04208359838646203,-0.060141245867928336
2023-04-24,37.25,37.369998931884766,36.79499816894531,37.08000183105469,33.15281677246094,3709700,-0.002689577011842359,37.24600028991699,36.92500019073486,37.46660018920898,0.011159128765420594,50.73750495120799,0.03391518876684074,-0.04132995894097452
2023-04-25,36.869998931884766,37.040000915527344,36.720001220703125,36.7400016784668,32.84882736206055,3664000,-0.009169367200600798,37.17300033569336,36.99250030517578,37.39900024414062,0.01138497625259671,45.96776591784691,6.42046791199391e-06,-0.03306268305919722
2023-04-26,36.650001525878906,37.0099983215332,36.34000015258789,36.43999862670898,32.580596923828125,4446300,-0.008165569897990776,37.0810001373291,37.05100021362305,37.31800018310547,0.011551377031430375,44.64754012639258,-0.05049221888621247,-0.036548590224600275
2023-04-27,36.540000915527344,37.40499877929688,36.540000915527344,37.31999969482422,33.36740493774414,4278800,0.024149316720068148,37.08899993896485,37.11150016784668,37.26300018310547,0.011585133497927952,52.466373466214435,-0.01928175461160464,-0.03309522310200115
2023-04-28,37.31999969482422,37.880001068115234,37.25,37.75,33.75185775756836,5256200,0.011521980404394672,37.204000091552736,37.170000076293945,37.214400177001956,0.011513015465061564,54.89359457178103,0.03969264208038226,-0.01853765006552447
2023-05-01,37.630001068115234,37.83000183105469,37.35499954223633,37.400001525878906,33.43893051147461,4381900,-0.009271482758174687,37.20100021362305,37.17100009918213,37.166200180053714,0.010710648202610822,49.28131883281479,0.05752520973446451,-0.0033250781055266746
2023-05-02,37.31999969482422,37.38999938964844,36.52999877929688,36.7599983215332,32.8667106628418,6376400,-0.017112384444766704,37.14000015258789,37.15750007629394,37.109200134277344,0.011199283637248465,44.444436595292004,0.019786650031491604,0.0012972675218769808
2023-05-03,36.83000183105469,37.2400016784668,36.5,36.52999877929688,32.661067962646484,6140700,-0.006256788703431271,37.03400001525879,37.13199996948242,37.063200073242186,0.011276427479375713,43.55715835523961,-0.028353628319102597,-0.004632911646318935
2023-05-04,36.52000045776367,37.09999847412109,36.38999938964844,36.869998931884766,32.96506118774414,4887800,0.009307423048165342,37.00699996948242,37.13299999237061,37.03100006103516,0.011434400497625946,52.5911699821274,-0.03862473305037639,-0.011431275927130426
2023-05-05,37.11000061035156,37.52000045776367,37.040000915527344,37.43999862670898,33.47468566894531,3265600,0.01545971552310732,37.03299980163574,37.15,37.00280006408691,0.011858449991719087,50.10099297557435,-0.0007616658532825227,-0.009297353912360844
2023-05-08,37.31999969482422,37.4900016784668,37.04999923706055,37.18000030517578,33.24222183227539,3358700,-0.006944399868319406,37.04299964904785,37.144499969482425,36.98380004882812,0.011918951198396931,48.155355051653906,0.00817120349054079,-0.005803642431780517
2023-05-09,37.060001373291016,37.19499969482422,36.650001525878906,37.060001373291016,33.13493347167969,2995000,-0.003227512934368071,37.07499961853027,37.123999977111815,36.961200103759765,0.011880418109363045,44.75249050480877,0.005504206803408351,-0.0035420725847427432
2023-05-10,37.38999938964844,37.56999969482422,37.040000915527344,37.40999984741211,33.447872161865234,3770000,0.00944410310716659,37.17199974060058,37.12649993896484,36.94520011901855,0.01206695554588279,52.72727693079524,0.031272059678670416,0.0034207538679398887
2023-05-11,37.18000030517578,37.209999084472656,36.78499984741211,37.02000045776367,33.09917068481445,3419800,-0.010425003775438868,37.14199981689453,37.115499877929686,36.933200149536134,0.01227821752576346,48.49056725996014,0.019993109228032324,0.0067352249399583765
2023-05-12,37.15999984741211,37.15999984741211,36.78499984741211,37.09000015258789,33.16175842285156,2950200,0.0018908615331887368,37.07599983215332,37.13999996185303,36.91280014038086,0.011614288835036332,50.09486072736932,0.01651250422587225,0.008690680797141151
2023-05-15,37.130001068115234,37.23500061035156,36.891998291015625,37.02000045776367,33.09917068481445,3003600,-0.0018872929235977942,37.0379997253418,37.11949996948242,36.878200149536134,0.010407157180790298,52.79998779296876,0.008013336568950535,0.00855521195150303
2023-05-16,36.9900016784668,36.9900016784668,36.02999877929688,36.02999877929688,32.21402359008789,3240300,-0.026742346467453104,36.964999771118165,37.05249996185303,36.826800155639646,0.011951104547524608,46.39718852050729,-0.07771136841395077,-0.00869810412158773
2023-05-17,36.27999877929688,36.56499862670898,35.95000076293945,36.5,32.634246826171875,3220400,0.013044719306879005,36.96199989318848,36.99799995422363,36.804200134277345,0.012294276887629029,42.234849579516165,-0.10649602430271443,-0.02825768815781307
2023-05-18,36.36000061035156,36.46500015258789,35.97999954223633,36.27000045776367,32.42860412597656,4111000,-0.006301357321543244,36.90200004577637,36.95450000762939,36.76640014648437,0.012101503084264205,35.43306968358263,-0.1461820170514727,-0.051842553936545
2023-05-19,36.47999954223633,36.630001068115234,36.04999923706055,36.209999084472656,32.374961853027344,4578700,-0.0016542975608970778,36.77900009155273,36.905999946594235,36.744800109863284,0.012090872071820866,37.57826499000523,-0.18039557371771764,-0.07755315789277953
2023-05-22,36.27999877929688,36.68000030517578,36.05799865722656,36.45000076293945,32.589542388916016,3943200,0.006628049835265326,36.7060001373291,36.87449989318848,36.75180015563965,0.012211453219555397,46.46927560713649,-0.18599984377833323,-0.09924249506989027
2023-05-23,36.380001068115234,36.65999984741211,35.959999084472656,36.0,32.18719482421875,3152000,-0.01234569968505983,36.6,36.83749980926514,36.738200149536134,0.012346139858953699,44.25164089884504,-0.22416849407423456,-0.12422769487075914
2023-05-24,35.8849983215332,35.900001525878906,35.150001525878906,35.209999084472656,31.48087310791016,3991400,-0.021944469875759598,36.37999992370605,36.77599983215332,36.70120010375977,0.013129879544965445,33.59684390428872,-0.3145380966093825,-0.1622897752184838
2023-05-25,35.38999938964844,35.57500076293945,35.040000915527344,35.290000915527344,31.55240249633789,5230700,0.002272133857849745,36.206999969482425,36.674499893188475,36.66540008544922,0.011702580993372711,26.477067176182928,-0.3753740995757724,-0.20490664008994153
2023-05-26,35.380001068115234,35.78499984741211,35.22999954223633,35.70000076293945,31.918975830078125,4403100,0.01161801747734481,36.06800003051758,36.57199993133545,36.63780006408692,0.011708753580613844,34.32205547307444,-0.3860533266125614,-0.24113597739446552
2023-05-30,35.970001220703125,36.29999923706055,35.7400016784668,35.810001373291016,32.017330169677734,4540300,0.003081249523830598,35.947000122070314,36.492499923706056,36.62940010070801,0.011670849147163318,36.73037984935608,-0.381245796808642,-0.26915794127730086
2023-05-31,35.83000183105469,36.11000061035156,35.61000061035156,36.040000915527344,32.22296524047852,6945100,0.006422773901591405,35.94800033569336,36.45650005340576,36.623000106811524,0.011257186534198698,35.07628966052572,-0.35478699035299854,-0.2862837510924404
2023-06-01,36.0099983215332,36.25,35.68000030517578,36.04999923706055,32.23190689086914,5485000,0.00027742289897925154,35.90300025939941,36.43250007629395,36.621000061035154,0.011189005561437733,38.4798138503191,-0.3292164127471793,-0.29487028342338817
2023-06-02,36.47999954223633,36.95500183105469,36.310001373291016,36.810001373291016,32.91141891479492,4350000,0.021081890494165645,35.95700035095215,36.42950019836426,36.66060005187988,0.012016937633152956,47.142874937330085,-0.24480377939378428,-0.2848569826174674
2023-06-05,36.88999938964844,37.040000915527344,36.54999923706055,36.63999938964844,32.75941848754883,3970500,-0.004618363958169502,36.000000381469725,36.38950023651123,36.70100006103516,0.011483155123357834,46.19999801636195,-0.18944015048276697,-0.2657736161905273
2023-06-06,36.84000015258789,36.935001373291016,36.5099983215332,36.86000061035156,32.95611572265625,3260600,0.006004400228382112,36.04100036621094,36.37350025177002,36.72800010681152,0.011496367924686668,59.81087086697105,-0.1263552709039928,-0.23788994713322043
2023-06-07,37.01800155639648,37.630001068115234,36.790000915527344,37.540000915527344,33.56409454345703,4415600,0.018448190285292876,36.19500045776367,36.39750022888184,36.7710001373291,0.012212134491619809,61.71169545725572,-0.021244810753849208,-0.1945609198573462
2023-06-08,37.369998931884766,37.40999984741211,36.89500045776367,37.310001373291016,33.35846328735352,4027000,-0.006126785738601148,36.40500068664551,36.39250030517578,36.811800155639645,0.012122338437861407,61.71169545725572,0.04300125363841545,-0.14704848515819388
2023-06-09,37.34000015258789,37.41999816894531,36.915000915527344,37.119998931884766,33.18858337402344,4261700,-0.005092533755366335,36.58800048828125,36.39750022888184,36.83200012207031,0.011939722520449786,59.95621038713657,0.07768955658414001,-0.1021008768097271
2023-06-12,37.09999847412109,37.150001525878906,36.775001525878906,37.09999847412109,33.17069625854492,3819100,-0.0005388054509478657,36.728000259399415,36.398000144958495,36.84240005493164,0.011934002511234118,57.47122102480941,0.10238617272759143,-0.061203466902263394
2023-06-13,37.09999847412109,37.40999984741211,36.970001220703125,37.369998931884766,33.41209411621094,4358200,0.007277640670309449,36.88400001525879,36.41550006866455,36.84220001220703,0.01203000468795521,66.42680783758387,0.1421070774738098,-0.02054135802704876
2023-06-14,37.4900016784668,37.79600143432617,37.22999954223633,37.56999969482422,33.590919494628906,7845400,0.00535190710880129,37.03699989318848,36.492500114440915,36.85300003051758,0.01020075186589397,82.96081527750238,0.1875624673815537,0.02107940705467173
2023-06-15,37.41999816894531,37.810001373291016,37.15999984741211,37.72999954223633,33.733978271484375,4383300,0.0042587130346489754,37.204999923706055,36.55400009155274,36.86680000305176,0.009891100232356554,83.33324647792627,0.23380172117825992,0.06362386987938937
2023-06-16,37.7400016784668,38.060001373291016,37.63999938964844,37.68999862670898,33.698211669921875,6076400,-0.0010601886035692676,37.29299964904785,36.625,36.883600006103514,0.009736027479319707,80.24305008023568,0.26417369347061026,0.10373383459763355
2023-06-20,37.130001068115234,37.209999084472656,36.68000030517578,36.93000030517578,33.33623123168945,4026500,-0.020164456068582193,37.32199974060059,36.66100006103515,36.88020004272461,0.01090768186022254,64.21316184650414,0.22433222510475304,0.12785351269905745
2023-06-21,36.72999954223633,36.90499877929688,36.470001220703125,36.77000045776367,33.19179916381836,4543300,-0.0043325168180322615,37.3129997253418,36.67700004577637,36.869800033569334,0.010887554350238441,59.43150264317655,0.17779738627691444,0.13784228741462884
2023-06-22,36.79999923706055,36.83000183105469,36.025001525878906,36.25,32.72240447998047,5103500,-0.014141975830568088,37.183999633789064,36.68950004577637,36.84540000915527,0.011005809045118652,52.283109198540664,0.09783076792892587,0.12983998351748827
2023-06-23,36.130001068115234,36.3849983215332,35.84000015258789,35.86000061035156,32.370357513427734,5414100,-0.010758603852370707,37.03899955749512,36.72200012207031,36.815400009155276,0.010053354246046387,38.154621532174254,0.002952915998534422,0.1044625700136975
2023-06-26,35.849998474121094,36.68999862670898,35.810001373291016,36.65999984741211,33.09251022338867,2988900,0.02230895770898611,36.99299964904785,36.79050006866455,36.80379997253418,0.011131252458670759,50.215522025339766,-0.007597631885104761,0.08205052963393707
2023-06-27,36.7599983215332,37.14500045776367,36.54999923706055,37.060001373291016,33.453582763671875,4012700,0.010911116408723665,36.988999938964845,36.85850009918213,36.81300003051758,0.011100066132592538,52.07469520037038,0.016131805676572242,0.06886678484246411
2023-06-28,37.060001373291016,37.21599960327149,36.8120002746582,37.15999984741211,33.543853759765625,3963100,0.002698285764046515,36.96800003051758,36.92600002288818,36.807600021362305,0.011098304914588925,45.518857102756584,0.042516493374996855,0.06359672654897067
2023-06-29,37.0099983215332,37.5,36.84000015258789,37.5,33.85076141357422,3727400,0.00914962739461811,36.96100006103516,36.998999977111815,36.81020004272461,0.01117315492866084,52.18389111193544,0.08982625809301936,0.06884263285778042
2023-06-30,37.810001373291016,37.90999984741211,37.220001220703125,37.68999862670898,34.02227783203125,6437000,0.005066630045572618,36.956999969482425,37.08099994659424,36.81220001220703,0.011184555324422722,56.55172292835548,0.14102523761705044,0.08327915380963442
2023-07-03,37.540000915527344,38.19499969482422,37.470001220703125,37.9900016784668,34.2930793762207,3628200,0.007959752260251474,36.9870002746582,37.13999996185303,36.8292000579834,0.010379868734471557,59.6112634884122,0.2034631403744882,0.1073159511226052
2023-07-05,37.880001068115234,38.42900085449219,37.65999984741211,38.18000030517578,34.46459197998047,6300600,0.005001279766109645,37.1120002746582,37.217000007629395,36.849200057983396,0.010297642726280953,58.901115484739115,0.2652196424959854,0.13889668939728125
2023-07-06,37.75,38.02000045776367,37.2599983215332,37.970001220703125,34.2750244140625,5046400,-0.005500237894031312,37.23200035095215,37.27250003814697,36.867000045776365,0.010389627268287393,54.38598399164782,0.29382985659340477,0.16988332283650598
2023-07-07,37.720001220703125,38.02999877929688,37.632999420166016,37.790000915527344,34.112548828125,4617200,-0.004740592556990442,37.38600044250488,37.285000038146975,36.88800003051758,0.009672045743222554,50.655037110024075,0.2985377794010873,0.19561421414942223
2023-07-10,37.68999862670898,37.95000076293945,37.595001220703125,37.91999816894531,34.22989273071289,4345300,0.003439990745397248,37.59200019836426,37.31549987792969,36.917600021362304,0.009569523068874191,52.46252484253131,0.3091943342449923,0.21833023816853628
2023-07-11,38.0,38.380001068115234,37.880001068115234,38.34999847412109,34.61804962158203,4772800,0.011339671042703836,37.761000061035155,37.376999855041504,36.93819999694824,0.009735998963567985,66.35943971366888,0.34832192339033696,0.24432857521289642
2023-07-12,38.77000045776367,38.869998931884766,38.5099983215332,38.52999877929688,34.78053665161133,7247700,0.00469361961767123,37.90799980163574,37.448499870300296,36.95379997253418,0.009743641247657085,70.18348182374166,0.38936696004655147,0.2733362521796274
2023-07-13,38.52000045776367,38.810001373291016,38.27000045776367,38.790000915527344,35.01523208618164,4708100,0.006748044237420814,38.07099990844726,37.519499969482425,36.981599960327145,0.009729074756866907,80.97563244912959,0.43782843313693576,0.30623468837108914
2023-07-14,38.70000076293945,38.81600189208984,38.470001220703125,38.790000915527344,35.01523208618164,3901500,0.0,38.2,37.58050003051758,37.02220001220703,0.009703032027350752,89.48788447736578,0.4708073259212924,0.3391492158811298
2023-07-17,38.65999984741211,38.810001373291016,38.435001373291016,38.459999084472656,34.717342376708984,4556400,-0.00850739425795144,38.27700004577637,37.61700000762939,37.060800018310545,0.009938996838812185,77.7777516138869,0.46495523174032627,0.3643104190529691
2023-07-18,38.560001373291016,38.58000183105469,37.81499862670898,38.13999938964844,34.4284782409668,6513800,-0.00832032507648739,38.29199981689453,37.639500045776366,37.08620002746582,0.010148784481466134,67.08857703334843,0.42954458136480866,0.37735725151533706
2023-07-19,38.41999816894531,38.81999969482422,38.380001068115234,38.560001373291016,34.8076171875,6610700,0.011012113014259084,38.329999923706055,37.72100009918213,37.10860008239746,0.009127622945961627,70.1149450486812,0.4304105311177153,0.3879679074358127
2023-07-20,38.369998931884766,38.43999862670898,37.880001068115234,38.43000030517578,34.69026184082031,6665000,-0.0033713968746194034,38.37599983215332,37.80400009155274,37.133600082397464,0.009093879880476727,64.22016957298777,0.4158135628850914,0.3935370385256685
2023-07-21,38.560001373291016,38.720001220703125,38.41999816894531,38.59999847412109,34.843711853027344,4801800,0.004423579692826918,38.45699958801269,37.921500015258786,37.164400024414064,0.008240111121808606,63.99998121997397,0.41319968315563216,0.3974695674516613
2023-07-24,38.709999084472656,38.9900016784668,38.61000061035156,38.970001220703125,35.17771911621094,5157000,0.009585563761876914,38.56199989318848,38.077000045776366,37.195600051879886,0.0076648028484935645,64.75901364901836,0.435958832004836,0.40516742036229625
2023-07-25,38.90999984741211,39.09999847412109,38.66999816894531,38.68000030517578,34.91593551635742,4383300,-0.007441645020356824,38.59500007629394,38.17800006866455,37.22880004882813,0.006802750503737393,57.30992912706043,0.4256879059955665,0.4092715174889503
2023-07-26,38.59999847412109,38.900001525878906,38.59000015258789,38.81999969482422,35.04231262207031,5117900,0.003619425763802475,38.62400016784668,38.265999984741214,37.26340003967285,0.006529862707261246,62.686521275723535,0.42395778244464566,0.4122087704800894
2023-07-27,39.09999847412109,39.20000076293945,37.9900016784668,38.0,34.30211639404297,7511200,-0.021123124710728636,38.545000076293945,38.307999992370604,37.28300003051758,0.008373810315075744,52.6315638516343,0.3523577637513,0.4002385691343316
2023-07-28,38.43999862670898,38.560001373291016,37.84999847412109,37.88999938964844,34.202816009521484,5870000,-0.00289475290398844,38.454999923706055,38.32749996185303,37.32020004272461,0.008199639170623827,49.62218246319354,0.28347043245352666,0.3768849417981706
2023-07-31,38.0,38.3650016784668,37.89500045776367,38.18999862670898,34.47361755371094,4940900,0.007917636365613046,38.42799987792968,38.35249996185303,37.354000015258784,0.00830638964144861,47.91667287547125,0.25020000738513914,0.35154795491556434
2023-08-01,38.09000015258789,38.275001525878906,37.959999084472656,38.119998931884766,34.41042709350586,6124600,-0.0018329326352805042,38.425999832153316,38.35899982452393,37.39099998474121,0.00814244072618503,44.50403406016971,0.21569813166313168,0.32437799026507785
2023-08-02,37.88999938964844,38.02999877929688,37.71500015258789,37.959999084472656,34.26599884033203,6503700,-0.00419726788812369,38.365999603271476,38.34799976348877,37.4259999847412,0.008116860701856122,38.56748327000029,0.1734451285926326,0.2941914179305888
2023-08-03,37.5099983215332,37.54999923706055,36.91899871826172,37.43999862670898,33.79660415649414,6268000,-0.013698642526479454,38.2669994354248,38.32149963378906,37.4457999420166,0.008588861894797224,33.73493311419524,0.09688282324750475,0.25472969899397196
2023-08-04,37.27000045776367,37.667999267578125,36.95500183105469,37.06999969482422,33.462608337402344,5874700,-0.009882450466245696,38.11399955749512,38.285499572753906,37.46719993591308,0.008791762069519222,33.412904776471564,0.006278449014807563,0.20503944899813908
2023-08-07,37.18000030517578,37.54999923706055,37.15999984741211,37.540000915527344,33.886871337890625,3606100,0.012678748976864718,37.970999526977536,38.26649971008301,37.51379997253417,0.009263222873892021,43.087581501723626,-0.02728645847909661,0.15857426750269196
2023-08-08,37.25,37.45500183105469,36.9900016784668,37.34999847412109,33.71535873413086,4094200,-0.005061332892180803,37.83799934387207,38.216499710083006,37.55499992370605,0.00888151400438976,35.2797859316714,-0.06842968379613978,0.11317347724292563
2023-08-09,37.27000045776367,37.61000061035156,37.119998931884766,37.43999862670898,33.79660415649414,5354500,0.002409642738011142,37.699999237060545,38.16199970245361,37.58979988098144,0.008815061976281334,37.8378277051756,-0.09270507967801933,0.07199776585873664
2023-08-10,37.540000915527344,37.790000915527344,37.20500183105469,37.31999969482422,33.68828201293945,4901600,-0.003205099793971544,37.63199920654297,38.08849964141846,37.6199998474121,0.008609599090998319,34.07963409310895,-0.12024036070815924,0.03355014054535747
2023-08-11,37.15999984741211,37.43999862670898,37.04999923706055,37.38999938964844,33.751468658447266,3643000,0.0018756617201667325,37.58199920654297,38.018499565124515,37.64699981689453,0.008641478165124263,28.763423217962625,-0.13485930482604402,-0.00013174852892283012
2023-08-14,37.34000015258789,37.34000015258789,37.06999969482422,37.18999862670898,33.5709228515625,3069500,-0.005349044295379968,37.481999206542966,37.95499954223633,37.66979980468749,0.008540738261957219,29.476566941611893,-0.1607305121634255,-0.032251501255823364
2023-08-15,36.95000076293945,37.047000885009766,36.72499847412109,36.810001373291016,33.227909088134766,3931200,-0.01021772700860113,37.350999450683595,37.888499641418456,37.66979980468749,0.008628899070488113,24.031022270149535,-0.20948146106607624,-0.06769749321787394
2023-08-16,36.84999847412109,36.8650016784668,36.31999969482422,36.36000061035156,32.82170867919922,4804500,-0.01222495914564048,37.190999603271486,37.778499603271484,37.664199829101555,0.008382717496030142,26.57143729073651,-0.28118689259390806,-0.11039537309308076
2023-08-17,36.38999938964844,36.66999816894531,36.06999969482422,36.09000015258789,32.57797622680664,5679300,-0.007425755039366044,37.055999755859375,37.66149959564209,37.648799819946284,0.008443532122180911,25.40984546306352,-0.3557004507624555,-0.15945638862695571
2023-08-18,35.84000015258789,36.290000915527344,35.790000915527344,36.18999862670898,32.668243408203125,4503900,0.0027708083596091893,36.967999649047854,37.54099960327149,37.621799774169915,0.008373798940628618,21.09825824845801,-0.4020493664829985,-0.2079749841981643
2023-08-21,36.130001068115234,36.15999984741211,35.57500076293945,35.880001068115234,32.3884162902832,3958300,-0.008565835047171233,36.80199966430664,37.38649959564209,37.5931997680664,0.007886320888824393,19.72973363081111,-0.458510010351489,-0.2580819894288292
2023-08-22,36.02000045776367,36.1150016784668,35.84000015258789,35.9900016784668,32.48770904541016,5446600,0.003065791724552458,36.66599998474121,37.25199966430664,37.57059982299804,0.008000624052904044,23.013717241919778,-0.48874539477480994,-0.30421467049802536
2023-08-23,36.15999984741211,36.54999923706055,36.150001525878906,36.52000045776367,32.96613311767578,5105800,0.014726278260053016,36.57400016784668,37.136999702453615,37.558999862670895,0.008864542816586884,37.43170537997972,-0.4645852332847866,-0.3362887830553776
2023-08-24,36.58000183105469,37.025001525878906,36.34000015258789,36.34999847412109,32.81266784667969,5086900,-0.004655037828906861,36.477000045776364,37.05449962615967,37.53859985351562,0.007793856602586714,39.59535532922156,-0.45392332502010646,-0.35981569144832337
2023-08-25,36.43999862670898,36.63999938964844,36.25,36.45000076293945,32.9029426574707,4985900,0.002751094718465019,36.383000183105466,36.98249969482422,37.51619987487793,0.007868808278861387,32.362457948828734,-0.43241967214323296,-0.3743364875873053
2023-08-28,36.56999969482422,36.915000915527344,36.56999969482422,36.7400016784668,33.16472625732422,4212900,0.007956129203217976,36.33800048828125,36.90999984741211,37.49639991760253,0.007871341821595514,40.43891758217457,-0.387510245178909,-0.376971239105626
2023-08-29,36.75,37.185001373291016,36.59000015258789,37.15999984741211,33.543853759765625,3808200,0.01143163172993189,36.37300033569336,36.861999893188475,37.4857999420166,0.008417530477986901,46.022740819250465,-0.3144045980952157,-0.36445791090354396
2023-08-30,37.209999084472656,37.40999984741211,37.125,37.290000915527344,33.66120529174805,3051300,0.0034984141186504836,36.466000366210935,36.828499984741214,37.49299995422363,0.008451100487968537,49.5750879650042,-0.24317468001082432,-0.340201264725
2023-08-31,37.27000045776367,37.33000183105469,36.97999954223633,37.02000045776367,33.41747283935547,4084700,-0.007240559161564519,36.559000396728514,36.80750007629395,37.49799995422363,0.008048359632977823,45.04022818642315,-0.20613504076334266,-0.31338801993266857
2023-09-01,37.25,37.30500030517578,36.880001068115234,37.0,33.39942169189453,3927600,-0.0005402608729432323,36.64000053405762,36.80400009155274,37.51299995422363,0.00774247726100988,47.32396242898492,-0.1763617412228058,-0.285982764190696
2023-09-05,36.93999862670898,36.994998931884766,36.62900161743164,36.630001068115234,33.0654296875,5000000,-0.009999971132020669,36.715000534057616,36.75850009918213,37.5283999633789,0.007432180634312021,47.45762346577011,-0.18054084593572384,-0.2648943805397016
2023-09-06,36.619998931884766,36.72100067138672,36.25,36.560001373291016,33.002235412597656,3974900,-0.0019109935239709497,36.77200050354004,36.719000244140624,37.52639999389648,0.0073792322367094935,53.16456918666063,-0.18734164897671945,-0.2493838342271052
2023-09-07,36.52999877929688,37.005001068115234,36.47999954223633,36.86000061035156,33.27304458618164,3861000,0.008205668101525676,36.806000518798825,36.69000034332275,37.522399978637694,0.007631443977167428,62.068977887900466,-0.16660340283047503,-0.23282774794777916
2023-09-08,36.93000030517578,36.935001373291016,36.560001373291016,36.619998931884766,33.056396484375,4369000,-0.006511168597197359,36.833000564575194,36.65500030517578,37.511599960327146,0.007722622527580448,56.456457488487274,-0.16760230794595543,-0.21978265994741442
2023-09-11,36.65999984741211,36.75,36.45000076293945,36.63999938964844,33.0744514465332,3336700,0.0005461621613063183,36.8520004272461,36.61750030517578,37.49439994812011,0.007703006740527963,62.49995294377466,-0.16487944999037296,-0.20880201795600614
2023-09-12,36.56999969482422,36.68999862670898,36.32500076293945,36.63999938964844,33.0744514465332,3225000,0.0,36.84200019836426,36.59000034332276,37.4733999633789,0.007636060457887748,61.092095515718945,-0.1608671886292683,-0.19921505209065857
2023-09-13,36.65999984741211,36.65999984741211,36.16999816894531,36.27000045776367,32.74045944213867,4274000,-0.010098224291709368,36.753000259399414,36.56300029754639,37.43899993896484,0.007628277766385992,45.487371581237795,-0.18540601901090525,-0.1964532454747079
2023-09-14,36.56999969482422,37.0,36.54999923706055,36.93000030517578,33.33623123168945,3686900,0.018196852469871905,36.71700019836426,36.5915002822876,37.41399993896484,0.008221555438099562,58.895727775892624,-0.14986914878687685,-0.1871364261371417
2023-09-15,36.790000915527344,36.93000030517578,36.65499877929688,36.790000915527344,33.209861755371094,4755300,-0.003790939303859542,36.694000244140625,36.62650032043457,37.39039993286132,0.008068670786815762,55.151518654451934,-0.13148700349741915,-0.1760065416091972
2023-09-18,36.5,36.50699996948242,36.09999847412109,36.18000030517578,32.91960525512695,3812000,-0.016580608729860336,36.6120002746582,36.62600040435791,37.35819992065429,0.008955639270708006,42.26517211982368,-0.1642476277744862,-0.173654758842255
2023-09-19,36.18000030517578,36.290000915527344,35.88999938964844,35.9900016784668,32.74673080444336,3937100,-0.0052514821754107155,36.54800033569336,36.63150043487549,37.31959999084472,0.008817926576977237,32.7433867316028,-0.20319960131565296,-0.1795637273369346
2023-09-20,36.25,36.47499847412109,36.02999877929688,36.060001373291016,32.81041717529297,3873400,0.0019449761478087524,36.49800033569336,36.6350004196167,37.27380004882812,0.00880223526632354,31.5315274034039,-0.22581784309195285,-0.18881455048793827
2023-09-21,35.84000015258789,35.86000061035156,34.790000915527344,34.810001373291016,31.67306327819824,5749900,-0.03466444682184211,36.29300041198731,36.549500465393066,37.199400100708004,0.011116897117401001,24.361945054166952,-0.3406803647902734,-0.2191877133484053
2023-09-22,34.79999923706055,35.02899932861328,34.5099983215332,34.56999969482422,31.45469093322754,8497400,-0.006894618471659841,36.08800048828125,36.46050052642822,37.11500007629394,0.011152711563873274,23.178797351100457,-0.4459354046904167,-0.26453725161680763
2023-09-25,34.400001525878906,34.529998779296875,34.255001068115234,34.5099983215332,31.40009117126465,5017200,-0.0017356486497163148,35.875000381469725,36.36350040435791,37.02940002441406,0.01108757075434948,24.881491311170734,-0.5281047289238217,-0.31725074707821044
2023-09-26,34.25,34.36800003051758,33.78499984741211,33.900001525878906,30.84507179260254,7143100,-0.01767594393864913,35.60100059509277,36.221500396728516,36.938200073242186,0.011274245597954388,22.058815279631034,-0.6351248301398087,-0.3808255636905301
2023-09-27,34.040000915527344,34.18000030517578,33.45899963378906,33.599998474121094,30.572099685668945,9007100,-0.008849647146145223,35.33400039672851,36.04350032806396,36.84740005493163,0.010715863235130301,15.756295449773447,-0.7356664653621863,-0.4517937440248614
2023-09-28,33.77000045776367,34.04999923706055,33.68000030517578,33.95000076293945,30.890560150146484,7431500,0.010416735259316523,35.036000442504886,35.87650032043457,36.7552000427246,0.011108025299020028,22.587303253378778,-0.7781343278630146,-0.5170618607924921
2023-09-29,34.470001220703125,34.540000915527344,33.88999938964844,34.06999969482422,30.9997501373291,7305700,0.003534578179325454,34.76400032043457,35.7290002822876,36.668000030517575,0.011234902603986487,24.14487863585846,-0.7929666776735687,-0.5722428241687074
2023-10-02,33.939998626708984,34.11000061035156,33.244998931884766,33.45000076293945,30.435623168945312,8673300,-0.018197796813568923,34.49100036621094,35.55150032043457,36.56500007629395,0.011628745129388676,21.466918250152688,-0.8450094115196691,-0.6267961416388999
2023-10-03,33.27000045776367,33.43000030517578,32.7400016784668,32.84000015258789,29.88059425354004,9197900,-0.01823619122386999,34.17600021362305,35.3620002746582,36.44240005493164,0.011957589011825982,20.583197016292615,-0.9248149136605335,-0.6863998960432267
2023-10-04,33.060001373291016,33.22999954223633,32.619998931884766,33.189998626708984,30.19904899597168,9241000,0.010657687956603601,33.888999938964844,35.1935001373291,36.3326000213623,0.012468719182518028,16.123176011637597,-0.9488812844830576,-0.738896173731193
2023-10-05,33.209999084472656,33.46500015258789,33.02000045776367,33.43000030517578,30.41741943359375,7857600,0.007231144573584203,33.75099983215332,35.02200012207031,36.22480003356934,0.012417226492001327,20.106770744951632,-0.9377778082471337,-0.7786725006343812
2023-10-06,33.15999984741211,33.770999908447266,32.81999969482422,33.560001373291016,30.53571128845215,10218500,0.0038887546194579237,33.65,34.86900024414062,36.136000061035155,0.012558658415932502,24.513644955808175,-0.908021121338038,-0.8045422247751126
2023-10-09,33.369998931884766,34.09000015258789,33.34000015258789,34.0,30.93606185913086,6258000,0.01311080478855886,33.59900016784668,34.7370002746582,36.05820007324219,0.013114638092632781,31.539884087059974,-0.8392600531522589,-0.8114857904505419
2023-10-10,33.970001220703125,34.40999984741211,33.79999923706055,34.119998931884766,31.045238494873047,4979700,0.0035293803495519693,33.62099990844727,34.61100025177002,35.9768000793457,0.01318986248840311,32.1691032099541,-0.7662506398859605,-0.8024387603376257
2023-10-11,34.400001525878906,34.81999969482422,34.34000015258789,34.810001373291016,31.67306327819824,5178300,0.0202228154456785,33.74200019836426,34.53800029754639,35.910600128173826,0.014099497612159532,50.0,-0.645274401802908,-0.7710058886306823
2023-10-12,34.70000076293945,34.75,34.17499923706055,34.349998474121094,31.2545108795166,5970000,-0.013214676271827819,33.78199996948242,34.40900020599365,35.8384001159668,0.0134718670539656,47.843127868499316,-0.5798342824203075,-0.7327715673886075
2023-10-13,34.529998779296875,34.650001525878906,34.18000030517578,34.34000015258789,31.24541473388672,5688400,-0.0002910719644059201,33.80900001525879,34.28650016784668,35.77640014648438,0.013490985765901062,48.31685082956396,-0.5227533224289473,-0.6907679183966755
2023-10-16,34.54999923706055,34.79999923706055,34.189998626708984,34.689998626708984,31.56387710571289,7719300,0.010192151210422162,33.932999801635745,34.21200008392334,35.72880012512207,0.013437529912160871,58.24630814918876,-0.4441543635607701,-0.6414452074294945
2023-10-17,34.41999816894531,34.970001220703125,34.275001525878906,34.5099983215332,31.40009117126465,7239500,-0.0051888242231636905,34.099999618530276,34.13799991607666,35.66820007324219,0.01343674269348574,59.743034913042095,-0.39187139319589903,-0.5915304445827754
2023-10-18,34.279998779296875,34.404998779296875,33.7400016784668,33.75,30.70858383178711,8313200,-0.02202255457830571,34.155999755859376,34.02249984741211,35.59620010375976,0.014116928739329534,48.03148778507927,-0.4070698278962013,-0.5546383212454606
2023-10-19,33.47999954223633,33.72999954223633,32.89500045776367,32.91999816894531,29.9533805847168,10377000,-0.02459264684606477,34.10499954223633,33.92799968719483,35.505800094604496,0.013077132399634029,40.06907302212261,-0.4805494333108129,-0.539820543658531
2023-10-20,33.06999969482422,33.23500061035156,32.7400016784668,32.75,29.7987003326416,8556300,-0.005163978687753312,34.02399940490723,33.83699970245361,35.41440010070801,0.013053660619706675,43.44568592755362,-0.546203685408372,-0.5410971720084993
2023-10-23,32.470001220703125,32.90999984741211,32.369998931884766,32.470001220703125,29.543933868408203,6709100,-0.008549581047232802,33.87099952697754,33.73499984741211,35.3160001373291,0.013118146724550162,46.30739465226472,-0.6137537435437252,-0.5556284863155445
2023-10-24,32.58000183105469,32.959999084472656,32.56999969482422,32.880001068115234,29.91698837280273,5749200,0.012627035170873047,33.746999740600586,33.68399982452392,35.22980018615723,0.013078929167222744,46.94282468192044,-0.6269766930750933,-0.5698981276674543
2023-10-25,32.540000915527344,32.650001525878906,32.099998474121094,32.189998626708984,29.28916549682617,8454400,-0.020985475030150358,33.48499946594238,33.61349983215332,35.13740013122558,0.013706993648330796,38.76810166996652,-0.6852344500785108,-0.5929653921496656
2023-10-26,32.33000183105469,33.095001220703125,32.29999923706055,32.869998931884766,29.90789031982422,10663200,0.021124583230381466,33.33699951171875,33.559499740600586,35.06760009765625,0.014410695398972122,44.31628932374903,-0.6688240136987531,-0.6081371164594831
2023-10-27,32.959999084472656,32.959999084472656,32.23500061035156,32.349998474121094,29.43474769592285,10350600,-0.015819911002773357,33.13799934387207,33.47349967956543,34.992800064086914,0.014700610334859745,36.58535677645135,-0.6898264261151468,-0.6244749783906158
2023-10-30,32.540000915527344,32.720001220703125,31.989999771118164,32.45000076293945,29.525739669799805,7071900,0.00309126100572632,32.91399955749512,33.42349967956543,34.918000106811526,0.014267272733907507,36.37849234323038,-0.6904426472636729,-0.6376685121652272
2023-10-31,32.7400016784668,33.13999938964844,32.43000030517578,33.099998474121094,30.117156982421875,8490800,0.020030745636344882,32.7729995727539,33.43649959564209,34.86240005493164,0.014457992977891517,35.96056768206097,-0.6312054800662494,-0.6363759057454317
2023-11-01,33.13999938964844,33.310001373291016,32.904998779296875,33.27000045776367,30.27184295654297,8343100,0.005136011827175491,32.724999618530276,33.44049968719482,34.808000030517576,0.014305611031791392,40.68967104808821,-0.5640399574407553,-0.6219087160844965
2023-11-02,33.810001373291016,34.45000076293945,33.7400016784668,34.29999923706055,31.20902442932129,8882200,0.030958784644576687,32.862999725341794,33.48399963378906,34.763600006103516,0.01582142251563757,49.70673814283525,-0.42282444640916594,-0.5820918621494304
2023-11-03,34.93000030517578,35.625,34.84000015258789,35.11000061035156,31.946027755737305,8575200,0.023615200912769252,33.09899978637695,33.56149959564209,34.738800048828125,0.01658110923595711,52.88462798068967,-0.2427515068892987,-0.5142237910974041
2023-11-06,35.04999923706055,35.06999969482422,34.45500183105469,34.630001068115234,31.5092887878418,7431300,-0.01367130543697026,33.31499977111817,33.592999649047854,34.702400054931644,0.016750370334130665,50.791574654312015,-0.13719288235111549,-0.4388176093481464
2023-11-07,34.58000183105469,34.650001525878906,34.29999923706055,34.34000015258789,31.24541473388672,6579300,-0.00837426816582909,33.46099967956543,33.60399971008301,34.65440002441406,0.01686875209153975,54.14908428544219,-0.07606078080513612,-0.36626624363954435
2023-11-08,34.5,34.619998931884766,34.36000061035156,34.540000915527344,31.427392959594727,7298000,0.005824134014291271,33.69599990844726,33.59049968719482,34.602000045776364,0.016277642237457354,62.50001471718862,-0.011343993310347855,-0.2952817935737051
2023-11-09,34.63999938964844,34.65999984741211,33.95000076293945,34.0099983215332,30.94515609741211,7336200,-0.015344602777815242,33.80999984741211,33.57349967956543,34.53639999389648,0.01637351846271178,59.21050356735136,-0.0027900904543045613,-0.236783452949825
2023-11-10,34.25,34.439998626708984,33.94499969482422,34.38999938964844,31.29090690612793,5969000,0.011173216314881218,34.013999938964844,33.575999641418456,34.48379997253418,0.016575859256319783,63.83281976076276,0.03425695670938467,-0.18257537101798307
2023-11-13,34.119998931884766,34.22999954223633,33.895999908447266,34.099998474121094,31.02704429626465,4313800,-0.008432710691313239,34.178999710083005,33.54649963378906,34.4257999420166,0.016508165651607086,58.944247898983406,0.0397580521749461,-0.13810868637939724
2023-11-14,35.279998779296875,36.22499847412109,35.11000061035156,35.939998626708984,32.701229095458984,10526900,0.05395895117075411,34.462999725341795,33.61799964904785,34.41199989318848,0.020485862567229993,73.52569533190702,0.19039558299201786,-0.07240783250511423
2023-11-15,35.869998931884766,36.33100128173828,35.869998931884766,36.02000045776367,32.774024963378906,7168900,0.002225983141669774,34.737999725341794,33.731499671936035,34.40119987487793,0.019676590768156737,71.37040088943915,0.3126286026850593,0.004599454532920481
2023-11-16,36.119998931884766,36.20500183105469,35.90999984741211,36.0099983215332,32.76491928100586,5026800,-0.00027768284573448376,34.908999633789065,33.88599967956543,34.38419982910156,0.018573539254245795,76.67633685163467,0.40403460322748685,0.08448648427183376
2023-11-17,36.31999969482422,36.33000183105469,35.81999969482422,35.970001220703125,32.7285270690918,4417300,-0.0011107220964839959,34.994999694824216,34.04699974060058,34.37119987487793,0.01848262599379914,75.88233017181267,0.4678539562560218,0.16115997866867138
2023-11-20,35.90999984741211,36.25,35.619998931884766,36.25,32.98329162597656,4228100,0.007784230464126685,35.156999588012695,34.23599967956543,34.36339988708496,0.018217887355011533,74.4945384044025,0.534859289811962,0.2358998408973295
2023-11-21,36.11000061035156,36.20500183105469,35.970001220703125,36.06999969482422,32.81951141357422,3300600,-0.004965525660021508,35.32999954223633,34.39549961090088,34.35199989318848,0.018289212985856097,71.73910339300406,0.5669020847513195,0.3021002896681275
2023-11-22,36.36000061035156,36.47499847412109,36.040000915527344,36.18000030517578,32.91960525512695,4951400,0.003049642674861186,35.49399948120117,34.59499969482422,34.35019989013672,0.017267007871806482,67.02897023365676,0.5943213934668847,0.360544510427879
2023-11-24,36.119998931884766,36.33000183105469,35.939998626708984,36.31999969482422,33.04698944091797,2620300,0.003869524280474046,35.724999618530276,34.76749973297119,34.33799987792969,0.01689861303569785,62.474201667453194,0.6201989069514084,0.4124753897325849
2023-11-27,36.34000015258789,36.665000915527344,36.18999862670898,36.45000076293945,33.16527557373047,4648900,0.0035793245927191464,35.930999755859375,34.97249984741211,34.33119987487793,0.01617365301648316,70.22218454626372,0.6437759738678324,0.45873550655963446
2023-11-28,36.33000183105469,36.70000076293945,36.18000030517578,36.650001525878906,33.34724807739258,6450900,0.005486989266206166,36.18600006103516,35.18249988555908,34.340599899291995,0.016159014898331218,76.19044735683448,0.670866033323243,0.5011616119123562
2023-11-29,36.91999816894531,37.220001220703125,36.880001068115234,36.93000030517578,33.602020263671875,7941600,0.007639802664105355,36.285000228881835,35.373999977111815,34.35939987182617,0.015836180254108836,76.61465997410427,0.7067813268766798,0.542285554905221
2023-11-30,36.900001525878906,37.26499938964844,36.77999877929688,37.22999954223633,33.87498092651367,5804100,0.008123456121891914,36.4060001373291,35.57199993133545,34.38279983520508,0.015845597867524305,87.79342260556228,0.7507971646470111,0.5839878768535791
2023-12-01,37.220001220703125,38.040000915527344,37.11000061035156,38.0099983215332,34.584693908691406,7274200,0.020950813561305237,36.606000137329104,35.757499885559085,34.446799774169925,0.01515058260373161,88.84119152809737,0.8389485394292464,0.6349800093687126
2023-12-04,37.79999923706055,38.2400016784668,37.7599983215332,38.220001220703125,34.7757682800293,10359500,0.005524938396299639,36.8310001373291,35.91299991607666,34.5197998046875,0.014523817052278787,94.97817794139695,0.915204707760175,0.6910249490470051
2023-12-05,38.06999969482422,38.09999847412109,37.83000183105469,38.060001373291016,34.63018798828125,7758300,-0.004186285774513299,37.012000274658206,36.08449993133545,34.59079986572266,0.014051546010803037,86.55175226053579,0.9517563651175109,0.7431712322611063
2023-12-06,38.290000915527344,38.44900131225586,37.90999984741211,37.93000030517578,34.51190185546875,4832200,-0.0034156874257620373,37.19800033569336,36.263999938964844,34.67139984130859,0.013848678876691667,82.37287039731032,0.9591770215436384,0.7863723901176127
2023-12-07,37.970001220703125,38.150001525878906,37.79999923706055,37.97999954223633,34.55739212036133,5663100,0.0013181976445626464,37.378000259399414,36.43599987030029,34.7589998626709,0.013872445986220384,82.94318776234036,0.9580486770100407,0.8207076474960984
2023-12-08,37.90999984741211,38.02999877929688,37.5099983215332,37.900001525878906,34.48461151123047,4873800,-0.0021063195713959537,37.536000442504886,36.63050003051758,34.83799987792969,0.013155587020084224,81.84820268514508,0.939865104608927,0.8445391389186641
2023-12-11,37.810001373291016,38.095001220703125,37.71500015258789,38.02999877929688,34.60289001464844,4871000,0.0034300065483958697,37.694000244140625,36.8125,34.91719985961914,0.013093929445492694,80.90278605620861,0.9252781538025587,0.860686941895443
2023-12-12,38.040000915527344,38.1259994506836,37.79999923706055,38.02000045776367,34.593788146972656,5580500,-0.00026290617549673545,37.8310001373291,37.00850009918213,35.008599853515626,0.012772282627185667,85.97793665339243,0.9025075638028639,0.8690510662769273
2023-12-13,38.060001373291016,39.52000045776367,37.93000030517578,39.400001525878906,35.84942626953125,7112400,0.03629671361125508,38.07800025939942,37.18150024414062,35.13979988098144,0.009417654307549206,90.45232006686257,0.9844679267718135,0.8921344383759047
2023-12-14,40.18000030517578,40.75,40.09999847412109,40.4900016784668,36.84120559692383,8647400,0.02766497742067231,38.404000473022464,37.40500030517578,35.2857999420166,0.010703477081595263,92.29213947409744,1.1244144577741864,0.9385904422555611
2023-12-15,40.290000915527344,40.400001525878906,39.65499877929688,40.0,36.39536666870117,8011100,-0.01210179447158155,38.60300064086914,37.60450038909912,35.41719993591309,0.01136962628048926,83.55388641426184,1.1821568828382496,0.9873037303720988
2023-12-18,39.72999954223633,39.79499816894531,39.40999984741211,39.470001220703125,36.29512405395508,6638700,-0.013249969482421853,38.72800064086914,37.77950038909912,35.53539993286133,0.012035969680276865,75.08898705445377,1.1716456963452302,1.0241721235667252
2023-12-19,39.61000061035156,39.84999847412109,39.59999847412109,39.7400016784668,36.543418884277344,4681400,0.006840649845788471,38.896000671386716,37.95400047302246,35.65019996643066,0.012025176943315128,75.04458982461216,1.1715968466199342,1.053657068177367
2023-12-20,39.7400016784668,40.0099983215332,39.21500015258789,39.2400016784668,36.08363342285156,6513500,-0.012581781048865093,39.02700080871582,38.11250057220459,35.752600021362305,0.012459278669596938,67.29778813123085,1.1183210031414816,1.06658985517019
2023-12-21,39.54999923706055,39.68000030517578,39.16999816894531,39.56999969482422,36.3870849609375,6684700,0.008409735021456699,39.18600082397461,38.28200054168701,35.84779998779297,0.012488728386864812,64.5522603162357,1.090160899121166,1.0713040639603852
2023-12-22,39.68999862670898,40.0099983215332,39.540000915527344,39.72999954223633,36.53421401977539,4929100,0.004043463448220264,39.369000625610354,38.45250053405762,35.95540000915528,0.01248828168562442,64.21845669092218,1.0684381741224982,1.070730885992808
2023-12-26,39.77999877929688,40.130001068115234,39.69499969482422,40.02000045776367,36.80088806152344,2537600,0.007299293200822898,39.56800079345703,38.63100051879883,36.06900001525879,0.012500443142535692,68.0147146477502,1.0623769876941296,1.0690601063330725
2023-12-27,40.09999847412109,40.2599983215332,39.915000915527344,40.25,37.012393951416016,4006300,0.005747114932671327,39.79100074768066,38.811000442504884,36.18020004272461,0.012501378797647528,70.93865077987925,1.0638688764805622,1.0680218603625704
2023-12-28,40.25,40.5,40.15999984741211,40.5,37.24227523803711,3764800,0.006211180124223503,39.901000595092775,38.98950042724609,36.30000007629395,0.012488187942573581,71.95124625757202,1.0728568933191625,1.068988866953889
2023-12-29,40.22999954223633,40.40999984741211,40.02000045776367,40.060001373291016,36.83767318725586,5777300,-0.010864163622444023,39.85800056457519,39.13100051879883,36.42620010375977,0.012928049152601966,67.7049322828106,1.0325728919216814,1.0617056719474474
2024-01-02,39.970001220703125,40.45000076293945,39.77999877929688,40.43000030517578,37.17790985107422,6591500,0.009236118801819515,39.901000595092775,39.252000617980954,36.576400146484374,0.012360559455468491,68.92746776157759,1.0187597242316002,1.053116482404278
2024-01-03,40.130001068115234,40.130001068115234,39.39500045776367,39.470001220703125,36.29512405395508,7424500,-0.023744721177995087,39.901000595092775,39.314500617980954,36.71080017089844,0.01372373500788327,59.945139503377504,0.9197465208785118,1.026442490099125
2024-01-04,39.38999938964844,39.65999984741211,39.23500061035156,39.369998931884766,36.20317077636719,7180300,-0.0025336277103003013,39.86400032043457,39.38000049591064,36.84880012512207,0.013691369740204658,49.75039432301799,0.8237132414126194,0.9858966403618239
2024-01-05,39.150001525878906,39.630001068115234,38.917999267578125,39.290000915527344,36.12960815429688,5770300,-0.0020319537345131478,39.86900024414062,39.448000526428224,36.977000122070315,0.013667197652061364,37.999983215319226,0.7327048389146782,0.9352582800723949
2024-01-08,39.2599983215332,39.869998931884766,39.18999862670898,39.83000183105469,36.62617492675781,4812700,0.013743978186417705,39.89500045776367,39.54050064086914,37.129800186157226,0.013921759429827681,48.31684828670838,0.6961290428809832,0.8874324326341125
2024-01-09,39.52000045776367,39.7400016784668,39.290000915527344,39.54999923706055,36.36869430541992,4134500,-0.007029941780615889,39.877000427246095,39.62300052642822,37.26340019226074,0.01404992800661598,50.83331280284131,0.6372033086569715,0.8373866078386845
2024-01-10,39.61000061035156,39.79999923706055,39.470001220703125,39.61000061035156,36.42387008666992,4498600,0.0015171017559665323,39.83600044250488,39.70200061798096,37.40860023498535,0.014047812081516432,48.5838664074778,0.5885612810385084,0.7876215424786492
2024-01-11,39.40999984741211,39.52000045776367,39.06999969482422,39.2400016784668,36.08363342285156,5151900,-0.00934104837625449,39.73500061035156,39.763000679016116,37.5444002532959,0.014274058865239437,50.0,0.5142285949644148,0.7329429529758024
2024-01-12,39.650001525878906,39.7400016784668,39.31999969482422,39.540000915527344,36.359500885009766,4393500,0.00764524016891599,39.639000701904294,39.77000064849854,37.67320030212402,0.011848276560511692,49.66141334954507,0.47406214364664834,0.6811667911099716
2024-01-16,39.34999847412109,39.54999923706055,39.178001403808594,39.29999923706055,36.13880157470703,11100100,-0.006069845040710398,39.56300048828125,39.71050052642822,37.79380027770996,0.009995535094930228,45.23281483924991,0.4180448510995163,0.6285424031078806
2024-01-17,38.81999969482422,39.27999877929688,38.18000030517578,38.58000183105469,35.47672653198242,9752000,-0.01832054503774372,39.37800064086914,39.63950061798096,37.87940032958984,0.010431770365631306,35.42511106254791,0.3119569245381868,0.5652253073939418
2024-01-18,38.59999847412109,38.75,38.0880012512207,38.33000183105469,35.246826171875,6142100,-0.006480041164714678,39.264000701904294,39.58250064849854,37.943800354003905,0.010144993917303242,30.645176175980637,0.2053415185481171,0.49324854962477693
2024-01-19,38.459999084472656,38.84999847412109,38.130001068115234,38.70000076293945,35.587066650390625,7967800,0.009652984978075096,39.197000885009764,39.53050060272217,38.02520034790039,0.010283986715408472,32.28346515820863,0.14898643983389803,0.4243961276666012
2024-01-22,38.83000183105469,39.29999923706055,38.73500061035156,38.880001068115234,35.752586364746094,5850600,0.0046511705846827844,39.15600090026855,39.51250057220459,38.11600036621094,0.010004893595388248,37.7593321588497,0.11749474792272707,0.36301585171782635
2024-01-23,39.040000915527344,39.150001525878906,38.52999877929688,38.66999816894531,35.55948257446289,4549800,-0.005401308986643594,39.04000053405762,39.46750049591064,38.1986003112793,0.009839146867335552,31.115871747686626,0.07473043041839134,0.30535876745793933
2024-01-24,39.060001373291016,39.08000183105469,38.11000061035156,38.13999938964844,35.07210922241211,7349500,-0.013705684106354643,38.899000549316405,39.38800048828125,38.2812003326416,0.01014614370078638,34.27895064344783,-0.001905110480976191,0.24390599187015624
2024-01-25,38.68000030517578,38.81999969482422,38.470001220703125,38.65999984741211,35.550289154052734,6601700,0.013633992293791364,38.80400047302246,39.32000045776367,38.366600341796875,0.01054255536526068,42.36560374742611,-0.020443972270207666,0.19103599904208346
2024-01-26,38.709999084472656,38.79999923706055,38.40999984741211,38.4900016784668,35.39395523071289,4398000,-0.004397262535341007,38.72900047302246,39.232000541687015,38.45440040588379,0.010409908575858579,41.561192470723824,-0.048296849288519184,0.14316942937596294
2024-01-29,38.47999954223633,38.810001373291016,38.38999938964844,38.77000045776367,35.65142822265625,5724200,0.0072745847515387485,38.652000427246094,39.145500564575194,38.51100044250488,0.010457637550540686,38.16962632141382,-0.047232427529451115,0.10508905799488014
2024-01-30,38.54999923706055,38.7400016784668,38.33000183105469,38.40999984741211,35.320396423339844,6931500,-0.009285545682253704,38.56300048828125,39.06300048828125,38.55880043029785,0.010393995149291048,37.5,-0.07457821498239525,0.06915560339942506
2024-01-31,38.630001068115234,38.880001068115234,38.03499984741211,38.130001068115234,35.06291198730469,11580700,-0.007289736537599567,38.5180004119873,38.948000526428224,38.60120048522949,0.010102405357762523,34.51881693184693,-0.11748916800217302,0.031826649119105446
2024-02-01,38.04999923706055,38.81499862670898,37.89500045776367,38.79999923706055,35.67901992797852,10887000,0.01757141752365632,38.56500015258789,38.9145004272461,38.65780044555664,0.009831001692772066,45.669262365865926,-0.0963228052613232,0.006196758243019719
2024-02-02,38.36000061035156,38.560001373291016,37.650001525878906,38.310001373291016,35.22843933105469,12844000,-0.0126288111702203,38.52600021362305,38.8615005493164,38.69900047302246,0.01017723214071594,38.33015924030236,-0.11772992551991734,-0.018588578509567695
2024-02-05,37.83000183105469,37.869998931884766,37.43000030517578,37.54999923706055,34.529563903808594,8668200,-0.019838217410253822,38.39300003051758,38.77450046539307,38.72860046386719,0.010989715310853661,34.88771995477701,-0.19378718530192884,-0.05362829986803993
2024-02-06,37.630001068115234,38.17499923706055,37.47999954223633,38.119998931884766,35.05371856689453,7866800,0.01517975250081105,38.33800010681152,38.68900032043457,38.76740043640137,0.011103482846598596,45.92195691417804,-0.20569774440098598,-0.08404218877462914
2024-02-07,38.257999420166016,38.310001373291016,37.869998931884766,38.09999847412109,35.03532409667969,6679000,-0.0005246709948606432,38.33400001525879,38.616500282287596,38.803000411987306,0.011047627002166271,47.87427425507574,-0.21428072329563008,-0.11008989567882933
2024-02-08,37.970001220703125,38.39699935913086,37.95000076293945,38.310001373291016,35.22843933105469,4517700,0.005511887338068178,38.29900016784668,38.55150032043457,38.840200424194336,0.011146574431061302,46.28572009858632,-0.20181096582009417,-0.1284341097070823
2024-02-09,38.29999923706055,38.43999862670898,37.94499969482422,38.40999984741211,35.320396423339844,5515700,0.002610244597663014,38.29099998474121,38.510000228881836,38.875400390625,0.011029935834076592,45.454532039041275,-0.18176428649119458,-0.13910014506390475
2024-02-12,38.5,38.665000915527344,38.2130012512207,38.290000915527344,35.21004867553711,5376400,-0.003124158613940997,38.24300003051758,38.447500228881836,38.90260040283203,0.010846480143811878,46.2598652839625,-0.17355937518453146,-0.1459919910880301
2024-02-13,37.52000045776367,37.59999847412109,37.07500076293945,37.59000015258789,34.56635665893555,21419000,-0.01828155513716867,38.16100006103515,38.3620002746582,38.909800415039065,0.011441753684567455,44.76190822195016,-0.22099365795442338,-0.16099232446130876
2024-02-14,37.720001220703125,38.060001373291016,37.52000045776367,37.84000015258789,34.796241760253906,14186400,0.006650704947730235,38.13199996948242,38.32500019073486,38.906400451660154,0.010936724086418702,41.76706427387407,-0.23569580362366338,-0.1759330202937797
2024-02-15,38.16999816894531,38.79600143432617,38.16999816894531,38.75,35.6330451965332,8637600,0.024048621663387504,38.12700004577637,38.34600009918213,38.917000427246094,0.01217848846451022,52.272713631480066,-0.17193600623622984,-0.17513361748226974
2024-02-16,38.22999954223633,38.55699920654297,38.06999969482422,38.34999847412109,35.265220642089844,7683100,-0.010322620022681583,38.13099975585938,38.328499984741214,38.922800369262696,0.012217347380621135,46.40409269975389,-0.15193131796876003,-0.17049315757956782
2024-02-20,38.209999084472656,38.4900016784668,37.970001220703125,38.290000915527344,35.21004867553711,6929300,-0.0015644735588250525,38.204999923706055,38.29899997711182,38.930000381469725,0.01216146802489807,48.91697658229113,-0.1393128481545105,-0.16425709569455638
2024-02-21,38.45000076293945,38.61800003051758,38.27999877929688,38.56999969482422,35.46752166748047,5653100,0.007312582204283213,38.25,38.29400005340576,38.941800384521486,0.012234534479734173,53.97110881739502,-0.10550288686718545,-0.1525062539290822
2024-02-22,38.68999862670898,38.880001068115234,38.56499862670898,38.66999816894531,35.55948257446289,6144400,0.00259264907732204,38.30699996948242,38.32049999237061,38.957200317382814,0.011813222529907012,48.692141489267804,-0.06983420260258555,-0.1359718436637829
2024-02-23,38.7400016784668,38.922000885009766,38.59999847412109,38.720001220703125,35.60546112060547,5263400,0.001293070962645304,38.34799995422363,38.323500061035155,38.97100036621094,0.011420975000458014,54.52538203792294,-0.03710397345047056,-0.11619826962112044
2024-02-26,38.63999938964844,38.82500076293945,38.220001220703125,38.27999877929688,35.20084762573242,6427800,-0.011363699058226762,38.33499984741211,38.31299991607666,38.9762003326416,0.011670133881721643,58.66982232221582,-0.04613770407366502,-0.10218615651162936
2024-02-27,38.5099983215332,38.65999984741211,38.18999862670898,38.310001373291016,35.22843933105469,9466100,0.0007837668482466587,38.33699989318848,38.28999996185303,38.954400329589845,0.011540602914319074,52.588585030195304,-0.050296258128497584,-0.091808176835003
2024-02-28,38.130001068115234,38.959999084472656,38.06999969482422,38.79999923706055,35.67901992797852,7497600,0.01279033793277673,38.457999801635744,38.30949993133545,38.92060028076172,0.011713872227384164,58.45410895098681,-0.013893059117158657,-0.07622515329143413
2024-02-29,39.04999923706055,39.31999969482422,38.95000076293945,39.11000061035156,35.964088439941406,12860800,0.007989726272852993,38.58499984741211,38.358499908447264,38.90280029296875,0.011672446618335986,59.43394953265482,0.03951574548893433,-0.05307697353536044
2024-03-01,39.0099983215332,39.58000183105469,38.61000061035156,39.540000915527344,36.359500885009766,9655500,0.010994638160705339,38.66399993896484,38.3954999923706,38.90420028686523,0.011276874341272565,62.36324070387374,0.11521194728278061,-0.01941918937173223
2024-03-04,39.45000076293945,40.01900100708008,39.18000030517578,39.9900016784668,36.77330017089844,8697600,0.011380899153260682,38.82800025939942,38.4795000076294,38.909200286865236,0.011024187992058348,67.34692765395602,0.20910262838386018,0.02628517417938625
2024-03-05,39.83000183105469,40.095001220703125,39.31499862670898,39.47999954223633,36.304325103759766,6913800,-0.012753241180909702,38.947000122070314,38.57600002288818,38.914000244140624,0.01037315257217292,70.0636591884669,0.2395968362893015,0.06894750660136931
2024-03-06,39.7400016784668,39.84000015258789,39.4900016784668,39.70000076293945,36.506622314453125,5483600,0.005572472726798283,39.06000022888183,38.65500011444092,38.91660026550293,0.009972725243223162,69.87176770163256,0.2783078163705781,0.11081956855521108
2024-03-07,39.91999816894531,40.005001068115234,39.47999954223633,39.70000076293945,36.506622314453125,5077000,0.0,39.16300048828125,38.73500022888184,38.916000289916994,0.009966201302319,62.59945258705743,0.30546533277191656,0.1497487213985522
2024-03-08,39.9900016784668,40.26499938964844,39.93000030517578,40.16999816894531,36.93881607055664,7551200,0.011838725364575087,39.30800018310547,38.82800006866455,38.919000244140626,0.0101781537382409,73.69788820961762,0.3607541733629205,0.19194981179142584
2024-03-11,40.02999877929688,40.33000183105469,39.77999877929688,39.970001220703125,36.75490951538086,4594600,-0.004978764186173157,39.4770004272461,38.9060001373291,38.91340026855469,0.010311374085996007,71.10551367059837,0.384006309882281,0.2303611114095969
2024-03-12,39.869998931884766,40.02000045776367,39.52000045776367,39.869998931884766,36.66294860839844,5669000,-0.0025019335943017307,39.633000183105466,38.98500003814697,38.900800247192386,0.010295890416778156,67.10522221073359,0.38987026491469834,0.2622629421106172
2024-03-13,39.79999923706055,40.01499938964844,39.4900016784668,39.619998931884766,36.43305969238281,6245300,-0.0062703788988585085,39.71500015258789,39.086499977111814,38.89200019836426,0.00935320421910438,62.02530056370487,0.37007854575303156,0.28382606283910006
2024-03-14,39.43000030517578,39.540000915527344,38.68999862670898,39.060001373291016,35.91810989379883,10442800,-0.014134214378867194,39.71000022888184,39.14750003814697,38.86460021972656,0.010019177914581635,53.8116584257285,0.3056826238353878,0.28819737503835763
2024-03-15,38.68000030517578,39.12799835205078,38.68000030517578,39.040000915527344,35.89971923828125,9639600,-0.000512044471594586,39.660000228881835,39.16200008392334,38.85600021362305,0.008520540810680852,59.40596490101611,0.250150937681326,0.2805880875669513
2024-03-18,38.84000015258789,39.0099983215332,38.709999084472656,38.77000045776367,35.89415740966797,4971000,-0.006915995169874178,39.53800010681152,39.18300018310547,38.844000244140624,0.008326594683546787,55.37382261296141,0.18225398537227022,0.2609212671280151
2024-03-19,38.790000915527344,38.90999984741211,38.5099983215332,38.77000045776367,35.89415740966797,5255100,0.0,39.46700019836426,39.207000160217284,38.833600234985354,0.008312748082198196,49.604237835748634,0.12698139897204896,0.23413329349682188
2024-03-20,38.43999862670898,39.02199935913086,38.310001373291016,38.93000030517578,36.042293548583984,8678200,0.004126898259555478,39.39000015258789,39.22500019073486,38.81560020446777,0.008208349424284448,47.5274679209058,0.09499310515892034,0.20630525582924159
2024-03-21,39.09999847412109,39.29999923706055,38.845001220703125,39.08000183105469,36.18116760253906,6263500,0.0038531087773703288,39.32800025939942,39.24550037384033,38.80620025634766,0.008230099383788865,43.15477677213092,0.08081444278102623,0.18120709321959852
2024-03-22,39.08000183105469,39.16999816894531,38.58000183105469,38.619998931884766,35.75528335571289,4402500,-0.011770800348437582,39.17300033569336,39.24050025939941,38.78640022277832,0.00867520827064021,29.673566320212444,0.03208945388700357,0.15138356535307954
2024-03-25,38.66999816894531,38.790000915527344,38.43999862670898,38.470001220703125,35.616416931152344,5661600,-0.0038839387708475837,39.02300033569336,39.250000381469725,38.77100021362305,0.008317636946627549,33.222609888055686,-0.018416716125791766,0.11742350905730528
2024-03-26,38.5,38.56499862670898,38.27999877929688,38.310001373291016,35.468284606933594,6160300,-0.0041590809029141695,38.867000579833984,39.250000381469725,38.74640022277832,0.008375130014650602,26.44066393904754,-0.07054072073135131,0.07983066309957397
2024-03-27,38.72999954223633,39.27999877929688,38.619998931884766,39.27999877929688,36.36632537841797,6711000,0.025319691235566655,38.833000564575194,39.274000358581546,38.74600021362305,0.009737402287937416,44.64282412565952,-0.03319602276963707,0.05722532592573176
2024-03-28,39.369998931884766,39.619998931884766,39.369998931884766,39.52999877929688,36.59778594970703,5695400,0.006364562315917643,38.880000305175784,39.29500026702881,38.76500015258789,0.009679624452672512,41.35135246594618,0.016383965921384913,0.0490570539248624
2024-04-01,39.61000061035156,39.619998931884766,38.790000915527344,38.84000015258789,35.958961486816406,8064400,-0.01745506319292789,38.86000022888184,39.260000228881836,38.77520011901856,0.010147474074775,36.51549596088072,-6.509490120265582e-07,0.03924551295008752
2024-04-02,38.59999847412109,38.59999847412109,38.27999877929688,38.40999984741211,35.56086730957031,7393500,-0.011071068575861709,38.82400016784668,39.1810001373291,38.769400100708005,0.009964134705854447,33.84955565495537,-0.047139612716769363,0.02196848781671614
2024-04-03,38.369998931884766,38.5099983215332,38.17499923706055,38.43000030517578,35.57938003540039,5392200,0.0005207096548587309,38.79000015258789,39.12850017547608,38.76040008544922,0.009644795651379412,36.13054276331882,-0.08193916604408003,0.0011869570445569057
2024-04-04,38.810001373291016,38.959999084472656,38.02000045776367,38.130001068115234,35.301631927490234,6667800,-0.007806381334328094,38.71000022888184,39.05000019073486,38.749600143432616,0.009606728994967733,38.46153118019012,-0.13220155675212908,-0.025490745714780293
2024-04-05,38.02999877929688,38.47100067138672,37.95000076293945,38.380001068115234,35.5330924987793,6055700,0.006556516994410844,38.64000015258789,38.98400020599365,38.754400177001955,0.009787721568631669,42.25351986553637,-0.15013133230115017,-0.05041886303205427
2024-04-08,38.4900016784668,38.7400016784668,38.40999984741211,38.709999084472656,35.83861541748047,5588500,0.008598176320312012,38.64900016784668,38.91100025177002,38.75540016174316,0.009577341101855295,49.305538998694,-0.1361433507876697,-0.06756376058317737
2024-04-09,38.900001525878906,39.209999084472656,38.775001525878906,39.20000076293945,36.292266845703125,7565200,0.012658271507512087,38.72200012207031,38.87250022888183,38.76960014343262,0.01006917980189338,54.469859910921606,-0.08454416185198,-0.0709598408369379
2024-04-10,38.18000030517578,38.18000030517578,37.345001220703125,37.59000015258789,34.801692962646484,14873300,-0.04107144334225865,38.65,38.758500289916995,38.746000137329105,0.013497202049123356,39.297120512168966,-0.17158707776400206,-0.09108528822235074
2024-04-11,37.84000015258789,37.90499877929688,37.30500030517578,37.630001068115234,34.83872604370117,9441800,0.0010641371472457362,38.48500022888184,38.659000396728516,38.73040016174316,0.01349909355403585,38.211371523739544,-0.23463672998617824,-0.11979557657511625
2024-04-12,37.4900016784668,37.5,37.09000015258789,37.2400016784668,34.47765350341797,9246200,-0.01036405470577817,38.25600051879883,38.568000411987306,38.71260017395019,0.013353407571422447,38.65132755355955,-0.312471745232088,-0.15833081030651058
2024-04-15,37.470001220703125,37.52999877929688,36.345001220703125,36.59000015258789,33.8758659362793,7757100,-0.017454390348611515,38.03100051879883,38.44550037384033,38.66840019226074,0.013765233534049562,35.714273291255736,-0.42174463678850316,-0.21101357560290912
2024-04-16,36.459999084472656,36.5099983215332,35.915000915527344,36.02999877929688,33.35740661621094,11776100,-0.015304765535820941,37.79300041198731,38.30850028991699,38.62280014038086,0.014011800699793613,33.66760212377005,-0.5472235686489242,-0.2782555742121121
2024-04-17,35.93000030517578,36.09999847412109,35.724998474121094,35.72999954223633,33.07966232299805,11722700,-0.00832637377809009,37.52300033569336,38.156500244140624,38.58640014648437,0.014024026759912692,21.870059711183316,-0.6632286701438446,-0.35525019339845865
2024-04-18,35.88999938964844,35.94900131225586,35.56999969482422,35.7400016784668,33.08892059326172,10327600,0.0002799366459169672,37.284000396728516,37.99700031280518,38.53880020141602,0.013933066453835232,18.780931552304352,-0.7457598052323817,-0.43335211576524324
2024-04-19,35.900001525878906,36.04999923706055,35.7400016784668,35.880001068115234,33.21853256225586,10629100,0.0039171623691554025,37.034000396728516,37.8370002746582,38.4944002532959,0.013935015580983402,23.188434841980424,-0.7907542212388208,-0.5048325368599588
2024-04-22,36.02999877929688,36.2599983215332,35.790000915527344,36.16999816894531,33.48701858520508,7762900,0.008082416170488438,36.78000030517578,37.71450023651123,38.45160018920898,0.014071485011067293,29.182144667756234,-0.7938611405937337,-0.5626382576067137
2024-04-23,36.2599983215332,36.61600112915039,36.16999816894531,36.5,33.79254913330078,10804900,0.009123634165345784,36.510000228881836,37.616000175476074,38.413400192260745,0.014335209834601242,33.04042638777152,-0.7609235536726331,-0.6022953168198977
2024-04-24,36.33000183105469,36.709999084472656,36.150001525878906,36.63999938964844,33.92215347290039,10758500,0.003835599716395466,36.41500015258789,37.53250007629394,38.38040016174316,0.01439861059206496,36.52802007647326,-0.7152782159855988,-0.6248918966530379
2024-04-25,36.310001373291016,36.5099983215332,36.02000045776367,36.43000030517578,33.72773361206055,8374300,-0.005731416156409264,36.295000076293945,37.39000015258789,38.357200164794925,0.01287708027137879,32.240435639684236,-0.6881169442971569,-0.6375369061818617
2024-04-26,36.45000076293945,36.83000183105469,36.38999938964844,36.459999084472656,33.7555046081543,6950900,0.000823463602678487,36.21699981689453,37.23650016784668,38.329600143432614,0.012708112724411979,28.32370961861865,-0.6566018921267229,-0.641349903370834
2024-04-29,36.650001525878906,36.959999084472656,36.63199996948242,36.869998931884766,34.13508987426758,6987400,0.011245196316713946,36.244999694824216,37.138000106811525,38.29200012207031,0.012724007614689614,27.20155036444912,-0.5917214287565926,-0.6314242084479857
2024-04-30,36.560001373291016,36.77000045776367,36.16999816894531,36.18999862670898,33.50553512573242,9796800,-0.01844318754747054,36.26099967956543,37.02700004577637,38.248800125122074,0.013086349974445152,33.25357148723897,-0.5883909313295632,-0.6228175530243013
2024-05-01,36.18000030517578,36.858001708984375,36.07500076293945,36.209999084472656,33.52405548095703,15601300,0.0005526515203821969,36.308999633789064,36.91599998474121,38.207200088500976,0.013086790055745338,32.932667839808445,-0.5774807793776091,-0.6137501982949629
2024-05-02,36.58000183105469,36.77999877929688,36.13999938964844,36.72999954223633,34.00548553466797,13264300,0.014360686852009863,36.407999420166014,36.84599990844727,38.17040008544922,0.013577818471589627,44.055920426676934,-0.5208704439882084,-0.595174247433612
2024-05-03,37.33000183105469,37.58000183105469,36.93000030517578,37.02000045776367,34.27397537231445,11887700,0.007895478332197392,36.52199935913086,36.77799987792969,38.13740013122558,0.013624307538206074,55.47074137131074,-0.447447795433213,-0.5656289570335322
2024-05-06,37.27000045776367,37.33000183105469,36.84999847412109,37.02999877929688,34.283226013183594,9739000,0.0002700789143592619,36.60799942016602,36.6939998626709,38.10360008239746,0.013418288244154536,64.7929114289776,-0.38402622125290264,-0.5293084098774063
2024-05-07,37.310001373291016,37.5099983215332,37.17499923706055,37.41999816894531,34.6442985534668,13276100,0.0105319849447707,36.699999237060545,36.604999732971194,38.08640007019043,0.013302885211528146,74.35158343034973,-0.2988495241168536,-0.48321663272529586
2024-05-08,37.209999084472656,37.22499847412109,36.98500061035156,37.06999969482422,34.32026290893555,8182100,-0.009353246692875516,36.74299926757813,36.57899971008301,38.061600036621094,0.009879559258283746,67.45407086938188,-0.25663005820947404,-0.43789931782213154
2024-05-09,37.5099983215332,37.97999954223633,37.5,37.95000076293945,35.13499069213867,8914600,0.023738901412456714,36.89499931335449,36.59499969482422,38.044600067138674,0.011287323611151213,72.74727227911197,-0.15042805460664255,-0.3804050651790338
2024-05-10,38.0,38.02000045776367,37.68999862670898,37.810001373291016,35.00537109375,6882900,-0.0036890484014207026,37.029999542236325,36.62349967956543,38.01860008239746,0.011045780883251253,68.6364097437822,-0.07667511928171677,-0.3196590759995704
2024-05-13,37.970001220703125,38.1349983215332,37.70000076293945,37.90999984741211,35.09794998168945,6846500,0.002644762509628862,37.13399963378906,36.68949966430664,37.986000061035156,0.010175938526367327,66.90649588021279,-0.010040603706585216,-0.25773538154097336
2024-05-14,38.15999984741211,38.36600112915039,37.994998931884766,38.18000030517578,35.34792709350586,9703800,0.007122143467434006,37.332999801635744,36.79699974060058,37.94980003356934,0.009394933337171254,67.90700645305517,0.06381884647965563,-0.19342453593684758
2024-05-15,38.80799865722656,38.95000076293945,38.66999816894531,38.83000183105469,35.949710845947266,10083500,0.017024660049329343,37.59500007629394,36.95199985504151,37.9368000793457,0.009503845488902716,75.31648320164298,0.17281063035403577,-0.12017750267867092
2024-05-16,38.86000061035156,39.007999420166016,38.720001220703125,38.7599983215332,35.8848991394043,7195600,-0.0018028201447443104,37.797999954223634,37.102999687194824,37.918000030517575,0.009560436160722233,74.05855636930391,0.2506493761586981,-0.04601212691119712
2024-05-17,38.81999969482422,38.86000061035156,38.619998931884766,38.7599983215332,35.8848991394043,6153000,0.0,37.97199974060059,37.24699954986572,37.899199981689456,0.009604562018756296,71.62469338407946,0.30877774536567415,0.024945847544177134
2024-05-20,38.70000076293945,38.790000915527344,38.47499847412109,38.52000045776367,35.6627082824707,4067100,-0.006191895618225529,38.12099990844727,37.36449966430664,37.86620002746582,0.009806554333895753,79.64378689724394,0.3316559515335058,0.08628786834204287
2024-05-21,38.43000030517578,38.57500076293945,38.34000015258789,38.4900016784668,35.63492584228516,3621500,-0.0007787845000097882,38.228000259399415,37.46399974822998,37.83660003662109,0.009741387776666569,78.93405315598535,0.34340785201699475,0.13771186507703326
2024-05-22,38.43000030517578,38.55500030517578,38.040000915527344,38.15999984741211,35.32941055297852,7027100,-0.00857370269327129,38.3370002746582,37.53999977111816,37.80240005493164,0.010055566242976976,69.06667073567709,0.32237676926874315,0.17464484591537524
2024-05-23,38.16999816894531,38.16999816894531,37.32500076293945,37.34999847412109,34.57948684692383,5597300,-0.021226451166926674,38.27700004577637,37.58599967956543,37.757000045776365,0.011218904643894714,53.864144976347895,0.237610121733141,0.1872379010789284
2024-05-24,37.58000183105469,37.61000061035156,37.29999923706055,37.34999847412109,34.57948684692383,4686100,0.0,38.23099975585937,37.63049964904785,37.72279998779297,0.011222285251148306,53.755863079300724,0.16848969848749107,0.18348826056064094
2024-05-28,37.59000015258789,37.685001373291016,37.08000183105469,37.130001068115234,34.37581253051758,4696100,-0.005890158366627096,38.15299987792969,37.643499755859374,37.684599990844724,0.011073467474925205,46.45480330059906,0.09486575958530352,0.16576376036557344
2024-05-29,36.79999923706055,36.84999847412109,36.619998931884766,36.77999877929688,34.0517692565918,6076400,-0.009426401259086115,38.0129997253418,37.67299976348877,37.64479995727539,0.01043038604897859,46.45475997276559,0.008181684589992244,0.1342473452104572
2024-05-30,37.040000915527344,37.31999969482422,36.97499847412109,37.310001373291016,34.54246520996094,5867800,0.014410076443299502,37.86099967956543,37.72799987792969,37.61559997558594,0.010860266929795264,41.44387099406374,-0.017547018345148047,0.10388847249933617
2024-05-31,37.540000915527344,38.060001373291016,37.35499954223633,38.04999923706055,35.227569580078125,7949600,0.019833766725596336,37.78999977111816,37.7939998626709,37.59799995422363,0.011261511044192221,52.764949820076545,0.021526300605742676,0.08741603812061748
2024-06-03,38.119998931884766,38.18999862670898,37.69900131225586,37.900001525878906,35.08869934082031,5826300,-0.003942121266471532,37.704000091552736,37.83799991607666,37.57439994812012,0.011236828792853279,49.88612398365329,0.039928356434757006,0.07791850178344539
2024-06-04,37.83000183105469,38.40999984741211,37.790000915527344,38.2599983215332,35.42198944091797,5647500,0.009498595808986598,37.677999877929686,37.89949989318848,37.56719993591309,0.011383635905345826,50.89283509521843,0.08260859063864245,0.0788565195544848
2024-06-05,38.290000915527344,38.290000915527344,37.9900016784668,38.209999084472656,35.37569808959961,4541200,-0.0013068279993208032,37.64999961853027,37.93899993896484,37.56199989318848,0.011206442652710374,42.0102682284651,0.11111756900279346,0.08530872944414654
2024-06-06,38.06999969482422,38.30500030517578,37.880001068115234,38.27000045776367,35.43125534057617,3888600,0.0015703055411848688,37.66099967956543,37.998999977111815,37.56119987487793,0.010932779077555426,43.66927025833515,0.1369738004166905,0.09564174363865534
2024-06-07,37.7599983215332,38.06999969482422,37.63999938964844,37.970001220703125,35.15350341796875,5140400,-0.007839018381816776,37.72299995422363,38.0,37.53499992370605,0.009796074752887957,40.527599875221696,0.1317390135205656,0.1028611976150374
2024-06-10,37.84999847412109,38.29999923706055,37.650001525878906,38.15999984741211,35.32941055297852,4148800,0.005003914158564493,37.80400009155274,38.017499923706055,37.50759994506836,0.009813258970180136,45.631055376136985,0.141292971062839,0.11054755230459773
2024-06-11,38.02999877929688,38.2400016784668,37.90499877929688,38.040000915527344,35.21831130981445,3492400,-0.0031446261101834017,37.89500007629395,38.023999977111814,37.49159996032715,0.009832234071920957,44.65556688186656,0.13759552475826808,0.11595714679533181
2024-06-12,38.869998931884766,39.025001525878906,38.27999877929688,38.310001373291016,35.468284606933594,7600800,0.007097803661026303,38.04800033569336,38.03050003051758,37.489599990844724,0.009831335869886331,51.80724995771655,0.15466912300497881,0.12369954203726122
2024-06-13,38.45000076293945,38.630001068115234,38.209999084472656,38.5,35.64418411254883,3704300,0.004959504565339001,38.167000198364256,38.013999938964844,37.49099998474121,0.00908768707953553,66.2890142927233,0.1814398482861037,0.13524760328702973
2024-06-14,38.36000061035156,38.64500045776367,38.209999084472656,38.52999877929688,35.67196273803711,4975400,0.0007791890726462913,38.21500015258789,38.002499961853026,37.49899993896484,0.009084861517347668,66.57308487725453,0.20273943768632563,0.1487459701668889
2024-06-17,38.31999969482422,38.52999877929688,38.09000015258789,38.33000183105469,35.48679733276367,4880900,-0.005190681406137432,38.258000183105466,37.981000137329104,37.49799995422363,0.009150995183801759,66.94921372820954,0.20116255672773775,0.15922928747905868
2024-06-18,38.43000030517578,38.630001068115234,38.36000061035156,38.47999954223633,35.625667572021484,4893400,0.003913323872061891,38.28000030517578,37.979000091552734,37.493399963378906,0.009100054359501291,75.44922831980084,0.20960028727635205,0.16930348743851736
2024-06-20,38.36000061035156,38.4900016784668,38.2400016784668,38.380001068115234,35.5330924987793,4503300,-0.002598712975849571,38.29700050354004,37.97350006103515,37.47699996948242,0.009117202014370312,68.38499594931523,0.20584535131159498,0.1766118602131329
2024-06-21,38.43000030517578,38.52999877929688,38.16999816894531,38.47999954223633,35.625667572021484,5287100,0.002605483880618431,38.318000411987306,37.98950004577637,37.49479995727539,0.008910939793279313,59.471450033777934,0.20853472020002783,0.1829964322105119
2024-06-24,38.119998931884766,38.7599983215332,38.02000045776367,38.34999847412109,35.86602020263672,5891800,-0.0033784061762409667,38.356000137329104,38.039500045776364,37.509199905395505,0.007389044963206345,59.99999999999975,0.19789485597294032,0.1859761169629976
2024-06-25,38.31999969482422,38.31999969482422,37.650001525878906,37.810001373291016,35.36100387573242,4429900,-0.01408075938241471,38.321000289916995,38.062500190734866,37.520599899291994,0.008155304441510098,40.740746554977555,0.14422687617355479,0.17762626880510904
2024-06-26,37.619998931884766,37.880001068115234,37.52999877929688,37.7599983215332,35.314239501953125,3639300,-0.0013224821460370295,38.293000030517575,38.094000053405765,37.5439998626709,0.008025623732235592,40.74068259846443,0.0965468550945161,0.16141038606299046
2024-06-27,37.869998931884766,38.15999984741211,37.7400016784668,38.09999847412109,35.6322135925293,3571700,0.009004241729375195,38.271999740600585,38.160000038146975,37.585399856567385,0.007836790413257988,46.86341773096255,0.08521298345731765,0.14617090554185588
2024-06-28,38.31999969482422,38.56999969482422,38.09999847412109,38.40999984741211,35.922142028808594,5569800,0.008136519309878354,38.2629997253418,38.214999961853025,37.6389998626709,0.007419675211248999,58.08824045024813,0.10009153564561757,0.13695503156260824
2024-07-01,38.31999969482422,38.43999862670898,37.810001373291016,38.040000915527344,35.576107025146484,5700100,-0.009632880326858273,38.21399993896485,38.21450004577637,37.68499984741211,0.006444901315629474,47.93104582256336,0.08109229238756654,0.1257824837275999
2024-07-02,38.040000915527344,38.28499984741211,37.979000091552734,38.20000076293945,35.72574234008789,3985500,0.004206094730844212,38.20099983215332,38.2295000076294,37.731399841308594,0.006439686547594381,52.721094172707694,0.07804623729362703,0.11623523444080533
2024-07-03,38.290000915527344,38.43999862670898,38.130001068115234,38.15999984741211,35.688331604003906,2359100,-0.001047144364618724,38.1689998626709,38.22450008392334,37.77119987487793,0.006078290692039015,47.23243544554679,0.07157935485837896,0.10730405852432005
2024-07-05,38.27000045776367,38.34000015258789,38.02000045776367,38.29999923706055,35.81925964355469,3785800,0.003668747122857585,38.16099967956543,38.229000091552734,37.80719985961914,0.006128483423606109,46.240576164382404,0.07686503241115616,0.10121625330168728
2024-07-08,38.310001373291016,38.45600128173828,38.21500015258789,38.38999938964844,35.9034309387207,4443200,0.0023498734825249112,38.15199966430664,38.23500003814697,37.84219985961914,0.006140556449181123,47.42647574435846,0.08730977733944911,0.09843495810923965
2024-07-09,38.33000183105469,38.525001525878906,38.0099983215332,38.400001525878906,35.91278839111328,3679200,0.0002605401508073424,38.15699996948242,38.25650005340576,37.8815998840332,0.005844174035289878,51.38339384581982,0.09529589004706907,0.09780714449680554
2024-07-10,38.58000183105469,38.685001373291016,38.27000045776367,38.66999816894531,36.1652946472168,3935600,0.00703116230046108,38.24299964904785,38.28199996948242,37.92579986572266,0.005941717564270399,53.58488284550751,0.12200501665751773,0.10264671892894799
2024-07-11,39.2599983215332,39.88999938964844,39.220001220703125,39.70000076293945,37.12857818603516,8693400,0.026635703200557748,38.43699989318848,38.36499996185303,37.98239990234375,0.008225293159376723,68.4357404984251,0.22370604908795144,0.1268585849607487
2024-07-12,39.959999084472656,40.25,39.8489990234375,39.9900016784668,37.39980316162109,5322200,0.007304808814967645,38.626000213623044,38.44899997711182,38.0583999633789,0.008231948139622702,70.02653083526597,0.3239709646343414,0.16628106089546724
2024-07-15,40.04999923706055,40.22600173950195,39.84000015258789,40.15999984741211,37.55879592895508,4828400,0.004251016799452945,38.80100021362305,38.53199996948242,38.137399978637696,0.00822087552254975,73.75329030035988,0.4123952285864405,0.2155038944336619
2024-07-16,40.41999816894531,40.58000183105469,40.130001068115234,40.540000915527344,37.914180755615234,5753700,0.009462178026868662,39.05100021362305,38.632500076293944,38.21360000610352,0.00837283458417902,87.39719928471918,0.5072873128591127,0.2738605781187521
2024-07-17,40.619998931884766,41.13999938964844,40.560001373291016,40.900001525878906,38.250858306884766,7445800,0.008880133256575107,39.321000289916995,38.761000061035155,38.29120002746582,0.008276223690192899,89.64647607965006,0.6045699083388669,0.3400024441627751
2024-07-18,40.630001068115234,41.35499954223633,40.46500015258789,40.560001373291016,37.932884216308594,6016200,-0.008312961855826861,39.561000442504884,38.86500015258789,38.361800079345706,0.00866937654382553,81.06061992638413,0.646776261191043,0.40135720756842874
2024-07-19,40.630001068115234,40.72499847412109,40.33000183105469,40.5099983215332,37.8861198425293,5259100,-0.0012328168161932496,39.782000350952146,38.97150001525879,38.42360008239746,0.008630972073586105,78.37832264875755,0.6684843994826863,0.4547826459512803
2024-07-22,40.56999969482422,40.95000076293945,40.34999847412109,40.90999984741211,38.26021194458008,5233000,0.009874143235061084,40.034000396728516,39.09300003051758,38.50040008544922,0.00877683581742868,88.47176157881118,0.7097830979353361,0.5057827363480916
2024-07-23,40.88999938964844,41.125,40.66899871826172,40.84000015258789,38.19474411010742,4351500,-0.0017110656339600627,40.27800025939941,39.21750011444092,38.55820007324219,0.008719766035843804,86.26365795226607,0.7284669105497557,0.5503195711884243
2024-07-24,40.83000183105469,41.1150016784668,40.2400016784668,40.27999877929688,37.67101287841797,5606900,-0.013712080587627629,40.43900032043457,39.34099998474121,38.6076000213623,0.008681648037238539,75.48071059612803,0.6901311338392588,0.5782818837185912
2024-07-25,40.5,40.93000030517578,39.97299957275391,40.060001373291016,37.46526336669922,8353400,-0.0054617033930730585,40.47500038146973,39.4560001373291,38.650600051879884,0.008843087221658653,70.75471528360077,0.6346815882583243,0.589561824626538
2024-07-26,40.22999954223633,40.869998931884766,40.18000030517578,40.72999954223633,38.09186935424805,5702800,0.016724866349905332,40.54900016784668,39.587500190734865,38.701600036621095,0.009276964674004197,74.27384282983851,0.6374525208585524,0.5991399638729409
2024-07-29,40.72999954223633,41.130001068115234,40.41999816894531,40.9900016784668,38.33502960205078,5418100,0.006383553625156635,40.63200035095215,39.7165002822876,38.744800033569334,0.009237896155991712,75.5423901356662,0.6530999744086472,0.6099319659800821
2024-07-30,41.15999984741211,41.380001068115234,41.0,41.290000915527344,38.6156005859375,4674000,0.007318839345599404,40.70700035095215,39.8790002822876,38.79540008544922,0.008754221108031517,75.68627069657785,0.6818482036574594,0.6243152135155576
2024-07-31,41.22999954223633,41.63999938964844,41.04499816894531,41.18999862670898,38.522071838378906,8786900,-0.0024219493000969816,40.736000061035156,40.028500175476076,38.844000091552736,0.008876339311338799,67.86565697777587,0.6886240046314782,0.6371769717387418
2024-08-01,41.619998931884766,41.90999984741211,41.38999938964844,41.83000183105469,39.12062072753906,9813900,0.015537830193825597,40.863000106811526,40.2120002746582,38.910200119018555,0.009168365637208223,70.3539475716372,0.7371395002753758,0.6571694774460686
2024-08-02,41.84999847412109,42.29999923706055,41.4900016784668,41.86000061035156,39.14867782592773,8818200,0.0007171594067347797,40.99800033569336,40.390000343322754,38.97760009765625,0.009208515766045386,69.40636286756663,0.769142831105242,0.6795641481779033
2024-08-05,41.27000045776367,41.8759994506836,40.584999084472656,40.650001525878906,38.01705551147461,14134700,-0.0289058544393197,40.97200050354004,40.50300045013428,39.02740013122558,0.011861576749042037,51.055666685215385,0.688927361841877,0.6814367909106982
2024-08-06,40.68000030517578,41.959999084472656,40.52999877929688,41.54999923706055,38.8587532043457,11389400,0.022140164265644025,41.04300041198731,40.66050033569336,39.11140014648438,0.01258896787536191,55.65215026049388,0.6900241493583792,0.6831542626002344
2024-08-07,41.65999984741211,42.2400016784668,41.20500183105469,41.25,38.57819366455078,9907700,-0.00722019837711485,41.14000053405762,40.7895004272461,39.18940017700195,0.012811234785766717,56.04201643058089,0.6590883696772067,0.678341084015629
2024-08-08,41.15999984741211,41.64899826049805,41.060001373291016,41.59999847412109,38.90551376342773,10383100,0.008484811493844502,41.294000244140626,40.88450031280517,39.27880012512207,0.011663570047514433,59.068223435957755,0.6552600630799503,0.6737248798284933
2024-08-09,41.77999877929688,41.91999816894531,41.31999969482422,41.810001373291016,39.10192108154297,5454900,0.0050481467998266805,41.402000427246094,40.97550029754639,39.379400177001955,0.011624525182259657,57.73197227724327,0.6615456944480229,0.6712890427523992
2024-08-12,41.630001068115234,41.66999816894531,41.25699996948242,41.560001373291016,38.86811828613281,4924500,-0.00597943056179151,41.45900039672851,41.04550037384033,39.464400177001956,0.011758115119428772,56.000010172526025,0.6389883321928238,0.6648289006404842
2024-08-13,41.84999847412109,41.90999984741211,41.59000015258789,41.84999847412109,39.13933181762695,3707000,0.0069777933408934345,41.51500015258789,41.11100025177002,39.540400161743165,0.011685592027998824,63.69983303197409,0.6371669386722871,0.6592965082468448
2024-08-14,41.91999816894531,42.20000076293945,41.77000045776367,42.0,39.27961349487305,3300600,0.003584265982032653,41.596000289916994,41.16600017547607,39.62240013122559,0.01157274685456907,67.13779751775077,0.6404446929508438,0.6555261451876446
2024-08-15,42.02999877929688,42.09000015258789,41.70100021362305,41.880001068115234,39.16738128662109,6282100,-0.0028571174258277265,41.601000213623045,41.23200016021728,39.694800186157224,0.011394885433844058,61.2524597702522,0.6261416546660215,0.6496492470833201
2024-08-16,41.84000015258789,42.0,41.650001525878906,41.86000061035156,39.14867782592773,4212300,-0.00047756583700042654,41.601000213623045,41.2995002746582,39.76780021667481,0.011386026515906004,58.932229185808666,0.6062045749954308,0.6409603126657423
2024-08-19,41.86000061035156,42.150001525878906,41.834999084472656,42.11000061035156,39.38248062133789,3971100,0.0059722884939035215,41.74700012207031,41.359500312805174,39.844600219726566,0.011271488039824307,58.5062214392331,0.6036190615783639,0.6334920624482666
2024-08-20,42.09000015258789,42.255001068115234,41.94499969482422,42.150001525878906,39.419898986816406,4828200,0.0009499148645824018,41.80700035095215,41.42500038146973,39.928200225830075,0.011247179842552893,60.08406762274561,0.5979054809480431,0.626374746148222
2024-08-21,42.18000030517578,42.34999847412109,41.93999862670898,42.290000915527344,39.55083084106445,4214800,0.0033214563364245553,41.911000442504886,41.52550048828125,40.010800247192385,0.010652673302008859,55.39905724918781,0.5977833336917016,0.620656463656918
2024-08-22,42.34999847412109,42.54999923706055,42.220001220703125,42.54999923706055,39.793983459472656,4953100,0.006147985715406756,42.00600051879883,41.650000381469724,40.101000213623045,0.010511843643762767,57.68373653915592,0.611615895437204,0.6188483500129752
2024-08-23,42.709999084472656,43.45000076293945,42.64500045776367,43.369998931884766,40.56087493896485,6135200,0.01927143853177804,42.162000274658205,41.782000350952146,40.202200164794924,0.010699663802456441,83.17074328077418,0.6808964719424466,0.6312579743988695
2024-08-26,43.58000183105469,43.66999816894531,43.27099990844727,43.34000015258789,40.53281784057617,4047800,-0.0006916942595269759,42.34000015258789,41.8995002746582,40.29900016784668,0.010705817508968705,77.7090291523566,0.7250235569306511,0.6500110909052259
2024-08-27,43.08000183105469,43.494998931884766,43.0099983215332,43.45000076293945,40.63569259643555,3717600,0.002538085139923485,42.500000381469725,42.00750026702881,40.39740020751953,0.010653936661300937,86.18425758265917,0.760108660161066,0.672030604756394
2024-08-28,43.45000076293945,43.58000183105469,43.04999923706055,43.29999923706055,40.49540710449219,5035000,-0.003452279015995985,42.630000305175784,42.113000297546385,40.49680015563965,0.010681987196820932,79.92958928876052,0.7669688482611008,0.6910182534573354
2024-08-29,43.22999954223633,43.29999923706055,42.93000030517578,43.130001068115234,40.33641815185547,5339900,-0.003926054779229915,42.755000305175784,42.17800025939941,40.58980018615723,0.010317369678424637,73.57146165814262,0.750042146278183,0.702823032021505
2024-08-30,43.34000015258789,43.56999969482422,43.0,43.54999923706055,40.72921371459961,5611600,0.009737958695665405,42.92400016784668,42.26250019073486,40.69320014953613,0.010473561213946212,83.50171982850523,0.7617371237712192,0.7146058503714479
2024-09-03,43.27000045776367,43.86000061035156,43.25,43.650001525878906,40.82273864746094,7580900,0.002296263847767488,43.07800025939942,42.41250019073486,40.79660018920899,0.007533711430837966,82.3741698227126,0.770196481043051,0.7257239765057686
2024-09-04,43.75,44.20000076293945,43.525001525878906,43.75,40.916263580322266,5855600,0.002290915707340968,43.238000106811526,42.52250022888184,40.90460021972656,0.00614041919907422,82.05133221174538,0.7760241009888418,0.7357840014023833
2024-09-05,44.08000183105469,44.09999847412109,43.51499938964844,43.630001068115234,40.80403518676758,5539200,-0.0027428327287946086,43.37200012207031,42.641500282287595,41.02100021362305,0.005837671811709489,82.05133221174538,0.7621737562263391,0.7410619523671745
2024-09-06,43.65999984741211,43.69499969482422,43.233001708984375,43.630001068115234,40.80403518676758,6671700,0.0,43.48000030517578,42.7430004119873,41.13840026855469,0.005711634457584163,82.65689201572616,0.7426366057004259,0.7413768830338248
2024-09-09,43.630001068115234,44.257999420166016,43.56999969482422,44.150001525878906,41.29035186767578,5070000,0.01191841496753221,43.558000564575195,42.860000419616696,41.259400329589845,0.006074335808205664,84.22825235410681,0.7603481441618456,0.745171135259429
2024-09-10,44.34000015258789,44.959999084472656,44.2599983215332,44.93000030517578,42.019832611083984,7884500,0.017667015908021444,43.717000579833986,43.028500366210935,41.38980033874512,0.006568242785671816,87.36563936282141,0.8277818943628574,0.7616932870801147
2024-09-11,44.52999877929688,44.869998931884766,44.0099983215332,44.810001373291016,41.90760803222656,5792200,-0.002670797486527987,43.85300064086914,43.176500511169436,41.52520034790039,0.0066856091148933625,84.0541234376466,0.8616086283658646,0.7816763553372648
2024-09-12,44.880001068115234,44.959999084472656,44.380001068115234,44.88999938964844,41.982418060302734,4263300,0.0017852714551600535,44.01200065612793,43.321000480651854,41.65900032043457,0.006695715369168569,83.23870625145625,0.8846737616860025,0.8022758366070124
2024-09-13,45.119998931884766,45.2599983215332,44.97499847412109,45.209999084472656,42.28170394897461,3707500,0.007128529720987542,44.220000457763675,43.48750038146973,41.80000030517578,0.006579490658743757,80.46365102763389,0.9181900239976031,0.8254586740851306
2024-09-16,45.41999816894531,45.58000183105469,45.22499847412109,45.36000061035156,42.42198181152344,4130200,0.0033178838512832876,44.401000595092775,43.66250038146973,41.9412003326416,0.006502286594999952,82.1656577142642,0.945951433582529,0.8495572259846104
2024-09-17,45.380001068115234,45.5099983215332,44.85499954223633,45.0,42.08530044555664,5919400,-0.007936521285438536,44.536000442504886,43.80700035095215,42.073400344848636,0.007009124083964231,72.8613755208644,0.928203754983322,0.8652865317843528
2024-09-18,45.060001373291016,45.5099983215332,44.810001373291016,44.869998931884766,41.96371841430664,6234400,-0.002888912624782969,44.64800033569336,43.94300022125244,42.20280029296875,0.007129761761959246,73.29379776868186,0.8933506024421831,0.8708993459159189
2024-09-19,45.2400016784668,45.2400016784668,44.4900016784668,44.7599983215332,41.86083984375,4552400,-0.002451540293516574,44.761000061035155,44.06650009155273,42.324600296020506,0.007238721775887461,74.6223331673766,0.8470883903384063,0.8661371548004164
2024-09-20,44.5,44.72499847412109,44.400001525878906,44.68000030517578,41.7860221862793,4839800,-0.001787265848018027,44.86599998474121,44.17300014495849,42.424200286865236,0.007266835222816878,69.02360362049765,0.7948080303728773,0.8518713299149087
2024-09-23,44.68999862670898,44.88999938964844,44.560001373291016,44.86000061035156,42.24843597412109,4013700,0.004028654967464851,44.93699989318848,44.24750022888183,42.52160026550293,0.006120977082435645,69.83608033639428,0.7591489917202026,0.8333268622759675
2024-09-24,44.650001525878906,45.02000045776367,44.470001220703125,44.86000061035156,42.24843597412109,4103800,0.0,44.929999923706056,44.32350025177002,42.61560028076172,0.006108646081528998,68.81358912952398,0.7225597279128877,0.8111734354033516
2024-09-25,44.95000076293945,45.06999969482422,44.54999923706055,44.66999816894531,42.06950378417969,3457000,-0.004235453384332066,44.91599960327149,44.384500122070314,42.69820022583008,0.006248395169681775,67.21849243692172,0.6705017369783093,0.7830390957183433
2024-09-26,44.68999862670898,44.720001220703125,44.06999969482422,44.22999954223633,41.65511703491211,4552700,-0.009849980853925189,44.849999618530276,44.4310001373291,42.764800186157224,0.006660283037751397,58.670500475183516,0.5869749107595723,0.7438262587265891
2024-09-27,44.540000915527344,44.64500045776367,44.220001220703125,44.290000915527344,41.71162796020508,3613700,0.0013565763941219,44.75799980163574,44.489000129699704,42.839400177001956,0.006555052504461694,52.33332316080729,0.5196309267110308,0.6989871923234775
2024-09-30,44.130001068115234,44.70000076293945,44.04999923706055,44.66999816894531,42.06950378417969,4929900,0.008579752665680118,44.688999557495116,44.545000076293945,42.922600173950194,0.006481738742027265,44.99995598423649,0.4912599972965168,0.6574417533180854
2024-10-01,44.79999923706055,44.880001068115234,44.20000076293945,44.400001525878906,41.815223693847656,6453100,-0.0060442501485059585,44.62899971008301,44.58250007629395,42.99240020751953,0.00667891906768852,42.545446979102366,0.4418954628690699,0.6143324952282823
2024-10-02,43.95000076293945,44.275001525878906,43.93000030517578,44.2400016784668,41.66453552246094,4022000,-0.0036036000430957893,44.56599998474121,44.60700016021728,43.06040023803711,0.006742819395176967,38.51593344898748,0.38542017926062755,0.5685500320347513
2024-10-03,44.09999847412109,44.21500015258789,43.68000030517578,43.810001373291016,41.25956726074219,3504500,-0.009719717198498179,44.471000289916994,44.616000175476074,43.13100028991699,0.00709497781803136,26.190503994405105,0.3024788907868796,0.515335803785177
2024-10-04,43.560001373291016,43.59000015258789,43.09999847412109,43.52000045776367,40.986454010009766,5386100,-0.006619513956558465,44.35500030517578,44.61050014495849,43.20020027160645,0.007258764597777466,20.129848415227585,0.21091537076353717,0.45445171718084904
2024-10-07,43.2400016784668,43.290000915527344,42.97999954223633,43.20000076293945,40.6850814819336,3793500,-0.007352934086817808,44.18900032043457,44.56300010681152,43.24960029602051,0.006846620619783348,20.394721156657468,0.11124693502406302,0.38581076074949183
2024-10-08,43.380001068115234,43.4900016784668,43.1349983215332,43.33000183105469,40.80751037597656,4039700,0.0030092839310029706,44.036000442504886,44.48300018310547,43.29640029907227,0.005358817945711761,24.67107615975064,0.04226181348212066,0.3171009712960176
2024-10-09,43.2400016784668,43.38600158691406,43.08000183105469,43.34999847412109,40.82633972167969,3338800,0.0004614964740681238,43.90400047302246,44.41000003814697,43.337600250244144,0.005377697312339896,26.10164187538696,-0.010672800968322349,0.2515462168431496
2024-10-10,43.11000061035156,43.470001220703125,42.84000015258789,42.9900016784668,40.487300872802734,3659600,-0.008304424644194563,43.78000068664551,44.31500015258789,43.3736003112793,0.005510957851873239,23.838965045238993,-0.08074185523703648,0.1850886024271124
2024-10-11,43.220001220703125,43.43999862670898,43.095001220703125,43.43000030517578,40.90168380737305,2312100,0.01023490601372501,43.69400062561035,44.226000213623045,43.40560028076172,0.005821138526186003,29.512832284015317,-0.0996195217757716,0.1281469775865356
2024-10-14,43.31999969482422,43.790000915527344,43.209999084472656,43.72999954223633,41.18422317504883,3542900,0.006907649895291357,43.60000076293945,44.144500160217284,43.44300025939941,0.006044482645934184,35.0922927803382,-0.08934288808161739,0.084649004452905
2024-10-15,43.91999816894531,44.63999938964844,43.88999938964844,44.27999877929688,41.70220947265625,5176300,0.012577160823643352,43.58800048828125,44.10850009918213,43.51560020446777,0.006659491105369244,45.301196623935866,-0.036398658862502486,0.060439471789823514
2024-10-16,44.380001068115234,44.78499984741211,44.25,44.720001220703125,42.11659622192383,3662700,0.009936821443905952,43.63600044250488,44.101000213623045,43.57900024414062,0.0070521977036594515,55.90364878963505,0.04059657199243816,0.05647089183034645
2024-10-17,44.59000015258789,44.630001068115234,44.2599983215332,44.43000030517578,41.84347152709961,2934000,-0.006484814570914765,43.69800033569336,44.084500312805176,43.64260025024414,0.007178203996302765,51.598170334474844,0.07732385564592192,0.060641484593461546
2024-10-18,44.52000045776367,44.75600051879883,44.345001220703125,44.7400016784668,42.13542938232422,3950800,0.006977298473142213,43.82000045776367,44.087500381469724,43.70540031433106,0.007351008323504855,50.81210685770273,0.12994706372077758,0.07450260041892476
2024-10-21,44.47999954223633,44.68000030517578,43.7599983215332,43.81999969482422,41.26898193359375,5938700,-0.02056329792417888,43.88200035095215,44.03550033569336,43.74560028076172,0.008607376544890806,44.1532062690254,0.09630472304758086,0.07886302494465598
2024-10-22,43.72999954223633,44.060001373291016,43.619998931884766,43.88999938964844,41.33491134643555,4497400,0.0015974371362783568,43.93800010681152,43.9870002746582,43.792200241088864,0.008625872963227643,46.4065465545913,0.07443329534889642,0.07797707902550408
2024-10-23,43.77999877929688,44.39500045776367,43.7400016784668,44.31999969482422,41.7398796081543,4849500,0.009797227412976506,44.035000228881835,43.969500350952146,43.84160026550293,0.008919444540069104,55.23612354608697,0.09075133736138952,0.08053193069268116
2024-10-24,44.36000061035156,44.68999862670898,44.34000015258789,44.41999816894531,41.83405685424805,3188600,0.002256283276391269,44.177999877929686,43.9790002822876,43.89000022888184,0.00864784051357718,59.61536737273943,0.11047901109181879,0.0865213467725087
2024-10-25,44.790000915527344,44.97999954223633,44.04999923706055,44.06999969482422,41.50442886352539,4820700,-0.007879299607125634,44.241999816894534,43.96800022125244,43.93380020141601,0.008830309905818378,59.23566672633045,0.09675603945680677,0.08856828530936832
2024-10-28,44.459999084472656,44.650001525878906,44.125,44.209999084472656,41.63628005981445,3129100,0.0031767504111164246,44.28999977111816,43.94500026702881,43.98080017089844,0.0086275081866619,59.32201746034571,0.09606983305424421,0.0900685948583435
2024-10-29,44.06999969482422,44.30500030517578,43.7400016784668,43.810001373291016,41.25956726074219,4557100,-0.009047675174508774,44.24300003051758,43.915500259399415,44.014800186157224,0.008754623825474822,54.509837067377426,0.06252874471804404,0.0845606248302836
2024-10-30,43.84999847412109,44.290000915527344,43.790000915527344,43.970001220703125,41.41025161743164,5513800,0.0036521306185042235,44.168000030517575,43.90200023651123,44.05120018005371,0.008775319949901748,60.0,0.04830105655909733,0.07730871117604635
2024-10-31,43.5,43.88999938964844,43.18999862670898,43.20000076293945,40.6850814819336,5866200,-0.017511949883711186,44.045000076293945,43.871500205993655,44.06940017700195,0.009369829100543615,47.80115141140164,-0.02482096990053151,0.05688277496073078
2024-11-01,43.4900016784668,43.54499816894531,42.709999084472656,42.7400016784668,40.251861572265625,6141400,-0.010648126767332844,43.84500007629394,43.832500267028806,44.07320022583008,0.00954635203663981,40.81634530728487,-0.11852253047611327,0.021801713873361966
2024-11-04,42.91999816894531,43.290000915527344,42.875,43.220001220703125,40.70391845703125,6509900,0.011230686087646102,43.785000228881835,43.83350028991699,44.070200271606446,0.009782631941998469,40.03761635902892,-0.1522941881791411,-0.013017466537138644
2024-11-05,43.11000061035156,43.81999969482422,42.875,43.810001373291016,41.25956726074219,4747500,0.013651090604441585,43.777000427246094,43.85750026702881,44.07960029602051,0.010230162118045462,41.68189872985165,-0.12995237861547793,-0.036404448952806506
2024-11-06,43.41999816894531,43.65999984741211,42.18999862670898,42.63999938964844,40.15768051147461,12721600,-0.026706275895162945,43.60900039672852,43.82200031280517,44.06340026855469,0.011914662320200189,35.905501215296766,-0.20430066464830787,-0.06998369209190679
2024-11-07,42.79999923706055,43.290000915527344,42.720001220703125,43.16999816894531,40.65682601928711,10597900,0.012429615077000689,43.48400039672852,43.8310001373291,44.06080024719238,0.012123648429783621,38.051716179377976,-0.2179434286942481,-0.09957563941237506
2024-11-08,43.369998931884766,44.03499984741211,43.31999969482422,43.90999984741211,41.35374450683594,7348100,0.017141573079776595,43.468000411987305,43.85500011444092,44.07640022277832,0.012514229541009583,50.70422703374547,-0.16711704522069937,-0.11308392057403993
2024-11-11,43.84999847412109,44.060001373291016,43.4900016784668,43.52999877929688,40.995872497558594,7899300,-0.008654089488402072,43.40000038146973,43.84500007629395,44.07600021362305,0.012586582633712038,47.31342705726153,-0.15570481237488565,-0.12160809893420908
2024-11-12,43.41999816894531,43.58000183105469,42.96500015258789,42.97999954223633,40.47788619995117,4972000,-0.012634947219941961,43.317000198364255,43.78000011444092,44.062600173950194,0.01250673460176824,40.17594602591647,-0.18886377350193584,-0.13505923384775442
2024-11-13,43.459999084472656,43.650001525878906,43.244998931884766,43.31999969482422,40.79809188842773,5095000,0.007910659753585403,43.25200004577637,43.71000003814697,44.05400016784668,0.012417839334873738,42.20963984058234,-0.18556820354030634,-0.14516102778626483
2024-11-14,43.25,43.25,42.875,42.93000030517578,40.4307975769043,4860400,-0.009002756057152839,43.225,43.63500003814697,44.04000015258789,0.012483462586929863,41.97183355881243,-0.21198252934243556,-0.15852532809749897
2024-11-15,42.72999954223633,43.05899810791016,42.60499954223633,42.97999954223633,40.47788619995117,5875700,0.0011646689192899018,43.248999786376956,43.54699993133545,44.02700012207031,0.012339075384216292,41.22681999467792,-0.2262732154977698,-0.17207490557755314
2024-11-18,42.790000915527344,43.369998931884766,42.68000030517578,43.36000061035156,40.83576583862305,3810800,0.008841346490518376,43.2629997253418,43.523999977111814,44.01120010375976,0.011739523417516612,46.781111195397045,-0.2045775343681342,-0.1785754313356694
2024-11-19,43.22999954223633,43.66999816894531,43.04499816894531,43.540000915527344,41.00529098510742,3693100,0.004151298492666822,43.23599967956543,43.50650005340576,43.983400115966795,0.011776930642918494,46.93295168232996,-0.1708891269805477,-0.17703817046464504
2024-11-20,43.290000915527344,43.52999877929688,43.130001068115234,43.470001220703125,40.939361572265625,3198700,-0.001607709998904805,43.3189998626709,43.464000129699706,43.95660011291504,0.011534161409662215,52.13946433440197,-0.14813164240952403,-0.17125686485362085
2024-11-21,43.5099983215332,43.90499877929688,43.31999969482422,43.7599983215332,41.21247863769531,3070100,0.006671200659915444,43.37799987792969,43.4310001373291,43.93400009155273,0.011639599782804924,58.3061624141693,-0.1054799226091987,-0.15810147640473643
2024-11-22,43.93000030517578,44.16999816894531,43.88999938964844,44.09000015258789,41.52326583862305,3333900,0.007541175587575388,43.395999908447266,43.432000160217285,43.91160011291504,0.011648592356104867,57.26209255510134,-0.044536350230117705,-0.13538845116981268
2024-11-25,44.36000061035156,44.880001068115234,44.31999969482422,44.68000030517578,42.07892608642578,4625700,0.013381722625221082,43.511000061035155,43.45550022125244,43.89800010681152,0.012008969345250153,57.26209255510134,0.05078453887993106,-0.09815385315986394
2024-11-26,44.630001068115234,44.97999954223633,44.46500015258789,44.900001525878906,42.286109924316406,3183800,0.0049239305998312055,43.70300025939942,43.510000228881836,43.8960001373291,0.011823292748623737,72.4206520406356,0.1424373609010985,-0.050035610347671455
2024-11-27,45.11000061035156,45.48199844360352,45.09999847412109,45.209999084472656,42.578067779541016,3531500,0.006904177016900048,43.89200019836426,43.572000122070314,43.90280014038086,0.011879625591090497,71.16183656316332,0.23735105962714442,0.0074417236472917175
2024-11-29,45.2400016784668,45.43000030517578,44.97499847412109,45.0,42.38028335571289,3737500,-0.004644969889963546,44.09900016784668,43.66200008392334,43.90760017395019,0.01112245622504585,62.70397306768558,0.29225672500013644,0.06440472391786067
2024-12-02,44.75,44.83000183105469,44.15999984741211,44.31999969482422,41.7398796081543,4837300,-0.015111117892795178,44.23300018310547,43.74099998474121,43.900400161743164,0.011432187485008592,58.605681327083445,0.27769838463731844,0.10706345606175224
2024-12-03,44.36000061035156,44.45000076293945,44.02999877929688,44.060001373291016,41.49501800537109,4164900,-0.0058663881616308755,44.30300025939941,43.782999992370605,43.88440017700195,0.011334918096431678,62.55817419523109,0.24238701671352203,0.1341281681921062
2024-12-04,44.060001373291016,44.09000015258789,43.68999862670898,43.93999862670898,41.38199615478516,3315800,-0.002723621035899071,44.34300003051758,43.789499855041505,43.8660001373291,0.010960043623757645,57.5980298201013,0.2023863011858964,0.14777979479086426
2024-12-05,43.68000030517578,43.86000061035156,43.54999923706055,43.83000183105469,41.27840423583984,2971300,-0.002503340898773465,44.37900009155273,43.848999977111816,43.84920021057129,0.008991618408349411,61.842139606041684,0.15996563949597942,0.1502169637318873
2024-12-06,43.95000076293945,44.08000183105469,43.56499862670898,43.77000045776367,41.22189331054688,3624700,-0.0013689566685918253,44.380000305175784,43.87900009155273,43.840000228881834,0.008623897699652513,60.36747272639892,0.12012067375564328,0.1441977057366385
2024-12-09,43.84999847412109,43.994998931884766,43.685001373291016,43.86000061035156,41.30665969848633,5211000,0.0020562063433089417,44.35700035095215,43.87650012969971,43.83140022277832,0.007725458070107343,57.10227950053428,0.09471371078939228,0.13430090674718925
2024-12-10,43.790000915527344,43.790000915527344,43.01499938964844,43.150001525878906,40.63799285888672,4090500,-0.01618784939791107,44.20400047302246,43.85750026702881,43.80100028991699,0.008328316027648715,45.18518727829991,0.017090508441498287,0.11085882708605106
2024-12-11,43.27000045776367,43.38999938964844,42.91999816894531,43.040000915527344,40.53439331054688,4988900,-0.0025492608681737527,44.0180004119873,43.86050033569336,43.77380027770996,0.007839849680943676,44.743267846083825,-0.052695131926824956,0.07814803528347586
2024-12-12,42.9900016784668,43.47999954223633,42.93000030517578,43.0099983215332,40.506134033203125,3418100,-0.0006970862768572728,43.79800033569336,43.84500026702881,43.74920021057129,0.007621676275764711,40.2088819655542,-0.1091633461872803,0.04068575898932463
2024-12-13,42.970001220703125,43.06999969482422,42.7400016784668,42.83000183105469,40.33662033081055,3833300,-0.0041849918042986545,43.58100051879883,43.84000034332276,43.729600219726564,0.007406277296679811,32.88044126138061,-0.16651949225643392,-0.0007552912598270747
2024-12-16,42.84999847412109,43.13999938964844,42.59000015258789,42.61000061035156,40.12942886352539,3642900,-0.005136614786311,43.41000061035156,43.82150039672852,43.71140022277832,0.0074836970686480075,18.73109937120836,-0.22710894063158094,-0.04602602113417785
2024-12-17,42.400001525878906,42.80500030517578,42.27000045776367,42.41999816894531,39.95048904418945,5319100,-0.004459104404708536,43.24600028991699,43.7745002746582,43.69580017089844,0.007204494295714592,12.195056708752404,-0.2871480600048457,-0.09425042890831142
2024-12-18,42.27999877929688,42.4900016784668,40.709999084472656,40.7599983215332,38.38713073730469,9802600,-0.039132482769114185,42.92800025939941,43.6355001449585,43.644400100708005,0.011035725382656108,1.9438473396406408,-0.46333655378025185,-0.1680676538826995
2024-12-19,40.79999923706055,41.09000015258789,40.0099983215332,40.060001373291016,37.72787094116211,8386500,-0.017173625541402004,42.55100021362305,43.46500015258789,43.57860015869141,0.011455836108365421,1.757815846941213,-0.6519359957286781,-0.2648413222518953
2024-12-20,40.25,41.220001220703125,40.150001525878906,40.790000915527344,38.41538238525391,9792600,0.01822265394935907,42.253000259399414,43.3165002822876,43.53460014343262,0.012284112437966099,15.860734724234916,-0.7340360395186636,-0.3586802657052489
2024-12-23,40.209999084472656,40.59999847412109,40.08000183105469,40.540000915527344,38.59053039550781,6917200,-0.006128953037234042,41.92100028991699,43.13900032043457,43.47680015563965,0.012018654872287907,15.891467423889026,-0.8099373725220076,-0.4489316870686007
2024-12-24,40.38999938964844,40.84000015258789,40.36000061035156,40.810001373291016,38.84754943847656,2812100,0.00666009994243133,41.6870002746582,42.94550037384033,43.41840019226074,0.011589850701319524,20.52731927953198,-0.838635675281111,-0.5268724847111028
2024-12-26,40.70000076293945,40.93999862670898,40.5,40.869998931884766,38.90465927124024,4044800,0.0014701680121240734,41.47000007629394,42.74400024414062,43.3502001953125,0.011467837293951346,21.86308133357798,-0.8467768687768498,-0.5908533615242522
2024-12-27,40.630001068115234,40.9900016784668,40.400001525878906,40.540000915527344,38.59053039550781,4588800,-0.008074333863022809,41.22300033569336,42.51050033569336,43.26660018920899,0.011160056297900152,20.795637582735196,-0.869830045968385,-0.6466486984130788
2024-12-30,40.43000030517578,40.45000076293945,39.92499923706055,40.34999847412109,38.409664154052734,4493500,-0.004686789272702829,40.974999999999994,42.278000259399406,43.18500015258789,0.011159915904914696,18.82767452417893,-0.8931359488264334,-0.6959461484957498
2024-12-31,40.66999816894531,40.75,40.27999877929688,40.66999816894531,38.71427536010742,7590600,0.007930599923800852,40.780999755859376,42.095500183105464,43.10360008239746,0.011290903196126283,26.335836183437564,-0.8756903306941837,-0.7318949849354366
