Date,Open,High,Low,Close,Adj Close,Volume
2015-10-08,30.010000228881836,30.209999084472656,30.010000228881836,30.209999084472656,20.861324310302734,2000
2015-10-09,30.200000762939453,30.200000762939453,30.059999465942383,30.15999984741211,20.826797485351562,4300
2015-10-12,30.420000076293945,30.420000076293945,30.270000457763672,30.350000381469727,20.957996368408203,2300
2015-10-13,30.15999984741211,30.15999984741211,30.15999984741211,30.15999984741211,20.826797485351562,500
2015-10-14,30.15999984741211,30.15999984741211,30.15999984741211,30.15999984741211,20.826797485351562,0
2015-10-15,30.030000686645508,30.06999969482422,30.030000686645508,30.06999969482422,20.764646530151367,2500
2015-10-16,30.59600067138672,30.65999984741211,30.59600067138672,30.642000198364258,21.159631729125977,400
2015-10-19,30.700000762939453,31.010000228881836,30.700000762939453,31.0,21.406848907470703,2000
2015-10-20,31.360000610351562,31.360000610351562,30.989999771118164,31.030000686645508,21.42756462097168,3200
2015-10-21,31.05500030517578,31.05500030517578,31.05500030517578,31.05500030517578,21.4448299407959,400
2015-10-22,31.18000030517578,31.46299934387207,31.177000045776367,31.447999954223633,21.71621322631836,2200
2015-10-23,31.05299949645996,31.06999969482422,30.940000534057617,31.06999969482422,21.455190658569336,3500
2015-10-26,31.027999877929688,31.1200008392334,31.027999877929688,31.110000610351562,21.482810974121094,600
2015-10-27,31.059999465942383,31.1200008392334,31.0,31.118000030517578,21.48833656311035,3400
2015-10-28,31.239999771118164,31.329999923706055,31.0049991607666,31.0049991607666,21.410297393798828,3200
2015-10-29,31.030000686645508,31.145999908447266,31.010000228881836,31.145999908447266,21.507671356201172,3900
2015-10-30,30.950000762939453,30.950000762939453,30.950000762939453,30.950000762939453,21.372329711914062,200
2015-11-02,30.950000762939453,30.950000762939453,30.950000762939453,30.950000762939453,21.372329711914062,100
2015-11-03,31.600000381469727,31.600000381469727,31.31999969482422,31.350000381469727,21.648540496826172,500
2015-11-04,31.520000457763672,31.520000457763672,31.219999313354492,31.219999313354492,21.55876922607422,1900
2015-11-05,31.280000686645508,31.280000686645508,30.950000762939453,31.100000381469727,21.475900650024414,23800
2015-11-06,30.3799991607666,30.3799991607666,29.950000762939453,29.950000762939453,20.68178367614746,9000
2015-11-09,30.059999465942383,30.104000091552734,29.600000381469727,29.709999084472656,20.516050338745117,45500
2015-11-10,30.110000610351562,30.110000610351562,29.850000381469727,30.030000686645508,20.737022399902344,27200
2015-11-11,30.104999542236328,30.260000228881836,29.989999771118164,30.134000778198242,20.808847427368164,27100
2015-11-12,29.860000610351562,30.079999923706055,29.860000610351562,29.950000762939453,20.68178367614746,63900
2015-11-13,29.81999969482422,29.8700008392334,29.555999755859375,29.559999465942383,20.41246795654297,47700
2015-11-16,29.530000686645508,29.6200008392334,29.530000686645508,29.530000686645508,20.391748428344727,4200
2015-11-17,30.0,30.18000030517578,29.93000030517578,29.989999771118164,20.709402084350586,25700
2015-11-18,29.639999389648438,30.344999313354492,26.700000762939453,30.344999313354492,20.954545974731445,28600
2015-11-19,30.40999984741211,30.549999237060547,30.40999984741211,30.510000228881836,21.068483352661133,3500
2015-11-20,30.709999084472656,30.770000457763672,30.709999084472656,30.760000228881836,21.241119384765625,600
2015-11-23,30.969999313354492,31.011999130249023,30.920000076293945,30.920000076293945,21.35160255432129,2400
2015-11-24,31.020000457763672,31.020000457763672,30.450000762939453,30.450000762939453,21.02705192565918,2500
2015-11-25,30.450000762939453,30.450000762939453,30.450000762939453,30.450000762939453,21.02705192565918,0
2015-11-27,30.68000030517578,30.68000030517578,30.68000030517578,30.68000030517578,21.185876846313477,0
2015-11-30,31.0,31.0,30.722000122070312,30.75,21.234214782714844,1600
2015-12-01,30.979999542236328,31.259000778198242,30.979999542236328,31.259000778198242,21.58570098876953,5600
2015-12-02,31.110000610351562,31.219999313354492,30.6200008392334,30.6200008392334,21.144439697265625,4400
2015-12-03,30.3700008392334,30.3700008392334,30.010000228881836,30.010000228881836,20.72321128845215,800
2015-12-04,30.309999465942383,30.829999923706055,30.309999465942383,30.6200008392334,21.144439697265625,4400
2015-12-07,30.6200008392334,30.6200008392334,30.6200008392334,30.6200008392334,21.144439697265625,0
2015-12-08,30.280000686645508,30.760000228881836,29.920000076293945,30.719999313354492,21.2134952545166,4600
2015-12-09,30.510000228881836,30.549999237060547,30.510000228881836,30.549999237060547,21.096107482910156,600
2015-12-10,30.299999237060547,30.299999237060547,30.299999237060547,30.299999237060547,20.92346954345703,700
2015-12-11,30.18000030517578,30.18000030517578,30.13800048828125,30.13800048828125,20.811601638793945,300
2015-12-14,30.100000381469727,30.270000457763672,30.09000015258789,30.231000900268555,20.87582778930664,600
2015-12-15,30.722999572753906,30.790000915527344,30.579999923706055,30.579999923706055,21.116823196411133,4100
2015-12-16,30.860000610351562,31.1299991607666,30.860000610351562,31.1299991607666,21.496623992919922,1600
2015-12-17,31.459999084472656,31.459999084472656,31.058000564575195,31.09000015258789,21.468997955322266,2400
2015-12-18,30.562999725341797,30.59000015258789,30.350000381469727,30.350000381469727,21.18972396850586,1400
2015-12-21,30.45599937438965,30.45599937438965,30.399999618530273,30.399999618530273,21.22463607788086,500
2015-12-22,30.68000030517578,30.68000030517578,30.68000030517578,30.68000030517578,21.420127868652344,200
2015-12-23,30.75,30.979999542236328,30.75,30.979999542236328,21.62957763671875,4500
2015-12-24,30.856000900268555,31.010000228881836,30.856000900268555,31.010000228881836,21.65052604675293,300
2015-12-28,31.030000686645508,31.030000686645508,30.920000076293945,30.927000045776367,21.59257698059082,2100
2015-12-29,31.25,31.489999771118164,31.25,31.440000534057617,21.950740814208984,3500
2015-12-30,31.56999969482422,31.59000015258789,31.440000534057617,31.440000534057617,21.950740814208984,2000
2015-12-31,31.31999969482422,31.389999389648438,31.18400001525879,31.18400001525879,21.77200698852539,36800
2016-01-04,30.979999542236328,30.979999542236328,30.361000061035156,30.459999084472656,21.26652717590332,1900
2016-01-05,30.93000030517578,31.382999420166016,30.93000030517578,31.382999420166016,21.910945892333984,1500
2016-01-06,30.81999969482422,31.184999465942383,30.81999969482422,31.079999923706055,21.699398040771484,3700
2016-01-07,30.72100067138672,30.75,30.506999969482422,30.510000228881836,21.30143928527832,1500
2016-01-08,30.510000228881836,30.518999099731445,30.079999923706055,30.110000610351562,21.022171020507812,4000
2016-01-11,30.290000915527344,30.290000915527344,30.290000915527344,30.290000915527344,21.147842407226562,500
2016-01-12,30.040000915527344,30.110000610351562,29.959999084472656,29.959999084472656,20.917438507080078,2300
2016-01-13,30.239999771118164,30.290000915527344,29.649999618530273,29.649999618530273,20.700998306274414,3300
2016-01-14,29.827999114990234,29.827999114990234,29.5,29.75,20.77082061767578,3700
2016-01-15,29.145999908447266,29.299999237060547,29.145999908447266,29.25,20.421733856201172,1400
2016-01-19,29.510000228881836,29.510000228881836,29.354999542236328,29.450000762939453,20.561368942260742,4700
2016-01-20,28.65999984741211,28.889999389648438,28.1200008392334,28.65999984741211,20.00980567932129,4600
2016-01-21,28.8799991607666,28.8799991607666,28.8799991607666,28.8799991607666,20.163400650024414,100
2016-01-22,29.46500015258789,29.479999542236328,29.457000732421875,29.479999542236328,20.582307815551758,300
2016-01-25,29.479999542236328,29.479999542236328,29.479999542236328,29.479999542236328,20.582307815551758,0
2016-01-26,29.59000015258789,29.856000900268555,29.59000015258789,29.742000579833984,20.76523780822754,500
2016-01-27,29.479999542236328,29.479999542236328,29.479999542236328,29.479999542236328,20.582307815551758,900
2016-01-28,29.479999542236328,29.489999771118164,29.15999984741211,29.15999984741211,20.3588924407959,1700
2016-01-29,29.010000228881836,29.200000762939453,29.010000228881836,29.190000534057617,20.379840850830078,600
2016-02-01,29.60700035095215,29.809999465942383,29.60700035095215,29.809999465942383,20.812711715698242,700
2016-02-02,29.68000030517578,29.68000030517578,29.43000030517578,29.43000030517578,20.54740333557129,1100
2016-02-03,29.68000030517578,29.68000030517578,29.047000885009766,29.459999084472656,20.568349838256836,3800
2016-02-04,29.444000244140625,29.645000457763672,29.444000244140625,29.636999130249023,20.691930770874023,1500
2016-02-05,29.209999084472656,29.209999084472656,29.097999572753906,29.097999572753906,20.315608978271484,200
2016-02-08,28.100000381469727,28.100000381469727,27.555999755859375,27.555999755859375,19.2390193939209,700
2016-02-09,27.420000076293945,27.549999237060547,27.070999145507812,27.34000015258789,19.08820915222168,1400
2016-02-10,27.920000076293945,27.920000076293945,27.920000076293945,27.920000076293945,19.49315643310547,300
2016-02-11,27.299999237060547,27.299999237060547,27.219999313354492,27.219999313354492,19.00442886352539,800
2016-02-12,27.219999313354492,27.507999420166016,27.219999313354492,27.489999771118164,19.192941665649414,1800
2016-02-16,27.489999771118164,27.489999771118164,27.489999771118164,27.489999771118164,19.192941665649414,100
2016-02-17,28.399999618530273,28.450000762939453,28.327999114990234,28.350000381469727,19.793367385864258,2600
2016-02-18,28.481000900268555,28.700000762939453,28.481000900268555,28.700000762939453,20.03772735595703,3900
2016-02-19,28.65999984741211,28.65999984741211,28.65999984741211,28.65999984741211,20.00980567932129,200
2016-02-22,29.100000381469727,29.155000686645508,29.075000762939453,29.100000381469727,20.31700897216797,800
2016-02-23,28.950000762939453,28.950000762939453,28.950000762939453,28.950000762939453,20.2122802734375,300
2016-02-24,28.91900062561035,28.974000930786133,28.90999984741211,28.974000930786133,20.229034423828125,800
2016-02-25,29.15999984741211,29.15999984741211,29.15999984741211,29.15999984741211,20.3588924407959,100
2016-02-26,29.5,29.5049991607666,29.3700008392334,29.3700008392334,20.505516052246094,2500
2016-02-29,29.62700080871582,29.649999618530273,29.329999923706055,29.329999923706055,20.477588653564453,700
2016-03-01,29.799999237060547,30.040000915527344,29.790000915527344,30.030000686645508,20.966312408447266,1000
2016-03-02,30.229999542236328,30.360000610351562,30.190000534057617,30.360000610351562,21.196712493896484,1300
2016-03-03,30.36400032043457,30.417999267578125,30.36400032043457,30.402000427246094,21.226037979125977,1100
2016-03-04,30.5,30.530000686645508,30.440000534057617,30.489999771118164,21.287473678588867,1700
2016-03-07,30.610000610351562,30.6299991607666,30.469999313354492,30.469999313354492,21.27350616455078,1500
2016-03-08,30.44499969482422,30.44499969482422,30.423999786376953,30.423999786376953,21.241392135620117,600
2016-03-09,30.450000762939453,30.517000198364258,30.25,30.33099937438965,21.176462173461914,3700
2016-03-10,30.649999618530273,30.649999618530273,30.187999725341797,30.187999725341797,21.076616287231445,1000
2016-03-11,30.780000686645508,30.889999389648438,30.780000686645508,30.889999389648438,21.566747665405273,400
2016-03-14,31.038999557495117,31.097999572753906,30.989999771118164,30.989999771118164,21.636564254760742,3000
2016-03-15,31.0,31.19499969482422,31.0,31.19499969482422,21.779691696166992,2300
2016-03-16,31.200000762939453,31.204999923706055,30.959999084472656,30.959999084472656,21.615619659423828,1500
2016-03-17,31.989999771118164,32.04600143432617,31.979999542236328,31.996000289916992,22.338930130004883,1100
2016-03-18,31.690000534057617,31.780000686645508,31.43000030517578,31.469999313354492,22.181751251220703,136400
2016-03-21,31.6200008392334,31.6200008392334,31.2549991607666,31.309999465942383,22.068971633911133,3400
2016-03-22,31.219999313354492,31.40999984741211,31.214000701904297,31.2549991607666,22.030200958251953,1600
2016-03-23,31.264999389648438,31.336999893188477,31.139999389648438,31.139999389648438,21.94915008544922,2600
2016-03-24,31.010000228881836,31.190000534057617,30.976999282836914,31.190000534057617,21.984386444091797,2200
2016-03-28,31.010000228881836,31.469999313354492,31.010000228881836,31.389999389648438,22.125362396240234,2600
2016-03-29,31.719999313354492,32.06999969482422,31.510000228881836,32.06999969482422,22.604660034179688,17300
2016-03-30,32.33000183105469,32.33000183105469,31.9950008392334,32.0,22.55531883239746,4200
2016-03-31,32.0,32.15999984741211,32.0,32.15999984741211,22.668094635009766,11300
2016-04-01,32.02299880981445,32.22700119018555,32.02299880981445,32.22700119018555,22.715322494506836,700
2016-04-04,32.27199935913086,32.27199935913086,32.099998474121094,32.18000030517578,22.682193756103516,5300
2016-04-05,31.899999618530273,31.899999618530273,31.875999450683594,31.892000198364258,22.47919273376465,300
2016-04-06,31.93000030517578,31.979999542236328,31.850000381469727,31.979999542236328,22.541227340698242,600
2016-04-07,32.03300094604492,32.03300094604492,31.719999313354492,31.719999313354492,22.357961654663086,2100
2016-04-08,32.189998626708984,32.25,32.02000045776367,32.02000045776367,22.569419860839844,1900
2016-04-11,32.055999755859375,32.20399856567383,31.993999481201172,32.0,22.55531883239746,3100
2016-04-12,32.0890007019043,32.189998626708984,32.0890007019043,32.13999938964844,22.654003143310547,1300
2016-04-13,32.13999938964844,32.15999984741211,31.948999404907227,32.016998291015625,22.567298889160156,2800
2016-04-14,31.969999313354492,31.969999313354492,31.844999313354492,31.889999389648438,22.477781295776367,3600
2016-04-15,31.889999389648438,32.11000061035156,31.889999389648438,32.11000061035156,22.632856369018555,700
2016-04-18,32.130001068115234,32.22999954223633,31.850000381469727,32.22999954223633,22.717432022094727,1000
2016-04-19,32.40999984741211,32.40999984741211,32.04499816894531,32.119998931884766,22.639902114868164,32800
2016-04-20,32.0099983215332,32.02000045776367,31.760000228881836,31.799999237060547,22.414350509643555,1900
2016-04-21,31.6299991607666,31.6560001373291,31.010000228881836,31.06399917602539,21.895580291748047,1300
2016-04-22,31.389999389648438,31.600000381469727,31.31999969482422,31.459999084472656,22.174701690673828,2400
2016-04-25,31.5049991607666,31.680999755859375,31.5049991607666,31.680999755859375,22.33047103881836,2300
2016-04-26,31.97599983215332,31.97599983215332,31.770000457763672,31.770000457763672,22.393198013305664,2500
2016-04-27,31.6200008392334,31.649999618530273,31.506000518798828,31.649999618530273,22.308622360229492,1200
2016-04-28,33.150001525878906,33.150001525878906,31.68199920654297,31.68199920654297,22.331178665161133,1100
2016-04-29,31.649999618530273,31.649999618530273,31.09000015258789,31.3799991607666,22.118310928344727,20100
2016-05-02,31.190000534057617,31.80900001525879,31.190000534057617,31.709999084472656,22.350914001464844,3800
2016-05-03,31.604999542236328,31.8700008392334,31.604999542236328,31.8700008392334,22.463695526123047,4700
2016-05-04,31.674999237060547,32.33000183105469,31.674999237060547,32.33000183105469,22.787927627563477,1700
2016-05-05,32.34000015258789,32.369998931884766,32.30500030517578,32.36000061035156,22.80906867980957,2700
2016-05-06,32.25600051879883,32.667999267578125,32.23500061035156,32.529998779296875,22.92888832092285,3800
2016-05-09,32.779998779296875,32.9010009765625,32.75,32.858001708984375,23.160091400146484,5200
2016-05-10,33.189998626708984,33.189998626708984,32.91299819946289,32.97999954223633,23.246078491210938,7700
2016-05-11,33.09000015258789,33.09000015258789,32.2400016784668,32.380001068115234,22.823162078857422,7100
2016-05-12,32.470001220703125,32.60499954223633,32.18000030517578,32.4900016784668,22.900693893432617,3600
2016-05-13,32.43000030517578,32.994998931884766,31.90999984741211,32.020999908447266,22.57012176513672,3700
2016-05-16,32.119998931884766,32.5,32.119998931884766,32.45800018310547,22.878143310546875,7000
2016-05-17,32.0,32.099998474121094,31.920000076293945,31.920000076293945,22.49893569946289,2400
2016-05-18,31.940000534057617,31.940000534057617,31.132999420166016,31.132999420166016,21.9442138671875,5700
2016-05-19,31.040000915527344,31.158000946044922,30.985000610351562,31.06999969482422,21.89980697631836,3000
2016-05-20,31.25,31.299999237060547,31.224000930786133,31.281999588012695,22.04923439025879,2700
2016-05-23,31.40999984741211,31.420000076293945,31.350000381469727,31.3799991607666,22.118310928344727,4200
2016-05-24,31.700000762939453,31.719999313354492,31.59000015258789,31.59000015258789,22.26633071899414,3500
2016-05-25,31.899999618530273,31.899999618530273,31.469999313354492,31.804000854492188,22.417171478271484,5600
2016-05-26,31.68000030517578,31.790000915527344,31.68000030517578,31.780000686645508,22.400259017944336,1000
2016-05-27,31.989999771118164,32.02000045776367,31.86400032043457,31.905000686645508,22.488365173339844,1500
2016-05-31,32.0099983215332,32.0099983215332,31.722000122070312,31.920000076293945,22.49893569946289,2500
2016-06-01,31.75,31.809999465942383,31.634000778198242,31.799999237060547,22.414350509643555,2500
2016-06-02,31.832000732421875,31.899999618530273,31.832000732421875,31.899999618530273,22.48483657836914,800
2016-06-03,31.90999984741211,32.15999984741211,31.90999984741211,32.04399871826172,22.586328506469727,2400
2016-06-06,32.09000015258789,32.09000015258789,31.899999618530273,32.060001373291016,22.597614288330078,3100
2016-06-07,32.060001373291016,32.237998962402344,32.0,32.08599853515625,22.615938186645508,2500
2016-06-08,32.06999969482422,32.25,32.04999923706055,32.2400016784668,22.724483489990234,2700
2016-06-09,32.2599983215332,32.30799865722656,32.141998291015625,32.30799865722656,22.772415161132812,6100
2016-06-10,32.119998931884766,32.20000076293945,32.119998931884766,32.150001525878906,22.66105079650879,1600
2016-06-13,32.349998474121094,32.38800048828125,32.13999938964844,32.13999938964844,22.654003143310547,5800
2016-06-14,32.02799987792969,32.099998474121094,31.950000762939453,31.989999771118164,22.548276901245117,4900
2016-06-15,32.23099899291992,32.41999816894531,32.23099899291992,32.31999969482422,22.780872344970703,8600
2016-06-16,32.183998107910156,32.52000045776367,32.18199920654297,32.486000061035156,22.897884368896484,7200
2016-06-17,32.02000045776367,32.20000076293945,31.898000717163086,32.16999816894531,22.862342834472656,6800
2016-06-20,32.4900016784668,32.4900016784668,32.20000076293945,32.20000076293945,22.88367462158203,4900
2016-06-21,32.369998931884766,32.459999084472656,32.369998931884766,32.459999084472656,23.06844139099121,3200
2016-06-22,32.38999938964844,32.470001220703125,32.32699966430664,32.43000030517578,23.047121047973633,2700
2016-06-23,32.53099822998047,32.56999969482422,32.53099822998047,32.56999969482422,23.14661407470703,5300
2016-06-24,32.0,32.25,31.850000381469727,32.15999984741211,22.855234146118164,5700
2016-06-27,32.0,32.209999084472656,31.885000228881836,32.11000061035156,22.81970977783203,3400
2016-06-28,32.58000183105469,32.70000076293945,32.4900016784668,32.70000076293945,23.239002227783203,8600
2016-06-29,33.2400016784668,33.34000015258789,33.17599868774414,33.31999969482422,23.67961311340332,7600
2016-06-30,33.540000915527344,33.599998474121094,33.23099899291992,33.59000015258789,23.871505737304688,11900
2016-07-01,33.83000183105469,33.83000183105469,33.529998779296875,33.56999969482422,23.857290267944336,4900
2016-07-05,33.61000061035156,33.84000015258789,33.61000061035156,33.814998626708984,24.031400680541992,2300
2016-07-06,33.9900016784668,33.9900016784668,33.58000183105469,33.77000045776367,23.999425888061523,8300
2016-07-07,33.900001525878906,33.900001525878906,33.327999114990234,33.349998474121094,23.70093536376953,3400
2016-07-08,33.72999954223633,34.0,33.60100173950195,33.928001403808594,24.111703872680664,17900
2016-07-11,34.220001220703125,34.220001220703125,33.86000061035156,34.189998626708984,24.29790496826172,6100
2016-07-12,34.2599983215332,34.2599983215332,33.970001220703125,34.2599983215332,24.34764862060547,919000
2016-07-13,34.31999969482422,34.41999816894531,34.21099853515625,34.41999816894531,24.46135902404785,27800
2016-07-14,34.47999954223633,34.47999954223633,34.08599853515625,34.229000091552734,24.325626373291016,8400
2016-07-15,34.040000915527344,34.17900085449219,33.96699905395508,34.17900085449219,24.29008674621582,304400
2016-07-18,34.220001220703125,34.220001220703125,34.06999969482422,34.189998626708984,24.29790496826172,6700
2016-07-19,34.10499954223633,34.290000915527344,34.10499954223633,34.28799819946289,24.3675537109375,7200
2016-07-20,34.33000183105469,34.33000183105469,34.17100143432617,34.2400016784668,24.333433151245117,9400
2016-07-21,34.2599983215332,34.36000061035156,34.11000061035156,34.34000015258789,24.404508590698242,8300
2016-07-22,34.5,34.720001220703125,34.46500015258789,34.599998474121094,24.58928108215332,10900
2016-07-25,34.650001525878906,34.650001525878906,34.400001525878906,34.54999923706055,24.553752899169922,22800
2016-07-26,34.650001525878906,34.650001525878906,34.32099914550781,34.35499954223633,24.415172576904297,8500
2016-07-27,34.56999969482422,34.56999969482422,33.97999954223633,34.099998474121094,24.23394012451172,8400
2016-07-28,34.15999984741211,34.41999816894531,33.98500061035156,34.310001373291016,24.383188247680664,10600
2016-07-29,34.36000061035156,34.77000045776367,34.36000061035156,34.678001403808594,24.64472007751465,17500
2016-08-01,34.709999084472656,34.81999969482422,34.595001220703125,34.790000915527344,24.724306106567383,30700
2016-08-02,34.75,34.75,34.19300079345703,34.2599983215332,24.34764862060547,90100
2016-08-03,34.279998779296875,34.279998779296875,33.9109992980957,34.0,24.16287612915039,22000
2016-08-04,34.15999984741211,34.15999984741211,33.81999969482422,33.939998626708984,24.1202392578125,234100
2016-08-05,33.97999954223633,34.029998779296875,33.880001068115234,33.939998626708984,24.1202392578125,21500
2016-08-08,33.939998626708984,34.06800079345703,33.93000030517578,33.93000030517578,24.11312484741211,45100
2016-08-09,34.099998474121094,34.15999984741211,33.83000183105469,34.15999984741211,24.276580810546875,204300
2016-08-10,34.2400016784668,34.2400016784668,34.02000045776367,34.09000015258789,24.226839065551758,12300
2016-08-11,34.21500015258789,34.21500015258789,33.619998931884766,33.77000045776367,23.999425888061523,19400
2016-08-12,34.11000061035156,34.11000061035156,33.79499816894531,33.880001068115234,24.077598571777344,11600
2016-08-15,34.09000015258789,34.09000015258789,33.83000183105469,33.84000015258789,24.049171447753906,14900
2016-08-16,33.630001068115234,33.630001068115234,33.43000030517578,33.43000030517578,23.75779151916504,18600
2016-08-17,33.599998474121094,33.599998474121094,33.2599983215332,33.56999969482422,23.857290267944336,18300
2016-08-18,33.59000015258789,33.59000015258789,33.400001525878906,33.5,23.807538986206055,11700
2016-08-19,33.439998626708984,33.439998626708984,33.130001068115234,33.2400016784668,23.62276840209961,20900
2016-08-22,33.119998931884766,33.400001525878906,33.119998931884766,33.400001525878906,23.736474990844727,56300
2016-08-23,33.540000915527344,33.540000915527344,33.380001068115234,33.380001068115234,23.722259521484375,60600
2016-08-24,33.54999923706055,33.54999923706055,33.13999938964844,33.290000915527344,23.658306121826172,58700
2016-08-25,33.130001068115234,33.63999938964844,33.130001068115234,33.43000030517578,23.75779151916504,24400
2016-08-26,33.540000915527344,33.58000183105469,32.900001525878906,33.099998474121094,23.523271560668945,33700
2016-08-29,33.130001068115234,33.47999954223633,33.069000244140625,33.43000030517578,23.75779151916504,22900
2016-08-30,33.4900016784668,33.4900016784668,33.15999984741211,33.33000183105469,23.68672752380371,38600
2016-08-31,33.43000030517578,33.459999084472656,33.189998626708984,33.380001068115234,23.722259521484375,143400
2016-09-01,33.5099983215332,33.5099983215332,33.15999984741211,33.369998931884766,23.715150833129883,69500
2016-09-02,33.400001525878906,33.88999938964844,33.400001525878906,33.59000015258789,23.871505737304688,48900
2016-09-06,33.7599983215332,33.88999938964844,33.5,33.869998931884766,24.07048988342285,169500
2016-09-07,33.79999923706055,33.86000061035156,33.56999969482422,33.86000061035156,24.190513610839844,555900
2016-09-08,33.81999969482422,33.900001525878906,33.43000030517578,33.43000030517578,23.883310317993164,322500
2016-09-09,33.220001220703125,33.220001220703125,32.119998931884766,32.15999984741211,22.975980758666992,906700
2016-09-12,32.150001525878906,32.68000030517578,32.0,32.290000915527344,23.068862915039062,5085900
2016-09-13,32.209999084472656,32.34000015258789,31.65999984741211,31.719999313354492,22.661638259887695,926700
2016-09-14,32.209999084472656,32.209999084472656,31.649999618530273,31.780000686645508,22.704504013061523,532100
2016-09-15,31.829999923706055,32.04999923706055,31.670000076293945,32.02000045776367,22.87596893310547,528600
2016-09-16,32.04999923706055,32.04999923706055,31.719999313354492,31.90999984741211,22.797378540039062,2119500
2016-09-19,31.989999771118164,32.27000045776367,31.950000762939453,32.2400016784668,23.03314208984375,4242400
2016-09-20,32.470001220703125,32.470001220703125,32.18000030517578,32.18000030517578,22.990276336669922,3387100
2016-09-21,32.13999938964844,32.63999938964844,31.829999923706055,32.54999923706055,23.25461196899414,2247900
2016-09-22,32.77000045776367,33.25,32.77000045776367,33.189998626708984,23.711843490600586,1728200
2016-09-23,33.06999969482422,33.45000076293945,32.84000015258789,33.31999969482422,23.80472183227539,19150800
2016-09-26,33.150001525878906,33.439998626708984,33.130001068115234,33.38999938964844,23.85472869873047,2998900
2016-09-27,33.369998931884766,33.439998626708984,33.060001373291016,33.099998474121094,23.647544860839844,3562300
2016-09-28,33.11000061035156,33.349998474121094,33.060001373291016,33.33000183105469,23.811870574951172,4122700
2016-09-29,33.18000030517578,33.290000915527344,32.810001373291016,32.91999816894531,23.518951416015625,2674400
2016-09-30,33.0099983215332,33.279998779296875,32.72999954223633,32.77000045776367,23.41179084777832,2058000
2016-10-03,32.65999984741211,32.70000076293945,32.09000015258789,32.13999938964844,22.961700439453125,2344800
2016-10-04,32.150001525878906,32.150001525878906,31.472999572753906,31.649999618530273,22.61162567138672,3262600
2016-10-05,31.65999984741211,31.850000381469727,30.954999923706055,31.059999465942383,22.19011688232422,4848700
2016-10-06,30.920000076293945,31.329999923706055,30.6299991607666,31.1200008392334,22.232980728149414,2438800
2016-10-07,31.190000534057617,31.600000381469727,30.899999618530273,31.040000915527344,22.175830841064453,1711500
2016-10-10,31.049999237060547,31.315000534057617,31.0,31.15999984741211,22.26155662536621,2403900
2016-10-11,31.079999923706055,31.200000762939453,30.822999954223633,30.920000076293945,22.090097427368164,1770400
2016-10-12,30.969999313354492,31.360000610351562,30.93000030517578,31.360000610351562,22.404447555541992,1411700
2016-10-13,31.270000457763672,31.540000915527344,31.1200008392334,31.459999084472656,22.475887298583984,3299300
2016-10-14,31.559999465942383,31.729999542236328,31.350000381469727,31.420000076293945,22.447307586669922,2381400
2016-10-17,31.420000076293945,31.610000610351562,31.399999618530273,31.450000762939453,22.468746185302734,1148300
2016-10-18,31.649999618530273,31.809999465942383,31.54400062561035,31.610000610351562,22.583053588867188,4753200
2016-10-19,31.760000228881836,31.760000228881836,31.440000534057617,31.729999542236328,22.66878318786621,1515600
2016-10-20,31.56999969482422,31.829999923706055,31.46500015258789,31.6200008392334,22.590200424194336,1977100
2016-10-21,31.399999618530273,31.610000610351562,31.350000381469727,31.600000381469727,22.57591438293457,1295700
2016-10-24,31.649999618530273,31.959999084472656,31.541000366210938,31.639999389648438,22.604490280151367,1108700
2016-10-25,31.530000686645508,31.6299991607666,31.40999984741211,31.600000381469727,22.57591438293457,1402700
2016-10-26,31.399999618530273,31.5,30.989999771118164,31.190000534057617,22.282995223999023,1481900
2016-10-27,31.110000610351562,31.110000610351562,30.354999542236328,30.450000762939453,21.754316329956055,1409100
2016-10-28,30.549999237060547,30.78499984741211,30.43000030517578,30.530000686645508,21.81147003173828,2338200
2016-10-31,30.600000381469727,30.979999542236328,30.52199935913086,30.950000762939453,22.111528396606445,1071400
2016-11-01,30.8700008392334,30.900999069213867,30.204999923706055,30.34000015258789,21.675731658935547,3438600
2016-11-02,30.25,30.31999969482422,29.8700008392334,29.8700008392334,21.339948654174805,1699300
2016-11-03,29.81999969482422,29.920000076293945,29.68000030517578,29.739999771118164,21.247074127197266,1922500
2016-11-04,29.770000457763672,30.049999237060547,29.670000076293945,29.940000534057617,21.389963150024414,1757400
2016-11-07,30.139999389648438,30.510000228881836,30.1299991607666,30.489999771118164,21.78289222717285,2997600
2016-11-08,30.3799991607666,30.770000457763672,30.360000610351562,30.68000030517578,21.91863441467285,1513400
2016-11-09,29.68000030517578,30.243999481201172,29.479999542236328,29.989999771118164,21.425676345825195,4760900
2016-11-10,29.850000381469727,29.8700008392334,29.073999404907227,29.540000915527344,21.104185104370117,5345000
2016-11-11,29.469999313354492,29.90999984741211,29.469999313354492,29.56999969482422,21.12561798095703,3702500
2016-11-14,29.40999984741211,30.270000457763672,29.200000762939453,30.149999618530273,21.539989471435547,4315200
2016-11-15,30.170000076293945,30.520000457763672,29.790000915527344,29.950000762939453,21.39710235595703,3161100
2016-11-16,29.81999969482422,30.09000015258789,29.700000762939453,29.93000030517578,21.382808685302734,2059000
2016-11-17,29.860000610351562,30.09000015258789,29.600000381469727,29.649999618530273,21.18277359008789,1573600
2016-11-18,29.600000381469727,29.809999465942383,29.5,29.709999084472656,21.22563934326172,1276900
2016-11-21,29.75,29.979999542236328,29.610000610351562,29.6299991607666,21.168485641479492,1584900
2016-11-22,29.709999084472656,30.190000534057617,29.670000076293945,30.139999389648438,21.532840728759766,2567200
2016-11-23,29.8700008392334,30.020000457763672,29.709999084472656,29.93000030517578,21.382808685302734,1666200
2016-11-25,29.940000534057617,30.229999542236328,29.940000534057617,30.059999465942383,21.475692749023438,790000
2016-11-28,30.0,30.385000228881836,30.0,30.170000076293945,21.554275512695312,1957300
2016-11-29,30.110000610351562,30.549999237060547,30.110000610351562,30.3799991607666,21.704301834106445,1769200
2016-11-30,30.100000381469727,30.2549991607666,29.899999618530273,30.010000228881836,21.43996810913086,2233900
2016-12-01,29.81999969482422,29.913999557495117,29.40999984741211,29.549999237060547,21.111326217651367,2486800
2016-12-02,29.639999389648438,30.121000289916992,29.549999237060547,29.829999923706055,21.311370849609375,2399200
2016-12-05,29.829999923706055,30.104999542236328,29.764999389648438,30.06999969482422,21.48283576965332,1608800
2016-12-06,30.110000610351562,30.3799991607666,30.059999465942383,30.200000762939453,21.575708389282227,1341000
2016-12-07,30.229999542236328,30.8799991607666,30.229999542236328,30.829999923706055,22.025802612304688,2068400
2016-12-08,30.510000228881836,31.1200008392334,30.510000228881836,30.989999771118164,22.14011001586914,1703900
2016-12-09,30.940000534057617,31.260000228881836,30.93000030517578,30.969999313354492,22.12582015991211,1664600
2016-12-12,30.850000381469727,31.304000854492188,30.790000915527344,31.290000915527344,22.354433059692383,2744800
2016-12-13,31.40999984741211,31.479999542236328,31.14699935913086,31.3700008392334,22.411590576171875,2182100
2016-12-14,31.34000015258789,31.399999618530273,30.729999542236328,30.81999969482422,22.018651962280273,3364000
2016-12-15,30.729999542236328,30.924999237060547,30.510000228881836,30.56999969482422,21.84004783630371,3224700
2016-12-16,30.1299991607666,30.610000610351562,30.09000015258789,30.440000534057617,22.146337509155273,3455600
2016-12-19,30.530000686645508,30.809999465942383,30.450000762939453,30.709999084472656,22.342775344848633,2260000
2016-12-20,30.65999984741211,30.8700008392334,30.55500030517578,30.729999542236328,22.35732650756836,1764200
2016-12-21,30.75,30.940000534057617,30.31999969482422,30.34000015258789,22.073591232299805,1871800
2016-12-22,30.239999771118164,30.323999404907227,30.006000518798828,30.299999237060547,22.04448699951172,1399800
2016-12-23,30.31999969482422,30.43000030517578,30.229999542236328,30.329999923706055,22.066312789916992,931600
2016-12-27,30.399999618530273,30.520000457763672,30.280000686645508,30.40999984741211,22.1245174407959,1143600
2016-12-28,30.389999389648438,30.459999084472656,30.114999771118164,30.18000030517578,21.957181930541992,2570500
2016-12-29,30.209999084472656,30.569000244140625,30.1299991607666,30.459999084472656,22.160888671875,1526200
2016-12-30,30.43000030517578,30.81999969482422,30.3799991607666,30.75,22.37188148498535,1853300
2017-01-03,30.860000610351562,30.979000091552734,30.634000778198242,30.850000381469727,22.444639205932617,2682300
2017-01-04,30.8700008392334,31.295000076293945,30.860000610351562,31.239999771118164,22.728378295898438,1838000
2017-01-05,31.079999923706055,31.420000076293945,30.833999633789062,31.399999618530273,22.84478187561035,2198800
2017-01-06,31.25,31.549999237060547,31.239999771118164,31.399999618530273,22.84478187561035,1747500
2017-01-09,31.440000534057617,31.469999313354492,31.15999984741211,31.200000762939453,22.699275970458984,2125400
2017-01-10,31.149999618530273,31.200000762939453,30.780000686645508,30.809999465942383,22.41552734375,1582700
2017-01-11,30.760000228881836,30.86400032043457,30.6200008392334,30.639999389648438,22.291847229003906,2192400
2017-01-12,30.540000915527344,30.795000076293945,30.389999389648438,30.760000228881836,22.379150390625,1481100
2017-01-13,30.670000076293945,30.829999923706055,30.6299991607666,30.690000534057617,22.328229904174805,1469600
2017-01-17,30.670000076293945,30.959999084472656,30.600000381469727,30.940000534057617,22.510116577148438,1759100
2017-01-18,30.979999542236328,31.139999389648438,30.889999389648438,31.010000228881836,22.56103515625,1575700
2017-01-19,30.8799991607666,30.90999984741211,30.645000457763672,30.709999084472656,22.342775344848633,1631100
2017-01-20,30.690000534057617,30.93000030517578,30.649999618530273,30.899999618530273,22.481014251708984,1605100
2017-01-23,30.84000015258789,31.149999618530273,30.84000015258789,31.09000015258789,22.619243621826172,3551400
2017-01-24,31.020000457763672,31.209999084472656,30.969999313354492,31.100000381469727,22.62652015686035,1890200
2017-01-25,31.25,31.25,30.822999954223633,30.90999984741211,22.488283157348633,1630800
2017-01-26,30.90999984741211,31.100000381469727,30.860000610351562,30.889999389648438,22.473739624023438,1486000
2017-01-27,30.969999313354492,31.0,30.520000457763672,30.6299991607666,22.284574508666992,1649800
2017-01-30,30.510000228881836,30.65999984741211,30.3700008392334,30.459999084472656,22.160888671875,2281100
2017-01-31,30.520000457763672,30.8799991607666,30.510000228881836,30.709999084472656,22.342775344848633,1712200
2017-02-01,30.670000076293945,30.8700008392334,30.350000381469727,30.3700008392334,22.095413208007812,1835900
2017-02-02,30.31999969482422,30.770000457763672,30.31999969482422,30.729999542236328,22.35732650756836,2040600
2017-02-03,30.90999984741211,31.020000457763672,30.809999465942383,30.93000030517578,22.502838134765625,1745200
2017-02-06,30.8700008392334,30.950000762939453,30.700000762939453,30.739999771118164,22.36460304260254,1362600
2017-02-07,30.799999237060547,30.8700008392334,30.645000457763672,30.68000030517578,22.32094955444336,1496700
2017-02-08,30.639999389648438,31.0049991607666,30.639999389648438,30.940000534057617,22.510116577148438,1378900
2017-02-09,30.940000534057617,31.09000015258789,30.889999389648438,31.06999969482422,22.604694366455078,1821600
2017-02-10,31.020000457763672,31.299999237060547,30.979999542236328,31.280000686645508,22.757476806640625,1524500
2017-02-13,31.34000015258789,31.479999542236328,31.18000030517578,31.43000030517578,22.866605758666992,1896700
2017-02-14,31.350000381469727,31.371999740600586,30.989999771118164,31.270000457763672,22.750205993652344,2444600
2017-02-15,31.049999237060547,31.25,30.899999618530273,31.18000030517578,22.684724807739258,3360300
2017-02-16,31.149999618530273,31.549999237060547,31.139999389648438,31.309999465942383,22.7793025970459,3238300
2017-02-17,31.280000686645508,31.489999771118164,31.21500015258789,31.399999618530273,22.84478187561035,3247900
2017-02-21,31.350000381469727,31.864999771118164,31.34000015258789,31.829999923706055,23.157625198364258,4280800
2017-02-22,31.84000015258789,31.969999313354492,31.579999923706055,31.709999084472656,23.0703182220459,2463200
2017-02-23,31.84000015258789,31.959999084472656,31.670000076293945,31.920000076293945,23.223106384277344,1938400
2017-02-24,31.920000076293945,32.095001220703125,31.770000457763672,32.08000183105469,23.339513778686523,2542500
2017-02-27,32.09000015258789,32.349998474121094,32.09000015258789,32.2400016784668,23.455913543701172,1902400
2017-02-28,32.150001525878906,32.2869987487793,32.073001861572266,32.13999938964844,23.383161544799805,2041100
2017-03-01,32.060001373291016,32.24800109863281,31.920000076293945,32.060001373291016,23.324966430664062,3039800
2017-03-02,32.0,32.09000015258789,31.8700008392334,31.959999084472656,23.252208709716797,2142800
2017-03-03,31.889999389648438,31.959999084472656,31.56999969482422,31.860000610351562,23.179445266723633,1804500
2017-03-06,31.719999313354492,31.799999237060547,31.584999084472656,31.729999542236328,23.084869384765625,2279600
2017-03-07,31.709999084472656,31.719999313354492,31.45400047302246,31.6200008392334,23.004844665527344,1645900
2017-03-08,31.450000762939453,31.540000915527344,31.135000228881836,31.149999618530273,22.66289710998535,1665900
2017-03-09,31.139999389648438,31.264999389648438,30.700000762939453,30.75,22.37188148498535,3171600
2017-03-10,30.90999984741211,31.15999984741211,30.540000915527344,30.719999313354492,22.350051879882812,1691100
2017-03-13,30.719999313354492,30.906999588012695,30.665000915527344,30.760000228881836,22.379150390625,1929300
2017-03-14,30.719999313354492,30.81999969482422,30.600000381469727,30.719999313354492,22.350051879882812,2139600
2017-03-15,30.790000915527344,31.450000762939453,30.790000915527344,31.309999465942383,22.7793025970459,3130200
2017-03-16,31.299999237060547,31.440000534057617,31.15999984741211,31.239999771118164,22.728378295898438,1667700
2017-03-17,31.079999923706055,31.246999740600586,31.010000228881836,31.100000381469727,22.770841598510742,2376300
2017-03-20,31.100000381469727,31.2450008392334,31.049999237060547,31.1299991607666,22.792808532714844,1573300
2017-03-21,31.200000762939453,31.34000015258789,31.065000534057617,31.079999923706055,22.756195068359375,3225200
2017-03-22,31.139999389648438,31.177000045776367,30.860000610351562,31.149999618530273,22.807451248168945,3095500
2017-03-23,31.100000381469727,31.565000534057617,31.100000381469727,31.3799991607666,22.97585678100586,2233400
2017-03-24,31.440000534057617,31.530000686645508,31.26799964904785,31.350000381469727,22.953880310058594,3880200
2017-03-27,31.280000686645508,31.395000457763672,31.03499984741211,31.100000381469727,22.770841598510742,3656300
2017-03-28,31.079999923706055,31.31999969482422,30.940000534057617,31.280000686645508,22.902633666992188,2237100
2017-03-29,31.200000762939453,31.399999618530273,31.15999984741211,31.389999389648438,22.98317527770996,1632300
2017-03-30,31.31999969482422,31.489999771118164,31.125,31.459999084472656,23.034420013427734,1888600
2017-03-31,31.420000076293945,31.700000762939453,31.3799991607666,31.600000381469727,23.13693618774414,2066900
2017-04-03,31.65999984741211,31.700000762939453,31.514999389648438,31.639999389648438,23.166221618652344,1877400
2017-04-04,31.639999389648438,31.799999237060547,31.525999069213867,31.549999237060547,23.10032844543457,1737500
2017-04-05,31.579999923706055,31.770000457763672,31.549999237060547,31.600000381469727,23.13693618774414,2115200
2017-04-06,31.579999923706055,31.799999237060547,31.450000762939453,31.780000686645508,23.268720626831055,1374700
2017-04-07,31.780000686645508,31.940000534057617,31.729999542236328,31.81999969482422,23.298009872436523,1401000
2017-04-10,31.899999618530273,32.08000183105469,31.790000915527344,32.040000915527344,23.45909881591797,1474200
2017-04-11,32.060001373291016,32.249000549316406,32.025001525878906,32.189998626708984,23.568918228149414,1626600
2017-04-12,32.13999938964844,32.279998779296875,32.08000183105469,32.13999938964844,23.53230857849121,1814200
2017-04-13,32.13999938964844,32.215999603271484,32.04999923706055,32.06999969482422,23.48105239868164,2052000
2017-04-17,32.099998474121094,32.45000076293945,32.099998474121094,32.439998626708984,23.7519588470459,2002800
2017-04-18,32.36000061035156,32.560001373291016,32.290000915527344,32.52000045776367,23.810537338256836,4023300
2017-04-19,32.54999923706055,32.590999603271484,32.404998779296875,32.45000076293945,23.75928497314453,1692800
2017-04-20,32.41999816894531,32.47999954223633,32.279998779296875,32.439998626708984,23.7519588470459,2695000
2017-04-21,32.400001525878906,32.540000915527344,32.25,32.33000183105469,23.671422958374023,2376700
2017-04-24,32.459999084472656,32.5,31.770000457763672,32.0099983215332,23.437124252319336,1928000
2017-04-25,32.06999969482422,32.130001068115234,31.954999923706055,32.08000183105469,23.488378524780273,1458500
2017-04-26,32.02000045776367,32.09000015258789,31.780000686645508,31.809999465942383,23.290691375732422,1489400
2017-04-27,31.81999969482422,32.02000045776367,31.770000457763672,31.829999923706055,23.30533790588379,1436500
2017-04-28,31.790000915527344,31.81999969482422,31.489999771118164,31.649999618530273,23.173538208007812,1816500
2017-05-01,31.700000762939453,31.906999588012695,31.579999923706055,31.850000381469727,23.319978713989258,2636700
2017-05-02,31.81999969482422,31.97100067138672,31.719999313354492,31.860000610351562,23.327302932739258,1845600
2017-05-03,31.809999465942383,31.93000030517578,31.389999389648438,31.469999313354492,23.041744232177734,2193400
2017-05-04,31.309999465942383,31.533000946044922,31.139999389648438,31.5,23.063716888427734,1428400
2017-05-05,31.530000686645508,31.760000228881836,31.530000686645508,31.75,23.246763229370117,1717400
2017-05-08,31.709999084472656,31.833999633789062,31.420000076293945,31.579999923706055,23.12228775024414,1279800
2017-05-09,31.540000915527344,31.59000015258789,31.350000381469727,31.459999084472656,23.034420013427734,1770200
2017-05-10,31.459999084472656,31.739999771118164,31.399999618530273,31.6299991607666,23.158891677856445,1520300
2017-05-11,31.489999771118164,31.510000228881836,31.229999542236328,31.479999542236328,23.049072265625,1999100
2017-05-12,31.469999313354492,31.510000228881836,31.31999969482422,31.360000610351562,22.961212158203125,1506800
2017-05-15,31.360000610351562,31.65999984741211,31.354000091552734,31.5,23.063716888427734,2380100
2017-05-16,31.479999542236328,31.489999771118164,31.264999389648438,31.34000015258789,22.94656753540039,1369100
2017-05-17,31.25,31.690000534057617,31.25,31.540000915527344,23.093002319335938,2978800
2017-05-18,31.450000762939453,31.665000915527344,31.290000915527344,31.600000381469727,23.13693618774414,2455800
2017-05-19,31.56999969482422,31.93000030517578,31.440000534057617,31.780000686645508,23.268720626831055,1397300
2017-05-22,31.780000686645508,31.969999313354492,31.719999313354492,31.860000610351562,23.327302932739258,1371300
2017-05-23,31.889999389648438,32.029998779296875,31.850000381469727,31.899999618530273,23.35658073425293,1995000
2017-05-24,31.8700008392334,32.130001068115234,31.8700008392334,32.08000183105469,23.488378524780273,1051700
2017-05-25,32.13999938964844,32.347999572753906,32.029998779296875,32.20000076293945,23.57624053955078,1042900
2017-05-26,32.209999084472656,32.268001556396484,31.920000076293945,32.0,23.42979621887207,1352100
2017-05-30,31.989999771118164,32.060001373291016,31.899999618530273,31.90999984741211,23.363908767700195,898800
2017-05-31,31.950000762939453,32.060001373291016,31.809999465942383,31.860000610351562,23.327302932739258,1616300
2017-06-01,31.8700008392334,32.0099983215332,31.725000381469727,31.959999084472656,23.400516510009766,1563000
2017-06-02,32.13999938964844,32.30699920654297,32.06999969482422,32.2400016784668,23.605527877807617,1224900
2017-06-05,32.189998626708984,32.2400016784668,32.0,32.15999984741211,23.546947479248047,1287600
2017-06-06,32.16999816894531,32.16999816894531,31.979999542236328,32.0099983215332,23.437124252319336,1316500
2017-06-07,32.04999923706055,32.209999084472656,31.950000762939453,32.18000030517578,23.56159782409668,1078800
2017-06-08,32.16999816894531,32.22999954223633,31.770000457763672,32.029998779296875,23.451770782470703,2293800
2017-06-09,31.979999542236328,32.2599983215332,31.889999389648438,32.18000030517578,23.56159782409668,1787600
2017-06-12,32.09000015258789,32.400001525878906,32.0099983215332,32.38999938964844,23.715356826782227,3136000
2017-06-13,32.45000076293945,32.4900016784668,32.27000045776367,32.470001220703125,23.773929595947266,1567300
2017-06-14,32.7400016784668,32.790000915527344,32.46500015258789,32.56999969482422,23.847148895263672,2232900
2017-06-15,32.43000030517578,32.823001861572266,32.349998474121094,32.72999954223633,23.96429443359375,1347300
2017-06-16,32.5099983215332,32.529998779296875,32.310001373291016,32.439998626708984,23.951005935668945,1754100
2017-06-19,32.470001220703125,32.5,32.31999969482422,32.459999084472656,23.96577262878418,6082200
2017-06-20,32.4900016784668,32.56999969482422,32.183998107910156,32.400001525878906,23.92147445678711,2348900
2017-06-21,32.40999984741211,32.439998626708984,32.15999984741211,32.33000183105469,23.869792938232422,1659900
2017-06-22,32.290000915527344,32.45000076293945,32.202999114990234,32.349998474121094,23.884559631347656,5944300
2017-06-23,32.349998474121094,32.619998931884766,32.34600067138672,32.4900016784668,23.987916946411133,8197700
2017-06-26,32.540000915527344,32.7760009765625,32.540000915527344,32.63999938964844,24.098669052124023,2483200
2017-06-27,32.54999923706055,32.834999084472656,32.5099983215332,32.5099983215332,24.0026912689209,2173300
2017-06-28,32.59000015258789,32.66999816894531,32.47999954223633,32.54999923706055,24.032222747802734,2715000
2017-06-29,32.34000015258789,32.41999816894531,32.15999984741211,32.220001220703125,23.788576126098633,3041700
2017-06-30,32.25,32.45000076293945,32.11000061035156,32.20000076293945,23.7738094329834,1256800
2017-07-03,32.34000015258789,32.560001373291016,32.220001220703125,32.5,23.99530792236328,1035700
2017-07-05,32.41999816894531,32.58000183105469,32.02000045776367,32.11000061035156,23.707365036010742,2908600
2017-07-06,32.0,32.0099983215332,31.489999771118164,31.530000686645508,23.27914047241211,1840000
2017-07-07,31.520000457763672,31.790000915527344,31.520000457763672,31.709999084472656,23.412038803100586,1325000
2017-07-10,31.729999542236328,31.799999237060547,31.450000762939453,31.459999084472656,23.227460861206055,1098200
2017-07-11,31.43000030517578,31.530000686645508,31.209999084472656,31.40999984741211,23.190540313720703,1279300
2017-07-12,31.579999923706055,31.93000030517578,31.579999923706055,31.81999969482422,23.493249893188477,1910800
2017-07-13,31.829999923706055,31.934999465942383,31.770000457763672,31.8799991607666,23.53755760192871,1181500
2017-07-14,31.989999771118164,32.2400016784668,31.989999771118164,32.20000076293945,23.7738094329834,1167400
2017-07-17,32.16999816894531,32.33000183105469,32.119998931884766,32.27000045776367,23.825496673583984,2285100
2017-07-18,32.27000045776367,32.36000061035156,32.18000030517578,32.22999954223633,23.795957565307617,2302900
2017-07-19,32.220001220703125,32.470001220703125,32.130001068115234,32.470001220703125,23.973159790039062,4613900
2017-07-20,32.540000915527344,32.58000183105469,32.36000061035156,32.380001068115234,23.906705856323242,1048300
2017-07-21,32.36000061035156,32.470001220703125,32.279998779296875,32.439998626708984,23.951005935668945,1201000
2017-07-24,32.439998626708984,32.470001220703125,32.2599983215332,32.41999816894531,23.936243057250977,1091500
2017-07-25,32.43000030517578,32.43000030517578,32.20000076293945,32.41999816894531,23.936243057250977,2142800
2017-07-26,32.43000030517578,32.77000045776367,32.34000015258789,32.689998626708984,24.135581970214844,1903800
2017-07-27,32.560001373291016,32.75600051879883,32.31999969482422,32.65999984741211,24.113439559936523,2164700
2017-07-28,32.59000015258789,32.77000045776367,32.52000045776367,32.63999938964844,24.098669052124023,2060200
2017-07-31,32.619998931884766,32.654998779296875,32.36000061035156,32.59000015258789,24.061758041381836,1526500
2017-08-01,32.650001525878906,32.84000015258789,32.45000076293945,32.72999954223633,24.165119171142578,2364500
2017-08-02,32.650001525878906,32.650001525878906,32.45000076293945,32.56999969482422,24.046987533569336,1712500
2017-08-03,32.54999923706055,32.65999984741211,32.38999938964844,32.4900016784668,23.987916946411133,1101300
2017-08-04,32.459999084472656,32.65999984741211,32.459999084472656,32.59000015258789,24.061758041381836,939600
2017-08-07,32.560001373291016,32.63999938964844,32.43000030517578,32.56999969482422,24.046987533569336,781900
2017-08-08,32.5099983215332,32.560001373291016,32.31999969482422,32.41999816894531,23.936243057250977,1070700
2017-08-09,32.41999816894531,32.5,32.29999923706055,32.459999084472656,23.96577262878418,1134400
2017-08-10,32.369998931884766,32.41999816894531,32.154998779296875,32.16999816894531,23.751663208007812,1412000
2017-08-11,32.08000183105469,32.20000076293945,31.823999404907227,31.959999084472656,23.596620559692383,1548100
2017-08-14,32.08000183105469,32.53499984741211,32.06999969482422,32.4900016784668,23.987916946411133,1196900
2017-08-15,32.380001068115234,32.439998626708984,32.224998474121094,32.43000030517578,23.94362449645996,2138100
2017-08-16,32.459999084472656,32.64500045776367,32.459999084472656,32.529998779296875,24.017457962036133,1043500
2017-08-17,32.47999954223633,32.595001220703125,32.29999923706055,32.29999923706055,23.847640991210938,1376000
2017-08-18,32.22999954223633,32.22999954223633,31.969999313354492,32.060001373291016,23.670448303222656,1276900
2017-08-21,32.099998474121094,32.459999084472656,32.02000045776367,32.38999938964844,23.914093017578125,1094500
2017-08-22,32.45000076293945,32.52000045776367,32.2400016784668,32.369998931884766,23.899328231811523,1150200
2017-08-23,32.34000015258789,32.75,32.310001373291016,32.70000076293945,24.14297103881836,974000
2017-08-24,32.75,32.93000030517578,32.630001068115234,32.63999938964844,24.098669052124023,1595100
2017-08-25,32.7599983215332,32.90999984741211,32.650001525878906,32.79999923706055,24.216796875,1063600
2017-08-28,32.84000015258789,32.86000061035156,32.540000915527344,32.630001068115234,24.091285705566406,895100
2017-08-29,32.599998474121094,32.75,32.59000015258789,32.61000061035156,24.076522827148438,2577300
2017-08-30,32.58000183105469,32.77000045776367,32.45000076293945,32.7599983215332,24.18726921081543,963600
2017-08-31,32.869998931884766,33.040000915527344,32.79999923706055,32.91999816894531,24.305402755737305,1816200
2017-09-01,32.959999084472656,33.04999923706055,32.880001068115234,32.91999816894531,24.305402755737305,1656200
2017-09-05,32.939998626708984,33.029998779296875,32.689998626708984,32.88999938964844,24.283254623413086,2346200
2017-09-06,32.9900016784668,33.099998474121094,32.89500045776367,32.939998626708984,24.32016372680664,2529300
2017-09-07,32.9900016784668,33.255001068115234,32.939998626708984,33.189998626708984,24.504745483398438,1652700
2017-09-08,33.150001525878906,33.314998626708984,33.08000183105469,33.20000076293945,24.51213264465332,1102000
2017-09-11,33.22999954223633,33.459999084472656,33.22999954223633,33.439998626708984,24.68932342529297,1267500
2017-09-12,33.40999984741211,33.439998626708984,32.94499969482422,33.08000183105469,24.42353057861328,1335600
2017-09-13,33.060001373291016,33.060001373291016,32.81999969482422,32.939998626708984,24.32016372680664,1286700
2017-09-14,32.88999938964844,33.18000030517578,32.7599983215332,33.16999816894531,24.489980697631836,1492500
2017-09-15,32.869998931884766,33.04999923706055,32.790000915527344,33.04999923706055,24.576236724853516,3210600
2017-09-18,33.0,33.10499954223633,32.779998779296875,32.86000061035156,24.43495750427246,1012300
2017-09-19,32.86000061035156,32.88999938964844,32.439998626708984,32.529998779296875,24.189563751220703,1991000
2017-09-20,32.58000183105469,32.650001525878906,32.290000915527344,32.439998626708984,24.12263298034668,1283800
2017-09-21,32.41999816894531,32.599998474121094,32.380001068115234,32.38999938964844,24.08545684814453,2548100
2017-09-22,32.36000061035156,32.459999084472656,32.07600021362305,32.11000061035156,23.87725257873535,1542300
2017-09-25,32.119998931884766,32.31999969482422,32.099998474121094,32.22999954223633,23.966474533081055,1180600
2017-09-26,32.27000045776367,32.349998474121094,32.20000076293945,32.2599983215332,23.988788604736328,1360500
2017-09-27,32.150001525878906,32.220001220703125,31.8799991607666,31.989999771118164,23.78801155090332,1612400
2017-09-28,31.959999084472656,32.2400016784668,31.940000534057617,32.220001220703125,23.95903968811035,1318900
2017-09-29,32.16999816894531,32.27000045776367,32.06999969482422,32.2400016784668,23.97391700744629,2488500
2017-10-02,32.279998779296875,32.340999603271484,32.11000061035156,32.119998931884766,23.884681701660156,1814800
2017-10-03,32.119998931884766,32.19599914550781,32.04100036621094,32.11000061035156,23.87725257873535,2533700
2017-10-04,32.119998931884766,32.40700149536133,32.04999923706055,32.38999938964844,24.08545684814453,1743100
2017-10-05,32.43000030517578,32.61000061035156,32.43000030517578,32.4900016784668,24.159812927246094,1766800
2017-10-06,32.34000015258789,32.435001373291016,32.09000015258789,32.400001525878906,24.092893600463867,1274600
2017-10-09,32.439998626708984,32.540000915527344,32.349998474121094,32.470001220703125,24.14495086669922,1148000
2017-10-10,32.540000915527344,32.72999954223633,32.46200180053711,32.52000045776367,24.18212890625,987300
2017-10-11,32.560001373291016,32.75,32.52000045776367,32.70000076293945,24.315980911254883,1176400
2017-10-12,32.72999954223633,32.95000076293945,32.68000030517578,32.93000030517578,24.48699951171875,2136200
2017-10-13,33.06999969482422,33.117000579833984,32.900001525878906,33.02000045776367,24.553930282592773,1857900
2017-10-16,32.9900016784668,33.08000183105469,32.834999084472656,32.86000061035156,24.43495750427246,1423900
2017-10-17,32.810001373291016,32.88999938964844,32.75,32.86000061035156,24.43495750427246,1767600
2017-10-18,32.83000183105469,32.90999984741211,32.7400016784668,32.79999923706055,24.39033317565918,1294100
2017-10-19,32.790000915527344,32.86000061035156,32.654998779296875,32.779998779296875,24.375463485717773,1472800
2017-10-20,32.790000915527344,32.83000183105469,32.6150016784668,32.72999954223633,24.338281631469727,1253000
2017-10-23,32.79999923706055,32.79999923706055,32.56999969482422,32.61000061035156,24.24905014038086,1095700
2017-10-24,32.560001373291016,32.63999938964844,32.290000915527344,32.400001525878906,24.092893600463867,1940700
2017-10-25,32.310001373291016,32.404998779296875,32.130001068115234,32.31999969482422,24.033405303955078,1912300
2017-10-26,32.439998626708984,32.439998626708984,32.029998779296875,32.13999938964844,23.899553298950195,1646400
2017-10-27,32.08000183105469,32.310001373291016,31.864999771118164,32.189998626708984,23.93673324584961,2042500
2017-10-30,32.08000183105469,32.56999969482422,32.08000183105469,32.38999938964844,24.08545684814453,1738800
2017-10-31,32.369998931884766,32.5,32.16999816894531,32.5,24.167259216308594,2091600
2017-11-01,32.54999923706055,32.599998474121094,32.415000915527344,32.470001220703125,24.14495086669922,2057700
2017-11-02,32.54999923706055,32.94300079345703,32.5099983215332,32.75,24.353153228759766,2972100
2017-11-03,32.56999969482422,32.79999923706055,32.5,32.75,24.353153228759766,2023300
2017-11-06,32.939998626708984,33.3849983215332,32.90999984741211,33.25,24.724958419799805,2303700
2017-11-07,33.29999923706055,33.61000061035156,33.29999923706055,33.560001373291016,24.955480575561523,2246700
2017-11-08,33.56999969482422,33.880001068115234,33.459999084472656,33.810001373291016,25.141386032104492,2190800
2017-11-09,33.70000076293945,33.970001220703125,33.33000183105469,33.810001373291016,25.141386032104492,1663300
2017-11-10,33.689998626708984,33.90999984741211,33.61399841308594,33.810001373291016,25.141386032104492,1760800
2017-11-13,33.900001525878906,34.02399826049805,33.810001373291016,33.90999984741211,25.215734481811523,1510300
2017-11-14,33.88999938964844,33.95000076293945,33.7599983215332,33.880001068115234,25.193435668945312,2062000
2017-11-15,33.86000061035156,33.88999938964844,33.599998474121094,33.630001068115234,25.00752830505371,1761200
2017-11-16,33.61000061035156,33.849998474121094,33.61000061035156,33.7599983215332,25.104196548461914,2092100
2017-11-17,33.619998931884766,33.79999923706055,33.54999923706055,33.560001373291016,24.955480575561523,1758600
2017-11-20,33.59000015258789,33.630001068115234,33.439998626708984,33.47999954223633,24.89598846435547,1567000
2017-11-21,33.58000183105469,33.69499969482422,33.516998291015625,33.65999984741211,25.029842376708984,1228600
2017-11-22,33.63999938964844,33.66999816894531,33.4900016784668,33.54999923706055,24.94803810119629,881100
2017-11-24,33.59000015258789,33.720001220703125,33.59000015258789,33.66999816894531,25.037275314331055,407300
2017-11-27,33.70000076293945,33.72999954223633,33.56999969482422,33.56999969482422,24.962913513183594,652400
2017-11-28,33.599998474121094,33.630001068115234,33.31999969482422,33.4900016784668,24.90342903137207,1720900
2017-11-29,33.47999954223633,33.50699996948242,33.209999084472656,33.40999984741211,24.84393882751465,2106900
2017-11-30,33.4900016784668,33.54999923706055,33.33000183105469,33.45000076293945,24.873680114746094,2192500
2017-12-01,33.5099983215332,33.63999938964844,33.22999954223633,33.5099983215332,24.918298721313477,3029400
2017-12-04,33.560001373291016,33.68000030517578,33.06999969482422,33.06999969482422,24.591108322143555,1627500
2017-12-05,33.11000061035156,33.13999938964844,32.93000030517578,32.939998626708984,24.49444007873535,1918200
2017-12-06,32.959999084472656,33.060001373291016,32.84000015258789,32.9900016784668,24.5316219329834,1815200
2017-12-07,33.029998779296875,33.15999984741211,32.900001525878906,33.119998931884766,24.62828826904297,1290400
2017-12-08,33.18000030517578,33.2599983215332,33.11000061035156,33.20000076293945,24.687786102294922,1444000
2017-12-11,33.189998626708984,33.279998779296875,33.07500076293945,33.279998779296875,24.747262954711914,1670700
2017-12-12,33.38999938964844,33.52899932861328,33.16999816894531,33.43000030517578,24.858808517456055,1017900
2017-12-13,33.47999954223633,33.66999816894531,33.400001525878906,33.41999816894531,24.851367950439453,1735300
2017-12-14,33.45000076293945,33.56999969482422,33.400001525878906,33.45000076293945,24.873680114746094,981400
2017-12-15,33.20000076293945,33.27000045776367,33.058998107910156,33.189998626708984,24.952621459960938,1770300
2017-12-18,33.25,33.45500183105469,33.25,33.29999923706055,25.035322189331055,1096400
2017-12-19,33.29999923706055,33.310001373291016,32.61000061035156,32.66999816894531,24.561677932739258,1713000
2017-12-20,32.66999816894531,32.72800064086914,32.310001373291016,32.31999969482422,24.298540115356445,1431000
2017-12-21,32.400001525878906,32.41999816894531,32.150001525878906,32.209999084472656,24.21584701538086,1218500
2017-12-22,32.2599983215332,32.459999084472656,32.20000076293945,32.41999816894531,24.373729705810547,1012800
2017-12-26,32.439998626708984,32.650001525878906,32.380001068115234,32.59000015258789,24.501537322998047,811600
2017-12-27,32.66999816894531,32.779998779296875,32.619998931884766,32.720001220703125,24.599266052246094,4420200
2017-12-28,32.75,32.91999816894531,32.65999984741211,32.90999984741211,24.742116928100586,1133100
2017-12-29,32.959999084472656,33.040000915527344,32.869998931884766,32.939998626708984,24.764667510986328,925600
2018-01-02,32.9900016784668,33.040000915527344,32.709999084472656,32.75,24.6218204498291,1744200
2018-01-03,32.790000915527344,32.84000015258789,32.65999984741211,32.7599983215332,24.629344940185547,1715100
2018-01-04,32.75,32.75,32.20000076293945,32.20000076293945,24.20832633972168,1824100
2018-01-05,32.27000045776367,32.32500076293945,32.18000030517578,32.27000045776367,24.260953903198242,1400200
2018-01-08,32.310001373291016,32.529998779296875,32.279998779296875,32.4900016784668,24.42635154724121,990600
2018-01-09,32.470001220703125,32.4900016784668,32.099998474121094,32.119998931884766,24.1481876373291,1277200
2018-01-10,31.969999313354492,31.979999542236328,31.469999313354492,31.6200008392334,23.772275924682617,2174500
2018-01-11,31.700000762939453,31.739999771118164,31.351999282836914,31.420000076293945,23.621912002563477,1343200
2018-01-12,31.389999389648438,31.43000030517578,31.10300064086914,31.190000534057617,23.448997497558594,1657200
2018-01-16,31.3799991607666,31.850000381469727,31.270000457763672,31.34000015258789,23.561767578125,5520200
2018-01-17,31.43000030517578,31.610000610351562,31.309999465942383,31.520000457763672,23.69709587097168,1713400
2018-01-18,31.469999313354492,31.479999542236328,31.170000076293945,31.219999313354492,23.471555709838867,2276600
2018-01-19,31.299999237060547,31.459999084472656,31.200000762939453,31.440000534057617,23.636953353881836,1641000
2018-01-22,31.459999084472656,31.75,31.43000030517578,31.739999771118164,23.86249351501465,2095700
2018-01-23,31.809999465942383,32.22999954223633,31.75,32.22999954223633,24.230878829956055,1873300
2018-01-24,32.13999938964844,32.2599983215332,32.0099983215332,32.13999938964844,24.1632137298584,2990100
2018-01-25,32.119998931884766,32.13999938964844,31.864999771118164,32.06999969482422,24.110593795776367,2115900
2018-01-26,32.08000183105469,32.16699981689453,31.90999984741211,32.15999984741211,24.178253173828125,1472300
2018-01-29,32.06999969482422,32.11000061035156,31.760000228881836,31.790000915527344,23.90008544921875,2092900
2018-01-30,31.649999618530273,31.780000686645508,31.549999237060547,31.65999984741211,23.802350997924805,2347200
2018-01-31,31.709999084472656,32.31999969482422,31.530000686645508,32.310001373291016,24.291032791137695,4213100
2018-02-01,32.209999084472656,32.41999816894531,31.65999984741211,31.719999313354492,23.847455978393555,3937800
2018-02-02,31.399999618530273,31.6299991607666,31.15999984741211,31.360000610351562,23.57680892944336,3719200
2018-02-05,31.25,31.59000015258789,30.489999771118164,30.549999237060547,22.96784210205078,7652400
2018-02-06,30.290000915527344,30.65999984741211,29.81999969482422,30.489999771118164,22.922727584838867,6741200
2018-02-07,30.420000076293945,30.8799991607666,30.31999969482422,30.350000381469727,22.817474365234375,10201500
2018-02-08,30.280000686645508,30.56999969482422,29.3799991607666,29.399999618530273,22.103254318237305,10497600
2018-02-09,29.549999237060547,30.31999969482422,29.170000076293945,30.09000015258789,22.622007369995117,9654500
2018-02-12,30.219999313354492,30.31999969482422,29.440000534057617,30.170000076293945,22.682146072387695,5294500
2018-02-13,30.09000015258789,30.479999542236328,29.989999771118164,30.389999389648438,22.84754753112793,3049300
2018-02-14,30.100000381469727,30.231000900268555,29.739999771118164,30.200000762939453,22.70470428466797,4055300
2018-02-15,30.219999313354492,30.530000686645508,30.09000015258789,30.479999542236328,22.91520881652832,2924100
2018-02-16,30.479999542236328,30.81999969482422,30.469999313354492,30.68000030517578,23.065574645996094,7702800
2018-02-20,30.520000457763672,30.84000015258789,30.350000381469727,30.3700008392334,22.8325138092041,12237200
2018-02-21,30.360000610351562,30.469999313354492,29.809999465942383,29.809999465942383,22.411500930786133,3924000
2018-02-22,29.93000030517578,30.40999984741211,29.93000030517578,30.149999618530273,22.667112350463867,2969600
2018-02-23,30.280000686645508,30.700000762939453,30.209999084472656,30.700000762939453,23.080617904663086,3106500
2018-02-26,30.790000915527344,30.84000015258789,30.60700035095215,30.809999465942383,23.163311004638672,2436200
2018-02-27,30.84000015258789,30.850000381469727,30.149999618530273,30.149999618530273,22.667112350463867,5371800
2018-02-28,30.309999465942383,30.559999465942383,30.110000610351562,30.110000610351562,22.637041091918945,3312500
2018-03-01,30.1200008392334,30.43000030517578,29.860000610351562,29.959999084472656,22.524269104003906,5627200
2018-03-02,29.850000381469727,29.920000076293945,29.610000610351562,29.860000610351562,22.449085235595703,4863200
2018-03-05,29.739999771118164,30.385000228881836,29.65999984741211,30.280000686645508,22.764850616455078,2574200
2018-03-06,30.270000457763672,30.489999771118164,30.09000015258789,30.399999618530273,22.855070114135742,11143400
2018-03-07,30.239999771118164,30.600000381469727,30.170000076293945,30.530000686645508,22.95280647277832,19120500
2018-03-08,30.6200008392334,30.770000457763672,30.489999771118164,30.770000457763672,23.133237838745117,2200900
2018-03-09,30.780000686645508,30.969999313354492,30.632999420166016,30.969999313354492,23.28360366821289,2277300
2018-03-12,30.969999313354492,31.195999145507812,30.93000030517578,31.1200008392334,23.39637565612793,3270400
2018-03-13,31.200000762939453,31.3700008392334,31.09000015258789,31.219999313354492,23.471555709838867,2837200
2018-03-14,31.299999237060547,31.364999771118164,31.15999984741211,31.280000686645508,23.516664505004883,3261600
2018-03-15,31.309999465942383,31.415000915527344,31.139999389648438,31.280000686645508,23.516664505004883,3602400
2018-03-16,31.06999969482422,31.309999465942383,30.985000610351562,31.260000228881836,23.639923095703125,2807500
2018-03-19,31.260000228881836,31.260000228881836,30.770000457763672,30.950000762939453,23.405492782592773,4095700
2018-03-20,30.969999313354492,31.190000534057617,30.823999404907227,30.940000534057617,23.39793586730957,3647200
2018-03-21,30.940000534057617,31.030000686645508,30.520000457763672,30.65999984741211,23.186187744140625,4715800
2018-03-22,30.6200008392334,31.020000457763672,30.520000457763672,30.549999237060547,23.103004455566406,5319800
2018-03-23,30.600000381469727,30.639999389648438,29.989999771118164,30.06999969482422,22.740005493164062,6203100
2018-03-26,30.31999969482422,30.53499984741211,30.1299991607666,30.479999542236328,23.05006217956543,4544100
2018-03-27,30.489999771118164,30.959999084472656,30.190000534057617,30.530000686645508,23.087879180908203,6480500
2018-03-28,30.6299991607666,31.204999923706055,30.6299991607666,31.09000015258789,23.511367797851562,7058300
2018-03-29,31.190000534057617,31.229999542236328,30.96500015258789,31.079999923706055,23.503808975219727,4264100
2018-04-02,31.1200008392334,31.190000534057617,30.479999542236328,30.700000762939453,23.216440200805664,6294600
2018-04-03,30.760000228881836,30.915000915527344,30.520000457763672,30.809999465942383,23.299623489379883,7277400
2018-04-04,30.6200008392334,31.239999771118164,30.549999237060547,31.170000076293945,23.571866989135742,5217200
2018-04-05,31.219999313354492,31.225000381469727,30.93000030517578,31.200000762939453,23.594560623168945,3365500
2018-04-06,31.110000610351562,31.34000015258789,30.809999465942383,30.8799991607666,23.352558135986328,5657600
2018-04-09,30.940000534057617,31.139999389648438,30.795000076293945,30.8700008392334,23.344993591308594,3302000
2018-04-10,31.079999923706055,31.079999923706055,30.540000915527344,30.65999984741211,23.186187744140625,6040300
2018-04-11,30.56999969482422,31.020000457763672,30.56999969482422,30.739999771118164,23.246685028076172,2896700
2018-04-12,30.81999969482422,30.90999984741211,30.309999465942383,30.3799991607666,22.97443962097168,2634500
2018-04-13,30.389999389648438,30.59000015258789,30.350000381469727,30.540000915527344,23.095439910888672,3011700
2018-04-16,30.6200008392334,30.80500030517578,30.489999771118164,30.68000030517578,23.201309204101562,2515300
2018-04-17,30.770000457763672,31.270000457763672,30.658000946044922,31.09000015258789,23.511367797851562,2845800
2018-04-18,31.1299991607666,31.200000762939453,31.010000228881836,31.010000228881836,23.45086669921875,2118000
2018-04-19,30.899999618530273,30.93000030517578,30.309999465942383,30.489999771118164,23.0576229095459,2723000
2018-04-20,30.530000686645508,30.606000900268555,30.18000030517578,30.219999313354492,22.853443145751953,3173400
2018-04-23,30.219999313354492,30.389999389648438,30.135000228881836,30.280000686645508,22.898813247680664,1929900
2018-04-24,30.309999465942383,30.479999542236328,30.15999984741211,30.309999465942383,22.9215030670166,3914000
2018-04-25,30.260000228881836,30.360000610351562,30.033000946044922,30.209999084472656,22.845876693725586,2337900
2018-04-26,30.309999465942383,30.783000946044922,30.285999298095703,30.600000381469727,23.140811920166016,2621900
2018-04-27,30.510000228881836,31.110000610351562,30.34000015258789,31.010000228881836,23.45086669921875,3408300
2018-04-30,30.940000534057617,31.1299991607666,30.850000381469727,30.889999389648438,23.360122680664062,2895500
2018-05-01,30.940000534057617,31.135000228881836,30.822999954223633,31.110000610351562,23.5264892578125,3077000
2018-05-02,31.0,31.1299991607666,30.791000366210938,30.969999313354492,23.42061996459961,3362800
2018-05-03,30.93000030517578,31.084999084472656,30.799999237060547,30.959999084472656,23.41305923461914,3260600
2018-05-04,30.93000030517578,31.399999618530273,30.920000076293945,31.309999465942383,23.677743911743164,1804100
2018-05-07,31.360000610351562,31.43000030517578,31.235000610351562,31.3700008392334,23.72311782836914,1737500
2018-05-08,31.270000457763672,31.31999969482422,31.045000076293945,31.149999618530273,23.556743621826172,1693200
2018-05-09,31.149999618530273,31.389999389648438,31.059999465942383,31.389999389648438,23.73823356628418,1498200
2018-05-10,31.5,31.7450008392334,31.469999313354492,31.68000030517578,23.95754623413086,1628800
2018-05-11,31.690000534057617,31.809999465942383,31.489999771118164,31.530000686645508,23.8441104888916,1206700
2018-05-14,31.540000915527344,31.559999465942383,31.149999618530273,31.309999465942383,23.677743911743164,1882900
2018-05-15,31.110000610351562,31.110000610351562,30.69499969482422,30.780000686645508,23.276939392089844,2371100
2018-05-16,30.850000381469727,30.959999084472656,30.639999389648438,30.700000762939453,23.216440200805664,1562100
2018-05-17,30.670000076293945,30.719999313354492,30.459999084472656,30.540000915527344,23.095439910888672,1758200
2018-05-18,30.559999465942383,30.719999313354492,30.43000030517578,30.559999465942383,23.11056137084961,1395300
2018-05-21,30.6299991607666,30.954999923706055,30.43000030517578,30.8700008392334,23.344993591308594,1477100
2018-05-22,30.8700008392334,30.950000762939453,30.719999313354492,30.90999984741211,23.375246047973633,1567200
2018-05-23,30.899999618530273,31.270000457763672,30.889999389648438,31.15999984741211,23.56430435180664,1543900
2018-05-24,31.170000076293945,31.290000915527344,30.885000228881836,31.040000915527344,23.473556518554688,1537500
2018-05-25,31.06999969482422,31.31999969482422,31.06999969482422,31.190000534057617,23.586990356445312,1713600
2018-05-29,31.1200008392334,31.375,30.989999771118164,31.270000457763672,23.647491455078125,3255100
2018-05-30,31.239999771118164,31.80500030517578,31.15999984741211,31.68000030517578,23.95754623413086,3589000
2018-05-31,31.540000915527344,31.68000030517578,31.440000534057617,31.579999923706055,23.88191795349121,3811900
2018-06-01,31.56999969482422,31.774999618530273,31.479999542236328,31.709999084472656,23.980234146118164,2424400
2018-06-04,31.780000686645508,32.02000045776367,31.674999237060547,32.02000045776367,24.214662551879883,3660700
2018-06-05,32.06999969482422,32.1349983215332,31.809999465942383,31.860000610351562,24.093669891357422,2623600
2018-06-06,31.84000015258789,31.959999084472656,31.71500015258789,31.950000762939453,24.16173553466797,2120300
2018-06-07,31.979999542236328,32.029998779296875,31.760000228881836,31.950000762939453,24.16173553466797,4379700
2018-06-08,31.920000076293945,32.084999084472656,31.8700008392334,32.060001373291016,24.244918823242188,2237300
2018-06-11,32.029998779296875,32.15999984741211,31.989999771118164,32.04999923706055,24.23735237121582,1788600
2018-06-12,31.920000076293945,32.310001373291016,31.915000915527344,32.22999954223633,24.37347412109375,1508900
2018-06-13,32.22999954223633,32.27000045776367,31.475000381469727,31.510000228881836,23.82898712158203,2002600
2018-06-14,31.6299991607666,31.93899917602539,31.6299991607666,31.809999465942383,24.055856704711914,2131100
2018-06-15,31.530000686645508,31.760000228881836,31.452999114990234,31.489999771118164,24.01696014404297,2439000
2018-06-18,31.389999389648438,31.549999237060547,31.28499984741211,31.459999084472656,23.994077682495117,2107100
2018-06-19,31.34000015258789,31.674999237060547,31.34000015258789,31.5,24.02458953857422,2535800
2018-06-20,31.540000915527344,31.8700008392334,31.479999542236328,31.84000015258789,24.28390121459961,3725000
2018-06-21,31.8700008392334,32.06999969482422,31.780000686645508,32.029998779296875,24.428810119628906,2827000
2018-06-22,32.13999938964844,32.34000015258789,31.934999465942383,32.310001373291016,24.642366409301758,2292900
2018-06-25,32.33000183105469,32.3849983215332,32.04499816894531,32.22999954223633,24.58134651184082,6956700
2018-06-26,32.27000045776367,32.54499816894531,32.15999984741211,32.400001525878906,24.711002349853516,2106700
2018-06-27,32.47999954223633,32.61000061035156,32.310001373291016,32.310001373291016,24.642366409301758,3679600
2018-06-28,32.29999923706055,32.68000030517578,32.29999923706055,32.630001068115234,24.886425018310547,2795800
2018-06-29,32.599998474121094,32.86000061035156,32.34000015258789,32.709999084472656,24.947437286376953,2923000
2018-07-02,32.66999816894531,32.75,32.154998779296875,32.52000045776367,24.802532196044922,6280200
2018-07-03,32.560001373291016,32.97999954223633,32.470001220703125,32.709999084472656,24.947437286376953,2916200
2018-07-05,32.77000045776367,33.15999984741211,32.70500183105469,33.13999938964844,25.2753963470459,2699600
2018-07-06,33.22999954223633,33.349998474121094,33.165000915527344,33.279998779296875,25.382165908813477,2440800
2018-07-09,33.33000183105469,33.33000183105469,32.810001373291016,32.970001220703125,25.145732879638672,2344600
2018-07-10,32.9900016784668,33.16999816894531,32.79999923706055,33.130001068115234,25.26775550842285,3077300
2018-07-11,33.099998474121094,33.189998626708984,32.974998474121094,33.029998779296875,25.191495895385742,2347300
2018-07-12,33.11000061035156,33.16999816894531,32.939998626708984,33.11000061035156,25.25250816345215,1660700
2018-07-13,33.130001068115234,33.255001068115234,32.97999954223633,33.0,25.168617248535156,2142700
2018-07-16,32.86000061035156,32.959999084472656,32.59400177001953,32.81999969482422,25.031335830688477,2759100
2018-07-17,32.83000183105469,32.90999984741211,32.560001373291016,32.599998474121094,24.863540649414062,1720400
2018-07-18,32.54999923706055,32.68000030517578,32.31999969482422,32.47999954223633,24.772014617919922,2092200
2018-07-19,32.41999816894531,32.935001373291016,32.36000061035156,32.790000915527344,25.00844955444336,2363400
2018-07-20,32.709999084472656,32.77000045776367,32.38999938964844,32.5,24.787277221679688,2041700
2018-07-23,32.4900016784668,32.4900016784668,32.2130012512207,32.40999984741211,24.718631744384766,2796900
2018-07-24,32.38999938964844,32.52000045776367,32.13999938964844,32.31999969482422,24.649988174438477,2104200
2018-07-25,32.34000015258789,32.69499969482422,32.31999969482422,32.63999938964844,24.8940486907959,2608800
2018-07-26,32.66999816894531,32.900001525878906,32.66999816894531,32.75,24.97793960571289,2256900
2018-07-27,32.849998474121094,32.85499954223633,32.42100143432617,32.45000076293945,24.74913787841797,2666300
2018-07-30,32.47999954223633,32.51499938964844,32.189998626708984,32.41999816894531,24.726261138916016,2941100
2018-07-31,32.66999816894531,33.13999938964844,32.619998931884766,33.04999923706055,25.206748962402344,4027300
2018-08-01,32.79999923706055,33.310001373291016,32.650001525878906,33.27000045776367,25.374542236328125,3776600
2018-08-02,33.13999938964844,33.314998626708984,33.04800033569336,33.11000061035156,25.25250816345215,2963100
2018-08-03,33.130001068115234,33.584999084472656,33.099998474121094,33.540000915527344,25.58046531677246,2721000
2018-08-06,33.56999969482422,33.66999816894531,33.400001525878906,33.470001220703125,25.527074813842773,2860800
2018-08-07,33.56999969482422,33.66999816894531,33.209999084472656,33.400001525878906,25.473691940307617,2122400
2018-08-08,33.45000076293945,33.45000076293945,33.154998779296875,33.189998626708984,25.313526153564453,2437300
2018-08-09,33.20000076293945,33.369998931884766,33.16999816894531,33.25,25.359285354614258,1937500
2018-08-10,33.189998626708984,33.31999969482422,32.90999984741211,32.93000030517578,25.115224838256836,2656000
2018-08-13,32.93000030517578,33.029998779296875,32.849998474121094,32.91999816894531,25.107601165771484,1652300
2018-08-14,32.9900016784668,33.125,32.90999984741211,33.04999923706055,25.206748962402344,1559100
2018-08-15,33.060001373291016,33.3650016784668,32.959999084472656,33.34000015258789,25.42792510986328,2608300
2018-08-16,33.33000183105469,33.630001068115234,33.310001373291016,33.599998474121094,25.6262264251709,4032200
2018-08-17,33.619998931884766,33.93000030517578,33.59000015258789,33.91999816894531,25.87028694152832,2608600
2018-08-20,33.970001220703125,34.1349983215332,33.90999984741211,33.959999084472656,25.900800704956055,1947100
2018-08-21,33.88999938964844,33.95000076293945,33.599998474121094,33.650001525878906,25.66436195373535,2117700
2018-08-22,33.630001068115234,33.630001068115234,33.29999923706055,33.439998626708984,25.504199981689453,1380300
2018-08-23,33.43000030517578,33.51499938964844,33.34000015258789,33.36000061035156,25.443185806274414,1233500
2018-08-24,33.31999969482422,33.599998474121094,33.29999923706055,33.59000015258789,25.61860466003418,3533100
2018-08-27,33.61000061035156,33.66999816894531,33.36000061035156,33.540000915527344,25.58046531677246,2515300
2018-08-28,33.540000915527344,33.95000076293945,33.45000076293945,33.95000076293945,25.893165588378906,1887900
2018-08-29,33.939998626708984,34.060001373291016,33.880001068115234,33.900001525878906,25.855037689208984,1468700
2018-08-30,33.959999084472656,33.970001220703125,33.665000915527344,33.720001220703125,25.71775245666504,1730100
2018-08-31,33.7599983215332,33.95000076293945,33.7400016784668,33.849998474121094,25.81690216064453,1579300
2018-09-04,33.779998779296875,33.88999938964844,33.47999954223633,33.54999923706055,25.588090896606445,2310700
2018-09-05,33.47999954223633,33.849998474121094,33.31999969482422,33.7599983215332,25.748252868652344,3257000
2018-09-06,33.810001373291016,33.93000030517578,33.7599983215332,33.869998931884766,25.8321533203125,1960400
2018-09-07,33.709999084472656,33.720001220703125,33.40999984741211,33.439998626708984,25.504199981689453,1899000
2018-09-10,33.59000015258789,33.79999923706055,33.54999923706055,33.619998931884766,25.641481399536133,1797100
2018-09-11,33.5099983215332,33.7400016784668,33.41999816894531,33.630001068115234,25.649105072021484,1534300
2018-09-12,33.66999816894531,33.7599983215332,33.5099983215332,33.65999984741211,25.671993255615234,1388600
2018-09-13,33.790000915527344,33.959999084472656,33.709999084472656,33.869998931884766,25.8321533203125,1576500
2018-09-14,33.77000045776367,33.790000915527344,33.375,33.58000183105469,25.610979080200195,1828300
2018-09-17,33.5,33.81999969482422,33.494998931884766,33.77000045776367,25.75588607788086,2338800
2018-09-18,33.720001220703125,33.790000915527344,33.5,33.56999969482422,25.603349685668945,1451800
2018-09-19,33.58000183105469,33.59000015258789,33.19499969482422,33.25,25.359285354614258,2033100
2018-09-20,33.2599983215332,33.52000045776367,33.130001068115234,33.5,25.54996109008789,1928400
2018-09-21,33.16999816894531,33.30500030517578,33.040000915527344,33.150001525878906,25.54996109008789,1954600
2018-09-24,33.040000915527344,33.04999923706055,32.375,32.5,25.048982620239258,2862000
2018-09-25,32.5,32.665000915527344,32.433998107910156,32.470001220703125,25.025859832763672,1710600
2018-09-26,32.5,32.529998779296875,32.06999969482422,32.11000061035156,24.74839210510254,2323300
2018-09-27,32.15999984741211,32.380001068115234,32.130001068115234,32.209999084472656,24.825462341308594,1599100
2018-09-28,32.220001220703125,32.630001068115234,32.16999816894531,32.61000061035156,25.13376235961914,3145400
2018-10-01,32.61000061035156,32.698001861572266,32.34000015258789,32.36000061035156,24.941078186035156,3654400
2018-10-02,32.369998931884766,32.439998626708984,32.2599983215332,32.2599983215332,24.864002227783203,2752400
2018-10-03,32.290000915527344,32.404998779296875,31.709999084472656,31.889999389648438,24.578824996948242,2625100
2018-10-04,31.889999389648438,31.889999389648438,31.469999313354492,31.739999771118164,24.463220596313477,2934700
2018-10-05,31.780000686645508,31.950000762939453,31.700000762939453,31.75,24.470924377441406,3406600
2018-10-08,31.850000381469727,32.30500030517578,31.770000457763672,32.15999984741211,24.786928176879883,3076200
2018-10-09,32.150001525878906,32.369998931884766,32.0099983215332,32.27000045776367,24.87171173095703,4429900
2018-10-10,32.18000030517578,32.33000183105469,31.760000228881836,31.760000228881836,24.4786319732666,4361500
2018-10-11,31.81999969482422,31.850000381469727,30.760000228881836,30.829999923706055,23.76184844970703,9558500
2018-10-12,31.010000228881836,31.280000686645508,30.649999618530273,30.809999465942383,23.746431350708008,5288200
2018-10-15,30.799999237060547,31.290000915527344,30.760000228881836,31.0,23.89286994934082,3894500
2018-10-16,31.040000915527344,31.674999237060547,30.93000030517578,31.579999923706055,24.339895248413086,3272200
2018-10-17,31.540000915527344,31.674999237060547,31.260000228881836,31.489999771118164,24.270530700683594,3449400
2018-10-18,31.479999542236328,31.774999618530273,31.3700008392334,31.5,24.278242111206055,3345200
2018-10-19,31.530000686645508,31.93000030517578,31.530000686645508,31.81999969482422,24.524877548217773,2999900
2018-10-22,31.899999618530273,31.9950008392334,31.360000610351562,31.3700008392334,24.17804718017578,4269600
2018-10-23,31.280000686645508,31.709999084472656,31.15999984741211,31.56999969482422,24.33218765258789,5159700
2018-10-24,31.6200008392334,32.209999084472656,31.559999465942383,31.940000534057617,24.617366790771484,5443600
2018-10-25,32.0099983215332,32.4900016784668,31.860000610351562,32.31999969482422,24.91024398803711,5413800
2018-10-26,32.18000030517578,32.220001220703125,31.309999465942383,31.479999542236328,24.262826919555664,8951600
2018-10-29,31.709999084472656,32.150001525878906,31.709999084472656,32.0,24.663604736328125,6143200
2018-10-30,32.040000915527344,32.75,31.959999084472656,32.529998779296875,25.072105407714844,7427400
2018-10-31,32.529998779296875,32.529998779296875,32.02000045776367,32.09000015258789,24.732982635498047,4202400
2018-11-01,32.18000030517578,32.314998626708984,31.969999313354492,32.209999084472656,24.825462341308594,4848800
2018-11-02,32.27000045776367,32.279998779296875,31.579999923706055,31.940000534057617,24.617366790771484,6876800
2018-11-05,32.02000045776367,32.58000183105469,32.02000045776367,32.470001220703125,25.025859832763672,4093100
2018-11-06,32.470001220703125,32.65999984741211,32.40999984741211,32.650001525878906,25.164594650268555,2958800
2018-11-07,32.81999969482422,33.029998779296875,32.625,33.0099983215332,25.442054748535156,3917900
2018-11-08,32.970001220703125,33.08000183105469,32.79499816894531,33.08000183105469,25.496004104614258,2665000
2018-11-09,33.029998779296875,33.20000076293945,32.93000030517578,33.119998931884766,25.526832580566406,3558700
2018-11-12,33.130001068115234,33.4900016784668,33.130001068115234,33.189998626708984,25.58078384399414,2861900
2018-11-13,33.189998626708984,33.349998474121094,33.0099983215332,33.2599983215332,25.63473892211914,6307600
2018-11-14,33.380001068115234,33.380001068115234,33.08000183105469,33.25,25.62703514099121,4369000
2018-11-15,33.119998931884766,33.18000030517578,32.66999816894531,32.9900016784668,25.426639556884766,7158900
2018-11-16,32.97999954223633,33.459999084472656,32.939998626708984,33.459999084472656,25.788883209228516,3738100
2018-11-19,33.470001220703125,33.7599983215332,33.310001373291016,33.54999923706055,25.858251571655273,4668200
2018-11-20,33.41999816894531,33.650001525878906,33.099998474121094,33.11000061035156,25.519128799438477,6593700
2018-11-21,33.150001525878906,33.36000061035156,32.939998626708984,33.09000015258789,25.50370979309082,3707500
2018-11-23,33.0099983215332,33.130001068115234,32.779998779296875,32.970001220703125,25.411222457885742,2543000
2018-11-26,33.04999923706055,33.18000030517578,32.849998474121094,33.040000915527344,25.465179443359375,3242200
2018-11-27,33.02000045776367,33.22999954223633,32.86000061035156,33.220001220703125,25.60390853881836,3227200
2018-11-28,33.220001220703125,33.529998779296875,33.08000183105469,33.4900016784668,25.812007904052734,3645700
2018-11-29,33.47999954223633,33.69499969482422,33.279998779296875,33.529998779296875,25.842845916748047,2600700
2018-11-30,33.630001068115234,33.8849983215332,33.46500015258789,33.849998474121094,26.0894718170166,4327200
2018-12-03,33.900001525878906,34.029998779296875,33.70000076293945,34.0099983215332,26.21278953552246,5321300
2018-12-04,33.959999084472656,34.130001068115234,33.5099983215332,33.560001373291016,25.8659610748291,6476800
2018-12-06,33.47999954223633,34.5,33.09000015258789,34.47999954223633,26.575044631958008,6368500
2018-12-07,34.369998931884766,34.380001068115234,33.86000061035156,33.959999084472656,26.174259185791016,5559900
2018-12-10,33.959999084472656,33.9900016784668,33.314998626708984,33.83000183105469,26.074066162109375,9157900
2018-12-11,33.9900016784668,34.13999938964844,33.869998931884766,33.88999938964844,26.12030601501465,4645200
2018-12-12,34.02000045776367,34.119998931884766,33.224998474121094,33.25,25.62703514099121,4298900
2018-12-13,33.279998779296875,33.7599983215332,33.279998779296875,33.47999954223633,25.80430030822754,4652700
2018-12-14,33.380001068115234,33.52000045776367,33.209999084472656,33.41999816894531,25.758054733276367,4138700
2018-12-17,33.459999084472656,33.540000915527344,32.099998474121094,32.16999816894531,24.794635772705078,7214000
2018-12-18,32.459999084472656,32.72999954223633,32.33000183105469,32.4900016784668,25.04126739501953,8109100
2018-12-19,32.52000045776367,32.779998779296875,32.09000015258789,32.189998626708984,24.81005096435547,12878000
2018-12-20,32.310001373291016,32.32500076293945,31.579999923706055,31.799999237060547,24.50946807861328,11333000
2018-12-21,31.600000381469727,32.099998474121094,30.91900062561035,30.950000762939453,24.134384155273438,15120000
2018-12-24,31.100000381469727,31.100000381469727,29.801000595092773,29.809999465942383,23.24542808532715,10641000
2018-12-26,29.90999984741211,30.770000457763672,29.520000457763672,30.760000228881836,23.98621940612793,10947900
2018-12-27,30.559999465942383,30.84000015258789,29.93000030517578,30.829999923706055,24.040807723999023,14151800
2018-12-28,31.110000610351562,31.239999771118164,30.677000045776367,30.940000534057617,24.126588821411133,10391000
2018-12-31,31.040000915527344,31.049999237060547,30.510000228881836,31.0,24.173372268676758,7807200
2019-01-02,30.799999237060547,30.850000381469727,30.110000610351562,30.290000915527344,23.619731903076172,10445000
2019-01-03,30.260000228881836,30.93000030517578,30.25,30.43000030517578,23.728897094726562,9743800
2019-01-04,30.68000030517578,31.020000457763672,30.469999313354492,30.739999771118164,23.970624923706055,9620900
2019-01-07,30.780000686645508,31.219999313354492,30.75,31.0,24.173372268676758,5141800
2019-01-08,31.190000534057617,31.610000610351562,31.09000015258789,31.540000915527344,24.59446144104004,7575900
2019-01-09,31.579999923706055,31.6299991607666,31.139999389648438,31.40999984741211,24.493083953857422,5100800
2019-01-10,31.31999969482422,31.950000762939453,31.260000228881836,31.90999984741211,24.882978439331055,7837200
2019-01-11,31.809999465942383,31.989999771118164,31.68000030517578,31.969999313354492,24.92976188659668,3095100
2019-01-14,31.850000381469727,32.060001373291016,31.739999771118164,31.8700008392334,24.851789474487305,2918300
2019-01-15,31.889999389648438,32.29999923706055,31.889999389648438,32.22999954223633,25.132509231567383,3925000
2019-01-16,32.20000076293945,32.51499938964844,32.11000061035156,32.380001068115234,25.249475479125977,7295900
2019-01-17,32.34000015258789,32.58000183105469,32.290000915527344,32.540000915527344,25.374244689941406,3397100
2019-01-18,32.66999816894531,32.66999816894531,32.39400100708008,32.65999984741211,25.467824935913086,7865600
2019-01-22,32.630001068115234,32.720001220703125,32.33000183105469,32.599998474121094,25.4210262298584,8116300
2019-01-23,32.77000045776367,32.77000045776367,32.40999984741211,32.619998931884766,25.436628341674805,3087500
2019-01-24,32.56999969482422,32.82500076293945,32.38999938964844,32.75,25.537992477416992,4578000
2019-01-25,32.86000061035156,33.15999984741211,32.65999984741211,33.130001068115234,25.834318161010742,3031400
2019-01-28,33.02000045776367,33.4900016784668,32.959999084472656,33.459999084472656,26.091646194458008,5276000
2019-01-29,33.34000015258789,33.7400016784668,33.279998779296875,33.720001220703125,26.29439353942871,2530000
2019-01-30,33.7599983215332,34.119998931884766,33.630001068115234,34.0,26.512723922729492,5118100
2019-01-31,33.970001220703125,34.38999938964844,33.65999984741211,34.33000183105469,26.770063400268555,7024500
2019-02-01,34.380001068115234,34.470001220703125,33.66999816894531,34.119998931884766,26.606304168701172,9829200
2019-02-04,34.08000183105469,34.34000015258789,33.79999923706055,34.31999969482422,26.76226043701172,6513600
2019-02-05,34.36000061035156,34.560001373291016,34.130001068115234,34.54999923706055,26.941614151000977,4186000
2019-02-06,34.45000076293945,34.4900016784668,34.165000915527344,34.279998779296875,26.7310733795166,3535200
2019-02-07,34.20000076293945,34.584999084472656,34.09000015258789,34.56999969482422,26.957212448120117,6325300
2019-02-08,34.43000030517578,34.66999816894531,34.369998931884766,34.56999969482422,26.957212448120117,2913100
2019-02-11,34.599998474121094,34.720001220703125,34.45000076293945,34.66999816894531,27.035188674926758,2971900
2019-02-12,34.70000076293945,34.70000076293945,34.292999267578125,34.43000030517578,26.84804344177246,8982900
2019-02-13,34.40999984741211,34.68000030517578,34.29999923706055,34.65999984741211,27.027393341064453,3751800
2019-02-14,34.68000030517578,34.91999816894531,34.470001220703125,34.790000915527344,27.128768920898438,4007000
2019-02-15,34.88999938964844,35.0099983215332,34.790000915527344,35.0,27.292518615722656,2674800
2019-02-19,34.95000076293945,35.119998931884766,34.880001068115234,35.040000915527344,27.32370948791504,3921300
2019-02-20,34.869998931884766,35.0,34.5629997253418,34.81999969482422,27.15215492248535,3200300
2019-02-21,34.689998626708984,34.88999938964844,34.47999954223633,34.880001068115234,27.198945999145508,4484200
2019-02-22,34.91999816894531,35.220001220703125,34.7599983215332,35.08000183105469,27.354904174804688,3477800
2019-02-25,35.13999938964844,35.189998626708984,34.75,34.790000915527344,27.128768920898438,4075800
2019-02-26,34.88999938964844,34.95000076293945,34.65999984741211,34.720001220703125,27.074180603027344,2674700
2019-02-27,34.59000015258789,34.77000045776367,34.33000183105469,34.61000061035156,26.988405227661133,3252300
2019-02-28,34.599998474121094,35.119998931884766,34.4900016784668,34.709999084472656,27.066375732421875,5002100
2019-03-01,34.77000045776367,34.77000045776367,34.26499938964844,34.66999816894531,27.035188674926758,5897500
2019-03-04,34.77000045776367,34.849998474121094,34.404998779296875,34.810001373291016,27.144363403320312,6178600
2019-03-05,34.75,35.040000915527344,34.689998626708984,34.90999984741211,27.22233772277832,4066400
2019-03-06,34.91999816894531,35.04999923706055,34.7599983215332,34.81999969482422,27.15215492248535,3832300
2019-03-07,34.84000015258789,35.09000015258789,34.68000030517578,34.790000915527344,27.128768920898438,7592600
2019-03-08,34.720001220703125,34.98500061035156,34.65599822998047,34.81999969482422,27.15215492248535,3103900
2019-03-11,34.97999954223633,35.38999938964844,34.93199920654297,35.36000061035156,27.573240280151367,4124100
2019-03-12,35.40999984741211,35.630001068115234,35.38999938964844,35.54999923706055,27.721397399902344,4323800
2019-03-13,35.56999969482422,35.83000183105469,35.56999969482422,35.720001220703125,27.85396385192871,2726000
2019-03-14,35.72999954223633,35.81999969482422,35.61000061035156,35.810001373291016,27.92414093017578,4504400
2019-03-15,35.63999938964844,35.65999984741211,35.38999938964844,35.459999084472656,27.809646606445312,5436300
2019-03-18,35.5,35.56999969482422,35.119998931884766,35.279998779296875,27.668479919433594,3318300
2019-03-19,35.310001373291016,35.369998931884766,35.06999969482422,35.18000030517578,27.590055465698242,3464300
2019-03-20,35.209999084472656,35.529998779296875,34.946998596191406,35.34000015258789,27.715532302856445,8689800
2019-03-21,35.290000915527344,35.97999954223633,35.27000045776367,35.970001220703125,28.209617614746094,4798000
2019-03-22,35.970001220703125,36.30699920654297,35.79999923706055,35.79999923706055,28.0762996673584,5026000
2019-03-25,35.81999969482422,35.970001220703125,35.665000915527344,35.83000183105469,28.09981918334961,4370800
2019-03-26,35.959999084472656,36.06999969482422,35.849998474121094,36.04999923706055,28.272356033325195,2357500
2019-03-27,36.11000061035156,36.220001220703125,35.709999084472656,35.93000030517578,28.178255081176758,2939100
2019-03-28,36.0099983215332,36.23500061035156,35.88999938964844,36.22999954223633,28.41352081298828,3626500
2019-03-29,36.220001220703125,36.290000915527344,36.064998626708984,36.220001220703125,28.405685424804688,3565600
2019-04-01,36.27000045776367,36.290000915527344,35.77000045776367,36.11000061035156,28.319416046142578,6733100
2019-04-02,36.150001525878906,36.48500061035156,35.880001068115234,36.41999816894531,28.562528610229492,6604200
2019-04-03,36.40999984741211,36.540000915527344,36.099998474121094,36.380001068115234,28.531156539916992,3581300
2019-04-04,36.41999816894531,36.43000030517578,36.11000061035156,36.27000045776367,28.44489097595215,3507700
2019-04-05,36.310001373291016,36.58700180053711,36.209999084472656,36.54999923706055,28.664480209350586,2869900
2019-04-08,36.540000915527344,36.59000015258789,36.27000045776367,36.369998931884766,28.5233097076416,2918500
2019-04-09,36.380001068115234,36.43000030517578,36.209999084472656,36.2599983215332,28.437047958374023,2094500
2019-04-10,36.349998474121094,36.54999923706055,36.310001373291016,36.54999923706055,28.664480209350586,2606200
2019-04-11,36.560001373291016,36.70000076293945,36.349998474121094,36.5,28.625268936157227,3705500
2019-04-12,36.45000076293945,36.70000076293945,36.20000076293945,36.70000076293945,28.78211784362793,2691300
2019-04-15,36.709999084472656,36.709999084472656,36.369998931884766,36.47999954223633,28.60957908630371,2115300
2019-04-16,36.4900016784668,36.4900016784668,35.439998626708984,35.619998931884766,27.935123443603516,3994500
2019-04-17,35.72999954223633,35.79999923706055,35.1349983215332,35.25,27.64495277404785,4323500
2019-04-18,35.40999984741211,35.59000015258789,35.11000061035156,35.529998779296875,27.86454200744629,2756900
2019-04-22,35.459999084472656,35.459999084472656,34.82500076293945,35.13999938964844,27.558687210083008,4012600
2019-04-23,35.27000045776367,35.630001068115234,35.13999938964844,35.540000915527344,27.87238121032715,5469100
2019-04-24,35.63999938964844,35.93000030517578,35.54999923706055,35.790000915527344,28.068449020385742,3304200
2019-04-25,35.68000030517578,35.86000061035156,35.459999084472656,35.75,28.037073135375977,4198400
2019-04-26,35.88999938964844,36.01499938964844,35.709999084472656,35.9900016784668,28.225299835205078,2517000
2019-04-29,35.869998931884766,36.06999969482422,35.57500076293945,35.619998931884766,27.935123443603516,3256800
2019-04-30,35.63999938964844,36.07500076293945,35.38999938964844,36.029998779296875,28.25666618347168,4650200
2019-05-01,36.060001373291016,36.470001220703125,35.959999084472656,36.029998779296875,28.25666618347168,6051300
2019-05-02,36.040000915527344,36.459999084472656,36.040000915527344,36.099998474121094,28.31157112121582,5382600
2019-05-03,36.25,36.40999984741211,36.08000183105469,36.349998474121094,28.50762939453125,3223400
2019-05-06,36.189998626708984,36.34000015258789,35.970001220703125,36.20000076293945,28.38998794555664,3377200
2019-05-07,36.08000183105469,36.13999938964844,35.31999969482422,35.58000183105469,27.90375518798828,3711800
2019-05-08,35.650001525878906,35.91999816894531,35.564998626708984,35.58000183105469,27.90375518798828,3831500
2019-05-09,35.5,35.7400016784668,35.2599983215332,35.70000076293945,27.997867584228516,5684500
2019-05-10,35.619998931884766,36.20000076293945,35.595001220703125,36.11000061035156,28.319416046142578,3268400
2019-05-13,35.869998931884766,36.16999816894531,35.79999923706055,36.11000061035156,28.319416046142578,3392100
2019-05-14,36.18000030517578,36.38999938964844,36.099998474121094,36.2400016784668,28.421371459960938,3984400
2019-05-15,36.2400016784668,36.61000061035156,36.099998474121094,36.47999954223633,28.60957908630371,3478200
2019-05-16,36.47999954223633,36.84000015258789,36.45000076293945,36.689998626708984,28.774272918701172,2834200
2019-05-17,36.52000045776367,36.709999084472656,36.439998626708984,36.63999938964844,28.73506736755371,3403200
2019-05-20,36.5099983215332,36.56999969482422,35.91999816894531,36.04999923706055,28.272356033325195,3472100
2019-05-21,36.209999084472656,36.45500183105469,36.150001525878906,36.349998474121094,28.50762939453125,2353600
2019-05-22,36.38999938964844,36.54999923706055,36.310001373291016,36.52000045776367,28.64095115661621,1982800
2019-05-23,36.41999816894531,36.73500061035156,36.36000061035156,36.70000076293945,28.78211784362793,2521100
2019-05-24,36.86000061035156,36.9900016784668,36.7400016784668,36.75,28.821340560913086,1523600
2019-05-28,36.93000030517578,36.9900016784668,36.36000061035156,36.369998931884766,28.5233097076416,2496400
2019-05-29,36.34000015258789,36.43000030517578,35.801998138427734,35.95000076293945,28.19392967224121,2648700
2019-05-30,35.9900016784668,36.28499984741211,35.93000030517578,36.16999816894531,28.366464614868164,2656200
2019-05-31,36.09000015258789,36.66999816894531,36.040000915527344,36.470001220703125,28.601749420166016,4582100
2019-06-03,36.599998474121094,36.66999816894531,36.290000915527344,36.61000061035156,28.711530685424805,6621400
2019-06-04,36.619998931884766,36.619998931884766,36.099998474121094,36.40999984741211,28.554689407348633,3596800
2019-06-05,36.619998931884766,37.2599983215332,36.4900016784668,37.2400016784668,29.20561981201172,4495200
2019-06-06,37.34000015258789,37.380001068115234,37.08000183105469,37.310001373291016,29.26050567626953,2272500
2019-06-07,37.52000045776367,37.65999984741211,37.380001068115234,37.43000030517578,29.354629516601562,2114000
2019-06-10,37.47999954223633,37.5099983215332,37.130001068115234,37.29999923706055,29.25266456604004,3041400
2019-06-11,37.400001525878906,37.47999954223633,37.1150016784668,37.369998931884766,29.307571411132812,2472200
2019-06-12,37.41999816894531,37.689998626708984,37.380001068115234,37.5099983215332,29.417362213134766,2555500
2019-06-13,37.540000915527344,37.6150016784668,37.415000915527344,37.560001373291016,29.456575393676758,2511300
2019-06-14,37.560001373291016,37.84600067138672,37.560001373291016,37.720001220703125,29.582056045532227,1945900
2019-06-17,37.81999969482422,38.17499923706055,37.81999969482422,38.130001068115234,29.90359878540039,4130200
2019-06-18,38.33000183105469,38.4900016784668,37.869998931884766,38.02000045776367,29.817331314086914,4654400
2019-06-19,37.9900016784668,38.39500045776367,37.810001373291016,38.27000045776367,30.013404846191406,4654300
2019-06-20,38.45000076293945,38.619998931884766,38.41999816894531,38.5,30.19377326965332,4478800
2019-06-21,38.16999816894531,38.16999816894531,37.58000183105469,37.77000045776367,29.85624122619629,9512500
2019-06-24,37.86000061035156,37.9900016784668,37.52000045776367,37.58000183105469,29.706050872802734,5083600
2019-06-25,37.619998931884766,37.7599983215332,37.060001373291016,37.06999969482422,29.302907943725586,3829000
2019-06-26,37.06999969482422,37.06999969482422,36.220001220703125,36.349998474121094,28.733760833740234,7944600
2019-06-27,36.56999969482422,36.790000915527344,36.54999923706055,36.650001525878906,28.970909118652344,4578500
2019-06-28,36.709999084472656,36.979000091552734,36.650001525878906,36.77000045776367,29.065771102905273,5010600
2019-07-01,36.95000076293945,37.0,36.28499984741211,36.70000076293945,29.01043128967285,6775000
2019-07-02,36.79999923706055,37.38999938964844,36.77000045776367,37.380001068115234,29.547954559326172,5959000
2019-07-03,37.4900016784668,37.93000030517578,37.448001861572266,37.91999816894531,29.974809646606445,3519500
2019-07-05,37.63999938964844,37.8390007019043,37.130001068115234,37.709999084472656,29.808815002441406,5079200
2019-07-08,37.68000030517578,37.93000030517578,37.619998931884766,37.849998474121094,29.91948127746582,3435900
2019-07-09,37.77000045776367,38.095001220703125,37.720001220703125,38.04999923706055,30.07758331298828,3166600
2019-07-10,38.189998626708984,38.310001373291016,37.970001220703125,38.2599983215332,30.24357032775879,8591200
2019-07-11,38.20000076293945,38.209999084472656,37.60499954223633,37.77000045776367,29.85624122619629,5157600
2019-07-12,37.790000915527344,37.84000015258789,37.494998931884766,37.619998931884766,29.7376708984375,3620400
2019-07-15,37.70000076293945,37.91999816894531,37.56999969482422,37.66999816894531,29.777191162109375,2650100
2019-07-16,37.630001068115234,37.74599838256836,37.4900016784668,37.61000061035156,29.729768753051758,3533000
2019-07-17,37.709999084472656,37.83000183105469,37.224998474121094,37.41999816894531,29.5795841217041,3227300
2019-07-18,37.33000183105469,37.52000045776367,37.130001068115234,37.40999984741211,29.571670532226562,4028800
2019-07-19,37.45000076293945,37.4900016784668,36.7599983215332,36.79999923706055,29.0894832611084,4515800
2019-07-22,36.849998474121094,36.88999938964844,36.60499954223633,36.7599983215332,29.057863235473633,3031000
2019-07-23,36.849998474121094,37.130001068115234,36.720001220703125,37.119998931884766,29.34243392944336,3084800
2019-07-24,37.16999816894531,37.209999084472656,36.959999084472656,37.09000015258789,29.3187255859375,2663600
2019-07-25,37.04999923706055,37.130001068115234,36.77000045776367,36.93000030517578,29.192237854003906,3237500
2019-07-26,36.959999084472656,37.150001525878906,36.77000045776367,37.04999923706055,29.287099838256836,2822300
2019-07-29,37.13999938964844,37.439998626708984,37.119998931884766,37.189998626708984,29.397768020629883,3030900
2019-07-30,37.189998626708984,37.67499923706055,37.18000030517578,37.560001373291016,29.69024658203125,3455600
2019-07-31,37.599998474121094,37.88999938964844,37.189998626708984,37.40999984741211,29.571670532226562,6644000
2019-08-01,37.52000045776367,37.84000015258789,37.15999984741211,37.5,29.642812728881836,9956300
2019-08-02,37.540000915527344,38.04499816894531,37.46500015258789,37.790000915527344,29.87204933166504,4953600
2019-08-05,37.70000076293945,37.720001220703125,36.619998931884766,37.06999969482422,29.302907943725586,6359700
2019-08-06,37.150001525878906,37.68000030517578,37.02000045776367,37.529998779296875,29.666526794433594,6841500
2019-08-07,37.560001373291016,38.130001068115234,36.95500183105469,37.880001068115234,29.94320297241211,7396200
2019-08-08,37.93000030517578,38.47999954223633,37.599998474121094,38.47999954223633,30.41748046875,5601800
2019-08-09,38.38999938964844,38.630001068115234,38.09000015258789,38.470001220703125,30.409578323364258,4695700
2019-08-12,38.459999084472656,38.584999084472656,38.20500183105469,38.439998626708984,30.385860443115234,3727900
2019-08-13,38.439998626708984,38.599998474121094,38.09000015258789,38.459999084472656,30.40167236328125,5176100
2019-08-14,38.36000061035156,38.36000061035156,37.810001373291016,37.86000061035156,29.927391052246094,5999600
2019-08-15,37.970001220703125,38.470001220703125,37.86000061035156,38.38999938964844,30.34633445739746,5501400
2019-08-16,38.47999954223633,38.7599983215332,38.369998931884766,38.65999984741211,30.55976104736328,3766700
2019-08-19,38.84000015258789,39.09000015258789,38.650001525878906,39.0099983215332,30.83643341064453,2930000
2019-08-20,39.060001373291016,39.150001525878906,38.689998626708984,38.720001220703125,30.60719871520996,3245400
2019-08-21,38.810001373291016,38.97700119018555,38.65999984741211,38.880001068115234,30.733673095703125,3480700
2019-08-22,38.91999816894531,39.11000061035156,38.63999938964844,39.06999969482422,30.883853912353516,2511100
2019-08-23,39.08000183105469,39.3380012512207,38.415000915527344,38.58000183105469,30.496536254882812,6048100
2019-08-26,38.77000045776367,38.95000076293945,38.59000015258789,38.939998626708984,30.78110122680664,3621000
2019-08-27,39.119998931884766,39.22999954223633,38.790000915527344,38.810001373291016,30.678340911865234,3042200
2019-08-28,38.83000183105469,38.9900016784668,38.724998474121094,38.91999816894531,30.765275955200195,3129500
2019-08-29,39.130001068115234,39.26499938964844,38.97999954223633,39.20000076293945,30.98662757873535,3070700
2019-08-30,39.31999969482422,39.38999938964844,39.09000015258789,39.209999084472656,30.994522094726562,3623100
2019-09-03,39.150001525878906,39.77000045776367,39.130001068115234,39.77000045776367,31.43719482421875,6160800
2019-09-04,39.959999084472656,40.13999938964844,39.849998474121094,40.099998474121094,31.698043823242188,3541500
2019-09-05,40.099998474121094,40.11000061035156,39.61000061035156,39.75,31.421382904052734,3925900
2019-09-06,39.77000045776367,39.98699951171875,39.689998626708984,39.79999923706055,31.460906982421875,2457600
2019-09-09,39.81999969482422,39.83000183105469,39.400001525878906,39.5,31.223766326904297,4618900
2019-09-10,39.310001373291016,39.310001373291016,38.650001525878906,38.91999816894531,30.765275955200195,5632900
2019-09-11,38.86000061035156,38.939998626708984,38.61000061035156,38.83000183105469,30.694150924682617,7353200
2019-09-12,39.119998931884766,39.310001373291016,38.7599983215332,39.060001373291016,30.875959396362305,5425200
2019-09-13,38.95000076293945,39.15999984741211,38.46500015258789,38.59000015258789,30.504438400268555,5653800
2019-09-16,38.58000183105469,39.0099983215332,38.540000915527344,38.9900016784668,30.820627212524414,4535700
2019-09-17,39.15999984741211,39.54999923706055,39.150001525878906,39.540000915527344,31.255393981933594,6054200
2019-09-18,39.63999938964844,39.709999084472656,39.03300094604492,39.41999816894531,31.16053009033203,4031700
2019-09-19,39.47999954223633,39.689998626708984,39.380001068115234,39.54999923706055,31.263286590576172,3941500
2019-09-20,39.369998931884766,39.439998626708984,39.099998474121094,39.119998931884766,31.130395889282227,5392500
2019-09-23,39.09000015258789,39.42499923706055,39.02000045776367,39.2599983215332,31.241804122924805,3196700
2019-09-24,39.36000061035156,39.4900016784668,39.029998779296875,39.209999084472656,31.202014923095703,6528700
2019-09-25,39.220001220703125,39.34000015258789,39.029998779296875,39.16999816894531,31.17017364501953,3912600
2019-09-26,39.290000915527344,39.62799835205078,39.2599983215332,39.54999923706055,31.472576141357422,2565600
2019-09-27,39.619998931884766,39.63999938964844,38.97999954223633,39.290000915527344,31.265682220458984,3350700
2019-09-30,39.31999969482422,39.54999923706055,39.279998779296875,39.34000015258789,31.30545997619629,3492500
2019-10-01,39.29999923706055,39.400001525878906,38.849998474121094,39.0,31.034908294677734,6075600
2019-10-02,38.95000076293945,39.04499816894531,38.529998779296875,38.7599983215332,30.84392547607422,5305300
2019-10-03,38.7599983215332,39.29999923706055,38.70000076293945,39.220001220703125,31.209972381591797,6328400
2019-10-04,39.279998779296875,39.4900016784668,39.2400016784668,39.400001525878906,31.353208541870117,2653300
2019-10-07,39.29999923706055,39.5099983215332,39.150001525878906,39.33000183105469,31.297494888305664,3165800
2019-10-08,39.29999923706055,39.46500015258789,38.939998626708984,39.13999938964844,31.14631462097168,4616600
2019-10-09,39.290000915527344,39.41999816894531,39.165000915527344,39.2599983215332,31.241804122924805,2969000
2019-10-10,39.209999084472656,39.41999816894531,39.040000915527344,39.36000061035156,31.321388244628906,3373400
2019-10-11,39.470001220703125,39.56999969482422,39.189998626708984,39.22999954223633,31.217933654785156,4949200
2019-10-14,39.2599983215332,39.439998626708984,39.11000061035156,39.290000915527344,31.265682220458984,1794100
2019-10-15,39.29999923706055,39.369998931884766,38.9900016784668,39.31999969482422,31.289546966552734,3091100
2019-10-16,39.31999969482422,39.36000061035156,39.01499938964844,39.27000045776367,31.249759674072266,5929800
2019-10-17,39.369998931884766,39.63999938964844,39.27000045776367,39.529998779296875,31.456655502319336,4775600
2019-10-18,39.52000045776367,39.9900016784668,39.52000045776367,39.90999984741211,31.75905418395996,2313300
2019-10-21,39.91999816894531,40.209999084472656,39.810001373291016,40.18000030517578,31.97391700744629,1957300
2019-10-22,40.27000045776367,40.34000015258789,40.0099983215332,40.060001373291016,31.878414154052734,2226000
2019-10-23,40.08000183105469,40.22999954223633,39.790000915527344,40.130001068115234,31.934118270874023,2159900
2019-10-24,40.209999084472656,40.2599983215332,39.8650016784668,39.97999954223633,31.814756393432617,1781800
2019-10-25,39.88999938964844,39.95000076293945,39.400001525878906,39.4900016784668,31.424823760986328,2842500
2019-10-28,39.41999816894531,39.47800064086914,38.9900016784668,39.06999969482422,31.090608596801758,3318300
2019-10-29,39.130001068115234,39.41999816894531,39.060001373291016,39.16999816894531,31.17017364501953,2167200
2019-10-30,39.25,39.459999084472656,38.95000076293945,39.459999084472656,31.40094757080078,2637400
2019-10-31,39.529998779296875,39.58000183105469,39.18000030517578,39.33000183105469,31.297494888305664,3263900
2019-11-01,39.380001068115234,39.51499938964844,38.81999969482422,39.22999954223633,31.217933654785156,3370000
2019-11-04,39.15999984741211,39.20000076293945,38.7400016784668,38.790000915527344,30.8677978515625,3045400
2019-11-05,38.66999816894531,38.66999816894531,37.88999938964844,38.119998931884766,30.334625244140625,6643600
2019-11-06,38.16999816894531,38.43899917602539,38.1349983215332,38.2599983215332,30.44603729248047,2425600
2019-11-07,38.150001525878906,38.15999984741211,37.71500015258789,37.849998474121094,30.119766235351562,3725800
2019-11-08,37.77000045776367,38.04999923706055,37.68000030517578,37.779998779296875,30.064067840576172,2612100
2019-11-11,37.7599983215332,37.98699951171875,37.75,37.849998474121094,30.119766235351562,2538700
2019-11-12,37.849998474121094,38.10599899291992,37.54999923706055,37.599998474121094,29.920825958251953,6213800
2019-11-13,37.65999984741211,38.06999969482422,37.63999938964844,37.97999954223633,30.223215103149414,2220800
2019-11-14,38.06999969482422,38.36000061035156,38.02000045776367,38.36000061035156,30.525611877441406,2525100
2019-11-15,38.38999938964844,38.560001373291016,38.27000045776367,38.54999923706055,30.67681121826172,2615000
2019-11-18,38.599998474121094,38.93000030517578,38.56999969482422,38.7599983215332,30.84392547607422,2835500
2019-11-19,38.83000183105469,38.93000030517578,38.689998626708984,38.84000015258789,30.907581329345703,3345100
2019-11-20,38.810001373291016,38.95000076293945,38.612998962402344,38.86000061035156,30.92349624633789,5711400
2019-11-21,38.77000045776367,38.77000045776367,38.29100036621094,38.34000015258789,30.509700775146484,3556100
2019-11-22,38.380001068115234,38.400001525878906,37.935001373291016,38.119998931884766,30.334625244140625,3614400
2019-11-25,38.20000076293945,38.40999984741211,38.084999084472656,38.150001525878906,30.358503341674805,2712000
2019-11-26,38.18000030517578,38.68000030517578,38.150001525878906,38.68000030517578,30.780250549316406,4916300
2019-11-27,38.65999984741211,38.810001373291016,38.5099983215332,38.79999923706055,30.875751495361328,2605700
2019-11-29,38.77000045776367,38.95000076293945,38.61000061035156,38.650001525878906,30.75638198852539,2550800
2019-12-02,38.54999923706055,38.619998931884766,37.939998626708984,37.939998626708984,30.191389083862305,6651500
2019-12-03,37.91999816894531,38.31999969482422,37.90999984741211,38.25,30.438079833984375,3584000
2019-12-04,38.16999816894531,38.54499816894531,38.09000015258789,38.45000076293945,30.597230911254883,2283800
2019-12-05,38.38999938964844,38.5099983215332,38.23500061035156,38.5099983215332,30.644973754882812,3042200
2019-12-06,38.52000045776367,38.70000076293945,38.48500061035156,38.52000045776367,30.652936935424805,3855600
2019-12-09,38.56999969482422,38.68000030517578,38.415000915527344,38.56999969482422,30.692720413208008,2562300
2019-12-10,38.599998474121094,38.709999084472656,38.20000076293945,38.29999923706055,30.477867126464844,7303200
2019-12-11,38.38999938964844,38.38999938964844,37.880001068115234,38.0099983215332,30.247089385986328,6222900
2019-12-12,38.029998779296875,38.15999984741211,37.439998626708984,37.54999923706055,29.881044387817383,7621000
2019-12-13,37.540000915527344,37.72999954223633,37.2599983215332,37.59000015258789,29.912872314453125,6152000
2019-12-16,37.650001525878906,37.9900016784668,37.415000915527344,37.880001068115234,30.143653869628906,5093900
2019-12-17,37.95000076293945,38.0,37.39500045776367,37.470001220703125,29.817378997802734,4452000
2019-12-18,37.470001220703125,38.06999969482422,37.470001220703125,38.0,30.239139556884766,3504100
2019-12-19,37.959999084472656,38.38999938964844,37.88999938964844,38.36000061035156,30.525611877441406,3334500
2019-12-20,38.099998474121094,38.345001220703125,38.04999923706055,38.2400016784668,30.761308670043945,3691800
2019-12-23,38.310001373291016,38.36000061035156,37.939998626708984,38.0099983215332,30.5762882232666,3000600
2019-12-24,38.040000915527344,38.150001525878906,37.91999816894531,38.060001373291016,30.616514205932617,1120200
2019-12-26,38.13999938964844,38.310001373291016,38.060001373291016,38.290000915527344,30.80152702331543,1607200
2019-12-27,38.40999984741211,38.470001220703125,38.26499938964844,38.43000030517578,30.914148330688477,1828500
2019-12-30,38.349998474121094,38.459999084472656,38.220001220703125,38.400001525878906,30.890016555786133,2638400
2019-12-31,38.380001068115234,38.709999084472656,38.349998474121094,38.66999816894531,31.107221603393555,3675000
2020-01-02,38.790000915527344,38.849998474121094,38.06999969482422,38.220001220703125,30.745223999023438,4380100
2020-01-03,37.9900016784668,38.584999084472656,37.970001220703125,38.5,30.9704647064209,3499000
2020-01-06,38.43000030517578,38.65999984741211,38.349998474121094,38.5099983215332,30.97850227355957,3097200
2020-01-07,38.400001525878906,38.400001525878906,37.8849983215332,38.09000015258789,30.640649795532227,3550600
2020-01-08,38.130001068115234,38.34000015258789,37.9900016784668,38.279998779296875,30.79348373413086,5089000
2020-01-09,38.25,38.36000061035156,38.150001525878906,38.27000045776367,30.785446166992188,2885000
2020-01-10,38.349998474121094,38.6510009765625,38.26499938964844,38.63999938964844,31.08307456970215,6513200
2020-01-13,38.65999984741211,39.11000061035156,38.650001525878906,39.11000061035156,31.461166381835938,2988100
2020-01-14,39.06999969482422,39.06999969482422,38.70500183105469,38.91999816894531,31.308324813842773,3720200
2020-01-15,39.02000045776367,39.310001373291016,39.0099983215332,39.189998626708984,31.5255126953125,4468700
2020-01-16,39.279998779296875,39.540000915527344,39.18000030517578,39.540000915527344,31.807064056396484,4244500
2020-01-17,39.52000045776367,39.72999954223633,39.470001220703125,39.59000015258789,31.847288131713867,3014700
2020-01-21,39.599998474121094,40.02000045776367,39.529998779296875,39.9900016784668,32.1690559387207,2329500
2020-01-22,40.099998474121094,40.209999084472656,39.599998474121094,39.66999816894531,31.911638259887695,5815200
2020-01-23,39.689998626708984,40.08000183105469,39.59000015258789,40.04999923706055,32.21732711791992,2637800
2020-01-24,40.130001068115234,40.20500183105469,39.84000015258789,39.9900016784668,32.1690559387207,2397900
2020-01-27,39.75,39.970001220703125,39.709999084472656,39.81999969482422,32.03230667114258,6741600
2020-01-28,39.869998931884766,40.0890007019043,39.77000045776367,39.91999816894531,32.11275100708008,2904300
2020-01-29,40.04999923706055,40.13999938964844,39.66999816894531,39.709999084472656,31.943822860717773,5409600
2020-01-30,39.58000183105469,39.83300018310547,39.5099983215332,39.79999923706055,32.01622009277344,3847400
2020-01-31,39.70000076293945,39.75,39.1349983215332,39.22999954223633,31.557693481445312,7586200
2020-02-03,39.38999938964844,39.63800048828125,39.23500061035156,39.27000045776367,31.58987045288086,6254800
2020-02-04,39.40999984741211,39.92499923706055,39.334999084472656,39.779998779296875,32.00012969970703,5309500
2020-02-05,39.81999969482422,39.91999816894531,39.650001525878906,39.75,31.975997924804688,3049300
2020-02-06,39.880001068115234,40.0099983215332,39.79999923706055,39.91999816894531,32.11275100708008,2676700
2020-02-07,39.939998626708984,39.98500061035156,39.82500076293945,39.939998626708984,32.12882995605469,3216600
2020-02-10,40.06999969482422,40.41999816894531,40.029998779296875,40.400001525878906,32.49888229370117,3489300
2020-02-11,40.540000915527344,41.16999816894531,40.540000915527344,40.88999938964844,32.89303970336914,10001700
2020-02-12,40.939998626708984,41.25,40.790000915527344,41.150001525878906,33.102195739746094,2539700
2020-02-13,41.09000015258789,41.494998931884766,41.040000915527344,41.400001525878906,33.30331039428711,2825500
2020-02-14,41.5,41.88999938964844,41.439998626708984,41.880001068115234,33.68942642211914,2235200
2020-02-18,41.93000030517578,41.93000030517578,41.59000015258789,41.84000015258789,33.65724563598633,3260100
2020-02-19,41.849998474121094,41.849998474121094,41.25,41.25,33.182640075683594,2606100
2020-02-20,41.36000061035156,41.7400016784668,41.15999984741211,41.709999084472656,33.55268096923828,3901800
2020-02-21,41.709999084472656,42.0,41.65999984741211,41.93000030517578,33.729637145996094,2986900
2020-02-24,41.439998626708984,41.814998626708984,41.180999755859375,41.369998931884766,33.2791748046875,4703100
2020-02-25,41.47999954223633,41.619998931884766,40.18000030517578,40.33000183105469,32.44256591796875,9190200
2020-02-26,40.380001068115234,40.69499969482422,39.89099884033203,39.97999954223633,32.1610107421875,8641900
2020-02-27,39.31999969482422,39.47999954223633,37.709999084472656,37.720001220703125,30.343008041381836,15861500
2020-02-28,36.91999816894531,37.15999984741211,35.69300079345703,36.790000915527344,29.594890594482422,44499000
2020-03-02,36.970001220703125,38.630001068115234,36.880001068115234,38.619998931884766,31.066993713378906,19686200
2020-03-03,38.70000076293945,39.55500030517578,38.220001220703125,38.59000015258789,31.042863845825195,37983700
2020-03-04,39.099998474121094,40.13999938964844,39.040000915527344,40.09000015258789,32.249507904052734,13712900
2020-03-05,39.43000030517578,39.75,38.72999954223633,39.16999816894531,31.509428024291992,13348200
2020-03-06,38.31999969482422,38.65999984741211,37.2400016784668,38.5,30.9704647064209,16942300
2020-03-09,36.45000076293945,36.959999084472656,35.75,35.779998779296875,28.782419204711914,12791800
2020-03-10,36.70000076293945,37.58000183105469,35.400001525878906,37.52000045776367,30.182132720947266,18902400
2020-03-11,36.61000061035156,36.66999816894531,35.150001525878906,35.5099983215332,28.565223693847656,16089100
2020-03-12,33.2599983215332,34.58000183105469,28.0,32.459999084472656,26.111719131469727,9058600
2020-03-13,34.16999816894531,35.36000061035156,32.529998779296875,35.310001373291016,28.404342651367188,9694900
2020-03-16,31.799999237060547,32.65999984741211,29.43000030517578,29.65999984741211,23.85932159423828,5840100
2020-03-17,30.110000610351562,32.290000915527344,29.440000534057617,31.459999084472656,25.307289123535156,7267800
2020-03-18,29.600000381469727,30.8700008392334,28.3700008392334,29.25,23.529508590698242,12255800
2020-03-19,28.81999969482422,29.540000915527344,28.0,28.790000915527344,23.15947151184082,13526100
2020-03-20,28.950000762939453,29.600000381469727,26.969999313354492,27.15999984741211,21.848251342773438,16549800
2020-03-23,26.8799991607666,26.920000076293945,24.8799991607666,25.459999084472656,20.63418960571289,28171300
2020-03-24,26.6299991607666,27.770000457763672,26.219999313354492,27.68000030517578,22.433401107788086,15346800
2020-03-25,27.8799991607666,30.43000030517578,27.479999542236328,28.90999984741211,23.430259704589844,18863500
2020-03-26,29.15999984741211,31.260000228881836,28.959999084472656,31.1299991607666,25.229473114013672,17228600
2020-03-27,30.170000076293945,31.950000762939453,30.149999618530273,31.209999084472656,25.29430389404297,11840800
2020-03-30,31.3799991607666,32.18000030517578,30.690000534057617,32.02000045776367,25.950780868530273,10377700
2020-03-31,31.790000915527344,31.84000015258789,30.270000457763672,31.0,25.12411117553711,9015800
2020-04-01,29.600000381469727,29.6200008392334,28.479999542236328,29.1200008392334,23.600460052490234,11255400
2020-04-02,28.780000686645508,29.969999313354492,28.760000228881836,29.549999237060547,23.948955535888672,11021700
2020-04-03,29.34000015258789,29.799999237060547,28.770000457763672,29.299999237060547,23.7463436126709,7984100
2020-04-06,30.40999984741211,31.549999237060547,30.40999984741211,31.420000076293945,25.46449851989746,9514500
2020-04-07,32.68000030517578,32.9900016784668,31.40999984741211,31.43000030517578,25.472610473632812,19488600
2020-04-08,31.84000015258789,33.970001220703125,31.5,33.790000915527344,27.385278701782227,27207800
2020-04-09,34.400001525878906,35.95000076293945,34.349998474121094,35.529998779296875,28.79547691345215,49899800
2020-04-13,35.33000183105469,35.38999938964844,33.69499969482422,33.900001525878906,27.474437713623047,9877300
2020-04-14,34.59000015258789,35.189998626708984,34.59000015258789,35.029998779296875,28.390243530273438,6720300
2020-04-15,34.11000061035156,34.380001068115234,33.38999938964844,33.68000030517578,27.296133041381836,5378900
2020-04-16,33.72999954223633,34.02000045776367,33.26499938964844,33.459999084472656,27.117828369140625,4372800
2020-04-17,34.349998474121094,34.70000076293945,33.959999084472656,34.540000915527344,27.993131637573242,6540400
2020-04-20,33.93000030517578,34.060001373291016,33.2599983215332,33.2599983215332,26.955739974975586,5773900
2020-04-21,32.47999954223633,33.0099983215332,32.369998931884766,32.77000045776367,26.55862045288086,7839500
2020-04-22,33.27000045776367,33.63999938964844,33.02000045776367,33.34000015258789,27.020578384399414,5386000
2020-04-23,33.400001525878906,33.619998931884766,32.88999938964844,32.959999084472656,26.712604522705078,6367800
2020-04-24,33.130001068115234,33.23099899291992,32.71500015258789,33.08000183105469,26.809860229492188,5142700
2020-04-27,33.349998474121094,34.15999984741211,33.349998474121094,34.040000915527344,27.5878963470459,4024200
2020-04-28,34.63999938964844,35.02000045776367,34.040000915527344,34.06999969482422,27.612213134765625,5955000
2020-04-29,34.7599983215332,34.869998931884766,34.13999938964844,34.15999984741211,27.685155868530273,6095100
2020-04-30,33.709999084472656,34.04999923706055,33.369998931884766,33.91999816894531,27.490644454956055,6837500
2020-05-01,33.09000015258789,33.310001373291016,32.68000030517578,32.880001068115234,26.64777374267578,5724300
2020-05-04,32.59000015258789,32.88999938964844,32.09000015258789,32.86000061035156,26.631563186645508,6816600
2020-05-05,33.13999938964844,33.50899887084961,33.025001525878906,33.06999969482422,26.8017520904541,4899400
2020-05-06,33.16999816894531,33.31999969482422,32.459999084472656,32.459999084472656,26.307374954223633,4609500
2020-05-07,32.779998779296875,33.15999984741211,32.560001373291016,32.75,26.54240608215332,4927700
2020-05-08,33.130001068115234,33.45000076293945,33.040000915527344,33.349998474121094,27.028682708740234,4428800
2020-05-11,32.9900016784668,33.45000076293945,32.779998779296875,32.95000076293945,26.704500198364258,4566400
2020-05-12,33.08000183105469,33.11000061035156,31.530000686645508,31.549999237060547,25.569860458374023,16049400
2020-05-13,31.3700008392334,31.739999771118164,30.895000457763672,31.049999237060547,25.164636611938477,5131500
2020-05-14,30.649999618530273,31.09000015258789,30.030000686645508,31.09000015258789,25.19705581665039,8269300
2020-05-15,30.8700008392334,30.989999771118164,30.389999389648438,30.979999542236328,25.107908248901367,7482800
2020-05-18,31.90999984741211,32.75,31.90999984741211,32.4900016784668,26.331693649291992,6286400
2020-05-19,32.31999969482422,32.439998626708984,31.860000610351562,31.860000610351562,25.821102142333984,5799300
2020-05-20,32.20000076293945,32.25,31.90999984741211,32.15999984741211,26.064245223999023,4041700
2020-05-21,32.04999923706055,32.27000045776367,31.760000228881836,32.0,25.934568405151367,4289000
2020-05-22,32.029998779296875,32.720001220703125,31.8799991607666,32.70000076293945,26.501888275146484,4743200
2020-05-26,33.72999954223633,33.970001220703125,33.345001220703125,33.7400016784668,27.344762802124023,5756600
2020-05-27,34.43000030517578,34.459999084472656,33.599998474121094,34.459999084472656,27.928287506103516,5779800
2020-05-28,34.86000061035156,34.90999984741211,34.439998626708984,34.849998474121094,28.244365692138672,5281400
2020-05-29,34.619998931884766,34.81999969482422,34.310001373291016,34.650001525878906,28.082275390625,7830900
2020-06-01,34.619998931884766,35.60499954223633,34.52000045776367,35.34000015258789,28.64148712158203,5275600
2020-06-02,35.560001373291016,35.709999084472656,35.15999984741211,35.56999969482422,28.827896118164062,4613100
2020-06-03,35.88999938964844,36.625,35.83000183105469,36.41999816894531,29.516780853271484,3685700
2020-06-04,36.2400016784668,36.2599983215332,35.459999084472656,35.7400016784668,28.96567153930664,3692400
2020-06-05,36.869998931884766,37.29999923706055,36.709999084472656,37.04999923706055,30.027372360229492,5313700
2020-06-08,37.439998626708984,37.86000061035156,37.380001068115234,37.86000061035156,30.683834075927734,4384200
2020-06-09,37.310001373291016,37.599998474121094,36.970001220703125,37.41999816894531,30.327232360839844,3636100
2020-06-10,37.2599983215332,37.43000030517578,36.5,36.720001220703125,29.75991439819336,3956600
2020-06-11,35.33000183105469,35.720001220703125,34.40999984741211,34.45000076293945,27.920183181762695,17916000
2020-06-12,35.52000045776367,35.689998626708984,34.65999984741211,35.540000915527344,28.803577423095703,7645100
2020-06-15,34.58000183105469,36.119998931884766,34.529998779296875,35.9900016784668,29.168283462524414,5146600
2020-06-16,37.099998474121094,37.20000076293945,35.9900016784668,36.59000015258789,29.654563903808594,6559300
2020-06-17,36.81999969482422,36.81999969482422,36.150001525878906,36.15999984741211,29.306062698364258,3553800
2020-06-18,35.900001525878906,35.95000076293945,35.540000915527344,35.709999084472656,28.94135856628418,2261000
2020-06-19,36.220001220703125,36.25,35.08000183105469,35.349998474121094,28.649587631225586,5057400
2020-06-22,34.970001220703125,35.10499954223633,34.5099983215332,34.97999954223633,28.56792449951172,2525400
2020-06-23,35.310001373291016,35.400001525878906,34.79999923706055,34.849998474121094,28.46175193786621,2444900
2020-06-24,34.45000076293945,34.58000183105469,33.2599983215332,33.959999084472656,27.73489761352539,6262800
2020-06-25,33.779998779296875,34.34000015258789,33.67399978637695,34.31999969482422,28.028907775878906,3520100
2020-06-26,34.220001220703125,34.38999938964844,33.650001525878906,33.72999954223633,27.547054290771484,4398900
2020-06-29,34.0099983215332,34.310001373291016,33.630001068115234,34.310001373291016,28.020742416381836,4052700
2020-06-30,34.380001068115234,34.97999954223633,34.290000915527344,34.810001373291016,28.429088592529297,3640600
2020-07-01,34.95000076293945,35.869998931884766,34.875,35.7599983215332,29.20494842529297,5182500
2020-07-02,36.290000915527344,36.31999969482422,35.5099983215332,35.63999938964844,29.106937408447266,2586000
2020-07-06,36.25,36.36000061035156,35.612998962402344,35.68000030517578,29.139612197875977,3206300
2020-07-07,35.380001068115234,35.529998779296875,35.09000015258789,35.099998474121094,28.665929794311523,2668600
2020-07-08,35.209999084472656,35.31999969482422,34.77000045776367,35.08000183105469,28.64958953857422,11063900
2020-07-09,35.0099983215332,35.099998474121094,34.400001525878906,34.959999084472656,28.55158805847168,6024700
2020-07-10,34.959999084472656,35.18000030517578,34.81999969482422,35.0,28.584257125854492,5978400
2020-07-13,35.119998931884766,35.189998626708984,34.36000061035156,34.45000076293945,28.135080337524414,10021700
2020-07-14,34.4900016784668,34.900001525878906,34.400001525878906,34.790000915527344,28.41275405883789,6206300
2020-07-15,35.25,35.369998931884766,34.755001068115234,34.95000076293945,28.54342269897461,7492500
2020-07-16,34.810001373291016,34.970001220703125,34.45500183105469,34.540000915527344,28.208581924438477,3339300
2020-07-17,34.689998626708984,35.189998626708984,34.5099983215332,35.02000045776367,28.60059356689453,8696300
2020-07-20,35.04999923706055,35.2400016784668,34.56999969482422,34.689998626708984,28.33108139038086,2792300
2020-07-21,35.0099983215332,35.09000015258789,34.599998474121094,34.70000076293945,28.339248657226562,5930700
2020-07-22,34.650001525878906,35.130001068115234,34.43000030517578,35.119998931884766,28.682268142700195,21831500
2020-07-23,35.060001373291016,35.25,34.560001373291016,34.939998626708984,28.53525733947754,9896100
2020-07-24,34.880001068115234,35.099998474121094,34.72999954223633,34.79999923706055,28.42091941833496,3388800
2020-07-27,34.81999969482422,35.22999954223633,34.459999084472656,35.209999084472656,28.75576400756836,3487800
2020-07-28,35.20000076293945,36.097999572753906,35.119998931884766,35.91999816894531,29.335613250732422,3591000
2020-07-29,36.04999923706055,36.599998474121094,36.029998779296875,36.599998474121094,29.890974044799805,3072600
2020-07-30,36.130001068115234,36.31999969482422,35.81999969482422,36.29999923706055,29.645954132080078,3104000
2020-07-31,36.25,36.31999969482422,35.7400016784668,36.2599983215332,29.613290786743164,4594400
2020-08-03,36.130001068115234,36.18000030517578,35.584999084472656,35.68000030517578,29.139612197875977,4743600
2020-08-04,35.689998626708984,36.32500076293945,35.63999938964844,36.209999084472656,29.572458267211914,4030600
2020-08-05,36.349998474121094,36.43000030517578,35.84000015258789,35.939998626708984,29.35194969177246,2729100
2020-08-06,35.869998931884766,36.06999969482422,35.744998931884766,36.0099983215332,29.409116744995117,2887800
2020-08-07,35.86000061035156,36.525001525878906,35.849998474121094,36.5,29.809297561645508,4065400
2020-08-10,36.58000183105469,36.66999816894531,36.290000915527344,36.439998626708984,29.760297775268555,2986400
2020-08-11,36.75,36.75,35.617000579833984,35.7400016784668,29.18861198425293,5520100
2020-08-12,36.0,36.279998779296875,35.84000015258789,36.189998626708984,29.55611801147461,4035200
2020-08-13,36.09000015258789,36.36000061035156,35.72999954223633,35.77000045776367,29.213117599487305,4096600
2020-08-14,35.75,36.130001068115234,35.71200180053711,35.86000061035156,29.286617279052734,2416800
2020-08-17,35.849998474121094,36.18000030517578,35.736000061035156,36.18000030517578,29.547962188720703,2824900
2020-08-18,36.25,36.26499938964844,35.90999984741211,36.13999938964844,29.515291213989258,2603600
2020-08-19,36.209999084472656,36.22999954223633,35.349998474121094,35.400001525878906,28.910940170288086,4328900
2020-08-20,35.2599983215332,35.94499969482422,35.16999816894531,35.779998779296875,29.221284866333008,3032800
2020-08-21,35.869998931884766,35.9900016784668,35.441001892089844,35.900001525878906,29.319284439086914,2155700
2020-08-24,35.95000076293945,35.970001220703125,35.43000030517578,35.95000076293945,29.360118865966797,3438400
2020-08-25,36.060001373291016,36.099998474121094,35.74100112915039,36.060001373291016,29.449953079223633,3226600
2020-08-26,35.959999084472656,36.0099983215332,35.56700134277344,35.810001373291016,29.24578094482422,2231400
2020-08-27,35.900001525878906,36.400001525878906,35.86000061035156,36.290000915527344,29.637794494628906,3098400
2020-08-28,36.349998474121094,36.56999969482422,35.9900016784668,36.56999969482422,29.86646270751953,1583700
2020-08-31,36.52000045776367,36.52000045776367,36.119998931884766,36.25,29.605127334594727,3522700
2020-09-01,36.13999938964844,36.2400016784668,35.869998931884766,36.189998626708984,29.55611801147461,4280200
2020-09-02,36.2400016784668,37.040000915527344,35.959999084472656,37.0,30.217649459838867,4663200
2020-09-03,36.95000076293945,37.20000076293945,36.11000061035156,36.380001068115234,29.71129608154297,8943100
2020-09-04,36.5,36.72999954223633,35.619998931884766,36.25,29.605127334594727,9308100
2020-09-08,36.0099983215332,36.099998474121094,35.52000045776367,35.790000915527344,29.229448318481445,6823000
2020-09-09,36.029998779296875,36.66999816894531,35.959999084472656,36.18000030517578,29.547962188720703,4081600
2020-09-10,36.13999938964844,36.25,35.650001525878906,35.66999816894531,29.131437301635742,6048400
2020-09-11,35.77000045776367,35.86000061035156,35.290000915527344,35.54999923706055,29.033443450927734,5445000
2020-09-14,35.790000915527344,36.513999938964844,35.790000915527344,36.41999816894531,29.74396324157715,3205600
2020-09-15,36.52000045776367,37.2400016784668,36.4900016784668,36.900001525878906,30.13597869873047,2947800
2020-09-16,37.08000183105469,37.51499938964844,36.959999084472656,37.13999938964844,30.331985473632812,3545400
2020-09-17,36.81999969482422,37.060001373291016,36.07400131225586,36.31999969482422,29.66229248046875,3656800
2020-09-18,36.34000015258789,36.34000015258789,35.529998779296875,35.599998474121094,29.074270248413086,6254300
2020-09-21,34.9900016784668,35.040000915527344,34.255001068115234,34.439998626708984,28.29621124267578,6227100
2020-09-22,34.529998779296875,35.130001068115234,34.47999954223633,34.849998474121094,28.633068084716797,4578000
2020-09-23,34.790000915527344,34.86000061035156,33.79499816894531,33.849998474121094,27.81146240234375,4330800
2020-09-24,33.869998931884766,34.45000076293945,33.7400016784668,34.0099983215332,27.942914962768555,4926400
2020-09-25,33.880001068115234,34.709999084472656,33.81999969482422,34.66999816894531,28.48517608642578,2765000
2020-09-28,35.119998931884766,35.41999816894531,35.060001373291016,35.27000045776367,28.9781494140625,2802800
2020-09-29,35.16999816894531,35.31999969482422,34.880001068115234,35.09000015258789,28.830257415771484,2217600
2020-09-30,35.2599983215332,35.599998474121094,34.91999816894531,35.27000045776367,28.9781494140625,4386100
2020-10-01,35.400001525878906,35.86000061035156,35.16999816894531,35.849998474121094,29.454675674438477,5842200
2020-10-02,35.310001373291016,36.540000915527344,35.290000915527344,36.43000030517578,29.931215286254883,4494600
2020-10-05,36.529998779296875,36.68000030517578,35.8849983215332,36.630001068115234,30.09553337097168,2185900
2020-10-06,36.72999954223633,36.83000183105469,36.189998626708984,36.31999969482422,29.840831756591797,4225600
2020-10-07,36.560001373291016,36.654998779296875,36.290000915527344,36.41999816894531,29.922998428344727,2158300
2020-10-08,36.650001525878906,37.209999084472656,36.599998474121094,37.029998779296875,30.424171447753906,2208700
2020-10-09,37.2400016784668,37.25,36.78900146484375,36.93000030517578,30.342016220092773,2617400
2020-10-12,37.0,37.20000076293945,36.7599983215332,37.119998931884766,30.498123168945312,2747100
2020-10-13,37.0,37.0,36.279998779296875,36.4900016784668,29.98050880432129,4258700
2020-10-14,36.540000915527344,36.54999923706055,36.02000045776367,36.06999969482422,29.63543128967285,7041600
2020-10-15,35.849998474121094,36.540000915527344,35.83000183105469,36.2400016784668,29.77511215209961,3691200
2020-10-16,36.27000045776367,36.34000015258789,35.9900016784668,36.11000061035156,29.668298721313477,2730500
2020-10-19,36.189998626708984,36.33000183105469,35.5,35.540000915527344,29.199983596801758,3782500
2020-10-20,35.7400016784668,36.03499984741211,35.68000030517578,35.779998779296875,29.397171020507812,5962200
2020-10-21,35.66999816894531,35.869998931884766,35.560001373291016,35.650001525878906,29.290363311767578,3566700
2020-10-22,35.63999938964844,35.689998626708984,35.334999084472656,35.400001525878906,29.084959030151367,3013900
2020-10-23,35.540000915527344,35.72999954223633,35.345001220703125,35.630001068115234,29.273923873901367,2194100
2020-10-26,35.36000061035156,35.36000061035156,34.869998931884766,35.20000076293945,28.920639038085938,3322600
2020-10-27,35.2599983215332,35.439998626708984,34.75,34.75,28.550914764404297,2760300
2020-10-28,34.189998626708984,34.56999969482422,33.83000183105469,33.97999954223633,27.91827392578125,5331500
2020-10-29,34.060001373291016,34.65999984741211,33.7400016784668,34.369998931884766,28.238693237304688,4989600
2020-10-30,34.15999984741211,34.369998931884766,33.709999084472656,34.150001525878906,28.057954788208008,5662400
2020-11-02,34.529998779296875,34.9900016784668,34.290000915527344,34.9900016784668,28.74810218811035,5349800
2020-11-03,35.27000045776367,35.7599983215332,35.15999984741211,35.540000915527344,29.199983596801758,4895700
2020-11-04,35.689998626708984,36.29999923706055,35.45000076293945,35.63999938964844,29.28213882446289,5642500
2020-11-05,35.91999816894531,36.119998931884766,35.611000061035156,35.77000045776367,29.38895034790039,4718500
2020-11-06,35.79999923706055,36.05500030517578,35.5,35.630001068115234,29.273923873901367,4562400
2020-11-09,37.349998474121094,39.11000061035156,36.47999954223633,36.56999969482422,30.046232223510742,11855500
2020-11-10,36.619998931884766,36.9900016784668,36.459999084472656,36.77000045776367,30.210556030273438,9593400
2020-11-11,36.959999084472656,37.27000045776367,36.66999816894531,37.04999923706055,30.440616607666016,6219300
2020-11-12,36.939998626708984,37.165000915527344,36.45000076293945,36.66999816894531,30.12839698791504,5034500
2020-11-13,36.869998931884766,37.599998474121094,36.869998931884766,37.5099983215332,30.818557739257812,3078700
2020-11-16,38.189998626708984,38.27000045776367,37.29999923706055,37.75,31.015735626220703,4066500
2020-11-17,37.52000045776367,37.90999984741211,37.2400016784668,37.77000045776367,31.03217315673828,4501200
2020-11-18,37.79999923706055,38.14500045776367,37.11000061035156,37.130001068115234,30.5063419342041,4579100
2020-11-19,37.08000183105469,37.2599983215332,36.68000030517578,37.189998626708984,30.555639266967773,4583900
2020-11-20,37.2400016784668,37.25,36.810001373291016,36.939998626708984,30.35023307800293,2799000
2020-11-23,37.150001525878906,37.220001220703125,36.755001068115234,36.81999969482422,30.251638412475586,4084700
2020-11-24,37.2400016784668,37.369998931884766,36.757999420166016,36.79999923706055,30.235204696655273,3201500
2020-11-25,36.869998931884766,36.970001220703125,36.56999969482422,36.88999938964844,30.30915069580078,3553300
2020-11-27,37.060001373291016,37.060001373291016,36.66999816894531,36.81999969482422,30.251638412475586,1791100
2020-11-30,36.79999923706055,36.79999923706055,36.32500076293945,36.5,29.98872184753418,4225200
2020-12-01,36.869998931884766,37.0880012512207,36.790000915527344,36.959999084472656,30.366668701171875,4491900
2020-12-02,36.86000061035156,37.09000015258789,36.540000915527344,36.56999969482422,30.046232223510742,3019100
2020-12-03,36.63999938964844,37.02000045776367,36.599998474121094,36.84000015258789,30.26807975769043,2953400
2020-12-04,37.04999923706055,37.349998474121094,37.0099983215332,37.33000183105469,30.6706600189209,3325500
2020-12-07,37.279998779296875,37.36000061035156,36.834999084472656,36.959999084472656,30.366668701171875,3027800
2020-12-08,36.81999969482422,37.040000915527344,36.77000045776367,36.790000915527344,30.227001190185547,2184100
2020-12-09,36.83000183105469,36.86000061035156,36.220001220703125,36.45000076293945,29.94763946533203,3443200
2020-12-10,36.310001373291016,36.599998474121094,36.13999938964844,36.25,29.783329010009766,2687300
2020-12-11,36.099998474121094,36.279998779296875,35.849998474121094,36.27000045776367,29.799753189086914,2340600
2020-12-14,36.58000183105469,36.79499816894531,35.9900016784668,36.0099983215332,29.586130142211914,3412600
2020-12-15,36.20000076293945,36.63999938964844,35.939998626708984,36.63999938964844,30.10375213623047,2593200
2020-12-16,36.709999084472656,36.904998779296875,36.43899917602539,36.650001525878906,30.11196517944336,2919300
2020-12-17,36.849998474121094,37.130001068115234,36.7400016784668,37.08000183105469,30.46526336669922,2124200
2020-12-18,37.11000061035156,37.130001068115234,36.17499923706055,36.439998626708984,29.939424514770508,4150700
2020-12-21,35.529998779296875,35.7400016784668,35.29999923706055,35.650001525878906,29.669769287109375,5463900
2020-12-22,35.68000030517578,35.900001525878906,35.529998779296875,35.900001525878906,29.87784767150879,1673100
2020-12-23,36.02000045776367,36.21799850463867,35.560001373291016,35.560001373291016,29.59487533569336,1965300
2020-12-24,35.70000076293945,35.90999984741211,35.68000030517578,35.90999984741211,29.886159896850586,1600000
2020-12-28,36.029998779296875,36.22999954223633,35.86000061035156,36.20000076293945,30.127517700195312,2955500
2020-12-29,36.36000061035156,36.5099983215332,35.91999816894531,35.91999816894531,29.894489288330078,2212200
2020-12-30,36.0099983215332,36.38999938964844,35.935001373291016,36.119998931884766,30.060937881469727,2365000
2020-12-31,36.130001068115234,36.61000061035156,35.849998474121094,36.560001373291016,30.427127838134766,4083800
2021-01-04,36.63999938964844,36.709999084472656,35.369998931884766,35.380001068115234,29.445070266723633,4967000
2021-01-05,35.400001525878906,35.68000030517578,35.310001373291016,35.34000015258789,29.41177749633789,4432400
2021-01-06,35.349998474121094,35.39500045776367,34.970001220703125,35.16999816894531,29.270301818847656,7383400
2021-01-07,35.25,35.400001525878906,35.01499938964844,35.279998779296875,29.361848831176758,3433700
2021-01-08,35.369998931884766,35.77000045776367,35.31999969482422,35.65999984741211,29.6781005859375,3419900
2021-01-11,35.470001220703125,35.630001068115234,34.95500183105469,35.060001373291016,29.17875099182129,4050000
2021-01-12,34.9900016784668,35.130001068115234,34.650001525878906,35.09000015258789,29.20371437072754,4372500
2021-01-13,35.06999969482422,35.630001068115234,35.06999969482422,35.56999969482422,29.603200912475586,3024400
2021-01-14,35.66999816894531,36.02000045776367,35.5,35.790000915527344,29.78629493713379,3792500
2021-01-15,35.709999084472656,36.40599822998047,35.630001068115234,36.34000015258789,30.244029998779297,4213000
2021-01-19,36.52000045776367,36.540000915527344,36.025001525878906,36.099998474121094,30.04429054260254,3317800
2021-01-20,36.189998626708984,36.99399948120117,36.0099983215332,36.849998474121094,30.668472290039062,4404200
2021-01-21,36.70000076293945,36.76900100708008,36.369998931884766,36.72999954223633,30.568613052368164,2669600
2021-01-22,36.54999923706055,36.90999984741211,36.52000045776367,36.81999969482422,30.643505096435547,2355200
2021-01-25,36.810001373291016,37.369998931884766,36.630001068115234,37.150001525878906,30.918153762817383,5784200
2021-01-26,37.20000076293945,37.630001068115234,37.119998931884766,37.529998779296875,31.23441505432129,3398900
2021-01-27,37.29999923706055,37.689998626708984,36.810001373291016,37.04999923706055,30.83492660522461,8415100
2021-01-28,37.119998931884766,37.590999603271484,36.79999923706055,37.150001525878906,30.918153762817383,11831200
2021-01-29,36.869998931884766,37.290000915527344,36.54999923706055,36.7599983215332,30.593568801879883,5590700
2021-02-01,36.9900016784668,37.60499954223633,36.52000045776367,37.59000015258789,31.284347534179688,3729300
2021-02-02,37.779998779296875,37.939998626708984,37.5099983215332,37.75,31.41750717163086,3017400
2021-02-03,37.70000076293945,37.72999954223633,37.09000015258789,37.599998474121094,31.292661666870117,3472200
2021-02-04,37.650001525878906,38.040000915527344,37.529998779296875,37.810001373291016,31.46744155883789,3040200
2021-02-05,37.91999816894531,38.0099983215332,37.779998779296875,37.939998626708984,31.575626373291016,2019400
2021-02-08,37.959999084472656,38.029998779296875,37.689998626708984,38.02000045776367,31.6422176361084,2590000
2021-02-09,38.099998474121094,38.310001373291016,37.97999954223633,38.189998626708984,31.783702850341797,1682200
2021-02-10,38.380001068115234,38.70500183105469,38.23099899291992,38.45000076293945,32.000083923339844,3329000
2021-02-11,38.5,38.61000061035156,38.18000030517578,38.380001068115234,31.941829681396484,2301000
2021-02-12,38.290000915527344,38.459999084472656,38.020999908447266,38.369998931884766,31.933504104614258,1826300
2021-02-16,38.43000030517578,38.470001220703125,37.77000045776367,37.959999084472656,31.5922794342041,3341300
2021-02-17,37.939998626708984,38.05500030517578,37.720001220703125,37.9900016784668,31.61724281311035,3277200
2021-02-18,37.84000015258789,38.029998779296875,37.81999969482422,37.970001220703125,31.600601196289062,2932100
2021-02-19,38.150001525878906,38.36000061035156,37.98500061035156,38.09000015258789,31.700477600097656,2448500
2021-02-22,38.029998779296875,38.45000076293945,37.880001068115234,38.310001373291016,31.88356590270996,4293100
2021-02-23,38.540000915527344,38.689998626708984,38.30500030517578,38.45000076293945,32.000083923339844,5986100
2021-02-24,38.45000076293945,38.76499938964844,38.310001373291016,38.630001068115234,32.14988327026367,3779900
2021-02-25,38.63999938964844,38.900001525878906,37.7400016784668,38.0,31.625574111938477,6790200
2021-02-26,38.119998931884766,38.119998931884766,37.31700134277344,37.34000015258789,31.076282501220703,8008400
2021-03-01,37.7599983215332,38.02000045776367,37.375,37.380001068115234,31.109577178955078,4505600
2021-03-02,37.400001525878906,37.41999816894531,36.849998474121094,37.150001525878906,30.918153762817383,7482600
2021-03-03,37.150001525878906,37.150001525878906,36.6349983215332,36.689998626708984,30.53531837463379,7743400
2021-03-04,36.810001373291016,37.119998931884766,36.06999969482422,36.41999816894531,30.310611724853516,11162900
2021-03-05,36.70000076293945,37.0,35.88999938964844,36.84000015258789,30.660154342651367,9431800
2021-03-08,36.93000030517578,37.47999954223633,36.66999816894531,37.02000045776367,30.809961318969727,5381500
2021-03-09,37.209999084472656,37.69499969482422,37.209999084472656,37.439998626708984,31.15950584411621,4163400
2021-03-10,37.47999954223633,38.040000915527344,37.380001068115234,37.810001373291016,31.46744155883789,4908400
2021-03-11,37.91999816894531,38.650001525878906,37.82500076293945,38.369998931884766,31.933504104614258,4092700
2021-03-12,38.33000183105469,39.029998779296875,38.310001373291016,39.029998779296875,32.48280334472656,3621600
2021-03-15,39.060001373291016,39.58000183105469,38.84199905395508,39.470001220703125,32.84897994995117,4585700
2021-03-16,39.529998779296875,39.65999984741211,39.290000915527344,39.470001220703125,32.84897994995117,3814700
2021-03-17,39.400001525878906,39.45000076293945,39.060001373291016,39.40999984741211,32.79905319213867,4914800
2021-03-18,39.189998626708984,39.27000045776367,38.86000061035156,39.15999984741211,32.59098434448242,4147000
2021-03-19,39.16999816894531,39.308998107910156,38.58000183105469,38.63999938964844,32.15821838378906,5718700
2021-03-22,38.279998779296875,38.79999923706055,38.15999984741211,38.68000030517578,32.5129280090332,4371700
2021-03-23,38.7599983215332,39.06999969482422,38.599998474121094,38.79999923706055,32.613800048828125,4453800
2021-03-24,38.779998779296875,39.029998779296875,38.505001068115234,38.630001068115234,32.47089767456055,10398000
2021-03-25,38.630001068115234,39.005001068115234,38.220001220703125,38.959999084472656,32.748291015625,5725300
2021-03-26,39.13999938964844,39.93000030517578,39.040000915527344,39.90999984741211,33.54682540893555,4550900
2021-03-29,39.77000045776367,40.0,39.34000015258789,39.81999969482422,33.471168518066406,5335600
2021-03-30,39.7599983215332,39.81999969482422,39.54999923706055,39.650001525878906,33.328269958496094,4534600
2021-03-31,39.599998474121094,39.895999908447266,39.27000045776367,39.4900016784668,33.19378662109375,5083900
2021-04-01,39.68000030517578,40.119998931884766,39.470001220703125,40.119998931884766,33.72333908081055,6082700
2021-04-05,40.369998931884766,40.369998931884766,39.939998626708984,40.33000183105469,33.89985656738281,5235600
2021-04-06,40.2400016784668,40.43000030517578,40.08000183105469,40.43000030517578,33.983909606933594,4270100
2021-04-07,40.45000076293945,40.57400131225586,40.1150016784668,40.47999954223633,34.02593231201172,3063200
2021-04-08,40.529998779296875,40.70000076293945,40.244998931884766,40.279998779296875,33.857826232910156,4042700
2021-04-09,40.349998474121094,40.38999938964844,40.15999984741211,40.34000015258789,33.908267974853516,1887000
2021-04-12,40.43000030517578,40.584999084472656,40.09000015258789,40.58000183105469,34.10999298095703,2946900
2021-04-13,40.58000183105469,40.86000061035156,40.47999954223633,40.81999969482422,34.311737060546875,7557800
2021-04-14,40.79999923706055,41.0099983215332,40.52000045776367,40.56999969482422,34.10158157348633,3027900
2021-04-15,40.79999923706055,41.349998474121094,40.70000076293945,41.34000015258789,34.74882888793945,3786400
2021-04-16,41.52000045776367,41.54999923706055,41.290000915527344,41.400001525878906,34.79925537109375,3173700
2021-04-19,41.40999984741211,41.54499816894531,41.165000915527344,41.529998779296875,34.90851974487305,3291600
2021-04-20,41.45000076293945,42.119998931884766,41.400001525878906,41.9900016784668,35.29519271850586,5042100
2021-04-21,42.060001373291016,42.2599983215332,41.93000030517578,42.18000030517578,35.45489501953125,4182600
2021-04-22,42.130001068115234,42.369998931884766,41.93000030517578,42.0,35.30359649658203,4074600
2021-04-23,42.11000061035156,42.36000061035156,41.97999954223633,42.2400016784668,35.50532913208008,3551700
2021-04-26,42.40999984741211,42.56999969482422,42.220001220703125,42.33000183105469,35.58097457885742,2893600
2021-04-27,42.470001220703125,42.470001220703125,42.220001220703125,42.33000183105469,35.58097457885742,3715200
2021-04-28,42.400001525878906,42.47999954223633,42.150001525878906,42.18000030517578,35.45489501953125,2246200
2021-04-29,42.40999984741211,42.58000183105469,42.20000076293945,42.4900016784668,35.71547317504883,4261900
2021-04-30,42.34000015258789,42.810001373291016,42.29999923706055,42.77000045776367,35.950828552246094,4592300
2021-05-03,42.869998931884766,42.869998931884766,42.47999954223633,42.540000915527344,35.75749588012695,5074000
2021-05-04,42.45000076293945,42.720001220703125,42.02000045776367,42.279998779296875,35.5389518737793,4892400
2021-05-05,42.220001220703125,42.22999954223633,41.47999954223633,41.65999984741211,35.017799377441406,5972400
2021-05-06,41.68000030517578,41.90999984741211,41.5099983215332,41.86000061035156,35.18592071533203,4116400
2021-05-07,41.81999969482422,42.38999938964844,41.81999969482422,42.369998931884766,35.61460494995117,3863600
2021-05-10,42.58000183105469,42.9379997253418,42.46500015258789,42.560001373291016,35.77431106567383,3873100
2021-05-11,42.11000061035156,42.21799850463867,41.67499923706055,42.060001373291016,35.35403060913086,5546200
2021-05-12,41.88999938964844,42.0,41.02000045776367,41.040000915527344,34.49665069580078,5443800
2021-05-13,41.119998931884766,41.79800033569336,41.11000061035156,41.560001373291016,34.93374252319336,10719300
2021-05-14,41.77000045776367,42.11000061035156,41.619998931884766,41.95000076293945,35.261566162109375,3828600
2021-05-17,41.90999984741211,42.07500076293945,41.81999969482422,41.970001220703125,35.278385162353516,3583400
2021-05-18,41.95000076293945,42.29899978637695,41.67499923706055,42.04999923706055,35.345619201660156,4545500
2021-05-19,41.72999954223633,41.88999938964844,41.33000183105469,41.88999938964844,35.21113967895508,7500900
2021-05-20,41.81999969482422,42.56999969482422,41.744998931884766,42.40999984741211,35.64822769165039,5260700
2021-05-21,42.5099983215332,42.56999969482422,42.27000045776367,42.34000015258789,35.58938217163086,4565100
2021-05-24,42.58000183105469,42.994998931884766,42.5099983215332,42.79999923706055,35.97604751586914,9873000
2021-05-25,42.900001525878906,43.07899856567383,42.61000061035156,42.91999816894531,36.076908111572266,4333800
2021-05-26,43.0,43.29999923706055,42.88999938964844,43.02000045776367,36.16096878051758,4738200
2021-05-27,43.15999984741211,43.18000030517578,42.90399932861328,42.970001220703125,36.11894226074219,4288000
2021-05-28,43.22800064086914,43.40999984741211,43.150001525878906,43.2599983215332,36.36269760131836,3534100
2021-06-01,43.47999954223633,44.0,43.279998779296875,44.0,36.984710693359375,5512300
2021-06-02,44.11000061035156,44.619998931884766,43.97999954223633,44.61000061035156,37.497467041015625,4599000
2021-06-03,44.44200134277344,44.560001373291016,44.23500061035156,44.52000045776367,37.421817779541016,3447300
2021-06-04,44.66999816894531,44.72999954223633,44.34000015258789,44.560001373291016,37.45542907714844,3061300
2021-06-07,44.619998931884766,45.150001525878906,44.619998931884766,44.97999954223633,37.80845642089844,5659700
2021-06-08,45.06999969482422,45.36800003051758,45.005001068115234,45.220001220703125,38.01020050048828,5577200
2021-06-09,45.380001068115234,45.46799850463867,45.22999954223633,45.27000045776367,38.05223846435547,2401800
2021-06-10,45.290000915527344,45.810001373291016,45.17499923706055,45.72999954223633,38.43888854980469,3818400
2021-06-11,45.779998779296875,45.779998779296875,45.27000045776367,45.439998626708984,38.195125579833984,4478100
2021-06-14,45.45000076293945,45.720001220703125,45.380001068115234,45.70000076293945,38.41367721557617,2746000
2021-06-15,45.70000076293945,45.70000076293945,45.2400016784668,45.279998779296875,38.060646057128906,2948300
2021-06-16,45.380001068115234,45.505001068115234,44.83000183105469,44.869998931884766,37.71600341796875,6093100
2021-06-17,44.77000045776367,45.06999969482422,44.66999816894531,45.040000915527344,37.85890579223633,4558600
2021-06-18,44.790000915527344,45.04499816894531,44.33000183105469,44.33000183105469,37.26211166381836,9034600
2021-06-21,44.2400016784668,45.029998779296875,44.06999969482422,44.91999816894531,38.00235366821289,4818200
2021-06-22,44.939998626708984,44.95000076293945,44.709999084472656,44.720001220703125,37.833160400390625,2428600
2021-06-23,44.70000076293945,44.84400177001953,44.52299880981445,44.58000183105469,37.714717864990234,5049300
2021-06-24,44.7400016784668,44.7400016784668,44.18000030517578,44.369998931884766,37.53705596923828,3267900
2021-06-25,44.459999084472656,44.70000076293945,44.29999923706055,44.689998626708984,37.807769775390625,3278500
2021-06-28,44.779998779296875,44.779998779296875,44.349998474121094,44.709999084472656,37.8246955871582,3260700
2021-06-29,44.65999984741211,44.97800064086914,44.599998474121094,44.68000030517578,37.79931640625,2851400
2021-06-30,44.65999984741211,44.91999816894531,44.279998779296875,44.33000183105469,37.50322341918945,6087600
2021-07-01,44.31999969482422,44.849998474121094,44.165000915527344,44.5099983215332,37.65549087524414,6332000
2021-07-02,44.65999984741211,44.875999450683594,44.5,44.720001220703125,37.833160400390625,3992900
2021-07-06,44.70000076293945,45.15999984741211,44.40999984741211,45.119998931884766,38.17155456542969,5002400
2021-07-07,45.09000015258789,45.52000045776367,44.86000061035156,45.349998474121094,38.36613082885742,4634400
2021-07-08,45.06999969482422,45.43000030517578,44.970001220703125,45.310001373291016,38.33229064941406,5252900
2021-07-09,45.529998779296875,45.939998626708984,45.349998474121094,45.90999984741211,38.839900970458984,4090400
2021-07-12,45.88999938964844,46.36000061035156,45.849998474121094,46.310001373291016,39.17830276489258,3406600
2021-07-13,46.150001525878906,46.2400016784668,45.560001373291016,45.709999084472656,38.67069625854492,4764500
2021-07-14,45.75,46.244998931884766,45.61000061035156,46.11000061035156,39.009098052978516,3942900
2021-07-15,46.06999969482422,46.25,46.01499938964844,46.18000030517578,39.06831741333008,4138400
2021-07-16,46.33000183105469,46.54499816894531,46.18000030517578,46.22999954223633,39.11061477661133,4107200
2021-07-19,45.810001373291016,45.91999816894531,45.130001068115234,45.5099983215332,38.50149154663086,8124900
2021-07-20,45.7400016784668,46.47999954223633,45.66999816894531,46.33000183105469,39.195220947265625,4986200
2021-07-21,46.40999984741211,46.470001220703125,46.1150016784668,46.189998626708984,39.07677459716797,4280500
2021-07-22,46.029998779296875,46.029998779296875,45.619998931884766,45.86000061035156,38.797584533691406,4127600
2021-07-23,46.0099983215332,46.31999969482422,45.880001068115234,46.279998779296875,39.152915954589844,4995800
2021-07-26,46.16999816894531,46.29899978637695,45.880001068115234,46.279998779296875,39.152915954589844,3699600
2021-07-27,46.2599983215332,46.689998626708984,46.095001220703125,46.650001525878906,39.465946197509766,3937400
2021-07-28,46.68000030517578,46.70000076293945,46.220001220703125,46.369998931884766,39.22905731201172,6457100
2021-07-29,46.4900016784668,46.7400016784668,46.18000030517578,46.22999954223633,39.11061477661133,7659100
2021-07-30,46.33000183105469,46.93000030517578,46.27000045776367,46.380001068115234,39.237518310546875,4998700
2021-08-02,46.619998931884766,46.88999938964844,46.34000015258789,46.400001525878906,39.25443649291992,6819300
2021-08-03,46.529998779296875,46.665000915527344,46.28799819946289,46.59000015258789,39.4151725769043,6669700
2021-08-04,46.599998474121094,46.79999923706055,46.220001220703125,46.439998626708984,39.288272857666016,4374600
2021-08-05,46.689998626708984,46.83000183105469,46.40999984741211,46.810001373291016,39.60129928588867,5469000
2021-08-06,46.849998474121094,47.0099983215332,46.63199996948242,46.72999954223633,39.53361892700195,3452600
2021-08-09,46.72999954223633,46.72999954223633,46.40999984741211,46.52000045776367,39.35595703125,3556200
2021-08-10,46.58000183105469,46.599998474121094,45.9900016784668,46.02000045776367,38.93295669555664,6752900
2021-08-11,46.2400016784668,46.369998931884766,46.04999923706055,46.27000045776367,39.14446258544922,4074400
2021-08-12,46.369998931884766,46.439998626708984,46.11000061035156,46.43000030517578,39.279808044433594,3733000
2021-08-13,46.58000183105469,46.7599983215332,46.3849983215332,46.7400016784668,39.54207992553711,4763300
2021-08-16,46.66999816894531,46.97999954223633,46.599998474121094,46.790000915527344,39.584373474121094,4879200
2021-08-17,46.630001068115234,46.89500045776367,46.470001220703125,46.880001068115234,39.6605224609375,4916800
2021-08-18,46.77000045776367,46.790000915527344,46.33000183105469,46.38999938964844,39.24597930908203,5431500
2021-08-19,46.25,46.849998474121094,46.119998931884766,46.779998779296875,39.57592010498047,5385100
2021-08-20,46.7599983215332,47.23699951171875,46.43000030517578,47.0,39.76203918457031,4420700
2021-08-23,47.13999938964844,47.15999984741211,46.720001220703125,46.81999969482422,39.60976028442383,4653700
2021-08-24,46.939998626708984,46.939998626708984,46.349998474121094,46.470001220703125,39.313663482666016,4291800
2021-08-25,46.470001220703125,46.654998779296875,46.2599983215332,46.41999816894531,39.27134704589844,4543600
2021-08-26,46.470001220703125,46.595001220703125,46.275001525878906,46.45000076293945,39.29673767089844,2861300
2021-08-27,46.63999938964844,46.959999084472656,46.540000915527344,46.83000183105469,39.61822509765625,2530500
2021-08-30,46.869998931884766,47.415000915527344,46.77000045776367,47.400001525878906,40.100433349609375,6169800
2021-08-31,47.2400016784668,47.7400016784668,47.119998931884766,47.68000030517578,40.33730697631836,4855300
2021-09-01,47.75,48.54999923706055,47.7400016784668,48.5,41.031044006347656,9196200
2021-09-02,48.58000183105469,48.72999954223633,48.13999938964844,48.72999954223633,41.22561264038086,6576100
2021-09-03,48.58000183105469,48.80500030517578,48.154998779296875,48.72999954223633,41.22561264038086,5537900
2021-09-07,48.54999923706055,48.599998474121094,47.73400115966797,48.189998626708984,40.768775939941406,7162300
2021-09-08,48.0099983215332,48.630001068115234,47.90999984741211,48.47999954223633,41.01411437988281,6704200
2021-09-09,48.209999084472656,48.2599983215332,47.439998626708984,47.45000076293945,40.14274215698242,4573200
2021-09-10,47.5,47.52000045776367,46.83000183105469,46.849998474121094,39.635135650634766,6203600
2021-09-13,47.33000183105469,47.505001068115234,46.9109992980957,47.11000061035156,39.855098724365234,5495200
2021-09-14,47.33000183105469,47.38999938964844,46.77000045776367,47.0099983215332,39.770503997802734,5234500
2021-09-15,47.11000061035156,47.439998626708984,46.83000183105469,47.189998626708984,39.92279052734375,4885700
2021-09-16,47.189998626708984,47.479000091552734,46.849998474121094,47.279998779296875,39.998924255371094,4685700
2021-09-17,47.02000045776367,47.33000183105469,46.77299880981445,46.849998474121094,39.635135650634766,8711800
2021-09-20,46.06999969482422,46.6150016784668,45.720001220703125,46.27000045776367,39.36375427246094,13017800
2021-09-21,46.459999084472656,46.83000183105469,46.2599983215332,46.279998779296875,39.37226104736328,6982600
2021-09-22,46.599998474121094,46.93000030517578,46.349998474121094,46.66999816894531,39.70404815673828,6432400
2021-09-23,46.779998779296875,46.91999816894531,46.369998931884766,46.439998626708984,39.50837326049805,4571500
2021-09-24,46.349998474121094,46.52000045776367,45.779998779296875,45.90999984741211,39.057491302490234,5211600
2021-09-27,45.869998931884766,46.13999938964844,45.10499954223633,45.150001525878906,38.41092300415039,6701100
2021-09-28,44.869998931884766,45.08000183105469,44.529998779296875,44.880001068115234,38.18122100830078,12068800
2021-09-29,45.04999923706055,45.380001068115234,45.0,45.16999816894531,38.42793273925781,5975800
2021-09-30,45.380001068115234,45.39500045776367,44.45000076293945,44.45000076293945,37.81540298461914,6342800
2021-10-01,44.7400016784668,45.25,44.400001525878906,44.93000030517578,38.223758697509766,8294700
2021-10-04,44.84000015258789,45.15999984741211,44.650001525878906,44.97999954223633,38.26628875732422,10456400
2021-10-05,45.060001373291016,45.060001373291016,44.43000030517578,44.630001068115234,37.968536376953125,5480300
2021-10-06,44.459999084472656,45.099998474121094,43.95000076293945,45.060001373291016,38.33435821533203,8996300
2021-10-07,45.29999923706055,45.720001220703125,45.04999923706055,45.11000061035156,38.37688446044922,7269800
2021-10-08,45.11000061035156,45.16999816894531,44.54999923706055,44.619998931884766,37.960025787353516,5464400
2021-10-11,44.599998474121094,44.875999450683594,44.34000015258789,44.68000030517578,38.01108169555664,4151900
2021-10-12,44.75,45.47999954223633,44.65999984741211,45.279998779296875,38.521522521972656,5663300
2021-10-13,45.20000076293945,45.59000015258789,44.85300064086914,45.540000915527344,38.74270248413086,9279200
2021-10-14,45.81999969482422,46.23500061035156,45.709999084472656,46.18000030517578,39.28717803955078,4392500
2021-10-15,46.47999954223633,46.599998474121094,45.91999816894531,46.20000076293945,39.30419158935547,5210100
2021-10-18,46.029998779296875,46.470001220703125,45.93000030517578,46.279998779296875,39.37226104736328,4251300
2021-10-19,46.52000045776367,46.70000076293945,46.40999984741211,46.4900016784668,39.55091857910156,3509700
2021-10-20,46.58000183105469,47.209999084472656,46.5099983215332,47.20000076293945,40.154945373535156,5596400
2021-10-21,47.18000030517578,47.38999938964844,47.025001525878906,47.349998474121094,40.28255081176758,5528800
2021-10-22,47.4900016784668,47.79499816894531,47.40999984741211,47.689998626708984,40.57179260253906,5378000
2021-10-25,47.72999954223633,47.94499969482422,47.35499954223633,47.83000183105469,40.6909065246582,4933100
2021-10-26,47.88999938964844,48.21900177001953,47.83000183105469,48.04999923706055,40.87806701660156,9546200
2021-10-27,48.290000915527344,48.31999969482422,47.70000076293945,47.70000076293945,40.58030700683594,7158300
2021-10-28,47.689998626708984,48.400001525878906,47.672000885009766,48.400001525878906,41.17583465576172,6690300
2021-10-29,48.220001220703125,48.36000061035156,47.61000061035156,47.81999969482422,40.682395935058594,7925200
2021-11-01,47.939998626708984,48.025001525878906,47.14500045776367,47.93000030517578,40.77598190307617,6766900
2021-11-02,48.16999816894531,48.54800033569336,47.91999816894531,48.380001068115234,41.15880584716797,6617300
2021-11-03,48.439998626708984,48.7599983215332,48.15999984741211,48.65999984741211,41.39701461791992,4814500
2021-11-04,48.58000183105469,48.70000076293945,47.90999984741211,48.11000061035156,40.92911148071289,4620600
2021-11-05,48.58000183105469,48.849998474121094,48.13800048828125,48.220001220703125,41.02269744873047,5731400
2021-11-08,48.36000061035156,48.41999816894531,47.77000045776367,48.209999084472656,41.01418685913086,5791700
2021-11-09,48.310001373291016,48.47999954223633,48.20000076293945,48.38999938964844,41.16732406616211,4410400
2021-11-10,48.2400016784668,48.560001373291016,48.14500045776367,48.150001525878906,40.963134765625,5063100
2021-11-11,48.209999084472656,48.209999084472656,47.810001373291016,48.16999816894531,40.980159759521484,4191900
2021-11-12,48.33000183105469,48.349998474121094,48.0099983215332,48.189998626708984,40.99717330932617,3902800
2021-11-15,48.209999084472656,48.459999084472656,48.0099983215332,48.459999084472656,41.22686767578125,3591500
2021-11-16,48.4900016784668,48.58000183105469,48.064998626708984,48.15999984741211,40.97164535522461,4936700
2021-11-17,48.060001373291016,48.540000915527344,47.459999084472656,48.47999954223633,41.24388885498047,15340000
2021-11-18,48.529998779296875,48.58000183105469,48.25,48.470001220703125,41.235374450683594,5484700
2021-11-19,48.52000045776367,48.59000015258789,48.09000015258789,48.209999084472656,41.01418685913086,5099600
2021-11-22,48.220001220703125,48.41999816894531,47.849998474121094,47.970001220703125,40.810001373291016,5416900
2021-11-23,48.119998931884766,48.6150016784668,47.89500045776367,48.47999954223633,41.24388885498047,9784700
2021-11-24,48.470001220703125,49.19499969482422,48.34000015258789,49.130001068115234,41.79686737060547,5086700
2021-11-26,48.470001220703125,48.59000015258789,47.72999954223633,47.79999923706055,40.66538619995117,6829200
2021-11-29,48.16999816894531,48.7599983215332,47.808998107910156,48.400001525878906,41.17583465576172,7173400
2021-11-30,48.18000030517578,48.29999923706055,47.369998931884766,47.38999938964844,40.31657409667969,11022100
2021-12-01,47.900001525878906,48.43000030517578,46.7400016784668,46.77000045776367,39.789119720458984,12299600
2021-12-02,47.09000015258789,48.34000015258789,46.97999954223633,48.04999923706055,40.87806701660156,10097200
2021-12-03,48.11000061035156,48.34000015258789,47.400001525878906,47.810001373291016,40.67388916015625,11826500
2021-12-06,48.15999984741211,48.900001525878906,48.13999938964844,48.5,41.260902404785156,8711100
2021-12-07,48.880001068115234,49.435001373291016,48.7599983215332,49.36000061035156,41.99253463745117,7763600
2021-12-08,49.36000061035156,49.70000076293945,49.189998626708984,49.56999969482422,42.17119598388672,6931400
2021-12-09,49.459999084472656,49.470001220703125,48.89500045776367,48.939998626708984,41.635223388671875,3572400
2021-12-10,49.13999938964844,49.22999954223633,48.88199996948242,49.189998626708984,41.84790802001953,3683700
2021-12-13,49.04999923706055,50.07500076293945,48.97999954223633,49.849998474121094,42.409400939941406,5105600
2021-12-14,49.7400016784668,49.849998474121094,48.93000030517578,49.29999923706055,41.941490173339844,8920600
2021-12-15,49.459999084472656,50.099998474121094,49.40999984741211,50.029998779296875,42.56252670288086,8196000
2021-12-16,50.13999938964844,50.54999923706055,49.904998779296875,50.220001220703125,42.72417449951172,7161500
2021-12-17,50.16999816894531,50.64500045776367,49.97999954223633,50.04999923706055,42.579551696777344,8626500
2021-12-20,49.04999923706055,49.5,48.77000045776367,49.29999923706055,42.300689697265625,9760200
2021-12-21,49.63999938964844,49.88999938964844,49.375,49.58000183105469,42.54093551635742,6024000
2021-12-22,49.72999954223633,50.099998474121094,49.67499923706055,50.06999969482422,42.96137237548828,4530000
2021-12-23,50.16999816894531,50.189998626708984,49.630001068115234,49.91999816894531,42.83266067504883,5264600
2021-12-27,50.060001373291016,50.939998626708984,49.959999084472656,50.939998626708984,43.707855224609375,5183100
2021-12-28,50.939998626708984,51.18000030517578,50.77000045776367,51.15999984741211,43.89661407470703,5592700
2021-12-29,51.2599983215332,51.619998931884766,51.02000045776367,51.470001220703125,44.16261672973633,4404700
2021-12-30,51.52000045776367,51.869998931884766,51.439998626708984,51.70000076293945,44.35994338989258,3665900
2021-12-31,51.720001220703125,52.16999816894531,51.65999984741211,51.810001373291016,44.45433807373047,3979100
2022-01-03,51.97999954223633,51.97999954223633,50.54999923706055,51.33000183105469,44.042484283447266,8441200
2022-01-04,51.470001220703125,51.689998626708984,51.08000183105469,51.130001068115234,43.870880126953125,7440700
2022-01-05,50.959999084472656,50.959999084472656,49.439998626708984,49.470001220703125,42.446556091308594,14980800
2022-01-06,49.5099983215332,49.67499923706055,48.880001068115234,49.529998779296875,42.4980354309082,9807100
2022-01-07,49.369998931884766,49.5989990234375,49.040000915527344,49.27000045776367,42.27495193481445,6141100
2022-01-10,48.849998474121094,48.97999954223633,48.25,48.97999954223633,42.026119232177734,6870600
2022-01-11,48.880001068115234,48.98500061035156,48.17499923706055,48.900001525878906,41.957481384277344,7442400
2022-01-12,48.84000015258789,49.349998474121094,48.84000015258789,49.029998779296875,42.06901550292969,4686800
2022-01-13,49.20000076293945,49.29999923706055,48.7760009765625,48.86000061035156,41.923152923583984,5481200
2022-01-14,48.58000183105469,48.63999938964844,47.72999954223633,48.290000915527344,41.43408203125,5737300
2022-01-18,47.9900016784668,48.119998931884766,47.47999954223633,47.959999084472656,41.15093231201172,8948300
2022-01-19,48.209999084472656,48.5,47.34000015258789,47.34000015258789,40.61896514892578,7152500
2022-01-20,47.43000030517578,48.06100082397461,46.869998931884766,46.91999816894531,40.258583068847656,7586800
2022-01-21,47.150001525878906,47.46500015258789,46.775001525878906,46.88999938964844,40.232852935791016,10920600
2022-01-24,46.470001220703125,47.084999084472656,45.35300064086914,46.9900016784668,40.31865310668945,19972200
2022-01-25,46.43000030517578,47.20000076293945,45.9900016784668,46.86000061035156,40.20710754394531,10908900
2022-01-26,47.099998474121094,47.66999816894531,45.744998931884766,46.08000183105469,39.53784942626953,12858500
2022-01-27,46.43000030517578,46.71500015258789,45.06999969482422,45.25,38.82568359375,8783800
2022-01-28,45.349998474121094,46.81999969482422,44.79999923706055,46.81999969482422,40.17278289794922,6455400
2022-01-31,46.56999969482422,47.40999984741211,46.41999816894531,47.34000015258789,40.61896514892578,4557200
2022-02-01,47.34000015258789,47.40999984741211,46.709999084472656,47.02000045776367,40.344383239746094,8057400
2022-02-02,47.279998779296875,47.935001373291016,47.2400016784668,47.83000183105469,41.03938674926758,6716600
2022-02-03,47.54999923706055,47.709999084472656,47.279998779296875,47.34000015258789,40.61896514892578,4484000
2022-02-04,47.0,47.29999923706055,46.34000015258789,46.689998626708984,40.06123733520508,5447900
2022-02-07,46.689998626708984,47.0099983215332,46.560001373291016,46.70000076293945,40.06982421875,5403300
2022-02-08,46.56999969482422,46.71500015258789,46.18000030517578,46.279998779296875,39.70945358276367,4876000
2022-02-09,46.83000183105469,47.42499923706055,46.810001373291016,47.400001525878906,40.67045211791992,4927400
2022-02-10,46.630001068115234,47.21500015258789,45.78499984741211,46.04999923706055,39.512107849121094,8187100
2022-02-11,46.220001220703125,46.33000183105469,45.13999938964844,45.41999816894531,38.97154998779297,9040100
2022-02-14,45.459999084472656,45.689998626708984,44.72999954223633,44.93000030517578,38.55112075805664,6979200
2022-02-15,45.349998474121094,45.540000915527344,44.9900016784668,45.150001525878906,38.73987579345703,5395100
2022-02-16,45.220001220703125,45.380001068115234,44.790000915527344,45.27000045776367,38.84284591674805,5675200
2022-02-17,45.150001525878906,45.31999969482422,44.775001525878906,44.880001068115234,38.508216857910156,5008400
2022-02-18,44.7400016784668,45.189998626708984,44.54100036621094,44.68000030517578,38.33661651611328,6226000
2022-02-22,44.599998474121094,44.869998931884766,44.290000915527344,44.560001373291016,38.233646392822266,6832300
2022-02-23,44.95000076293945,45.20000076293945,43.91999816894531,43.97999954223633,37.73599624633789,5917600
2022-02-24,43.15999984741211,44.875,43.0,44.7400016784668,38.388092041015625,11608800
2022-02-25,44.91999816894531,45.89500045776367,44.709999084472656,45.86000061035156,39.349082946777344,6193400
2022-02-28,45.27000045776367,45.529998779296875,44.59000015258789,45.06999969482422,38.67123794555664,8591800
2022-03-01,45.290000915527344,45.540000915527344,44.72999954223633,44.97999954223633,38.5940055847168,9027900
2022-03-02,45.13999938964844,45.98500061035156,45.12200164794922,45.779998779296875,39.280433654785156,5481500
2022-03-03,46.040000915527344,46.45500183105469,45.66999816894531,46.279998779296875,39.70945358276367,5774900
2022-03-04,45.93000030517578,46.709999084472656,45.83000183105469,46.66999816894531,40.04408645629883,6193600
2022-03-07,46.58000183105469,46.720001220703125,45.81999969482422,45.81999969482422,39.314762115478516,7882200
2022-03-08,45.83000183105469,46.310001373291016,45.369998931884766,45.40999984741211,38.96296691894531,10469300
2022-03-09,46.189998626708984,46.61000061035156,46.04999923706055,46.16999816894531,39.61506652832031,6229300
2022-03-10,45.720001220703125,46.400001525878906,45.470001220703125,46.33000183105469,39.752357482910156,5638500
2022-03-11,46.560001373291016,46.880001068115234,45.85499954223633,45.869998931884766,39.35765838623047,4363500
2022-03-14,46.220001220703125,46.2400016784668,45.40999984741211,45.59000015258789,39.11741638183594,4846100
2022-03-15,46.119998931884766,46.310001373291016,45.540000915527344,45.95000076293945,39.42630386352539,4988500
2022-03-16,46.310001373291016,46.66899871826172,45.5,46.459999084472656,39.86389923095703,6868200
2022-03-17,46.31999969482422,47.13999938964844,46.27000045776367,47.119998931884766,40.43019104003906,4499700
2022-03-18,47.290000915527344,47.439998626708984,46.93000030517578,47.22999954223633,40.52458572387695,4727800
2022-03-21,46.95000076293945,47.220001220703125,46.4900016784668,46.720001220703125,40.31660461425781,3979300
2022-03-22,46.88999938964844,47.06999969482422,46.68000030517578,46.75,40.342491149902344,2853300
2022-03-23,46.619998931884766,46.79999923706055,46.16400146484375,46.220001220703125,39.8851318359375,3976800
2022-03-24,46.290000915527344,46.58000183105469,46.09000015258789,46.58000183105469,40.195796966552734,3758900
2022-03-25,46.7599983215332,47.15999984741211,46.599998474121094,47.130001068115234,40.67041778564453,4003200
2022-03-28,47.15999984741211,47.7599983215332,47.15999984741211,47.72999954223633,41.18816375732422,3705400
2022-03-29,48.09000015258789,49.20000076293945,48.09000015258789,49.130001068115234,42.396297454833984,5108100
2022-03-30,48.939998626708984,48.9900016784668,48.59000015258789,48.86000061035156,42.163299560546875,3881400
2022-03-31,49.099998474121094,49.220001220703125,48.290000915527344,48.31999969482422,41.69731140136719,5624200
2022-04-01,48.54999923706055,49.310001373291016,48.29999923706055,49.279998779296875,42.52574157714844,6746700
2022-04-04,49.2599983215332,49.43000030517578,48.69499969482422,49.130001068115234,42.396297454833984,5056000
2022-04-05,48.939998626708984,49.810001373291016,48.939998626708984,49.16999816894531,42.43080520629883,5239100
2022-04-06,48.959999084472656,49.959999084472656,48.75,49.900001525878906,43.060768127441406,6810900
2022-04-07,49.619998931884766,49.709999084472656,49.13999938964844,49.4900016784668,42.70695495605469,6015900
2022-04-08,49.4900016784668,49.83000183105469,49.25,49.66999816894531,42.862274169921875,5033700
2022-04-11,49.560001373291016,49.790000915527344,48.849998474121094,48.9900016784668,42.27547836303711,5041300
2022-04-12,48.88999938964844,49.2599983215332,48.630001068115234,48.84000015258789,42.14604187011719,6728900
2022-04-13,48.90999984741211,49.10499954223633,48.619998931884766,49.040000915527344,42.31862258911133,8415000
2022-04-14,49.150001525878906,49.380001068115234,48.73400115966797,48.7599983215332,42.07700729370117,5098900
2022-04-18,48.66999816894531,48.970001220703125,48.380001068115234,48.63999938964844,41.97345733642578,5247900
2022-04-19,48.90999984741211,49.790000915527344,48.900001525878906,49.65999984741211,42.85364532470703,5908900
2022-04-20,49.79999923706055,50.7400016784668,49.709999084472656,50.599998474121094,43.664825439453125,6241800
2022-04-21,50.79999923706055,50.970001220703125,50.2400016784668,50.27000045776367,43.38004684448242,6083100
2022-04-22,50.20000076293945,50.20000076293945,49.33000183105469,49.369998931884766,42.60340118408203,8511100
2022-04-25,49.310001373291016,49.45000076293945,48.34000015258789,49.13999938964844,42.4049186706543,8143800
2022-04-26,49.04999923706055,49.380001068115234,48.36000061035156,48.369998931884766,41.74045944213867,8830300
2022-04-27,48.470001220703125,48.86000061035156,48.029998779296875,48.08000183105469,41.49020767211914,13001300
2022-04-28,48.43000030517578,49.10499954223633,47.779998779296875,48.959999084472656,42.24959182739258,9532500
2022-04-29,48.619998931884766,48.66999816894531,46.4900016784668,46.599998474121094,40.21305465698242,11520500
2022-05-02,46.72999954223633,46.88999938964844,44.45800018310547,45.38999938964844,39.16889190673828,17231300
2022-05-03,45.619998931884766,46.2599983215332,45.220001220703125,45.939998626708984,39.64350509643555,13431300
2022-05-04,45.93000030517578,46.54999923706055,45.154998779296875,46.47999954223633,40.109493255615234,14707100
2022-05-05,46.220001220703125,46.58000183105469,44.959999084472656,45.290000915527344,39.08260726928711,13591600
2022-05-06,44.900001525878906,45.08000183105469,44.33000183105469,44.83000183105469,38.68564987182617,16154900
2022-05-09,44.41999816894531,44.41999816894531,42.599998474121094,42.7400016784668,36.88209915161133,18005000
2022-05-10,43.2599983215332,43.56999969482422,41.52000045776367,41.790000915527344,36.06230163574219,27771000
2022-05-11,41.90999984741211,42.66999816894531,41.65999984741211,41.72999954223633,36.010528564453125,25360800
2022-05-12,41.709999084472656,42.040000915527344,41.369998931884766,42.040000915527344,36.27804183959961,20802700
2022-05-13,42.5099983215332,43.119998931884766,42.119998931884766,43.09000015258789,37.18412780761719,8949200
2022-05-16,42.959999084472656,43.13999938964844,42.69499969482422,42.7400016784668,36.88209915161133,7445500
2022-05-17,43.25,43.29999923706055,42.59000015258789,43.20000076293945,37.279056549072266,7254800
2022-05-18,43.130001068115234,43.18000030517578,41.79999923706055,41.939998626708984,36.19175338745117,9546400
2022-05-19,41.650001525878906,42.349998474121094,41.59000015258789,41.86000061035156,36.122718811035156,8204600
2022-05-20,42.310001373291016,42.43000030517578,41.689998626708984,42.349998474121094,36.54555130004883,9859500
2022-05-23,42.68000030517578,43.0,42.11000061035156,42.900001525878906,37.02017593383789,8100200
2022-05-24,42.630001068115234,43.470001220703125,42.13999938964844,43.400001525878906,37.45164108276367,9706200
2022-05-25,43.209999084472656,43.790000915527344,43.060001373291016,43.63999938964844,37.65875244140625,7668000
2022-05-26,43.90999984741211,44.11600112915039,43.5,43.59000015258789,37.6156005859375,7131100
2022-05-27,43.83000183105469,44.84000015258789,43.83000183105469,44.81999969482422,38.67701721191406,4540800
2022-05-31,44.349998474121094,44.54999923706055,43.970001220703125,44.220001220703125,38.15925598144531,15462000
2022-06-01,44.38999938964844,44.41999816894531,43.2599983215332,43.7400016784668,37.74504852294922,9317800
2022-06-02,43.529998779296875,44.41999816894531,42.904998779296875,44.400001525878906,38.31458282470703,8401500
2022-06-03,44.0,44.310001373291016,43.7400016784668,43.84000015258789,37.83134078979492,6905100
2022-06-06,44.150001525878906,44.220001220703125,43.59000015258789,43.709999084472656,37.71915817260742,7605400
2022-06-07,43.5,44.25,43.20000076293945,44.220001220703125,38.15925598144531,4812800
2022-06-08,43.970001220703125,44.040000915527344,43.060001373291016,43.15999984741211,37.24453353881836,5418800
2022-06-09,43.0099983215332,43.34000015258789,42.15999984741211,42.16999816894531,36.39022445678711,5533800
2022-06-10,41.61000061035156,41.72999954223633,41.150001525878906,41.16999816894531,35.52727508544922,8566800
2022-06-13,40.099998474121094,40.2599983215332,39.02000045776367,39.189998626708984,33.81866455078125,13192800
2022-06-14,39.31999969482422,39.400001525878906,38.630001068115234,38.90999984741211,33.57703399658203,9800800
2022-06-15,39.29999923706055,40.36000061035156,39.16999816894531,39.79999923706055,34.34504699707031,9429200
2022-06-16,38.93000030517578,39.310001373291016,38.65999984741211,38.849998474121094,33.52526092529297,8398000
2022-06-17,39.029998779296875,39.63999938964844,38.74399948120117,39.08000183105469,33.72373580932617,14302000
2022-06-21,39.18000030517578,39.81999969482422,39.13999938964844,39.4900016784668,34.35179901123047,6031800
2022-06-22,39.119998931884766,40.685001373291016,39.08000183105469,40.130001068115234,34.90851593017578,5776400
2022-06-23,40.31999969482422,41.05500030517578,40.279998779296875,40.91999816894531,35.595726013183594,7414500
2022-06-24,41.209999084472656,41.83000183105469,41.099998474121094,41.810001373291016,36.369930267333984,6781800
2022-06-27,41.72999954223633,42.16999816894531,41.470001220703125,41.65999984741211,36.23945236206055,4743000
2022-06-28,41.869998931884766,42.18000030517578,41.02000045776367,41.09000015258789,35.743621826171875,3487300
2022-06-29,40.75,40.91999816894531,40.27000045776367,40.83000183105469,35.5174446105957,4473000
2022-06-30,40.650001525878906,41.36000061035156,40.33000183105469,40.86000061035156,35.543540954589844,4305200
2022-07-01,40.779998779296875,41.709999084472656,40.720001220703125,41.59000015258789,36.17855453491211,4894100
2022-07-05,41.18000030517578,41.41999816894531,40.415000915527344,41.41999816894531,36.030677795410156,4563400
2022-07-06,41.59000015258789,41.959999084472656,41.279998779296875,41.38999938964844,36.004573822021484,5866400
2022-07-07,41.59000015258789,41.84000015258789,41.279998779296875,41.41999816894531,36.030677795410156,3019300
2022-07-08,41.2599983215332,41.505001068115234,41.02000045776367,41.22999954223633,35.86539840698242,3067500
2022-07-11,41.11000061035156,41.349998474121094,40.83000183105469,41.22999954223633,35.86539840698242,3716600
2022-07-12,41.0,41.42499923706055,40.68000030517578,40.970001220703125,35.639225006103516,3978300
2022-07-13,40.4900016784668,41.09000015258789,40.2400016784668,40.75,35.44784927368164,5314500
2022-07-14,40.040000915527344,40.529998779296875,39.9900016784668,40.349998474121094,35.09989547729492,4305800
2022-07-15,40.849998474121094,41.244998931884766,40.630001068115234,41.0,35.665321350097656,3126600
2022-07-18,41.290000915527344,41.29999923706055,40.45000076293945,40.599998474121094,35.31736755371094,4191200
2022-07-19,40.9900016784668,41.790000915527344,40.90999984741211,41.720001220703125,36.29164505004883,3414900
2022-07-20,41.61000061035156,42.099998474121094,41.380001068115234,41.5099983215332,36.10896682739258,3630300
2022-07-21,41.58000183105469,41.95000076293945,41.22999954223633,41.939998626708984,36.48301696777344,5243600
2022-07-22,42.16999816894531,42.5099983215332,41.939998626708984,42.2599983215332,36.76137161254883,3791600
2022-07-25,42.2599983215332,42.54999923706055,42.064998626708984,42.290000915527344,36.7874755859375,3131300
2022-07-26,42.33000183105469,42.64500045776367,42.209999084472656,42.369998931884766,36.8570671081543,3006400
2022-07-27,42.43000030517578,42.689998626708984,42.099998474121094,42.599998474121094,37.0571403503418,5156000
2022-07-28,43.04999923706055,44.22999954223633,42.880001068115234,44.16999816894531,38.42285919189453,5375700
2022-07-29,44.18000030517578,44.540000915527344,43.9900016784668,44.34000015258789,38.57074737548828,3523300
2022-08-01,44.13999938964844,44.2400016784668,43.77000045776367,43.939998626708984,38.222782135009766,4102700
2022-08-02,43.97999954223633,44.06999969482422,43.33000183105469,43.36000061035156,37.718257904052734,3477300
2022-08-03,43.630001068115234,43.959999084472656,43.529998779296875,43.540000915527344,37.87483215332031,3208100
2022-08-04,43.630001068115234,43.755001068115234,43.310001373291016,43.58000183105469,37.90963363647461,3236400
2022-08-05,43.2599983215332,43.7599983215332,43.099998474121094,43.720001220703125,38.03141784667969,3320200
2022-08-08,44.130001068115234,44.5099983215332,43.810001373291016,44.040000915527344,38.309776306152344,4055100
2022-08-09,44.20000076293945,44.38999938964844,43.939998626708984,44.38999938964844,38.614227294921875,2368400
2022-08-10,44.88999938964844,45.06999969482422,44.619998931884766,44.9900016784668,39.136165618896484,3617200
2022-08-11,45.220001220703125,45.310001373291016,44.6349983215332,44.779998779296875,38.953495025634766,2815500
2022-08-12,45.060001373291016,45.569000244140625,44.9900016784668,45.540000915527344,39.61460494995117,2392600
2022-08-15,45.5,45.8650016784668,45.38999938964844,45.7400016784668,39.788578033447266,3296500
2022-08-16,45.52000045776367,45.814998626708984,45.43000030517578,45.560001373291016,39.63200759887695,3279000
2022-08-17,45.13999938964844,45.70100021362305,45.11000061035156,45.43000030517578,39.518917083740234,3331300
2022-08-18,45.5099983215332,45.58000183105469,44.86000061035156,45.119998931884766,39.24924850463867,1654800
2022-08-19,45.02000045776367,45.08000183105469,44.53499984741211,44.68000030517578,38.86650466918945,3202300
2022-08-22,44.34000015258789,44.369998931884766,43.709999084472656,43.75,38.0575065612793,3430400
2022-08-23,43.63999938964844,43.709999084472656,42.93000030517578,43.09000015258789,37.48337936401367,2800000
2022-08-24,43.16999816894531,43.665000915527344,43.09000015258789,43.43000030517578,37.77914047241211,3277100
2022-08-25,43.630001068115234,44.11000061035156,43.45000076293945,44.099998474121094,38.36196517944336,1713900
2022-08-26,44.130001068115234,44.130001068115234,42.959999084472656,42.97999954223633,37.3876953125,2725600
2022-08-29,42.7400016784668,43.040000915527344,42.5,42.61000061035156,37.065826416015625,2492900
2022-08-30,42.689998626708984,42.7599983215332,41.869998931884766,42.0,36.535221099853516,3539400
2022-08-31,42.22999954223633,42.459999084472656,41.75,41.849998474121094,36.40472412109375,4646700
2022-09-01,41.529998779296875,42.0099983215332,41.2400016784668,42.0,36.535221099853516,5343200
2022-09-02,42.349998474121094,42.44499969482422,41.185001373291016,41.279998779296875,35.90888214111328,3911300
2022-09-06,41.38999938964844,41.91999816894531,41.2599983215332,41.709999084472656,36.28293228149414,6399500
2022-09-07,41.720001220703125,42.58000183105469,41.69499969482422,42.5099983215332,36.97883987426758,4618500
2022-09-08,42.2599983215332,42.75,42.13999938964844,42.630001068115234,37.08324432373047,4505200
2022-09-09,42.790000915527344,43.19499969482422,42.52000045776367,43.040000915527344,37.43988800048828,2909100
2022-09-12,43.20000076293945,43.474998474121094,43.11000061035156,43.400001525878906,37.7530517578125,2802400
2022-09-13,42.560001373291016,42.71699905395508,41.599998474121094,41.75,36.31774139404297,4139500
2022-09-14,41.599998474121094,41.689998626708984,40.95000076293945,41.2400016784668,35.87409591674805,4143900
2022-09-15,41.189998626708984,41.28200149536133,40.290000915527344,40.34000015258789,35.091190338134766,6227200
2022-09-16,40.029998779296875,40.380001068115234,39.8650016784668,40.349998474121094,35.09989547729492,6045400
2022-09-19,39.619998931884766,39.90999984741211,39.27000045776367,39.90999984741211,35.03318786621094,4129400
2022-09-20,39.540000915527344,39.560001373291016,38.66999816894531,38.86000061035156,34.11149215698242,6259200
2022-09-21,39.16999816894531,39.415000915527344,38.27000045776367,38.290000915527344,33.61113357543945,9215800
2022-09-22,38.15999984741211,38.18000030517578,37.775001525878906,37.93000030517578,33.295127868652344,6380200
2022-09-23,37.540000915527344,37.75,37.01499938964844,37.459999084472656,32.8825569152832,7329900
2022-09-26,37.2400016784668,37.27000045776367,36.05500030517578,36.45000076293945,31.99597930908203,10027200
2022-09-27,36.790000915527344,37.05500030517578,35.902000427246094,35.970001220703125,31.57463836669922,10794400
2022-09-28,36.2400016784668,36.79999923706055,35.91999816894531,36.650001525878906,32.17154312133789,7304200
2022-09-29,36.33000183105469,36.33000183105469,35.41999816894531,35.630001068115234,31.27617645263672,7684000
2022-09-30,35.790000915527344,36.27000045776367,35.720001220703125,36.0099983215332,31.609737396240234,7700800
2022-10-03,36.58000183105469,36.900001525878906,35.9900016784668,36.68000030517578,32.19786834716797,11620000
2022-10-04,37.09000015258789,37.599998474121094,36.97999954223633,37.2599983215332,32.70699691772461,8889900
2022-10-05,36.77000045776367,36.83000183105469,35.97999954223633,36.56999969482422,32.101314544677734,7074300
2022-10-06,36.45000076293945,36.58000183105469,35.31999969482422,35.369998931884766,31.047945022583008,8933000
2022-10-07,35.029998779296875,35.2599983215332,34.334999084472656,34.529998779296875,30.310588836669922,6487600
2022-10-10,34.619998931884766,34.91999816894531,34.09000015258789,34.13999938964844,29.968246459960938,7805100
2022-10-11,34.040000915527344,34.72999954223633,33.709999084472656,34.459999084472656,30.249147415161133,8847600
2022-10-12,34.400001525878906,34.43000030517578,33.83000183105469,34.0,29.845361709594727,8899300
2022-10-13,33.290000915527344,34.810001373291016,33.125,34.63999938964844,30.407146453857422,14575700
2022-10-14,35.06999969482422,35.150001525878906,33.70000076293945,33.77000045776367,29.643461227416992,9011700
2022-10-17,34.380001068115234,35.165000915527344,34.31999969482422,35.029998779296875,30.74949836730957,7687600
2022-10-18,35.68000030517578,35.96500015258789,35.15999984741211,35.4900016784668,31.153289794921875,7743400
2022-10-19,35.16999816894531,35.27000045776367,34.400001525878906,34.599998474121094,30.37204360961914,7615200
2022-10-20,34.61000061035156,34.959999084472656,34.32500076293945,34.43000030517578,30.222816467285156,7603500
2022-10-21,34.5,34.68000030517578,33.959999084472656,34.66999816894531,30.433486938476562,9826900
2022-10-24,35.0,35.14500045776367,34.380001068115234,34.650001525878906,30.41593360900879,6076300
2022-10-25,34.70000076293945,36.060001373291016,34.68000030517578,36.02000045776367,31.61852264404297,7176700
2022-10-26,36.040000915527344,36.290000915527344,35.720001220703125,35.95000076293945,31.557069778442383,8945000
2022-10-27,36.130001068115234,36.38999938964844,35.814998626708984,35.970001220703125,31.57463836669922,8435500
2022-10-28,35.869998931884766,36.91999816894531,35.65999984741211,36.81999969482422,32.32075881958008,5460300
2022-10-31,36.47999954223633,36.970001220703125,36.31999969482422,36.72999954223633,32.241764068603516,7154700
2022-11-01,37.099998474121094,37.29999923706055,36.564998626708984,36.66999816894531,32.18909454345703,6000900
2022-11-02,36.470001220703125,36.95000076293945,35.64500045776367,35.709999084472656,31.346397399902344,13999400
2022-11-03,35.43000030517578,35.97999954223633,35.029998779296875,35.689998626708984,31.328845977783203,10969400
2022-11-04,36.0099983215332,36.3650016784668,35.459999084472656,36.189998626708984,31.76774787902832,7524100
2022-11-07,36.41999816894531,36.560001373291016,35.959999084472656,36.18000030517578,31.75897216796875,6479800
2022-11-08,36.279998779296875,36.77000045776367,36.165000915527344,36.400001525878906,31.952085494995117,6225500
2022-11-09,36.29800033569336,36.7400016784668,35.93000030517578,36.0,31.600963592529297,7752900
2022-11-10,37.345001220703125,38.86000061035156,37.189998626708984,38.7599983215332,34.02370834350586,11979200
2022-11-11,38.880001068115234,39.20000076293945,38.6349983215332,38.7400016784668,34.00615310668945,7291400
2022-11-14,38.52000045776367,38.56999969482422,37.709999084472656,37.709999084472656,33.10200881958008,6304100
2022-11-15,38.2599983215332,38.41999816894531,37.75,38.18000030517578,33.514583587646484,9588700
2022-11-16,38.130001068115234,38.310001373291016,37.810001373291016,37.90999984741211,33.27757263183594,7771200
2022-11-17,37.38199996948242,37.689998626708984,37.255001068115234,37.56999969482422,32.97911834716797,4402600
2022-11-18,38.06999969482422,38.20000076293945,37.66999816894531,38.04999923706055,33.400474548339844,5865600
2022-11-21,37.987998962402344,38.369998931884766,37.83000183105469,38.31999969482422,33.63747024536133,4836700
2022-11-22,38.470001220703125,38.529998779296875,38.21900177001953,38.5099983215332,33.804256439208984,5547200
2022-11-23,38.45000076293945,38.72999954223633,38.220001220703125,38.56999969482422,33.85692596435547,3604500
2022-11-25,38.689998626708984,38.84000015258789,38.58000183105469,38.79999923706055,34.05881881713867,2254100
2022-11-28,38.56999969482422,38.7400016784668,37.625,37.709999084472656,33.10200881958008,7298200
2022-11-29,37.78799819946289,38.38999938964844,37.650001525878906,38.34000015258789,33.655025482177734,4954300
2022-11-30,38.2400016784668,39.27000045776367,38.0099983215332,39.2400016784668,34.4450569152832,8120200
2022-12-01,39.630001068115234,39.84000015258789,38.84000015258789,39.15999984741211,34.37482833862305,9814100
2022-12-02,38.68000030517578,39.16999816894531,38.4900016784668,38.970001220703125,34.208045959472656,5460800
2022-12-05,38.61000061035156,38.81999969482422,38.22999954223633,38.310001373291016,33.62868881225586,7165500
2022-12-06,38.38999938964844,38.459999084472656,37.84000015258789,38.02000045776367,33.37413024902344,5249500
2022-12-07,37.900001525878906,38.505001068115234,37.84000015258789,38.099998474121094,33.44435119628906,6159800
2022-12-08,38.22999954223633,38.685001373291016,38.119998931884766,38.380001068115234,33.69013977050781,4461000
2022-12-09,38.27000045776367,38.71500015258789,38.15999984741211,38.29999923706055,33.61991500854492,6077000
2022-12-12,38.34000015258789,38.63999938964844,37.97999954223633,38.619998931884766,33.90081787109375,4945000
2022-12-13,39.81999969482422,40.0,38.9900016784668,39.470001220703125,34.64695358276367,10763800
2022-12-14,39.41999816894531,39.90999984741211,38.935001373291016,39.09000015258789,34.31338882446289,10786500
2022-12-15,38.59000015258789,38.9900016784668,38.400001525878906,38.63999938964844,33.918373107910156,6033200
2022-12-16,38.119998931884766,38.13999938964844,37.124000549316406,37.5,32.91767501831055,8016200
2022-12-19,37.0,37.04999923706055,36.41999816894531,36.63999938964844,32.5279426574707,4543900
2022-12-20,36.459999084472656,36.779998779296875,36.119998931884766,36.560001373291016,32.4569206237793,4333900
2022-12-21,36.88800048828125,37.310001373291016,36.7599983215332,36.93000030517578,32.78539276123047,4082400
2022-12-22,36.599998474121094,36.83000183105469,36.095001220703125,36.75,32.6255989074707,4206200
2022-12-23,36.630001068115234,37.099998474121094,36.474998474121094,37.08000183105469,32.91857147216797,3935100
2022-12-27,37.099998474121094,37.1879997253418,36.720001220703125,37.04999923706055,32.891929626464844,4259700
2022-12-28,37.13999938964844,37.34000015258789,36.42499923706055,36.459999084472656,32.368141174316406,4730900
2022-12-29,36.72100067138672,37.3650016784668,36.619998931884766,37.27000045776367,33.08723449707031,4143200
2022-12-30,37.040000915527344,37.18000030517578,36.529998779296875,36.93000030517578,32.78539276123047,5087800
2023-01-03,37.22999954223633,37.560001373291016,36.61000061035156,37.06999969482422,32.9096794128418,7060300
2023-01-04,37.400001525878906,38.2599983215332,37.27000045776367,37.91999816894531,33.664276123046875,7586900
2023-01-05,37.619998931884766,37.619998931884766,36.75,36.810001373291016,32.678871154785156,6581100
2023-01-06,37.11000061035156,38.0099983215332,36.83000183105469,37.880001068115234,33.628780364990234,6329600
2023-01-09,38.060001373291016,38.310001373291016,37.72999954223633,37.86000061035156,33.61102294921875,3965600
2023-01-10,37.79999923706055,37.9900016784668,37.470001220703125,37.970001220703125,33.70867919921875,5196700
2023-01-11,38.209999084472656,39.36000061035156,38.209999084472656,39.349998474121094,34.93380355834961,4733100
2023-01-12,39.439998626708984,39.869998931884766,39.060001373291016,39.790000915527344,35.32441711425781,5102300
2023-01-13,39.34000015258789,39.720001220703125,39.25,39.560001373291016,35.12023162841797,3796000
2023-01-17,39.58000183105469,39.82500076293945,39.470001220703125,39.56999969482422,35.129112243652344,5463200
2023-01-18,39.779998779296875,39.81999969482422,38.90399932861328,38.959999084472656,34.58757400512695,7466700
2023-01-19,38.790000915527344,39.2599983215332,38.7400016784668,38.77000045776367,34.41889572143555,7253700
2023-01-20,38.79999923706055,39.2599983215332,38.279998779296875,39.220001220703125,34.81839370727539,4262500
2023-01-23,39.25,39.5890007019043,38.939998626708984,39.33000183105469,34.91604232788086,7002200
2023-01-24,39.29999923706055,39.650001525878906,38.540000915527344,39.5,35.066959381103516,7089700
2023-01-25,39.25,39.61000061035156,39.150001525878906,39.540000915527344,35.102481842041016,8163100
2023-01-26,39.7599983215332,39.9900016784668,39.54999923706055,39.9900016784668,35.501976013183594,4497400
2023-01-27,39.869998931884766,40.52000045776367,39.86000061035156,40.349998474121094,35.82157516479492,3519900
2023-01-30,40.029998779296875,40.494998931884766,39.83000183105469,39.86000061035156,35.38656997680664,3806400
2023-01-31,39.849998474121094,40.64500045776367,39.7599983215332,40.59000015258789,36.034637451171875,4274800
2023-02-01,40.41999816894531,41.16999816894531,39.9900016784668,40.88999938964844,36.30097198486328,7921000
2023-02-02,41.310001373291016,42.209999084472656,41.2400016784668,41.83000183105469,37.13548278808594,7014400
2023-02-03,41.22999954223633,41.2599983215332,40.40999984741211,40.959999084472656,36.36310958862305,7467200
2023-02-06,40.380001068115234,40.74399948120117,40.189998626708984,40.70000076293945,36.132286071777344,5384400
2023-02-07,40.39099884033203,40.755001068115234,40.0099983215332,40.540000915527344,35.99025344848633,7056600
2023-02-08,40.380001068115234,40.61000061035156,40.23500061035156,40.43000030517578,35.8925895690918,4347800
2023-02-09,40.720001220703125,40.849998474121094,39.93000030517578,40.040000915527344,35.546363830566406,3476900
2023-02-10,39.83000183105469,40.22999954223633,39.6150016784668,40.119998931884766,35.61738204956055,4253400
2023-02-13,40.27000045776367,40.55500030517578,40.220001220703125,40.4900016784668,35.94586181640625,2943000
2023-02-14,40.347999572753906,40.630001068115234,39.85499954223633,40.06999969482422,35.572994232177734,4544900
2023-02-15,39.83000183105469,40.19499969482422,39.720001220703125,40.18000030517578,35.670658111572266,3873000
2023-02-16,39.529998779296875,40.15299987792969,39.2599983215332,39.810001373291016,35.34217834472656,4807200
2023-02-17,39.63999938964844,39.7400016784668,39.2400016784668,39.61000061035156,35.16462326049805,7192500
2023-02-21,39.400001525878906,39.400001525878906,38.654998779296875,38.83000183105469,34.4721565246582,4220800
2023-02-22,38.95000076293945,38.97999954223633,38.29999923706055,38.47999954223633,34.16143798828125,7049600
2023-02-23,38.709999084472656,38.93000030517578,38.470001220703125,38.849998474121094,34.48991394042969,9331700
2023-02-24,38.369998931884766,38.4900016784668,37.944000244140625,38.130001068115234,33.85072326660156,8159000
2023-02-27,38.66999816894531,38.77000045776367,38.02000045776367,38.189998626708984,33.90398406982422,4816100
2023-02-28,38.220001220703125,38.68000030517578,38.06999969482422,38.209999084472656,33.9217414855957,4202100
2023-03-01,37.970001220703125,38.0099983215332,37.375,37.619998931884766,33.3979606628418,7279000
2023-03-02,37.349998474121094,38.16999816894531,37.29999923706055,38.11000061035156,33.832969665527344,5067200
2023-03-03,38.400001525878906,38.834999084472656,38.290000915527344,38.75,34.40114212036133,4420200
2023-03-06,38.959999084472656,38.959999084472656,38.529998779296875,38.599998474121094,34.267974853515625,4248500
2023-03-07,38.599998474121094,38.66999816894531,37.599998474121094,37.630001068115234,33.40683364868164,5385900
2023-03-08,37.650001525878906,38.38999938964844,37.619998931884766,38.15999984741211,33.877349853515625,4473000
2023-03-09,38.25,38.290000915527344,37.209999084472656,37.290000915527344,33.10498809814453,5683500
2023-03-10,37.25,37.34000015258789,35.95000076293945,36.099998474121094,32.048545837402344,11736200
2023-03-13,35.869998931884766,37.220001220703125,35.814998626708984,36.68000030517578,32.56344985961914,16936000
2023-03-14,37.25,37.40999984741211,36.625,37.060001373291016,32.90080642700195,7719000
2023-03-15,36.45000076293945,37.20500183105469,36.45000076293945,37.08000183105469,32.91857147216797,14961500
2023-03-16,36.810001373291016,37.25,36.41999816894531,37.08000183105469,32.91857147216797,8068700
2023-03-17,36.939998626708984,36.959999084472656,36.209999084472656,36.22999954223633,32.1639518737793,8692500
2023-03-20,36.060001373291016,36.49300003051758,35.869998931884766,36.36000061035156,32.509071350097656,4962800
2023-03-21,36.61000061035156,36.63999938964844,35.763999938964844,36.150001525878906,32.321319580078125,4952600
2023-03-22,35.88999938964844,35.91999816894531,34.80400085449219,34.83000183105469,31.141115188598633,8042000
2023-03-23,34.939998626708984,35.42499923706055,34.5099983215332,34.619998931884766,30.953353881835938,7494000
2023-03-24,34.40999984741211,35.52000045776367,34.34000015258789,35.5099983215332,31.74909019470215,8241100
2023-03-27,35.72999954223633,35.84000015258789,35.34000015258789,35.38999938964844,31.641799926757812,5108800
2023-03-28,35.11000061035156,35.470001220703125,35.0,35.27000045776367,31.534515380859375,5117800
2023-03-29,35.619998931884766,36.130001068115234,35.619998931884766,36.11000061035156,32.285552978515625,4108600
2023-03-30,36.5,36.67599868774414,36.43000030517578,36.58000183105469,32.705772399902344,4383800
2023-03-31,36.7400016784668,37.400001525878906,36.70500183105469,37.380001068115234,33.42103958129883,6971500
2023-04-03,37.290000915527344,37.55500030517578,36.82500076293945,37.029998779296875,33.10810852050781,6452000
2023-04-04,37.04999923706055,37.21500015258789,36.80500030517578,37.040000915527344,33.1170539855957,5639900
2023-04-05,36.970001220703125,37.22999954223633,36.81999969482422,36.849998474121094,32.947181701660156,4476400
2023-04-06,36.97999954223633,37.10499954223633,36.650001525878906,37.099998474121094,33.17069625854492,4053400
2023-04-10,36.880001068115234,37.29999923706055,36.709999084472656,37.290000915527344,33.340576171875,3814600
2023-04-11,37.380001068115234,37.77000045776367,37.209999084472656,37.470001220703125,33.50151062011719,9963400
2023-04-12,37.849998474121094,37.880001068115234,37.29499816894531,37.36000061035156,33.40315628051758,6764800
2023-04-13,37.40999984741211,37.4119987487793,36.888999938964844,37.2400016784668,33.29587173461914,4650800
2023-04-14,37.29999923706055,37.439998626708984,36.34000015258789,36.599998474121094,32.72365188598633,4853400
2023-04-17,36.619998931884766,37.43000030517578,36.619998931884766,37.43000030517578,33.46574783325195,4601000
2023-04-18,37.5,37.5,37.1619987487793,37.369998931884766,33.41209411621094,3479300
2023-04-19,37.130001068115234,37.689998626708984,37.060001373291016,37.59000015258789,33.608802795410156,5605700
2023-04-20,37.36000061035156,37.38999938964844,36.98400115966797,37.13999938964844,33.20646667480469,4243600
2023-04-21,37.22999954223633,37.34000015258789,36.880001068115234,37.18000030517578,33.24222183227539,3252700
2023-04-24,37.25,37.369998931884766,36.79499816894531,37.08000183105469,33.15281677246094,3709700
2023-04-25,36.869998931884766,37.040000915527344,36.720001220703125,36.7400016784668,32.84882736206055,3664000
2023-04-26,36.650001525878906,37.0099983215332,36.34000015258789,36.439998626708984,32.580596923828125,4446300
2023-04-27,36.540000915527344,37.404998779296875,36.540000915527344,37.31999969482422,33.36740493774414,4278800
2023-04-28,37.31999969482422,37.880001068115234,37.25,37.75,33.75185775756836,5256200
2023-05-01,37.630001068115234,37.83000183105469,37.35499954223633,37.400001525878906,33.43893051147461,4381900
2023-05-02,37.31999969482422,37.38999938964844,36.529998779296875,36.7599983215332,32.8667106628418,6376400
2023-05-03,36.83000183105469,37.2400016784668,36.5,36.529998779296875,32.661067962646484,6140700
2023-05-04,36.52000045776367,37.099998474121094,36.38999938964844,36.869998931884766,32.96506118774414,4887800
2023-05-05,37.11000061035156,37.52000045776367,37.040000915527344,37.439998626708984,33.47468566894531,3265600
2023-05-08,37.31999969482422,37.4900016784668,37.04999923706055,37.18000030517578,33.24222183227539,3358700
2023-05-09,37.060001373291016,37.19499969482422,36.650001525878906,37.060001373291016,33.13493347167969,2995000
2023-05-10,37.38999938964844,37.56999969482422,37.040000915527344,37.40999984741211,33.447872161865234,3770000
2023-05-11,37.18000030517578,37.209999084472656,36.78499984741211,37.02000045776367,33.09917068481445,3419800
2023-05-12,37.15999984741211,37.15999984741211,36.78499984741211,37.09000015258789,33.16175842285156,2950200
2023-05-15,37.130001068115234,37.23500061035156,36.891998291015625,37.02000045776367,33.09917068481445,3003600
2023-05-16,36.9900016784668,36.9900016784668,36.029998779296875,36.029998779296875,32.21402359008789,3240300
2023-05-17,36.279998779296875,36.564998626708984,35.95000076293945,36.5,32.634246826171875,3220400
2023-05-18,36.36000061035156,36.46500015258789,35.97999954223633,36.27000045776367,32.42860412597656,4111000
2023-05-19,36.47999954223633,36.630001068115234,36.04999923706055,36.209999084472656,32.374961853027344,4578700
2023-05-22,36.279998779296875,36.68000030517578,36.05799865722656,36.45000076293945,32.589542388916016,3943200
2023-05-23,36.380001068115234,36.65999984741211,35.959999084472656,36.0,32.18719482421875,3152000
2023-05-24,35.8849983215332,35.900001525878906,35.150001525878906,35.209999084472656,31.480873107910156,3991400
2023-05-25,35.38999938964844,35.57500076293945,35.040000915527344,35.290000915527344,31.55240249633789,5230700
2023-05-26,35.380001068115234,35.78499984741211,35.22999954223633,35.70000076293945,31.918975830078125,4403100
2023-05-30,35.970001220703125,36.29999923706055,35.7400016784668,35.810001373291016,32.017330169677734,4540300
2023-05-31,35.83000183105469,36.11000061035156,35.61000061035156,36.040000915527344,32.222965240478516,6945100
2023-06-01,36.0099983215332,36.25,35.68000030517578,36.04999923706055,32.23190689086914,5485000
2023-06-02,36.47999954223633,36.95500183105469,36.310001373291016,36.810001373291016,32.91141891479492,4350000
2023-06-05,36.88999938964844,37.040000915527344,36.54999923706055,36.63999938964844,32.75941848754883,3970500
2023-06-06,36.84000015258789,36.935001373291016,36.5099983215332,36.86000061035156,32.95611572265625,3260600
2023-06-07,37.018001556396484,37.630001068115234,36.790000915527344,37.540000915527344,33.56409454345703,4415600
2023-06-08,37.369998931884766,37.40999984741211,36.89500045776367,37.310001373291016,33.358463287353516,4027000
2023-06-09,37.34000015258789,37.41999816894531,36.915000915527344,37.119998931884766,33.18858337402344,4261700
2023-06-12,37.099998474121094,37.150001525878906,36.775001525878906,37.099998474121094,33.17069625854492,3819100
2023-06-13,37.099998474121094,37.40999984741211,36.970001220703125,37.369998931884766,33.41209411621094,4358200
2023-06-14,37.4900016784668,37.79600143432617,37.22999954223633,37.56999969482422,33.590919494628906,7845400
2023-06-15,37.41999816894531,37.810001373291016,37.15999984741211,37.72999954223633,33.733978271484375,4383300
2023-06-16,37.7400016784668,38.060001373291016,37.63999938964844,37.689998626708984,33.698211669921875,6076400
2023-06-20,37.130001068115234,37.209999084472656,36.68000030517578,36.93000030517578,33.33623123168945,4026500
2023-06-21,36.72999954223633,36.904998779296875,36.470001220703125,36.77000045776367,33.19179916381836,4543300
2023-06-22,36.79999923706055,36.83000183105469,36.025001525878906,36.25,32.72240447998047,5103500
2023-06-23,36.130001068115234,36.3849983215332,35.84000015258789,35.86000061035156,32.370357513427734,5414100
2023-06-26,35.849998474121094,36.689998626708984,35.810001373291016,36.65999984741211,33.09251022338867,2988900
2023-06-27,36.7599983215332,37.14500045776367,36.54999923706055,37.060001373291016,33.453582763671875,4012700
2023-06-28,37.060001373291016,37.215999603271484,36.8120002746582,37.15999984741211,33.543853759765625,3963100
2023-06-29,37.0099983215332,37.5,36.84000015258789,37.5,33.85076141357422,3727400
2023-06-30,37.810001373291016,37.90999984741211,37.220001220703125,37.689998626708984,34.02227783203125,6437000
2023-07-03,37.540000915527344,38.19499969482422,37.470001220703125,37.9900016784668,34.2930793762207,3628200
2023-07-05,37.880001068115234,38.42900085449219,37.65999984741211,38.18000030517578,34.46459197998047,6300600
2023-07-06,37.75,38.02000045776367,37.2599983215332,37.970001220703125,34.2750244140625,5046400
2023-07-07,37.720001220703125,38.029998779296875,37.632999420166016,37.790000915527344,34.112548828125,4617200
2023-07-10,37.689998626708984,37.95000076293945,37.595001220703125,37.91999816894531,34.22989273071289,4345300
2023-07-11,38.0,38.380001068115234,37.880001068115234,38.349998474121094,34.61804962158203,4772800
2023-07-12,38.77000045776367,38.869998931884766,38.5099983215332,38.529998779296875,34.78053665161133,7247700
2023-07-13,38.52000045776367,38.810001373291016,38.27000045776367,38.790000915527344,35.01523208618164,4708100
2023-07-14,38.70000076293945,38.816001892089844,38.470001220703125,38.790000915527344,35.01523208618164,3901500
2023-07-17,38.65999984741211,38.810001373291016,38.435001373291016,38.459999084472656,34.717342376708984,4556400
2023-07-18,38.560001373291016,38.58000183105469,37.814998626708984,38.13999938964844,34.4284782409668,6513800
2023-07-19,38.41999816894531,38.81999969482422,38.380001068115234,38.560001373291016,34.8076171875,6610700
2023-07-20,38.369998931884766,38.439998626708984,37.880001068115234,38.43000030517578,34.69026184082031,6665000
2023-07-21,38.560001373291016,38.720001220703125,38.41999816894531,38.599998474121094,34.843711853027344,4801800
2023-07-24,38.709999084472656,38.9900016784668,38.61000061035156,38.970001220703125,35.17771911621094,5157000
2023-07-25,38.90999984741211,39.099998474121094,38.66999816894531,38.68000030517578,34.91593551635742,4383300
2023-07-26,38.599998474121094,38.900001525878906,38.59000015258789,38.81999969482422,35.04231262207031,5117900
2023-07-27,39.099998474121094,39.20000076293945,37.9900016784668,38.0,34.30211639404297,7511200
2023-07-28,38.439998626708984,38.560001373291016,37.849998474121094,37.88999938964844,34.202816009521484,5870000
2023-07-31,38.0,38.3650016784668,37.89500045776367,38.189998626708984,34.47361755371094,4940900
2023-08-01,38.09000015258789,38.275001525878906,37.959999084472656,38.119998931884766,34.41042709350586,6124600
2023-08-02,37.88999938964844,38.029998779296875,37.71500015258789,37.959999084472656,34.26599884033203,6503700
2023-08-03,37.5099983215332,37.54999923706055,36.91899871826172,37.439998626708984,33.79660415649414,6268000
2023-08-04,37.27000045776367,37.667999267578125,36.95500183105469,37.06999969482422,33.462608337402344,5874700
2023-08-07,37.18000030517578,37.54999923706055,37.15999984741211,37.540000915527344,33.886871337890625,3606100
2023-08-08,37.25,37.45500183105469,36.9900016784668,37.349998474121094,33.71535873413086,4094200
2023-08-09,37.27000045776367,37.61000061035156,37.119998931884766,37.439998626708984,33.79660415649414,5354500
2023-08-10,37.540000915527344,37.790000915527344,37.20500183105469,37.31999969482422,33.68828201293945,4901600
2023-08-11,37.15999984741211,37.439998626708984,37.04999923706055,37.38999938964844,33.751468658447266,3643000
2023-08-14,37.34000015258789,37.34000015258789,37.06999969482422,37.189998626708984,33.5709228515625,3069500
2023-08-15,36.95000076293945,37.047000885009766,36.724998474121094,36.810001373291016,33.227909088134766,3931200
2023-08-16,36.849998474121094,36.8650016784668,36.31999969482422,36.36000061035156,32.82170867919922,4804500
2023-08-17,36.38999938964844,36.66999816894531,36.06999969482422,36.09000015258789,32.57797622680664,5679300
2023-08-18,35.84000015258789,36.290000915527344,35.790000915527344,36.189998626708984,32.668243408203125,4503900
2023-08-21,36.130001068115234,36.15999984741211,35.57500076293945,35.880001068115234,32.3884162902832,3958300
2023-08-22,36.02000045776367,36.1150016784668,35.84000015258789,35.9900016784668,32.487709045410156,5446600
2023-08-23,36.15999984741211,36.54999923706055,36.150001525878906,36.52000045776367,32.96613311767578,5105800
2023-08-24,36.58000183105469,37.025001525878906,36.34000015258789,36.349998474121094,32.81266784667969,5086900
2023-08-25,36.439998626708984,36.63999938964844,36.25,36.45000076293945,32.9029426574707,4985900
2023-08-28,36.56999969482422,36.915000915527344,36.56999969482422,36.7400016784668,33.16472625732422,4212900
2023-08-29,36.75,37.185001373291016,36.59000015258789,37.15999984741211,33.543853759765625,3808200
2023-08-30,37.209999084472656,37.40999984741211,37.125,37.290000915527344,33.66120529174805,3051300
2023-08-31,37.27000045776367,37.33000183105469,36.97999954223633,37.02000045776367,33.41747283935547,4084700
2023-09-01,37.25,37.30500030517578,36.880001068115234,37.0,33.39942169189453,3927600
2023-09-05,36.939998626708984,36.994998931884766,36.62900161743164,36.630001068115234,33.0654296875,5000000
2023-09-06,36.619998931884766,36.72100067138672,36.25,36.560001373291016,33.002235412597656,3974900
2023-09-07,36.529998779296875,37.005001068115234,36.47999954223633,36.86000061035156,33.27304458618164,3861000
2023-09-08,36.93000030517578,36.935001373291016,36.560001373291016,36.619998931884766,33.056396484375,4369000
2023-09-11,36.65999984741211,36.75,36.45000076293945,36.63999938964844,33.0744514465332,3336700
2023-09-12,36.56999969482422,36.689998626708984,36.32500076293945,36.63999938964844,33.0744514465332,3225000
2023-09-13,36.65999984741211,36.65999984741211,36.16999816894531,36.27000045776367,32.74045944213867,4274000
2023-09-14,36.56999969482422,37.0,36.54999923706055,36.93000030517578,33.33623123168945,3686900
2023-09-15,36.790000915527344,36.93000030517578,36.654998779296875,36.790000915527344,33.209861755371094,4755300
2023-09-18,36.5,36.50699996948242,36.099998474121094,36.18000030517578,32.91960525512695,3812000
2023-09-19,36.18000030517578,36.290000915527344,35.88999938964844,35.9900016784668,32.74673080444336,3937100
2023-09-20,36.25,36.474998474121094,36.029998779296875,36.060001373291016,32.81041717529297,3873400
2023-09-21,35.84000015258789,35.86000061035156,34.790000915527344,34.810001373291016,31.673063278198242,5749900
2023-09-22,34.79999923706055,35.02899932861328,34.5099983215332,34.56999969482422,31.45469093322754,8497400
2023-09-25,34.400001525878906,34.529998779296875,34.255001068115234,34.5099983215332,31.40009117126465,5017200
2023-09-26,34.25,34.36800003051758,33.78499984741211,33.900001525878906,30.84507179260254,7143100
2023-09-27,34.040000915527344,34.18000030517578,33.45899963378906,33.599998474121094,30.572099685668945,9007100
2023-09-28,33.77000045776367,34.04999923706055,33.68000030517578,33.95000076293945,30.890560150146484,7431500
2023-09-29,34.470001220703125,34.540000915527344,33.88999938964844,34.06999969482422,30.9997501373291,7305700
2023-10-02,33.939998626708984,34.11000061035156,33.244998931884766,33.45000076293945,30.435623168945312,8673300
2023-10-03,33.27000045776367,33.43000030517578,32.7400016784668,32.84000015258789,29.88059425354004,9197900
2023-10-04,33.060001373291016,33.22999954223633,32.619998931884766,33.189998626708984,30.19904899597168,9241000
2023-10-05,33.209999084472656,33.46500015258789,33.02000045776367,33.43000030517578,30.41741943359375,7857600
2023-10-06,33.15999984741211,33.770999908447266,32.81999969482422,33.560001373291016,30.53571128845215,10218500
2023-10-09,33.369998931884766,34.09000015258789,33.34000015258789,34.0,30.93606185913086,6258000
2023-10-10,33.970001220703125,34.40999984741211,33.79999923706055,34.119998931884766,31.045238494873047,4979700
2023-10-11,34.400001525878906,34.81999969482422,34.34000015258789,34.810001373291016,31.673063278198242,5178300
2023-10-12,34.70000076293945,34.75,34.17499923706055,34.349998474121094,31.2545108795166,5970000
2023-10-13,34.529998779296875,34.650001525878906,34.18000030517578,34.34000015258789,31.24541473388672,5688400
2023-10-16,34.54999923706055,34.79999923706055,34.189998626708984,34.689998626708984,31.56387710571289,7719300
2023-10-17,34.41999816894531,34.970001220703125,34.275001525878906,34.5099983215332,31.40009117126465,7239500
2023-10-18,34.279998779296875,34.404998779296875,33.7400016784668,33.75,30.70858383178711,8313200
2023-10-19,33.47999954223633,33.72999954223633,32.89500045776367,32.91999816894531,29.953380584716797,10377000
2023-10-20,33.06999969482422,33.23500061035156,32.7400016784668,32.75,29.7987003326416,8556300
2023-10-23,32.470001220703125,32.90999984741211,32.369998931884766,32.470001220703125,29.543933868408203,6709100
2023-10-24,32.58000183105469,32.959999084472656,32.56999969482422,32.880001068115234,29.916988372802734,5749200
2023-10-25,32.540000915527344,32.650001525878906,32.099998474121094,32.189998626708984,29.289165496826172,8454400
2023-10-26,32.33000183105469,33.095001220703125,32.29999923706055,32.869998931884766,29.90789031982422,10663200
2023-10-27,32.959999084472656,32.959999084472656,32.23500061035156,32.349998474121094,29.43474769592285,10350600
2023-10-30,32.540000915527344,32.720001220703125,31.989999771118164,32.45000076293945,29.525739669799805,7071900
2023-10-31,32.7400016784668,33.13999938964844,32.43000030517578,33.099998474121094,30.117156982421875,8490800
2023-11-01,33.13999938964844,33.310001373291016,32.904998779296875,33.27000045776367,30.27184295654297,8343100
2023-11-02,33.810001373291016,34.45000076293945,33.7400016784668,34.29999923706055,31.20902442932129,8882200
2023-11-03,34.93000030517578,35.625,34.84000015258789,35.11000061035156,31.946027755737305,8575200
2023-11-06,35.04999923706055,35.06999969482422,34.45500183105469,34.630001068115234,31.509288787841797,7431300
2023-11-07,34.58000183105469,34.650001525878906,34.29999923706055,34.34000015258789,31.24541473388672,6579300
2023-11-08,34.5,34.619998931884766,34.36000061035156,34.540000915527344,31.427392959594727,7298000
2023-11-09,34.63999938964844,34.65999984741211,33.95000076293945,34.0099983215332,30.94515609741211,7336200
2023-11-10,34.25,34.439998626708984,33.94499969482422,34.38999938964844,31.29090690612793,5969000
2023-11-13,34.119998931884766,34.22999954223633,33.895999908447266,34.099998474121094,31.02704429626465,4313800
2023-11-14,35.279998779296875,36.224998474121094,35.11000061035156,35.939998626708984,32.701229095458984,10526900
2023-11-15,35.869998931884766,36.33100128173828,35.869998931884766,36.02000045776367,32.774024963378906,7168900
2023-11-16,36.119998931884766,36.20500183105469,35.90999984741211,36.0099983215332,32.76491928100586,5026800
2023-11-17,36.31999969482422,36.33000183105469,35.81999969482422,35.970001220703125,32.7285270690918,4417300
2023-11-20,35.90999984741211,36.25,35.619998931884766,36.25,32.98329162597656,4228100
2023-11-21,36.11000061035156,36.20500183105469,35.970001220703125,36.06999969482422,32.81951141357422,3300600
2023-11-22,36.36000061035156,36.474998474121094,36.040000915527344,36.18000030517578,32.91960525512695,4951400
2023-11-24,36.119998931884766,36.33000183105469,35.939998626708984,36.31999969482422,33.04698944091797,2620300
2023-11-27,36.34000015258789,36.665000915527344,36.189998626708984,36.45000076293945,33.16527557373047,4648900
2023-11-28,36.33000183105469,36.70000076293945,36.18000030517578,36.650001525878906,33.34724807739258,6450900
2023-11-29,36.91999816894531,37.220001220703125,36.880001068115234,36.93000030517578,33.602020263671875,7941600
2023-11-30,36.900001525878906,37.26499938964844,36.779998779296875,37.22999954223633,33.87498092651367,5804100
2023-12-01,37.220001220703125,38.040000915527344,37.11000061035156,38.0099983215332,34.584693908691406,7274200
2023-12-04,37.79999923706055,38.2400016784668,37.7599983215332,38.220001220703125,34.7757682800293,10359500
2023-12-05,38.06999969482422,38.099998474121094,37.83000183105469,38.060001373291016,34.63018798828125,7758300
2023-12-06,38.290000915527344,38.44900131225586,37.90999984741211,37.93000030517578,34.51190185546875,4832200
2023-12-07,37.970001220703125,38.150001525878906,37.79999923706055,37.97999954223633,34.55739212036133,5663100
2023-12-08,37.90999984741211,38.029998779296875,37.5099983215332,37.900001525878906,34.48461151123047,4873800
2023-12-11,37.810001373291016,38.095001220703125,37.71500015258789,38.029998779296875,34.60289001464844,4871000
2023-12-12,38.040000915527344,38.125999450683594,37.79999923706055,38.02000045776367,34.593788146972656,5580500
2023-12-13,38.060001373291016,39.52000045776367,37.93000030517578,39.400001525878906,35.84942626953125,7112400
2023-12-14,40.18000030517578,40.75,40.099998474121094,40.4900016784668,36.84120559692383,8647400
2023-12-15,40.290000915527344,40.400001525878906,39.654998779296875,40.0,36.39536666870117,8011100
2023-12-18,39.72999954223633,39.79499816894531,39.40999984741211,39.470001220703125,36.29512405395508,6638700
2023-12-19,39.61000061035156,39.849998474121094,39.599998474121094,39.7400016784668,36.543418884277344,4681400
2023-12-20,39.7400016784668,40.0099983215332,39.21500015258789,39.2400016784668,36.08363342285156,6513500
2023-12-21,39.54999923706055,39.68000030517578,39.16999816894531,39.56999969482422,36.3870849609375,6684700
2023-12-22,39.689998626708984,40.0099983215332,39.540000915527344,39.72999954223633,36.53421401977539,4929100
2023-12-26,39.779998779296875,40.130001068115234,39.69499969482422,40.02000045776367,36.80088806152344,2537600
2023-12-27,40.099998474121094,40.2599983215332,39.915000915527344,40.25,37.012393951416016,4006300
2023-12-28,40.25,40.5,40.15999984741211,40.5,37.24227523803711,3764800
2023-12-29,40.22999954223633,40.40999984741211,40.02000045776367,40.060001373291016,36.83767318725586,5777300
2024-01-02,39.970001220703125,40.45000076293945,39.779998779296875,40.43000030517578,37.17790985107422,6591500
2024-01-03,40.130001068115234,40.130001068115234,39.39500045776367,39.470001220703125,36.29512405395508,7424500
2024-01-04,39.38999938964844,39.65999984741211,39.23500061035156,39.369998931884766,36.20317077636719,7180300
2024-01-05,39.150001525878906,39.630001068115234,38.917999267578125,39.290000915527344,36.129608154296875,5770300
2024-01-08,39.2599983215332,39.869998931884766,39.189998626708984,39.83000183105469,36.62617492675781,4812700
2024-01-09,39.52000045776367,39.7400016784668,39.290000915527344,39.54999923706055,36.36869430541992,4134500
2024-01-10,39.61000061035156,39.79999923706055,39.470001220703125,39.61000061035156,36.42387008666992,4498600
2024-01-11,39.40999984741211,39.52000045776367,39.06999969482422,39.2400016784668,36.08363342285156,5151900
2024-01-12,39.650001525878906,39.7400016784668,39.31999969482422,39.540000915527344,36.359500885009766,4393500
2024-01-16,39.349998474121094,39.54999923706055,39.178001403808594,39.29999923706055,36.13880157470703,11100100
2024-01-17,38.81999969482422,39.279998779296875,38.18000030517578,38.58000183105469,35.47672653198242,9752000
2024-01-18,38.599998474121094,38.75,38.0880012512207,38.33000183105469,35.246826171875,6142100
2024-01-19,38.459999084472656,38.849998474121094,38.130001068115234,38.70000076293945,35.587066650390625,7967800
2024-01-22,38.83000183105469,39.29999923706055,38.73500061035156,38.880001068115234,35.752586364746094,5850600
2024-01-23,39.040000915527344,39.150001525878906,38.529998779296875,38.66999816894531,35.55948257446289,4549800
2024-01-24,39.060001373291016,39.08000183105469,38.11000061035156,38.13999938964844,35.07210922241211,7349500
2024-01-25,38.68000030517578,38.81999969482422,38.470001220703125,38.65999984741211,35.550289154052734,6601700
2024-01-26,38.709999084472656,38.79999923706055,38.40999984741211,38.4900016784668,35.39395523071289,4398000
2024-01-29,38.47999954223633,38.810001373291016,38.38999938964844,38.77000045776367,35.65142822265625,5724200
2024-01-30,38.54999923706055,38.7400016784668,38.33000183105469,38.40999984741211,35.320396423339844,6931500
2024-01-31,38.630001068115234,38.880001068115234,38.03499984741211,38.130001068115234,35.06291198730469,11580700
2024-02-01,38.04999923706055,38.814998626708984,37.89500045776367,38.79999923706055,35.679019927978516,10887000
2024-02-02,38.36000061035156,38.560001373291016,37.650001525878906,38.310001373291016,35.22843933105469,12844000
2024-02-05,37.83000183105469,37.869998931884766,37.43000030517578,37.54999923706055,34.529563903808594,8668200
2024-02-06,37.630001068115234,38.17499923706055,37.47999954223633,38.119998931884766,35.05371856689453,7866800
2024-02-07,38.257999420166016,38.310001373291016,37.869998931884766,38.099998474121094,35.03532409667969,6679000
2024-02-08,37.970001220703125,38.39699935913086,37.95000076293945,38.310001373291016,35.22843933105469,4517700
2024-02-09,38.29999923706055,38.439998626708984,37.94499969482422,38.40999984741211,35.320396423339844,5515700
2024-02-12,38.5,38.665000915527344,38.2130012512207,38.290000915527344,35.21004867553711,5376400
2024-02-13,37.52000045776367,37.599998474121094,37.07500076293945,37.59000015258789,34.56635665893555,21419000
2024-02-14,37.720001220703125,38.060001373291016,37.52000045776367,37.84000015258789,34.796241760253906,14186400
2024-02-15,38.16999816894531,38.79600143432617,38.16999816894531,38.75,35.6330451965332,8637600
2024-02-16,38.22999954223633,38.55699920654297,38.06999969482422,38.349998474121094,35.265220642089844,7683100
2024-02-20,38.209999084472656,38.4900016784668,37.970001220703125,38.290000915527344,35.21004867553711,6929300
2024-02-21,38.45000076293945,38.61800003051758,38.279998779296875,38.56999969482422,35.46752166748047,5653100
2024-02-22,38.689998626708984,38.880001068115234,38.564998626708984,38.66999816894531,35.55948257446289,6144400
2024-02-23,38.7400016784668,38.922000885009766,38.599998474121094,38.720001220703125,35.60546112060547,5263400
2024-02-26,38.63999938964844,38.82500076293945,38.220001220703125,38.279998779296875,35.20084762573242,6427800
2024-02-27,38.5099983215332,38.65999984741211,38.189998626708984,38.310001373291016,35.22843933105469,9466100
2024-02-28,38.130001068115234,38.959999084472656,38.06999969482422,38.79999923706055,35.679019927978516,7497600
2024-02-29,39.04999923706055,39.31999969482422,38.95000076293945,39.11000061035156,35.964088439941406,12860800
2024-03-01,39.0099983215332,39.58000183105469,38.61000061035156,39.540000915527344,36.359500885009766,9655500
2024-03-04,39.45000076293945,40.01900100708008,39.18000030517578,39.9900016784668,36.77330017089844,8697600
2024-03-05,39.83000183105469,40.095001220703125,39.314998626708984,39.47999954223633,36.304325103759766,6913800
2024-03-06,39.7400016784668,39.84000015258789,39.4900016784668,39.70000076293945,36.506622314453125,5483600
2024-03-07,39.91999816894531,40.005001068115234,39.47999954223633,39.70000076293945,36.506622314453125,5077000
2024-03-08,39.9900016784668,40.26499938964844,39.93000030517578,40.16999816894531,36.93881607055664,7551200
2024-03-11,40.029998779296875,40.33000183105469,39.779998779296875,39.970001220703125,36.75490951538086,4594600
2024-03-12,39.869998931884766,40.02000045776367,39.52000045776367,39.869998931884766,36.66294860839844,5669000
2024-03-13,39.79999923706055,40.01499938964844,39.4900016784668,39.619998931884766,36.43305969238281,6245300
2024-03-14,39.43000030517578,39.540000915527344,38.689998626708984,39.060001373291016,35.91810989379883,10442800
2024-03-15,38.68000030517578,39.12799835205078,38.68000030517578,39.040000915527344,35.89971923828125,9639600
2024-03-18,38.84000015258789,39.0099983215332,38.709999084472656,38.77000045776367,35.89415740966797,4971000
2024-03-19,38.790000915527344,38.90999984741211,38.5099983215332,38.77000045776367,35.89415740966797,5255100
2024-03-20,38.439998626708984,39.02199935913086,38.310001373291016,38.93000030517578,36.042293548583984,8678200
2024-03-21,39.099998474121094,39.29999923706055,38.845001220703125,39.08000183105469,36.18116760253906,6263500
2024-03-22,39.08000183105469,39.16999816894531,38.58000183105469,38.619998931884766,35.75528335571289,4402500
2024-03-25,38.66999816894531,38.790000915527344,38.439998626708984,38.470001220703125,35.616416931152344,5661600
2024-03-26,38.5,38.564998626708984,38.279998779296875,38.310001373291016,35.468284606933594,6160300
2024-03-27,38.72999954223633,39.279998779296875,38.619998931884766,39.279998779296875,36.36632537841797,6711000
2024-03-28,39.369998931884766,39.619998931884766,39.369998931884766,39.529998779296875,36.59778594970703,5695400
2024-04-01,39.61000061035156,39.619998931884766,38.790000915527344,38.84000015258789,35.958961486816406,8064400
2024-04-02,38.599998474121094,38.599998474121094,38.279998779296875,38.40999984741211,35.56086730957031,7393500
2024-04-03,38.369998931884766,38.5099983215332,38.17499923706055,38.43000030517578,35.57938003540039,5392200
2024-04-04,38.810001373291016,38.959999084472656,38.02000045776367,38.130001068115234,35.301631927490234,6667800
2024-04-05,38.029998779296875,38.47100067138672,37.95000076293945,38.380001068115234,35.5330924987793,6055700
2024-04-08,38.4900016784668,38.7400016784668,38.40999984741211,38.709999084472656,35.83861541748047,5588500
2024-04-09,38.900001525878906,39.209999084472656,38.775001525878906,39.20000076293945,36.292266845703125,7565200
2024-04-10,38.18000030517578,38.18000030517578,37.345001220703125,37.59000015258789,34.801692962646484,14873300
2024-04-11,37.84000015258789,37.904998779296875,37.30500030517578,37.630001068115234,34.83872604370117,9441800
2024-04-12,37.4900016784668,37.5,37.09000015258789,37.2400016784668,34.47765350341797,9246200
2024-04-15,37.470001220703125,37.529998779296875,36.345001220703125,36.59000015258789,33.8758659362793,7757100
2024-04-16,36.459999084472656,36.5099983215332,35.915000915527344,36.029998779296875,33.35740661621094,11776100
2024-04-17,35.93000030517578,36.099998474121094,35.724998474121094,35.72999954223633,33.07966232299805,11722700
2024-04-18,35.88999938964844,35.94900131225586,35.56999969482422,35.7400016784668,33.08892059326172,10327600
2024-04-19,35.900001525878906,36.04999923706055,35.7400016784668,35.880001068115234,33.21853256225586,10629100
2024-04-22,36.029998779296875,36.2599983215332,35.790000915527344,36.16999816894531,33.48701858520508,7762900
2024-04-23,36.2599983215332,36.61600112915039,36.16999816894531,36.5,33.79254913330078,10804900
2024-04-24,36.33000183105469,36.709999084472656,36.150001525878906,36.63999938964844,33.92215347290039,10758500
2024-04-25,36.310001373291016,36.5099983215332,36.02000045776367,36.43000030517578,33.72773361206055,8374300
2024-04-26,36.45000076293945,36.83000183105469,36.38999938964844,36.459999084472656,33.7555046081543,6950900
2024-04-29,36.650001525878906,36.959999084472656,36.63199996948242,36.869998931884766,34.13508987426758,6987400
2024-04-30,36.560001373291016,36.77000045776367,36.16999816894531,36.189998626708984,33.50553512573242,9796800
2024-05-01,36.18000030517578,36.858001708984375,36.07500076293945,36.209999084472656,33.52405548095703,15601300
2024-05-02,36.58000183105469,36.779998779296875,36.13999938964844,36.72999954223633,34.00548553466797,13264300
2024-05-03,37.33000183105469,37.58000183105469,36.93000030517578,37.02000045776367,34.27397537231445,11887700
2024-05-06,37.27000045776367,37.33000183105469,36.849998474121094,37.029998779296875,34.283226013183594,9739000
2024-05-07,37.310001373291016,37.5099983215332,37.17499923706055,37.41999816894531,34.6442985534668,13276100
2024-05-08,37.209999084472656,37.224998474121094,36.98500061035156,37.06999969482422,34.32026290893555,8182100
2024-05-09,37.5099983215332,37.97999954223633,37.5,37.95000076293945,35.13499069213867,8914600
2024-05-10,38.0,38.02000045776367,37.689998626708984,37.810001373291016,35.00537109375,6882900
2024-05-13,37.970001220703125,38.1349983215332,37.70000076293945,37.90999984741211,35.09794998168945,6846500
2024-05-14,38.15999984741211,38.36600112915039,37.994998931884766,38.18000030517578,35.34792709350586,9703800
2024-05-15,38.80799865722656,38.95000076293945,38.66999816894531,38.83000183105469,35.949710845947266,10083500
2024-05-16,38.86000061035156,39.007999420166016,38.720001220703125,38.7599983215332,35.8848991394043,7195600
2024-05-17,38.81999969482422,38.86000061035156,38.619998931884766,38.7599983215332,35.8848991394043,6153000
2024-05-20,38.70000076293945,38.790000915527344,38.474998474121094,38.52000045776367,35.6627082824707,4067100
2024-05-21,38.43000030517578,38.57500076293945,38.34000015258789,38.4900016784668,35.634925842285156,3621500
2024-05-22,38.43000030517578,38.55500030517578,38.040000915527344,38.15999984741211,35.329410552978516,7027100
2024-05-23,38.16999816894531,38.16999816894531,37.32500076293945,37.349998474121094,34.57948684692383,5597300
2024-05-24,37.58000183105469,37.61000061035156,37.29999923706055,37.349998474121094,34.57948684692383,4686100
2024-05-28,37.59000015258789,37.685001373291016,37.08000183105469,37.130001068115234,34.37581253051758,4696100
2024-05-29,36.79999923706055,36.849998474121094,36.619998931884766,36.779998779296875,34.0517692565918,6076400
2024-05-30,37.040000915527344,37.31999969482422,36.974998474121094,37.310001373291016,34.54246520996094,5867800
2024-05-31,37.540000915527344,38.060001373291016,37.35499954223633,38.04999923706055,35.227569580078125,7949600
2024-06-03,38.119998931884766,38.189998626708984,37.69900131225586,37.900001525878906,35.08869934082031,5826300
2024-06-04,37.83000183105469,38.40999984741211,37.790000915527344,38.2599983215332,35.42198944091797,5647500
2024-06-05,38.290000915527344,38.290000915527344,37.9900016784668,38.209999084472656,35.37569808959961,4541200
2024-06-06,38.06999969482422,38.30500030517578,37.880001068115234,38.27000045776367,35.43125534057617,3888600
2024-06-07,37.7599983215332,38.06999969482422,37.63999938964844,37.970001220703125,35.15350341796875,5140400
2024-06-10,37.849998474121094,38.29999923706055,37.650001525878906,38.15999984741211,35.329410552978516,4148800
2024-06-11,38.029998779296875,38.2400016784668,37.904998779296875,38.040000915527344,35.21831130981445,3492400
2024-06-12,38.869998931884766,39.025001525878906,38.279998779296875,38.310001373291016,35.468284606933594,7600800
2024-06-13,38.45000076293945,38.630001068115234,38.209999084472656,38.5,35.64418411254883,3704300
2024-06-14,38.36000061035156,38.64500045776367,38.209999084472656,38.529998779296875,35.67196273803711,4975400
2024-06-17,38.31999969482422,38.529998779296875,38.09000015258789,38.33000183105469,35.48679733276367,4880900
2024-06-18,38.43000030517578,38.630001068115234,38.36000061035156,38.47999954223633,35.625667572021484,4893400
2024-06-20,38.36000061035156,38.4900016784668,38.2400016784668,38.380001068115234,35.5330924987793,4503300
2024-06-21,38.43000030517578,38.529998779296875,38.16999816894531,38.47999954223633,35.625667572021484,5287100
2024-06-24,38.119998931884766,38.7599983215332,38.02000045776367,38.349998474121094,35.86602020263672,5891800
2024-06-25,38.31999969482422,38.31999969482422,37.650001525878906,37.810001373291016,35.36100387573242,4429900
2024-06-26,37.619998931884766,37.880001068115234,37.529998779296875,37.7599983215332,35.314239501953125,3639300
2024-06-27,37.869998931884766,38.15999984741211,37.7400016784668,38.099998474121094,35.6322135925293,3571700
2024-06-28,38.31999969482422,38.56999969482422,38.099998474121094,38.40999984741211,35.922142028808594,5569800
2024-07-01,38.31999969482422,38.439998626708984,37.810001373291016,38.040000915527344,35.576107025146484,5700100
2024-07-02,38.040000915527344,38.28499984741211,37.979000091552734,38.20000076293945,35.72574234008789,3985500
2024-07-03,38.290000915527344,38.439998626708984,38.130001068115234,38.15999984741211,35.688331604003906,2359100
2024-07-05,38.27000045776367,38.34000015258789,38.02000045776367,38.29999923706055,35.81925964355469,3785800
2024-07-08,38.310001373291016,38.45600128173828,38.21500015258789,38.38999938964844,35.9034309387207,4443200
2024-07-09,38.33000183105469,38.525001525878906,38.0099983215332,38.400001525878906,35.91278839111328,3679200
2024-07-10,38.58000183105469,38.685001373291016,38.27000045776367,38.66999816894531,36.1652946472168,3935600
2024-07-11,39.2599983215332,39.88999938964844,39.220001220703125,39.70000076293945,37.128578186035156,8693400
2024-07-12,39.959999084472656,40.25,39.8489990234375,39.9900016784668,37.399803161621094,5322200
2024-07-15,40.04999923706055,40.22600173950195,39.84000015258789,40.15999984741211,37.55879592895508,4828400
2024-07-16,40.41999816894531,40.58000183105469,40.130001068115234,40.540000915527344,37.914180755615234,5753700
2024-07-17,40.619998931884766,41.13999938964844,40.560001373291016,40.900001525878906,38.250858306884766,7445800
2024-07-18,40.630001068115234,41.35499954223633,40.46500015258789,40.560001373291016,37.932884216308594,6016200
2024-07-19,40.630001068115234,40.724998474121094,40.33000183105469,40.5099983215332,37.8861198425293,5259100
2024-07-22,40.56999969482422,40.95000076293945,40.349998474121094,40.90999984741211,38.26021194458008,5233000
2024-07-23,40.88999938964844,41.125,40.66899871826172,40.84000015258789,38.19474411010742,4351500
2024-07-24,40.83000183105469,41.1150016784668,40.2400016784668,40.279998779296875,37.67101287841797,5606900
2024-07-25,40.5,40.93000030517578,39.972999572753906,40.060001373291016,37.46526336669922,8353400
2024-07-26,40.22999954223633,40.869998931884766,40.18000030517578,40.72999954223633,38.09186935424805,5702800
2024-07-29,40.72999954223633,41.130001068115234,40.41999816894531,40.9900016784668,38.33502960205078,5418100
2024-07-30,41.15999984741211,41.380001068115234,41.0,41.290000915527344,38.6156005859375,4674000
2024-07-31,41.22999954223633,41.63999938964844,41.04499816894531,41.189998626708984,38.522071838378906,8786900
2024-08-01,41.619998931884766,41.90999984741211,41.38999938964844,41.83000183105469,39.12062072753906,9813900
2024-08-02,41.849998474121094,42.29999923706055,41.4900016784668,41.86000061035156,39.148677825927734,8818200
2024-08-05,41.27000045776367,41.875999450683594,40.584999084472656,40.650001525878906,38.01705551147461,14134700
2024-08-06,40.68000030517578,41.959999084472656,40.529998779296875,41.54999923706055,38.8587532043457,11389400
2024-08-07,41.65999984741211,42.2400016784668,41.20500183105469,41.25,38.57819366455078,9907700
2024-08-08,41.15999984741211,41.64899826049805,41.060001373291016,41.599998474121094,38.905513763427734,10383100
2024-08-09,41.779998779296875,41.91999816894531,41.31999969482422,41.810001373291016,39.10192108154297,5454900
2024-08-12,41.630001068115234,41.66999816894531,41.25699996948242,41.560001373291016,38.86811828613281,4924500
2024-08-13,41.849998474121094,41.90999984741211,41.59000015258789,41.849998474121094,39.13933181762695,3707000
2024-08-14,41.91999816894531,42.20000076293945,41.77000045776367,42.0,39.27961349487305,3300600
2024-08-15,42.029998779296875,42.09000015258789,41.70100021362305,41.880001068115234,39.167381286621094,6282100
2024-08-16,41.84000015258789,42.0,41.650001525878906,41.86000061035156,39.148677825927734,4212300
2024-08-19,41.86000061035156,42.150001525878906,41.834999084472656,42.11000061035156,39.38248062133789,3971100
2024-08-20,42.09000015258789,42.255001068115234,41.94499969482422,42.150001525878906,39.419898986816406,4828200
2024-08-21,42.18000030517578,42.349998474121094,41.939998626708984,42.290000915527344,39.55083084106445,4214800
2024-08-22,42.349998474121094,42.54999923706055,42.220001220703125,42.54999923706055,39.793983459472656,4953100
2024-08-23,42.709999084472656,43.45000076293945,42.64500045776367,43.369998931884766,40.560874938964844,6135200
2024-08-26,43.58000183105469,43.66999816894531,43.270999908447266,43.34000015258789,40.53281784057617,4047800
2024-08-27,43.08000183105469,43.494998931884766,43.0099983215332,43.45000076293945,40.63569259643555,3717600
2024-08-28,43.45000076293945,43.58000183105469,43.04999923706055,43.29999923706055,40.49540710449219,5035000
2024-08-29,43.22999954223633,43.29999923706055,42.93000030517578,43.130001068115234,40.33641815185547,5339900
2024-08-30,43.34000015258789,43.56999969482422,43.0,43.54999923706055,40.72921371459961,5611600
2024-09-03,43.27000045776367,43.86000061035156,43.25,43.650001525878906,40.82273864746094,7580900
2024-09-04,43.75,44.20000076293945,43.525001525878906,43.75,40.916263580322266,5855600
2024-09-05,44.08000183105469,44.099998474121094,43.51499938964844,43.630001068115234,40.80403518676758,5539200
2024-09-06,43.65999984741211,43.69499969482422,43.233001708984375,43.630001068115234,40.80403518676758,6671700
2024-09-09,43.630001068115234,44.257999420166016,43.56999969482422,44.150001525878906,41.29035186767578,5070000
2024-09-10,44.34000015258789,44.959999084472656,44.2599983215332,44.93000030517578,42.019832611083984,7884500
2024-09-11,44.529998779296875,44.869998931884766,44.0099983215332,44.810001373291016,41.90760803222656,5792200
2024-09-12,44.880001068115234,44.959999084472656,44.380001068115234,44.88999938964844,41.982418060302734,4263300
2024-09-13,45.119998931884766,45.2599983215332,44.974998474121094,45.209999084472656,42.28170394897461,3707500
2024-09-16,45.41999816894531,45.58000183105469,45.224998474121094,45.36000061035156,42.42198181152344,4130200
2024-09-17,45.380001068115234,45.5099983215332,44.85499954223633,45.0,42.08530044555664,5919400
2024-09-18,45.060001373291016,45.5099983215332,44.810001373291016,44.869998931884766,41.96371841430664,6234400
2024-09-19,45.2400016784668,45.2400016784668,44.4900016784668,44.7599983215332,41.86083984375,4552400
2024-09-20,44.5,44.724998474121094,44.400001525878906,44.68000030517578,41.7860221862793,4839800
2024-09-23,44.689998626708984,44.88999938964844,44.560001373291016,44.86000061035156,42.248435974121094,4013700
2024-09-24,44.650001525878906,45.02000045776367,44.470001220703125,44.86000061035156,42.248435974121094,4103800
2024-09-25,44.95000076293945,45.06999969482422,44.54999923706055,44.66999816894531,42.06950378417969,3457000
2024-09-26,44.689998626708984,44.720001220703125,44.06999969482422,44.22999954223633,41.65511703491211,4552700
2024-09-27,44.540000915527344,44.64500045776367,44.220001220703125,44.290000915527344,41.71162796020508,3613700
2024-09-30,44.130001068115234,44.70000076293945,44.04999923706055,44.66999816894531,42.06950378417969,4929900
2024-10-01,44.79999923706055,44.880001068115234,44.20000076293945,44.400001525878906,41.815223693847656,6453100
2024-10-02,43.95000076293945,44.275001525878906,43.93000030517578,44.2400016784668,41.66453552246094,4022000
2024-10-03,44.099998474121094,44.21500015258789,43.68000030517578,43.810001373291016,41.25956726074219,3504500
2024-10-04,43.560001373291016,43.59000015258789,43.099998474121094,43.52000045776367,40.986454010009766,5386100
2024-10-07,43.2400016784668,43.290000915527344,42.97999954223633,43.20000076293945,40.685081481933594,3793500
2024-10-08,43.380001068115234,43.4900016784668,43.1349983215332,43.33000183105469,40.80751037597656,4039700
2024-10-09,43.2400016784668,43.38600158691406,43.08000183105469,43.349998474121094,40.82633972167969,3338800
2024-10-10,43.11000061035156,43.470001220703125,42.84000015258789,42.9900016784668,40.487300872802734,3659600
2024-10-11,43.220001220703125,43.439998626708984,43.095001220703125,43.43000030517578,40.90168380737305,2312100
2024-10-14,43.31999969482422,43.790000915527344,43.209999084472656,43.72999954223633,41.18422317504883,3542900
2024-10-15,43.91999816894531,44.63999938964844,43.88999938964844,44.279998779296875,41.70220947265625,5176300
2024-10-16,44.380001068115234,44.78499984741211,44.25,44.720001220703125,42.11659622192383,3662700
2024-10-17,44.59000015258789,44.630001068115234,44.2599983215332,44.43000030517578,41.84347152709961,2934000
2024-10-18,44.52000045776367,44.75600051879883,44.345001220703125,44.7400016784668,42.13542938232422,3950800
2024-10-21,44.47999954223633,44.68000030517578,43.7599983215332,43.81999969482422,41.26898193359375,5938700
2024-10-22,43.72999954223633,44.060001373291016,43.619998931884766,43.88999938964844,41.33491134643555,4497400
2024-10-23,43.779998779296875,44.39500045776367,43.7400016784668,44.31999969482422,41.7398796081543,4849500
2024-10-24,44.36000061035156,44.689998626708984,44.34000015258789,44.41999816894531,41.83405685424805,3188600
2024-10-25,44.790000915527344,44.97999954223633,44.04999923706055,44.06999969482422,41.50442886352539,4820700
2024-10-28,44.459999084472656,44.650001525878906,44.125,44.209999084472656,41.63628005981445,3129100
2024-10-29,44.06999969482422,44.30500030517578,43.7400016784668,43.810001373291016,41.25956726074219,4557100
2024-10-30,43.849998474121094,44.290000915527344,43.790000915527344,43.970001220703125,41.41025161743164,5513800
2024-10-31,43.5,43.88999938964844,43.189998626708984,43.20000076293945,40.685081481933594,5866200
2024-11-01,43.4900016784668,43.54499816894531,42.709999084472656,42.7400016784668,40.251861572265625,6141400
2024-11-04,42.91999816894531,43.290000915527344,42.875,43.220001220703125,40.70391845703125,6509900
2024-11-05,43.11000061035156,43.81999969482422,42.875,43.810001373291016,41.25956726074219,4747500
2024-11-06,43.41999816894531,43.65999984741211,42.189998626708984,42.63999938964844,40.15768051147461,12721600
2024-11-07,42.79999923706055,43.290000915527344,42.720001220703125,43.16999816894531,40.65682601928711,10597900
2024-11-08,43.369998931884766,44.03499984741211,43.31999969482422,43.90999984741211,41.35374450683594,7348100
2024-11-11,43.849998474121094,44.060001373291016,43.4900016784668,43.529998779296875,40.995872497558594,7899300
2024-11-12,43.41999816894531,43.58000183105469,42.96500015258789,42.97999954223633,40.47788619995117,4972000
2024-11-13,43.459999084472656,43.650001525878906,43.244998931884766,43.31999969482422,40.798091888427734,5095000
2024-11-14,43.25,43.25,42.875,42.93000030517578,40.4307975769043,4860400
2024-11-15,42.72999954223633,43.058998107910156,42.60499954223633,42.97999954223633,40.47788619995117,5875700
2024-11-18,42.790000915527344,43.369998931884766,42.68000030517578,43.36000061035156,40.83576583862305,3810800
2024-11-19,43.22999954223633,43.66999816894531,43.04499816894531,43.540000915527344,41.00529098510742,3693100
2024-11-20,43.290000915527344,43.529998779296875,43.130001068115234,43.470001220703125,40.939361572265625,3198700
2024-11-21,43.5099983215332,43.904998779296875,43.31999969482422,43.7599983215332,41.21247863769531,3070100
2024-11-22,43.93000030517578,44.16999816894531,43.88999938964844,44.09000015258789,41.52326583862305,3333900
2024-11-25,44.36000061035156,44.880001068115234,44.31999969482422,44.68000030517578,42.07892608642578,4625700
2024-11-26,44.630001068115234,44.97999954223633,44.46500015258789,44.900001525878906,42.286109924316406,3183800
2024-11-27,45.11000061035156,45.481998443603516,45.099998474121094,45.209999084472656,42.578067779541016,3531500
2024-11-29,45.2400016784668,45.43000030517578,44.974998474121094,45.0,42.38028335571289,3737500
2024-12-02,44.75,44.83000183105469,44.15999984741211,44.31999969482422,41.7398796081543,4837300
2024-12-03,44.36000061035156,44.45000076293945,44.029998779296875,44.060001373291016,41.495018005371094,4164900
2024-12-04,44.060001373291016,44.09000015258789,43.689998626708984,43.939998626708984,41.381996154785156,3315800
2024-12-05,43.68000030517578,43.86000061035156,43.54999923706055,43.83000183105469,41.278404235839844,2971300
2024-12-06,43.95000076293945,44.08000183105469,43.564998626708984,43.77000045776367,41.221893310546875,3624700
2024-12-09,43.849998474121094,43.994998931884766,43.685001373291016,43.86000061035156,41.30665969848633,5211000
2024-12-10,43.790000915527344,43.790000915527344,43.01499938964844,43.150001525878906,40.63799285888672,4090500
2024-12-11,43.27000045776367,43.38999938964844,42.91999816894531,43.040000915527344,40.534393310546875,4988900
2024-12-12,42.9900016784668,43.47999954223633,42.93000030517578,43.0099983215332,40.506134033203125,3418100
2024-12-13,42.970001220703125,43.06999969482422,42.7400016784668,42.83000183105469,40.33662033081055,3833300
2024-12-16,42.849998474121094,43.13999938964844,42.59000015258789,42.61000061035156,40.12942886352539,3642900
2024-12-17,42.400001525878906,42.80500030517578,42.27000045776367,42.41999816894531,39.95048904418945,5319100
2024-12-18,42.279998779296875,42.4900016784668,40.709999084472656,40.7599983215332,38.38713073730469,9802600
2024-12-19,40.79999923706055,41.09000015258789,40.0099983215332,40.060001373291016,37.72787094116211,8386500
2024-12-20,40.25,41.220001220703125,40.150001525878906,40.790000915527344,38.415382385253906,9792600
2024-12-23,40.209999084472656,40.599998474121094,40.08000183105469,40.540000915527344,38.59053039550781,6917200
2024-12-24,40.38999938964844,40.84000015258789,40.36000061035156,40.810001373291016,38.84754943847656,2812100
2024-12-26,40.70000076293945,40.939998626708984,40.5,40.869998931884766,38.904659271240234,4044800
2024-12-27,40.630001068115234,40.9900016784668,40.400001525878906,40.540000915527344,38.59053039550781,4588800
2024-12-30,40.43000030517578,40.45000076293945,39.92499923706055,40.349998474121094,38.409664154052734,4493500
2024-12-31,40.66999816894531,40.75,40.279998779296875,40.66999816894531,38.71427536010742,7590600
